food_id,alias,source_url,data_status,notes
FC000001,"Rice, well-milled, boiled",https://i.fnri.dost.gov.ph/fct/library/report/2982,SEARCH_ALIAS_REVIEWED,Search aid only; food identity and preparation must still match.
FC000001,Kanin,https://i.fnri.dost.gov.ph/fct/library/report/2982,SEARCH_ALIAS_REVIEWED,Search aid only; food identity and preparation must still match.
FC000001,sinaing,https://i.fnri.dost.gov.ph/fct/library/report/2982,SEARCH_ALIAS_REVIEWED,Search aid only; food identity and preparation must still match.
FC000001,white rice,https://i.fnri.dost.gov.ph/fct/library/report/2982,SEARCH_ALIAS_REVIEWED,Search aid only; food identity and preparation must still match.
FC000001,"Bigas, maputi, sinaing",https://i.fnri.dost.gov.ph/fct/library/report/2982,SEARCH_ALIAS_REVIEWED,Search aid only; food identity and preparation must still match.
FC000002,"Rice, well-milled, fried",https://i.fnri.dost.gov.ph/fct/library/report/2983,SEARCH_ALIAS_REVIEWED,Search aid only; food identity and preparation must still match.
FC000002,Sinangag,https://i.fnri.dost.gov.ph/fct/library/report/2983,SEARCH_ALIAS_REVIEWED,Search aid only; food identity and preparation must still match.
FC000002,garlic rice,https://i.fnri.dost.gov.ph/fct/library/report/2983,SEARCH_ALIAS_REVIEWED,Search aid only; food identity and preparation must still match.
FC000002,"Bigas, maputi, sinangag",https://i.fnri.dost.gov.ph/fct/library/report/2983,SEARCH_ALIAS_REVIEWED,Search aid only; food identity and preparation must still match.
FC000003,"Rice, undermilled",https://i.fnri.dost.gov.ph/fct/library/report/2976,SEARCH_ALIAS_REVIEWED,Search aid only; food identity and preparation must still match.
FC000003,Brown rice,https://i.fnri.dost.gov.ph/fct/library/report/2976,SEARCH_ALIAS_REVIEWED,Search aid only; food identity and preparation must still match.
FC000003,pinawa,https://i.fnri.dost.gov.ph/fct/library/report/2976,SEARCH_ALIAS_REVIEWED,Search aid only; food identity and preparation must still match.
FC000004,"Rice, glutinous",https://i.fnri.dost.gov.ph/fct/library/report/2974,SEARCH_ALIAS_REVIEWED,Search aid only; food identity and preparation must still match.
FC000004,Malagkit,https://i.fnri.dost.gov.ph/fct/library/report/2974,SEARCH_ALIAS_REVIEWED,Search aid only; food identity and preparation must still match.
FC000004,"Rice, milled, glutinous",https://i.fnri.dost.gov.ph/fct/library/report/2974,SEARCH_ALIAS_REVIEWED,Search aid only; food identity and preparation must still match.
FC000004,"Bigas, malagkit",https://i.fnri.dost.gov.ph/fct/library/report/2974,SEARCH_ALIAS_REVIEWED,Search aid only; food identity and preparation must still match.
FC000005,"Corn on cob, yellow, boiled",https://i.fnri.dost.gov.ph/fct/library/report/2967,SEARCH_ALIAS_REVIEWED,Search aid only; food identity and preparation must still match.
FC000005,Nilagang mais,https://i.fnri.dost.gov.ph/fct/library/report/2967,SEARCH_ALIAS_REVIEWED,Search aid only; food identity and preparation must still match.
FC000005,"Mais sa busal, dilaw, nilaga",https://i.fnri.dost.gov.ph/fct/library/report/2967,SEARCH_ALIAS_REVIEWED,Search aid only; food identity and preparation must still match.
FC000006,"Bread, pan de sal",https://i.fnri.dost.gov.ph/fct/library/report/3004,SEARCH_ALIAS_REVIEWED,Search aid only; food identity and preparation must still match.
FC000006,Pandesal,https://i.fnri.dost.gov.ph/fct/library/report/3004,SEARCH_ALIAS_REVIEWED,Search aid only; food identity and preparation must still match.
FC000006,pan de sal,https://i.fnri.dost.gov.ph/fct/library/report/3004,SEARCH_ALIAS_REVIEWED,Search aid only; food identity and preparation must still match.
FC000007,"Bread, pan de monay",https://i.fnri.dost.gov.ph/fct/library/report/3003,SEARCH_ALIAS_REVIEWED,Search aid only; food identity and preparation must still match.
FC000007,Monay,https://i.fnri.dost.gov.ph/fct/library/report/3003,SEARCH_ALIAS_REVIEWED,Search aid only; food identity and preparation must still match.
FC000008,"Bread, sweet roll",https://i.fnri.dost.gov.ph/fct/library/report/3007,SEARCH_ALIAS_REVIEWED,Search aid only; food identity and preparation must still match.
FC000008,Ensaymada,https://i.fnri.dost.gov.ph/fct/library/report/3007,SEARCH_ALIAS_REVIEWED,Search aid only; food identity and preparation must still match.
FC000009,"Bread, pan de coco",https://i.fnri.dost.gov.ph/fct/library/report/3000,SEARCH_ALIAS_REVIEWED,Search aid only; food identity and preparation must still match.
FC000009,Pan de coco,https://i.fnri.dost.gov.ph/fct/library/report/3000,SEARCH_ALIAS_REVIEWED,Search aid only; food identity and preparation must still match.
FC000010,"Bread, white loaf",https://i.fnri.dost.gov.ph/fct/library/report/3010,SEARCH_ALIAS_REVIEWED,Search aid only; food identity and preparation must still match.
FC000010,Loaf bread,https://i.fnri.dost.gov.ph/fct/library/report/3010,SEARCH_ALIAS_REVIEWED,Search aid only; food identity and preparation must still match.
FC000010,tasty bread,https://i.fnri.dost.gov.ph/fct/library/report/3010,SEARCH_ALIAS_REVIEWED,Search aid only; food identity and preparation must still match.
FC000010,pan Amerikano,https://i.fnri.dost.gov.ph/fct/library/report/3010,SEARCH_ALIAS_REVIEWED,Search aid only; food identity and preparation must still match.
FC000010,"Bread, white, loaf",https://i.fnri.dost.gov.ph/fct/library/report/3010,SEARCH_ALIAS_REVIEWED,Search aid only; food identity and preparation must still match.
FC000010,American loaf,https://i.fnri.dost.gov.ph/fct/library/report/3010,SEARCH_ALIAS_REVIEWED,Search aid only; food identity and preparation must still match.
FC000011,"Bread, toasted",https://i.fnri.dost.gov.ph/fct/library/report/3009,SEARCH_ALIAS_REVIEWED,Search aid only; food identity and preparation must still match.
FC000011,Toast,https://i.fnri.dost.gov.ph/fct/library/report/3009,SEARCH_ALIAS_REVIEWED,Search aid only; food identity and preparation must still match.
FC000011,tinapay tostado,https://i.fnri.dost.gov.ph/fct/library/report/3009,SEARCH_ALIAS_REVIEWED,Search aid only; food identity and preparation must still match.
FC000011,"Tinapay, tostado",https://i.fnri.dost.gov.ph/fct/library/report/3009,SEARCH_ALIAS_REVIEWED,Search aid only; food identity and preparation must still match.
FC000012,"Bread, Spanish bread",https://i.fnri.dost.gov.ph/fct/library/report/2992,SEARCH_ALIAS_REVIEWED,Search aid only; food identity and preparation must still match.
FC000012,Spanish bread,https://i.fnri.dost.gov.ph/fct/library/report/2992,SEARCH_ALIAS_REVIEWED,Search aid only; food identity and preparation must still match.
FC000012,"Bread, w/ margarine & sugar filling",https://i.fnri.dost.gov.ph/fct/library/report/2992,SEARCH_ALIAS_REVIEWED,Search aid only; food identity and preparation must still match.
FC000013,"Cake, mamon",https://i.fnri.dost.gov.ph/fct/library/report/3022,SEARCH_ALIAS_REVIEWED,Search aid only; food identity and preparation must still match.
FC000013,Mamon,https://i.fnri.dost.gov.ph/fct/library/report/3022,SEARCH_ALIAS_REVIEWED,Search aid only; food identity and preparation must still match.
FC000014,"Rice noodles, cooked",https://i.fnri.dost.gov.ph/fct/library/report/3100,SEARCH_ALIAS_REVIEWED,Search aid only; food identity and preparation must still match.
FC000014,Bihon,https://i.fnri.dost.gov.ph/fct/library/report/3100,SEARCH_ALIAS_REVIEWED,Search aid only; food identity and preparation must still match.
FC000014,pancit bihon noodles,https://i.fnri.dost.gov.ph/fct/library/report/3100,SEARCH_ALIAS_REVIEWED,Search aid only; food identity and preparation must still match.
FC000014,"Noodles, rice, boiled",https://i.fnri.dost.gov.ph/fct/library/report/3100,SEARCH_ALIAS_REVIEWED,Search aid only; food identity and preparation must still match.
FC000014,"Bihon, nilaga",https://i.fnri.dost.gov.ph/fct/library/report/3100,SEARCH_ALIAS_REVIEWED,Search aid only; food identity and preparation must still match.
FC000015,"Egg noodles, cooked",https://i.fnri.dost.gov.ph/fct/library,SEARCH_ALIAS_REVIEWED,Search aid only; food identity and preparation must still match.
FC000015,Pancit canton noodles,https://i.fnri.dost.gov.ph/fct/library,SEARCH_ALIAS_REVIEWED,Search aid only; food identity and preparation must still match.
FC000015,canton,https://i.fnri.dost.gov.ph/fct/library,SEARCH_ALIAS_REVIEWED,Search aid only; food identity and preparation must still match.
FC000016,"Egg, chicken, whole, boiled",https://i.fnri.dost.gov.ph/fct/library/report/4216,SEARCH_ALIAS_REVIEWED,Search aid only; food identity and preparation must still match.
FC000016,Boiled egg,https://i.fnri.dost.gov.ph/fct/library/report/4216,SEARCH_ALIAS_REVIEWED,Search aid only; food identity and preparation must still match.
FC000016,nilagang itlog,https://i.fnri.dost.gov.ph/fct/library/report/4216,SEARCH_ALIAS_REVIEWED,Search aid only; food identity and preparation must still match.
FC000016,"Itlog, manok, buo, nilaga",https://i.fnri.dost.gov.ph/fct/library/report/4216,SEARCH_ALIAS_REVIEWED,Search aid only; food identity and preparation must still match.
FC000017,"Egg, chicken, whole",https://i.fnri.dost.gov.ph/fct/library/report/4215,SEARCH_ALIAS_REVIEWED,Search aid only; food identity and preparation must still match.
FC000017,Itlog,https://i.fnri.dost.gov.ph/fct/library/report/4215,SEARCH_ALIAS_REVIEWED,Search aid only; food identity and preparation must still match.
FC000017,whole egg,https://i.fnri.dost.gov.ph/fct/library/report/4215,SEARCH_ALIAS_REVIEWED,Search aid only; food identity and preparation must still match.
FC000017,"Itlog, manok, buo",https://i.fnri.dost.gov.ph/fct/library/report/4215,SEARCH_ALIAS_REVIEWED,Search aid only; food identity and preparation must still match.
FC000018,"Egg, duck, whole",https://i.fnri.dost.gov.ph/fct/library/report/4219,SEARCH_ALIAS_REVIEWED,Search aid only; food identity and preparation must still match.
FC000018,Itlog na pato,https://i.fnri.dost.gov.ph/fct/library/report/4219,SEARCH_ALIAS_REVIEWED,Search aid only; food identity and preparation must still match.
FC000018,"Itlog, pato, buo",https://i.fnri.dost.gov.ph/fct/library/report/4219,SEARCH_ALIAS_REVIEWED,Search aid only; food identity and preparation must still match.
FC000019,"Soybean cheese, hard curd",https://i.fnri.dost.gov.ph/fct/library/report/3274,SEARCH_ALIAS_REVIEWED,Search aid only; food identity and preparation must still match.
FC000019,Tokwa,https://i.fnri.dost.gov.ph/fct/library/report/3274,SEARCH_ALIAS_REVIEWED,Search aid only; food identity and preparation must still match.
FC000019,tofu,https://i.fnri.dost.gov.ph/fct/library/report/3274,SEARCH_ALIAS_REVIEWED,Search aid only; food identity and preparation must still match.
FC000020,"Soybean cheese, soft curd",https://i.fnri.dost.gov.ph/fct/library/report/3273,SEARCH_ALIAS_REVIEWED,Search aid only; food identity and preparation must still match.
FC000020,Soft tofu,https://i.fnri.dost.gov.ph/fct/library/report/3273,SEARCH_ALIAS_REVIEWED,Search aid only; food identity and preparation must still match.
FC000020,Tofu,https://i.fnri.dost.gov.ph/fct/library/report/3273,SEARCH_ALIAS_REVIEWED,Search aid only; food identity and preparation must still match.
FC000021,"Mung bean seed, green, dried, boiled",https://i.fnri.dost.gov.ph/fct/library/report/3238,SEARCH_ALIAS_REVIEWED,Search aid only; food identity and preparation must still match.
FC000021,Munggo,https://i.fnri.dost.gov.ph/fct/library/report/3238,SEARCH_ALIAS_REVIEWED,Search aid only; food identity and preparation must still match.
FC000021,monggo,https://i.fnri.dost.gov.ph/fct/library/report/3238,SEARCH_ALIAS_REVIEWED,Search aid only; food identity and preparation must still match.
FC000021,boiled mung beans,https://i.fnri.dost.gov.ph/fct/library/report/3238,SEARCH_ALIAS_REVIEWED,Search aid only; food identity and preparation must still match.
FC000021,"Munggo buto, berde, tuyo, nilaga",https://i.fnri.dost.gov.ph/fct/library/report/3238,SEARCH_ALIAS_REVIEWED,Search aid only; food identity and preparation must still match.
FC000022,"Peanut, roasted",https://i.fnri.dost.gov.ph/fct/library/report/3248,SEARCH_ALIAS_REVIEWED,Search aid only; food identity and preparation must still match.
FC000022,Mani,https://i.fnri.dost.gov.ph/fct/library/report/3248,SEARCH_ALIAS_REVIEWED,Search aid only; food identity and preparation must still match.
FC000022,roasted peanuts,https://i.fnri.dost.gov.ph/fct/library/report/3248,SEARCH_ALIAS_REVIEWED,Search aid only; food identity and preparation must still match.
FC000022,"Peanut w/o skin, roasted",https://i.fnri.dost.gov.ph/fct/library/report/3248,SEARCH_ALIAS_REVIEWED,Search aid only; food identity and preparation must still match.
FC000022,"Mani, walang balok, binusa",https://i.fnri.dost.gov.ph/fct/library/report/3248,SEARCH_ALIAS_REVIEWED,Search aid only; food identity and preparation must still match.
FC000023,Pili nut,https://i.fnri.dost.gov.ph/fct/library/report/3251,SEARCH_ALIAS_REVIEWED,Search aid only; food identity and preparation must still match.
FC000023,Pili,https://i.fnri.dost.gov.ph/fct/library/report/3251,SEARCH_ALIAS_REVIEWED,Search aid only; food identity and preparation must still match.
FC000023,Pili bunga,https://i.fnri.dost.gov.ph/fct/library/report/3251,SEARCH_ALIAS_REVIEWED,Search aid only; food identity and preparation must still match.
FC000024,Chicken breast,https://i.fnri.dost.gov.ph/fct/library/report/3800,SEARCH_ALIAS_REVIEWED,Search aid only; food identity and preparation must still match.
FC000024,Manok pitso,https://i.fnri.dost.gov.ph/fct/library/report/3800,SEARCH_ALIAS_REVIEWED,Search aid only; food identity and preparation must still match.
FC000025,Chicken thigh,https://i.fnri.dost.gov.ph/fct/library/report/3814,SEARCH_ALIAS_REVIEWED,Search aid only; food identity and preparation must still match.
FC000025,Manok hita,https://i.fnri.dost.gov.ph/fct/library/report/3814,SEARCH_ALIAS_REVIEWED,Search aid only; food identity and preparation must still match.
FC000026,Chicken leg/drumstick,https://i.fnri.dost.gov.ph/fct/library/report/3809,SEARCH_ALIAS_REVIEWED,Search aid only; food identity and preparation must still match.
FC000026,Manok binti,https://i.fnri.dost.gov.ph/fct/library/report/3809,SEARCH_ALIAS_REVIEWED,Search aid only; food identity and preparation must still match.
FC000026,drumstick,https://i.fnri.dost.gov.ph/fct/library/report/3809,SEARCH_ALIAS_REVIEWED,Search aid only; food identity and preparation must still match.
FC000027,Chicken wing,https://i.fnri.dost.gov.ph/fct/library/report/3816,SEARCH_ALIAS_REVIEWED,Search aid only; food identity and preparation must still match.
FC000027,Manok pakpak,https://i.fnri.dost.gov.ph/fct/library/report/3816,SEARCH_ALIAS_REVIEWED,Search aid only; food identity and preparation must still match.
FC000028,Chicken liver,https://i.fnri.dost.gov.ph/fct/library/report/3810,SEARCH_ALIAS_REVIEWED,Search aid only; food identity and preparation must still match.
FC000028,Atay ng manok,https://i.fnri.dost.gov.ph/fct/library/report/3810,SEARCH_ALIAS_REVIEWED,Search aid only; food identity and preparation must still match.
FC000028,Manok atay,https://i.fnri.dost.gov.ph/fct/library/report/3810,SEARCH_ALIAS_REVIEWED,Search aid only; food identity and preparation must still match.
FC000029,"Chicken, whole meat",https://i.fnri.dost.gov.ph/fct/library,SEARCH_ALIAS_REVIEWED,Search aid only; food identity and preparation must still match.
FC000029,Manok,https://i.fnri.dost.gov.ph/fct/library,SEARCH_ALIAS_REVIEWED,Search aid only; food identity and preparation must still match.
FC000029,chicken meat,https://i.fnri.dost.gov.ph/fct/library,SEARCH_ALIAS_REVIEWED,Search aid only; food identity and preparation must still match.
FC000030,Beef lean meat,https://i.fnri.dost.gov.ph/fct/library/report/3722,SEARCH_ALIAS_REVIEWED,Search aid only; food identity and preparation must still match.
FC000030,Baka laman,https://i.fnri.dost.gov.ph/fct/library/report/3722,SEARCH_ALIAS_REVIEWED,Search aid only; food identity and preparation must still match.
FC000030,lean beef,https://i.fnri.dost.gov.ph/fct/library/report/3722,SEARCH_ALIAS_REVIEWED,Search aid only; food identity and preparation must still match.
FC000031,"Beef lean meat, boiled",https://i.fnri.dost.gov.ph/fct/library/report/3723,SEARCH_ALIAS_REVIEWED,Search aid only; food identity and preparation must still match.
FC000031,Nilagang baka,https://i.fnri.dost.gov.ph/fct/library/report/3723,SEARCH_ALIAS_REVIEWED,Search aid only; food identity and preparation must still match.
FC000031,boiled beef,https://i.fnri.dost.gov.ph/fct/library/report/3723,SEARCH_ALIAS_REVIEWED,Search aid only; food identity and preparation must still match.
FC000031,"Baka laman, nilaga",https://i.fnri.dost.gov.ph/fct/library/report/3723,SEARCH_ALIAS_REVIEWED,Search aid only; food identity and preparation must still match.
FC000032,"Beef lean meat, fried",https://i.fnri.dost.gov.ph/fct/library/report/3725,SEARCH_ALIAS_REVIEWED,Search aid only; food identity and preparation must still match.
FC000032,Pritong baka,https://i.fnri.dost.gov.ph/fct/library/report/3725,SEARCH_ALIAS_REVIEWED,Search aid only; food identity and preparation must still match.
FC000032,fried beef,https://i.fnri.dost.gov.ph/fct/library/report/3725,SEARCH_ALIAS_REVIEWED,Search aid only; food identity and preparation must still match.
FC000032,"Baka laman, prito",https://i.fnri.dost.gov.ph/fct/library/report/3725,SEARCH_ALIAS_REVIEWED,Search aid only; food identity and preparation must still match.
FC000033,Beef liver,https://i.fnri.dost.gov.ph/fct/library/report/3726,SEARCH_ALIAS_REVIEWED,Search aid only; food identity and preparation must still match.
FC000033,Atay ng baka,https://i.fnri.dost.gov.ph/fct/library/report/3726,SEARCH_ALIAS_REVIEWED,Search aid only; food identity and preparation must still match.
FC000033,Baka atay,https://i.fnri.dost.gov.ph/fct/library/report/3726,SEARCH_ALIAS_REVIEWED,Search aid only; food identity and preparation must still match.
FC000034,Ground beef,https://i.fnri.dost.gov.ph/fct/library,SEARCH_ALIAS_REVIEWED,Search aid only; food identity and preparation must still match.
FC000034,Giniling na baka,https://i.fnri.dost.gov.ph/fct/library,SEARCH_ALIAS_REVIEWED,Search aid only; food identity and preparation must still match.
FC000035,Pork belly,https://i.fnri.dost.gov.ph/fct/library/report/3854,SEARCH_ALIAS_REVIEWED,Search aid only; food identity and preparation must still match.
FC000035,Baboy liempo,https://i.fnri.dost.gov.ph/fct/library/report/3854,SEARCH_ALIAS_REVIEWED,Search aid only; food identity and preparation must still match.
FC000035,liempo,https://i.fnri.dost.gov.ph/fct/library/report/3854,SEARCH_ALIAS_REVIEWED,Search aid only; food identity and preparation must still match.
FC000036,"Pork belly, broiled",https://i.fnri.dost.gov.ph/fct/library/report/3855,SEARCH_ALIAS_REVIEWED,Search aid only; food identity and preparation must still match.
FC000036,Inihaw na liempo,https://i.fnri.dost.gov.ph/fct/library/report/3855,SEARCH_ALIAS_REVIEWED,Search aid only; food identity and preparation must still match.
FC000036,"Baboy liempo, inihaw",https://i.fnri.dost.gov.ph/fct/library/report/3855,SEARCH_ALIAS_REVIEWED,Search aid only; food identity and preparation must still match.
FC000037,"Pork belly, fried",https://i.fnri.dost.gov.ph/fct/library/report/3856,SEARCH_ALIAS_REVIEWED,Search aid only; food identity and preparation must still match.
FC000037,Pritong liempo,https://i.fnri.dost.gov.ph/fct/library/report/3856,SEARCH_ALIAS_REVIEWED,Search aid only; food identity and preparation must still match.
FC000037,"Baboy liempo, prito",https://i.fnri.dost.gov.ph/fct/library/report/3856,SEARCH_ALIAS_REVIEWED,Search aid only; food identity and preparation must still match.
FC000038,Pork Boston butt / shoulder,https://i.fnri.dost.gov.ph/fct/library/report/3860,SEARCH_ALIAS_REVIEWED,Search aid only; food identity and preparation must still match.
FC000038,Pork kasim,https://i.fnri.dost.gov.ph/fct/library/report/3860,SEARCH_ALIAS_REVIEWED,Search aid only; food identity and preparation must still match.
FC000038,baboy paypay,https://i.fnri.dost.gov.ph/fct/library/report/3860,SEARCH_ALIAS_REVIEWED,Search aid only; food identity and preparation must still match.
FC000038,Pork Boston butt,https://i.fnri.dost.gov.ph/fct/library/report/3860,SEARCH_ALIAS_REVIEWED,Search aid only; food identity and preparation must still match.
FC000039,Pork lean meat,https://i.fnri.dost.gov.ph/fct/library,SEARCH_ALIAS_REVIEWED,Search aid only; food identity and preparation must still match.
FC000039,Laman ng baboy,https://i.fnri.dost.gov.ph/fct/library,SEARCH_ALIAS_REVIEWED,Search aid only; food identity and preparation must still match.
FC000039,lean pork,https://i.fnri.dost.gov.ph/fct/library,SEARCH_ALIAS_REVIEWED,Search aid only; food identity and preparation must still match.
FC000040,Ground pork,https://i.fnri.dost.gov.ph/fct/library,SEARCH_ALIAS_REVIEWED,Search aid only; food identity and preparation must still match.
FC000040,Giniling na baboy,https://i.fnri.dost.gov.ph/fct/library,SEARCH_ALIAS_REVIEWED,Search aid only; food identity and preparation must still match.
FC000041,Pork liver,https://i.fnri.dost.gov.ph/fct/library/report/3881,SEARCH_ALIAS_REVIEWED,Search aid only; food identity and preparation must still match.
FC000041,Atay ng baboy,https://i.fnri.dost.gov.ph/fct/library/report/3881,SEARCH_ALIAS_REVIEWED,Search aid only; food identity and preparation must still match.
FC000041,Baboy atay,https://i.fnri.dost.gov.ph/fct/library/report/3881,SEARCH_ALIAS_REVIEWED,Search aid only; food identity and preparation must still match.
FC000042,Pork skin,https://i.fnri.dost.gov.ph/fct/library/report/3888,SEARCH_ALIAS_REVIEWED,Search aid only; food identity and preparation must still match.
FC000042,Balat ng baboy,https://i.fnri.dost.gov.ph/fct/library/report/3888,SEARCH_ALIAS_REVIEWED,Search aid only; food identity and preparation must still match.
FC000042,Baboy balat,https://i.fnri.dost.gov.ph/fct/library/report/3888,SEARCH_ALIAS_REVIEWED,Search aid only; food identity and preparation must still match.
FC000043,Longganisa,https://i.fnri.dost.gov.ph/fct/library,SEARCH_ALIAS_REVIEWED,Search aid only; food identity and preparation must still match.
FC000043,Filipino sausage,https://i.fnri.dost.gov.ph/fct/library,SEARCH_ALIAS_REVIEWED,Search aid only; food identity and preparation must still match.
FC000043,longanisa,https://i.fnri.dost.gov.ph/fct/library,SEARCH_ALIAS_REVIEWED,Search aid only; food identity and preparation must still match.
FC000044,Tocino,https://i.fnri.dost.gov.ph/fct/library/report/3952,SEARCH_ALIAS_REVIEWED,Search aid only; food identity and preparation must still match.
FC000044,Pork tocino,https://i.fnri.dost.gov.ph/fct/library/report/3952,SEARCH_ALIAS_REVIEWED,Search aid only; food identity and preparation must still match.
FC000044,"Pork, sweet cured",https://i.fnri.dost.gov.ph/fct/library/report/3952,SEARCH_ALIAS_REVIEWED,Search aid only; food identity and preparation must still match.
FC000044,"Tocino, baboy",https://i.fnri.dost.gov.ph/fct/library/report/3952,SEARCH_ALIAS_REVIEWED,Search aid only; food identity and preparation must still match.
FC000045,Beef tapa,https://i.fnri.dost.gov.ph/fct/library/report/3922,SEARCH_ALIAS_REVIEWED,Search aid only; food identity and preparation must still match.
FC000045,Tapa,https://i.fnri.dost.gov.ph/fct/library/report/3922,SEARCH_ALIAS_REVIEWED,Search aid only; food identity and preparation must still match.
FC000045,Beef jerky,https://i.fnri.dost.gov.ph/fct/library/report/3922,SEARCH_ALIAS_REVIEWED,Search aid only; food identity and preparation must still match.
FC000045,"Tapa, baka",https://i.fnri.dost.gov.ph/fct/library/report/3922,SEARCH_ALIAS_REVIEWED,Search aid only; food identity and preparation must still match.
FC000046,Milkfish,https://i.fnri.dost.gov.ph/fct/library/report/4054,SEARCH_ALIAS_REVIEWED,Search aid only; food identity and preparation must still match.
FC000046,Bangus,https://i.fnri.dost.gov.ph/fct/library/report/4054,SEARCH_ALIAS_REVIEWED,Search aid only; food identity and preparation must still match.
FC000047,"Milkfish, broiled",https://i.fnri.dost.gov.ph/fct/library/report/4055,SEARCH_ALIAS_REVIEWED,Search aid only; food identity and preparation must still match.
FC000047,Inihaw na bangus,https://i.fnri.dost.gov.ph/fct/library/report/4055,SEARCH_ALIAS_REVIEWED,Search aid only; food identity and preparation must still match.
FC000047,"Bangus, inihaw",https://i.fnri.dost.gov.ph/fct/library/report/4055,SEARCH_ALIAS_REVIEWED,Search aid only; food identity and preparation must still match.
FC000048,"Milkfish, dried",https://i.fnri.dost.gov.ph/fct/library/report/4160,SEARCH_ALIAS_REVIEWED,Search aid only; food identity and preparation must still match.
FC000048,Daing na bangus,https://i.fnri.dost.gov.ph/fct/library/report/4160,SEARCH_ALIAS_REVIEWED,Search aid only; food identity and preparation must still match.
FC000048,"Bangus, daing",https://i.fnri.dost.gov.ph/fct/library/report/4160,SEARCH_ALIAS_REVIEWED,Search aid only; food identity and preparation must still match.
FC000049,Tilapia,https://i.fnri.dost.gov.ph/fct/library/report/4125,SEARCH_ALIAS_REVIEWED,Search aid only; food identity and preparation must still match.
FC000050,Round scad,https://i.fnri.dost.gov.ph/fct/library/report/4085,SEARCH_ALIAS_REVIEWED,Search aid only; food identity and preparation must still match.
FC000050,Galunggong,https://i.fnri.dost.gov.ph/fct/library/report/4085,SEARCH_ALIAS_REVIEWED,Search aid only; food identity and preparation must still match.
FC000050,"Scad, round",https://i.fnri.dost.gov.ph/fct/library/report/4085,SEARCH_ALIAS_REVIEWED,Search aid only; food identity and preparation must still match.
FC000051,Indian mackerel,https://i.fnri.dost.gov.ph/fct/library/report/4053,SEARCH_ALIAS_REVIEWED,Search aid only; food identity and preparation must still match.
FC000051,Alumahan,https://i.fnri.dost.gov.ph/fct/library/report/4053,SEARCH_ALIAS_REVIEWED,Search aid only; food identity and preparation must still match.
FC000051,"Mackerel, Indian",https://i.fnri.dost.gov.ph/fct/library/report/4053,SEARCH_ALIAS_REVIEWED,Search aid only; food identity and preparation must still match.
FC000052,Skipjack tuna,https://i.fnri.dost.gov.ph/fct/library,SEARCH_ALIAS_REVIEWED,Search aid only; food identity and preparation must still match.
FC000052,Skipjack,https://i.fnri.dost.gov.ph/fct/library,SEARCH_ALIAS_REVIEWED,Search aid only; food identity and preparation must still match.
FC000053,Yellowfin tuna,https://i.fnri.dost.gov.ph/fct/library/report/4127,SEARCH_ALIAS_REVIEWED,Search aid only; food identity and preparation must still match.
FC000053,Tambakol,https://i.fnri.dost.gov.ph/fct/library/report/4127,SEARCH_ALIAS_REVIEWED,Search aid only; food identity and preparation must still match.
FC000053,tuna,https://i.fnri.dost.gov.ph/fct/library/report/4127,SEARCH_ALIAS_REVIEWED,Search aid only; food identity and preparation must still match.
FC000053,"Tuna, yellow-fin",https://i.fnri.dost.gov.ph/fct/library/report/4127,SEARCH_ALIAS_REVIEWED,Search aid only; food identity and preparation must still match.
FC000054,Sardines,https://i.fnri.dost.gov.ph/fct/library,SEARCH_ALIAS_REVIEWED,Search aid only; food identity and preparation must still match.
FC000054,Sardinas,https://i.fnri.dost.gov.ph/fct/library,SEARCH_ALIAS_REVIEWED,Search aid only; food identity and preparation must still match.
FC000055,"Anchovy, dried",https://i.fnri.dost.gov.ph/fct/library/report/4130,SEARCH_ALIAS_REVIEWED,Search aid only; food identity and preparation must still match.
FC000055,Dilis,https://i.fnri.dost.gov.ph/fct/library/report/4130,SEARCH_ALIAS_REVIEWED,Search aid only; food identity and preparation must still match.
FC000055,dried anchovy,https://i.fnri.dost.gov.ph/fct/library/report/4130,SEARCH_ALIAS_REVIEWED,Search aid only; food identity and preparation must still match.
FC000055,"Anchovy, long-jawed, dried",https://i.fnri.dost.gov.ph/fct/library/report/4130,SEARCH_ALIAS_REVIEWED,Search aid only; food identity and preparation must still match.
FC000055,"Dilis, tuyo",https://i.fnri.dost.gov.ph/fct/library/report/4130,SEARCH_ALIAS_REVIEWED,Search aid only; food identity and preparation must still match.
FC000056,"Herring, dried",https://i.fnri.dost.gov.ph/fct/library,SEARCH_ALIAS_REVIEWED,Search aid only; food identity and preparation must still match.
FC000056,Tuyo,https://i.fnri.dost.gov.ph/fct/library,SEARCH_ALIAS_REVIEWED,Search aid only; food identity and preparation must still match.
FC000057,Shrimp,https://i.fnri.dost.gov.ph/fct/library,SEARCH_ALIAS_REVIEWED,Search aid only; food identity and preparation must still match.
FC000057,Hipon,https://i.fnri.dost.gov.ph/fct/library,SEARCH_ALIAS_REVIEWED,Search aid only; food identity and preparation must still match.
FC000058,Squid,https://i.fnri.dost.gov.ph/fct/library/report/4111,SEARCH_ALIAS_REVIEWED,Search aid only; food identity and preparation must still match.
FC000058,Pusit,https://i.fnri.dost.gov.ph/fct/library/report/4111,SEARCH_ALIAS_REVIEWED,Search aid only; food identity and preparation must still match.
FC000059,Crab,https://i.fnri.dost.gov.ph/fct/library,SEARCH_ALIAS_REVIEWED,Search aid only; food identity and preparation must still match.
FC000059,Alimango,https://i.fnri.dost.gov.ph/fct/library,SEARCH_ALIAS_REVIEWED,Search aid only; food identity and preparation must still match.
FC000059,alimasag,https://i.fnri.dost.gov.ph/fct/library,SEARCH_ALIAS_REVIEWED,Search aid only; food identity and preparation must still match.
FC000060,Mussels,https://i.fnri.dost.gov.ph/fct/library/report/4065,SEARCH_ALIAS_REVIEWED,Search aid only; food identity and preparation must still match.
FC000060,Tahong,https://i.fnri.dost.gov.ph/fct/library/report/4065,SEARCH_ALIAS_REVIEWED,Search aid only; food identity and preparation must still match.
FC000060,"Mussel, green",https://i.fnri.dost.gov.ph/fct/library/report/4065,SEARCH_ALIAS_REVIEWED,Search aid only; food identity and preparation must still match.
FC000061,Tomato,https://i.fnri.dost.gov.ph/fct/library/report/3536,SEARCH_ALIAS_REVIEWED,Search aid only; food identity and preparation must still match.
FC000061,Kamatis,https://i.fnri.dost.gov.ph/fct/library/report/3536,SEARCH_ALIAS_REVIEWED,Search aid only; food identity and preparation must still match.
FC000062,Eggplant,https://i.fnri.dost.gov.ph/fct/library/report/3352,SEARCH_ALIAS_REVIEWED,Search aid only; food identity and preparation must still match.
FC000062,Talong,https://i.fnri.dost.gov.ph/fct/library/report/3352,SEARCH_ALIAS_REVIEWED,Search aid only; food identity and preparation must still match.
FC000062,Aubergine,https://i.fnri.dost.gov.ph/fct/library/report/3352,SEARCH_ALIAS_REVIEWED,Search aid only; food identity and preparation must still match.
FC000063,Bitter melon/gourd fruit,https://i.fnri.dost.gov.ph/fct/library/report/3297,SEARCH_ALIAS_REVIEWED,Search aid only; food identity and preparation must still match.
FC000063,Ampalaya,https://i.fnri.dost.gov.ph/fct/library/report/3297,SEARCH_ALIAS_REVIEWED,Search aid only; food identity and preparation must still match.
FC000063,Ampalaya bunga,https://i.fnri.dost.gov.ph/fct/library/report/3297,SEARCH_ALIAS_REVIEWED,Search aid only; food identity and preparation must still match.
FC000064,Squash fruit,https://i.fnri.dost.gov.ph/fct/library/report/3504,SEARCH_ALIAS_REVIEWED,Search aid only; food identity and preparation must still match.
FC000064,Kalabasa,https://i.fnri.dost.gov.ph/fct/library/report/3504,SEARCH_ALIAS_REVIEWED,Search aid only; food identity and preparation must still match.
FC000064,Kalabasa bunga,https://i.fnri.dost.gov.ph/fct/library/report/3504,SEARCH_ALIAS_REVIEWED,Search aid only; food identity and preparation must still match.
FC000065,Chinese cabbage,https://i.fnri.dost.gov.ph/fct/library/report/3333,SEARCH_ALIAS_REVIEWED,Search aid only; food identity and preparation must still match.
FC000065,Pechay Baguio,https://i.fnri.dost.gov.ph/fct/library/report/3333,SEARCH_ALIAS_REVIEWED,Search aid only; food identity and preparation must still match.
FC000065,napa cabbage,https://i.fnri.dost.gov.ph/fct/library/report/3333,SEARCH_ALIAS_REVIEWED,Search aid only; food identity and preparation must still match.
FC000066,Bok choy / pechay,https://i.fnri.dost.gov.ph/fct/library,SEARCH_ALIAS_REVIEWED,Search aid only; food identity and preparation must still match.
FC000066,Pechay,https://i.fnri.dost.gov.ph/fct/library,SEARCH_ALIAS_REVIEWED,Search aid only; food identity and preparation must still match.
FC000067,Carrot,https://i.fnri.dost.gov.ph/fct/library/report/3318,SEARCH_ALIAS_REVIEWED,Search aid only; food identity and preparation must still match.
FC000067,Karot,https://i.fnri.dost.gov.ph/fct/library/report/3318,SEARCH_ALIAS_REVIEWED,Search aid only; food identity and preparation must still match.
FC000068,"Onion, Bombay bulb",https://i.fnri.dost.gov.ph/fct/library/report/3420,SEARCH_ALIAS_REVIEWED,Search aid only; food identity and preparation must still match.
FC000068,Sibuyas Bombay,https://i.fnri.dost.gov.ph/fct/library/report/3420,SEARCH_ALIAS_REVIEWED,Search aid only; food identity and preparation must still match.
FC000068,onion,https://i.fnri.dost.gov.ph/fct/library/report/3420,SEARCH_ALIAS_REVIEWED,Search aid only; food identity and preparation must still match.
FC000068,"Sibuyas, Bombay ulo",https://i.fnri.dost.gov.ph/fct/library/report/3420,SEARCH_ALIAS_REVIEWED,Search aid only; food identity and preparation must still match.
FC000069,"Onion, garden shallot bulb",https://i.fnri.dost.gov.ph/fct/library/report/3422,SEARCH_ALIAS_REVIEWED,Search aid only; food identity and preparation must still match.
FC000069,Sibuyas Tagalog,https://i.fnri.dost.gov.ph/fct/library/report/3422,SEARCH_ALIAS_REVIEWED,Search aid only; food identity and preparation must still match.
FC000069,shallot,https://i.fnri.dost.gov.ph/fct/library/report/3422,SEARCH_ALIAS_REVIEWED,Search aid only; food identity and preparation must still match.
FC000069,"Sibuyas, Tagalog ulo",https://i.fnri.dost.gov.ph/fct/library/report/3422,SEARCH_ALIAS_REVIEWED,Search aid only; food identity and preparation must still match.
FC000070,Garlic bulb,https://i.fnri.dost.gov.ph/fct/library/report/3363,SEARCH_ALIAS_REVIEWED,Search aid only; food identity and preparation must still match.
FC000070,Bawang,https://i.fnri.dost.gov.ph/fct/library/report/3363,SEARCH_ALIAS_REVIEWED,Search aid only; food identity and preparation must still match.
FC000070,Bawang ulo,https://i.fnri.dost.gov.ph/fct/library/report/3363,SEARCH_ALIAS_REVIEWED,Search aid only; food identity and preparation must still match.
FC000071,String beans,https://i.fnri.dost.gov.ph/fct/library,SEARCH_ALIAS_REVIEWED,Search aid only; food identity and preparation must still match.
FC000071,Sitaw,https://i.fnri.dost.gov.ph/fct/library,SEARCH_ALIAS_REVIEWED,Search aid only; food identity and preparation must still match.
FC000072,Yardlong bean,https://i.fnri.dost.gov.ph/fct/library,SEARCH_ALIAS_REVIEWED,Search aid only; food identity and preparation must still match.
FC000072,Sitaw,https://i.fnri.dost.gov.ph/fct/library,SEARCH_ALIAS_REVIEWED,Search aid only; food identity and preparation must still match.
FC000073,Water spinach,https://i.fnri.dost.gov.ph/fct/library,SEARCH_ALIAS_REVIEWED,Search aid only; food identity and preparation must still match.
FC000073,Kangkong,https://i.fnri.dost.gov.ph/fct/library,SEARCH_ALIAS_REVIEWED,Search aid only; food identity and preparation must still match.
FC000074,Moringa leaves,https://i.fnri.dost.gov.ph/fct/library/report/3373,SEARCH_ALIAS_REVIEWED,Search aid only; food identity and preparation must still match.
FC000074,Malunggay,https://i.fnri.dost.gov.ph/fct/library/report/3373,SEARCH_ALIAS_REVIEWED,Search aid only; food identity and preparation must still match.
FC000074,Horseradish tree lvs,https://i.fnri.dost.gov.ph/fct/library/report/3373,SEARCH_ALIAS_REVIEWED,Search aid only; food identity and preparation must still match.
FC000074,Malunggay dahon,https://i.fnri.dost.gov.ph/fct/library/report/3373,SEARCH_ALIAS_REVIEWED,Search aid only; food identity and preparation must still match.
FC000074,Drumstick tree lvs,https://i.fnri.dost.gov.ph/fct/library/report/3373,SEARCH_ALIAS_REVIEWED,Search aid only; food identity and preparation must still match.
FC000075,Chayote,https://i.fnri.dost.gov.ph/fct/library/report/3329,SEARCH_ALIAS_REVIEWED,Search aid only; food identity and preparation must still match.
FC000075,Sayote,https://i.fnri.dost.gov.ph/fct/library/report/3329,SEARCH_ALIAS_REVIEWED,Search aid only; food identity and preparation must still match.
FC000075,Chayote fruit,https://i.fnri.dost.gov.ph/fct/library/report/3329,SEARCH_ALIAS_REVIEWED,Search aid only; food identity and preparation must still match.
FC000075,Sayote bunga,https://i.fnri.dost.gov.ph/fct/library/report/3329,SEARCH_ALIAS_REVIEWED,Search aid only; food identity and preparation must still match.
FC000075,Vegetable pear fruit,https://i.fnri.dost.gov.ph/fct/library/report/3329,SEARCH_ALIAS_REVIEWED,Search aid only; food identity and preparation must still match.
FC000076,"Banana, lakatan",https://i.fnri.dost.gov.ph/fct/library/report/3593,SEARCH_ALIAS_REVIEWED,Search aid only; food identity and preparation must still match.
FC000076,Saging lakatan,https://i.fnri.dost.gov.ph/fct/library/report/3593,SEARCH_ALIAS_REVIEWED,Search aid only; food identity and preparation must still match.
FC000076,lakatan,https://i.fnri.dost.gov.ph/fct/library/report/3593,SEARCH_ALIAS_REVIEWED,Search aid only; food identity and preparation must still match.
FC000076,"Banana, lacatan",https://i.fnri.dost.gov.ph/fct/library/report/3593,SEARCH_ALIAS_REVIEWED,Search aid only; food identity and preparation must still match.
FC000076,"Saging, lakatan",https://i.fnri.dost.gov.ph/fct/library/report/3593,SEARCH_ALIAS_REVIEWED,Search aid only; food identity and preparation must still match.
FC000077,"Banana, latundan",https://i.fnri.dost.gov.ph/fct/library/report/3594,SEARCH_ALIAS_REVIEWED,Search aid only; food identity and preparation must still match.
FC000077,Saging latundan,https://i.fnri.dost.gov.ph/fct/library/report/3594,SEARCH_ALIAS_REVIEWED,Search aid only; food identity and preparation must still match.
FC000077,latundan,https://i.fnri.dost.gov.ph/fct/library/report/3594,SEARCH_ALIAS_REVIEWED,Search aid only; food identity and preparation must still match.
FC000077,"Saging, latundan",https://i.fnri.dost.gov.ph/fct/library/report/3594,SEARCH_ALIAS_REVIEWED,Search aid only; food identity and preparation must still match.
FC000078,"Banana, saba",https://i.fnri.dost.gov.ph/fct/library/report/3596,SEARCH_ALIAS_REVIEWED,Search aid only; food identity and preparation must still match.
FC000078,Saging saba,https://i.fnri.dost.gov.ph/fct/library/report/3596,SEARCH_ALIAS_REVIEWED,Search aid only; food identity and preparation must still match.
FC000078,saba,https://i.fnri.dost.gov.ph/fct/library/report/3596,SEARCH_ALIAS_REVIEWED,Search aid only; food identity and preparation must still match.
FC000078,"Saging, saba",https://i.fnri.dost.gov.ph/fct/library/report/3596,SEARCH_ALIAS_REVIEWED,Search aid only; food identity and preparation must still match.
FC000079,"Banana, saba, boiled",https://i.fnri.dost.gov.ph/fct/library/report/3597,SEARCH_ALIAS_REVIEWED,Search aid only; food identity and preparation must still match.
FC000079,Nilagang saba,https://i.fnri.dost.gov.ph/fct/library/report/3597,SEARCH_ALIAS_REVIEWED,Search aid only; food identity and preparation must still match.
FC000079,"Saging, saba, nilaga",https://i.fnri.dost.gov.ph/fct/library/report/3597,SEARCH_ALIAS_REVIEWED,Search aid only; food identity and preparation must still match.
FC000080,"Mango, ripe",https://i.fnri.dost.gov.ph/fct/library,SEARCH_ALIAS_REVIEWED,Search aid only; food identity and preparation must still match.
FC000080,Mangga,https://i.fnri.dost.gov.ph/fct/library,SEARCH_ALIAS_REVIEWED,Search aid only; food identity and preparation must still match.
FC000080,ripe mango,https://i.fnri.dost.gov.ph/fct/library,SEARCH_ALIAS_REVIEWED,Search aid only; food identity and preparation must still match.
FC000081,"Papaya, ripe",https://i.fnri.dost.gov.ph/fct/library/report/3651,SEARCH_ALIAS_REVIEWED,Search aid only; food identity and preparation must still match.
FC000081,Papaya,https://i.fnri.dost.gov.ph/fct/library/report/3651,SEARCH_ALIAS_REVIEWED,Search aid only; food identity and preparation must still match.
FC000081,"Papaya fruit, ripe",https://i.fnri.dost.gov.ph/fct/library/report/3651,SEARCH_ALIAS_REVIEWED,Search aid only; food identity and preparation must still match.
FC000082,Pineapple,https://i.fnri.dost.gov.ph/fct/library/report/3655,SEARCH_ALIAS_REVIEWED,Search aid only; food identity and preparation must still match.
FC000082,Pinya,https://i.fnri.dost.gov.ph/fct/library/report/3655,SEARCH_ALIAS_REVIEWED,Search aid only; food identity and preparation must still match.
FC000083,Watermelon,https://i.fnri.dost.gov.ph/fct/library/report/3646,SEARCH_ALIAS_REVIEWED,Search aid only; food identity and preparation must still match.
FC000083,Pakwan,https://i.fnri.dost.gov.ph/fct/library/report/3646,SEARCH_ALIAS_REVIEWED,Search aid only; food identity and preparation must still match.
FC000083,"Melon, watermelon",https://i.fnri.dost.gov.ph/fct/library/report/3646,SEARCH_ALIAS_REVIEWED,Search aid only; food identity and preparation must still match.
FC000084,Guava,https://i.fnri.dost.gov.ph/fct/library,SEARCH_ALIAS_REVIEWED,Search aid only; food identity and preparation must still match.
FC000084,Bayabas,https://i.fnri.dost.gov.ph/fct/library,SEARCH_ALIAS_REVIEWED,Search aid only; food identity and preparation must still match.
FC000085,Calamansi,https://i.fnri.dost.gov.ph/fct/library/report/3605,SEARCH_ALIAS_REVIEWED,Search aid only; food identity and preparation must still match.
FC000085,Kalamansi,https://i.fnri.dost.gov.ph/fct/library/report/3605,SEARCH_ALIAS_REVIEWED,Search aid only; food identity and preparation must still match.
FC000085,calamondin,https://i.fnri.dost.gov.ph/fct/library/report/3605,SEARCH_ALIAS_REVIEWED,Search aid only; food identity and preparation must still match.
FC000085,Calamansi/Philippine lemon,https://i.fnri.dost.gov.ph/fct/library/report/3605,SEARCH_ALIAS_REVIEWED,Search aid only; food identity and preparation must still match.
FC000086,Pomelo,https://i.fnri.dost.gov.ph/fct/library/report/3657,SEARCH_ALIAS_REVIEWED,Search aid only; food identity and preparation must still match.
FC000086,Suha,https://i.fnri.dost.gov.ph/fct/library/report/3657,SEARCH_ALIAS_REVIEWED,Search aid only; food identity and preparation must still match.
FC000086,Lukban,https://i.fnri.dost.gov.ph/fct/library/report/3657,SEARCH_ALIAS_REVIEWED,Search aid only; food identity and preparation must still match.
FC000087,Avocado,https://i.fnri.dost.gov.ph/fct/library,SEARCH_ALIAS_REVIEWED,Search aid only; food identity and preparation must still match.
FC000087,Abukado,https://i.fnri.dost.gov.ph/fct/library,SEARCH_ALIAS_REVIEWED,Search aid only; food identity and preparation must still match.
FC000088,"Sweet potato, white, boiled",https://i.fnri.dost.gov.ph/fct/library/report/3179,SEARCH_ALIAS_REVIEWED,Search aid only; food identity and preparation must still match.
FC000088,Kamote,https://i.fnri.dost.gov.ph/fct/library/report/3179,SEARCH_ALIAS_REVIEWED,Search aid only; food identity and preparation must still match.
FC000088,nilagang kamote,https://i.fnri.dost.gov.ph/fct/library/report/3179,SEARCH_ALIAS_REVIEWED,Search aid only; food identity and preparation must still match.
FC000088,"Kamote, puti, nilaga",https://i.fnri.dost.gov.ph/fct/library/report/3179,SEARCH_ALIAS_REVIEWED,Search aid only; food identity and preparation must still match.
FC000089,"Sweet potato, yellow, boiled",https://i.fnri.dost.gov.ph/fct/library/report/3181,SEARCH_ALIAS_REVIEWED,Search aid only; food identity and preparation must still match.
FC000089,Dilaw na kamote,https://i.fnri.dost.gov.ph/fct/library/report/3181,SEARCH_ALIAS_REVIEWED,Search aid only; food identity and preparation must still match.
FC000089,boiled sweet potato,https://i.fnri.dost.gov.ph/fct/library/report/3181,SEARCH_ALIAS_REVIEWED,Search aid only; food identity and preparation must still match.
FC000089,"Kamote, dilaw, nilaga",https://i.fnri.dost.gov.ph/fct/library/report/3181,SEARCH_ALIAS_REVIEWED,Search aid only; food identity and preparation must still match.
FC000090,Cassava,https://i.fnri.dost.gov.ph/fct/library/report/3168,SEARCH_ALIAS_REVIEWED,Search aid only; food identity and preparation must still match.
FC000090,Kamoteng kahoy,https://i.fnri.dost.gov.ph/fct/library/report/3168,SEARCH_ALIAS_REVIEWED,Search aid only; food identity and preparation must still match.
FC000090,Balinghoy,https://i.fnri.dost.gov.ph/fct/library/report/3168,SEARCH_ALIAS_REVIEWED,Search aid only; food identity and preparation must still match.
FC000091,Taro corm,https://i.fnri.dost.gov.ph/fct/library/report/3182,SEARCH_ALIAS_REVIEWED,Search aid only; food identity and preparation must still match.
FC000091,Gabi,https://i.fnri.dost.gov.ph/fct/library/report/3182,SEARCH_ALIAS_REVIEWED,Search aid only; food identity and preparation must still match.
FC000091,Taro,https://i.fnri.dost.gov.ph/fct/library/report/3182,SEARCH_ALIAS_REVIEWED,Search aid only; food identity and preparation must still match.
FC000092,Purple yam,https://i.fnri.dost.gov.ph/fct/library/report/3187,SEARCH_ALIAS_REVIEWED,Search aid only; food identity and preparation must still match.
FC000092,Ube,https://i.fnri.dost.gov.ph/fct/library/report/3187,SEARCH_ALIAS_REVIEWED,Search aid only; food identity and preparation must still match.
FC000092,"Yam, purple",https://i.fnri.dost.gov.ph/fct/library/report/3187,SEARCH_ALIAS_REVIEWED,Search aid only; food identity and preparation must still match.
FC000092,Ubi,https://i.fnri.dost.gov.ph/fct/library/report/3187,SEARCH_ALIAS_REVIEWED,Search aid only; food identity and preparation must still match.
FC000093,Fresh cow's milk,https://i.fnri.dost.gov.ph/fct/library/report/4248,SEARCH_ALIAS_REVIEWED,Search aid only; food identity and preparation must still match.
FC000093,Gatas,https://i.fnri.dost.gov.ph/fct/library/report/4248,SEARCH_ALIAS_REVIEWED,Search aid only; food identity and preparation must still match.
FC000093,fresh milk,https://i.fnri.dost.gov.ph/fct/library/report/4248,SEARCH_ALIAS_REVIEWED,Search aid only; food identity and preparation must still match.
FC000093,"Milk, cow",https://i.fnri.dost.gov.ph/fct/library/report/4248,SEARCH_ALIAS_REVIEWED,Search aid only; food identity and preparation must still match.
FC000093,"Gatas, baka",https://i.fnri.dost.gov.ph/fct/library/report/4248,SEARCH_ALIAS_REVIEWED,Search aid only; food identity and preparation must still match.
FC000094,Evaporated milk,https://i.fnri.dost.gov.ph/fct/library/report/4249,SEARCH_ALIAS_REVIEWED,Search aid only; food identity and preparation must still match.
FC000094,Evap,https://i.fnri.dost.gov.ph/fct/library/report/4249,SEARCH_ALIAS_REVIEWED,Search aid only; food identity and preparation must still match.
FC000094,"Milk, evaporated",https://i.fnri.dost.gov.ph/fct/library/report/4249,SEARCH_ALIAS_REVIEWED,Search aid only; food identity and preparation must still match.
FC000094,"Gatas, evaporada",https://i.fnri.dost.gov.ph/fct/library/report/4249,SEARCH_ALIAS_REVIEWED,Search aid only; food identity and preparation must still match.
FC000095,Powdered milk,https://i.fnri.dost.gov.ph/fct/library,SEARCH_ALIAS_REVIEWED,Search aid only; food identity and preparation must still match.
FC000095,Gatas na pulbos,https://i.fnri.dost.gov.ph/fct/library,SEARCH_ALIAS_REVIEWED,Search aid only; food identity and preparation must still match.
FC000096,Butter,https://i.fnri.dost.gov.ph/fct/library/report/4261,SEARCH_ALIAS_REVIEWED,Search aid only; food identity and preparation must still match.
FC000096,Mantekilya,https://i.fnri.dost.gov.ph/fct/library/report/4261,SEARCH_ALIAS_REVIEWED,Search aid only; food identity and preparation must still match.
FC000097,Coconut milk,https://i.fnri.dost.gov.ph/fct/library/report/4262,SEARCH_ALIAS_REVIEWED,Search aid only; food identity and preparation must still match.
FC000097,Gata,https://i.fnri.dost.gov.ph/fct/library/report/4262,SEARCH_ALIAS_REVIEWED,Search aid only; food identity and preparation must still match.
FC000097,"Niyog, gata",https://i.fnri.dost.gov.ph/fct/library/report/4262,SEARCH_ALIAS_REVIEWED,Search aid only; food identity and preparation must still match.
FC000098,Coconut oil,https://i.fnri.dost.gov.ph/fct/library/report/4268,SEARCH_ALIAS_REVIEWED,Search aid only; food identity and preparation must still match.
FC000098,Langis ng niyog,https://i.fnri.dost.gov.ph/fct/library/report/4268,SEARCH_ALIAS_REVIEWED,Search aid only; food identity and preparation must still match.
FC000098,"Oil, coconut",https://i.fnri.dost.gov.ph/fct/library/report/4268,SEARCH_ALIAS_REVIEWED,Search aid only; food identity and preparation must still match.
FC000098,"Langis, niyog",https://i.fnri.dost.gov.ph/fct/library/report/4268,SEARCH_ALIAS_REVIEWED,Search aid only; food identity and preparation must still match.
FC000099,Soy sauce,https://i.fnri.dost.gov.ph/fct/library/report/4346,SEARCH_ALIAS_REVIEWED,Search aid only; food identity and preparation must still match.
FC000099,Toyo,https://i.fnri.dost.gov.ph/fct/library/report/4346,SEARCH_ALIAS_REVIEWED,Search aid only; food identity and preparation must still match.
FC000100,Fish sauce,https://i.fnri.dost.gov.ph/fct/library/report/4334,SEARCH_ALIAS_REVIEWED,Search aid only; food identity and preparation must still match.
FC000100,Patis,https://i.fnri.dost.gov.ph/fct/library/report/4334,SEARCH_ALIAS_REVIEWED,Search aid only; food identity and preparation must still match.
FC000101,"Chicken, whole",https://i.fnri.dost.gov.ph/fct/library/report/3820,SEARCH_ALIAS_REVIEWED,Explicit variant; preserve preparation and type qualifiers.
FC000101,Manok buo,https://i.fnri.dost.gov.ph/fct/library/report/3820,SEARCH_ALIAS_REVIEWED,Explicit variant; preserve preparation and type qualifiers.
FC000102,"Pork Boston butt, lean",https://i.fnri.dost.gov.ph/fct/library/report/3864,SEARCH_ALIAS_REVIEWED,Explicit variant; preserve preparation and type qualifiers.
FC000102,"Baboy paypay, laman",https://i.fnri.dost.gov.ph/fct/library/report/3864,SEARCH_ALIAS_REVIEWED,Explicit variant; preserve preparation and type qualifiers.
FC000103,"Sausage, chicken",https://i.fnri.dost.gov.ph/fct/library/report/3930,SEARCH_ALIAS_REVIEWED,Explicit variant; preserve preparation and type qualifiers.
FC000103,"Longanisa, manok",https://i.fnri.dost.gov.ph/fct/library/report/3930,SEARCH_ALIAS_REVIEWED,Explicit variant; preserve preparation and type qualifiers.
FC000104,"Sausage, pork",https://i.fnri.dost.gov.ph/fct/library/report/3964,SEARCH_ALIAS_REVIEWED,Explicit variant; preserve preparation and type qualifiers.
FC000104,"Longanisa, baboy",https://i.fnri.dost.gov.ph/fct/library/report/3964,SEARCH_ALIAS_REVIEWED,Explicit variant; preserve preparation and type qualifiers.
FC000105,"Sausage, pork & beef",https://i.fnri.dost.gov.ph/fct/library/report/3965,SEARCH_ALIAS_REVIEWED,Explicit variant; preserve preparation and type qualifiers.
FC000105,"Longanisa, baboy at baka",https://i.fnri.dost.gov.ph/fct/library/report/3965,SEARCH_ALIAS_REVIEWED,Explicit variant; preserve preparation and type qualifiers.
FC000106,"Sardine, Indian",https://i.fnri.dost.gov.ph/fct/library/report/4083,SEARCH_ALIAS_REVIEWED,Explicit variant; preserve preparation and type qualifiers.
FC000106,"Tamban/Sardine, Indian oil",https://i.fnri.dost.gov.ph/fct/library/report/4083,SEARCH_ALIAS_REVIEWED,Explicit variant; preserve preparation and type qualifiers.
FC000107,"Sardines, in spiced oil, cnd",https://i.fnri.dost.gov.ph/fct/library/report/4182,SEARCH_ALIAS_REVIEWED,Explicit variant; preserve preparation and type qualifiers.
FC000107,"Sardinas, Spanish style, de lata",https://i.fnri.dost.gov.ph/fct/library/report/4182,SEARCH_ALIAS_REVIEWED,Explicit variant; preserve preparation and type qualifiers.
FC000108,"Sardines, in tomato sce, cnd",https://i.fnri.dost.gov.ph/fct/library/report/4183,SEARCH_ALIAS_REVIEWED,Explicit variant; preserve preparation and type qualifiers.
FC000108,"Sardinas, sa tomato sce, de lata",https://i.fnri.dost.gov.ph/fct/library/report/4183,SEARCH_ALIAS_REVIEWED,Explicit variant; preserve preparation and type qualifiers.
FC000109,"Shrimp, banana prawn",https://i.fnri.dost.gov.ph/fct/library/report/4093,SEARCH_ALIAS_REVIEWED,Explicit variant; preserve preparation and type qualifiers.
FC000109,"Hipon, puti",https://i.fnri.dost.gov.ph/fct/library/report/4093,SEARCH_ALIAS_REVIEWED,Explicit variant; preserve preparation and type qualifiers.
FC000110,"Shrimp, giant tiger prawn",https://i.fnri.dost.gov.ph/fct/library/report/4097,SEARCH_ALIAS_REVIEWED,Explicit variant; preserve preparation and type qualifiers.
FC000110,Sugpo,https://i.fnri.dost.gov.ph/fct/library/report/4097,SEARCH_ALIAS_REVIEWED,Explicit variant; preserve preparation and type qualifiers.
FC000111,"Shrimp, greasy back",https://i.fnri.dost.gov.ph/fct/library/report/4099,SEARCH_ALIAS_REVIEWED,Explicit variant; preserve preparation and type qualifiers.
FC000111,"Hipon, suwahe",https://i.fnri.dost.gov.ph/fct/library/report/4099,SEARCH_ALIAS_REVIEWED,Explicit variant; preserve preparation and type qualifiers.
FC000112,"Crab, blue swimming, w/o fat",https://i.fnri.dost.gov.ph/fct/library/report/4017,SEARCH_ALIAS_REVIEWED,Explicit variant; preserve preparation and type qualifiers.
FC000112,Alimasag laman,https://i.fnri.dost.gov.ph/fct/library/report/4017,SEARCH_ALIAS_REVIEWED,Explicit variant; preserve preparation and type qualifiers.
FC000113,"Crab, mud/mangrove, w/o fat",https://i.fnri.dost.gov.ph/fct/library/report/4020,SEARCH_ALIAS_REVIEWED,Explicit variant; preserve preparation and type qualifiers.
FC000113,Alimango laman,https://i.fnri.dost.gov.ph/fct/library/report/4020,SEARCH_ALIAS_REVIEWED,Explicit variant; preserve preparation and type qualifiers.
FC000114,Pechay lvs,https://i.fnri.dost.gov.ph/fct/library/report/3439,SEARCH_ALIAS_REVIEWED,Explicit variant; preserve preparation and type qualifiers.
FC000114,Petsay dahon,https://i.fnri.dost.gov.ph/fct/library/report/3439,SEARCH_ALIAS_REVIEWED,Explicit variant; preserve preparation and type qualifiers.
FC000115,Pechay petioles,https://i.fnri.dost.gov.ph/fct/library/report/3441,SEARCH_ALIAS_REVIEWED,Explicit variant; preserve preparation and type qualifiers.
FC000115,Petsay tangkay,https://i.fnri.dost.gov.ph/fct/library/report/3441,SEARCH_ALIAS_REVIEWED,Explicit variant; preserve preparation and type qualifiers.
FC000116,"String/Yard long bean pod, green",https://i.fnri.dost.gov.ph/fct/library/report/3511,SEARCH_ALIAS_REVIEWED,Explicit variant; preserve preparation and type qualifiers.
FC000116,"Sitaw bunga, berde",https://i.fnri.dost.gov.ph/fct/library/report/3511,SEARCH_ALIAS_REVIEWED,Explicit variant; preserve preparation and type qualifiers.
FC000117,"String/Yard long bean pod, red",https://i.fnri.dost.gov.ph/fct/library/report/3513,SEARCH_ALIAS_REVIEWED,Explicit variant; preserve preparation and type qualifiers.
FC000117,"Sitaw bunga, pula",https://i.fnri.dost.gov.ph/fct/library/report/3513,SEARCH_ALIAS_REVIEWED,Explicit variant; preserve preparation and type qualifiers.
FC000118,"String/Yard long bean pod, white",https://i.fnri.dost.gov.ph/fct/library/report/3515,SEARCH_ALIAS_REVIEWED,Explicit variant; preserve preparation and type qualifiers.
FC000118,"Sitaw bunga, puti",https://i.fnri.dost.gov.ph/fct/library/report/3515,SEARCH_ALIAS_REVIEWED,Explicit variant; preserve preparation and type qualifiers.
FC000119,Swamp cabbage lvs,https://i.fnri.dost.gov.ph/fct/library/report/3521,SEARCH_ALIAS_REVIEWED,Explicit variant; preserve preparation and type qualifiers.
FC000119,Kangkong dahon/Water spinach lvs,https://i.fnri.dost.gov.ph/fct/library/report/3521,SEARCH_ALIAS_REVIEWED,Explicit variant; preserve preparation and type qualifiers.
FC000120,"Mango, Manila super, ripe",https://i.fnri.dost.gov.ph/fct/library/report/3633,SEARCH_ALIAS_REVIEWED,Explicit variant; preserve preparation and type qualifiers.
FC000120,"Mangga, kalabaw, hinog",https://i.fnri.dost.gov.ph/fct/library/report/3633,SEARCH_ALIAS_REVIEWED,Explicit variant; preserve preparation and type qualifiers.
FC000121,"Mango, piko, ripe",https://i.fnri.dost.gov.ph/fct/library/report/3637,SEARCH_ALIAS_REVIEWED,Explicit variant; preserve preparation and type qualifiers.
FC000121,"Mangga, piko, hinog",https://i.fnri.dost.gov.ph/fct/library/report/3637,SEARCH_ALIAS_REVIEWED,Explicit variant; preserve preparation and type qualifiers.
FC000122,"Mango, supsupin, ripe",https://i.fnri.dost.gov.ph/fct/library/report/3639,SEARCH_ALIAS_REVIEWED,Explicit variant; preserve preparation and type qualifiers.
FC000122,"Mangga, supsupin, hinog",https://i.fnri.dost.gov.ph/fct/library/report/3639,SEARCH_ALIAS_REVIEWED,Explicit variant; preserve preparation and type qualifiers.
FC000123,"Guava, red",https://i.fnri.dost.gov.ph/fct/library/report/3613,SEARCH_ALIAS_REVIEWED,Explicit variant; preserve preparation and type qualifiers.
FC000123,"Bayabas, pula",https://i.fnri.dost.gov.ph/fct/library/report/3613,SEARCH_ALIAS_REVIEWED,Explicit variant; preserve preparation and type qualifiers.
FC000124,"Guava, white",https://i.fnri.dost.gov.ph/fct/library/report/3614,SEARCH_ALIAS_REVIEWED,Explicit variant; preserve preparation and type qualifiers.
FC000124,"Bayabas, puti",https://i.fnri.dost.gov.ph/fct/library/report/3614,SEARCH_ALIAS_REVIEWED,Explicit variant; preserve preparation and type qualifiers.
FC000125,"Avocado, green",https://i.fnri.dost.gov.ph/fct/library/report/3586,SEARCH_ALIAS_REVIEWED,Explicit variant; preserve preparation and type qualifiers.
FC000125,"Abokado, berde",https://i.fnri.dost.gov.ph/fct/library/report/3586,SEARCH_ALIAS_REVIEWED,Explicit variant; preserve preparation and type qualifiers.
FC000126,"Avocado, red",https://i.fnri.dost.gov.ph/fct/library/report/3587,SEARCH_ALIAS_REVIEWED,Explicit variant; preserve preparation and type qualifiers.
FC000126,"Abokado, murado",https://i.fnri.dost.gov.ph/fct/library/report/3587,SEARCH_ALIAS_REVIEWED,Explicit variant; preserve preparation and type qualifiers.
FC000127,"Milk, pwdr, filled, inst",https://i.fnri.dost.gov.ph/fct/library/report/4253,SEARCH_ALIAS_REVIEWED,Explicit variant; preserve preparation and type qualifiers.
FC000127,"Gatas, pulbos, filled, inst",https://i.fnri.dost.gov.ph/fct/library/report/4253,SEARCH_ALIAS_REVIEWED,Explicit variant; preserve preparation and type qualifiers.
FC000128,"Milk, pwdr, full cream",https://i.fnri.dost.gov.ph/fct/library/report/4254,SEARCH_ALIAS_REVIEWED,Explicit variant; preserve preparation and type qualifiers.
FC000128,"Gatas, pulbos, full cream",https://i.fnri.dost.gov.ph/fct/library/report/4254,SEARCH_ALIAS_REVIEWED,Explicit variant; preserve preparation and type qualifiers.
FC000129,"Milk, pwdr, non-fat, inst",https://i.fnri.dost.gov.ph/fct/library/report/4256,SEARCH_ALIAS_REVIEWED,Explicit variant; preserve preparation and type qualifiers.
FC000129,"Gatas, pulbos, non-fat, inst",https://i.fnri.dost.gov.ph/fct/library/report/4256,SEARCH_ALIAS_REVIEWED,Explicit variant; preserve preparation and type qualifiers.
FC000130,"Milk, pwdr, skim",https://i.fnri.dost.gov.ph/fct/library/report/4257,SEARCH_ALIAS_REVIEWED,Explicit variant; preserve preparation and type qualifiers.
FC000130,"Gatas, pulbos, skim",https://i.fnri.dost.gov.ph/fct/library/report/4257,SEARCH_ALIAS_REVIEWED,Explicit variant; preserve preparation and type qualifiers.
FC000131,"Noodles, wheat, canton, dry",https://i.fnri.dost.gov.ph/fct/library/report/3102,SEARCH_ALIAS_REVIEWED,Explicit variant; preserve preparation and type qualifiers.
FC000131,Canton,https://i.fnri.dost.gov.ph/fct/library/report/3102,SEARCH_ALIAS_REVIEWED,Explicit variant; preserve preparation and type qualifiers.
FC000132,"Noodles, egg, cooked, enriched, with added salt",https://fdc.nal.usda.gov/food-details/168919/nutrients,SEARCH_ALIAS_REVIEWED,Explicit variant; preserve preparation and type qualifiers.
FC000133,"Noodles, egg, cooked, unenriched, with added salt",https://fdc.nal.usda.gov/food-details/169762/nutrients,SEARCH_ALIAS_REVIEWED,Explicit variant; preserve preparation and type qualifiers.
FC000134,"Beef, ground, 90% lean meat / 10% fat, raw",https://fdc.nal.usda.gov/food-details/174030/nutrients,SEARCH_ALIAS_REVIEWED,Explicit variant; preserve preparation and type qualifiers.
FC000135,"Beef, ground, 80% lean meat / 20% fat, raw",https://fdc.nal.usda.gov/food-details/174036/nutrients,SEARCH_ALIAS_REVIEWED,Explicit variant; preserve preparation and type qualifiers.
FC000136,"Beef, ground, 90% lean meat / 10% fat, crumbles, cooked, pan-browned",https://fdc.nal.usda.gov/food-details/171794/nutrients,SEARCH_ALIAS_REVIEWED,Explicit variant; preserve preparation and type qualifiers.
FC000137,"Beef, ground, 80% lean meat / 20% fat, crumbles, cooked, pan-browned",https://fdc.nal.usda.gov/food-details/171799/nutrients,SEARCH_ALIAS_REVIEWED,Explicit variant; preserve preparation and type qualifiers.
FC000138,"Pork, fresh, ground, raw",https://fdc.nal.usda.gov/food-details/167902/nutrients,SEARCH_ALIAS_REVIEWED,Explicit variant; preserve preparation and type qualifiers.
FC000139,"Pork, fresh, ground, cooked",https://fdc.nal.usda.gov/food-details/167903/nutrients,SEARCH_ALIAS_REVIEWED,Explicit variant; preserve preparation and type qualifiers.
FC000140,"Fish, tuna, fresh, skipjack, raw",https://fdc.nal.usda.gov/food-details/175156/nutrients,SEARCH_ALIAS_REVIEWED,Explicit variant; preserve preparation and type qualifiers.
FC000141,"Fish, tuna, skipjack, fresh, cooked, dry heat",https://fdc.nal.usda.gov/food-details/172005/nutrients,SEARCH_ALIAS_REVIEWED,Explicit variant; preserve preparation and type qualifiers.
FC000142,"Cabbage, chinese (pak-choi), raw",https://fdc.nal.usda.gov/food-details/170390/nutrients,SEARCH_ALIAS_REVIEWED,Explicit variant; preserve preparation and type qualifiers.
FC000143,"Cabbage, chinese (pak-choi), cooked, boiled, drained, without salt",https://fdc.nal.usda.gov/food-details/170391/nutrients,SEARCH_ALIAS_REVIEWED,Explicit variant; preserve preparation and type qualifiers.
FC000144,"Nuts, coconut milk, raw (liquid expressed from grated meat and water)",https://fdc.nal.usda.gov/food-details/170172/nutrients,SEARCH_ALIAS_REVIEWED,Explicit variant; preserve preparation and type qualifiers.
FC000145,"Nuts, coconut milk, canned (liquid expressed from grated meat and water)",https://fdc.nal.usda.gov/food-details/170173/nutrients,SEARCH_ALIAS_REVIEWED,Explicit variant; preserve preparation and type qualifiers.
FC000146,"Sauce, fish, ready-to-serve",https://fdc.nal.usda.gov/food-details/174531/nutrients,SEARCH_ALIAS_REVIEWED,Explicit variant; preserve preparation and type qualifiers.
FC000147,"Canton noodles, cooked in water, 2.5x dry-weight yield (estimate)",https://i.fnri.dost.gov.ph/fct/library/report/3102,SEARCH_ALIAS_REVIEWED,Explicit variant; preserve preparation and type qualifiers.
FC000148,"Noodles, mung bean starch, boiled",https://i.fnri.dost.gov.ph/fct/library/report/3097,SEARCH_ALIAS_REVIEWED,"Official name/common name, including preparation qualifiers. Search aid only."
FC000148,"Sotanghon, nilaga",https://i.fnri.dost.gov.ph/fct/library/report/3097,SEARCH_ALIAS_REVIEWED,"Official name/common name, including preparation qualifiers. Search aid only."
FC000149,"Noodles, wheat, thin, boiled",https://i.fnri.dost.gov.ph/fct/library/report/3107,SEARCH_ALIAS_REVIEWED,"Official name/common name, including preparation qualifiers. Search aid only."
FC000149,"Misua/Miswa, nilaga",https://i.fnri.dost.gov.ph/fct/library/report/3107,SEARCH_ALIAS_REVIEWED,"Official name/common name, including preparation qualifiers. Search aid only."
FC000150,"Noodles, wheat, miki, dry, boiled",https://i.fnri.dost.gov.ph/fct/library/report/3109,SEARCH_ALIAS_REVIEWED,"Official name/common name, including preparation qualifiers. Search aid only."
FC000150,"Miki, tuyo, nilaga",https://i.fnri.dost.gov.ph/fct/library/report/3109,SEARCH_ALIAS_REVIEWED,"Official name/common name, including preparation qualifiers. Search aid only."
FC000151,"Oats, quick-cooking, ckd",https://i.fnri.dost.gov.ph/fct/library/report/3112,SEARCH_ALIAS_REVIEWED,"Official name/common name, including preparation qualifiers. Search aid only."
FC000152,"Pasta, spaghetti, boiled",https://i.fnri.dost.gov.ph/fct/library/report/3116,SEARCH_ALIAS_REVIEWED,"Official name/common name, including preparation qualifiers. Search aid only."
FC000153,Hopyang baboy,https://i.fnri.dost.gov.ph/fct/library/report/3089,SEARCH_ALIAS_REVIEWED,"Official name/common name, including preparation qualifiers. Search aid only."
FC000154,Hopyang Hapon,https://i.fnri.dost.gov.ph/fct/library/report/3090,SEARCH_ALIAS_REVIEWED,"Official name/common name, including preparation qualifiers. Search aid only."
FC000155,Hopyang munggo,https://i.fnri.dost.gov.ph/fct/library/report/3091,SEARCH_ALIAS_REVIEWED,"Official name/common name, including preparation qualifiers. Search aid only."
FC000156,"Noodles, mung bean starch",https://i.fnri.dost.gov.ph/fct/library/report/3096,SEARCH_ALIAS_REVIEWED,"Official name/common name, including preparation qualifiers. Search aid only."
FC000156,Sotanghon,https://i.fnri.dost.gov.ph/fct/library/report/3096,SEARCH_ALIAS_REVIEWED,"Official name/common name, including preparation qualifiers. Search aid only."
FC000157,"Oatmeal, instant",https://i.fnri.dost.gov.ph/fct/library/report/3110,SEARCH_ALIAS_REVIEWED,"Official name/common name, including preparation qualifiers. Search aid only."
FC000158,"Oats, quick-cooking",https://i.fnri.dost.gov.ph/fct/library/report/3111,SEARCH_ALIAS_REVIEWED,"Official name/common name, including preparation qualifiers. Search aid only."
FC000159,"Pasta, macaroni",https://i.fnri.dost.gov.ph/fct/library/report/3114,SEARCH_ALIAS_REVIEWED,"Official name/common name, including preparation qualifiers. Search aid only."
FC000160,"Pasta, spaghetti",https://i.fnri.dost.gov.ph/fct/library/report/3115,SEARCH_ALIAS_REVIEWED,"Official name/common name, including preparation qualifiers. Search aid only."
FC000161,"Rice cake (glutinous), bibingka",https://i.fnri.dost.gov.ph/fct/library/report/3129,SEARCH_ALIAS_REVIEWED,"Official name/common name, including preparation qualifiers. Search aid only."
FC000161,"Bibingka, malagkit",https://i.fnri.dost.gov.ph/fct/library/report/3129,SEARCH_ALIAS_REVIEWED,"Official name/common name, including preparation qualifiers. Search aid only."
FC000162,"Rice cake (glutinous), biko",https://i.fnri.dost.gov.ph/fct/library/report/3130,SEARCH_ALIAS_REVIEWED,"Official name/common name, including preparation qualifiers. Search aid only."
FC000162,Biko/Sinukmani,https://i.fnri.dost.gov.ph/fct/library/report/3130,SEARCH_ALIAS_REVIEWED,"Official name/common name, including preparation qualifiers. Search aid only."
FC000163,"Rice cake, bibingka",https://i.fnri.dost.gov.ph/fct/library/report/3135,SEARCH_ALIAS_REVIEWED,"Official name/common name, including preparation qualifiers. Search aid only."
FC000163,Bibingkang galapong,https://i.fnri.dost.gov.ph/fct/library/report/3135,SEARCH_ALIAS_REVIEWED,"Official name/common name, including preparation qualifiers. Search aid only."
FC000164,"Rice cake, puto bumbong, purple",https://i.fnri.dost.gov.ph/fct/library/report/3137,SEARCH_ALIAS_REVIEWED,"Official name/common name, including preparation qualifiers. Search aid only."
FC000164,Puto bumbong,https://i.fnri.dost.gov.ph/fct/library/report/3137,SEARCH_ALIAS_REVIEWED,"Official name/common name, including preparation qualifiers. Search aid only."
FC000165,"Rice cake, puto, white",https://i.fnri.dost.gov.ph/fct/library/report/3139,SEARCH_ALIAS_REVIEWED,"Official name/common name, including preparation qualifiers. Search aid only."
FC000165,Puto puti,https://i.fnri.dost.gov.ph/fct/library/report/3139,SEARCH_ALIAS_REVIEWED,"Official name/common name, including preparation qualifiers. Search aid only."
FC000166,"Rice cake, cuchinta",https://i.fnri.dost.gov.ph/fct/library/report/3141,SEARCH_ALIAS_REVIEWED,"Official name/common name, including preparation qualifiers. Search aid only."
FC000166,Cuchinta/Kutsinta,https://i.fnri.dost.gov.ph/fct/library/report/3141,SEARCH_ALIAS_REVIEWED,"Official name/common name, including preparation qualifiers. Search aid only."
FC000167,"Rice prep (glutinous), palitaw",https://i.fnri.dost.gov.ph/fct/library/report/3150,SEARCH_ALIAS_REVIEWED,"Official name/common name, including preparation qualifiers. Search aid only."
FC000167,Palitaw,https://i.fnri.dost.gov.ph/fct/library/report/3150,SEARCH_ALIAS_REVIEWED,"Official name/common name, including preparation qualifiers. Search aid only."
FC000168,"Rice prep (glutinous), sapin-sapin",https://i.fnri.dost.gov.ph/fct/library/report/3152,SEARCH_ALIAS_REVIEWED,"Official name/common name, including preparation qualifiers. Search aid only."
FC000168,Sapin-sapin,https://i.fnri.dost.gov.ph/fct/library/report/3152,SEARCH_ALIAS_REVIEWED,"Official name/common name, including preparation qualifiers. Search aid only."
FC000169,"Rice prep (glutinous), suman sa ibos",https://i.fnri.dost.gov.ph/fct/library/report/3153,SEARCH_ALIAS_REVIEWED,"Official name/common name, including preparation qualifiers. Search aid only."
FC000169,Suman sa ibos,https://i.fnri.dost.gov.ph/fct/library/report/3153,SEARCH_ALIAS_REVIEWED,"Official name/common name, including preparation qualifiers. Search aid only."
FC000170,"Rice prep (glutinous), suman, lye-treated",https://i.fnri.dost.gov.ph/fct/library/report/3154,SEARCH_ALIAS_REVIEWED,"Official name/common name, including preparation qualifiers. Search aid only."
FC000170,Suman sa lihiya,https://i.fnri.dost.gov.ph/fct/library/report/3154,SEARCH_ALIAS_REVIEWED,"Official name/common name, including preparation qualifiers. Search aid only."
FC000171,"Spring roll wrapper, plain",https://i.fnri.dost.gov.ph/fct/library/report/3162,SEARCH_ALIAS_REVIEWED,"Official name/common name, including preparation qualifiers. Search aid only."
FC000171,Balat ng lumpia/Lumpia wrapper,https://i.fnri.dost.gov.ph/fct/library/report/3162,SEARCH_ALIAS_REVIEWED,"Official name/common name, including preparation qualifiers. Search aid only."
FC000172,"Wheat flour, all-purpose",https://i.fnri.dost.gov.ph/fct/library/report/3163,SEARCH_ALIAS_REVIEWED,"Official name/common name, including preparation qualifiers. Search aid only."
FC000172,"Arina, trigo, all-purpose",https://i.fnri.dost.gov.ph/fct/library/report/3163,SEARCH_ALIAS_REVIEWED,"Official name/common name, including preparation qualifiers. Search aid only."
FC000173,"Bread, brown",https://i.fnri.dost.gov.ph/fct/library/report/2993,SEARCH_ALIAS_REVIEWED,"Official name/common name, including preparation qualifiers. Search aid only."
FC000174,"Bread, cheese roll",https://i.fnri.dost.gov.ph/fct/library/report/2994,SEARCH_ALIAS_REVIEWED,"Official name/common name, including preparation qualifiers. Search aid only."
FC000175,"Bread, pan de leche",https://i.fnri.dost.gov.ph/fct/library/report/3001,SEARCH_ALIAS_REVIEWED,"Official name/common name, including preparation qualifiers. Search aid only."
FC000176,"Cake, banana",https://i.fnri.dost.gov.ph/fct/library/report/3013,SEARCH_ALIAS_REVIEWED,"Official name/common name, including preparation qualifiers. Search aid only."
FC000177,"Cake, kababayan",https://i.fnri.dost.gov.ph/fct/library/report/3021,SEARCH_ALIAS_REVIEWED,"Official name/common name, including preparation qualifiers. Search aid only."
FC000178,"Cookies, otap",https://i.fnri.dost.gov.ph/fct/library/report/3056,SEARCH_ALIAS_REVIEWED,"Official name/common name, including preparation qualifiers. Search aid only."
FC000179,"Rice, glutinous, parboiled, flattened",https://i.fnri.dost.gov.ph/fct/library/report/2973,SEARCH_ALIAS_REVIEWED,"Official name/common name, including preparation qualifiers. Search aid only."
FC000179,Pinipig,https://i.fnri.dost.gov.ph/fct/library/report/2973,SEARCH_ALIAS_REVIEWED,"Official name/common name, including preparation qualifiers. Search aid only."
FC000180,"Rice, undermilled, glutinous, purple, boiled",https://i.fnri.dost.gov.ph/fct/library/report/2978,SEARCH_ALIAS_REVIEWED,"Official name/common name, including preparation qualifiers. Search aid only."
FC000180,"Bigas, malagkit, pirurutong, sinaing",https://i.fnri.dost.gov.ph/fct/library/report/2978,SEARCH_ALIAS_REVIEWED,"Official name/common name, including preparation qualifiers. Search aid only."
FC000181,"Rice-corn mixture (1:1), boiled",https://i.fnri.dost.gov.ph/fct/library/report/2985,SEARCH_ALIAS_REVIEWED,"Official name/common name, including preparation qualifiers. Search aid only."
FC000181,"Bigas-mais pinaghalo (1:1), sinaing",https://i.fnri.dost.gov.ph/fct/library/report/2985,SEARCH_ALIAS_REVIEWED,"Official name/common name, including preparation qualifiers. Search aid only."
FC000182,"Rice water, ckd, thin",https://i.fnri.dost.gov.ph/fct/library/report/3158,SEARCH_ALIAS_REVIEWED,"Official name/common name, including preparation qualifiers. Search aid only."
FC000182,"Am, malabnaw",https://i.fnri.dost.gov.ph/fct/library/report/3158,SEARCH_ALIAS_REVIEWED,"Official name/common name, including preparation qualifiers. Search aid only."
FC000183,"Corn grits, white",https://i.fnri.dost.gov.ph/fct/library/report/2963,SEARCH_ALIAS_REVIEWED,"Official name/common name, including preparation qualifiers. Search aid only."
FC000183,"Mais, durog, puti",https://i.fnri.dost.gov.ph/fct/library/report/2963,SEARCH_ALIAS_REVIEWED,"Official name/common name, including preparation qualifiers. Search aid only."
FC000184,"Corn grits, yellow",https://i.fnri.dost.gov.ph/fct/library/report/2964,SEARCH_ALIAS_REVIEWED,"Official name/common name, including preparation qualifiers. Search aid only."
FC000184,"Mais, durog, dilaw",https://i.fnri.dost.gov.ph/fct/library/report/2964,SEARCH_ALIAS_REVIEWED,"Official name/common name, including preparation qualifiers. Search aid only."
FC000185,"Corn on cob, white",https://i.fnri.dost.gov.ph/fct/library/report/2965,SEARCH_ALIAS_REVIEWED,"Official name/common name, including preparation qualifiers. Search aid only."
FC000185,"Mais sa busal, puti",https://i.fnri.dost.gov.ph/fct/library/report/2965,SEARCH_ALIAS_REVIEWED,"Official name/common name, including preparation qualifiers. Search aid only."
FC000186,"Corn on cob, yellow",https://i.fnri.dost.gov.ph/fct/library/report/2966,SEARCH_ALIAS_REVIEWED,"Official name/common name, including preparation qualifiers. Search aid only."
FC000186,"Mais sa busal, dilaw",https://i.fnri.dost.gov.ph/fct/library/report/2966,SEARCH_ALIAS_REVIEWED,"Official name/common name, including preparation qualifiers. Search aid only."
FC000187,"Cornmeal, white",https://i.fnri.dost.gov.ph/fct/library/report/2968,SEARCH_ALIAS_REVIEWED,"Official name/common name, including preparation qualifiers. Search aid only."
FC000187,"Mais, giniling, puti",https://i.fnri.dost.gov.ph/fct/library/report/2968,SEARCH_ALIAS_REVIEWED,"Official name/common name, including preparation qualifiers. Search aid only."
FC000188,"Cornmeal, yellow",https://i.fnri.dost.gov.ph/fct/library/report/2969,SEARCH_ALIAS_REVIEWED,"Official name/common name, including preparation qualifiers. Search aid only."
FC000188,"Mais, giniling, dilaw",https://i.fnri.dost.gov.ph/fct/library/report/2969,SEARCH_ALIAS_REVIEWED,"Official name/common name, including preparation qualifiers. Search aid only."
FC000189,Rice bran,https://i.fnri.dost.gov.ph/fct/library/report/2972,SEARCH_ALIAS_REVIEWED,"Official name/common name, including preparation qualifiers. Search aid only."
FC000189,Darak,https://i.fnri.dost.gov.ph/fct/library/report/2972,SEARCH_ALIAS_REVIEWED,"Official name/common name, including preparation qualifiers. Search aid only."
FC000190,"Rice, milled, glutinous, milled w/ water",https://i.fnri.dost.gov.ph/fct/library/report/2975,SEARCH_ALIAS_REVIEWED,"Official name/common name, including preparation qualifiers. Search aid only."
FC000190,"Bigas, malagkit, galapong",https://i.fnri.dost.gov.ph/fct/library/report/2975,SEARCH_ALIAS_REVIEWED,"Official name/common name, including preparation qualifiers. Search aid only."
FC000191,"Rice, undermilled, glutinous, purple",https://i.fnri.dost.gov.ph/fct/library/report/2977,SEARCH_ALIAS_REVIEWED,"Official name/common name, including preparation qualifiers. Search aid only."
FC000191,"Bigas, malagkit, pirurutong",https://i.fnri.dost.gov.ph/fct/library/report/2977,SEARCH_ALIAS_REVIEWED,"Official name/common name, including preparation qualifiers. Search aid only."
FC000192,"Rice, undermilled, red",https://i.fnri.dost.gov.ph/fct/library/report/2979,SEARCH_ALIAS_REVIEWED,"Official name/common name, including preparation qualifiers. Search aid only."
FC000192,"Bigas, mapula",https://i.fnri.dost.gov.ph/fct/library/report/2979,SEARCH_ALIAS_REVIEWED,"Official name/common name, including preparation qualifiers. Search aid only."
FC000193,"Rice, well-milled",https://i.fnri.dost.gov.ph/fct/library/report/2981,SEARCH_ALIAS_REVIEWED,"Official name/common name, including preparation qualifiers. Search aid only."
FC000193,"Bigas, maputi",https://i.fnri.dost.gov.ph/fct/library/report/2981,SEARCH_ALIAS_REVIEWED,"Official name/common name, including preparation qualifiers. Search aid only."
FC000194,Rice-corn mixture (1:1),https://i.fnri.dost.gov.ph/fct/library/report/2984,SEARCH_ALIAS_REVIEWED,"Official name/common name, including preparation qualifiers. Search aid only."
FC000194,Bigas-mais pinaghalo (1:1),https://i.fnri.dost.gov.ph/fct/library/report/2984,SEARCH_ALIAS_REVIEWED,"Official name/common name, including preparation qualifiers. Search aid only."
FC000195,Bicho-bicho,https://i.fnri.dost.gov.ph/fct/library/report/2990,SEARCH_ALIAS_REVIEWED,"Official name/common name, including preparation qualifiers. Search aid only."
FC000195,Bitsu-bitso,https://i.fnri.dost.gov.ph/fct/library/report/2990,SEARCH_ALIAS_REVIEWED,"Official name/common name, including preparation qualifiers. Search aid only."
FC000196,Karyoka,https://i.fnri.dost.gov.ph/fct/library/report/3092,SEARCH_ALIAS_REVIEWED,"Official name/common name, including preparation qualifiers. Search aid only."
FC000196,Carioca,https://i.fnri.dost.gov.ph/fct/library/report/3092,SEARCH_ALIAS_REVIEWED,"Official name/common name, including preparation qualifiers. Search aid only."
FC000197,"Noodles, rice, fideos",https://i.fnri.dost.gov.ph/fct/library/report/3098,SEARCH_ALIAS_REVIEWED,"Official name/common name, including preparation qualifiers. Search aid only."
FC000197,Fideos,https://i.fnri.dost.gov.ph/fct/library/report/3098,SEARCH_ALIAS_REVIEWED,"Official name/common name, including preparation qualifiers. Search aid only."
FC000198,"Cassava, boiled",https://i.fnri.dost.gov.ph/fct/library/report/3169,SEARCH_ALIAS_REVIEWED,"Official name/common name, including preparation qualifiers. Search aid only."
FC000198,"Kamoteng kahoy/Balinghoy, nilaga",https://i.fnri.dost.gov.ph/fct/library/report/3169,SEARCH_ALIAS_REVIEWED,"Official name/common name, including preparation qualifiers. Search aid only."
FC000199,"Potato, boiled",https://i.fnri.dost.gov.ph/fct/library/report/3175,SEARCH_ALIAS_REVIEWED,"Official name/common name, including preparation qualifiers. Search aid only."
FC000199,"Patatas, nilaga",https://i.fnri.dost.gov.ph/fct/library/report/3175,SEARCH_ALIAS_REVIEWED,"Official name/common name, including preparation qualifiers. Search aid only."
FC000200,"Sweet potato, purple, boiled",https://i.fnri.dost.gov.ph/fct/library/report/3177,SEARCH_ALIAS_REVIEWED,"Official name/common name, including preparation qualifiers. Search aid only."
FC000200,"Kamote, murado, nilaga",https://i.fnri.dost.gov.ph/fct/library/report/3177,SEARCH_ALIAS_REVIEWED,"Official name/common name, including preparation qualifiers. Search aid only."
FC000201,"Taro, boiled",https://i.fnri.dost.gov.ph/fct/library/report/3183,SEARCH_ALIAS_REVIEWED,"Official name/common name, including preparation qualifiers. Search aid only."
FC000201,"Gabi, nilaga",https://i.fnri.dost.gov.ph/fct/library/report/3183,SEARCH_ALIAS_REVIEWED,"Official name/common name, including preparation qualifiers. Search aid only."
FC000202,"Yam, purple, boiled",https://i.fnri.dost.gov.ph/fct/library/report/3188,SEARCH_ALIAS_REVIEWED,"Official name/common name, including preparation qualifiers. Search aid only."
FC000202,"Ubi/Ube, nilaga",https://i.fnri.dost.gov.ph/fct/library/report/3188,SEARCH_ALIAS_REVIEWED,"Official name/common name, including preparation qualifiers. Search aid only."
FC000203,"Potato, French-fried",https://i.fnri.dost.gov.ph/fct/library/report/3201,SEARCH_ALIAS_REVIEWED,"Official name/common name, including preparation qualifiers. Search aid only."
FC000203,French fries,https://i.fnri.dost.gov.ph/fct/library/report/3201,SEARCH_ALIAS_REVIEWED,"Official name/common name, including preparation qualifiers. Search aid only."
FC000204,"Tapioca starch ball, boiled",https://i.fnri.dost.gov.ph/fct/library/report/3203,SEARCH_ALIAS_REVIEWED,"Official name/common name, including preparation qualifiers. Search aid only."
FC000204,"Sago, nilaga/Tapioca pearl, boiled",https://i.fnri.dost.gov.ph/fct/library/report/3203,SEARCH_ALIAS_REVIEWED,"Official name/common name, including preparation qualifiers. Search aid only."
FC000205,"Sweet potato, w/ sugar, fried",https://i.fnri.dost.gov.ph/fct/library/report/3204,SEARCH_ALIAS_REVIEWED,"Official name/common name, including preparation qualifiers. Search aid only."
FC000205,Kamote cue,https://i.fnri.dost.gov.ph/fct/library/report/3204,SEARCH_ALIAS_REVIEWED,"Official name/common name, including preparation qualifiers. Search aid only."
FC000206,"Cassava, yellow",https://i.fnri.dost.gov.ph/fct/library/report/3170,SEARCH_ALIAS_REVIEWED,"Official name/common name, including preparation qualifiers. Search aid only."
FC000206,"Kamoteng kahoy/Balinghoy, dilaw",https://i.fnri.dost.gov.ph/fct/library/report/3170,SEARCH_ALIAS_REVIEWED,"Official name/common name, including preparation qualifiers. Search aid only."
FC000207,Potato,https://i.fnri.dost.gov.ph/fct/library/report/3174,SEARCH_ALIAS_REVIEWED,"Official name/common name, including preparation qualifiers. Search aid only."
FC000207,Patatas,https://i.fnri.dost.gov.ph/fct/library/report/3174,SEARCH_ALIAS_REVIEWED,"Official name/common name, including preparation qualifiers. Search aid only."
FC000208,"Sweet potato, purple",https://i.fnri.dost.gov.ph/fct/library/report/3176,SEARCH_ALIAS_REVIEWED,"Official name/common name, including preparation qualifiers. Search aid only."
FC000208,"Kamote, murado",https://i.fnri.dost.gov.ph/fct/library/report/3176,SEARCH_ALIAS_REVIEWED,"Official name/common name, including preparation qualifiers. Search aid only."
FC000209,"Sweet potato, white",https://i.fnri.dost.gov.ph/fct/library/report/3178,SEARCH_ALIAS_REVIEWED,"Official name/common name, including preparation qualifiers. Search aid only."
FC000209,"Kamote, puti",https://i.fnri.dost.gov.ph/fct/library/report/3178,SEARCH_ALIAS_REVIEWED,"Official name/common name, including preparation qualifiers. Search aid only."
FC000210,"Sweet potato, yellow",https://i.fnri.dost.gov.ph/fct/library/report/3180,SEARCH_ALIAS_REVIEWED,"Official name/common name, including preparation qualifiers. Search aid only."
FC000210,"Kamote, dilaw",https://i.fnri.dost.gov.ph/fct/library/report/3180,SEARCH_ALIAS_REVIEWED,"Official name/common name, including preparation qualifiers. Search aid only."
FC000211,"Cassava cake, bibingka",https://i.fnri.dost.gov.ph/fct/library/report/3193,SEARCH_ALIAS_REVIEWED,"Official name/common name, including preparation qualifiers. Search aid only."
FC000211,"Kamoteng kahoy, bibingka",https://i.fnri.dost.gov.ph/fct/library/report/3193,SEARCH_ALIAS_REVIEWED,"Official name/common name, including preparation qualifiers. Search aid only."
FC000212,Cassava flour,https://i.fnri.dost.gov.ph/fct/library/report/3194,SEARCH_ALIAS_REVIEWED,"Official name/common name, including preparation qualifiers. Search aid only."
FC000212,"Kamoteng kahoy, arina",https://i.fnri.dost.gov.ph/fct/library/report/3194,SEARCH_ALIAS_REVIEWED,"Official name/common name, including preparation qualifiers. Search aid only."
FC000213,Cassava fritter,https://i.fnri.dost.gov.ph/fct/library/report/3195,SEARCH_ALIAS_REVIEWED,"Official name/common name, including preparation qualifiers. Search aid only."
FC000213,"Kamoteng kahoy, maruya",https://i.fnri.dost.gov.ph/fct/library/report/3195,SEARCH_ALIAS_REVIEWED,"Official name/common name, including preparation qualifiers. Search aid only."
FC000214,Cassava pudding,https://i.fnri.dost.gov.ph/fct/library/report/3196,SEARCH_ALIAS_REVIEWED,"Official name/common name, including preparation qualifiers. Search aid only."
FC000214,"Kamoteng kahoy, budin",https://i.fnri.dost.gov.ph/fct/library/report/3196,SEARCH_ALIAS_REVIEWED,"Official name/common name, including preparation qualifiers. Search aid only."
FC000215,"Cassava, mashed, w/ sugar & marg",https://i.fnri.dost.gov.ph/fct/library/report/3197,SEARCH_ALIAS_REVIEWED,"Official name/common name, including preparation qualifiers. Search aid only."
FC000215,"Kamoteng kahoy, linupak",https://i.fnri.dost.gov.ph/fct/library/report/3197,SEARCH_ALIAS_REVIEWED,"Official name/common name, including preparation qualifiers. Search aid only."
FC000216,"Cassava, suman",https://i.fnri.dost.gov.ph/fct/library/report/3198,SEARCH_ALIAS_REVIEWED,"Official name/common name, including preparation qualifiers. Search aid only."
FC000216,"Kamoteng kahoy, suman",https://i.fnri.dost.gov.ph/fct/library/report/3198,SEARCH_ALIAS_REVIEWED,"Official name/common name, including preparation qualifiers. Search aid only."
FC000217,"Potato chips, cheese flvr",https://i.fnri.dost.gov.ph/fct/library/report/3200,SEARCH_ALIAS_REVIEWED,"Official name/common name, including preparation qualifiers. Search aid only."
FC000218,Tapioca starch ball,https://i.fnri.dost.gov.ph/fct/library/report/3202,SEARCH_ALIAS_REVIEWED,"Official name/common name, including preparation qualifiers. Search aid only."
FC000218,Sago/Tapioca pearl,https://i.fnri.dost.gov.ph/fct/library/report/3202,SEARCH_ALIAS_REVIEWED,"Official name/common name, including preparation qualifiers. Search aid only."
FC000219,"Yam, purple, pudding",https://i.fnri.dost.gov.ph/fct/library/report/3207,SEARCH_ALIAS_REVIEWED,"Official name/common name, including preparation qualifiers. Search aid only."
FC000219,"Ubi, maja",https://i.fnri.dost.gov.ph/fct/library/report/3207,SEARCH_ALIAS_REVIEWED,"Official name/common name, including preparation qualifiers. Search aid only."
FC000220,"Yam, purple, pudding,w/ grtd coconut topping",https://i.fnri.dost.gov.ph/fct/library/report/3208,SEARCH_ALIAS_REVIEWED,"Official name/common name, including preparation qualifiers. Search aid only."
FC000220,"Ubi, maja, may niyog",https://i.fnri.dost.gov.ph/fct/library/report/3208,SEARCH_ALIAS_REVIEWED,"Official name/common name, including preparation qualifiers. Search aid only."
FC000221,"Sweet potato, orange",https://i.fnri.dost.gov.ph/fct/library/report/3210,SEARCH_ALIAS_REVIEWED,"Official name/common name, including preparation qualifiers. Search aid only."
FC000222,"East Indian arrowroot, boiled",https://i.fnri.dost.gov.ph/fct/library/report/3172,SEARCH_ALIAS_REVIEWED,"Official name/common name, including preparation qualifiers. Search aid only."
FC000222,"Yabyaban, nilaga",https://i.fnri.dost.gov.ph/fct/library/report/3172,SEARCH_ALIAS_REVIEWED,"Official name/common name, including preparation qualifiers. Search aid only."
FC000223,"Cashew nut, roasted",https://i.fnri.dost.gov.ph/fct/library/report/3212,SEARCH_ALIAS_REVIEWED,"Official name/common name, including preparation qualifiers. Search aid only."
FC000223,"Kasuy, binusa",https://i.fnri.dost.gov.ph/fct/library/report/3212,SEARCH_ALIAS_REVIEWED,"Official name/common name, including preparation qualifiers. Search aid only."
FC000224,"Chickpea, dried, boiled",https://i.fnri.dost.gov.ph/fct/library/report/3215,SEARCH_ALIAS_REVIEWED,"Official name/common name, including preparation qualifiers. Search aid only."
FC000224,"Garbansos/Garbanzo, tuyo, nilaga",https://i.fnri.dost.gov.ph/fct/library/report/3215,SEARCH_ALIAS_REVIEWED,"Official name/common name, including preparation qualifiers. Search aid only."
FC000225,"Kidney bean seed, red, dried, boiled",https://i.fnri.dost.gov.ph/fct/library/report/3231,SEARCH_ALIAS_REVIEWED,"Official name/common name, including preparation qualifiers. Search aid only."
FC000225,"Abitsuwelas buto, pula, tuyo, nilaga",https://i.fnri.dost.gov.ph/fct/library/report/3231,SEARCH_ALIAS_REVIEWED,"Official name/common name, including preparation qualifiers. Search aid only."
FC000226,"Peanut w/ shell, boiled",https://i.fnri.dost.gov.ph/fct/library/report/3245,SEARCH_ALIAS_REVIEWED,"Official name/common name, including preparation qualifiers. Search aid only."
FC000226,"Mani, may balat, nilaga",https://i.fnri.dost.gov.ph/fct/library/report/3245,SEARCH_ALIAS_REVIEWED,"Official name/common name, including preparation qualifiers. Search aid only."
FC000227,"Peanut w/ skin, roasted",https://i.fnri.dost.gov.ph/fct/library/report/3246,SEARCH_ALIAS_REVIEWED,"Official name/common name, including preparation qualifiers. Search aid only."
FC000227,"Mani, may balok, binusa",https://i.fnri.dost.gov.ph/fct/library/report/3246,SEARCH_ALIAS_REVIEWED,"Official name/common name, including preparation qualifiers. Search aid only."
FC000228,"Soybean seed, yellow, dried, boiled",https://i.fnri.dost.gov.ph/fct/library/report/3258,SEARCH_ALIAS_REVIEWED,"Official name/common name, including preparation qualifiers. Search aid only."
FC000228,"Utaw buto, dilaw, tuyo, nilaga",https://i.fnri.dost.gov.ph/fct/library/report/3258,SEARCH_ALIAS_REVIEWED,"Official name/common name, including preparation qualifiers. Search aid only."
FC000229,"Chickpea, dried",https://i.fnri.dost.gov.ph/fct/library/report/3214,SEARCH_ALIAS_REVIEWED,"Official name/common name, including preparation qualifiers. Search aid only."
FC000229,"Garbansos/Garbanzo, tuyo",https://i.fnri.dost.gov.ph/fct/library/report/3214,SEARCH_ALIAS_REVIEWED,"Official name/common name, including preparation qualifiers. Search aid only."
FC000230,"Coconut meat, mature",https://i.fnri.dost.gov.ph/fct/library/report/3216,SEARCH_ALIAS_REVIEWED,"Official name/common name, including preparation qualifiers. Search aid only."
FC000230,"Niyog, magulang",https://i.fnri.dost.gov.ph/fct/library/report/3216,SEARCH_ALIAS_REVIEWED,"Official name/common name, including preparation qualifiers. Search aid only."
FC000231,"Coconut meat, very young",https://i.fnri.dost.gov.ph/fct/library/report/3217,SEARCH_ALIAS_REVIEWED,"Official name/common name, including preparation qualifiers. Search aid only."
FC000231,"Buko, malauhog",https://i.fnri.dost.gov.ph/fct/library/report/3217,SEARCH_ALIAS_REVIEWED,"Official name/common name, including preparation qualifiers. Search aid only."
FC000232,"Coconut meat, young",https://i.fnri.dost.gov.ph/fct/library/report/3218,SEARCH_ALIAS_REVIEWED,"Official name/common name, including preparation qualifiers. Search aid only."
FC000232,"Buko, malakanin",https://i.fnri.dost.gov.ph/fct/library/report/3218,SEARCH_ALIAS_REVIEWED,"Official name/common name, including preparation qualifiers. Search aid only."
FC000233,"Kidney bean seed, red, dried",https://i.fnri.dost.gov.ph/fct/library/report/3230,SEARCH_ALIAS_REVIEWED,"Official name/common name, including preparation qualifiers. Search aid only."
FC000233,"Abitsuwelas buto, pula, tuyo",https://i.fnri.dost.gov.ph/fct/library/report/3230,SEARCH_ALIAS_REVIEWED,"Official name/common name, including preparation qualifiers. Search aid only."
FC000234,"Mung bean seed, green, dried",https://i.fnri.dost.gov.ph/fct/library/report/3237,SEARCH_ALIAS_REVIEWED,"Official name/common name, including preparation qualifiers. Search aid only."
FC000234,"Munggo buto, berde, tuyo",https://i.fnri.dost.gov.ph/fct/library/report/3237,SEARCH_ALIAS_REVIEWED,"Official name/common name, including preparation qualifiers. Search aid only."
FC000235,"Sesame seed, dried",https://i.fnri.dost.gov.ph/fct/library/report/3253,SEARCH_ALIAS_REVIEWED,"Official name/common name, including preparation qualifiers. Search aid only."
FC000235,"Linga, tuyo",https://i.fnri.dost.gov.ph/fct/library/report/3253,SEARCH_ALIAS_REVIEWED,"Official name/common name, including preparation qualifiers. Search aid only."
FC000236,"Soybean seed, dried",https://i.fnri.dost.gov.ph/fct/library/report/3254,SEARCH_ALIAS_REVIEWED,"Official name/common name, including preparation qualifiers. Search aid only."
FC000236,"Utaw buto, tuyo",https://i.fnri.dost.gov.ph/fct/library/report/3254,SEARCH_ALIAS_REVIEWED,"Official name/common name, including preparation qualifiers. Search aid only."
FC000237,"Chickpea, cnd",https://i.fnri.dost.gov.ph/fct/library/report/3261,SEARCH_ALIAS_REVIEWED,"Official name/common name, including preparation qualifiers. Search aid only."
FC000237,"Garbansos, de lata",https://i.fnri.dost.gov.ph/fct/library/report/3261,SEARCH_ALIAS_REVIEWED,"Official name/common name, including preparation qualifiers. Search aid only."
FC000238,"Green pea, in brine, cnd",https://i.fnri.dost.gov.ph/fct/library/report/3265,SEARCH_ALIAS_REVIEWED,"Official name/common name, including preparation qualifiers. Search aid only."
FC000238,"Gisantes, de lata",https://i.fnri.dost.gov.ph/fct/library/report/3265,SEARCH_ALIAS_REVIEWED,"Official name/common name, including preparation qualifiers. Search aid only."
FC000239,Peanut butter,https://i.fnri.dost.gov.ph/fct/library/report/3268,SEARCH_ALIAS_REVIEWED,"Official name/common name, including preparation qualifiers. Search aid only."
FC000240,"Soybean cheese, salted",https://i.fnri.dost.gov.ph/fct/library/report/3271,SEARCH_ALIAS_REVIEWED,"Official name/common name, including preparation qualifiers. Search aid only."
FC000240,Tahure,https://i.fnri.dost.gov.ph/fct/library/report/3271,SEARCH_ALIAS_REVIEWED,"Official name/common name, including preparation qualifiers. Search aid only."
FC000241,"Soybean seed, black, fermented",https://i.fnri.dost.gov.ph/fct/library/report/3272,SEARCH_ALIAS_REVIEWED,"Official name/common name, including preparation qualifiers. Search aid only."
FC000241,Tausi,https://i.fnri.dost.gov.ph/fct/library/report/3272,SEARCH_ALIAS_REVIEWED,"Official name/common name, including preparation qualifiers. Search aid only."
FC000242,Soybean pudding/ Geerlig's cheese,https://i.fnri.dost.gov.ph/fct/library/report/3275,SEARCH_ALIAS_REVIEWED,"Official name/common name, including preparation qualifiers. Search aid only."
FC000242,Taho/Tahu,https://i.fnri.dost.gov.ph/fct/library/report/3275,SEARCH_ALIAS_REVIEWED,"Official name/common name, including preparation qualifiers. Search aid only."
FC000243,Soybean pudding/Geerlig's cheese w/ syrup & tapioca starch ball,https://i.fnri.dost.gov.ph/fct/library/report/3276,SEARCH_ALIAS_REVIEWED,"Official name/common name, including preparation qualifiers. Search aid only."
FC000243,"Taho/Tahu, may arnibal at sago",https://i.fnri.dost.gov.ph/fct/library/report/3276,SEARCH_ALIAS_REVIEWED,"Official name/common name, including preparation qualifiers. Search aid only."
FC000244,"Soybean paste, miso",https://i.fnri.dost.gov.ph/fct/library/report/3277,SEARCH_ALIAS_REVIEWED,"Official name/common name, including preparation qualifiers. Search aid only."
FC000244,Miso,https://i.fnri.dost.gov.ph/fct/library/report/3277,SEARCH_ALIAS_REVIEWED,"Official name/common name, including preparation qualifiers. Search aid only."
FC000245,"Soybean seed, yellow, cnd, drnd",https://i.fnri.dost.gov.ph/fct/library/report/3278,SEARCH_ALIAS_REVIEWED,"Official name/common name, including preparation qualifiers. Search aid only."
FC000245,"Utaw, dilaw, de lata",https://i.fnri.dost.gov.ph/fct/library/report/3278,SEARCH_ALIAS_REVIEWED,"Official name/common name, including preparation qualifiers. Search aid only."
FC000246,"Watermelon seed, dried, salted",https://i.fnri.dost.gov.ph/fct/library/report/3279,SEARCH_ALIAS_REVIEWED,"Official name/common name, including preparation qualifiers. Search aid only."
FC000246,Butong pakwan,https://i.fnri.dost.gov.ph/fct/library/report/3279,SEARCH_ALIAS_REVIEWED,"Official name/common name, including preparation qualifiers. Search aid only."
FC000247,"Kidney bean seed, black, dried, boiled",https://i.fnri.dost.gov.ph/fct/library/report/3229,SEARCH_ALIAS_REVIEWED,"Official name/common name, including preparation qualifiers. Search aid only."
FC000247,"Abitsuwelas buto, itim, tuyo, nilaga",https://i.fnri.dost.gov.ph/fct/library/report/3229,SEARCH_ALIAS_REVIEWED,"Official name/common name, including preparation qualifiers. Search aid only."
FC000248,"Bamboo shoot, boiled",https://i.fnri.dost.gov.ph/fct/library/report/3290,SEARCH_ALIAS_REVIEWED,"Official name/common name, including preparation qualifiers. Search aid only."
FC000248,"Labong, nilaga",https://i.fnri.dost.gov.ph/fct/library/report/3290,SEARCH_ALIAS_REVIEWED,"Official name/common name, including preparation qualifiers. Search aid only."
FC000249,"Banana heart, butuan, boiled",https://i.fnri.dost.gov.ph/fct/library/report/3293,SEARCH_ALIAS_REVIEWED,"Official name/common name, including preparation qualifiers. Search aid only."
FC000249,"Puso, saging, butuan, nilaga",https://i.fnri.dost.gov.ph/fct/library/report/3293,SEARCH_ALIAS_REVIEWED,"Official name/common name, including preparation qualifiers. Search aid only."
FC000250,"Bitter melon/gourd fruit, boiled",https://i.fnri.dost.gov.ph/fct/library/report/3298,SEARCH_ALIAS_REVIEWED,"Official name/common name, including preparation qualifiers. Search aid only."
FC000250,"Ampalaya bunga, nilaga",https://i.fnri.dost.gov.ph/fct/library/report/3298,SEARCH_ALIAS_REVIEWED,"Official name/common name, including preparation qualifiers. Search aid only."
FC000251,"Bottle gourd fruit, boiled",https://i.fnri.dost.gov.ph/fct/library/report/3305,SEARCH_ALIAS_REVIEWED,"Official name/common name, including preparation qualifiers. Search aid only."
FC000251,"Upo bunga, nilaga",https://i.fnri.dost.gov.ph/fct/library/report/3305,SEARCH_ALIAS_REVIEWED,"Official name/common name, including preparation qualifiers. Search aid only."
FC000252,"Cabbage, green, boiled",https://i.fnri.dost.gov.ph/fct/library/report/3315,SEARCH_ALIAS_REVIEWED,"Official name/common name, including preparation qualifiers. Search aid only."
FC000252,"Repolyo, berde, nilaga",https://i.fnri.dost.gov.ph/fct/library/report/3315,SEARCH_ALIAS_REVIEWED,"Official name/common name, including preparation qualifiers. Search aid only."
FC000253,"Cauliflower, boiled",https://i.fnri.dost.gov.ph/fct/library/report/3325,SEARCH_ALIAS_REVIEWED,"Official name/common name, including preparation qualifiers. Search aid only."
FC000254,"Chayote fruit, boiled",https://i.fnri.dost.gov.ph/fct/library/report/3330,SEARCH_ALIAS_REVIEWED,"Official name/common name, including preparation qualifiers. Search aid only."
FC000254,"Sayote bunga, nilaga/Vegetable pear fruit, boiled",https://i.fnri.dost.gov.ph/fct/library/report/3330,SEARCH_ALIAS_REVIEWED,"Official name/common name, including preparation qualifiers. Search aid only."
FC000255,"Chinese cabbage, boiled",https://i.fnri.dost.gov.ph/fct/library/report/3334,SEARCH_ALIAS_REVIEWED,"Official name/common name, including preparation qualifiers. Search aid only."
FC000255,"Pechay Baguio, nilaga/Napa cabbage, boiled",https://i.fnri.dost.gov.ph/fct/library/report/3334,SEARCH_ALIAS_REVIEWED,"Official name/common name, including preparation qualifiers. Search aid only."
FC000256,"Eggplant, boiled",https://i.fnri.dost.gov.ph/fct/library/report/3353,SEARCH_ALIAS_REVIEWED,"Official name/common name, including preparation qualifiers. Search aid only."
FC000256,"Talong, nilaga/Aubergine, boiled",https://i.fnri.dost.gov.ph/fct/library/report/3353,SEARCH_ALIAS_REVIEWED,"Official name/common name, including preparation qualifiers. Search aid only."
FC000257,"Horseradish tree lvs, boiled",https://i.fnri.dost.gov.ph/fct/library/report/3374,SEARCH_ALIAS_REVIEWED,"Official name/common name, including preparation qualifiers. Search aid only."
FC000257,"Malunggay dahon, nilaga/ Drumstick tree lvs, boiled",https://i.fnri.dost.gov.ph/fct/library/report/3374,SEARCH_ALIAS_REVIEWED,"Official name/common name, including preparation qualifiers. Search aid only."
FC000258,"Hyacinth bean pod, boiled",https://i.fnri.dost.gov.ph/fct/library/report/3382,SEARCH_ALIAS_REVIEWED,"Official name/common name, including preparation qualifiers. Search aid only."
FC000258,"Bataw bunga, nilaga",https://i.fnri.dost.gov.ph/fct/library/report/3382,SEARCH_ALIAS_REVIEWED,"Official name/common name, including preparation qualifiers. Search aid only."
FC000259,"Jute lvs, boiled",https://i.fnri.dost.gov.ph/fct/library/report/3387,SEARCH_ALIAS_REVIEWED,"Official name/common name, including preparation qualifiers. Search aid only."
FC000259,"Saluyot/Pasaw dahon, nilaga",https://i.fnri.dost.gov.ph/fct/library/report/3387,SEARCH_ALIAS_REVIEWED,"Official name/common name, including preparation qualifiers. Search aid only."
FC000260,"Mung bean sprout, boiled",https://i.fnri.dost.gov.ph/fct/library/report/3411,SEARCH_ALIAS_REVIEWED,"Official name/common name, including preparation qualifiers. Search aid only."
FC000260,"Toge, nilaga",https://i.fnri.dost.gov.ph/fct/library/report/3411,SEARCH_ALIAS_REVIEWED,"Official name/common name, including preparation qualifiers. Search aid only."
FC000261,"Mustard lvs, boiled",https://i.fnri.dost.gov.ph/fct/library/report/3414,SEARCH_ALIAS_REVIEWED,"Official name/common name, including preparation qualifiers. Search aid only."
FC000261,"Mustasa dahon, nilaga",https://i.fnri.dost.gov.ph/fct/library/report/3414,SEARCH_ALIAS_REVIEWED,"Official name/common name, including preparation qualifiers. Search aid only."
FC000262,"Okra, boiled",https://i.fnri.dost.gov.ph/fct/library/report/3419,SEARCH_ALIAS_REVIEWED,"Official name/common name, including preparation qualifiers. Search aid only."
FC000262,"Ladyfinger, boiled",https://i.fnri.dost.gov.ph/fct/library/report/3419,SEARCH_ALIAS_REVIEWED,"Official name/common name, including preparation qualifiers. Search aid only."
FC000263,"Pako fern lvs, boiled",https://i.fnri.dost.gov.ph/fct/library/report/3429,SEARCH_ALIAS_REVIEWED,"Official name/common name, including preparation qualifiers. Search aid only."
FC000263,"Fiddlehead fern lvs, boiled",https://i.fnri.dost.gov.ph/fct/library/report/3429,SEARCH_ALIAS_REVIEWED,"Official name/common name, including preparation qualifiers. Search aid only."
FC000264,"Pechay lvs, boiled",https://i.fnri.dost.gov.ph/fct/library/report/3440,SEARCH_ALIAS_REVIEWED,"Official name/common name, including preparation qualifiers. Search aid only."
FC000264,"Petsay dahon, nilaga",https://i.fnri.dost.gov.ph/fct/library/report/3440,SEARCH_ALIAS_REVIEWED,"Official name/common name, including preparation qualifiers. Search aid only."
FC000265,"Pechay petioles, boiled",https://i.fnri.dost.gov.ph/fct/library/report/3442,SEARCH_ALIAS_REVIEWED,"Official name/common name, including preparation qualifiers. Search aid only."
FC000265,"Petsay tangkay, nilaga",https://i.fnri.dost.gov.ph/fct/library/report/3442,SEARCH_ALIAS_REVIEWED,"Official name/common name, including preparation qualifiers. Search aid only."
FC000266,"Radish, boiled",https://i.fnri.dost.gov.ph/fct/library/report/3463,SEARCH_ALIAS_REVIEWED,"Official name/common name, including preparation qualifiers. Search aid only."
FC000266,"Labanos/Rabanos, lamang ugat, nilaga",https://i.fnri.dost.gov.ph/fct/library/report/3463,SEARCH_ALIAS_REVIEWED,"Official name/common name, including preparation qualifiers. Search aid only."
FC000267,"Snap bean pod, green, boiled",https://i.fnri.dost.gov.ph/fct/library/report/3486,SEARCH_ALIAS_REVIEWED,"Official name/common name, including preparation qualifiers. Search aid only."
FC000267,"Abitsuwelas/Baguio beans bunga, berde, nilaga",https://i.fnri.dost.gov.ph/fct/library/report/3486,SEARCH_ALIAS_REVIEWED,"Official name/common name, including preparation qualifiers. Search aid only."
FC000268,"Snow/Sugar pea pod, boiled",https://i.fnri.dost.gov.ph/fct/library/report/3491,SEARCH_ALIAS_REVIEWED,"Official name/common name, including preparation qualifiers. Search aid only."
FC000268,"Sitsaro, nilaga",https://i.fnri.dost.gov.ph/fct/library/report/3491,SEARCH_ALIAS_REVIEWED,"Official name/common name, including preparation qualifiers. Search aid only."
FC000269,"Sponge gourd fruit, boiled",https://i.fnri.dost.gov.ph/fct/library/report/3499,SEARCH_ALIAS_REVIEWED,"Official name/common name, including preparation qualifiers. Search aid only."
FC000269,"Patola bunga, nilaga",https://i.fnri.dost.gov.ph/fct/library/report/3499,SEARCH_ALIAS_REVIEWED,"Official name/common name, including preparation qualifiers. Search aid only."
FC000270,"Squash fruit, boiled",https://i.fnri.dost.gov.ph/fct/library/report/3505,SEARCH_ALIAS_REVIEWED,"Official name/common name, including preparation qualifiers. Search aid only."
FC000270,"Kalabasa bunga, nilaga",https://i.fnri.dost.gov.ph/fct/library/report/3505,SEARCH_ALIAS_REVIEWED,"Official name/common name, including preparation qualifiers. Search aid only."
FC000271,"Squash lvs, boiled",https://i.fnri.dost.gov.ph/fct/library/report/3507,SEARCH_ALIAS_REVIEWED,"Official name/common name, including preparation qualifiers. Search aid only."
FC000271,"Kalabasa dahon, nilaga",https://i.fnri.dost.gov.ph/fct/library/report/3507,SEARCH_ALIAS_REVIEWED,"Official name/common name, including preparation qualifiers. Search aid only."
FC000272,"String/Yard long bean pod, green, boiled",https://i.fnri.dost.gov.ph/fct/library/report/3512,SEARCH_ALIAS_REVIEWED,"Official name/common name, including preparation qualifiers. Search aid only."
FC000272,"Sitaw bunga, berde, nilaga",https://i.fnri.dost.gov.ph/fct/library/report/3512,SEARCH_ALIAS_REVIEWED,"Official name/common name, including preparation qualifiers. Search aid only."
FC000273,"String/Yard long bean pod, red, boiled",https://i.fnri.dost.gov.ph/fct/library/report/3514,SEARCH_ALIAS_REVIEWED,"Official name/common name, including preparation qualifiers. Search aid only."
FC000273,"Sitaw bunga, pula, nilaga",https://i.fnri.dost.gov.ph/fct/library/report/3514,SEARCH_ALIAS_REVIEWED,"Official name/common name, including preparation qualifiers. Search aid only."
FC000274,"String/Yard long bean pod, white, boiled",https://i.fnri.dost.gov.ph/fct/library/report/3516,SEARCH_ALIAS_REVIEWED,"Official name/common name, including preparation qualifiers. Search aid only."
FC000274,"Sitaw bunga, puti, nilaga",https://i.fnri.dost.gov.ph/fct/library/report/3516,SEARCH_ALIAS_REVIEWED,"Official name/common name, including preparation qualifiers. Search aid only."
FC000275,"Swamp cabbage lvs, boiled",https://i.fnri.dost.gov.ph/fct/library/report/3522,SEARCH_ALIAS_REVIEWED,"Official name/common name, including preparation qualifiers. Search aid only."
FC000275,"Kangkong dahon, nilaga/Water spinach lvs, boiled",https://i.fnri.dost.gov.ph/fct/library/report/3522,SEARCH_ALIAS_REVIEWED,"Official name/common name, including preparation qualifiers. Search aid only."
FC000276,"Sweet potato lvs, boiled",https://i.fnri.dost.gov.ph/fct/library/report/3524,SEARCH_ALIAS_REVIEWED,"Official name/common name, including preparation qualifiers. Search aid only."
FC000276,"Kamote dahon, nilaga",https://i.fnri.dost.gov.ph/fct/library/report/3524,SEARCH_ALIAS_REVIEWED,"Official name/common name, including preparation qualifiers. Search aid only."
FC000277,"Sweet potato lvs, purple, boiled",https://i.fnri.dost.gov.ph/fct/library/report/3526,SEARCH_ALIAS_REVIEWED,"Official name/common name, including preparation qualifiers. Search aid only."
FC000277,"Kamote dahon, murado, nilaga",https://i.fnri.dost.gov.ph/fct/library/report/3526,SEARCH_ALIAS_REVIEWED,"Official name/common name, including preparation qualifiers. Search aid only."
FC000278,"Taro lvs, boiled",https://i.fnri.dost.gov.ph/fct/library/report/3533,SEARCH_ALIAS_REVIEWED,"Official name/common name, including preparation qualifiers. Search aid only."
FC000278,"Gabi dahon, nilaga",https://i.fnri.dost.gov.ph/fct/library/report/3533,SEARCH_ALIAS_REVIEWED,"Official name/common name, including preparation qualifiers. Search aid only."
FC000279,"Taro petioles, boiled",https://i.fnri.dost.gov.ph/fct/library/report/3535,SEARCH_ALIAS_REVIEWED,"Official name/common name, including preparation qualifiers. Search aid only."
FC000279,"Gabi tangkay, nilaga",https://i.fnri.dost.gov.ph/fct/library/report/3535,SEARCH_ALIAS_REVIEWED,"Official name/common name, including preparation qualifiers. Search aid only."
FC000280,"Tomato, boiled",https://i.fnri.dost.gov.ph/fct/library/report/3537,SEARCH_ALIAS_REVIEWED,"Official name/common name, including preparation qualifiers. Search aid only."
FC000280,"Kamatis, nilaga",https://i.fnri.dost.gov.ph/fct/library/report/3537,SEARCH_ALIAS_REVIEWED,"Official name/common name, including preparation qualifiers. Search aid only."
FC000281,"Winged bean pod, boiled",https://i.fnri.dost.gov.ph/fct/library/report/3552,SEARCH_ALIAS_REVIEWED,"Official name/common name, including preparation qualifiers. Search aid only."
FC000281,"Sigarilyas/Kalamismis bunga, nilaga",https://i.fnri.dost.gov.ph/fct/library/report/3552,SEARCH_ALIAS_REVIEWED,"Official name/common name, including preparation qualifiers. Search aid only."
FC000282,Bamboo shoot,https://i.fnri.dost.gov.ph/fct/library/report/3289,SEARCH_ALIAS_REVIEWED,"Official name/common name, including preparation qualifiers. Search aid only."
FC000282,Labong,https://i.fnri.dost.gov.ph/fct/library/report/3289,SEARCH_ALIAS_REVIEWED,"Official name/common name, including preparation qualifiers. Search aid only."
FC000283,"Banana heart, butuan",https://i.fnri.dost.gov.ph/fct/library/report/3292,SEARCH_ALIAS_REVIEWED,"Official name/common name, including preparation qualifiers. Search aid only."
FC000283,"Puso, saging, butuan",https://i.fnri.dost.gov.ph/fct/library/report/3292,SEARCH_ALIAS_REVIEWED,"Official name/common name, including preparation qualifiers. Search aid only."
FC000284,Bottle gourd fruit,https://i.fnri.dost.gov.ph/fct/library/report/3304,SEARCH_ALIAS_REVIEWED,"Official name/common name, including preparation qualifiers. Search aid only."
FC000284,Upo bunga,https://i.fnri.dost.gov.ph/fct/library/report/3304,SEARCH_ALIAS_REVIEWED,"Official name/common name, including preparation qualifiers. Search aid only."
FC000285,"Cabbage, green",https://i.fnri.dost.gov.ph/fct/library/report/3314,SEARCH_ALIAS_REVIEWED,"Official name/common name, including preparation qualifiers. Search aid only."
FC000285,"Repolyo, berde",https://i.fnri.dost.gov.ph/fct/library/report/3314,SEARCH_ALIAS_REVIEWED,"Official name/common name, including preparation qualifiers. Search aid only."
FC000286,Cauliflower,https://i.fnri.dost.gov.ph/fct/library/report/3324,SEARCH_ALIAS_REVIEWED,"Official name/common name, including preparation qualifiers. Search aid only."
FC000287,Cucumber,https://i.fnri.dost.gov.ph/fct/library/report/3348,SEARCH_ALIAS_REVIEWED,"Official name/common name, including preparation qualifiers. Search aid only."
FC000287,Pipino,https://i.fnri.dost.gov.ph/fct/library/report/3348,SEARCH_ALIAS_REVIEWED,"Official name/common name, including preparation qualifiers. Search aid only."
FC000288,Hyacinth bean pod,https://i.fnri.dost.gov.ph/fct/library/report/3381,SEARCH_ALIAS_REVIEWED,"Official name/common name, including preparation qualifiers. Search aid only."
FC000288,Bataw bunga,https://i.fnri.dost.gov.ph/fct/library/report/3381,SEARCH_ALIAS_REVIEWED,"Official name/common name, including preparation qualifiers. Search aid only."
FC000289,"Jackfruit fruit, unripe",https://i.fnri.dost.gov.ph/fct/library/report/3383,SEARCH_ALIAS_REVIEWED,"Official name/common name, including preparation qualifiers. Search aid only."
FC000289,"Langka bunga, hilaw",https://i.fnri.dost.gov.ph/fct/library/report/3383,SEARCH_ALIAS_REVIEWED,"Official name/common name, including preparation qualifiers. Search aid only."
FC000290,Jute lvs,https://i.fnri.dost.gov.ph/fct/library/report/3386,SEARCH_ALIAS_REVIEWED,"Official name/common name, including preparation qualifiers. Search aid only."
FC000290,Saluyot/Pasaw dahon,https://i.fnri.dost.gov.ph/fct/library/report/3386,SEARCH_ALIAS_REVIEWED,"Official name/common name, including preparation qualifiers. Search aid only."
FC000291,Lettuce lvs & petioles,https://i.fnri.dost.gov.ph/fct/library/report/3394,SEARCH_ALIAS_REVIEWED,"Official name/common name, including preparation qualifiers. Search aid only."
FC000291,Letsugas dahon at tangkay,https://i.fnri.dost.gov.ph/fct/library/report/3394,SEARCH_ALIAS_REVIEWED,"Official name/common name, including preparation qualifiers. Search aid only."
FC000292,Mung bean sprout,https://i.fnri.dost.gov.ph/fct/library/report/3410,SEARCH_ALIAS_REVIEWED,"Official name/common name, including preparation qualifiers. Search aid only."
FC000292,Toge,https://i.fnri.dost.gov.ph/fct/library/report/3410,SEARCH_ALIAS_REVIEWED,"Official name/common name, including preparation qualifiers. Search aid only."
FC000293,"Mushroom, fresh",https://i.fnri.dost.gov.ph/fct/library/report/3412,SEARCH_ALIAS_REVIEWED,"Official name/common name, including preparation qualifiers. Search aid only."
FC000293,"Kabuti, sariwa",https://i.fnri.dost.gov.ph/fct/library/report/3412,SEARCH_ALIAS_REVIEWED,"Official name/common name, including preparation qualifiers. Search aid only."
FC000294,Mustard lvs,https://i.fnri.dost.gov.ph/fct/library/report/3413,SEARCH_ALIAS_REVIEWED,"Official name/common name, including preparation qualifiers. Search aid only."
FC000294,Mustasa dahon,https://i.fnri.dost.gov.ph/fct/library/report/3413,SEARCH_ALIAS_REVIEWED,"Official name/common name, including preparation qualifiers. Search aid only."
FC000295,Okra,https://i.fnri.dost.gov.ph/fct/library/report/3418,SEARCH_ALIAS_REVIEWED,"Official name/common name, including preparation qualifiers. Search aid only."
FC000295,Ladyfinger,https://i.fnri.dost.gov.ph/fct/library/report/3418,SEARCH_ALIAS_REVIEWED,"Official name/common name, including preparation qualifiers. Search aid only."
FC000296,"Onion, spring",https://i.fnri.dost.gov.ph/fct/library/report/3426,SEARCH_ALIAS_REVIEWED,"Official name/common name, including preparation qualifiers. Search aid only."
FC000296,"Sibuyas, mura",https://i.fnri.dost.gov.ph/fct/library/report/3426,SEARCH_ALIAS_REVIEWED,"Official name/common name, including preparation qualifiers. Search aid only."
FC000297,Pako fern lvs,https://i.fnri.dost.gov.ph/fct/library/report/3428,SEARCH_ALIAS_REVIEWED,"Official name/common name, including preparation qualifiers. Search aid only."
FC000297,Fiddlehead fern lvs/Vegetable fern lvs,https://i.fnri.dost.gov.ph/fct/library/report/3428,SEARCH_ALIAS_REVIEWED,"Official name/common name, including preparation qualifiers. Search aid only."
FC000298,"Papaya fruit, unripe",https://i.fnri.dost.gov.ph/fct/library/report/3433,SEARCH_ALIAS_REVIEWED,"Official name/common name, including preparation qualifiers. Search aid only."
FC000299,"Pepper, chili fruit",https://i.fnri.dost.gov.ph/fct/library/report/3443,SEARCH_ALIAS_REVIEWED,"Official name/common name, including preparation qualifiers. Search aid only."
FC000299,"Sili, labuyo, bunga",https://i.fnri.dost.gov.ph/fct/library/report/3443,SEARCH_ALIAS_REVIEWED,"Official name/common name, including preparation qualifiers. Search aid only."
FC000300,"Pepper, sweet/bell long, green",https://i.fnri.dost.gov.ph/fct/library/report/3446,SEARCH_ALIAS_REVIEWED,"Official name/common name, including preparation qualifiers. Search aid only."
FC000300,"Sili, sweet/bell, mahaba, berde",https://i.fnri.dost.gov.ph/fct/library/report/3446,SEARCH_ALIAS_REVIEWED,"Official name/common name, including preparation qualifiers. Search aid only."
FC000301,"Pepper, sweet/bell, long, red",https://i.fnri.dost.gov.ph/fct/library/report/3448,SEARCH_ALIAS_REVIEWED,"Official name/common name, including preparation qualifiers. Search aid only."
FC000301,"Sili, sweet/bell, mahaba, pula",https://i.fnri.dost.gov.ph/fct/library/report/3448,SEARCH_ALIAS_REVIEWED,"Official name/common name, including preparation qualifiers. Search aid only."
FC000302,Radish,https://i.fnri.dost.gov.ph/fct/library/report/3462,SEARCH_ALIAS_REVIEWED,"Official name/common name, including preparation qualifiers. Search aid only."
FC000302,"Labanos/Rabanos, lamang ugat",https://i.fnri.dost.gov.ph/fct/library/report/3462,SEARCH_ALIAS_REVIEWED,"Official name/common name, including preparation qualifiers. Search aid only."
FC000303,"Snap bean pod, green",https://i.fnri.dost.gov.ph/fct/library/report/3485,SEARCH_ALIAS_REVIEWED,"Official name/common name, including preparation qualifiers. Search aid only."
FC000303,"Abitsuwelas/Baguio beans bunga, berde",https://i.fnri.dost.gov.ph/fct/library/report/3485,SEARCH_ALIAS_REVIEWED,"Official name/common name, including preparation qualifiers. Search aid only."
FC000304,Snow/Sugar pea pod,https://i.fnri.dost.gov.ph/fct/library/report/3490,SEARCH_ALIAS_REVIEWED,"Official name/common name, including preparation qualifiers. Search aid only."
FC000304,Sitsaro,https://i.fnri.dost.gov.ph/fct/library/report/3490,SEARCH_ALIAS_REVIEWED,"Official name/common name, including preparation qualifiers. Search aid only."
FC000305,Sponge gourd fruit,https://i.fnri.dost.gov.ph/fct/library/report/3498,SEARCH_ALIAS_REVIEWED,"Official name/common name, including preparation qualifiers. Search aid only."
FC000305,Patola bunga,https://i.fnri.dost.gov.ph/fct/library/report/3498,SEARCH_ALIAS_REVIEWED,"Official name/common name, including preparation qualifiers. Search aid only."
FC000306,Squash flower,https://i.fnri.dost.gov.ph/fct/library/report/3502,SEARCH_ALIAS_REVIEWED,"Official name/common name, including preparation qualifiers. Search aid only."
FC000306,Kalabasa bulaklak,https://i.fnri.dost.gov.ph/fct/library/report/3502,SEARCH_ALIAS_REVIEWED,"Official name/common name, including preparation qualifiers. Search aid only."
FC000307,Squash lvs,https://i.fnri.dost.gov.ph/fct/library/report/3506,SEARCH_ALIAS_REVIEWED,"Official name/common name, including preparation qualifiers. Search aid only."
FC000307,Kalabasa dahon,https://i.fnri.dost.gov.ph/fct/library/report/3506,SEARCH_ALIAS_REVIEWED,"Official name/common name, including preparation qualifiers. Search aid only."
FC000308,Sweet potato lvs,https://i.fnri.dost.gov.ph/fct/library/report/3523,SEARCH_ALIAS_REVIEWED,"Official name/common name, including preparation qualifiers. Search aid only."
FC000308,Kamote dahon,https://i.fnri.dost.gov.ph/fct/library/report/3523,SEARCH_ALIAS_REVIEWED,"Official name/common name, including preparation qualifiers. Search aid only."
FC000309,"Sweet potato lvs, purple",https://i.fnri.dost.gov.ph/fct/library/report/3525,SEARCH_ALIAS_REVIEWED,"Official name/common name, including preparation qualifiers. Search aid only."
FC000309,"Kamote dahon, murado",https://i.fnri.dost.gov.ph/fct/library/report/3525,SEARCH_ALIAS_REVIEWED,"Official name/common name, including preparation qualifiers. Search aid only."
FC000310,Taro lvs,https://i.fnri.dost.gov.ph/fct/library/report/3532,SEARCH_ALIAS_REVIEWED,"Official name/common name, including preparation qualifiers. Search aid only."
FC000310,Gabi dahon,https://i.fnri.dost.gov.ph/fct/library/report/3532,SEARCH_ALIAS_REVIEWED,"Official name/common name, including preparation qualifiers. Search aid only."
FC000311,Taro petioles,https://i.fnri.dost.gov.ph/fct/library/report/3534,SEARCH_ALIAS_REVIEWED,"Official name/common name, including preparation qualifiers. Search aid only."
FC000311,Gabi tangkay,https://i.fnri.dost.gov.ph/fct/library/report/3534,SEARCH_ALIAS_REVIEWED,"Official name/common name, including preparation qualifiers. Search aid only."
FC000312,Yam bean,https://i.fnri.dost.gov.ph/fct/library/report/3539,SEARCH_ALIAS_REVIEWED,"Official name/common name, including preparation qualifiers. Search aid only."
FC000312,Singkamas lamang-ugat/Jicama,https://i.fnri.dost.gov.ph/fct/library/report/3539,SEARCH_ALIAS_REVIEWED,"Official name/common name, including preparation qualifiers. Search aid only."
FC000313,Winged bean pod,https://i.fnri.dost.gov.ph/fct/library/report/3551,SEARCH_ALIAS_REVIEWED,"Official name/common name, including preparation qualifiers. Search aid only."
FC000313,"Sigarilyas/Kalamismis, bunga",https://i.fnri.dost.gov.ph/fct/library/report/3551,SEARCH_ALIAS_REVIEWED,"Official name/common name, including preparation qualifiers. Search aid only."
FC000314,"Mushroom, cnd",https://i.fnri.dost.gov.ph/fct/library/report/3558,SEARCH_ALIAS_REVIEWED,"Official name/common name, including preparation qualifiers. Search aid only."
FC000314,"Kabuti, de lata",https://i.fnri.dost.gov.ph/fct/library/report/3558,SEARCH_ALIAS_REVIEWED,"Official name/common name, including preparation qualifiers. Search aid only."
FC000315,"Taro lvs, dried",https://i.fnri.dost.gov.ph/fct/library/report/3572,SEARCH_ALIAS_REVIEWED,"Official name/common name, including preparation qualifiers. Search aid only."
FC000315,"Gabi dahon, tuyo",https://i.fnri.dost.gov.ph/fct/library/report/3572,SEARCH_ALIAS_REVIEWED,"Official name/common name, including preparation qualifiers. Search aid only."
FC000316,"Basil, sweet, fresh",https://i.fnri.dost.gov.ph/fct/library/report/3579,SEARCH_ALIAS_REVIEWED,"Official name/common name, including preparation qualifiers. Search aid only."
FC000317,Ginger,https://i.fnri.dost.gov.ph/fct/library/report/5005,SEARCH_ALIAS_REVIEWED,"Official name/common name, including preparation qualifiers. Search aid only."
FC000317,Luya,https://i.fnri.dost.gov.ph/fct/library/report/5005,SEARCH_ALIAS_REVIEWED,"Official name/common name, including preparation qualifiers. Search aid only."
FC000318,Turmeric,https://i.fnri.dost.gov.ph/fct/library/report/5006,SEARCH_ALIAS_REVIEWED,"Official name/common name, including preparation qualifiers. Search aid only."
FC000318,Luyang dilaw,https://i.fnri.dost.gov.ph/fct/library/report/5006,SEARCH_ALIAS_REVIEWED,"Official name/common name, including preparation qualifiers. Search aid only."
FC000319,"Seaweed, lato",https://i.fnri.dost.gov.ph/fct/library/report/3475,SEARCH_ALIAS_REVIEWED,"Official name/common name, including preparation qualifiers. Search aid only."
FC000319,Lato,https://i.fnri.dost.gov.ph/fct/library/report/3475,SEARCH_ALIAS_REVIEWED,"Official name/common name, including preparation qualifiers. Search aid only."
FC000320,"Pickles, papaya",https://i.fnri.dost.gov.ph/fct/library/report/3567,SEARCH_ALIAS_REVIEWED,"Official name/common name, including preparation qualifiers. Search aid only."
FC000320,"Atsara, papaya",https://i.fnri.dost.gov.ph/fct/library/report/3567,SEARCH_ALIAS_REVIEWED,"Official name/common name, including preparation qualifiers. Search aid only."
FC000321,"Bitter melon/gourd lvs, boiled",https://i.fnri.dost.gov.ph/fct/library/report/3300,SEARCH_ALIAS_REVIEWED,"Official name/common name, including preparation qualifiers. Search aid only."
FC000321,"Ampalaya dahon, nilaga",https://i.fnri.dost.gov.ph/fct/library/report/3300,SEARCH_ALIAS_REVIEWED,"Official name/common name, including preparation qualifiers. Search aid only."
FC000322,"Bottle gourd lvs, boiled",https://i.fnri.dost.gov.ph/fct/library/report/3307,SEARCH_ALIAS_REVIEWED,"Official name/common name, including preparation qualifiers. Search aid only."
FC000322,"Upo dahon, nilaga",https://i.fnri.dost.gov.ph/fct/library/report/3307,SEARCH_ALIAS_REVIEWED,"Official name/common name, including preparation qualifiers. Search aid only."
FC000323,"Cabbage, red, boiled",https://i.fnri.dost.gov.ph/fct/library/report/3317,SEARCH_ALIAS_REVIEWED,"Official name/common name, including preparation qualifiers. Search aid only."
FC000323,"Repolyo, pula, nilaga",https://i.fnri.dost.gov.ph/fct/library/report/3317,SEARCH_ALIAS_REVIEWED,"Official name/common name, including preparation qualifiers. Search aid only."
FC000324,"Carrot, boiled",https://i.fnri.dost.gov.ph/fct/library/report/3319,SEARCH_ALIAS_REVIEWED,"Official name/common name, including preparation qualifiers. Search aid only."
FC000324,"Karot, nilaga",https://i.fnri.dost.gov.ph/fct/library/report/3319,SEARCH_ALIAS_REVIEWED,"Official name/common name, including preparation qualifiers. Search aid only."
FC000325,"Celery, Chinese, lvs & petioles, boiled",https://i.fnri.dost.gov.ph/fct/library/report/3328,SEARCH_ALIAS_REVIEWED,"Official name/common name, including preparation qualifiers. Search aid only."
FC000325,"Kinchay dahon at tangkay, nilaga/Leaf celery, boiled",https://i.fnri.dost.gov.ph/fct/library/report/3328,SEARCH_ALIAS_REVIEWED,"Official name/common name, including preparation qualifiers. Search aid only."
FC000326,"Chayote lvs, boiled",https://i.fnri.dost.gov.ph/fct/library/report/3332,SEARCH_ALIAS_REVIEWED,"Official name/common name, including preparation qualifiers. Search aid only."
FC000326,"Sayote dahon, nilaga/Vegetable pear lvs, boiled",https://i.fnri.dost.gov.ph/fct/library/report/3332,SEARCH_ALIAS_REVIEWED,"Official name/common name, including preparation qualifiers. Search aid only."
FC000327,"Garlic lvs, boiled",https://i.fnri.dost.gov.ph/fct/library/report/3365,SEARCH_ALIAS_REVIEWED,"Official name/common name, including preparation qualifiers. Search aid only."
FC000327,"Bawang dahon, nilaga",https://i.fnri.dost.gov.ph/fct/library/report/3365,SEARCH_ALIAS_REVIEWED,"Official name/common name, including preparation qualifiers. Search aid only."
FC000328,"Horseradish tree lvs, dwarf, boiled",https://i.fnri.dost.gov.ph/fct/library/report/3376,SEARCH_ALIAS_REVIEWED,"Official name/common name, including preparation qualifiers. Search aid only."
FC000328,"Malunggay dahon, unano, nilaga",https://i.fnri.dost.gov.ph/fct/library/report/3376,SEARCH_ALIAS_REVIEWED,"Official name/common name, including preparation qualifiers. Search aid only."
FC000329,"Horseradish tree lvs, Japanese, boiled",https://i.fnri.dost.gov.ph/fct/library/report/3378,SEARCH_ALIAS_REVIEWED,"Official name/common name, including preparation qualifiers. Search aid only."
FC000329,"Malunggay dahon, Hapon, nilaga",https://i.fnri.dost.gov.ph/fct/library/report/3378,SEARCH_ALIAS_REVIEWED,"Official name/common name, including preparation qualifiers. Search aid only."
FC000330,"Horseradish tree pod, boiled",https://i.fnri.dost.gov.ph/fct/library/report/3380,SEARCH_ALIAS_REVIEWED,"Official name/common name, including preparation qualifiers. Search aid only."
FC000330,"Malunggay bunga, nilaga",https://i.fnri.dost.gov.ph/fct/library/report/3380,SEARCH_ALIAS_REVIEWED,"Official name/common name, including preparation qualifiers. Search aid only."
FC000331,"Jackfruit seed, boiled",https://i.fnri.dost.gov.ph/fct/library/report/3385,SEARCH_ALIAS_REVIEWED,"Official name/common name, including preparation qualifiers. Search aid only."
FC000331,"Langka buto, nilaga",https://i.fnri.dost.gov.ph/fct/library/report/3385,SEARCH_ALIAS_REVIEWED,"Official name/common name, including preparation qualifiers. Search aid only."
FC000332,"Chinese leek lvs, boiled",https://i.fnri.dost.gov.ph/fct/library/report/3393,SEARCH_ALIAS_REVIEWED,"Official name/common name, including preparation qualifiers. Search aid only."
FC000332,"Kutsay dahon, nilaga/Chinese chives lvs, boiled",https://i.fnri.dost.gov.ph/fct/library/report/3393,SEARCH_ALIAS_REVIEWED,"Official name/common name, including preparation qualifiers. Search aid only."
FC000333,"Onion, Bombay bulb, boiled",https://i.fnri.dost.gov.ph/fct/library/report/3421,SEARCH_ALIAS_REVIEWED,"Official name/common name, including preparation qualifiers. Search aid only."
FC000333,"Sibuyas, Bombay ulo, nilaga",https://i.fnri.dost.gov.ph/fct/library/report/3421,SEARCH_ALIAS_REVIEWED,"Official name/common name, including preparation qualifiers. Search aid only."
FC000334,"Onion, garden shallot bulb, boiled",https://i.fnri.dost.gov.ph/fct/library/report/3423,SEARCH_ALIAS_REVIEWED,"Official name/common name, including preparation qualifiers. Search aid only."
FC000334,"Sibuyas, Tagalog ulo, nilaga",https://i.fnri.dost.gov.ph/fct/library/report/3423,SEARCH_ALIAS_REVIEWED,"Official name/common name, including preparation qualifiers. Search aid only."
FC000335,"Onion, garden shallot lvs, boiled",https://i.fnri.dost.gov.ph/fct/library/report/3425,SEARCH_ALIAS_REVIEWED,"Official name/common name, including preparation qualifiers. Search aid only."
FC000335,"Sibuyas, Tagalog, dahon, nilaga",https://i.fnri.dost.gov.ph/fct/library/report/3425,SEARCH_ALIAS_REVIEWED,"Official name/common name, including preparation qualifiers. Search aid only."
FC000336,"Onion, spring, boiled",https://i.fnri.dost.gov.ph/fct/library/report/3427,SEARCH_ALIAS_REVIEWED,"Official name/common name, including preparation qualifiers. Search aid only."
FC000336,"Sibuyas, mura, nilaga",https://i.fnri.dost.gov.ph/fct/library/report/3427,SEARCH_ALIAS_REVIEWED,"Official name/common name, including preparation qualifiers. Search aid only."
FC000337,"Pepper, chili lvs, boiled",https://i.fnri.dost.gov.ph/fct/library/report/3445,SEARCH_ALIAS_REVIEWED,"Official name/common name, including preparation qualifiers. Search aid only."
FC000337,"Sili, labuyo, dahon, nilaga",https://i.fnri.dost.gov.ph/fct/library/report/3445,SEARCH_ALIAS_REVIEWED,"Official name/common name, including preparation qualifiers. Search aid only."
FC000338,"Pepper, sweet/bell, long, green, boiled",https://i.fnri.dost.gov.ph/fct/library/report/3447,SEARCH_ALIAS_REVIEWED,"Official name/common name, including preparation qualifiers. Search aid only."
FC000338,"Sili, sweet/bell, mahaba, berde, nilaga",https://i.fnri.dost.gov.ph/fct/library/report/3447,SEARCH_ALIAS_REVIEWED,"Official name/common name, including preparation qualifiers. Search aid only."
FC000339,"Pepper, sweet/bell, round, green, boiled",https://i.fnri.dost.gov.ph/fct/library/report/3450,SEARCH_ALIAS_REVIEWED,"Official name/common name, including preparation qualifiers. Search aid only."
FC000339,"Sili, sweet/bell, bilog, berde, nilaga",https://i.fnri.dost.gov.ph/fct/library/report/3450,SEARCH_ALIAS_REVIEWED,"Official name/common name, including preparation qualifiers. Search aid only."
FC000340,"Snap bean pod, white, boiled",https://i.fnri.dost.gov.ph/fct/library/report/3488,SEARCH_ALIAS_REVIEWED,"Official name/common name, including preparation qualifiers. Search aid only."
FC000340,"Abitsuwelas/Baguio beans bunga, puti, nilaga",https://i.fnri.dost.gov.ph/fct/library/report/3488,SEARCH_ALIAS_REVIEWED,"Official name/common name, including preparation qualifiers. Search aid only."
FC000341,"Sponge gourd lvs, boiled",https://i.fnri.dost.gov.ph/fct/library/report/3501,SEARCH_ALIAS_REVIEWED,"Official name/common name, including preparation qualifiers. Search aid only."
FC000341,"Patola dahon, nilaga",https://i.fnri.dost.gov.ph/fct/library/report/3501,SEARCH_ALIAS_REVIEWED,"Official name/common name, including preparation qualifiers. Search aid only."
FC000342,"Squash flower, boiled",https://i.fnri.dost.gov.ph/fct/library/report/3503,SEARCH_ALIAS_REVIEWED,"Official name/common name, including preparation qualifiers. Search aid only."
FC000342,"Kalabasa bulaklak, nilaga",https://i.fnri.dost.gov.ph/fct/library/report/3503,SEARCH_ALIAS_REVIEWED,"Official name/common name, including preparation qualifiers. Search aid only."
FC000343,"String/Yard long bean lvs, boiled",https://i.fnri.dost.gov.ph/fct/library/report/3510,SEARCH_ALIAS_REVIEWED,"Official name/common name, including preparation qualifiers. Search aid only."
FC000343,"Sitaw talbos, nilaga",https://i.fnri.dost.gov.ph/fct/library/report/3510,SEARCH_ALIAS_REVIEWED,"Official name/common name, including preparation qualifiers. Search aid only."
FC000344,"String/Yard long bean seed, green, fresh, boiled",https://i.fnri.dost.gov.ph/fct/library/report/3518,SEARCH_ALIAS_REVIEWED,"Official name/common name, including preparation qualifiers. Search aid only."
FC000344,"Sitaw buto, berde, sariwa, nilaga",https://i.fnri.dost.gov.ph/fct/library/report/3518,SEARCH_ALIAS_REVIEWED,"Official name/common name, including preparation qualifiers. Search aid only."
FC000345,Bitter melon/gourd lvs,https://i.fnri.dost.gov.ph/fct/library/report/3299,SEARCH_ALIAS_REVIEWED,"Official name/common name, including preparation qualifiers. Search aid only."
FC000345,Ampalaya dahon,https://i.fnri.dost.gov.ph/fct/library/report/3299,SEARCH_ALIAS_REVIEWED,"Official name/common name, including preparation qualifiers. Search aid only."
FC000346,Bottle gourd lvs,https://i.fnri.dost.gov.ph/fct/library/report/3306,SEARCH_ALIAS_REVIEWED,"Official name/common name, including preparation qualifiers. Search aid only."
FC000346,Upo dahon,https://i.fnri.dost.gov.ph/fct/library/report/3306,SEARCH_ALIAS_REVIEWED,"Official name/common name, including preparation qualifiers. Search aid only."
FC000347,"Cabbage, red",https://i.fnri.dost.gov.ph/fct/library/report/3316,SEARCH_ALIAS_REVIEWED,"Official name/common name, including preparation qualifiers. Search aid only."
FC000347,"Repolyo, pula",https://i.fnri.dost.gov.ph/fct/library/report/3316,SEARCH_ALIAS_REVIEWED,"Official name/common name, including preparation qualifiers. Search aid only."
FC000348,"Chicken, whole, seasoned, roasted",https://i.fnri.dost.gov.ph/fct/library/report/3972,SEARCH_ALIAS_REVIEWED,"Official name/common name, including preparation qualifiers. Search aid only."
FC000348,Lechon manok,https://i.fnri.dost.gov.ph/fct/library/report/3972,SEARCH_ALIAS_REVIEWED,"Official name/common name, including preparation qualifiers. Search aid only."
FC000349,"Chicken, whole, seasoned, roasted, skin and visible fat removed",https://i.fnri.dost.gov.ph/fct/library/report/3973,SEARCH_ALIAS_REVIEWED,"Official name/common name, including preparation qualifiers. Search aid only."
FC000349,"Lechon manok, walang balat",https://i.fnri.dost.gov.ph/fct/library/report/3973,SEARCH_ALIAS_REVIEWED,"Official name/common name, including preparation qualifiers. Search aid only."
FC000350,"Pork belly, seasoned, roasted",https://i.fnri.dost.gov.ph/fct/library/report/3976,SEARCH_ALIAS_REVIEWED,"Official name/common name, including preparation qualifiers. Search aid only."
FC000350,"Baboy liempo, litson",https://i.fnri.dost.gov.ph/fct/library/report/3976,SEARCH_ALIAS_REVIEWED,"Official name/common name, including preparation qualifiers. Search aid only."
FC000351,"Pork belly, seasoned, roasted, skin and visible fat removed",https://i.fnri.dost.gov.ph/fct/library/report/3977,SEARCH_ALIAS_REVIEWED,"Official name/common name, including preparation qualifiers. Search aid only."
FC000351,"Baboy liempo, litson, walang balat at taba",https://i.fnri.dost.gov.ph/fct/library/report/3977,SEARCH_ALIAS_REVIEWED,"Official name/common name, including preparation qualifiers. Search aid only."
FC000352,Bacon,https://i.fnri.dost.gov.ph/fct/library/report/3920,SEARCH_ALIAS_REVIEWED,"Official name/common name, including preparation qualifiers. Search aid only."
FC000353,Chicken nugget,https://i.fnri.dost.gov.ph/fct/library/report/3929,SEARCH_ALIAS_REVIEWED,"Official name/common name, including preparation qualifiers. Search aid only."
FC000354,"Corned beef, cnd",https://i.fnri.dost.gov.ph/fct/library/report/3933,SEARCH_ALIAS_REVIEWED,"Official name/common name, including preparation qualifiers. Search aid only."
FC000354,Karne norte,https://i.fnri.dost.gov.ph/fct/library/report/3933,SEARCH_ALIAS_REVIEWED,"Official name/common name, including preparation qualifiers. Search aid only."
FC000355,Embotido,https://i.fnri.dost.gov.ph/fct/library/report/3934,SEARCH_ALIAS_REVIEWED,"Official name/common name, including preparation qualifiers. Search aid only."
FC000356,Ham,https://i.fnri.dost.gov.ph/fct/library/report/3935,SEARCH_ALIAS_REVIEWED,"Official name/common name, including preparation qualifiers. Search aid only."
FC000356,Hamon,https://i.fnri.dost.gov.ph/fct/library/report/3935,SEARCH_ALIAS_REVIEWED,"Official name/common name, including preparation qualifiers. Search aid only."
FC000357,Hamburger patty,https://i.fnri.dost.gov.ph/fct/library/report/3939,SEARCH_ALIAS_REVIEWED,"Official name/common name, including preparation qualifiers. Search aid only."
FC000358,"Luncheon meat, cnd",https://i.fnri.dost.gov.ph/fct/library/report/3942,SEARCH_ALIAS_REVIEWED,"Official name/common name, including preparation qualifiers. Search aid only."
FC000359,Meat loaf,https://i.fnri.dost.gov.ph/fct/library/report/3947,SEARCH_ALIAS_REVIEWED,"Official name/common name, including preparation qualifiers. Search aid only."
FC000360,"Pork crackling, skin",https://i.fnri.dost.gov.ph/fct/library/report/3949,SEARCH_ALIAS_REVIEWED,"Official name/common name, including preparation qualifiers. Search aid only."
FC000360,"Chicharon/Sitsaron baboy, balat",https://i.fnri.dost.gov.ph/fct/library/report/3949,SEARCH_ALIAS_REVIEWED,"Official name/common name, including preparation qualifiers. Search aid only."
FC000361,"Pork, sweet cured, Pampanga",https://i.fnri.dost.gov.ph/fct/library/report/3953,SEARCH_ALIAS_REVIEWED,"Official name/common name, including preparation qualifiers. Search aid only."
FC000361,"Tocino, baboy, Pampanga",https://i.fnri.dost.gov.ph/fct/library/report/3953,SEARCH_ALIAS_REVIEWED,"Official name/common name, including preparation qualifiers. Search aid only."
FC000362,"Sausage, chorizo",https://i.fnri.dost.gov.ph/fct/library/report/3956,SEARCH_ALIAS_REVIEWED,"Official name/common name, including preparation qualifiers. Search aid only."
FC000362,"Longanisa, chorizo",https://i.fnri.dost.gov.ph/fct/library/report/3956,SEARCH_ALIAS_REVIEWED,"Official name/common name, including preparation qualifiers. Search aid only."
FC000363,"Sausage, chorizo, Bilbao style",https://i.fnri.dost.gov.ph/fct/library/report/3957,SEARCH_ALIAS_REVIEWED,"Official name/common name, including preparation qualifiers. Search aid only."
FC000363,"Longanisa, chorizo de Bilbao",https://i.fnri.dost.gov.ph/fct/library/report/3957,SEARCH_ALIAS_REVIEWED,"Official name/common name, including preparation qualifiers. Search aid only."
FC000364,"Sausage, hotdog",https://i.fnri.dost.gov.ph/fct/library/report/3960,SEARCH_ALIAS_REVIEWED,"Official name/common name, including preparation qualifiers. Search aid only."
FC000365,"Sausage, hotdog, smoked",https://i.fnri.dost.gov.ph/fct/library/report/3961,SEARCH_ALIAS_REVIEWED,"Official name/common name, including preparation qualifiers. Search aid only."
FC000366,"Sausage, hotdog, w/ cheese",https://i.fnri.dost.gov.ph/fct/library/report/3962,SEARCH_ALIAS_REVIEWED,"Official name/common name, including preparation qualifiers. Search aid only."
FC000366,Cheese dog,https://i.fnri.dost.gov.ph/fct/library/report/3962,SEARCH_ALIAS_REVIEWED,"Official name/common name, including preparation qualifiers. Search aid only."
FC000367,"Sausage, pork, Chinese",https://i.fnri.dost.gov.ph/fct/library/report/3966,SEARCH_ALIAS_REVIEWED,"Official name/common name, including preparation qualifiers. Search aid only."
FC000367,"Longanisa, baboy, Chinese/Chorizo de Macau",https://i.fnri.dost.gov.ph/fct/library/report/3966,SEARCH_ALIAS_REVIEWED,"Official name/common name, including preparation qualifiers. Search aid only."
FC000368,"Sausage, Vienna",https://i.fnri.dost.gov.ph/fct/library/report/3968,SEARCH_ALIAS_REVIEWED,"Official name/common name, including preparation qualifiers. Search aid only."
FC000369,"Pork, bbq",https://i.fnri.dost.gov.ph/fct/library/report/3974,SEARCH_ALIAS_REVIEWED,"Official name/common name, including preparation qualifiers. Search aid only."
FC000369,Barbekyung baboy,https://i.fnri.dost.gov.ph/fct/library/report/3974,SEARCH_ALIAS_REVIEWED,"Official name/common name, including preparation qualifiers. Search aid only."
FC000370,"Beef chuck, lean, boiled",https://i.fnri.dost.gov.ph/fct/library/report/3714,SEARCH_ALIAS_REVIEWED,"Official name/common name, including preparation qualifiers. Search aid only."
FC000370,"Baka paypay, laman, nilaga",https://i.fnri.dost.gov.ph/fct/library/report/3714,SEARCH_ALIAS_REVIEWED,"Official name/common name, including preparation qualifiers. Search aid only."
FC000371,"Beef lean meat, broiled",https://i.fnri.dost.gov.ph/fct/library/report/3724,SEARCH_ALIAS_REVIEWED,"Official name/common name, including preparation qualifiers. Search aid only."
FC000371,"Baka laman, inihaw",https://i.fnri.dost.gov.ph/fct/library/report/3724,SEARCH_ALIAS_REVIEWED,"Official name/common name, including preparation qualifiers. Search aid only."
FC000372,"Beef liver, boiled",https://i.fnri.dost.gov.ph/fct/library/report/3727,SEARCH_ALIAS_REVIEWED,"Official name/common name, including preparation qualifiers. Search aid only."
FC000372,"Baka atay, nilaga",https://i.fnri.dost.gov.ph/fct/library/report/3727,SEARCH_ALIAS_REVIEWED,"Official name/common name, including preparation qualifiers. Search aid only."
FC000373,"Beef round, boiled",https://i.fnri.dost.gov.ph/fct/library/report/3738,SEARCH_ALIAS_REVIEWED,"Official name/common name, including preparation qualifiers. Search aid only."
FC000373,"Baka pierna corta at pierna larga, nilaga",https://i.fnri.dost.gov.ph/fct/library/report/3738,SEARCH_ALIAS_REVIEWED,"Official name/common name, including preparation qualifiers. Search aid only."
FC000374,"Beef round, broiled",https://i.fnri.dost.gov.ph/fct/library/report/3739,SEARCH_ALIAS_REVIEWED,"Official name/common name, including preparation qualifiers. Search aid only."
FC000374,"Baka pierna corta at pierna larga, inihaw",https://i.fnri.dost.gov.ph/fct/library/report/3739,SEARCH_ALIAS_REVIEWED,"Official name/common name, including preparation qualifiers. Search aid only."
FC000375,"Beef round, fried",https://i.fnri.dost.gov.ph/fct/library/report/3740,SEARCH_ALIAS_REVIEWED,"Official name/common name, including preparation qualifiers. Search aid only."
FC000375,"Baka pierna corta at pierna larga, prito",https://i.fnri.dost.gov.ph/fct/library/report/3740,SEARCH_ALIAS_REVIEWED,"Official name/common name, including preparation qualifiers. Search aid only."
FC000376,"Beef shank, boiled",https://i.fnri.dost.gov.ph/fct/library/report/3743,SEARCH_ALIAS_REVIEWED,"Official name/common name, including preparation qualifiers. Search aid only."
FC000376,"Baka kenchi, nilaga",https://i.fnri.dost.gov.ph/fct/library/report/3743,SEARCH_ALIAS_REVIEWED,"Official name/common name, including preparation qualifiers. Search aid only."
FC000377,"Beef sirloin, boiled",https://i.fnri.dost.gov.ph/fct/library/report/3746,SEARCH_ALIAS_REVIEWED,"Official name/common name, including preparation qualifiers. Search aid only."
FC000377,"Baka tagiliran, hulihan, nilaga",https://i.fnri.dost.gov.ph/fct/library/report/3746,SEARCH_ALIAS_REVIEWED,"Official name/common name, including preparation qualifiers. Search aid only."
FC000378,"Beef sirloin, broiled",https://i.fnri.dost.gov.ph/fct/library/report/3747,SEARCH_ALIAS_REVIEWED,"Official name/common name, including preparation qualifiers. Search aid only."
FC000378,"Baka tagiliran, hulihan, inihaw",https://i.fnri.dost.gov.ph/fct/library/report/3747,SEARCH_ALIAS_REVIEWED,"Official name/common name, including preparation qualifiers. Search aid only."
FC000379,"Beef sirloin, fried",https://i.fnri.dost.gov.ph/fct/library/report/3748,SEARCH_ALIAS_REVIEWED,"Official name/common name, including preparation qualifiers. Search aid only."
FC000379,"Baka tagiliran, hulihan, prito",https://i.fnri.dost.gov.ph/fct/library/report/3748,SEARCH_ALIAS_REVIEWED,"Official name/common name, including preparation qualifiers. Search aid only."
FC000380,"Beef tongue, boiled",https://i.fnri.dost.gov.ph/fct/library/report/3755,SEARCH_ALIAS_REVIEWED,"Official name/common name, including preparation qualifiers. Search aid only."
FC000380,"Baka dila, nilaga",https://i.fnri.dost.gov.ph/fct/library/report/3755,SEARCH_ALIAS_REVIEWED,"Official name/common name, including preparation qualifiers. Search aid only."
FC000381,"Beef tripe, boiled",https://i.fnri.dost.gov.ph/fct/library/report/3757,SEARCH_ALIAS_REVIEWED,"Official name/common name, including preparation qualifiers. Search aid only."
FC000381,"Baka goto, nilaga",https://i.fnri.dost.gov.ph/fct/library/report/3757,SEARCH_ALIAS_REVIEWED,"Official name/common name, including preparation qualifiers. Search aid only."
FC000382,"Chicken, white meat, boiled",https://i.fnri.dost.gov.ph/fct/library/report/3818,SEARCH_ALIAS_REVIEWED,"Official name/common name, including preparation qualifiers. Search aid only."
FC000382,"Manok laman, nilaga",https://i.fnri.dost.gov.ph/fct/library/report/3818,SEARCH_ALIAS_REVIEWED,"Official name/common name, including preparation qualifiers. Search aid only."
FC000383,"Chicken, white meat, fried",https://i.fnri.dost.gov.ph/fct/library/report/3819,SEARCH_ALIAS_REVIEWED,"Official name/common name, including preparation qualifiers. Search aid only."
FC000383,"Manok laman, prito",https://i.fnri.dost.gov.ph/fct/library/report/3819,SEARCH_ALIAS_REVIEWED,"Official name/common name, including preparation qualifiers. Search aid only."
FC000384,"Pork belly, boiled",https://i.fnri.dost.gov.ph/fct/library/report/3858,SEARCH_ALIAS_REVIEWED,"Official name/common name, including preparation qualifiers. Search aid only."
FC000384,"Baboy liempo, nilaga",https://i.fnri.dost.gov.ph/fct/library/report/3858,SEARCH_ALIAS_REVIEWED,"Official name/common name, including preparation qualifiers. Search aid only."
FC000385,"Pork Boston butt, boiled",https://i.fnri.dost.gov.ph/fct/library/report/3861,SEARCH_ALIAS_REVIEWED,"Official name/common name, including preparation qualifiers. Search aid only."
FC000385,"Baboy paypay, nilaga",https://i.fnri.dost.gov.ph/fct/library/report/3861,SEARCH_ALIAS_REVIEWED,"Official name/common name, including preparation qualifiers. Search aid only."
FC000386,"Pork Boston butt, broiled",https://i.fnri.dost.gov.ph/fct/library/report/3862,SEARCH_ALIAS_REVIEWED,"Official name/common name, including preparation qualifiers. Search aid only."
FC000386,"Baboy paypay, inihaw",https://i.fnri.dost.gov.ph/fct/library/report/3862,SEARCH_ALIAS_REVIEWED,"Official name/common name, including preparation qualifiers. Search aid only."
FC000387,"Pork Boston butt, fried",https://i.fnri.dost.gov.ph/fct/library/report/3863,SEARCH_ALIAS_REVIEWED,"Official name/common name, including preparation qualifiers. Search aid only."
FC000387,"Baboy paypay, prito",https://i.fnri.dost.gov.ph/fct/library/report/3863,SEARCH_ALIAS_REVIEWED,"Official name/common name, including preparation qualifiers. Search aid only."
FC000388,"Pork Boston butt, lean, boiled",https://i.fnri.dost.gov.ph/fct/library/report/3865,SEARCH_ALIAS_REVIEWED,"Official name/common name, including preparation qualifiers. Search aid only."
FC000388,"Baboy paypay, laman, nilaga",https://i.fnri.dost.gov.ph/fct/library/report/3865,SEARCH_ALIAS_REVIEWED,"Official name/common name, including preparation qualifiers. Search aid only."
FC000389,"Pork Boston butt, lean, broiled",https://i.fnri.dost.gov.ph/fct/library/report/3866,SEARCH_ALIAS_REVIEWED,"Official name/common name, including preparation qualifiers. Search aid only."
FC000389,"Baboy paypay, laman, inihaw",https://i.fnri.dost.gov.ph/fct/library/report/3866,SEARCH_ALIAS_REVIEWED,"Official name/common name, including preparation qualifiers. Search aid only."
FC000390,"Pork Boston butt, lean, fried",https://i.fnri.dost.gov.ph/fct/library/report/3867,SEARCH_ALIAS_REVIEWED,"Official name/common name, including preparation qualifiers. Search aid only."
FC000390,"Baboy paypay, laman, prito",https://i.fnri.dost.gov.ph/fct/library/report/3867,SEARCH_ALIAS_REVIEWED,"Official name/common name, including preparation qualifiers. Search aid only."
FC000391,"Pork kidney, boiled",https://i.fnri.dost.gov.ph/fct/library/report/3879,SEARCH_ALIAS_REVIEWED,"Official name/common name, including preparation qualifiers. Search aid only."
FC000391,"Baboy bato, nilaga",https://i.fnri.dost.gov.ph/fct/library/report/3879,SEARCH_ALIAS_REVIEWED,"Official name/common name, including preparation qualifiers. Search aid only."
FC000392,"Pork liver, boiled",https://i.fnri.dost.gov.ph/fct/library/report/3882,SEARCH_ALIAS_REVIEWED,"Official name/common name, including preparation qualifiers. Search aid only."
FC000392,"Baboy atay, nilaga",https://i.fnri.dost.gov.ph/fct/library/report/3882,SEARCH_ALIAS_REVIEWED,"Official name/common name, including preparation qualifiers. Search aid only."
FC000393,"Pork liver, broiled",https://i.fnri.dost.gov.ph/fct/library/report/3883,SEARCH_ALIAS_REVIEWED,"Official name/common name, including preparation qualifiers. Search aid only."
FC000393,"Baboy atay, inihaw",https://i.fnri.dost.gov.ph/fct/library/report/3883,SEARCH_ALIAS_REVIEWED,"Official name/common name, including preparation qualifiers. Search aid only."
FC000394,"Pork liver, fried",https://i.fnri.dost.gov.ph/fct/library/report/3884,SEARCH_ALIAS_REVIEWED,"Official name/common name, including preparation qualifiers. Search aid only."
FC000394,"Baboy atay, prito",https://i.fnri.dost.gov.ph/fct/library/report/3884,SEARCH_ALIAS_REVIEWED,"Official name/common name, including preparation qualifiers. Search aid only."
FC000395,"Pork picnic, boiled",https://i.fnri.dost.gov.ph/fct/library/report/3887,SEARCH_ALIAS_REVIEWED,"Official name/common name, including preparation qualifiers. Search aid only."
FC000395,"Baboy kasim, nilaga",https://i.fnri.dost.gov.ph/fct/library/report/3887,SEARCH_ALIAS_REVIEWED,"Official name/common name, including preparation qualifiers. Search aid only."
FC000396,"Pork back, seasoned, roasted, skin and visible fat removed",https://i.fnri.dost.gov.ph/fct/library/report/3975,SEARCH_ALIAS_REVIEWED,"Official name/common name, including preparation qualifiers. Search aid only."
FC000396,"Baboy likod, laman, litson",https://i.fnri.dost.gov.ph/fct/library/report/3975,SEARCH_ALIAS_REVIEWED,"Official name/common name, including preparation qualifiers. Search aid only."
FC000397,Beef brisket,https://i.fnri.dost.gov.ph/fct/library/report/3712,SEARCH_ALIAS_REVIEWED,"Official name/common name, including preparation qualifiers. Search aid only."
FC000397,Baka punta y pecho,https://i.fnri.dost.gov.ph/fct/library/report/3712,SEARCH_ALIAS_REVIEWED,"Official name/common name, including preparation qualifiers. Search aid only."
FC000398,Beef chuck,https://i.fnri.dost.gov.ph/fct/library/report/3713,SEARCH_ALIAS_REVIEWED,"Official name/common name, including preparation qualifiers. Search aid only."
FC000398,Baka paypay,https://i.fnri.dost.gov.ph/fct/library/report/3713,SEARCH_ALIAS_REVIEWED,"Official name/common name, including preparation qualifiers. Search aid only."
FC000399,Beef club steak,https://i.fnri.dost.gov.ph/fct/library/report/3715,SEARCH_ALIAS_REVIEWED,"Official name/common name, including preparation qualifiers. Search aid only."
FC000399,"Baka tagiliran, unahan",https://i.fnri.dost.gov.ph/fct/library/report/3715,SEARCH_ALIAS_REVIEWED,"Official name/common name, including preparation qualifiers. Search aid only."
FC000400,Beef flank,https://i.fnri.dost.gov.ph/fct/library/report/3716,SEARCH_ALIAS_REVIEWED,"Official name/common name, including preparation qualifiers. Search aid only."
FC000400,Baka camto,https://i.fnri.dost.gov.ph/fct/library/report/3716,SEARCH_ALIAS_REVIEWED,"Official name/common name, including preparation qualifiers. Search aid only."
FC000401,Beef heart,https://i.fnri.dost.gov.ph/fct/library/report/3718,SEARCH_ALIAS_REVIEWED,"Official name/common name, including preparation qualifiers. Search aid only."
FC000401,Baka puso,https://i.fnri.dost.gov.ph/fct/library/report/3718,SEARCH_ALIAS_REVIEWED,"Official name/common name, including preparation qualifiers. Search aid only."
FC000402,Beef kidney,https://i.fnri.dost.gov.ph/fct/library/report/3721,SEARCH_ALIAS_REVIEWED,"Official name/common name, including preparation qualifiers. Search aid only."
FC000402,Baka bato,https://i.fnri.dost.gov.ph/fct/library/report/3721,SEARCH_ALIAS_REVIEWED,"Official name/common name, including preparation qualifiers. Search aid only."
FC000403,Beef plate,https://i.fnri.dost.gov.ph/fct/library/report/3732,SEARCH_ALIAS_REVIEWED,"Official name/common name, including preparation qualifiers. Search aid only."
FC000403,Baka tadyang,https://i.fnri.dost.gov.ph/fct/library/report/3732,SEARCH_ALIAS_REVIEWED,"Official name/common name, including preparation qualifiers. Search aid only."
FC000404,Beef porterhouse steak,https://i.fnri.dost.gov.ph/fct/library/report/3733,SEARCH_ALIAS_REVIEWED,"Official name/common name, including preparation qualifiers. Search aid only."
FC000404,"Baka tagiliran, gitna",https://i.fnri.dost.gov.ph/fct/library/report/3733,SEARCH_ALIAS_REVIEWED,"Official name/common name, including preparation qualifiers. Search aid only."
FC000405,Beef rib roast,https://i.fnri.dost.gov.ph/fct/library/report/3736,SEARCH_ALIAS_REVIEWED,"Official name/common name, including preparation qualifiers. Search aid only."
FC000405,Baka kadera,https://i.fnri.dost.gov.ph/fct/library/report/3736,SEARCH_ALIAS_REVIEWED,"Official name/common name, including preparation qualifiers. Search aid only."
FC000406,Beef round,https://i.fnri.dost.gov.ph/fct/library/report/3737,SEARCH_ALIAS_REVIEWED,"Official name/common name, including preparation qualifiers. Search aid only."
FC000406,Baka pierna corta at pierna larga,https://i.fnri.dost.gov.ph/fct/library/report/3737,SEARCH_ALIAS_REVIEWED,"Official name/common name, including preparation qualifiers. Search aid only."
FC000407,Beef rump,https://i.fnri.dost.gov.ph/fct/library/report/3741,SEARCH_ALIAS_REVIEWED,"Official name/common name, including preparation qualifiers. Search aid only."
FC000407,Baka tapadera,https://i.fnri.dost.gov.ph/fct/library/report/3741,SEARCH_ALIAS_REVIEWED,"Official name/common name, including preparation qualifiers. Search aid only."
FC000408,Beef shank,https://i.fnri.dost.gov.ph/fct/library/report/3742,SEARCH_ALIAS_REVIEWED,"Official name/common name, including preparation qualifiers. Search aid only."
FC000408,Baka kenchi,https://i.fnri.dost.gov.ph/fct/library/report/3742,SEARCH_ALIAS_REVIEWED,"Official name/common name, including preparation qualifiers. Search aid only."
FC000409,Beef short rib,https://i.fnri.dost.gov.ph/fct/library/report/3744,SEARCH_ALIAS_REVIEWED,"Official name/common name, including preparation qualifiers. Search aid only."
FC000409,Baka tadyang,https://i.fnri.dost.gov.ph/fct/library/report/3744,SEARCH_ALIAS_REVIEWED,"Official name/common name, including preparation qualifiers. Search aid only."
FC000410,Beef sirloin,https://i.fnri.dost.gov.ph/fct/library/report/3745,SEARCH_ALIAS_REVIEWED,"Official name/common name, including preparation qualifiers. Search aid only."
FC000410,"Baka tagiliran, hulihan",https://i.fnri.dost.gov.ph/fct/library/report/3745,SEARCH_ALIAS_REVIEWED,"Official name/common name, including preparation qualifiers. Search aid only."
FC000411,Beef stomach,https://i.fnri.dost.gov.ph/fct/library/report/3751,SEARCH_ALIAS_REVIEWED,"Official name/common name, including preparation qualifiers. Search aid only."
FC000411,Baka sikmura,https://i.fnri.dost.gov.ph/fct/library/report/3751,SEARCH_ALIAS_REVIEWED,"Official name/common name, including preparation qualifiers. Search aid only."
FC000412,Beef tail,https://i.fnri.dost.gov.ph/fct/library/report/3752,SEARCH_ALIAS_REVIEWED,"Official name/common name, including preparation qualifiers. Search aid only."
FC000412,Baka buntot,https://i.fnri.dost.gov.ph/fct/library/report/3752,SEARCH_ALIAS_REVIEWED,"Official name/common name, including preparation qualifiers. Search aid only."
FC000413,Beef tenderloin,https://i.fnri.dost.gov.ph/fct/library/report/3753,SEARCH_ALIAS_REVIEWED,"Official name/common name, including preparation qualifiers. Search aid only."
FC000413,Baka solomilyo,https://i.fnri.dost.gov.ph/fct/library/report/3753,SEARCH_ALIAS_REVIEWED,"Official name/common name, including preparation qualifiers. Search aid only."
FC000414,Beef tongue,https://i.fnri.dost.gov.ph/fct/library/report/3754,SEARCH_ALIAS_REVIEWED,"Official name/common name, including preparation qualifiers. Search aid only."
FC000414,Baka dila,https://i.fnri.dost.gov.ph/fct/library/report/3754,SEARCH_ALIAS_REVIEWED,"Official name/common name, including preparation qualifiers. Search aid only."
FC000415,Beef tripe,https://i.fnri.dost.gov.ph/fct/library/report/3756,SEARCH_ALIAS_REVIEWED,"Official name/common name, including preparation qualifiers. Search aid only."
FC000415,Baka goto,https://i.fnri.dost.gov.ph/fct/library/report/3756,SEARCH_ALIAS_REVIEWED,"Official name/common name, including preparation qualifiers. Search aid only."
FC000416,Chicken back,https://i.fnri.dost.gov.ph/fct/library/report/3798,SEARCH_ALIAS_REVIEWED,"Official name/common name, including preparation qualifiers. Search aid only."
FC000416,Manok likod,https://i.fnri.dost.gov.ph/fct/library/report/3798,SEARCH_ALIAS_REVIEWED,"Official name/common name, including preparation qualifiers. Search aid only."
FC000417,Chicken feet,https://i.fnri.dost.gov.ph/fct/library/report/3801,SEARCH_ALIAS_REVIEWED,"Official name/common name, including preparation qualifiers. Search aid only."
FC000417,Manok paa,https://i.fnri.dost.gov.ph/fct/library/report/3801,SEARCH_ALIAS_REVIEWED,"Official name/common name, including preparation qualifiers. Search aid only."
FC000418,"Chicken feet, bbq",https://i.fnri.dost.gov.ph/fct/library/report/3802,SEARCH_ALIAS_REVIEWED,"Official name/common name, including preparation qualifiers. Search aid only."
FC000418,"Manok paa, bbq/""adidas""",https://i.fnri.dost.gov.ph/fct/library/report/3802,SEARCH_ALIAS_REVIEWED,"Official name/common name, including preparation qualifiers. Search aid only."
FC000419,Chicken gizzard,https://i.fnri.dost.gov.ph/fct/library/report/3803,SEARCH_ALIAS_REVIEWED,"Official name/common name, including preparation qualifiers. Search aid only."
FC000419,Manok balun-balunan,https://i.fnri.dost.gov.ph/fct/library/report/3803,SEARCH_ALIAS_REVIEWED,"Official name/common name, including preparation qualifiers. Search aid only."
FC000420,Chicken heart,https://i.fnri.dost.gov.ph/fct/library/report/3806,SEARCH_ALIAS_REVIEWED,"Official name/common name, including preparation qualifiers. Search aid only."
FC000420,Manok puso,https://i.fnri.dost.gov.ph/fct/library/report/3806,SEARCH_ALIAS_REVIEWED,"Official name/common name, including preparation qualifiers. Search aid only."
FC000421,Chicken neck,https://i.fnri.dost.gov.ph/fct/library/report/3811,SEARCH_ALIAS_REVIEWED,"Official name/common name, including preparation qualifiers. Search aid only."
FC000421,Manok leeg,https://i.fnri.dost.gov.ph/fct/library/report/3811,SEARCH_ALIAS_REVIEWED,"Official name/common name, including preparation qualifiers. Search aid only."
FC000422,Chicken thigh & leg,https://i.fnri.dost.gov.ph/fct/library/report/3815,SEARCH_ALIAS_REVIEWED,"Official name/common name, including preparation qualifiers. Search aid only."
FC000422,Manok hita at binti,https://i.fnri.dost.gov.ph/fct/library/report/3815,SEARCH_ALIAS_REVIEWED,"Official name/common name, including preparation qualifiers. Search aid only."
FC000423,Chicken white meat,https://i.fnri.dost.gov.ph/fct/library/report/3817,SEARCH_ALIAS_REVIEWED,"Official name/common name, including preparation qualifiers. Search aid only."
FC000423,Manok laman,https://i.fnri.dost.gov.ph/fct/library/report/3817,SEARCH_ALIAS_REVIEWED,"Official name/common name, including preparation qualifiers. Search aid only."
FC000424,Pork back fat,https://i.fnri.dost.gov.ph/fct/library/report/3853,SEARCH_ALIAS_REVIEWED,"Official name/common name, including preparation qualifiers. Search aid only."
FC000424,Baboy taba sa likod,https://i.fnri.dost.gov.ph/fct/library/report/3853,SEARCH_ALIAS_REVIEWED,"Official name/common name, including preparation qualifiers. Search aid only."
FC000425,Pork center loin,https://i.fnri.dost.gov.ph/fct/library/report/3868,SEARCH_ALIAS_REVIEWED,"Official name/common name, including preparation qualifiers. Search aid only."
FC000425,"Baboy tagiliran, laman",https://i.fnri.dost.gov.ph/fct/library/report/3868,SEARCH_ALIAS_REVIEWED,"Official name/common name, including preparation qualifiers. Search aid only."
FC000426,Pork chop,https://i.fnri.dost.gov.ph/fct/library/report/3869,SEARCH_ALIAS_REVIEWED,"Official name/common name, including preparation qualifiers. Search aid only."
FC000426,Baboy kostillas,https://i.fnri.dost.gov.ph/fct/library/report/3869,SEARCH_ALIAS_REVIEWED,"Official name/common name, including preparation qualifiers. Search aid only."
FC000427,Pork ear,https://i.fnri.dost.gov.ph/fct/library/report/3870,SEARCH_ALIAS_REVIEWED,"Official name/common name, including preparation qualifiers. Search aid only."
FC000427,Baboy tenga,https://i.fnri.dost.gov.ph/fct/library/report/3870,SEARCH_ALIAS_REVIEWED,"Official name/common name, including preparation qualifiers. Search aid only."
FC000428,"Pork ear, bbq",https://i.fnri.dost.gov.ph/fct/library/report/3871,SEARCH_ALIAS_REVIEWED,"Official name/common name, including preparation qualifiers. Search aid only."
FC000428,"Baboy tenga, bbq/",https://i.fnri.dost.gov.ph/fct/library/report/3871,SEARCH_ALIAS_REVIEWED,"Official name/common name, including preparation qualifiers. Search aid only."
FC000429,Pork ham,https://i.fnri.dost.gov.ph/fct/library/report/3872,SEARCH_ALIAS_REVIEWED,"Official name/common name, including preparation qualifiers. Search aid only."
FC000429,Baboy pigi/pigue,https://i.fnri.dost.gov.ph/fct/library/report/3872,SEARCH_ALIAS_REVIEWED,"Official name/common name, including preparation qualifiers. Search aid only."
FC000430,Pork heart,https://i.fnri.dost.gov.ph/fct/library/report/3874,SEARCH_ALIAS_REVIEWED,"Official name/common name, including preparation qualifiers. Search aid only."
FC000430,Baboy puso,https://i.fnri.dost.gov.ph/fct/library/report/3874,SEARCH_ALIAS_REVIEWED,"Official name/common name, including preparation qualifiers. Search aid only."
FC000431,Pork kidney,https://i.fnri.dost.gov.ph/fct/library/report/3878,SEARCH_ALIAS_REVIEWED,"Official name/common name, including preparation qualifiers. Search aid only."
FC000431,Baboy bato,https://i.fnri.dost.gov.ph/fct/library/report/3878,SEARCH_ALIAS_REVIEWED,"Official name/common name, including preparation qualifiers. Search aid only."
FC000432,Pork leg,https://i.fnri.dost.gov.ph/fct/library/report/3880,SEARCH_ALIAS_REVIEWED,"Official name/common name, including preparation qualifiers. Search aid only."
FC000432,Baboy pata,https://i.fnri.dost.gov.ph/fct/library/report/3880,SEARCH_ALIAS_REVIEWED,"Official name/common name, including preparation qualifiers. Search aid only."
FC000433,Pork picnic,https://i.fnri.dost.gov.ph/fct/library/report/3886,SEARCH_ALIAS_REVIEWED,"Official name/common name, including preparation qualifiers. Search aid only."
FC000433,Baboy kasim,https://i.fnri.dost.gov.ph/fct/library/report/3886,SEARCH_ALIAS_REVIEWED,"Official name/common name, including preparation qualifiers. Search aid only."
FC000434,Pork spare rib,https://i.fnri.dost.gov.ph/fct/library/report/3889,SEARCH_ALIAS_REVIEWED,"Official name/common name, including preparation qualifiers. Search aid only."
FC000434,Baboy tadyang,https://i.fnri.dost.gov.ph/fct/library/report/3889,SEARCH_ALIAS_REVIEWED,"Official name/common name, including preparation qualifiers. Search aid only."
FC000435,Pork stomach,https://i.fnri.dost.gov.ph/fct/library/report/3892,SEARCH_ALIAS_REVIEWED,"Official name/common name, including preparation qualifiers. Search aid only."
FC000435,Baboy sikmura,https://i.fnri.dost.gov.ph/fct/library/report/3892,SEARCH_ALIAS_REVIEWED,"Official name/common name, including preparation qualifiers. Search aid only."
FC000436,Pork tail,https://i.fnri.dost.gov.ph/fct/library/report/3893,SEARCH_ALIAS_REVIEWED,"Official name/common name, including preparation qualifiers. Search aid only."
FC000436,Baboy buntot,https://i.fnri.dost.gov.ph/fct/library/report/3893,SEARCH_ALIAS_REVIEWED,"Official name/common name, including preparation qualifiers. Search aid only."
FC000437,Pork tenderloin,https://i.fnri.dost.gov.ph/fct/library/report/3894,SEARCH_ALIAS_REVIEWED,"Official name/common name, including preparation qualifiers. Search aid only."
FC000437,Baboy lomo,https://i.fnri.dost.gov.ph/fct/library/report/3894,SEARCH_ALIAS_REVIEWED,"Official name/common name, including preparation qualifiers. Search aid only."
FC000438,"Egg, quail, boiled",https://i.fnri.dost.gov.ph/fct/library/report/4223,SEARCH_ALIAS_REVIEWED,"Official name/common name, including preparation qualifiers. Search aid only."
FC000438,"Itlog, pugo, nilaga",https://i.fnri.dost.gov.ph/fct/library/report/4223,SEARCH_ALIAS_REVIEWED,"Official name/common name, including preparation qualifiers. Search aid only."
FC000439,"Egg, duck, fertilized, boiled",https://i.fnri.dost.gov.ph/fct/library/report/4228,SEARCH_ALIAS_REVIEWED,"Official name/common name, including preparation qualifiers. Search aid only."
FC000439,"Balut, nilaga",https://i.fnri.dost.gov.ph/fct/library/report/4228,SEARCH_ALIAS_REVIEWED,"Official name/common name, including preparation qualifiers. Search aid only."
FC000440,"Egg, duck, infertile, boiled",https://i.fnri.dost.gov.ph/fct/library/report/4232,SEARCH_ALIAS_REVIEWED,"Official name/common name, including preparation qualifiers. Search aid only."
FC000440,"Penoy, nilaga",https://i.fnri.dost.gov.ph/fct/library/report/4232,SEARCH_ALIAS_REVIEWED,"Official name/common name, including preparation qualifiers. Search aid only."
FC000441,"Egg, chicken, white",https://i.fnri.dost.gov.ph/fct/library/report/4214,SEARCH_ALIAS_REVIEWED,"Official name/common name, including preparation qualifiers. Search aid only."
FC000441,"Itlog, manok, puti",https://i.fnri.dost.gov.ph/fct/library/report/4214,SEARCH_ALIAS_REVIEWED,"Official name/common name, including preparation qualifiers. Search aid only."
FC000442,"Egg, chicken, yolk",https://i.fnri.dost.gov.ph/fct/library/report/4217,SEARCH_ALIAS_REVIEWED,"Official name/common name, including preparation qualifiers. Search aid only."
FC000442,"Itlog, manok, pula",https://i.fnri.dost.gov.ph/fct/library/report/4217,SEARCH_ALIAS_REVIEWED,"Official name/common name, including preparation qualifiers. Search aid only."
FC000443,"Egg, quail",https://i.fnri.dost.gov.ph/fct/library/report/4222,SEARCH_ALIAS_REVIEWED,"Official name/common name, including preparation qualifiers. Search aid only."
FC000443,"Itlog, pugo",https://i.fnri.dost.gov.ph/fct/library/report/4222,SEARCH_ALIAS_REVIEWED,"Official name/common name, including preparation qualifiers. Search aid only."
FC000444,"Egg, duck, century",https://i.fnri.dost.gov.ph/fct/library/report/4227,SEARCH_ALIAS_REVIEWED,"Official name/common name, including preparation qualifiers. Search aid only."
FC000444,Century egg/Pidan,https://i.fnri.dost.gov.ph/fct/library/report/4227,SEARCH_ALIAS_REVIEWED,"Official name/common name, including preparation qualifiers. Search aid only."
FC000445,"Egg, duck, whole, salted",https://i.fnri.dost.gov.ph/fct/library/report/4233,SEARCH_ALIAS_REVIEWED,"Official name/common name, including preparation qualifiers. Search aid only."
FC000445,"Itlog, pato, maalat",https://i.fnri.dost.gov.ph/fct/library/report/4233,SEARCH_ALIAS_REVIEWED,"Official name/common name, including preparation qualifiers. Search aid only."
FC000446,"Egg, duck, white",https://i.fnri.dost.gov.ph/fct/library/report/4218,SEARCH_ALIAS_REVIEWED,"Official name/common name, including preparation qualifiers. Search aid only."
FC000446,"Itlog, pato, puti",https://i.fnri.dost.gov.ph/fct/library/report/4218,SEARCH_ALIAS_REVIEWED,"Official name/common name, including preparation qualifiers. Search aid only."
FC000447,"Egg, duck, yolk",https://i.fnri.dost.gov.ph/fct/library/report/4220,SEARCH_ALIAS_REVIEWED,"Official name/common name, including preparation qualifiers. Search aid only."
FC000447,"Itlog, pato, pula",https://i.fnri.dost.gov.ph/fct/library/report/4220,SEARCH_ALIAS_REVIEWED,"Official name/common name, including preparation qualifiers. Search aid only."
FC000448,"Clam, halaan, boiled",https://i.fnri.dost.gov.ph/fct/library/report/4002,SEARCH_ALIAS_REVIEWED,"Official name/common name, including preparation qualifiers. Search aid only."
FC000448,"Halaan, nilaga",https://i.fnri.dost.gov.ph/fct/library/report/4002,SEARCH_ALIAS_REVIEWED,"Official name/common name, including preparation qualifiers. Search aid only."
FC000449,"Crab, blue swimming, w/o fat, boiled",https://i.fnri.dost.gov.ph/fct/library/report/4018,SEARCH_ALIAS_REVIEWED,"Official name/common name, including preparation qualifiers. Search aid only."
FC000449,"Alimasag laman, nilaga",https://i.fnri.dost.gov.ph/fct/library/report/4018,SEARCH_ALIAS_REVIEWED,"Official name/common name, including preparation qualifiers. Search aid only."
FC000450,"Crab, mud/mangrove, w/o fat, boiled",https://i.fnri.dost.gov.ph/fct/library/report/4021,SEARCH_ALIAS_REVIEWED,"Official name/common name, including preparation qualifiers. Search aid only."
FC000450,"Alimango laman, nilaga",https://i.fnri.dost.gov.ph/fct/library/report/4021,SEARCH_ALIAS_REVIEWED,"Official name/common name, including preparation qualifiers. Search aid only."
FC000451,"Mackerel, short-bodied, fried",https://i.fnri.dost.gov.ph/fct/library/report/4051,SEARCH_ALIAS_REVIEWED,"Official name/common name, including preparation qualifiers. Search aid only."
FC000451,"Hasa-hasa, prito",https://i.fnri.dost.gov.ph/fct/library/report/4051,SEARCH_ALIAS_REVIEWED,"Official name/common name, including preparation qualifiers. Search aid only."
FC000452,"Milkfish, fried",https://i.fnri.dost.gov.ph/fct/library/report/4056,SEARCH_ALIAS_REVIEWED,"Official name/common name, including preparation qualifiers. Search aid only."
FC000452,"Bangus, prito",https://i.fnri.dost.gov.ph/fct/library/report/4056,SEARCH_ALIAS_REVIEWED,"Official name/common name, including preparation qualifiers. Search aid only."
FC000453,"Mussel, green, boiled",https://i.fnri.dost.gov.ph/fct/library/report/4066,SEARCH_ALIAS_REVIEWED,"Official name/common name, including preparation qualifiers. Search aid only."
FC000453,"Tahong, nilaga",https://i.fnri.dost.gov.ph/fct/library/report/4066,SEARCH_ALIAS_REVIEWED,"Official name/common name, including preparation qualifiers. Search aid only."
FC000454,"Shrimp, banana prawn, boiled",https://i.fnri.dost.gov.ph/fct/library/report/4094,SEARCH_ALIAS_REVIEWED,"Official name/common name, including preparation qualifiers. Search aid only."
FC000454,"Hipon, puti, nilaga",https://i.fnri.dost.gov.ph/fct/library/report/4094,SEARCH_ALIAS_REVIEWED,"Official name/common name, including preparation qualifiers. Search aid only."
FC000455,"Shrimp, greasy back, boiled",https://i.fnri.dost.gov.ph/fct/library/report/4100,SEARCH_ALIAS_REVIEWED,"Official name/common name, including preparation qualifiers. Search aid only."
FC000455,"Hipon, suwahe, nilaga",https://i.fnri.dost.gov.ph/fct/library/report/4100,SEARCH_ALIAS_REVIEWED,"Official name/common name, including preparation qualifiers. Search aid only."
FC000456,"Squid, boiled",https://i.fnri.dost.gov.ph/fct/library/report/4112,SEARCH_ALIAS_REVIEWED,"Official name/common name, including preparation qualifiers. Search aid only."
FC000456,"Pusit, nilaga",https://i.fnri.dost.gov.ph/fct/library/report/4112,SEARCH_ALIAS_REVIEWED,"Official name/common name, including preparation qualifiers. Search aid only."
FC000457,"Fish ball, fried",https://i.fnri.dost.gov.ph/fct/library/report/4142,SEARCH_ALIAS_REVIEWED,"Official name/common name, including preparation qualifiers. Search aid only."
FC000458,"Catfish, freshwater",https://i.fnri.dost.gov.ph/fct/library/report/3993,SEARCH_ALIAS_REVIEWED,"Official name/common name, including preparation qualifiers. Search aid only."
FC000458,Hito,https://i.fnri.dost.gov.ph/fct/library/report/3993,SEARCH_ALIAS_REVIEWED,"Official name/common name, including preparation qualifiers. Search aid only."
FC000459,"Catfish, saltwater",https://i.fnri.dost.gov.ph/fct/library/report/3994,SEARCH_ALIAS_REVIEWED,"Official name/common name, including preparation qualifiers. Search aid only."
FC000459,Kanduli,https://i.fnri.dost.gov.ph/fct/library/report/3994,SEARCH_ALIAS_REVIEWED,"Official name/common name, including preparation qualifiers. Search aid only."
FC000460,"Clam, halaan",https://i.fnri.dost.gov.ph/fct/library/report/4001,SEARCH_ALIAS_REVIEWED,"Official name/common name, including preparation qualifiers. Search aid only."
FC000460,Halaan,https://i.fnri.dost.gov.ph/fct/library/report/4001,SEARCH_ALIAS_REVIEWED,"Official name/common name, including preparation qualifiers. Search aid only."
FC000461,"Grouper, whitespotted",https://i.fnri.dost.gov.ph/fct/library/report/4043,SEARCH_ALIAS_REVIEWED,"Official name/common name, including preparation qualifiers. Search aid only."
FC000461,Lapu-lapu,https://i.fnri.dost.gov.ph/fct/library/report/4043,SEARCH_ALIAS_REVIEWED,"Official name/common name, including preparation qualifiers. Search aid only."
FC000462,"Mackerel, short-bodied",https://i.fnri.dost.gov.ph/fct/library/report/4050,SEARCH_ALIAS_REVIEWED,"Official name/common name, including preparation qualifiers. Search aid only."
FC000462,Hasa-hasa,https://i.fnri.dost.gov.ph/fct/library/report/4050,SEARCH_ALIAS_REVIEWED,"Official name/common name, including preparation qualifiers. Search aid only."
FC000463,"Mackerel, Spanish",https://i.fnri.dost.gov.ph/fct/library/report/4052,SEARCH_ALIAS_REVIEWED,"Official name/common name, including preparation qualifiers. Search aid only."
FC000463,Tangigi,https://i.fnri.dost.gov.ph/fct/library/report/4052,SEARCH_ALIAS_REVIEWED,"Official name/common name, including preparation qualifiers. Search aid only."
FC000464,Oyster,https://i.fnri.dost.gov.ph/fct/library/report/4069,SEARCH_ALIAS_REVIEWED,"Official name/common name, including preparation qualifiers. Search aid only."
FC000464,Talaba,https://i.fnri.dost.gov.ph/fct/library/report/4069,SEARCH_ALIAS_REVIEWED,"Official name/common name, including preparation qualifiers. Search aid only."
FC000465,Red snapper/Malabar,https://i.fnri.dost.gov.ph/fct/library/report/4078,SEARCH_ALIAS_REVIEWED,"Official name/common name, including preparation qualifiers. Search aid only."
FC000465,Maya-maya,https://i.fnri.dost.gov.ph/fct/library/report/4078,SEARCH_ALIAS_REVIEWED,"Official name/common name, including preparation qualifiers. Search aid only."
FC000466,"Sardine, bombon",https://i.fnri.dost.gov.ph/fct/library/report/4080,SEARCH_ALIAS_REVIEWED,"Official name/common name, including preparation qualifiers. Search aid only."
FC000466,Tawilis/Freshwater sardinella,https://i.fnri.dost.gov.ph/fct/library/report/4080,SEARCH_ALIAS_REVIEWED,"Official name/common name, including preparation qualifiers. Search aid only."
FC000467,"Scad, big-eye",https://i.fnri.dost.gov.ph/fct/library/report/4084,SEARCH_ALIAS_REVIEWED,"Official name/common name, including preparation qualifiers. Search aid only."
FC000467,Matang baka,https://i.fnri.dost.gov.ph/fct/library/report/4084,SEARCH_ALIAS_REVIEWED,"Official name/common name, including preparation qualifiers. Search aid only."
FC000468,Sea bass,https://i.fnri.dost.gov.ph/fct/library/report/4086,SEARCH_ALIAS_REVIEWED,"Official name/common name, including preparation qualifiers. Search aid only."
FC000468,Apahap,https://i.fnri.dost.gov.ph/fct/library/report/4086,SEARCH_ALIAS_REVIEWED,"Official name/common name, including preparation qualifiers. Search aid only."
FC000469,"Shrimp, freshwater",https://i.fnri.dost.gov.ph/fct/library/report/4095,SEARCH_ALIAS_REVIEWED,"Official name/common name, including preparation qualifiers. Search aid only."
FC000469,Ulang,https://i.fnri.dost.gov.ph/fct/library/report/4095,SEARCH_ALIAS_REVIEWED,"Official name/common name, including preparation qualifiers. Search aid only."
FC000470,"Tuna, frigate",https://i.fnri.dost.gov.ph/fct/library/report/4126,SEARCH_ALIAS_REVIEWED,"Official name/common name, including preparation qualifiers. Search aid only."
FC000470,Tulingan,https://i.fnri.dost.gov.ph/fct/library/report/4126,SEARCH_ALIAS_REVIEWED,"Official name/common name, including preparation qualifiers. Search aid only."
FC000471,Fish ball,https://i.fnri.dost.gov.ph/fct/library/report/4141,SEARCH_ALIAS_REVIEWED,"Official name/common name, including preparation qualifiers. Search aid only."
FC000472,"Fish preparation, quekiam",https://i.fnri.dost.gov.ph/fct/library/report/4143,SEARCH_ALIAS_REVIEWED,"Official name/common name, including preparation qualifiers. Search aid only."
FC000472,Kikyam,https://i.fnri.dost.gov.ph/fct/library/report/4143,SEARCH_ALIAS_REVIEWED,"Official name/common name, including preparation qualifiers. Search aid only."
FC000473,"Milkfish, smoked",https://i.fnri.dost.gov.ph/fct/library/report/4163,SEARCH_ALIAS_REVIEWED,"Official name/common name, including preparation qualifiers. Search aid only."
FC000473,"Bangus, tinapa",https://i.fnri.dost.gov.ph/fct/library/report/4163,SEARCH_ALIAS_REVIEWED,"Official name/common name, including preparation qualifiers. Search aid only."
FC000474,"Scad, round, dried",https://i.fnri.dost.gov.ph/fct/library/report/4187,SEARCH_ALIAS_REVIEWED,"Official name/common name, including preparation qualifiers. Search aid only."
FC000474,"Galunggong, daing",https://i.fnri.dost.gov.ph/fct/library/report/4187,SEARCH_ALIAS_REVIEWED,"Official name/common name, including preparation qualifiers. Search aid only."
FC000475,"Scad, round, smoked",https://i.fnri.dost.gov.ph/fct/library/report/4188,SEARCH_ALIAS_REVIEWED,"Official name/common name, including preparation qualifiers. Search aid only."
FC000475,"Galunggong, tinapa",https://i.fnri.dost.gov.ph/fct/library/report/4188,SEARCH_ALIAS_REVIEWED,"Official name/common name, including preparation qualifiers. Search aid only."
FC000476,"Squid, dried",https://i.fnri.dost.gov.ph/fct/library/report/4197,SEARCH_ALIAS_REVIEWED,"Official name/common name, including preparation qualifiers. Search aid only."
FC000476,"Pusit, tuyo",https://i.fnri.dost.gov.ph/fct/library/report/4197,SEARCH_ALIAS_REVIEWED,"Official name/common name, including preparation qualifiers. Search aid only."
FC000477,"Tilapia, dried",https://i.fnri.dost.gov.ph/fct/library/report/4202,SEARCH_ALIAS_REVIEWED,"Official name/common name, including preparation qualifiers. Search aid only."
FC000478,"Tuna flakes, in brine, cnd",https://i.fnri.dost.gov.ph/fct/library/report/4206,SEARCH_ALIAS_REVIEWED,"Official name/common name, including preparation qualifiers. Search aid only."
FC000479,"Tuna flakes, in veg oil, cnd",https://i.fnri.dost.gov.ph/fct/library/report/4207,SEARCH_ALIAS_REVIEWED,"Official name/common name, including preparation qualifiers. Search aid only."
FC000480,"Mudfish/Murrel, striated, boiled",https://i.fnri.dost.gov.ph/fct/library/report/4062,SEARCH_ALIAS_REVIEWED,"Official name/common name, including preparation qualifiers. Search aid only."
FC000480,"Dalag, nilaga",https://i.fnri.dost.gov.ph/fct/library/report/4062,SEARCH_ALIAS_REVIEWED,"Official name/common name, including preparation qualifiers. Search aid only."
FC000481,"Mudfish/Murrel, striated",https://i.fnri.dost.gov.ph/fct/library/report/4061,SEARCH_ALIAS_REVIEWED,"Official name/common name, including preparation qualifiers. Search aid only."
FC000481,Dalag,https://i.fnri.dost.gov.ph/fct/library/report/4061,SEARCH_ALIAS_REVIEWED,"Official name/common name, including preparation qualifiers. Search aid only."
FC000482,Octopus,https://i.fnri.dost.gov.ph/fct/library/report/4068,SEARCH_ALIAS_REVIEWED,"Official name/common name, including preparation qualifiers. Search aid only."
FC000482,Pugita,https://i.fnri.dost.gov.ph/fct/library/report/4068,SEARCH_ALIAS_REVIEWED,"Official name/common name, including preparation qualifiers. Search aid only."
FC000483,"Pomfret, black",https://i.fnri.dost.gov.ph/fct/library/report/4074,SEARCH_ALIAS_REVIEWED,"Official name/common name, including preparation qualifiers. Search aid only."
FC000483,Pampano,https://i.fnri.dost.gov.ph/fct/library/report/4074,SEARCH_ALIAS_REVIEWED,"Official name/common name, including preparation qualifiers. Search aid only."
FC000484,Swordfish,https://i.fnri.dost.gov.ph/fct/library/report/4116,SEARCH_ALIAS_REVIEWED,"Official name/common name, including preparation qualifiers. Search aid only."
FC000484,Malasugi,https://i.fnri.dost.gov.ph/fct/library/report/4116,SEARCH_ALIAS_REVIEWED,"Official name/common name, including preparation qualifiers. Search aid only."
FC000485,"Clam, freshwater, tulya, boiled",https://i.fnri.dost.gov.ph/fct/library/report/4000,SEARCH_ALIAS_REVIEWED,"Official name/common name, including preparation qualifiers. Search aid only."
FC000485,"Tulya, nilaga",https://i.fnri.dost.gov.ph/fct/library/report/4000,SEARCH_ALIAS_REVIEWED,"Official name/common name, including preparation qualifiers. Search aid only."
FC000486,"Clam, imbao, boiled",https://i.fnri.dost.gov.ph/fct/library/report/4004,SEARCH_ALIAS_REVIEWED,"Official name/common name, including preparation qualifiers. Search aid only."
FC000486,"Imbao, nilaga",https://i.fnri.dost.gov.ph/fct/library/report/4004,SEARCH_ALIAS_REVIEWED,"Official name/common name, including preparation qualifiers. Search aid only."
FC000487,"Anchovy, Indian (adult)",https://i.fnri.dost.gov.ph/fct/library/report/3985,SEARCH_ALIAS_REVIEWED,"Official name/common name, including preparation qualifiers. Search aid only."
FC000487,Tuakang,https://i.fnri.dost.gov.ph/fct/library/report/3985,SEARCH_ALIAS_REVIEWED,"Official name/common name, including preparation qualifiers. Search aid only."
FC000488,"Anchovy, long-jawed, whole",https://i.fnri.dost.gov.ph/fct/library/report/3987,SEARCH_ALIAS_REVIEWED,"Official name/common name, including preparation qualifiers. Search aid only."
FC000488,"Dilis, buo",https://i.fnri.dost.gov.ph/fct/library/report/3987,SEARCH_ALIAS_REVIEWED,"Official name/common name, including preparation qualifiers. Search aid only."
FC000489,"Clam, freshwater, tulya",https://i.fnri.dost.gov.ph/fct/library/report/3999,SEARCH_ALIAS_REVIEWED,"Official name/common name, including preparation qualifiers. Search aid only."
FC000489,Tulya,https://i.fnri.dost.gov.ph/fct/library/report/3999,SEARCH_ALIAS_REVIEWED,"Official name/common name, including preparation qualifiers. Search aid only."
FC000490,"Clam, imbao",https://i.fnri.dost.gov.ph/fct/library/report/4003,SEARCH_ALIAS_REVIEWED,"Official name/common name, including preparation qualifiers. Search aid only."
FC000490,Imbao,https://i.fnri.dost.gov.ph/fct/library/report/4003,SEARCH_ALIAS_REVIEWED,"Official name/common name, including preparation qualifiers. Search aid only."
FC000491,"Crab, blue swimming, fat",https://i.fnri.dost.gov.ph/fct/library/report/4016,SEARCH_ALIAS_REVIEWED,"Official name/common name, including preparation qualifiers. Search aid only."
FC000491,Alimasag alige,https://i.fnri.dost.gov.ph/fct/library/report/4016,SEARCH_ALIAS_REVIEWED,"Official name/common name, including preparation qualifiers. Search aid only."
FC000492,"Crab, mud/mangrove, fat",https://i.fnri.dost.gov.ph/fct/library/report/4019,SEARCH_ALIAS_REVIEWED,"Official name/common name, including preparation qualifiers. Search aid only."
FC000492,Alimango alige,https://i.fnri.dost.gov.ph/fct/library/report/4019,SEARCH_ALIAS_REVIEWED,"Official name/common name, including preparation qualifiers. Search aid only."
FC000493,"Crab, shore",https://i.fnri.dost.gov.ph/fct/library/report/4022,SEARCH_ALIAS_REVIEWED,"Official name/common name, including preparation qualifiers. Search aid only."
FC000493,Talangka,https://i.fnri.dost.gov.ph/fct/library/report/4022,SEARCH_ALIAS_REVIEWED,"Official name/common name, including preparation qualifiers. Search aid only."
FC000494,"Oyster, window pane, meat",https://i.fnri.dost.gov.ph/fct/library/report/4070,SEARCH_ALIAS_REVIEWED,"Official name/common name, including preparation qualifiers. Search aid only."
FC000494,"Kapis, laman",https://i.fnri.dost.gov.ph/fct/library/report/4070,SEARCH_ALIAS_REVIEWED,"Official name/common name, including preparation qualifiers. Search aid only."
FC000495,"Sardine, fimbriated",https://i.fnri.dost.gov.ph/fct/library/report/4081,SEARCH_ALIAS_REVIEWED,"Official name/common name, including preparation qualifiers. Search aid only."
FC000495,Tabagak,https://i.fnri.dost.gov.ph/fct/library/report/4081,SEARCH_ALIAS_REVIEWED,"Official name/common name, including preparation qualifiers. Search aid only."
FC000496,"Sardine, fimbriated, fry",https://i.fnri.dost.gov.ph/fct/library/report/4082,SEARCH_ALIAS_REVIEWED,"Official name/common name, including preparation qualifiers. Search aid only."
FC000496,Silinyasi,https://i.fnri.dost.gov.ph/fct/library/report/4082,SEARCH_ALIAS_REVIEWED,"Official name/common name, including preparation qualifiers. Search aid only."
FC000497,"Shrimp, freshwater (small)",https://i.fnri.dost.gov.ph/fct/library/report/4096,SEARCH_ALIAS_REVIEWED,"Official name/common name, including preparation qualifiers. Search aid only."
FC000497,"Hipon, tagunton",https://i.fnri.dost.gov.ph/fct/library/report/4096,SEARCH_ALIAS_REVIEWED,"Official name/common name, including preparation qualifiers. Search aid only."
FC000498,"Shrimp, sergestid",https://i.fnri.dost.gov.ph/fct/library/report/4101,SEARCH_ALIAS_REVIEWED,"Official name/common name, including preparation qualifiers. Search aid only."
FC000498,Alamang,https://i.fnri.dost.gov.ph/fct/library/report/4101,SEARCH_ALIAS_REVIEWED,"Official name/common name, including preparation qualifiers. Search aid only."
FC000499,"Anchovy, long-jawed, dried, ground",https://i.fnri.dost.gov.ph/fct/library/report/4131,SEARCH_ALIAS_REVIEWED,"Official name/common name, including preparation qualifiers. Search aid only."
FC000499,"Dilis, giniling",https://i.fnri.dost.gov.ph/fct/library/report/4131,SEARCH_ALIAS_REVIEWED,"Official name/common name, including preparation qualifiers. Search aid only."
FC000500,"Catfish, freshwater, dried",https://i.fnri.dost.gov.ph/fct/library/report/4133,SEARCH_ALIAS_REVIEWED,"Official name/common name, including preparation qualifiers. Search aid only."
FC000500,"Hito, daing",https://i.fnri.dost.gov.ph/fct/library/report/4133,SEARCH_ALIAS_REVIEWED,"Official name/common name, including preparation qualifiers. Search aid only."
FC000501,"Catfish, saltwater, dried",https://i.fnri.dost.gov.ph/fct/library/report/4134,SEARCH_ALIAS_REVIEWED,"Official name/common name, including preparation qualifiers. Search aid only."
FC000501,"Kanduli, daing",https://i.fnri.dost.gov.ph/fct/library/report/4134,SEARCH_ALIAS_REVIEWED,"Official name/common name, including preparation qualifiers. Search aid only."
FC000502,"Crab, mud/mangrove, meat, cnd",https://i.fnri.dost.gov.ph/fct/library/report/4137,SEARCH_ALIAS_REVIEWED,"Official name/common name, including preparation qualifiers. Search aid only."
FC000502,"Alimango laman, de lata",https://i.fnri.dost.gov.ph/fct/library/report/4137,SEARCH_ALIAS_REVIEWED,"Official name/common name, including preparation qualifiers. Search aid only."
FC000503,"Grouper, whitespotted, dried",https://i.fnri.dost.gov.ph/fct/library/report/4150,SEARCH_ALIAS_REVIEWED,"Official name/common name, including preparation qualifiers. Search aid only."
FC000503,"Lapu-lapu, daing",https://i.fnri.dost.gov.ph/fct/library/report/4150,SEARCH_ALIAS_REVIEWED,"Official name/common name, including preparation qualifiers. Search aid only."
FC000504,"Mackerel scad, in tomato sce, cnd",https://i.fnri.dost.gov.ph/fct/library/report/4154,SEARCH_ALIAS_REVIEWED,"Official name/common name, including preparation qualifiers. Search aid only."
FC000504,"Bakutut, sa tomato sce, de lata",https://i.fnri.dost.gov.ph/fct/library/report/4154,SEARCH_ALIAS_REVIEWED,"Official name/common name, including preparation qualifiers. Search aid only."
FC000505,"Mackerel, short-bodied, dried",https://i.fnri.dost.gov.ph/fct/library/report/4155,SEARCH_ALIAS_REVIEWED,"Official name/common name, including preparation qualifiers. Search aid only."
FC000505,"Hasa-hasa, tuyo",https://i.fnri.dost.gov.ph/fct/library/report/4155,SEARCH_ALIAS_REVIEWED,"Official name/common name, including preparation qualifiers. Search aid only."
FC000506,"Mackerel, short-bodied, smoked",https://i.fnri.dost.gov.ph/fct/library/report/4156,SEARCH_ALIAS_REVIEWED,"Official name/common name, including preparation qualifiers. Search aid only."
FC000506,"Hasa-hasa, tinapa",https://i.fnri.dost.gov.ph/fct/library/report/4156,SEARCH_ALIAS_REVIEWED,"Official name/common name, including preparation qualifiers. Search aid only."
FC000507,"Mackerel, Spanish, dried",https://i.fnri.dost.gov.ph/fct/library/report/4157,SEARCH_ALIAS_REVIEWED,"Official name/common name, including preparation qualifiers. Search aid only."
FC000507,"Tangigi, daing",https://i.fnri.dost.gov.ph/fct/library/report/4157,SEARCH_ALIAS_REVIEWED,"Official name/common name, including preparation qualifiers. Search aid only."
FC000508,"Mackerel, Indian, dried",https://i.fnri.dost.gov.ph/fct/library/report/4158,SEARCH_ALIAS_REVIEWED,"Official name/common name, including preparation qualifiers. Search aid only."
FC000508,"Alumahan, daing",https://i.fnri.dost.gov.ph/fct/library/report/4158,SEARCH_ALIAS_REVIEWED,"Official name/common name, including preparation qualifiers. Search aid only."
FC000509,"Mackerel, Indian, in tomato sce",https://i.fnri.dost.gov.ph/fct/library/report/4159,SEARCH_ALIAS_REVIEWED,"Official name/common name, including preparation qualifiers. Search aid only."
FC000509,"Alumahan, sa tomato sce",https://i.fnri.dost.gov.ph/fct/library/report/4159,SEARCH_ALIAS_REVIEWED,"Official name/common name, including preparation qualifiers. Search aid only."
FC000510,"Milkfish, in natural oil, cnd",https://i.fnri.dost.gov.ph/fct/library/report/4161,SEARCH_ALIAS_REVIEWED,"Official name/common name, including preparation qualifiers. Search aid only."
FC000510,"Bangus, salmon style, de lata",https://i.fnri.dost.gov.ph/fct/library/report/4161,SEARCH_ALIAS_REVIEWED,"Official name/common name, including preparation qualifiers. Search aid only."
FC000511,"Milkfish, in spiced oil, cnd",https://i.fnri.dost.gov.ph/fct/library/report/4162,SEARCH_ALIAS_REVIEWED,"Official name/common name, including preparation qualifiers. Search aid only."
FC000511,"Bangus, Spanish style, de lata",https://i.fnri.dost.gov.ph/fct/library/report/4162,SEARCH_ALIAS_REVIEWED,"Official name/common name, including preparation qualifiers. Search aid only."
FC000512,"Oyster, dried",https://i.fnri.dost.gov.ph/fct/library/report/4168,SEARCH_ALIAS_REVIEWED,"Official name/common name, including preparation qualifiers. Search aid only."
FC000512,"Talaba, tuyo",https://i.fnri.dost.gov.ph/fct/library/report/4168,SEARCH_ALIAS_REVIEWED,"Official name/common name, including preparation qualifiers. Search aid only."
FC000513,"Red snapper/Malabar, dried",https://i.fnri.dost.gov.ph/fct/library/report/4172,SEARCH_ALIAS_REVIEWED,"Official name/common name, including preparation qualifiers. Search aid only."
FC000513,"Maya-maya, daing",https://i.fnri.dost.gov.ph/fct/library/report/4172,SEARCH_ALIAS_REVIEWED,"Official name/common name, including preparation qualifiers. Search aid only."
FC000514,"Sardine, bombon, dried",https://i.fnri.dost.gov.ph/fct/library/report/4174,SEARCH_ALIAS_REVIEWED,"Official name/common name, including preparation qualifiers. Search aid only."
FC000514,"Tawilis, tuyo",https://i.fnri.dost.gov.ph/fct/library/report/4174,SEARCH_ALIAS_REVIEWED,"Official name/common name, including preparation qualifiers. Search aid only."
FC000515,"Sardine, bombon, smoked",https://i.fnri.dost.gov.ph/fct/library/report/4175,SEARCH_ALIAS_REVIEWED,"Official name/common name, including preparation qualifiers. Search aid only."
FC000515,"Tawilis, tinapa",https://i.fnri.dost.gov.ph/fct/library/report/4175,SEARCH_ALIAS_REVIEWED,"Official name/common name, including preparation qualifiers. Search aid only."
FC000516,"Sardine, fimbriated, smoked",https://i.fnri.dost.gov.ph/fct/library/report/4178,SEARCH_ALIAS_REVIEWED,"Official name/common name, including preparation qualifiers. Search aid only."
FC000516,"Tabagak, tinapa",https://i.fnri.dost.gov.ph/fct/library/report/4178,SEARCH_ALIAS_REVIEWED,"Official name/common name, including preparation qualifiers. Search aid only."
FC000517,"Sardine, Indian, smoked",https://i.fnri.dost.gov.ph/fct/library/report/4181,SEARCH_ALIAS_REVIEWED,"Official name/common name, including preparation qualifiers. Search aid only."
FC000517,"Tamban, tinapa",https://i.fnri.dost.gov.ph/fct/library/report/4181,SEARCH_ALIAS_REVIEWED,"Official name/common name, including preparation qualifiers. Search aid only."
FC000518,"Sardines, smoked, cnd",https://i.fnri.dost.gov.ph/fct/library/report/4184,SEARCH_ALIAS_REVIEWED,"Official name/common name, including preparation qualifiers. Search aid only."
FC000518,"Sardinas, tinapa, de lata",https://i.fnri.dost.gov.ph/fct/library/report/4184,SEARCH_ALIAS_REVIEWED,"Official name/common name, including preparation qualifiers. Search aid only."
FC000519,"Scad, big-eye, dried",https://i.fnri.dost.gov.ph/fct/library/report/4185,SEARCH_ALIAS_REVIEWED,"Official name/common name, including preparation qualifiers. Search aid only."
FC000519,"Matang baka, daing",https://i.fnri.dost.gov.ph/fct/library/report/4185,SEARCH_ALIAS_REVIEWED,"Official name/common name, including preparation qualifiers. Search aid only."
FC000520,"Scad, big-eye, smoked",https://i.fnri.dost.gov.ph/fct/library/report/4186,SEARCH_ALIAS_REVIEWED,"Official name/common name, including preparation qualifiers. Search aid only."
FC000520,"Matang baka, tinapa",https://i.fnri.dost.gov.ph/fct/library/report/4186,SEARCH_ALIAS_REVIEWED,"Official name/common name, including preparation qualifiers. Search aid only."
FC000521,"Sea bass, dried",https://i.fnri.dost.gov.ph/fct/library/report/4189,SEARCH_ALIAS_REVIEWED,"Official name/common name, including preparation qualifiers. Search aid only."
FC000521,"Apahap, daing",https://i.fnri.dost.gov.ph/fct/library/report/4189,SEARCH_ALIAS_REVIEWED,"Official name/common name, including preparation qualifiers. Search aid only."
FC000522,"Shrimp, freshwater (small), dried",https://i.fnri.dost.gov.ph/fct/library/report/4190,SEARCH_ALIAS_REVIEWED,"Official name/common name, including preparation qualifiers. Search aid only."
FC000522,"Tagunton, tuyo",https://i.fnri.dost.gov.ph/fct/library/report/4190,SEARCH_ALIAS_REVIEWED,"Official name/common name, including preparation qualifiers. Search aid only."
FC000523,"Shrimp, sergestid, dried",https://i.fnri.dost.gov.ph/fct/library/report/4191,SEARCH_ALIAS_REVIEWED,"Official name/common name, including preparation qualifiers. Search aid only."
FC000523,"Alamang, tuyo",https://i.fnri.dost.gov.ph/fct/library/report/4191,SEARCH_ALIAS_REVIEWED,"Official name/common name, including preparation qualifiers. Search aid only."
FC000524,"Shrimp, small marine, dried",https://i.fnri.dost.gov.ph/fct/library/report/4192,SEARCH_ALIAS_REVIEWED,"Official name/common name, including preparation qualifiers. Search aid only."
FC000524,Hibe,https://i.fnri.dost.gov.ph/fct/library/report/4192,SEARCH_ALIAS_REVIEWED,"Official name/common name, including preparation qualifiers. Search aid only."
FC000525,"Tuna adobo, cnd",https://i.fnri.dost.gov.ph/fct/library/report/4203,SEARCH_ALIAS_REVIEWED,"Official name/common name, including preparation qualifiers. Search aid only."
FC000526,"Tuna fillet, in soya oil, cnd",https://i.fnri.dost.gov.ph/fct/library/report/4204,SEARCH_ALIAS_REVIEWED,"Official name/common name, including preparation qualifiers. Search aid only."
FC000527,"Tuna fillet, in veg oil, cnd",https://i.fnri.dost.gov.ph/fct/library/report/4205,SEARCH_ALIAS_REVIEWED,"Official name/common name, including preparation qualifiers. Search aid only."
FC000528,"Tuna mechado, cnd",https://i.fnri.dost.gov.ph/fct/library/report/4208,SEARCH_ALIAS_REVIEWED,"Official name/common name, including preparation qualifiers. Search aid only."
FC000529,"Tuna sardines, in oil, cnd",https://i.fnri.dost.gov.ph/fct/library/report/4209,SEARCH_ALIAS_REVIEWED,"Official name/common name, including preparation qualifiers. Search aid only."
FC000530,"Tuna, frigate, dried",https://i.fnri.dost.gov.ph/fct/library/report/4211,SEARCH_ALIAS_REVIEWED,"Official name/common name, including preparation qualifiers. Search aid only."
FC000530,"Tulingan, daing",https://i.fnri.dost.gov.ph/fct/library/report/4211,SEARCH_ALIAS_REVIEWED,"Official name/common name, including preparation qualifiers. Search aid only."
FC000531,"Tuna, yellow-fin, dried",https://i.fnri.dost.gov.ph/fct/library/report/4212,SEARCH_ALIAS_REVIEWED,"Official name/common name, including preparation qualifiers. Search aid only."
FC000531,"Tambakol, daing",https://i.fnri.dost.gov.ph/fct/library/report/4212,SEARCH_ALIAS_REVIEWED,"Official name/common name, including preparation qualifiers. Search aid only."
FC000532,"Anchovy, long-jawed, w/o head",https://i.fnri.dost.gov.ph/fct/library/report/3986,SEARCH_ALIAS_REVIEWED,"Official name/common name, including preparation qualifiers. Search aid only."
FC000532,"Dilis, walang ulo",https://i.fnri.dost.gov.ph/fct/library/report/3986,SEARCH_ALIAS_REVIEWED,"Official name/common name, including preparation qualifiers. Search aid only."
FC000533,"Sea catfish, smooth-headed",https://i.fnri.dost.gov.ph/fct/library/report/4087,SEARCH_ALIAS_REVIEWED,"Official name/common name, including preparation qualifiers. Search aid only."
FC000533,Bunguan/Bongoan,https://i.fnri.dost.gov.ph/fct/library/report/4087,SEARCH_ALIAS_REVIEWED,"Official name/common name, including preparation qualifiers. Search aid only."
FC000534,"Shrimp, giant tiger prawn, head",https://i.fnri.dost.gov.ph/fct/library/report/4098,SEARCH_ALIAS_REVIEWED,"Official name/common name, including preparation qualifiers. Search aid only."
FC000534,"Sugpo, ulo",https://i.fnri.dost.gov.ph/fct/library/report/4098,SEARCH_ALIAS_REVIEWED,"Official name/common name, including preparation qualifiers. Search aid only."
FC000535,"Cavalla, banded, fried",https://i.fnri.dost.gov.ph/fct/library/report/3996,SEARCH_ALIAS_REVIEWED,"Official name/common name, including preparation qualifiers. Search aid only."
FC000535,"Talakitok, prito",https://i.fnri.dost.gov.ph/fct/library/report/3996,SEARCH_ALIAS_REVIEWED,"Official name/common name, including preparation qualifiers. Search aid only."
FC000536,"Cavalla, banded, steamed",https://i.fnri.dost.gov.ph/fct/library/report/3997,SEARCH_ALIAS_REVIEWED,"Official name/common name, including preparation qualifiers. Search aid only."
FC000536,"Talakitok, pinasingawan",https://i.fnri.dost.gov.ph/fct/library/report/3997,SEARCH_ALIAS_REVIEWED,"Official name/common name, including preparation qualifiers. Search aid only."
FC000537,Abalone,https://i.fnri.dost.gov.ph/fct/library/report/3981,SEARCH_ALIAS_REVIEWED,"Official name/common name, including preparation qualifiers. Search aid only."
FC000537,Lapas/Kapinan,https://i.fnri.dost.gov.ph/fct/library/report/3981,SEARCH_ALIAS_REVIEWED,"Official name/common name, including preparation qualifiers. Search aid only."
FC000538,Abalone juice,https://i.fnri.dost.gov.ph/fct/library/report/3982,SEARCH_ALIAS_REVIEWED,"Official name/common name, including preparation qualifiers. Search aid only."
FC000538,Lapas/Kapinan katas,https://i.fnri.dost.gov.ph/fct/library/report/3982,SEARCH_ALIAS_REVIEWED,"Official name/common name, including preparation qualifiers. Search aid only."
FC000539,Amber fish,https://i.fnri.dost.gov.ph/fct/library/report/3983,SEARCH_ALIAS_REVIEWED,"Official name/common name, including preparation qualifiers. Search aid only."
FC000539,Tonto,https://i.fnri.dost.gov.ph/fct/library/report/3983,SEARCH_ALIAS_REVIEWED,"Official name/common name, including preparation qualifiers. Search aid only."
FC000540,Sinarapan,https://i.fnri.dost.gov.ph/fct/library/report/3984,SEARCH_ALIAS_REVIEWED,"Official name/common name, including preparation qualifiers. Search aid only."
FC000540,Tabios,https://i.fnri.dost.gov.ph/fct/library/report/3984,SEARCH_ALIAS_REVIEWED,"Official name/common name, including preparation qualifiers. Search aid only."
FC000541,"Barracuda, striped",https://i.fnri.dost.gov.ph/fct/library/report/3988,SEARCH_ALIAS_REVIEWED,"Official name/common name, including preparation qualifiers. Search aid only."
FC000541,Turcillo,https://i.fnri.dost.gov.ph/fct/library/report/3988,SEARCH_ALIAS_REVIEWED,"Official name/common name, including preparation qualifiers. Search aid only."
FC000542,"Butterfly fish, threadfin",https://i.fnri.dost.gov.ph/fct/library/report/3989,SEARCH_ALIAS_REVIEWED,"Official name/common name, including preparation qualifiers. Search aid only."
FC000542,Paru-paro,https://i.fnri.dost.gov.ph/fct/library/report/3989,SEARCH_ALIAS_REVIEWED,"Official name/common name, including preparation qualifiers. Search aid only."
FC000543,"Fusilier, goldband",https://i.fnri.dost.gov.ph/fct/library/report/3990,SEARCH_ALIAS_REVIEWED,"Official name/common name, including preparation qualifiers. Search aid only."
FC000543,Dalagang bukid,https://i.fnri.dost.gov.ph/fct/library/report/3990,SEARCH_ALIAS_REVIEWED,"Official name/common name, including preparation qualifiers. Search aid only."
FC000544,Cardinal fish,https://i.fnri.dost.gov.ph/fct/library/report/3991,SEARCH_ALIAS_REVIEWED,"Official name/common name, including preparation qualifiers. Search aid only."
FC000544,Dangat,https://i.fnri.dost.gov.ph/fct/library/report/3991,SEARCH_ALIAS_REVIEWED,"Official name/common name, including preparation qualifiers. Search aid only."
FC000545,Carp,https://i.fnri.dost.gov.ph/fct/library/report/3992,SEARCH_ALIAS_REVIEWED,"Official name/common name, including preparation qualifiers. Search aid only."
FC000545,Karpa,https://i.fnri.dost.gov.ph/fct/library/report/3992,SEARCH_ALIAS_REVIEWED,"Official name/common name, including preparation qualifiers. Search aid only."
FC000546,"Cavalla, banded",https://i.fnri.dost.gov.ph/fct/library/report/3995,SEARCH_ALIAS_REVIEWED,"Official name/common name, including preparation qualifiers. Search aid only."
FC000546,Talakitok/Maliputo,https://i.fnri.dost.gov.ph/fct/library/report/3995,SEARCH_ALIAS_REVIEWED,"Official name/common name, including preparation qualifiers. Search aid only."
FC000547,"Clam, bilakong",https://i.fnri.dost.gov.ph/fct/library/report/3998,SEARCH_ALIAS_REVIEWED,"Official name/common name, including preparation qualifiers. Search aid only."
FC000547,Bilakong,https://i.fnri.dost.gov.ph/fct/library/report/3998,SEARCH_ALIAS_REVIEWED,"Official name/common name, including preparation qualifiers. Search aid only."
FC000548,"Tamarind, unripe, boiled",https://i.fnri.dost.gov.ph/fct/library/report/3677,SEARCH_ALIAS_REVIEWED,"Official name/common name, including preparation qualifiers. Search aid only."
FC000548,"Sampalok, hilaw, nilaga",https://i.fnri.dost.gov.ph/fct/library/report/3677,SEARCH_ALIAS_REVIEWED,"Official name/common name, including preparation qualifiers. Search aid only."
FC000549,"Banana, saba, w/ sugar, fried",https://i.fnri.dost.gov.ph/fct/library/report/3683,SEARCH_ALIAS_REVIEWED,"Official name/common name, including preparation qualifiers. Search aid only."
FC000549,Banana cue,https://i.fnri.dost.gov.ph/fct/library/report/3683,SEARCH_ALIAS_REVIEWED,"Official name/common name, including preparation qualifiers. Search aid only."
FC000550,"Banana, saba, w/ sugar, wrapped, fried",https://i.fnri.dost.gov.ph/fct/library/report/3684,SEARCH_ALIAS_REVIEWED,"Official name/common name, including preparation qualifiers. Search aid only."
FC000550,"Turon, saging saba",https://i.fnri.dost.gov.ph/fct/library/report/3684,SEARCH_ALIAS_REVIEWED,"Official name/common name, including preparation qualifiers. Search aid only."
FC000551,"Apple, green",https://i.fnri.dost.gov.ph/fct/library/report/3583,SEARCH_ALIAS_REVIEWED,"Official name/common name, including preparation qualifiers. Search aid only."
FC000551,"Mansanas, berde",https://i.fnri.dost.gov.ph/fct/library/report/3583,SEARCH_ALIAS_REVIEWED,"Official name/common name, including preparation qualifiers. Search aid only."
FC000552,"Apple, red",https://i.fnri.dost.gov.ph/fct/library/report/3584,SEARCH_ALIAS_REVIEWED,"Official name/common name, including preparation qualifiers. Search aid only."
FC000552,"Mansanas, pula",https://i.fnri.dost.gov.ph/fct/library/report/3584,SEARCH_ALIAS_REVIEWED,"Official name/common name, including preparation qualifiers. Search aid only."
FC000553,"Banana, bungulan",https://i.fnri.dost.gov.ph/fct/library/report/3588,SEARCH_ALIAS_REVIEWED,"Official name/common name, including preparation qualifiers. Search aid only."
FC000553,"Saging, bungulan",https://i.fnri.dost.gov.ph/fct/library/report/3588,SEARCH_ALIAS_REVIEWED,"Official name/common name, including preparation qualifiers. Search aid only."
FC000554,"Banana, butuan",https://i.fnri.dost.gov.ph/fct/library/report/3589,SEARCH_ALIAS_REVIEWED,"Official name/common name, including preparation qualifiers. Search aid only."
FC000554,"Saging, butuan",https://i.fnri.dost.gov.ph/fct/library/report/3589,SEARCH_ALIAS_REVIEWED,"Official name/common name, including preparation qualifiers. Search aid only."
FC000555,"Banana, cavendish, ripe",https://i.fnri.dost.gov.ph/fct/library/report/3590,SEARCH_ALIAS_REVIEWED,"Official name/common name, including preparation qualifiers. Search aid only."
FC000555,"Saging, cavendish, hinog",https://i.fnri.dost.gov.ph/fct/library/report/3590,SEARCH_ALIAS_REVIEWED,"Official name/common name, including preparation qualifiers. Search aid only."
FC000556,"Banana, cavendish, unripe",https://i.fnri.dost.gov.ph/fct/library/report/3591,SEARCH_ALIAS_REVIEWED,"Official name/common name, including preparation qualifiers. Search aid only."
FC000556,"Saging, cavendish, hilaw",https://i.fnri.dost.gov.ph/fct/library/report/3591,SEARCH_ALIAS_REVIEWED,"Official name/common name, including preparation qualifiers. Search aid only."
FC000557,"Banana, gloria",https://i.fnri.dost.gov.ph/fct/library/report/3592,SEARCH_ALIAS_REVIEWED,"Official name/common name, including preparation qualifiers. Search aid only."
FC000557,"Saging, gloria",https://i.fnri.dost.gov.ph/fct/library/report/3592,SEARCH_ALIAS_REVIEWED,"Official name/common name, including preparation qualifiers. Search aid only."
FC000558,"Banana, murado",https://i.fnri.dost.gov.ph/fct/library/report/3595,SEARCH_ALIAS_REVIEWED,"Official name/common name, including preparation qualifiers. Search aid only."
FC000558,"Saging, murado",https://i.fnri.dost.gov.ph/fct/library/report/3595,SEARCH_ALIAS_REVIEWED,"Official name/common name, including preparation qualifiers. Search aid only."
FC000559,"Banana, ternate",https://i.fnri.dost.gov.ph/fct/library/report/3598,SEARCH_ALIAS_REVIEWED,"Official name/common name, including preparation qualifiers. Search aid only."
FC000559,"Saging, ternate",https://i.fnri.dost.gov.ph/fct/library/report/3598,SEARCH_ALIAS_REVIEWED,"Official name/common name, including preparation qualifiers. Search aid only."
FC000560,"Banana, tuldok",https://i.fnri.dost.gov.ph/fct/library/report/3599,SEARCH_ALIAS_REVIEWED,"Official name/common name, including preparation qualifiers. Search aid only."
FC000560,"Saging, tuldok/tindok/tandok",https://i.fnri.dost.gov.ph/fct/library/report/3599,SEARCH_ALIAS_REVIEWED,"Official name/common name, including preparation qualifiers. Search aid only."
FC000561,Java apple,https://i.fnri.dost.gov.ph/fct/library/report/3608,SEARCH_ALIAS_REVIEWED,"Official name/common name, including preparation qualifiers. Search aid only."
FC000561,Makopa/Wax jambu/Wax apple,https://i.fnri.dost.gov.ph/fct/library/report/3608,SEARCH_ALIAS_REVIEWED,"Official name/common name, including preparation qualifiers. Search aid only."
FC000562,Custard apple,https://i.fnri.dost.gov.ph/fct/library/report/3609,SEARCH_ALIAS_REVIEWED,"Official name/common name, including preparation qualifiers. Search aid only."
FC000562,Anonas/Bullock's heart,https://i.fnri.dost.gov.ph/fct/library/report/3609,SEARCH_ALIAS_REVIEWED,"Official name/common name, including preparation qualifiers. Search aid only."
FC000563,Velvet apple,https://i.fnri.dost.gov.ph/fct/library/report/3611,SEARCH_ALIAS_REVIEWED,"Official name/common name, including preparation qualifiers. Search aid only."
FC000563,Mabolo,https://i.fnri.dost.gov.ph/fct/library/report/3611,SEARCH_ALIAS_REVIEWED,"Official name/common name, including preparation qualifiers. Search aid only."
FC000564,Grape,https://i.fnri.dost.gov.ph/fct/library/report/3612,SEARCH_ALIAS_REVIEWED,"Official name/common name, including preparation qualifiers. Search aid only."
FC000564,Ubas,https://i.fnri.dost.gov.ph/fct/library/report/3612,SEARCH_ALIAS_REVIEWED,"Official name/common name, including preparation qualifiers. Search aid only."
FC000565,Jackfruit,https://i.fnri.dost.gov.ph/fct/library/report/3615,SEARCH_ALIAS_REVIEWED,"Official name/common name, including preparation qualifiers. Search aid only."
FC000565,Langka/Nangka,https://i.fnri.dost.gov.ph/fct/library/report/3615,SEARCH_ALIAS_REVIEWED,"Official name/common name, including preparation qualifiers. Search aid only."
FC000566,Lanzon,https://i.fnri.dost.gov.ph/fct/library/report/3621,SEARCH_ALIAS_REVIEWED,"Official name/common name, including preparation qualifiers. Search aid only."
FC000566,Lansones/Langsat,https://i.fnri.dost.gov.ph/fct/library/report/3621,SEARCH_ALIAS_REVIEWED,"Official name/common name, including preparation qualifiers. Search aid only."
FC000567,Lychee/Litchi,https://i.fnri.dost.gov.ph/fct/library/report/3627,SEARCH_ALIAS_REVIEWED,"Official name/common name, including preparation qualifiers. Search aid only."
FC000567,Lechiyas/Litsiyas,https://i.fnri.dost.gov.ph/fct/library/report/3627,SEARCH_ALIAS_REVIEWED,"Official name/common name, including preparation qualifiers. Search aid only."
FC000568,Malay apple,https://i.fnri.dost.gov.ph/fct/library/report/3629,SEARCH_ALIAS_REVIEWED,"Official name/common name, including preparation qualifiers. Search aid only."
FC000568,Yambo,https://i.fnri.dost.gov.ph/fct/library/report/3629,SEARCH_ALIAS_REVIEWED,"Official name/common name, including preparation qualifiers. Search aid only."
FC000569,"Mango, Indian, unripe",https://i.fnri.dost.gov.ph/fct/library/report/3631,SEARCH_ALIAS_REVIEWED,"Official name/common name, including preparation qualifiers. Search aid only."
FC000569,"Mangga, Indiyan, hilaw",https://i.fnri.dost.gov.ph/fct/library/report/3631,SEARCH_ALIAS_REVIEWED,"Official name/common name, including preparation qualifiers. Search aid only."
FC000570,"Mango, Manila super, medium ripe",https://i.fnri.dost.gov.ph/fct/library/report/3632,SEARCH_ALIAS_REVIEWED,"Official name/common name, including preparation qualifiers. Search aid only."
FC000570,"Mangga, kalabaw, manibalang",https://i.fnri.dost.gov.ph/fct/library/report/3632,SEARCH_ALIAS_REVIEWED,"Official name/common name, including preparation qualifiers. Search aid only."
FC000571,"Mango, Manila super, unripe",https://i.fnri.dost.gov.ph/fct/library/report/3634,SEARCH_ALIAS_REVIEWED,"Official name/common name, including preparation qualifiers. Search aid only."
FC000571,"Mangga, kalabaw, hilaw",https://i.fnri.dost.gov.ph/fct/library/report/3634,SEARCH_ALIAS_REVIEWED,"Official name/common name, including preparation qualifiers. Search aid only."
FC000572,"Mango, paho, unripe",https://i.fnri.dost.gov.ph/fct/library/report/3635,SEARCH_ALIAS_REVIEWED,"Official name/common name, including preparation qualifiers. Search aid only."
FC000572,"Mangga, paho/pahutan, hilaw",https://i.fnri.dost.gov.ph/fct/library/report/3635,SEARCH_ALIAS_REVIEWED,"Official name/common name, including preparation qualifiers. Search aid only."
FC000573,"Mango, piko, medium ripe",https://i.fnri.dost.gov.ph/fct/library/report/3636,SEARCH_ALIAS_REVIEWED,"Official name/common name, including preparation qualifiers. Search aid only."
FC000573,"Mangga, piko, manibalang",https://i.fnri.dost.gov.ph/fct/library/report/3636,SEARCH_ALIAS_REVIEWED,"Official name/common name, including preparation qualifiers. Search aid only."
FC000574,"Mango, piko, unripe",https://i.fnri.dost.gov.ph/fct/library/report/3638,SEARCH_ALIAS_REVIEWED,"Official name/common name, including preparation qualifiers. Search aid only."
FC000574,"Mangga, piko, hilaw",https://i.fnri.dost.gov.ph/fct/library/report/3638,SEARCH_ALIAS_REVIEWED,"Official name/common name, including preparation qualifiers. Search aid only."
FC000575,Mangosteen,https://i.fnri.dost.gov.ph/fct/library/report/3640,SEARCH_ALIAS_REVIEWED,"Official name/common name, including preparation qualifiers. Search aid only."
FC000576,Melon,https://i.fnri.dost.gov.ph/fct/library/report/3643,SEARCH_ALIAS_REVIEWED,"Official name/common name, including preparation qualifiers. Search aid only."
FC000576,Milon,https://i.fnri.dost.gov.ph/fct/library/report/3643,SEARCH_ALIAS_REVIEWED,"Official name/common name, including preparation qualifiers. Search aid only."
FC000577,"Melon, honey dew",https://i.fnri.dost.gov.ph/fct/library/report/3644,SEARCH_ALIAS_REVIEWED,"Official name/common name, including preparation qualifiers. Search aid only."
FC000578,"Orange, Ladu",https://i.fnri.dost.gov.ph/fct/library/report/3647,SEARCH_ALIAS_REVIEWED,"Official name/common name, including preparation qualifiers. Search aid only."
FC000578,"Dalandan, Ladu",https://i.fnri.dost.gov.ph/fct/library/report/3647,SEARCH_ALIAS_REVIEWED,"Official name/common name, including preparation qualifiers. Search aid only."
FC000579,"Orange, Szinkom",https://i.fnri.dost.gov.ph/fct/library/report/3648,SEARCH_ALIAS_REVIEWED,"Official name/common name, including preparation qualifiers. Search aid only."
FC000579,"Dalandan, Szinkom",https://i.fnri.dost.gov.ph/fct/library/report/3648,SEARCH_ALIAS_REVIEWED,"Official name/common name, including preparation qualifiers. Search aid only."
FC000580,"Papaya fruit, medium ripe",https://i.fnri.dost.gov.ph/fct/library/report/3650,SEARCH_ALIAS_REVIEWED,"Official name/common name, including preparation qualifiers. Search aid only."
FC000581,Pear,https://i.fnri.dost.gov.ph/fct/library/report/3652,SEARCH_ALIAS_REVIEWED,"Official name/common name, including preparation qualifiers. Search aid only."
FC000581,Peras,https://i.fnri.dost.gov.ph/fct/library/report/3652,SEARCH_ALIAS_REVIEWED,"Official name/common name, including preparation qualifiers. Search aid only."
FC000582,Rambutan,https://i.fnri.dost.gov.ph/fct/library/report/3658,SEARCH_ALIAS_REVIEWED,"Official name/common name, including preparation qualifiers. Search aid only."
FC000583,Santol,https://i.fnri.dost.gov.ph/fct/library/report/3660,SEARCH_ALIAS_REVIEWED,"Official name/common name, including preparation qualifiers. Search aid only."
FC000583,Cotton fruit,https://i.fnri.dost.gov.ph/fct/library/report/3660,SEARCH_ALIAS_REVIEWED,"Official name/common name, including preparation qualifiers. Search aid only."
FC000584,Stinking passion flower fruit,https://i.fnri.dost.gov.ph/fct/library/report/3663,SEARCH_ALIAS_REVIEWED,"Official name/common name, including preparation qualifiers. Search aid only."
FC000584,Pasionaryang mabaho,https://i.fnri.dost.gov.ph/fct/library/report/3663,SEARCH_ALIAS_REVIEWED,"Official name/common name, including preparation qualifiers. Search aid only."
FC000585,Stinking passion flower juice,https://i.fnri.dost.gov.ph/fct/library/report/3664,SEARCH_ALIAS_REVIEWED,"Official name/common name, including preparation qualifiers. Search aid only."
FC000585,"Pasionaryang mabaho, katas",https://i.fnri.dost.gov.ph/fct/library/report/3664,SEARCH_ALIAS_REVIEWED,"Official name/common name, including preparation qualifiers. Search aid only."
FC000586,Soursop,https://i.fnri.dost.gov.ph/fct/library/report/3665,SEARCH_ALIAS_REVIEWED,"Official name/common name, including preparation qualifiers. Search aid only."
FC000586,Guyabano,https://i.fnri.dost.gov.ph/fct/library/report/3665,SEARCH_ALIAS_REVIEWED,"Official name/common name, including preparation qualifiers. Search aid only."
FC000587,"Star apple, green",https://i.fnri.dost.gov.ph/fct/library/report/3667,SEARCH_ALIAS_REVIEWED,"Official name/common name, including preparation qualifiers. Search aid only."
FC000587,"Kaymito, berde",https://i.fnri.dost.gov.ph/fct/library/report/3667,SEARCH_ALIAS_REVIEWED,"Official name/common name, including preparation qualifiers. Search aid only."
FC000588,"Star apple, purple",https://i.fnri.dost.gov.ph/fct/library/report/3668,SEARCH_ALIAS_REVIEWED,"Official name/common name, including preparation qualifiers. Search aid only."
FC000588,"Kaymito, murado",https://i.fnri.dost.gov.ph/fct/library/report/3668,SEARCH_ALIAS_REVIEWED,"Official name/common name, including preparation qualifiers. Search aid only."
FC000589,Strawberry,https://i.fnri.dost.gov.ph/fct/library/report/3670,SEARCH_ALIAS_REVIEWED,"Official name/common name, including preparation qualifiers. Search aid only."
FC000590,Sugar apple/Sweetsop,https://i.fnri.dost.gov.ph/fct/library/report/3671,SEARCH_ALIAS_REVIEWED,"Official name/common name, including preparation qualifiers. Search aid only."
FC000590,Atis,https://i.fnri.dost.gov.ph/fct/library/report/3671,SEARCH_ALIAS_REVIEWED,"Official name/common name, including preparation qualifiers. Search aid only."
FC000591,"Tamarind, ripe",https://i.fnri.dost.gov.ph/fct/library/report/3675,SEARCH_ALIAS_REVIEWED,"Official name/common name, including preparation qualifiers. Search aid only."
FC000591,"Sampalok, hinog",https://i.fnri.dost.gov.ph/fct/library/report/3675,SEARCH_ALIAS_REVIEWED,"Official name/common name, including preparation qualifiers. Search aid only."
FC000592,"Tamarind, unripe",https://i.fnri.dost.gov.ph/fct/library/report/3676,SEARCH_ALIAS_REVIEWED,"Official name/common name, including preparation qualifiers. Search aid only."
FC000592,"Sampalok, hilaw",https://i.fnri.dost.gov.ph/fct/library/report/3676,SEARCH_ALIAS_REVIEWED,"Official name/common name, including preparation qualifiers. Search aid only."
FC000593,"Cheese, cheddar, pasteurized, processed",https://i.fnri.dost.gov.ph/fct/library/report/4235,SEARCH_ALIAS_REVIEWED,"Official name/common name, including preparation qualifiers. Search aid only."
FC000594,"Cheese, cottage",https://i.fnri.dost.gov.ph/fct/library/report/4236,SEARCH_ALIAS_REVIEWED,"Official name/common name, including preparation qualifiers. Search aid only."
FC000595,"Cheese, filled",https://i.fnri.dost.gov.ph/fct/library/report/4237,SEARCH_ALIAS_REVIEWED,"Official name/common name, including preparation qualifiers. Search aid only."
FC000596,"Cheese, native",https://i.fnri.dost.gov.ph/fct/library/report/4238,SEARCH_ALIAS_REVIEWED,"Official name/common name, including preparation qualifiers. Search aid only."
FC000596,Kesong puti,https://i.fnri.dost.gov.ph/fct/library/report/4238,SEARCH_ALIAS_REVIEWED,"Official name/common name, including preparation qualifiers. Search aid only."
FC000597,"Cheese, pimiento",https://i.fnri.dost.gov.ph/fct/library/report/4239,SEARCH_ALIAS_REVIEWED,"Official name/common name, including preparation qualifiers. Search aid only."
FC000598,"Cheese, spread",https://i.fnri.dost.gov.ph/fct/library/report/4240,SEARCH_ALIAS_REVIEWED,"Official name/common name, including preparation qualifiers. Search aid only."
FC000599,Cream,https://i.fnri.dost.gov.ph/fct/library/report/4241,SEARCH_ALIAS_REVIEWED,"Official name/common name, including preparation qualifiers. Search aid only."
FC000599,Krema,https://i.fnri.dost.gov.ph/fct/library/report/4241,SEARCH_ALIAS_REVIEWED,"Official name/common name, including preparation qualifiers. Search aid only."
FC000600,Ice cream,https://i.fnri.dost.gov.ph/fct/library/report/4242,SEARCH_ALIAS_REVIEWED,"Official name/common name, including preparation qualifiers. Search aid only."
FC000600,Sorbetes/Street ice cream,https://i.fnri.dost.gov.ph/fct/library/report/4242,SEARCH_ALIAS_REVIEWED,"Official name/common name, including preparation qualifiers. Search aid only."
FC000601,"Ice cream, strawberry flvr",https://i.fnri.dost.gov.ph/fct/library/report/4243,SEARCH_ALIAS_REVIEWED,"Official name/common name, including preparation qualifiers. Search aid only."
FC000601,"Sorbetes, lasang strawberry",https://i.fnri.dost.gov.ph/fct/library/report/4243,SEARCH_ALIAS_REVIEWED,"Official name/common name, including preparation qualifiers. Search aid only."
FC000602,"Milk drink, cultured",https://i.fnri.dost.gov.ph/fct/library/report/4244,SEARCH_ALIAS_REVIEWED,"Official name/common name, including preparation qualifiers. Search aid only."
FC000603,"Milk, evaporated, filled",https://i.fnri.dost.gov.ph/fct/library/report/4250,SEARCH_ALIAS_REVIEWED,"Official name/common name, including preparation qualifiers. Search aid only."
FC000603,"Gatas, evaporada, filled",https://i.fnri.dost.gov.ph/fct/library/report/4250,SEARCH_ALIAS_REVIEWED,"Official name/common name, including preparation qualifiers. Search aid only."
FC000604,"Milk, recombined",https://i.fnri.dost.gov.ph/fct/library/report/4258,SEARCH_ALIAS_REVIEWED,"Official name/common name, including preparation qualifiers. Search aid only."
FC000604,"Gatas, recombined",https://i.fnri.dost.gov.ph/fct/library/report/4258,SEARCH_ALIAS_REVIEWED,"Official name/common name, including preparation qualifiers. Search aid only."
FC000605,"Milk, sweetn, cond, filled",https://i.fnri.dost.gov.ph/fct/library/report/4259,SEARCH_ALIAS_REVIEWED,"Official name/common name, including preparation qualifiers. Search aid only."
FC000605,"Gatas, kondensada, filled",https://i.fnri.dost.gov.ph/fct/library/report/4259,SEARCH_ALIAS_REVIEWED,"Official name/common name, including preparation qualifiers. Search aid only."
FC000606,"Milk drink, recon, strawberry, UHT",https://i.fnri.dost.gov.ph/fct/library/report/4245,SEARCH_ALIAS_REVIEWED,"Official name/common name, including preparation qualifiers. Search aid only."
FC000607,"Milk, buttermilk",https://i.fnri.dost.gov.ph/fct/library/report/4246,SEARCH_ALIAS_REVIEWED,"Official name/common name, including preparation qualifiers. Search aid only."
FC000607,"Gatas, buttermilk",https://i.fnri.dost.gov.ph/fct/library/report/4246,SEARCH_ALIAS_REVIEWED,"Official name/common name, including preparation qualifiers. Search aid only."
FC000608,"Catsup, banana",https://i.fnri.dost.gov.ph/fct/library/report/4327,SEARCH_ALIAS_REVIEWED,"Official name/common name, including preparation qualifiers. Search aid only."
FC000609,"Catsup, tomato",https://i.fnri.dost.gov.ph/fct/library/report/4328,SEARCH_ALIAS_REVIEWED,"Official name/common name, including preparation qualifiers. Search aid only."
FC000610,"Fish paste, anchovy",https://i.fnri.dost.gov.ph/fct/library/report/4330,SEARCH_ALIAS_REVIEWED,"Official name/common name, including preparation qualifiers. Search aid only."
FC000610,Bagoong dilis,https://i.fnri.dost.gov.ph/fct/library/report/4330,SEARCH_ALIAS_REVIEWED,"Official name/common name, including preparation qualifiers. Search aid only."
FC000611,Lechon sauce,https://i.fnri.dost.gov.ph/fct/library/report/4336,SEARCH_ALIAS_REVIEWED,"Official name/common name, including preparation qualifiers. Search aid only."
FC000611,Litson sarsa,https://i.fnri.dost.gov.ph/fct/library/report/4336,SEARCH_ALIAS_REVIEWED,"Official name/common name, including preparation qualifiers. Search aid only."
FC000612,"Salt, coarse",https://i.fnri.dost.gov.ph/fct/library/report/4342,SEARCH_ALIAS_REVIEWED,"Official name/common name, including preparation qualifiers. Search aid only."
FC000612,"Asin, magaspang",https://i.fnri.dost.gov.ph/fct/library/report/4342,SEARCH_ALIAS_REVIEWED,"Official name/common name, including preparation qualifiers. Search aid only."
FC000613,Shrimp paste,https://i.fnri.dost.gov.ph/fct/library/report/4343,SEARCH_ALIAS_REVIEWED,"Official name/common name, including preparation qualifiers. Search aid only."
FC000613,Bagoong hipon,https://i.fnri.dost.gov.ph/fct/library/report/4343,SEARCH_ALIAS_REVIEWED,"Official name/common name, including preparation qualifiers. Search aid only."
FC000614,"Shrimp paste, alamang",https://i.fnri.dost.gov.ph/fct/library/report/4344,SEARCH_ALIAS_REVIEWED,"Official name/common name, including preparation qualifiers. Search aid only."
FC000614,"Bagoong hipon, alamang",https://i.fnri.dost.gov.ph/fct/library/report/4344,SEARCH_ALIAS_REVIEWED,"Official name/common name, including preparation qualifiers. Search aid only."
FC000615,"Vinegar, coconut",https://i.fnri.dost.gov.ph/fct/library/report/4350,SEARCH_ALIAS_REVIEWED,"Official name/common name, including preparation qualifiers. Search aid only."
FC000615,"Suka, niyog",https://i.fnri.dost.gov.ph/fct/library/report/4350,SEARCH_ALIAS_REVIEWED,"Official name/common name, including preparation qualifiers. Search aid only."
FC000616,Tomato paste,https://i.fnri.dost.gov.ph/fct/library/report/4347,SEARCH_ALIAS_REVIEWED,"Official name/common name, including preparation qualifiers. Search aid only."
FC000617,Tomato sauce,https://i.fnri.dost.gov.ph/fct/library/report/4348,SEARCH_ALIAS_REVIEWED,"Official name/common name, including preparation qualifiers. Search aid only."
FC000618,"Steamed bun, mung bean filling",https://i.fnri.dost.gov.ph/fct/library/report/4424,SEARCH_ALIAS_REVIEWED,"Official name/common name, including preparation qualifiers. Search aid only."
FC000618,"Siopao, munggo",https://i.fnri.dost.gov.ph/fct/library/report/4424,SEARCH_ALIAS_REVIEWED,"Official name/common name, including preparation qualifiers. Search aid only."
FC000619,"Steamed bun, pork filling",https://i.fnri.dost.gov.ph/fct/library/report/4425,SEARCH_ALIAS_REVIEWED,"Official name/common name, including preparation qualifiers. Search aid only."
FC000619,"Siopao, baboy",https://i.fnri.dost.gov.ph/fct/library/report/4425,SEARCH_ALIAS_REVIEWED,"Official name/common name, including preparation qualifiers. Search aid only."
FC000620,"Spring roll, Shanghai, unckd",https://i.fnri.dost.gov.ph/fct/library/report/4484,SEARCH_ALIAS_REVIEWED,"Official name/common name, including preparation qualifiers. Search aid only."
FC000620,"Lumpia, Shanghai, hindi luto",https://i.fnri.dost.gov.ph/fct/library/report/4484,SEARCH_ALIAS_REVIEWED,"Official name/common name, including preparation qualifiers. Search aid only."
FC000621,"Soup, mungbean w/ shrimp, ckd",https://i.fnri.dost.gov.ph/fct/library/report/4497,SEARCH_ALIAS_REVIEWED,"Official name/common name, including preparation qualifiers. Search aid only."
FC000622,Cheese sandwich,https://i.fnri.dost.gov.ph/fct/library/report/4422,SEARCH_ALIAS_REVIEWED,"Official name/common name, including preparation qualifiers. Search aid only."
FC000623,Cheeseburger sandwich,https://i.fnri.dost.gov.ph/fct/library/report/4423,SEARCH_ALIAS_REVIEWED,"Official name/common name, including preparation qualifiers. Search aid only."
FC000624,Rice gruel w/ chicken,https://i.fnri.dost.gov.ph/fct/library/report/4431,SEARCH_ALIAS_REVIEWED,"Official name/common name, including preparation qualifiers. Search aid only."
FC000624,Arroz caldo,https://i.fnri.dost.gov.ph/fct/library/report/4431,SEARCH_ALIAS_REVIEWED,"Official name/common name, including preparation qualifiers. Search aid only."
FC000625,Rice gruel w/ choc & milk,https://i.fnri.dost.gov.ph/fct/library/report/4432,SEARCH_ALIAS_REVIEWED,"Official name/common name, including preparation qualifiers. Search aid only."
FC000625,"Champorado, may gatas",https://i.fnri.dost.gov.ph/fct/library/report/4432,SEARCH_ALIAS_REVIEWED,"Official name/common name, including preparation qualifiers. Search aid only."
FC000626,Rice gruel w/ tripe,https://i.fnri.dost.gov.ph/fct/library/report/4433,SEARCH_ALIAS_REVIEWED,"Official name/common name, including preparation qualifiers. Search aid only."
FC000626,"Lugaw, may goto",https://i.fnri.dost.gov.ph/fct/library/report/4433,SEARCH_ALIAS_REVIEWED,"Official name/common name, including preparation qualifiers. Search aid only."
FC000627,Buko pie,https://i.fnri.dost.gov.ph/fct/library/report/4436,SEARCH_ALIAS_REVIEWED,"Official name/common name, including preparation qualifiers. Search aid only."
FC000628,Egg pie,https://i.fnri.dost.gov.ph/fct/library/report/4437,SEARCH_ALIAS_REVIEWED,"Official name/common name, including preparation qualifiers. Search aid only."
FC000629,"Halu-halo, cnd",https://i.fnri.dost.gov.ph/fct/library/report/4438,SEARCH_ALIAS_REVIEWED,"Official name/common name, including preparation qualifiers. Search aid only."
FC000630,"Halu-halo, w/ ice",https://i.fnri.dost.gov.ph/fct/library/report/4439,SEARCH_ALIAS_REVIEWED,"Official name/common name, including preparation qualifiers. Search aid only."
FC000631,"Beef caldereta, cnd",https://i.fnri.dost.gov.ph/fct/library/report/4447,SEARCH_ALIAS_REVIEWED,"Official name/common name, including preparation qualifiers. Search aid only."
FC000632,"Beef kare-kare, cnd",https://i.fnri.dost.gov.ph/fct/library/report/4451,SEARCH_ALIAS_REVIEWED,"Official name/common name, including preparation qualifiers. Search aid only."
FC000633,"Pork & chicken adobo, cnd",https://i.fnri.dost.gov.ph/fct/library/report/4467,SEARCH_ALIAS_REVIEWED,"Official name/common name, including preparation qualifiers. Search aid only."
FC000634,"Pork adobo, cnd",https://i.fnri.dost.gov.ph/fct/library/report/4470,SEARCH_ALIAS_REVIEWED,"Official name/common name, including preparation qualifiers. Search aid only."
FC000635,"Pork adobo, w/ egg, cnd",https://i.fnri.dost.gov.ph/fct/library/report/4471,SEARCH_ALIAS_REVIEWED,"Official name/common name, including preparation qualifiers. Search aid only."
FC000636,"Pork & beans, cnd",https://i.fnri.dost.gov.ph/fct/library/report/4506,SEARCH_ALIAS_REVIEWED,"Official name/common name, including preparation qualifiers. Search aid only."
FC000637,"Pork blood stew, cnd",https://i.fnri.dost.gov.ph/fct/library/report/4473,SEARCH_ALIAS_REVIEWED,"Official name/common name, including preparation qualifiers. Search aid only."
FC000637,"Dinuguan baboy, de lata",https://i.fnri.dost.gov.ph/fct/library/report/4473,SEARCH_ALIAS_REVIEWED,"Official name/common name, including preparation qualifiers. Search aid only."
FC000638,"Fat, pork",https://i.fnri.dost.gov.ph/fct/library/report/4263,SEARCH_ALIAS_REVIEWED,"Official name/common name, including preparation qualifiers. Search aid only."
FC000638,"Mantika, baboy",https://i.fnri.dost.gov.ph/fct/library/report/4263,SEARCH_ALIAS_REVIEWED,"Official name/common name, including preparation qualifiers. Search aid only."
FC000639,Margarine,https://i.fnri.dost.gov.ph/fct/library/report/4264,SEARCH_ALIAS_REVIEWED,"Official name/common name, including preparation qualifiers. Search aid only."
FC000639,Margarina,https://i.fnri.dost.gov.ph/fct/library/report/4264,SEARCH_ALIAS_REVIEWED,"Official name/common name, including preparation qualifiers. Search aid only."
FC000640,"Margarine, fortified",https://i.fnri.dost.gov.ph/fct/library/report/4266,SEARCH_ALIAS_REVIEWED,"Official name/common name, including preparation qualifiers. Search aid only."
FC000641,Mayonnaise,https://i.fnri.dost.gov.ph/fct/library/report/4267,SEARCH_ALIAS_REVIEWED,"Official name/common name, including preparation qualifiers. Search aid only."
FC000642,"Oil, corn",https://i.fnri.dost.gov.ph/fct/library/report/4269,SEARCH_ALIAS_REVIEWED,"Official name/common name, including preparation qualifiers. Search aid only."
FC000642,"Langis, mais",https://i.fnri.dost.gov.ph/fct/library/report/4269,SEARCH_ALIAS_REVIEWED,"Official name/common name, including preparation qualifiers. Search aid only."
FC000643,"Coffee, roasted",https://i.fnri.dost.gov.ph/fct/library/report/4372,SEARCH_ALIAS_REVIEWED,"Official name/common name, including preparation qualifiers. Search aid only."
FC000644,Coconut water,https://i.fnri.dost.gov.ph/fct/library/report/4369,SEARCH_ALIAS_REVIEWED,"Official name/common name, including preparation qualifiers. Search aid only."
FC000644,"Niyog, tubig",https://i.fnri.dost.gov.ph/fct/library/report/4369,SEARCH_ALIAS_REVIEWED,"Official name/common name, including preparation qualifiers. Search aid only."
FC000645,"Coffee, creamer & sugar (3 in 1)",https://i.fnri.dost.gov.ph/fct/library/report/4370,SEARCH_ALIAS_REVIEWED,"Official name/common name, including preparation qualifiers. Search aid only."
FC000646,"Coffee, inst, 100% pure",https://i.fnri.dost.gov.ph/fct/library/report/4371,SEARCH_ALIAS_REVIEWED,"Official name/common name, including preparation qualifiers. Search aid only."
FC000647,"Cocoa, pwdr, imported",https://i.fnri.dost.gov.ph/fct/library/report/4367,SEARCH_ALIAS_REVIEWED,"Official name/common name, including preparation qualifiers. Search aid only."
FC000647,"Kakaw, pulbos, imported",https://i.fnri.dost.gov.ph/fct/library/report/4367,SEARCH_ALIAS_REVIEWED,"Official name/common name, including preparation qualifiers. Search aid only."
FC000106,Tamban,https://i.fnri.dost.gov.ph/fct/library/report/4083,SEARCH_ALIAS_REVIEWED,Separate slash-delimited official common names; retain comma-qualified preparation and plant part.
FC000106,"Sardine, Indian oil",https://i.fnri.dost.gov.ph/fct/library/report/4083,SEARCH_ALIAS_REVIEWED,Separate slash-delimited official common names; retain comma-qualified preparation and plant part.
FC000119,Kangkong dahon,https://i.fnri.dost.gov.ph/fct/library/report/3521,SEARCH_ALIAS_REVIEWED,Separate slash-delimited official common names; retain comma-qualified preparation and plant part.
FC000119,Water spinach lvs,https://i.fnri.dost.gov.ph/fct/library/report/3521,SEARCH_ALIAS_REVIEWED,Separate slash-delimited official common names; retain comma-qualified preparation and plant part.
FC000147,Canton,https://i.fnri.dost.gov.ph/fct/library/report/3102,SEARCH_ALIAS_REVIEWED,Separate slash-delimited official common names; retain comma-qualified preparation and plant part.
FC000149,Misua,https://i.fnri.dost.gov.ph/fct/library/report/3107,SEARCH_ALIAS_REVIEWED,Separate slash-delimited official common names; retain comma-qualified preparation and plant part.
FC000149,"Miswa, nilaga",https://i.fnri.dost.gov.ph/fct/library/report/3107,SEARCH_ALIAS_REVIEWED,Separate slash-delimited official common names; retain comma-qualified preparation and plant part.
FC000162,Biko,https://i.fnri.dost.gov.ph/fct/library/report/3130,SEARCH_ALIAS_REVIEWED,Separate slash-delimited official common names; retain comma-qualified preparation and plant part.
FC000162,Sinukmani,https://i.fnri.dost.gov.ph/fct/library/report/3130,SEARCH_ALIAS_REVIEWED,Separate slash-delimited official common names; retain comma-qualified preparation and plant part.
FC000166,Cuchinta,https://i.fnri.dost.gov.ph/fct/library/report/3141,SEARCH_ALIAS_REVIEWED,Separate slash-delimited official common names; retain comma-qualified preparation and plant part.
FC000166,Kutsinta,https://i.fnri.dost.gov.ph/fct/library/report/3141,SEARCH_ALIAS_REVIEWED,Separate slash-delimited official common names; retain comma-qualified preparation and plant part.
FC000171,Balat ng lumpia,https://i.fnri.dost.gov.ph/fct/library/report/3162,SEARCH_ALIAS_REVIEWED,Separate slash-delimited official common names; retain comma-qualified preparation and plant part.
FC000171,Lumpia wrapper,https://i.fnri.dost.gov.ph/fct/library/report/3162,SEARCH_ALIAS_REVIEWED,Separate slash-delimited official common names; retain comma-qualified preparation and plant part.
FC000198,Kamoteng kahoy,https://i.fnri.dost.gov.ph/fct/library/report/3169,SEARCH_ALIAS_REVIEWED,Separate slash-delimited official common names; retain comma-qualified preparation and plant part.
FC000198,"Balinghoy, nilaga",https://i.fnri.dost.gov.ph/fct/library/report/3169,SEARCH_ALIAS_REVIEWED,Separate slash-delimited official common names; retain comma-qualified preparation and plant part.
FC000202,Ubi,https://i.fnri.dost.gov.ph/fct/library/report/3188,SEARCH_ALIAS_REVIEWED,Separate slash-delimited official common names; retain comma-qualified preparation and plant part.
FC000202,"Ube, nilaga",https://i.fnri.dost.gov.ph/fct/library/report/3188,SEARCH_ALIAS_REVIEWED,Separate slash-delimited official common names; retain comma-qualified preparation and plant part.
FC000204,"Sago, nilaga",https://i.fnri.dost.gov.ph/fct/library/report/3203,SEARCH_ALIAS_REVIEWED,Separate slash-delimited official common names; retain comma-qualified preparation and plant part.
FC000204,"Tapioca pearl, boiled",https://i.fnri.dost.gov.ph/fct/library/report/3203,SEARCH_ALIAS_REVIEWED,Separate slash-delimited official common names; retain comma-qualified preparation and plant part.
FC000206,Kamoteng kahoy,https://i.fnri.dost.gov.ph/fct/library/report/3170,SEARCH_ALIAS_REVIEWED,Separate slash-delimited official common names; retain comma-qualified preparation and plant part.
FC000206,"Balinghoy, dilaw",https://i.fnri.dost.gov.ph/fct/library/report/3170,SEARCH_ALIAS_REVIEWED,Separate slash-delimited official common names; retain comma-qualified preparation and plant part.
FC000218,Sago,https://i.fnri.dost.gov.ph/fct/library/report/3202,SEARCH_ALIAS_REVIEWED,Separate slash-delimited official common names; retain comma-qualified preparation and plant part.
FC000218,Tapioca pearl,https://i.fnri.dost.gov.ph/fct/library/report/3202,SEARCH_ALIAS_REVIEWED,Separate slash-delimited official common names; retain comma-qualified preparation and plant part.
FC000224,Garbansos,https://i.fnri.dost.gov.ph/fct/library/report/3215,SEARCH_ALIAS_REVIEWED,Separate slash-delimited official common names; retain comma-qualified preparation and plant part.
FC000224,"Garbanzo, tuyo, nilaga",https://i.fnri.dost.gov.ph/fct/library/report/3215,SEARCH_ALIAS_REVIEWED,Separate slash-delimited official common names; retain comma-qualified preparation and plant part.
FC000229,Garbansos,https://i.fnri.dost.gov.ph/fct/library/report/3214,SEARCH_ALIAS_REVIEWED,Separate slash-delimited official common names; retain comma-qualified preparation and plant part.
FC000229,"Garbanzo, tuyo",https://i.fnri.dost.gov.ph/fct/library/report/3214,SEARCH_ALIAS_REVIEWED,Separate slash-delimited official common names; retain comma-qualified preparation and plant part.
FC000242,Taho,https://i.fnri.dost.gov.ph/fct/library/report/3275,SEARCH_ALIAS_REVIEWED,Separate slash-delimited official common names; retain comma-qualified preparation and plant part.
FC000242,Tahu,https://i.fnri.dost.gov.ph/fct/library/report/3275,SEARCH_ALIAS_REVIEWED,Separate slash-delimited official common names; retain comma-qualified preparation and plant part.
FC000243,Taho,https://i.fnri.dost.gov.ph/fct/library/report/3276,SEARCH_ALIAS_REVIEWED,Separate slash-delimited official common names; retain comma-qualified preparation and plant part.
FC000243,"Tahu, may arnibal at sago",https://i.fnri.dost.gov.ph/fct/library/report/3276,SEARCH_ALIAS_REVIEWED,Separate slash-delimited official common names; retain comma-qualified preparation and plant part.
FC000254,"Sayote bunga, nilaga",https://i.fnri.dost.gov.ph/fct/library/report/3330,SEARCH_ALIAS_REVIEWED,Separate slash-delimited official common names; retain comma-qualified preparation and plant part.
FC000254,"Vegetable pear fruit, boiled",https://i.fnri.dost.gov.ph/fct/library/report/3330,SEARCH_ALIAS_REVIEWED,Separate slash-delimited official common names; retain comma-qualified preparation and plant part.
FC000255,"Pechay Baguio, nilaga",https://i.fnri.dost.gov.ph/fct/library/report/3334,SEARCH_ALIAS_REVIEWED,Separate slash-delimited official common names; retain comma-qualified preparation and plant part.
FC000255,"Napa cabbage, boiled",https://i.fnri.dost.gov.ph/fct/library/report/3334,SEARCH_ALIAS_REVIEWED,Separate slash-delimited official common names; retain comma-qualified preparation and plant part.
FC000256,"Talong, nilaga",https://i.fnri.dost.gov.ph/fct/library/report/3353,SEARCH_ALIAS_REVIEWED,Separate slash-delimited official common names; retain comma-qualified preparation and plant part.
FC000256,"Aubergine, boiled",https://i.fnri.dost.gov.ph/fct/library/report/3353,SEARCH_ALIAS_REVIEWED,Separate slash-delimited official common names; retain comma-qualified preparation and plant part.
FC000257,"Malunggay dahon, nilaga",https://i.fnri.dost.gov.ph/fct/library/report/3374,SEARCH_ALIAS_REVIEWED,Separate slash-delimited official common names; retain comma-qualified preparation and plant part.
FC000257,"Drumstick tree lvs, boiled",https://i.fnri.dost.gov.ph/fct/library/report/3374,SEARCH_ALIAS_REVIEWED,Separate slash-delimited official common names; retain comma-qualified preparation and plant part.
FC000259,Saluyot,https://i.fnri.dost.gov.ph/fct/library/report/3387,SEARCH_ALIAS_REVIEWED,Separate slash-delimited official common names; retain comma-qualified preparation and plant part.
FC000259,"Pasaw dahon, nilaga",https://i.fnri.dost.gov.ph/fct/library/report/3387,SEARCH_ALIAS_REVIEWED,Separate slash-delimited official common names; retain comma-qualified preparation and plant part.
FC000266,Labanos,https://i.fnri.dost.gov.ph/fct/library/report/3463,SEARCH_ALIAS_REVIEWED,Separate slash-delimited official common names; retain comma-qualified preparation and plant part.
FC000266,"Rabanos, lamang ugat, nilaga",https://i.fnri.dost.gov.ph/fct/library/report/3463,SEARCH_ALIAS_REVIEWED,Separate slash-delimited official common names; retain comma-qualified preparation and plant part.
FC000267,Abitsuwelas,https://i.fnri.dost.gov.ph/fct/library/report/3486,SEARCH_ALIAS_REVIEWED,Separate slash-delimited official common names; retain comma-qualified preparation and plant part.
FC000267,"Baguio beans bunga, berde, nilaga",https://i.fnri.dost.gov.ph/fct/library/report/3486,SEARCH_ALIAS_REVIEWED,Separate slash-delimited official common names; retain comma-qualified preparation and plant part.
FC000275,"Kangkong dahon, nilaga",https://i.fnri.dost.gov.ph/fct/library/report/3522,SEARCH_ALIAS_REVIEWED,Separate slash-delimited official common names; retain comma-qualified preparation and plant part.
FC000275,"Water spinach lvs, boiled",https://i.fnri.dost.gov.ph/fct/library/report/3522,SEARCH_ALIAS_REVIEWED,Separate slash-delimited official common names; retain comma-qualified preparation and plant part.
FC000281,Sigarilyas,https://i.fnri.dost.gov.ph/fct/library/report/3552,SEARCH_ALIAS_REVIEWED,Separate slash-delimited official common names; retain comma-qualified preparation and plant part.
FC000281,"Kalamismis bunga, nilaga",https://i.fnri.dost.gov.ph/fct/library/report/3552,SEARCH_ALIAS_REVIEWED,Separate slash-delimited official common names; retain comma-qualified preparation and plant part.
FC000290,Saluyot,https://i.fnri.dost.gov.ph/fct/library/report/3386,SEARCH_ALIAS_REVIEWED,Separate slash-delimited official common names; retain comma-qualified preparation and plant part.
FC000290,Pasaw dahon,https://i.fnri.dost.gov.ph/fct/library/report/3386,SEARCH_ALIAS_REVIEWED,Separate slash-delimited official common names; retain comma-qualified preparation and plant part.
FC000297,Fiddlehead fern lvs,https://i.fnri.dost.gov.ph/fct/library/report/3428,SEARCH_ALIAS_REVIEWED,Separate slash-delimited official common names; retain comma-qualified preparation and plant part.
FC000297,Vegetable fern lvs,https://i.fnri.dost.gov.ph/fct/library/report/3428,SEARCH_ALIAS_REVIEWED,Separate slash-delimited official common names; retain comma-qualified preparation and plant part.
FC000300,"Sili, sweet",https://i.fnri.dost.gov.ph/fct/library/report/3446,SEARCH_ALIAS_REVIEWED,Separate slash-delimited official common names; retain comma-qualified preparation and plant part.
FC000300,"bell, mahaba, berde",https://i.fnri.dost.gov.ph/fct/library/report/3446,SEARCH_ALIAS_REVIEWED,Separate slash-delimited official common names; retain comma-qualified preparation and plant part.
FC000301,"Sili, sweet",https://i.fnri.dost.gov.ph/fct/library/report/3448,SEARCH_ALIAS_REVIEWED,Separate slash-delimited official common names; retain comma-qualified preparation and plant part.
FC000301,"bell, mahaba, pula",https://i.fnri.dost.gov.ph/fct/library/report/3448,SEARCH_ALIAS_REVIEWED,Separate slash-delimited official common names; retain comma-qualified preparation and plant part.
FC000302,Labanos,https://i.fnri.dost.gov.ph/fct/library/report/3462,SEARCH_ALIAS_REVIEWED,Separate slash-delimited official common names; retain comma-qualified preparation and plant part.
FC000302,"Rabanos, lamang ugat",https://i.fnri.dost.gov.ph/fct/library/report/3462,SEARCH_ALIAS_REVIEWED,Separate slash-delimited official common names; retain comma-qualified preparation and plant part.
FC000303,Abitsuwelas,https://i.fnri.dost.gov.ph/fct/library/report/3485,SEARCH_ALIAS_REVIEWED,Separate slash-delimited official common names; retain comma-qualified preparation and plant part.
FC000303,"Baguio beans bunga, berde",https://i.fnri.dost.gov.ph/fct/library/report/3485,SEARCH_ALIAS_REVIEWED,Separate slash-delimited official common names; retain comma-qualified preparation and plant part.
FC000312,Singkamas lamang-ugat,https://i.fnri.dost.gov.ph/fct/library/report/3539,SEARCH_ALIAS_REVIEWED,Separate slash-delimited official common names; retain comma-qualified preparation and plant part.
FC000312,Jicama,https://i.fnri.dost.gov.ph/fct/library/report/3539,SEARCH_ALIAS_REVIEWED,Separate slash-delimited official common names; retain comma-qualified preparation and plant part.
FC000313,Sigarilyas,https://i.fnri.dost.gov.ph/fct/library/report/3551,SEARCH_ALIAS_REVIEWED,Separate slash-delimited official common names; retain comma-qualified preparation and plant part.
FC000313,"Kalamismis, bunga",https://i.fnri.dost.gov.ph/fct/library/report/3551,SEARCH_ALIAS_REVIEWED,Separate slash-delimited official common names; retain comma-qualified preparation and plant part.
FC000325,"Kinchay dahon at tangkay, nilaga",https://i.fnri.dost.gov.ph/fct/library/report/3328,SEARCH_ALIAS_REVIEWED,Separate slash-delimited official common names; retain comma-qualified preparation and plant part.
FC000325,"Leaf celery, boiled",https://i.fnri.dost.gov.ph/fct/library/report/3328,SEARCH_ALIAS_REVIEWED,Separate slash-delimited official common names; retain comma-qualified preparation and plant part.
FC000326,"Sayote dahon, nilaga",https://i.fnri.dost.gov.ph/fct/library/report/3332,SEARCH_ALIAS_REVIEWED,Separate slash-delimited official common names; retain comma-qualified preparation and plant part.
FC000326,"Vegetable pear lvs, boiled",https://i.fnri.dost.gov.ph/fct/library/report/3332,SEARCH_ALIAS_REVIEWED,Separate slash-delimited official common names; retain comma-qualified preparation and plant part.
FC000332,"Kutsay dahon, nilaga",https://i.fnri.dost.gov.ph/fct/library/report/3393,SEARCH_ALIAS_REVIEWED,Separate slash-delimited official common names; retain comma-qualified preparation and plant part.
FC000332,"Chinese chives lvs, boiled",https://i.fnri.dost.gov.ph/fct/library/report/3393,SEARCH_ALIAS_REVIEWED,Separate slash-delimited official common names; retain comma-qualified preparation and plant part.
FC000338,"Sili, sweet",https://i.fnri.dost.gov.ph/fct/library/report/3447,SEARCH_ALIAS_REVIEWED,Separate slash-delimited official common names; retain comma-qualified preparation and plant part.
FC000338,"bell, mahaba, berde, nilaga",https://i.fnri.dost.gov.ph/fct/library/report/3447,SEARCH_ALIAS_REVIEWED,Separate slash-delimited official common names; retain comma-qualified preparation and plant part.
FC000339,"Sili, sweet",https://i.fnri.dost.gov.ph/fct/library/report/3450,SEARCH_ALIAS_REVIEWED,Separate slash-delimited official common names; retain comma-qualified preparation and plant part.
FC000339,"bell, bilog, berde, nilaga",https://i.fnri.dost.gov.ph/fct/library/report/3450,SEARCH_ALIAS_REVIEWED,Separate slash-delimited official common names; retain comma-qualified preparation and plant part.
FC000340,Abitsuwelas,https://i.fnri.dost.gov.ph/fct/library/report/3488,SEARCH_ALIAS_REVIEWED,Separate slash-delimited official common names; retain comma-qualified preparation and plant part.
FC000340,"Baguio beans bunga, puti, nilaga",https://i.fnri.dost.gov.ph/fct/library/report/3488,SEARCH_ALIAS_REVIEWED,Separate slash-delimited official common names; retain comma-qualified preparation and plant part.
FC000360,Chicharon,https://i.fnri.dost.gov.ph/fct/library/report/3949,SEARCH_ALIAS_REVIEWED,Separate slash-delimited official common names; retain comma-qualified preparation and plant part.
FC000360,"Sitsaron baboy, balat",https://i.fnri.dost.gov.ph/fct/library/report/3949,SEARCH_ALIAS_REVIEWED,Separate slash-delimited official common names; retain comma-qualified preparation and plant part.
FC000367,"Longanisa, baboy, Chinese",https://i.fnri.dost.gov.ph/fct/library/report/3966,SEARCH_ALIAS_REVIEWED,Separate slash-delimited official common names; retain comma-qualified preparation and plant part.
FC000367,Chorizo de Macau,https://i.fnri.dost.gov.ph/fct/library/report/3966,SEARCH_ALIAS_REVIEWED,Separate slash-delimited official common names; retain comma-qualified preparation and plant part.
FC000418,"Manok paa, bbq",https://i.fnri.dost.gov.ph/fct/library/report/3802,SEARCH_ALIAS_REVIEWED,Separate slash-delimited official common names; retain comma-qualified preparation and plant part.
FC000418,"""adidas""",https://i.fnri.dost.gov.ph/fct/library/report/3802,SEARCH_ALIAS_REVIEWED,Separate slash-delimited official common names; retain comma-qualified preparation and plant part.
FC000429,Baboy pigi,https://i.fnri.dost.gov.ph/fct/library/report/3872,SEARCH_ALIAS_REVIEWED,Separate slash-delimited official common names; retain comma-qualified preparation and plant part.
FC000429,pigue,https://i.fnri.dost.gov.ph/fct/library/report/3872,SEARCH_ALIAS_REVIEWED,Separate slash-delimited official common names; retain comma-qualified preparation and plant part.
FC000444,Century egg,https://i.fnri.dost.gov.ph/fct/library/report/4227,SEARCH_ALIAS_REVIEWED,Separate slash-delimited official common names; retain comma-qualified preparation and plant part.
FC000444,Pidan,https://i.fnri.dost.gov.ph/fct/library/report/4227,SEARCH_ALIAS_REVIEWED,Separate slash-delimited official common names; retain comma-qualified preparation and plant part.
FC000466,Tawilis,https://i.fnri.dost.gov.ph/fct/library/report/4080,SEARCH_ALIAS_REVIEWED,Separate slash-delimited official common names; retain comma-qualified preparation and plant part.
FC000466,Freshwater sardinella,https://i.fnri.dost.gov.ph/fct/library/report/4080,SEARCH_ALIAS_REVIEWED,Separate slash-delimited official common names; retain comma-qualified preparation and plant part.
FC000533,Bunguan,https://i.fnri.dost.gov.ph/fct/library/report/4087,SEARCH_ALIAS_REVIEWED,Separate slash-delimited official common names; retain comma-qualified preparation and plant part.
FC000533,Bongoan,https://i.fnri.dost.gov.ph/fct/library/report/4087,SEARCH_ALIAS_REVIEWED,Separate slash-delimited official common names; retain comma-qualified preparation and plant part.
FC000537,Lapas,https://i.fnri.dost.gov.ph/fct/library/report/3981,SEARCH_ALIAS_REVIEWED,Separate slash-delimited official common names; retain comma-qualified preparation and plant part.
FC000537,Kapinan,https://i.fnri.dost.gov.ph/fct/library/report/3981,SEARCH_ALIAS_REVIEWED,Separate slash-delimited official common names; retain comma-qualified preparation and plant part.
FC000538,Lapas,https://i.fnri.dost.gov.ph/fct/library/report/3982,SEARCH_ALIAS_REVIEWED,Separate slash-delimited official common names; retain comma-qualified preparation and plant part.
FC000538,Kapinan katas,https://i.fnri.dost.gov.ph/fct/library/report/3982,SEARCH_ALIAS_REVIEWED,Separate slash-delimited official common names; retain comma-qualified preparation and plant part.
FC000546,Talakitok,https://i.fnri.dost.gov.ph/fct/library/report/3995,SEARCH_ALIAS_REVIEWED,Separate slash-delimited official common names; retain comma-qualified preparation and plant part.
FC000546,Maliputo,https://i.fnri.dost.gov.ph/fct/library/report/3995,SEARCH_ALIAS_REVIEWED,Separate slash-delimited official common names; retain comma-qualified preparation and plant part.
FC000560,"Saging, tuldok",https://i.fnri.dost.gov.ph/fct/library/report/3599,SEARCH_ALIAS_REVIEWED,Separate slash-delimited official common names; retain comma-qualified preparation and plant part.
FC000560,tindok,https://i.fnri.dost.gov.ph/fct/library/report/3599,SEARCH_ALIAS_REVIEWED,Separate slash-delimited official common names; retain comma-qualified preparation and plant part.
FC000560,tandok,https://i.fnri.dost.gov.ph/fct/library/report/3599,SEARCH_ALIAS_REVIEWED,Separate slash-delimited official common names; retain comma-qualified preparation and plant part.
FC000561,Makopa,https://i.fnri.dost.gov.ph/fct/library/report/3608,SEARCH_ALIAS_REVIEWED,Separate slash-delimited official common names; retain comma-qualified preparation and plant part.
FC000561,Wax jambu,https://i.fnri.dost.gov.ph/fct/library/report/3608,SEARCH_ALIAS_REVIEWED,Separate slash-delimited official common names; retain comma-qualified preparation and plant part.
FC000561,Wax apple,https://i.fnri.dost.gov.ph/fct/library/report/3608,SEARCH_ALIAS_REVIEWED,Separate slash-delimited official common names; retain comma-qualified preparation and plant part.
FC000562,Anonas,https://i.fnri.dost.gov.ph/fct/library/report/3609,SEARCH_ALIAS_REVIEWED,Separate slash-delimited official common names; retain comma-qualified preparation and plant part.
FC000562,Bullock's heart,https://i.fnri.dost.gov.ph/fct/library/report/3609,SEARCH_ALIAS_REVIEWED,Separate slash-delimited official common names; retain comma-qualified preparation and plant part.
FC000565,Langka,https://i.fnri.dost.gov.ph/fct/library/report/3615,SEARCH_ALIAS_REVIEWED,Separate slash-delimited official common names; retain comma-qualified preparation and plant part.
FC000565,Nangka,https://i.fnri.dost.gov.ph/fct/library/report/3615,SEARCH_ALIAS_REVIEWED,Separate slash-delimited official common names; retain comma-qualified preparation and plant part.
FC000566,Lansones,https://i.fnri.dost.gov.ph/fct/library/report/3621,SEARCH_ALIAS_REVIEWED,Separate slash-delimited official common names; retain comma-qualified preparation and plant part.
FC000566,Langsat,https://i.fnri.dost.gov.ph/fct/library/report/3621,SEARCH_ALIAS_REVIEWED,Separate slash-delimited official common names; retain comma-qualified preparation and plant part.
FC000567,Lechiyas,https://i.fnri.dost.gov.ph/fct/library/report/3627,SEARCH_ALIAS_REVIEWED,Separate slash-delimited official common names; retain comma-qualified preparation and plant part.
FC000567,Litsiyas,https://i.fnri.dost.gov.ph/fct/library/report/3627,SEARCH_ALIAS_REVIEWED,Separate slash-delimited official common names; retain comma-qualified preparation and plant part.
FC000572,"Mangga, paho",https://i.fnri.dost.gov.ph/fct/library/report/3635,SEARCH_ALIAS_REVIEWED,Separate slash-delimited official common names; retain comma-qualified preparation and plant part.
FC000572,"pahutan, hilaw",https://i.fnri.dost.gov.ph/fct/library/report/3635,SEARCH_ALIAS_REVIEWED,Separate slash-delimited official common names; retain comma-qualified preparation and plant part.
FC000600,Sorbetes,https://i.fnri.dost.gov.ph/fct/library/report/4242,SEARCH_ALIAS_REVIEWED,Separate slash-delimited official common names; retain comma-qualified preparation and plant part.
FC000600,Street ice cream,https://i.fnri.dost.gov.ph/fct/library/report/4242,SEARCH_ALIAS_REVIEWED,Separate slash-delimited official common names; retain comma-qualified preparation and plant part.
FC000021,"Monggo buto, berde, tuyo, nilaga",https://i.fnri.dost.gov.ph/fct/library/report/3238,SEARCH_ALIAS_REVIEWED,Munggo/monggo spelling pair already documented in starter aliases; preserve qualifiers.
FC000074,Horseradish tree leaves,https://i.fnri.dost.gov.ph/fct/library/report/3373,SEARCH_ALIAS_REVIEWED,Expand source abbreviations for search only.
FC000074,Drumstick tree leaves,https://i.fnri.dost.gov.ph/fct/library/report/3373,SEARCH_ALIAS_REVIEWED,Expand source abbreviations for search only.
FC000107,"Sardines, in spiced oil, canned",https://i.fnri.dost.gov.ph/fct/library/report/4182,SEARCH_ALIAS_REVIEWED,Expand source abbreviations for search only.
FC000108,"Sardines, in tomato sce, canned",https://i.fnri.dost.gov.ph/fct/library/report/4183,SEARCH_ALIAS_REVIEWED,Expand source abbreviations for search only.
FC000114,Pechay leaves,https://i.fnri.dost.gov.ph/fct/library/report/3439,SEARCH_ALIAS_REVIEWED,Expand source abbreviations for search only.
FC000119,Swamp cabbage leaves,https://i.fnri.dost.gov.ph/fct/library/report/3521,SEARCH_ALIAS_REVIEWED,Expand source abbreviations for search only.
FC000119,Kangkong dahon/Water spinach leaves,https://i.fnri.dost.gov.ph/fct/library/report/3521,SEARCH_ALIAS_REVIEWED,Expand source abbreviations for search only.
FC000127,"Milk, powder, filled, instant",https://i.fnri.dost.gov.ph/fct/library/report/4253,SEARCH_ALIAS_REVIEWED,Expand source abbreviations for search only.
FC000127,"Gatas, pulbos, filled, instant",https://i.fnri.dost.gov.ph/fct/library/report/4253,SEARCH_ALIAS_REVIEWED,Expand source abbreviations for search only.
FC000128,"Milk, powder, full cream",https://i.fnri.dost.gov.ph/fct/library/report/4254,SEARCH_ALIAS_REVIEWED,Expand source abbreviations for search only.
FC000129,"Milk, powder, non-fat, instant",https://i.fnri.dost.gov.ph/fct/library/report/4256,SEARCH_ALIAS_REVIEWED,Expand source abbreviations for search only.
FC000129,"Gatas, pulbos, non-fat, instant",https://i.fnri.dost.gov.ph/fct/library/report/4256,SEARCH_ALIAS_REVIEWED,Expand source abbreviations for search only.
FC000130,"Milk, powder, skim",https://i.fnri.dost.gov.ph/fct/library/report/4257,SEARCH_ALIAS_REVIEWED,Expand source abbreviations for search only.
FC000151,"Oats, quick-cooking, cooked",https://i.fnri.dost.gov.ph/fct/library/report/3112,SEARCH_ALIAS_REVIEWED,Expand source abbreviations for search only.
FC000155,Hopyang Monggo,https://i.fnri.dost.gov.ph/fct/library/report/3091,SEARCH_ALIAS_REVIEWED,Munggo/monggo spelling pair already documented in starter aliases; preserve qualifiers.
FC000182,"Rice water, cooked, thin",https://i.fnri.dost.gov.ph/fct/library/report/3158,SEARCH_ALIAS_REVIEWED,Expand source abbreviations for search only.
FC000217,"Potato chips, cheese flavor",https://i.fnri.dost.gov.ph/fct/library/report/3200,SEARCH_ALIAS_REVIEWED,Expand source abbreviations for search only.
FC000234,"Monggo buto, berde, tuyo",https://i.fnri.dost.gov.ph/fct/library/report/3237,SEARCH_ALIAS_REVIEWED,Munggo/monggo spelling pair already documented in starter aliases; preserve qualifiers.
FC000237,"Chickpea, canned",https://i.fnri.dost.gov.ph/fct/library/report/3261,SEARCH_ALIAS_REVIEWED,Expand source abbreviations for search only.
FC000238,"Green pea, in brine, canned",https://i.fnri.dost.gov.ph/fct/library/report/3265,SEARCH_ALIAS_REVIEWED,Expand source abbreviations for search only.
FC000245,"Soybean seed, yellow, canned, drained",https://i.fnri.dost.gov.ph/fct/library/report/3278,SEARCH_ALIAS_REVIEWED,Expand source abbreviations for search only.
FC000257,"Horseradish tree leaves, boiled",https://i.fnri.dost.gov.ph/fct/library/report/3374,SEARCH_ALIAS_REVIEWED,Expand source abbreviations for search only.
FC000257,"Malunggay dahon, nilaga/ Drumstick tree leaves, boiled",https://i.fnri.dost.gov.ph/fct/library/report/3374,SEARCH_ALIAS_REVIEWED,Expand source abbreviations for search only.
FC000259,"Jute leaves, boiled",https://i.fnri.dost.gov.ph/fct/library/report/3387,SEARCH_ALIAS_REVIEWED,Expand source abbreviations for search only.
FC000261,"Mustard leaves, boiled",https://i.fnri.dost.gov.ph/fct/library/report/3414,SEARCH_ALIAS_REVIEWED,Expand source abbreviations for search only.
FC000263,"Pako fern leaves, boiled",https://i.fnri.dost.gov.ph/fct/library/report/3429,SEARCH_ALIAS_REVIEWED,Expand source abbreviations for search only.
FC000263,"Fiddlehead fern leaves, boiled",https://i.fnri.dost.gov.ph/fct/library/report/3429,SEARCH_ALIAS_REVIEWED,Expand source abbreviations for search only.
FC000264,"Pechay leaves, boiled",https://i.fnri.dost.gov.ph/fct/library/report/3440,SEARCH_ALIAS_REVIEWED,Expand source abbreviations for search only.
FC000271,"Squash leaves, boiled",https://i.fnri.dost.gov.ph/fct/library/report/3507,SEARCH_ALIAS_REVIEWED,Expand source abbreviations for search only.
FC000275,"Swamp cabbage leaves, boiled",https://i.fnri.dost.gov.ph/fct/library/report/3522,SEARCH_ALIAS_REVIEWED,Expand source abbreviations for search only.
FC000275,"Kangkong dahon, nilaga/Water spinach leaves, boiled",https://i.fnri.dost.gov.ph/fct/library/report/3522,SEARCH_ALIAS_REVIEWED,Expand source abbreviations for search only.
FC000276,"Sweet potato leaves, boiled",https://i.fnri.dost.gov.ph/fct/library/report/3524,SEARCH_ALIAS_REVIEWED,Expand source abbreviations for search only.
FC000277,"Sweet potato leaves, purple, boiled",https://i.fnri.dost.gov.ph/fct/library/report/3526,SEARCH_ALIAS_REVIEWED,Expand source abbreviations for search only.
FC000278,"Taro leaves, boiled",https://i.fnri.dost.gov.ph/fct/library/report/3533,SEARCH_ALIAS_REVIEWED,Expand source abbreviations for search only.
FC000290,Jute leaves,https://i.fnri.dost.gov.ph/fct/library/report/3386,SEARCH_ALIAS_REVIEWED,Expand source abbreviations for search only.
FC000291,Lettuce leaves & petioles,https://i.fnri.dost.gov.ph/fct/library/report/3394,SEARCH_ALIAS_REVIEWED,Expand source abbreviations for search only.
FC000294,Mustard leaves,https://i.fnri.dost.gov.ph/fct/library/report/3413,SEARCH_ALIAS_REVIEWED,Expand source abbreviations for search only.
FC000297,Pako fern leaves,https://i.fnri.dost.gov.ph/fct/library/report/3428,SEARCH_ALIAS_REVIEWED,Expand source abbreviations for search only.
FC000297,Fiddlehead fern leaves/Vegetable fern leaves,https://i.fnri.dost.gov.ph/fct/library/report/3428,SEARCH_ALIAS_REVIEWED,Expand source abbreviations for search only.
FC000307,Squash leaves,https://i.fnri.dost.gov.ph/fct/library/report/3506,SEARCH_ALIAS_REVIEWED,Expand source abbreviations for search only.
FC000308,Sweet potato leaves,https://i.fnri.dost.gov.ph/fct/library/report/3523,SEARCH_ALIAS_REVIEWED,Expand source abbreviations for search only.
FC000309,"Sweet potato leaves, purple",https://i.fnri.dost.gov.ph/fct/library/report/3525,SEARCH_ALIAS_REVIEWED,Expand source abbreviations for search only.
FC000310,Taro leaves,https://i.fnri.dost.gov.ph/fct/library/report/3532,SEARCH_ALIAS_REVIEWED,Expand source abbreviations for search only.
FC000314,"Mushroom, canned",https://i.fnri.dost.gov.ph/fct/library/report/3558,SEARCH_ALIAS_REVIEWED,Expand source abbreviations for search only.
FC000315,"Taro leaves, dried",https://i.fnri.dost.gov.ph/fct/library/report/3572,SEARCH_ALIAS_REVIEWED,Expand source abbreviations for search only.
FC000321,"Bitter melon/gourd leaves, boiled",https://i.fnri.dost.gov.ph/fct/library/report/3300,SEARCH_ALIAS_REVIEWED,Expand source abbreviations for search only.
FC000322,"Bottle gourd leaves, boiled",https://i.fnri.dost.gov.ph/fct/library/report/3307,SEARCH_ALIAS_REVIEWED,Expand source abbreviations for search only.
FC000325,"Celery, Chinese, leaves & petioles, boiled",https://i.fnri.dost.gov.ph/fct/library/report/3328,SEARCH_ALIAS_REVIEWED,Expand source abbreviations for search only.
FC000326,"Chayote leaves, boiled",https://i.fnri.dost.gov.ph/fct/library/report/3332,SEARCH_ALIAS_REVIEWED,Expand source abbreviations for search only.
FC000326,"Sayote dahon, nilaga/Vegetable pear leaves, boiled",https://i.fnri.dost.gov.ph/fct/library/report/3332,SEARCH_ALIAS_REVIEWED,Expand source abbreviations for search only.
FC000327,"Garlic leaves, boiled",https://i.fnri.dost.gov.ph/fct/library/report/3365,SEARCH_ALIAS_REVIEWED,Expand source abbreviations for search only.
FC000328,"Horseradish tree leaves, dwarf, boiled",https://i.fnri.dost.gov.ph/fct/library/report/3376,SEARCH_ALIAS_REVIEWED,Expand source abbreviations for search only.
FC000329,"Horseradish tree leaves, Japanese, boiled",https://i.fnri.dost.gov.ph/fct/library/report/3378,SEARCH_ALIAS_REVIEWED,Expand source abbreviations for search only.
FC000332,"Chinese leek leaves, boiled",https://i.fnri.dost.gov.ph/fct/library/report/3393,SEARCH_ALIAS_REVIEWED,Expand source abbreviations for search only.
FC000332,"Kutsay dahon, nilaga/Chinese chives leaves, boiled",https://i.fnri.dost.gov.ph/fct/library/report/3393,SEARCH_ALIAS_REVIEWED,Expand source abbreviations for search only.
FC000335,"Onion, garden shallot leaves, boiled",https://i.fnri.dost.gov.ph/fct/library/report/3425,SEARCH_ALIAS_REVIEWED,Expand source abbreviations for search only.
FC000337,"Pepper, chili leaves, boiled",https://i.fnri.dost.gov.ph/fct/library/report/3445,SEARCH_ALIAS_REVIEWED,Expand source abbreviations for search only.
FC000341,"Sponge gourd leaves, boiled",https://i.fnri.dost.gov.ph/fct/library/report/3501,SEARCH_ALIAS_REVIEWED,Expand source abbreviations for search only.
FC000343,"String/Yard long bean leaves, boiled",https://i.fnri.dost.gov.ph/fct/library/report/3510,SEARCH_ALIAS_REVIEWED,Expand source abbreviations for search only.
FC000345,Bitter melon/gourd leaves,https://i.fnri.dost.gov.ph/fct/library/report/3299,SEARCH_ALIAS_REVIEWED,Expand source abbreviations for search only.
FC000346,Bottle gourd leaves,https://i.fnri.dost.gov.ph/fct/library/report/3306,SEARCH_ALIAS_REVIEWED,Expand source abbreviations for search only.
FC000354,"Corned beef, canned",https://i.fnri.dost.gov.ph/fct/library/report/3933,SEARCH_ALIAS_REVIEWED,Expand source abbreviations for search only.
FC000358,"Luncheon meat, canned",https://i.fnri.dost.gov.ph/fct/library/report/3942,SEARCH_ALIAS_REVIEWED,Expand source abbreviations for search only.
FC000478,"Tuna flakes, in brine, canned",https://i.fnri.dost.gov.ph/fct/library/report/4206,SEARCH_ALIAS_REVIEWED,Expand source abbreviations for search only.
FC000479,"Tuna flakes, in veg oil, canned",https://i.fnri.dost.gov.ph/fct/library/report/4207,SEARCH_ALIAS_REVIEWED,Expand source abbreviations for search only.
FC000502,"Crab, mud/mangrove, meat, canned",https://i.fnri.dost.gov.ph/fct/library/report/4137,SEARCH_ALIAS_REVIEWED,Expand source abbreviations for search only.
FC000504,"Mackerel scad, in tomato sce, canned",https://i.fnri.dost.gov.ph/fct/library/report/4154,SEARCH_ALIAS_REVIEWED,Expand source abbreviations for search only.
FC000510,"Milkfish, in natural oil, canned",https://i.fnri.dost.gov.ph/fct/library/report/4161,SEARCH_ALIAS_REVIEWED,Expand source abbreviations for search only.
FC000511,"Milkfish, in spiced oil, canned",https://i.fnri.dost.gov.ph/fct/library/report/4162,SEARCH_ALIAS_REVIEWED,Expand source abbreviations for search only.
FC000518,"Sardines, smoked, canned",https://i.fnri.dost.gov.ph/fct/library/report/4184,SEARCH_ALIAS_REVIEWED,Expand source abbreviations for search only.
FC000525,"Tuna adobo, canned",https://i.fnri.dost.gov.ph/fct/library/report/4203,SEARCH_ALIAS_REVIEWED,Expand source abbreviations for search only.
FC000526,"Tuna fillet, in soya oil, canned",https://i.fnri.dost.gov.ph/fct/library/report/4204,SEARCH_ALIAS_REVIEWED,Expand source abbreviations for search only.
FC000527,"Tuna fillet, in veg oil, canned",https://i.fnri.dost.gov.ph/fct/library/report/4205,SEARCH_ALIAS_REVIEWED,Expand source abbreviations for search only.
FC000528,"Tuna mechado, canned",https://i.fnri.dost.gov.ph/fct/library/report/4208,SEARCH_ALIAS_REVIEWED,Expand source abbreviations for search only.
FC000529,"Tuna sardines, in oil, canned",https://i.fnri.dost.gov.ph/fct/library/report/4209,SEARCH_ALIAS_REVIEWED,Expand source abbreviations for search only.
FC000601,"Ice cream, strawberry flavor",https://i.fnri.dost.gov.ph/fct/library/report/4243,SEARCH_ALIAS_REVIEWED,Expand source abbreviations for search only.
FC000618,"Siopao, Monggo",https://i.fnri.dost.gov.ph/fct/library/report/4424,SEARCH_ALIAS_REVIEWED,Munggo/monggo spelling pair already documented in starter aliases; preserve qualifiers.
FC000620,"Spring roll, Shanghai, uncooked",https://i.fnri.dost.gov.ph/fct/library/report/4484,SEARCH_ALIAS_REVIEWED,Expand source abbreviations for search only.
FC000621,"Soup, mungbean w/ shrimp, cooked",https://i.fnri.dost.gov.ph/fct/library/report/4497,SEARCH_ALIAS_REVIEWED,Expand source abbreviations for search only.
FC000629,"Halu-halo, canned",https://i.fnri.dost.gov.ph/fct/library/report/4438,SEARCH_ALIAS_REVIEWED,Expand source abbreviations for search only.
FC000631,"Beef caldereta, canned",https://i.fnri.dost.gov.ph/fct/library/report/4447,SEARCH_ALIAS_REVIEWED,Expand source abbreviations for search only.
FC000632,"Beef kare-kare, canned",https://i.fnri.dost.gov.ph/fct/library/report/4451,SEARCH_ALIAS_REVIEWED,Expand source abbreviations for search only.
FC000633,"Pork & chicken adobo, canned",https://i.fnri.dost.gov.ph/fct/library/report/4467,SEARCH_ALIAS_REVIEWED,Expand source abbreviations for search only.
FC000634,"Pork adobo, canned",https://i.fnri.dost.gov.ph/fct/library/report/4470,SEARCH_ALIAS_REVIEWED,Expand source abbreviations for search only.
FC000635,"Pork adobo, w/ egg, canned",https://i.fnri.dost.gov.ph/fct/library/report/4471,SEARCH_ALIAS_REVIEWED,Expand source abbreviations for search only.
FC000636,"Pork & beans, canned",https://i.fnri.dost.gov.ph/fct/library/report/4506,SEARCH_ALIAS_REVIEWED,Expand source abbreviations for search only.
FC000637,"Pork blood stew, canned",https://i.fnri.dost.gov.ph/fct/library/report/4473,SEARCH_ALIAS_REVIEWED,Expand source abbreviations for search only.
FC000646,"Coffee, instant, 100% pure",https://i.fnri.dost.gov.ph/fct/library/report/4371,SEARCH_ALIAS_REVIEWED,Expand source abbreviations for search only.
FC000647,"Cocoa, powder, imported",https://i.fnri.dost.gov.ph/fct/library/report/4367,SEARCH_ALIAS_REVIEWED,Expand source abbreviations for search only.
FC000119,Water spinach leaves,https://i.fnri.dost.gov.ph/fct/library/report/3521,SEARCH_ALIAS_REVIEWED,Expand source abbreviations for search only.
FC000257,"Drumstick tree leaves, boiled",https://i.fnri.dost.gov.ph/fct/library/report/3374,SEARCH_ALIAS_REVIEWED,Expand source abbreviations for search only.
FC000275,"Water spinach leaves, boiled",https://i.fnri.dost.gov.ph/fct/library/report/3522,SEARCH_ALIAS_REVIEWED,Expand source abbreviations for search only.
FC000297,Fiddlehead fern leaves,https://i.fnri.dost.gov.ph/fct/library/report/3428,SEARCH_ALIAS_REVIEWED,Expand source abbreviations for search only.
FC000297,Vegetable fern leaves,https://i.fnri.dost.gov.ph/fct/library/report/3428,SEARCH_ALIAS_REVIEWED,Expand source abbreviations for search only.
FC000326,"Vegetable pear leaves, boiled",https://i.fnri.dost.gov.ph/fct/library/report/3332,SEARCH_ALIAS_REVIEWED,Expand source abbreviations for search only.
FC000332,"Chinese chives leaves, boiled",https://i.fnri.dost.gov.ph/fct/library/report/3393,SEARCH_ALIAS_REVIEWED,Expand source abbreviations for search only.
FC000101,"Chicken, whole meat",https://i.fnri.dost.gov.ph/fct/library,SEARCH_ALIAS_REVIEWED,Discovery alias inherited from broad parent FC000029. Display the exact variant; never choose it automatically.
FC000101,Manok,https://i.fnri.dost.gov.ph/fct/library,SEARCH_ALIAS_REVIEWED,Discovery alias inherited from broad parent FC000029. Display the exact variant; never choose it automatically.
FC000101,chicken meat,https://i.fnri.dost.gov.ph/fct/library,SEARCH_ALIAS_REVIEWED,Discovery alias inherited from broad parent FC000029. Display the exact variant; never choose it automatically.
FC000102,Pork lean meat,https://i.fnri.dost.gov.ph/fct/library,SEARCH_ALIAS_REVIEWED,Discovery alias inherited from broad parent FC000039. Display the exact variant; never choose it automatically.
FC000102,Laman ng baboy,https://i.fnri.dost.gov.ph/fct/library,SEARCH_ALIAS_REVIEWED,Discovery alias inherited from broad parent FC000039. Display the exact variant; never choose it automatically.
FC000102,lean pork,https://i.fnri.dost.gov.ph/fct/library,SEARCH_ALIAS_REVIEWED,Discovery alias inherited from broad parent FC000039. Display the exact variant; never choose it automatically.
FC000103,Longganisa,https://i.fnri.dost.gov.ph/fct/library,SEARCH_ALIAS_REVIEWED,Discovery alias inherited from broad parent FC000043. Display the exact variant; never choose it automatically.
FC000103,Filipino sausage,https://i.fnri.dost.gov.ph/fct/library,SEARCH_ALIAS_REVIEWED,Discovery alias inherited from broad parent FC000043. Display the exact variant; never choose it automatically.
FC000103,longanisa,https://i.fnri.dost.gov.ph/fct/library,SEARCH_ALIAS_REVIEWED,Discovery alias inherited from broad parent FC000043. Display the exact variant; never choose it automatically.
FC000104,Longganisa,https://i.fnri.dost.gov.ph/fct/library,SEARCH_ALIAS_REVIEWED,Discovery alias inherited from broad parent FC000043. Display the exact variant; never choose it automatically.
FC000104,Filipino sausage,https://i.fnri.dost.gov.ph/fct/library,SEARCH_ALIAS_REVIEWED,Discovery alias inherited from broad parent FC000043. Display the exact variant; never choose it automatically.
FC000104,longanisa,https://i.fnri.dost.gov.ph/fct/library,SEARCH_ALIAS_REVIEWED,Discovery alias inherited from broad parent FC000043. Display the exact variant; never choose it automatically.
FC000105,Longganisa,https://i.fnri.dost.gov.ph/fct/library,SEARCH_ALIAS_REVIEWED,Discovery alias inherited from broad parent FC000043. Display the exact variant; never choose it automatically.
FC000105,Filipino sausage,https://i.fnri.dost.gov.ph/fct/library,SEARCH_ALIAS_REVIEWED,Discovery alias inherited from broad parent FC000043. Display the exact variant; never choose it automatically.
FC000105,longanisa,https://i.fnri.dost.gov.ph/fct/library,SEARCH_ALIAS_REVIEWED,Discovery alias inherited from broad parent FC000043. Display the exact variant; never choose it automatically.
FC000106,Sardines,https://i.fnri.dost.gov.ph/fct/library,SEARCH_ALIAS_REVIEWED,Discovery alias inherited from broad parent FC000054. Display the exact variant; never choose it automatically.
FC000106,Sardinas,https://i.fnri.dost.gov.ph/fct/library,SEARCH_ALIAS_REVIEWED,Discovery alias inherited from broad parent FC000054. Display the exact variant; never choose it automatically.
FC000107,Sardines,https://i.fnri.dost.gov.ph/fct/library,SEARCH_ALIAS_REVIEWED,Discovery alias inherited from broad parent FC000054. Display the exact variant; never choose it automatically.
FC000107,Sardinas,https://i.fnri.dost.gov.ph/fct/library,SEARCH_ALIAS_REVIEWED,Discovery alias inherited from broad parent FC000054. Display the exact variant; never choose it automatically.
FC000108,Sardines,https://i.fnri.dost.gov.ph/fct/library,SEARCH_ALIAS_REVIEWED,Discovery alias inherited from broad parent FC000054. Display the exact variant; never choose it automatically.
FC000108,Sardinas,https://i.fnri.dost.gov.ph/fct/library,SEARCH_ALIAS_REVIEWED,Discovery alias inherited from broad parent FC000054. Display the exact variant; never choose it automatically.
FC000109,Shrimp,https://i.fnri.dost.gov.ph/fct/library,SEARCH_ALIAS_REVIEWED,Discovery alias inherited from broad parent FC000057. Display the exact variant; never choose it automatically.
FC000109,Hipon,https://i.fnri.dost.gov.ph/fct/library,SEARCH_ALIAS_REVIEWED,Discovery alias inherited from broad parent FC000057. Display the exact variant; never choose it automatically.
FC000110,Shrimp,https://i.fnri.dost.gov.ph/fct/library,SEARCH_ALIAS_REVIEWED,Discovery alias inherited from broad parent FC000057. Display the exact variant; never choose it automatically.
FC000110,Hipon,https://i.fnri.dost.gov.ph/fct/library,SEARCH_ALIAS_REVIEWED,Discovery alias inherited from broad parent FC000057. Display the exact variant; never choose it automatically.
FC000111,Shrimp,https://i.fnri.dost.gov.ph/fct/library,SEARCH_ALIAS_REVIEWED,Discovery alias inherited from broad parent FC000057. Display the exact variant; never choose it automatically.
FC000111,Hipon,https://i.fnri.dost.gov.ph/fct/library,SEARCH_ALIAS_REVIEWED,Discovery alias inherited from broad parent FC000057. Display the exact variant; never choose it automatically.
FC000112,Crab,https://i.fnri.dost.gov.ph/fct/library,SEARCH_ALIAS_REVIEWED,Discovery alias inherited from broad parent FC000059. Display the exact variant; never choose it automatically.
FC000112,Alimango,https://i.fnri.dost.gov.ph/fct/library,SEARCH_ALIAS_REVIEWED,Discovery alias inherited from broad parent FC000059. Display the exact variant; never choose it automatically.
FC000112,alimasag,https://i.fnri.dost.gov.ph/fct/library,SEARCH_ALIAS_REVIEWED,Discovery alias inherited from broad parent FC000059. Display the exact variant; never choose it automatically.
FC000113,Crab,https://i.fnri.dost.gov.ph/fct/library,SEARCH_ALIAS_REVIEWED,Discovery alias inherited from broad parent FC000059. Display the exact variant; never choose it automatically.
FC000113,Alimango,https://i.fnri.dost.gov.ph/fct/library,SEARCH_ALIAS_REVIEWED,Discovery alias inherited from broad parent FC000059. Display the exact variant; never choose it automatically.
FC000113,alimasag,https://i.fnri.dost.gov.ph/fct/library,SEARCH_ALIAS_REVIEWED,Discovery alias inherited from broad parent FC000059. Display the exact variant; never choose it automatically.
FC000114,Bok choy / pechay,https://i.fnri.dost.gov.ph/fct/library,SEARCH_ALIAS_REVIEWED,Discovery alias inherited from broad parent FC000066. Display the exact variant; never choose it automatically.
FC000114,Pechay,https://i.fnri.dost.gov.ph/fct/library,SEARCH_ALIAS_REVIEWED,Discovery alias inherited from broad parent FC000066. Display the exact variant; never choose it automatically.
FC000115,Bok choy / pechay,https://i.fnri.dost.gov.ph/fct/library,SEARCH_ALIAS_REVIEWED,Discovery alias inherited from broad parent FC000066. Display the exact variant; never choose it automatically.
FC000115,Pechay,https://i.fnri.dost.gov.ph/fct/library,SEARCH_ALIAS_REVIEWED,Discovery alias inherited from broad parent FC000066. Display the exact variant; never choose it automatically.
FC000116,String beans,https://i.fnri.dost.gov.ph/fct/library,SEARCH_ALIAS_REVIEWED,Discovery alias inherited from broad parent FC000071. Display the exact variant; never choose it automatically.
FC000116,Sitaw,https://i.fnri.dost.gov.ph/fct/library,SEARCH_ALIAS_REVIEWED,Discovery alias inherited from broad parent FC000071. Display the exact variant; never choose it automatically.
FC000117,String beans,https://i.fnri.dost.gov.ph/fct/library,SEARCH_ALIAS_REVIEWED,Discovery alias inherited from broad parent FC000071. Display the exact variant; never choose it automatically.
FC000117,Sitaw,https://i.fnri.dost.gov.ph/fct/library,SEARCH_ALIAS_REVIEWED,Discovery alias inherited from broad parent FC000071. Display the exact variant; never choose it automatically.
FC000118,String beans,https://i.fnri.dost.gov.ph/fct/library,SEARCH_ALIAS_REVIEWED,Discovery alias inherited from broad parent FC000071. Display the exact variant; never choose it automatically.
FC000118,Sitaw,https://i.fnri.dost.gov.ph/fct/library,SEARCH_ALIAS_REVIEWED,Discovery alias inherited from broad parent FC000071. Display the exact variant; never choose it automatically.
FC000116,Yardlong bean,https://i.fnri.dost.gov.ph/fct/library,SEARCH_ALIAS_REVIEWED,Discovery alias inherited from broad parent FC000072. Display the exact variant; never choose it automatically.
FC000117,Yardlong bean,https://i.fnri.dost.gov.ph/fct/library,SEARCH_ALIAS_REVIEWED,Discovery alias inherited from broad parent FC000072. Display the exact variant; never choose it automatically.
FC000118,Yardlong bean,https://i.fnri.dost.gov.ph/fct/library,SEARCH_ALIAS_REVIEWED,Discovery alias inherited from broad parent FC000072. Display the exact variant; never choose it automatically.
FC000119,Water spinach,https://i.fnri.dost.gov.ph/fct/library,SEARCH_ALIAS_REVIEWED,Discovery alias inherited from broad parent FC000073. Display the exact variant; never choose it automatically.
FC000119,Kangkong,https://i.fnri.dost.gov.ph/fct/library,SEARCH_ALIAS_REVIEWED,Discovery alias inherited from broad parent FC000073. Display the exact variant; never choose it automatically.
FC000120,"Mango, ripe",https://i.fnri.dost.gov.ph/fct/library,SEARCH_ALIAS_REVIEWED,Discovery alias inherited from broad parent FC000080. Display the exact variant; never choose it automatically.
FC000120,Mangga,https://i.fnri.dost.gov.ph/fct/library,SEARCH_ALIAS_REVIEWED,Discovery alias inherited from broad parent FC000080. Display the exact variant; never choose it automatically.
FC000120,ripe mango,https://i.fnri.dost.gov.ph/fct/library,SEARCH_ALIAS_REVIEWED,Discovery alias inherited from broad parent FC000080. Display the exact variant; never choose it automatically.
FC000121,"Mango, ripe",https://i.fnri.dost.gov.ph/fct/library,SEARCH_ALIAS_REVIEWED,Discovery alias inherited from broad parent FC000080. Display the exact variant; never choose it automatically.
FC000121,Mangga,https://i.fnri.dost.gov.ph/fct/library,SEARCH_ALIAS_REVIEWED,Discovery alias inherited from broad parent FC000080. Display the exact variant; never choose it automatically.
FC000121,ripe mango,https://i.fnri.dost.gov.ph/fct/library,SEARCH_ALIAS_REVIEWED,Discovery alias inherited from broad parent FC000080. Display the exact variant; never choose it automatically.
FC000122,"Mango, ripe",https://i.fnri.dost.gov.ph/fct/library,SEARCH_ALIAS_REVIEWED,Discovery alias inherited from broad parent FC000080. Display the exact variant; never choose it automatically.
FC000122,Mangga,https://i.fnri.dost.gov.ph/fct/library,SEARCH_ALIAS_REVIEWED,Discovery alias inherited from broad parent FC000080. Display the exact variant; never choose it automatically.
FC000122,ripe mango,https://i.fnri.dost.gov.ph/fct/library,SEARCH_ALIAS_REVIEWED,Discovery alias inherited from broad parent FC000080. Display the exact variant; never choose it automatically.
FC000123,Guava,https://i.fnri.dost.gov.ph/fct/library,SEARCH_ALIAS_REVIEWED,Discovery alias inherited from broad parent FC000084. Display the exact variant; never choose it automatically.
FC000123,Bayabas,https://i.fnri.dost.gov.ph/fct/library,SEARCH_ALIAS_REVIEWED,Discovery alias inherited from broad parent FC000084. Display the exact variant; never choose it automatically.
FC000124,Guava,https://i.fnri.dost.gov.ph/fct/library,SEARCH_ALIAS_REVIEWED,Discovery alias inherited from broad parent FC000084. Display the exact variant; never choose it automatically.
FC000124,Bayabas,https://i.fnri.dost.gov.ph/fct/library,SEARCH_ALIAS_REVIEWED,Discovery alias inherited from broad parent FC000084. Display the exact variant; never choose it automatically.
FC000125,Avocado,https://i.fnri.dost.gov.ph/fct/library,SEARCH_ALIAS_REVIEWED,Discovery alias inherited from broad parent FC000087. Display the exact variant; never choose it automatically.
FC000125,Abukado,https://i.fnri.dost.gov.ph/fct/library,SEARCH_ALIAS_REVIEWED,Discovery alias inherited from broad parent FC000087. Display the exact variant; never choose it automatically.
FC000126,Avocado,https://i.fnri.dost.gov.ph/fct/library,SEARCH_ALIAS_REVIEWED,Discovery alias inherited from broad parent FC000087. Display the exact variant; never choose it automatically.
FC000126,Abukado,https://i.fnri.dost.gov.ph/fct/library,SEARCH_ALIAS_REVIEWED,Discovery alias inherited from broad parent FC000087. Display the exact variant; never choose it automatically.
FC000127,Powdered milk,https://i.fnri.dost.gov.ph/fct/library,SEARCH_ALIAS_REVIEWED,Discovery alias inherited from broad parent FC000095. Display the exact variant; never choose it automatically.
FC000127,Gatas na pulbos,https://i.fnri.dost.gov.ph/fct/library,SEARCH_ALIAS_REVIEWED,Discovery alias inherited from broad parent FC000095. Display the exact variant; never choose it automatically.
FC000128,Powdered milk,https://i.fnri.dost.gov.ph/fct/library,SEARCH_ALIAS_REVIEWED,Discovery alias inherited from broad parent FC000095. Display the exact variant; never choose it automatically.
FC000128,Gatas na pulbos,https://i.fnri.dost.gov.ph/fct/library,SEARCH_ALIAS_REVIEWED,Discovery alias inherited from broad parent FC000095. Display the exact variant; never choose it automatically.
FC000129,Powdered milk,https://i.fnri.dost.gov.ph/fct/library,SEARCH_ALIAS_REVIEWED,Discovery alias inherited from broad parent FC000095. Display the exact variant; never choose it automatically.
FC000129,Gatas na pulbos,https://i.fnri.dost.gov.ph/fct/library,SEARCH_ALIAS_REVIEWED,Discovery alias inherited from broad parent FC000095. Display the exact variant; never choose it automatically.
FC000130,Powdered milk,https://i.fnri.dost.gov.ph/fct/library,SEARCH_ALIAS_REVIEWED,Discovery alias inherited from broad parent FC000095. Display the exact variant; never choose it automatically.
FC000130,Gatas na pulbos,https://i.fnri.dost.gov.ph/fct/library,SEARCH_ALIAS_REVIEWED,Discovery alias inherited from broad parent FC000095. Display the exact variant; never choose it automatically.
FC000131,"Egg noodles, cooked",https://i.fnri.dost.gov.ph/fct/library,SEARCH_ALIAS_REVIEWED,Discovery alias inherited from broad parent FC000015. Display the exact variant; never choose it automatically.
FC000131,Pancit canton noodles,https://i.fnri.dost.gov.ph/fct/library,SEARCH_ALIAS_REVIEWED,Discovery alias inherited from broad parent FC000015. Display the exact variant; never choose it automatically.
FC000132,"Egg noodles, cooked",https://i.fnri.dost.gov.ph/fct/library,SEARCH_ALIAS_REVIEWED,Discovery alias inherited from broad parent FC000015. Display the exact variant; never choose it automatically.
FC000132,Pancit canton noodles,https://i.fnri.dost.gov.ph/fct/library,SEARCH_ALIAS_REVIEWED,Discovery alias inherited from broad parent FC000015. Display the exact variant; never choose it automatically.
FC000132,canton,https://i.fnri.dost.gov.ph/fct/library,SEARCH_ALIAS_REVIEWED,Discovery alias inherited from broad parent FC000015. Display the exact variant; never choose it automatically.
FC000133,"Egg noodles, cooked",https://i.fnri.dost.gov.ph/fct/library,SEARCH_ALIAS_REVIEWED,Discovery alias inherited from broad parent FC000015. Display the exact variant; never choose it automatically.
FC000133,Pancit canton noodles,https://i.fnri.dost.gov.ph/fct/library,SEARCH_ALIAS_REVIEWED,Discovery alias inherited from broad parent FC000015. Display the exact variant; never choose it automatically.
FC000133,canton,https://i.fnri.dost.gov.ph/fct/library,SEARCH_ALIAS_REVIEWED,Discovery alias inherited from broad parent FC000015. Display the exact variant; never choose it automatically.
FC000134,Ground beef,https://i.fnri.dost.gov.ph/fct/library,SEARCH_ALIAS_REVIEWED,Discovery alias inherited from broad parent FC000034. Display the exact variant; never choose it automatically.
FC000134,Giniling na baka,https://i.fnri.dost.gov.ph/fct/library,SEARCH_ALIAS_REVIEWED,Discovery alias inherited from broad parent FC000034. Display the exact variant; never choose it automatically.
FC000135,Ground beef,https://i.fnri.dost.gov.ph/fct/library,SEARCH_ALIAS_REVIEWED,Discovery alias inherited from broad parent FC000034. Display the exact variant; never choose it automatically.
FC000135,Giniling na baka,https://i.fnri.dost.gov.ph/fct/library,SEARCH_ALIAS_REVIEWED,Discovery alias inherited from broad parent FC000034. Display the exact variant; never choose it automatically.
FC000136,Ground beef,https://i.fnri.dost.gov.ph/fct/library,SEARCH_ALIAS_REVIEWED,Discovery alias inherited from broad parent FC000034. Display the exact variant; never choose it automatically.
FC000136,Giniling na baka,https://i.fnri.dost.gov.ph/fct/library,SEARCH_ALIAS_REVIEWED,Discovery alias inherited from broad parent FC000034. Display the exact variant; never choose it automatically.
FC000137,Ground beef,https://i.fnri.dost.gov.ph/fct/library,SEARCH_ALIAS_REVIEWED,Discovery alias inherited from broad parent FC000034. Display the exact variant; never choose it automatically.
FC000137,Giniling na baka,https://i.fnri.dost.gov.ph/fct/library,SEARCH_ALIAS_REVIEWED,Discovery alias inherited from broad parent FC000034. Display the exact variant; never choose it automatically.
FC000138,Ground pork,https://i.fnri.dost.gov.ph/fct/library,SEARCH_ALIAS_REVIEWED,Discovery alias inherited from broad parent FC000040. Display the exact variant; never choose it automatically.
FC000138,Giniling na baboy,https://i.fnri.dost.gov.ph/fct/library,SEARCH_ALIAS_REVIEWED,Discovery alias inherited from broad parent FC000040. Display the exact variant; never choose it automatically.
FC000139,Ground pork,https://i.fnri.dost.gov.ph/fct/library,SEARCH_ALIAS_REVIEWED,Discovery alias inherited from broad parent FC000040. Display the exact variant; never choose it automatically.
FC000139,Giniling na baboy,https://i.fnri.dost.gov.ph/fct/library,SEARCH_ALIAS_REVIEWED,Discovery alias inherited from broad parent FC000040. Display the exact variant; never choose it automatically.
FC000140,Skipjack tuna,https://i.fnri.dost.gov.ph/fct/library,SEARCH_ALIAS_REVIEWED,Discovery alias inherited from broad parent FC000052. Display the exact variant; never choose it automatically.
FC000140,Skipjack,https://i.fnri.dost.gov.ph/fct/library,SEARCH_ALIAS_REVIEWED,Discovery alias inherited from broad parent FC000052. Display the exact variant; never choose it automatically.
FC000141,Skipjack tuna,https://i.fnri.dost.gov.ph/fct/library,SEARCH_ALIAS_REVIEWED,Discovery alias inherited from broad parent FC000052. Display the exact variant; never choose it automatically.
FC000141,Skipjack,https://i.fnri.dost.gov.ph/fct/library,SEARCH_ALIAS_REVIEWED,Discovery alias inherited from broad parent FC000052. Display the exact variant; never choose it automatically.
FC000142,Bok choy / pechay,https://i.fnri.dost.gov.ph/fct/library,SEARCH_ALIAS_REVIEWED,Discovery alias inherited from broad parent FC000066. Display the exact variant; never choose it automatically.
FC000142,Pechay,https://i.fnri.dost.gov.ph/fct/library,SEARCH_ALIAS_REVIEWED,Discovery alias inherited from broad parent FC000066. Display the exact variant; never choose it automatically.
FC000143,Bok choy / pechay,https://i.fnri.dost.gov.ph/fct/library,SEARCH_ALIAS_REVIEWED,Discovery alias inherited from broad parent FC000066. Display the exact variant; never choose it automatically.
FC000143,Pechay,https://i.fnri.dost.gov.ph/fct/library,SEARCH_ALIAS_REVIEWED,Discovery alias inherited from broad parent FC000066. Display the exact variant; never choose it automatically.
FC000144,Coconut milk,https://i.fnri.dost.gov.ph/fct/library/report/4262,SEARCH_ALIAS_REVIEWED,Discovery alias inherited from broad parent FC000097. Display the exact variant; never choose it automatically.
FC000144,Gata,https://i.fnri.dost.gov.ph/fct/library/report/4262,SEARCH_ALIAS_REVIEWED,Discovery alias inherited from broad parent FC000097. Display the exact variant; never choose it automatically.
FC000144,"Niyog, gata",https://i.fnri.dost.gov.ph/fct/library/report/4262,SEARCH_ALIAS_REVIEWED,Discovery alias inherited from broad parent FC000097. Display the exact variant; never choose it automatically.
FC000145,Coconut milk,https://i.fnri.dost.gov.ph/fct/library/report/4262,SEARCH_ALIAS_REVIEWED,Discovery alias inherited from broad parent FC000097. Display the exact variant; never choose it automatically.
FC000145,Gata,https://i.fnri.dost.gov.ph/fct/library/report/4262,SEARCH_ALIAS_REVIEWED,Discovery alias inherited from broad parent FC000097. Display the exact variant; never choose it automatically.
FC000145,"Niyog, gata",https://i.fnri.dost.gov.ph/fct/library/report/4262,SEARCH_ALIAS_REVIEWED,Discovery alias inherited from broad parent FC000097. Display the exact variant; never choose it automatically.
FC000146,Fish sauce,https://i.fnri.dost.gov.ph/fct/library/report/4334,SEARCH_ALIAS_REVIEWED,Discovery alias inherited from broad parent FC000100. Display the exact variant; never choose it automatically.
FC000146,Patis,https://i.fnri.dost.gov.ph/fct/library/report/4334,SEARCH_ALIAS_REVIEWED,Discovery alias inherited from broad parent FC000100. Display the exact variant; never choose it automatically.
FC000147,"Egg noodles, cooked",https://i.fnri.dost.gov.ph/fct/library,SEARCH_ALIAS_REVIEWED,Discovery alias inherited from broad parent FC000015. Display the exact variant; never choose it automatically.
FC000147,Pancit canton noodles,https://i.fnri.dost.gov.ph/fct/library,SEARCH_ALIAS_REVIEWED,Discovery alias inherited from broad parent FC000015. Display the exact variant; never choose it automatically.
