food_id,name,default_label,default_complete,verified_fields,other_source_fields,missing_fields,available_estimate_ids,available_variant_ids
FC000001,"Rice, well-milled, boiled",Verified,True,8,0,,,
FC000002,"Rice, well-milled, fried",Verified,True,8,0,,,
FC000003,"Rice, undermilled",Verified,True,8,0,,,
FC000004,"Rice, glutinous",Verified,True,8,0,,,
FC000005,"Corn on cob, yellow, boiled",Verified,True,8,0,,,
FC000006,"Bread, pan de sal",Verified,True,8,0,,,
FC000007,"Bread, pan de monay",Verified,True,8,0,,,
FC000008,"Bread, sweet roll",Verified,True,8,0,,,
FC000009,"Bread, pan de coco",Verified,True,8,0,,,
FC000010,"Bread, white loaf",Verified,True,8,0,,,
FC000011,"Bread, toasted",Verified,True,8,0,,,
FC000012,"Bread, Spanish bread",Verified,False,5,0,sugar_g_100g;sodium_mg_100g;cholesterol_mg_100g,,
FC000013,"Cake, mamon",Verified,True,8,0,,,
FC000014,"Rice noodles, cooked",Verified,True,8,0,,,
FC000015,"Egg noodles, cooked",Unavailable,False,0,0,kcal_100g;protein_g_100g;carbs_g_100g;fat_g_100g;fiber_g_100g;sugar_g_100g;sodium_mg_100g;cholesterol_mg_100g,,FC000131;FC000132;FC000133;FC000147
FC000016,"Egg, chicken, whole, boiled",Verified,True,8,0,,,
FC000017,"Egg, chicken, whole",Verified,True,8,0,,,
FC000018,"Egg, duck, whole",Verified,True,8,0,,,
FC000019,"Soybean cheese, hard curd",Verified,True,8,0,,,
FC000020,"Soybean cheese, soft curd",Verified,True,8,0,,,
FC000021,"Mung bean seed, green, dried, boiled",Verified,True,8,0,,,
FC000022,"Peanut, roasted",Verified,False,7,0,sugar_g_100g,EST_PEANUT_SUGAR_V1,
FC000023,Pili nut,Verified,False,6,0,fiber_g_100g;sugar_g_100g,,
FC000024,Chicken breast,Verified,True,8,0,,,
FC000025,Chicken thigh,Verified,True,8,0,,,
FC000026,Chicken leg/drumstick,Verified,True,8,0,,,
FC000027,Chicken wing,Verified,True,8,0,,,
FC000028,Chicken liver,Verified,True,8,0,,,
FC000029,"Chicken, whole meat",Unavailable,False,0,0,kcal_100g;protein_g_100g;carbs_g_100g;fat_g_100g;fiber_g_100g;sugar_g_100g;sodium_mg_100g;cholesterol_mg_100g,,FC000101
FC000030,Beef lean meat,Verified,True,8,0,,,
FC000031,"Beef lean meat, boiled",Verified,False,7,0,cholesterol_mg_100g,,
FC000032,"Beef lean meat, fried",Verified,False,7,0,cholesterol_mg_100g,,
FC000033,Beef liver,Verified,True,8,0,,,
FC000034,Ground beef,Unavailable,False,0,0,kcal_100g;protein_g_100g;carbs_g_100g;fat_g_100g;fiber_g_100g;sugar_g_100g;sodium_mg_100g;cholesterol_mg_100g,,FC000134;FC000135;FC000136;FC000137
FC000035,Pork belly,Verified,True,8,0,,,
FC000036,"Pork belly, broiled",Verified,True,8,0,,,
FC000037,"Pork belly, fried",Verified,True,8,0,,,
FC000038,Pork Boston butt / shoulder,Verified,False,7,0,cholesterol_mg_100g,,
FC000039,Pork lean meat,Unavailable,False,0,0,kcal_100g;protein_g_100g;carbs_g_100g;fat_g_100g;fiber_g_100g;sugar_g_100g;sodium_mg_100g;cholesterol_mg_100g,,FC000102
FC000040,Ground pork,Unavailable,False,0,0,kcal_100g;protein_g_100g;carbs_g_100g;fat_g_100g;fiber_g_100g;sugar_g_100g;sodium_mg_100g;cholesterol_mg_100g,,FC000138;FC000139
FC000041,Pork liver,Verified,True,8,0,,,
FC000042,Pork skin,Verified,True,8,0,,,
FC000043,Longganisa,Unavailable,False,0,0,kcal_100g;protein_g_100g;carbs_g_100g;fat_g_100g;fiber_g_100g;sugar_g_100g;sodium_mg_100g;cholesterol_mg_100g,,FC000103;FC000104;FC000105
FC000044,Tocino,Verified,True,8,0,,,
FC000045,Beef tapa,Verified,True,8,0,,,
FC000046,Milkfish,Verified,True,8,0,,,
FC000047,"Milkfish, broiled",Verified,True,8,0,,,
FC000048,"Milkfish, dried",Verified,False,7,0,cholesterol_mg_100g,,
FC000049,Tilapia,Other source,True,7,1,,,
FC000050,Round scad,Verified,False,7,0,cholesterol_mg_100g,,
FC000051,Indian mackerel,Verified,True,8,0,,,
FC000052,Skipjack tuna,Unavailable,False,0,0,kcal_100g;protein_g_100g;carbs_g_100g;fat_g_100g;fiber_g_100g;sugar_g_100g;sodium_mg_100g;cholesterol_mg_100g,,FC000140;FC000141
FC000053,Yellowfin tuna,Other source,True,7,1,,,
FC000054,Sardines,Unavailable,False,0,0,kcal_100g;protein_g_100g;carbs_g_100g;fat_g_100g;fiber_g_100g;sugar_g_100g;sodium_mg_100g;cholesterol_mg_100g,,FC000106;FC000107;FC000108
FC000055,"Anchovy, dried",Verified,False,7,0,sodium_mg_100g,,
FC000056,"Herring, dried",Unavailable,False,0,0,kcal_100g;protein_g_100g;carbs_g_100g;fat_g_100g;fiber_g_100g;sugar_g_100g;sodium_mg_100g;cholesterol_mg_100g,,
FC000057,Shrimp,Unavailable,False,0,0,kcal_100g;protein_g_100g;carbs_g_100g;fat_g_100g;fiber_g_100g;sugar_g_100g;sodium_mg_100g;cholesterol_mg_100g,,FC000109;FC000110;FC000111
FC000058,Squid,Verified,True,8,0,,,
FC000059,Crab,Unavailable,False,0,0,kcal_100g;protein_g_100g;carbs_g_100g;fat_g_100g;fiber_g_100g;sugar_g_100g;sodium_mg_100g;cholesterol_mg_100g,,FC000112;FC000113
FC000060,Mussels,Verified,False,7,0,cholesterol_mg_100g,,
FC000061,Tomato,Verified,True,8,0,,,
FC000062,Eggplant,Verified,True,8,0,,,
FC000063,Bitter melon/gourd fruit,Verified,True,8,0,,,
FC000064,Squash fruit,Verified,True,8,0,,,
FC000065,Chinese cabbage,Verified,True,8,0,,,
FC000066,Bok choy / pechay,Unavailable,False,0,0,kcal_100g;protein_g_100g;carbs_g_100g;fat_g_100g;fiber_g_100g;sugar_g_100g;sodium_mg_100g;cholesterol_mg_100g,,FC000114;FC000115;FC000142;FC000143
FC000067,Carrot,Verified,True,8,0,,,
FC000068,"Onion, Bombay bulb",Verified,True,8,0,,,
FC000069,"Onion, garden shallot bulb",Verified,True,8,0,,,
FC000070,Garlic bulb,Verified,True,8,0,,,
FC000071,String beans,Unavailable,False,0,0,kcal_100g;protein_g_100g;carbs_g_100g;fat_g_100g;fiber_g_100g;sugar_g_100g;sodium_mg_100g;cholesterol_mg_100g,,FC000116;FC000117;FC000118
FC000072,Yardlong bean,Unavailable,False,0,0,kcal_100g;protein_g_100g;carbs_g_100g;fat_g_100g;fiber_g_100g;sugar_g_100g;sodium_mg_100g;cholesterol_mg_100g,,FC000116;FC000117;FC000118
FC000073,Water spinach,Unavailable,False,0,0,kcal_100g;protein_g_100g;carbs_g_100g;fat_g_100g;fiber_g_100g;sugar_g_100g;sodium_mg_100g;cholesterol_mg_100g,,FC000119
FC000074,Moringa leaves,Verified,True,8,0,,,
FC000075,Chayote,Verified,True,8,0,,,
FC000076,"Banana, lakatan",Verified,True,8,0,,,
FC000077,"Banana, latundan",Verified,True,8,0,,,
FC000078,"Banana, saba",Verified,True,8,0,,,
FC000079,"Banana, saba, boiled",Verified,True,8,0,,,
FC000080,"Mango, ripe",Unavailable,False,0,0,kcal_100g;protein_g_100g;carbs_g_100g;fat_g_100g;fiber_g_100g;sugar_g_100g;sodium_mg_100g;cholesterol_mg_100g,,FC000120;FC000121;FC000122
FC000081,"Papaya, ripe",Verified,True,8,0,,,
FC000082,Pineapple,Verified,True,8,0,,,
FC000083,Watermelon,Verified,True,8,0,,,
FC000084,Guava,Unavailable,False,0,0,kcal_100g;protein_g_100g;carbs_g_100g;fat_g_100g;fiber_g_100g;sugar_g_100g;sodium_mg_100g;cholesterol_mg_100g,,FC000123;FC000124
FC000085,Calamansi,Verified,True,8,0,,,
FC000086,Pomelo,Verified,True,8,0,,,
FC000087,Avocado,Unavailable,False,0,0,kcal_100g;protein_g_100g;carbs_g_100g;fat_g_100g;fiber_g_100g;sugar_g_100g;sodium_mg_100g;cholesterol_mg_100g,,FC000125;FC000126
FC000088,"Sweet potato, white, boiled",Verified,True,8,0,,,
FC000089,"Sweet potato, yellow, boiled",Verified,True,8,0,,,
FC000090,Cassava,Verified,True,8,0,,,
FC000091,Taro corm,Verified,True,8,0,,,
FC000092,Purple yam,Verified,True,8,0,,,
FC000093,Fresh cow's milk,Verified,True,8,0,,,
FC000094,Evaporated milk,Verified,True,8,0,,,
FC000095,Powdered milk,Unavailable,False,0,0,kcal_100g;protein_g_100g;carbs_g_100g;fat_g_100g;fiber_g_100g;sugar_g_100g;sodium_mg_100g;cholesterol_mg_100g,,FC000127;FC000128;FC000129;FC000130
FC000096,Butter,Verified,True,8,0,,,
FC000097,Coconut milk,Verified,False,7,0,sugar_g_100g,,FC000144;FC000145
FC000098,Coconut oil,Verified,True,8,0,,,
FC000099,Soy sauce,Verified,True,8,0,,,
FC000100,Fish sauce,Verified,False,7,0,sugar_g_100g,,FC000146
FC000101,"Chicken, whole",Verified,True,8,0,,,
FC000102,"Pork Boston butt, lean",Verified,False,7,0,cholesterol_mg_100g,,
FC000103,"Sausage, chicken",Verified,True,8,0,,,
FC000104,"Sausage, pork",Verified,False,7,0,sugar_g_100g,,
FC000105,"Sausage, pork & beef",Verified,True,8,0,,,
FC000106,"Sardine, Indian",Verified,True,8,0,,,
FC000107,"Sardines, in spiced oil, cnd",Verified,True,8,0,,,
FC000108,"Sardines, in tomato sce, cnd",Verified,True,8,0,,,
FC000109,"Shrimp, banana prawn",Verified,True,8,0,,,
FC000110,"Shrimp, giant tiger prawn",Verified,True,8,0,,,
FC000111,"Shrimp, greasy back",Verified,True,8,0,,,
FC000112,"Crab, blue swimming, w/o fat",Verified,False,7,0,cholesterol_mg_100g,,
FC000113,"Crab, mud/mangrove, w/o fat",Verified,False,7,0,cholesterol_mg_100g,,
FC000114,Pechay lvs,Verified,True,8,0,,,
FC000115,Pechay petioles,Verified,True,8,0,,,
FC000116,"String/Yard long bean pod, green",Verified,False,7,0,sugar_g_100g,,
FC000117,"String/Yard long bean pod, red",Verified,False,7,0,sugar_g_100g,,
FC000118,"String/Yard long bean pod, white",Verified,False,7,0,sugar_g_100g,,
FC000119,Swamp cabbage lvs,Verified,True,8,0,,,
FC000120,"Mango, Manila super, ripe",Verified,True,8,0,,,
FC000121,"Mango, piko, ripe",Verified,True,8,0,,,
FC000122,"Mango, supsupin, ripe",Verified,True,8,0,,,
FC000123,"Guava, red",Verified,True,8,0,,,
FC000124,"Guava, white",Verified,True,8,0,,,
FC000125,"Avocado, green",Verified,True,8,0,,,
FC000126,"Avocado, red",Verified,True,8,0,,,
FC000127,"Milk, powder, filled, instant",Verified,True,8,0,,,
FC000128,"Milk, powder, full cream",Verified,True,8,0,,,
FC000129,"Milk, powder, non-fat, instant",Verified,True,8,0,,,
FC000130,"Milk, powder, skim",Verified,True,8,0,,,
FC000131,"Noodles, wheat, canton, dry",Verified,True,8,0,,,
FC000132,"Noodles, egg, cooked, enriched, with added salt",Other source,True,0,8,,,
FC000133,"Noodles, egg, cooked, unenriched, with added salt",Other source,True,0,8,,,
FC000134,"Beef, ground, 90% lean meat / 10% fat, raw",Other source,True,0,8,,,
FC000135,"Beef, ground, 80% lean meat / 20% fat, raw",Other source,True,0,8,,,
FC000136,"Beef, ground, 90% lean meat / 10% fat, crumbles, cooked, pan-browned",Other source,True,0,8,,,
FC000137,"Beef, ground, 80% lean meat / 20% fat, crumbles, cooked, pan-browned",Other source,True,0,8,,,
FC000138,"Pork, fresh, ground, raw",Other source,False,0,7,sugar_g_100g,,
FC000139,"Pork, fresh, ground, cooked",Other source,True,0,8,,,
FC000140,"Fish, tuna, fresh, skipjack, raw",Other source,False,0,7,sugar_g_100g,,
FC000141,"Fish, tuna, skipjack, fresh, cooked, dry heat",Other source,False,0,7,sugar_g_100g,,
FC000142,"Cabbage, chinese (pak-choi), raw",Other source,True,0,8,,,
FC000143,"Cabbage, chinese (pak-choi), cooked, boiled, drained, without salt",Other source,True,0,8,,,
FC000144,"Nuts, coconut milk, raw (liquid expressed from grated meat and water)",Other source,True,0,8,,,
FC000145,"Nuts, coconut milk, canned (liquid expressed from grated meat and water)",Other source,False,0,6,fiber_g_100g;sugar_g_100g,,
FC000146,"Sauce, fish, ready-to-serve",Other source,True,0,8,,,
FC000147,"Canton noodles, cooked in water, 2.5x dry-weight yield (estimate)",Unavailable,False,0,0,kcal_100g;protein_g_100g;carbs_g_100g;fat_g_100g;fiber_g_100g;sugar_g_100g;sodium_mg_100g;cholesterol_mg_100g,EST_CANTON_YIELD_V1,
FC000148,"Noodles, mung bean starch, boiled",Verified,True,8,0,,,
FC000149,"Noodles, wheat, thin, boiled",Verified,True,8,0,,,
FC000150,"Noodles, wheat, miki, dry, boiled",Verified,True,8,0,,,
FC000151,"Oats, quick-cooking, ckd",Verified,True,8,0,,,
FC000152,"Pasta, spaghetti, boiled",Verified,True,8,0,,,
FC000153,Hopyang baboy,Verified,True,8,0,,,
FC000154,Hopyang Hapon,Verified,False,7,0,cholesterol_mg_100g,,
FC000155,Hopyang munggo,Verified,False,7,0,cholesterol_mg_100g,,
FC000156,"Noodles, mung bean starch",Verified,True,8,0,,,
FC000157,"Oatmeal, instant",Verified,True,8,0,,,
FC000158,"Oats, quick-cooking",Verified,True,8,0,,,
FC000159,"Pasta, macaroni",Verified,True,8,0,,,
FC000160,"Pasta, spaghetti",Verified,True,8,0,,,
FC000161,"Rice cake (glutinous), bibingka",Verified,True,8,0,,,
FC000162,"Rice cake (glutinous), biko",Verified,True,8,0,,,
FC000163,"Rice cake, bibingka",Verified,True,8,0,,,
FC000164,"Rice cake, puto bumbong, purple",Verified,True,8,0,,,
FC000165,"Rice cake, puto, white",Verified,True,8,0,,,
FC000166,"Rice cake, cuchinta",Verified,True,8,0,,,
FC000167,"Rice prep (glutinous), palitaw",Verified,True,8,0,,,
FC000168,"Rice prep (glutinous), sapin-sapin",Verified,True,8,0,,,
FC000169,"Rice prep (glutinous), suman sa ibos",Verified,True,8,0,,,
FC000170,"Rice prep (glutinous), suman, lye-treated",Verified,True,8,0,,,
FC000171,"Spring roll wrapper, plain",Verified,True,8,0,,,
FC000172,"Wheat flour, all-purpose",Verified,True,8,0,,,
FC000173,"Bread, brown",Verified,True,8,0,,,
FC000174,"Bread, cheese roll",Verified,True,8,0,,,
FC000175,"Bread, pan de leche",Verified,True,8,0,,,
FC000176,"Cake, banana",Verified,True,8,0,,,
FC000177,"Cake, kababayan",Verified,True,8,0,,,
FC000178,"Cookies, otap",Verified,True,8,0,,,
FC000179,"Rice, glutinous, parboiled, flattened",Verified,True,8,0,,,
FC000180,"Rice, undermilled, glutinous, purple, boiled",Verified,True,8,0,,,
FC000181,"Rice-corn mixture (1:1), boiled",Verified,True,8,0,,,
FC000182,"Rice water, ckd, thin",Verified,True,8,0,,,
FC000183,"Corn grits, white",Verified,True,8,0,,,
FC000184,"Corn grits, yellow",Verified,True,8,0,,,
FC000185,"Corn on cob, white",Verified,True,8,0,,,
FC000186,"Corn on cob, yellow",Verified,True,8,0,,,
FC000187,"Cornmeal, white",Verified,True,8,0,,,
FC000188,"Cornmeal, yellow",Verified,True,8,0,,,
FC000189,Rice bran,Verified,True,8,0,,,
FC000190,"Rice, milled, glutinous, milled w/ water",Verified,True,8,0,,,
FC000191,"Rice, undermilled, glutinous, purple",Verified,True,8,0,,,
FC000192,"Rice, undermilled, red",Verified,True,8,0,,,
FC000193,"Rice, well-milled",Verified,True,8,0,,,
FC000194,Rice-corn mixture (1:1),Verified,True,8,0,,,
FC000195,Bicho-bicho,Verified,True,8,0,,,
FC000196,Karyoka,Verified,True,8,0,,,
FC000197,"Noodles, rice, fideos",Verified,True,8,0,,,
FC000198,"Cassava, boiled",Verified,True,8,0,,,
FC000199,"Potato, boiled",Verified,True,8,0,,,
FC000200,"Sweet potato, purple, boiled",Verified,True,8,0,,,
FC000201,"Taro, boiled",Verified,True,8,0,,,
FC000202,"Yam, purple, boiled",Verified,True,8,0,,,
FC000203,"Potato, French-fried",Verified,True,8,0,,,
FC000204,"Tapioca starch ball, boiled",Verified,True,8,0,,,
FC000205,"Sweet potato, w/ sugar, fried",Verified,True,8,0,,,
FC000206,"Cassava, yellow",Verified,True,8,0,,,
FC000207,Potato,Verified,True,8,0,,,
FC000208,"Sweet potato, purple",Verified,True,8,0,,,
FC000209,"Sweet potato, white",Verified,True,8,0,,,
FC000210,"Sweet potato, yellow",Verified,True,8,0,,,
FC000211,"Cassava cake, bibingka",Verified,False,7,0,cholesterol_mg_100g,,
FC000212,Cassava flour,Verified,True,8,0,,,
FC000213,Cassava fritter,Verified,True,8,0,,,
FC000214,Cassava pudding,Verified,True,8,0,,,
FC000215,"Cassava, mashed, w/ sugar & marg",Verified,True,8,0,,,
FC000216,"Cassava, suman",Verified,True,8,0,,,
FC000217,"Potato chips, cheese flvr",Verified,True,8,0,,,
FC000218,Tapioca starch ball,Verified,True,8,0,,,
FC000219,"Yam, purple, pudding",Verified,True,8,0,,,
FC000220,"Yam, purple, pudding,w/ grtd coconut topping",Verified,True,8,0,,,
FC000221,"Sweet potato, orange",Verified,True,8,0,,,
FC000222,"East Indian arrowroot, boiled",Verified,True,8,0,,,
FC000223,"Cashew nut, roasted",Verified,True,8,0,,,
FC000224,"Chickpea, dried, boiled",Verified,True,8,0,,,
FC000225,"Kidney bean seed, red, dried, boiled",Verified,True,8,0,,,
FC000226,"Peanut w/ shell, boiled",Verified,True,8,0,,,
FC000227,"Peanut w/ skin, roasted",Verified,False,7,0,sugar_g_100g,,
FC000228,"Soybean seed, yellow, dried, boiled",Verified,True,8,0,,,
FC000229,"Chickpea, dried",Verified,True,8,0,,,
FC000230,"Coconut meat, mature",Verified,True,8,0,,,
FC000231,"Coconut meat, very young",Verified,True,8,0,,,
FC000232,"Coconut meat, young",Verified,True,8,0,,,
FC000233,"Kidney bean seed, red, dried",Verified,True,8,0,,,
FC000234,"Mung bean seed, green, dried",Verified,True,8,0,,,
FC000235,"Sesame seed, dried",Verified,True,8,0,,,
FC000236,"Soybean seed, dried",Verified,True,8,0,,,
FC000237,"Chickpea, cnd",Verified,True,8,0,,,
FC000238,"Green pea, in brine, cnd",Verified,True,8,0,,,
FC000239,Peanut butter,Verified,True,8,0,,,
FC000240,"Soybean cheese, salted",Verified,True,8,0,,,
FC000241,"Soybean seed, black, fermented",Verified,True,8,0,,,
FC000242,Soybean pudding/ Geerlig's cheese,Verified,True,8,0,,,
FC000243,Soybean pudding/Geerlig's cheese w/ syrup & tapioca starch ball,Verified,True,8,0,,,
FC000244,"Soybean paste, miso",Verified,True,8,0,,,
FC000245,"Soybean seed, yellow, cnd, drnd",Verified,True,8,0,,,
FC000246,"Watermelon seed, dried, salted",Verified,False,7,0,sugar_g_100g,,
FC000247,"Kidney bean seed, black, dried, boiled",Verified,True,8,0,,,
FC000248,"Bamboo shoot, boiled",Verified,True,8,0,,,
FC000249,"Banana heart, butuan, boiled",Verified,True,8,0,,,
FC000250,"Bitter melon/gourd fruit, boiled",Verified,True,8,0,,,
FC000251,"Bottle gourd fruit, boiled",Verified,True,8,0,,,
FC000252,"Cabbage, green, boiled",Verified,True,8,0,,,
FC000253,"Cauliflower, boiled",Verified,True,8,0,,,
FC000254,"Chayote fruit, boiled",Verified,True,8,0,,,
FC000255,"Chinese cabbage, boiled",Verified,True,8,0,,,
FC000256,"Eggplant, boiled",Verified,True,8,0,,,
FC000257,"Horseradish tree lvs, boiled",Verified,True,8,0,,,
FC000258,"Hyacinth bean pod, boiled",Verified,True,8,0,,,
FC000259,"Jute lvs, boiled",Verified,True,8,0,,,
FC000260,"Mung bean sprout, boiled",Verified,True,8,0,,,
FC000261,"Mustard lvs, boiled",Verified,True,8,0,,,
FC000262,"Okra, boiled",Verified,True,8,0,,,
FC000263,"Pako fern lvs, boiled",Verified,True,8,0,,,
FC000264,"Pechay lvs, boiled",Verified,True,8,0,,,
FC000265,"Pechay petioles, boiled",Verified,True,8,0,,,
FC000266,"Radish, boiled",Verified,True,8,0,,,
FC000267,"Snap bean pod, green, boiled",Verified,True,8,0,,,
FC000268,"Snow/Sugar pea pod, boiled",Verified,True,8,0,,,
FC000269,"Sponge gourd fruit, boiled",Verified,True,8,0,,,
FC000270,"Squash fruit, boiled",Verified,True,8,0,,,
FC000271,"Squash lvs, boiled",Verified,False,6,0,fiber_g_100g;sugar_g_100g,,
FC000272,"String/Yard long bean pod, green, boiled",Verified,False,7,0,sugar_g_100g,,
FC000273,"String/Yard long bean pod, red, boiled",Verified,True,8,0,,,
FC000274,"String/Yard long bean pod, white, boiled",Verified,True,8,0,,,
FC000275,"Swamp cabbage lvs, boiled",Verified,True,8,0,,,
FC000276,"Sweet potato lvs, boiled",Verified,True,8,0,,,
FC000277,"Sweet potato lvs, purple, boiled",Verified,True,8,0,,,
FC000278,"Taro lvs, boiled",Verified,True,8,0,,,
FC000279,"Taro petioles, boiled",Verified,True,8,0,,,
FC000280,"Tomato, boiled",Verified,True,8,0,,,
FC000281,"Winged bean pod, boiled",Verified,True,8,0,,,
FC000282,Bamboo shoot,Verified,True,8,0,,,
FC000283,"Banana heart, butuan",Verified,True,8,0,,,
FC000284,Bottle gourd fruit,Verified,True,8,0,,,
FC000285,"Cabbage, green",Verified,True,8,0,,,
FC000286,Cauliflower,Verified,True,8,0,,,
FC000287,Cucumber,Verified,True,8,0,,,
FC000288,Hyacinth bean pod,Verified,True,8,0,,,
FC000289,"Jackfruit fruit, unripe",Verified,True,8,0,,,
FC000290,Jute lvs,Verified,True,8,0,,,
FC000291,Lettuce lvs & petioles,Verified,True,8,0,,,
FC000292,Mung bean sprout,Verified,True,8,0,,,
FC000293,"Mushroom, fresh",Verified,True,8,0,,,
FC000294,Mustard lvs,Verified,True,8,0,,,
FC000295,Okra,Verified,True,8,0,,,
FC000296,"Onion, spring",Verified,True,8,0,,,
FC000297,Pako fern lvs,Verified,True,8,0,,,
FC000298,"Papaya fruit, unripe",Verified,True,8,0,,,
FC000299,"Pepper, chili fruit",Verified,True,8,0,,,
FC000300,"Pepper, sweet/bell long, green",Verified,True,8,0,,,
FC000301,"Pepper, sweet/bell, long, red",Verified,False,7,0,sugar_g_100g,,
FC000302,Radish,Verified,True,8,0,,,
FC000303,"Snap bean pod, green",Verified,True,8,0,,,
FC000304,Snow/Sugar pea pod,Verified,True,8,0,,,
FC000305,Sponge gourd fruit,Verified,True,8,0,,,
FC000306,Squash flower,Verified,False,7,0,fiber_g_100g,,
FC000307,Squash lvs,Verified,False,6,0,fiber_g_100g;sugar_g_100g,,
FC000308,Sweet potato lvs,Verified,True,8,0,,,
FC000309,"Sweet potato lvs, purple",Verified,True,8,0,,,
FC000310,Taro lvs,Verified,True,8,0,,,
FC000311,Taro petioles,Verified,True,8,0,,,
FC000312,Yam bean,Verified,True,8,0,,,
FC000313,Winged bean pod,Verified,True,8,0,,,
FC000314,"Mushroom, cnd",Verified,False,7,0,sugar_g_100g,,
FC000315,"Taro lvs, dried",Verified,True,8,0,,,
FC000316,"Basil, sweet, fresh",Verified,True,8,0,,,
FC000317,Ginger,Verified,True,8,0,,,
FC000318,Turmeric,Verified,True,8,0,,,
FC000319,"Seaweed, lato",Verified,False,5,0,fiber_g_100g;sugar_g_100g;sodium_mg_100g,,
FC000320,"Pickles, papaya",Verified,False,7,0,sugar_g_100g,,
FC000321,"Bitter melon/gourd lvs, boiled",Verified,True,8,0,,,
FC000322,"Bottle gourd lvs, boiled",Verified,False,6,0,fiber_g_100g;sugar_g_100g,,
FC000323,"Cabbage, red, boiled",Verified,True,8,0,,,
FC000324,"Carrot, boiled",Verified,True,8,0,,,
FC000325,"Celery, Chinese, lvs & petioles, boiled",Verified,True,8,0,,,
FC000326,"Chayote lvs, boiled",Verified,False,6,0,fiber_g_100g;sugar_g_100g,,
FC000327,"Garlic lvs, boiled",Verified,True,8,0,,,
FC000328,"Horseradish tree lvs, dwarf, boiled",Verified,True,8,0,,,
FC000329,"Horseradish tree lvs, Japanese, boiled",Verified,True,8,0,,,
FC000330,"Horseradish tree pod, boiled",Verified,True,8,0,,,
FC000331,"Jackfruit seed, boiled",Verified,False,7,0,sugar_g_100g,,
FC000332,"Chinese leek lvs, boiled",Verified,True,8,0,,,
FC000333,"Onion, Bombay bulb, boiled",Verified,True,8,0,,,
FC000334,"Onion, garden shallot bulb, boiled",Verified,True,8,0,,,
FC000335,"Onion, garden shallot lvs, boiled",Verified,True,8,0,,,
FC000336,"Onion, spring, boiled",Verified,True,8,0,,,
FC000337,"Pepper, chili lvs, boiled",Verified,False,6,0,fiber_g_100g;sugar_g_100g,,
FC000338,"Pepper, sweet/bell, long, green, boiled",Verified,True,8,0,,,
FC000339,"Pepper, sweet/bell, round, green, boiled",Verified,True,8,0,,,
FC000340,"Snap bean pod, white, boiled",Verified,True,8,0,,,
FC000341,"Sponge gourd lvs, boiled",Verified,False,6,0,fiber_g_100g;sugar_g_100g,,
FC000342,"Squash flower, boiled",Verified,False,7,0,fiber_g_100g,,
FC000343,"String/Yard long bean lvs, boiled",Verified,True,8,0,,,
FC000344,"String/Yard long bean seed, green, fresh, boiled",Verified,True,8,0,,,
FC000345,Bitter melon/gourd lvs,Verified,True,8,0,,,
FC000346,Bottle gourd lvs,Verified,False,6,0,fiber_g_100g;sugar_g_100g,,
FC000347,"Cabbage, red",Verified,True,8,0,,,
FC000348,"Chicken, whole, seasoned, roasted",Verified,True,8,0,,,
FC000349,"Chicken, whole, seasoned, roasted, skin and visible fat removed",Verified,True,8,0,,,
FC000350,"Pork belly, seasoned, roasted",Verified,True,8,0,,,
FC000351,"Pork belly, seasoned, roasted, skin and visible fat removed",Verified,False,7,0,sugar_g_100g,,
FC000352,Bacon,Verified,True,8,0,,,
FC000353,Chicken nugget,Verified,True,8,0,,,
FC000354,"Corned beef, cnd",Verified,False,7,0,sugar_g_100g,,
FC000355,Embotido,Verified,True,8,0,,,
FC000356,Ham,Verified,True,8,0,,,
FC000357,Hamburger patty,Verified,True,8,0,,,
FC000358,"Luncheon meat, cnd",Verified,True,8,0,,,
FC000359,Meat loaf,Verified,True,8,0,,,
FC000360,"Pork crackling, skin",Verified,True,8,0,,,
FC000361,"Pork, sweet cured, Pampanga",Verified,False,6,0,sugar_g_100g;cholesterol_mg_100g,,
FC000362,"Sausage, chorizo",Verified,True,8,0,,,
FC000363,"Sausage, chorizo, Bilbao style",Verified,False,7,0,sugar_g_100g,,
FC000364,"Sausage, hotdog",Verified,True,8,0,,,
FC000365,"Sausage, hotdog, smoked",Verified,True,8,0,,,
FC000366,"Sausage, hotdog, w/ cheese",Verified,True,8,0,,,
FC000367,"Sausage, pork, Chinese",Verified,True,8,0,,,
FC000368,"Sausage, Vienna",Verified,True,8,0,,,
FC000369,"Pork, bbq",Verified,False,7,0,sugar_g_100g,,
FC000370,"Beef chuck, lean, boiled",Verified,True,8,0,,,
FC000371,"Beef lean meat, broiled",Verified,True,8,0,,,
FC000372,"Beef liver, boiled",Verified,False,7,0,cholesterol_mg_100g,,
FC000373,"Beef round, boiled",Verified,True,8,0,,,
FC000374,"Beef round, broiled",Verified,True,8,0,,,
FC000375,"Beef round, fried",Verified,True,8,0,,,
FC000376,"Beef shank, boiled",Verified,False,7,0,cholesterol_mg_100g,,
FC000377,"Beef sirloin, boiled",Verified,True,8,0,,,
FC000378,"Beef sirloin, broiled",Verified,True,8,0,,,
FC000379,"Beef sirloin, fried",Verified,False,7,0,cholesterol_mg_100g,,
FC000380,"Beef tongue, boiled",Verified,True,8,0,,,
FC000381,"Beef tripe, boiled",Verified,True,8,0,,,
FC000382,"Chicken, white meat, boiled",Verified,False,7,0,cholesterol_mg_100g,,
FC000383,"Chicken, white meat, fried",Verified,True,8,0,,,
FC000384,"Pork belly, boiled",Verified,True,8,0,,,
FC000385,"Pork Boston butt, boiled",Verified,False,7,0,cholesterol_mg_100g,,
FC000386,"Pork Boston butt, broiled",Verified,True,8,0,,,
FC000387,"Pork Boston butt, fried",Verified,False,7,0,cholesterol_mg_100g,,
FC000388,"Pork Boston butt, lean, boiled",Verified,False,7,0,cholesterol_mg_100g,,
FC000389,"Pork Boston butt, lean, broiled",Verified,True,8,0,,,
FC000390,"Pork Boston butt, lean, fried",Verified,False,7,0,cholesterol_mg_100g,,
FC000391,"Pork kidney, boiled",Verified,False,7,0,cholesterol_mg_100g,,
FC000392,"Pork liver, boiled",Verified,True,8,0,,,
FC000393,"Pork liver, broiled",Verified,False,7,0,cholesterol_mg_100g,,
FC000394,"Pork liver, fried",Verified,False,7,0,cholesterol_mg_100g,,
FC000395,"Pork picnic, boiled",Verified,False,7,0,cholesterol_mg_100g,,
FC000396,"Pork back, seasoned, roasted, skin and visible fat removed",Verified,True,8,0,,,
FC000397,Beef brisket,Verified,True,8,0,,,
FC000398,Beef chuck,Verified,True,8,0,,,
FC000399,Beef club steak,Verified,False,7,0,cholesterol_mg_100g,,
FC000400,Beef flank,Verified,True,8,0,,,
FC000401,Beef heart,Verified,True,8,0,,,
FC000402,Beef kidney,Verified,True,8,0,,,
FC000403,Beef plate,Verified,True,8,0,,,
FC000404,Beef porterhouse steak,Verified,False,7,0,cholesterol_mg_100g,,
FC000405,Beef rib roast,Verified,True,8,0,,,
FC000406,Beef round,Verified,True,8,0,,,
FC000407,Beef rump,Verified,False,7,0,cholesterol_mg_100g,,
FC000408,Beef shank,Verified,True,8,0,,,
FC000409,Beef short rib,Verified,True,8,0,,,
FC000410,Beef sirloin,Verified,True,8,0,,,
FC000411,Beef stomach,Verified,True,8,0,,,
FC000412,Beef tail,Verified,False,7,0,cholesterol_mg_100g,,
FC000413,Beef tenderloin,Verified,True,8,0,,,
FC000414,Beef tongue,Verified,True,8,0,,,
FC000415,Beef tripe,Verified,True,8,0,,,
FC000416,Chicken back,Verified,True,8,0,,,
FC000417,Chicken feet,Verified,True,8,0,,,
FC000418,"Chicken feet, bbq",Verified,False,7,0,cholesterol_mg_100g,,
FC000419,Chicken gizzard,Verified,True,8,0,,,
FC000420,Chicken heart,Verified,True,8,0,,,
FC000421,Chicken neck,Verified,True,8,0,,,
FC000422,Chicken thigh & leg,Verified,True,8,0,,,
FC000423,Chicken white meat,Verified,True,8,0,,,
FC000424,Pork back fat,Verified,False,7,0,cholesterol_mg_100g,,
FC000425,Pork center loin,Verified,False,7,0,cholesterol_mg_100g,,
FC000426,Pork chop,Verified,True,8,0,,,
FC000427,Pork ear,Verified,True,8,0,,,
FC000428,"Pork ear, bbq",Verified,True,8,0,,,
FC000429,Pork ham,Verified,True,8,0,,,
FC000430,Pork heart,Verified,True,8,0,,,
FC000431,Pork kidney,Verified,True,8,0,,,
FC000432,Pork leg,Verified,True,8,0,,,
FC000433,Pork picnic,Verified,False,7,0,cholesterol_mg_100g,,
FC000434,Pork spare rib,Verified,True,8,0,,,
FC000435,Pork stomach,Verified,True,8,0,,,
FC000436,Pork tail,Verified,True,8,0,,,
FC000437,Pork tenderloin,Verified,False,7,0,cholesterol_mg_100g,,
FC000438,"Egg, quail, boiled",Verified,True,8,0,,,
FC000439,"Egg, duck, fertilized, boiled",Verified,True,8,0,,,
FC000440,"Egg, duck, infertile, boiled",Verified,True,8,0,,,
FC000441,"Egg, chicken, white",Verified,True,8,0,,,
FC000442,"Egg, chicken, yolk",Verified,True,8,0,,,
FC000443,"Egg, quail",Verified,True,8,0,,,
FC000444,"Egg, duck, century",Verified,True,8,0,,,
FC000445,"Egg, duck, whole, salted",Verified,True,8,0,,,
FC000446,"Egg, duck, white",Verified,True,8,0,,,
FC000447,"Egg, duck, yolk",Verified,True,8,0,,,
FC000448,"Clam, halaan, boiled",Verified,False,7,0,sodium_mg_100g,,
FC000449,"Crab, blue swimming, w/o fat, boiled",Verified,True,8,0,,,
FC000450,"Crab, mud/mangrove, w/o fat, boiled",Verified,False,7,0,cholesterol_mg_100g,,
FC000451,"Mackerel, short-bodied, fried",Verified,False,7,0,cholesterol_mg_100g,,
FC000452,"Milkfish, fried",Verified,False,7,0,cholesterol_mg_100g,,
FC000453,"Mussel, green, boiled",Verified,False,7,0,cholesterol_mg_100g,,
FC000454,"Shrimp, banana prawn, boiled",Verified,False,7,0,cholesterol_mg_100g,,
FC000455,"Shrimp, greasy back, boiled",Verified,False,7,0,cholesterol_mg_100g,,
FC000456,"Squid, boiled",Verified,False,7,0,cholesterol_mg_100g,,
FC000457,"Fish ball, fried",Verified,True,8,0,,,
FC000458,"Catfish, freshwater",Verified,True,8,0,,,
FC000459,"Catfish, saltwater",Verified,True,8,0,,,
FC000460,"Clam, halaan",Verified,True,8,0,,,
FC000461,"Grouper, whitespotted",Verified,False,7,0,cholesterol_mg_100g,,
FC000462,"Mackerel, short-bodied",Verified,False,7,0,cholesterol_mg_100g,,
FC000463,"Mackerel, Spanish",Verified,False,7,0,cholesterol_mg_100g,,
FC000464,Oyster,Verified,True,8,0,,,
FC000465,Red snapper/Malabar,Verified,False,7,0,cholesterol_mg_100g,,
FC000466,"Sardine, bombon",Verified,True,8,0,,,
FC000467,"Scad, big-eye",Verified,True,8,0,,,
FC000468,Sea bass,Verified,False,7,0,cholesterol_mg_100g,,
FC000469,"Shrimp, freshwater",Verified,False,7,0,cholesterol_mg_100g,,
FC000470,"Tuna, frigate",Verified,False,7,0,cholesterol_mg_100g,,
FC000471,Fish ball,Verified,False,7,0,cholesterol_mg_100g,,
FC000472,"Fish preparation, quekiam",Verified,False,4,0,fiber_g_100g;sugar_g_100g;sodium_mg_100g;cholesterol_mg_100g,,
FC000473,"Milkfish, smoked",Verified,True,8,0,,,
FC000474,"Scad, round, dried",Verified,True,8,0,,,
FC000475,"Scad, round, smoked",Verified,True,8,0,,,
FC000476,"Squid, dried",Verified,False,7,0,cholesterol_mg_100g,,
FC000477,"Tilapia, dried",Verified,True,8,0,,,
FC000478,"Tuna flakes, in brine, cnd",Verified,True,8,0,,,
FC000479,"Tuna flakes, in veg oil, cnd",Verified,True,8,0,,,
FC000480,"Mudfish/Murrel, striated, boiled",Verified,False,7,0,cholesterol_mg_100g,,
FC000481,"Mudfish/Murrel, striated",Verified,False,7,0,cholesterol_mg_100g,,
FC000482,Octopus,Verified,True,8,0,,,
FC000483,"Pomfret, black",Verified,True,8,0,,,
FC000484,Swordfish,Verified,True,8,0,,,
FC000485,"Clam, freshwater, tulya, boiled",Verified,True,8,0,,,
FC000486,"Clam, imbao, boiled",Verified,False,7,0,sodium_mg_100g,,
FC000487,"Anchovy, Indian (adult)",Verified,False,7,0,cholesterol_mg_100g,,
FC000488,"Anchovy, long-jawed, whole",Verified,True,8,0,,,
FC000489,"Clam, freshwater, tulya",Verified,True,8,0,,,
FC000490,"Clam, imbao",Verified,True,8,0,,,
FC000491,"Crab, blue swimming, fat",Verified,False,7,0,cholesterol_mg_100g,,
FC000492,"Crab, mud/mangrove, fat",Verified,False,7,0,cholesterol_mg_100g,,
FC000493,"Crab, shore",Verified,False,7,0,cholesterol_mg_100g,,
FC000494,"Oyster, window pane, meat",Verified,True,8,0,,,
FC000495,"Sardine, fimbriated",Verified,True,8,0,,,
FC000496,"Sardine, fimbriated, fry",Verified,True,8,0,,,
FC000497,"Shrimp, freshwater (small)",Verified,False,7,0,cholesterol_mg_100g,,
FC000498,"Shrimp, sergestid",Verified,False,7,0,cholesterol_mg_100g,,
FC000499,"Anchovy, long-jawed, dried, ground",Verified,False,7,0,sodium_mg_100g,,
FC000500,"Catfish, freshwater, dried",Verified,False,7,0,cholesterol_mg_100g,,
FC000501,"Catfish, saltwater, dried",Verified,True,8,0,,,
FC000502,"Crab, mud/mangrove, meat, cnd",Verified,True,8,0,,,
FC000503,"Grouper, whitespotted, dried",Verified,True,8,0,,,
FC000504,"Mackerel scad, in tomato sce, cnd",Verified,True,8,0,,,
FC000505,"Mackerel, short-bodied, dried",Verified,True,8,0,,,
FC000506,"Mackerel, short-bodied, smoked",Verified,False,7,0,cholesterol_mg_100g,,
FC000507,"Mackerel, Spanish, dried",Verified,True,8,0,,,
FC000508,"Mackerel, Indian, dried",Verified,True,8,0,,,
FC000509,"Mackerel, Indian, in tomato sce",Verified,False,7,0,sugar_g_100g,,
FC000510,"Milkfish, in natural oil, cnd",Verified,False,7,0,cholesterol_mg_100g,,
FC000511,"Milkfish, in spiced oil, cnd",Verified,True,8,0,,,
FC000512,"Oyster, dried",Verified,False,7,0,cholesterol_mg_100g,,
FC000513,"Red snapper/Malabar, dried",Verified,True,8,0,,,
FC000514,"Sardine, bombon, dried",Verified,True,8,0,,,
FC000515,"Sardine, bombon, smoked",Verified,True,8,0,,,
FC000516,"Sardine, fimbriated, smoked",Verified,True,8,0,,,
FC000517,"Sardine, Indian, smoked",Verified,True,8,0,,,
FC000518,"Sardines, smoked, cnd",Verified,False,7,0,cholesterol_mg_100g,,
FC000519,"Scad, big-eye, dried",Verified,True,8,0,,,
FC000520,"Scad, big-eye, smoked",Verified,True,8,0,,,
FC000521,"Sea bass, dried",Verified,True,8,0,,,
FC000522,"Shrimp, freshwater (small), dried",Verified,True,8,0,,,
FC000523,"Shrimp, sergestid, dried",Verified,True,8,0,,,
FC000524,"Shrimp, small marine, dried",Verified,True,8,0,,,
FC000525,"Tuna adobo, cnd",Verified,True,8,0,,,
FC000526,"Tuna fillet, in soya oil, cnd",Verified,True,8,0,,,
FC000527,"Tuna fillet, in veg oil, cnd",Verified,True,8,0,,,
FC000528,"Tuna mechado, cnd",Verified,True,8,0,,,
FC000529,"Tuna sardines, in oil, cnd",Verified,True,8,0,,,
FC000530,"Tuna, frigate, dried",Verified,True,8,0,,,
FC000531,"Tuna, yellow-fin, dried",Verified,True,8,0,,,
FC000532,"Anchovy, long-jawed, w/o head",Verified,False,7,0,cholesterol_mg_100g,,
FC000533,"Sea catfish, smooth-headed",Verified,False,7,0,cholesterol_mg_100g,,
FC000534,"Shrimp, giant tiger prawn, head",Verified,False,7,0,cholesterol_mg_100g,,
FC000535,"Cavalla, banded, fried",Verified,False,7,0,cholesterol_mg_100g,,
FC000536,"Cavalla, banded, steamed",Verified,False,7,0,cholesterol_mg_100g,,
FC000537,Abalone,Verified,True,8,0,,,
FC000538,Abalone juice,Verified,False,7,0,cholesterol_mg_100g,,
FC000539,Amber fish,Verified,False,7,0,cholesterol_mg_100g,,
FC000540,Sinarapan,Verified,True,8,0,,,
FC000541,"Barracuda, striped",Verified,False,5,0,fiber_g_100g;sugar_g_100g;cholesterol_mg_100g,,
FC000542,"Butterfly fish, threadfin",Verified,False,4,0,fiber_g_100g;sugar_g_100g;sodium_mg_100g;cholesterol_mg_100g,,
FC000543,"Fusilier, goldband",Verified,False,7,0,cholesterol_mg_100g,,
FC000544,Cardinal fish,Verified,False,4,0,fiber_g_100g;sugar_g_100g;sodium_mg_100g;cholesterol_mg_100g,,
FC000545,Carp,Verified,False,7,0,cholesterol_mg_100g,,
FC000546,"Cavalla, banded",Verified,True,8,0,,,
FC000547,"Clam, bilakong",Verified,True,8,0,,,
FC000548,"Tamarind, unripe, boiled",Verified,False,5,0,fiber_g_100g;sugar_g_100g;sodium_mg_100g,,
FC000549,"Banana, saba, w/ sugar, fried",Verified,True,8,0,,,
FC000550,"Banana, saba, w/ sugar, wrapped, fried",Verified,True,8,0,,,
FC000551,"Apple, green",Verified,True,8,0,,,
FC000552,"Apple, red",Verified,True,8,0,,,
FC000553,"Banana, bungulan",Verified,True,8,0,,,
FC000554,"Banana, butuan",Verified,True,8,0,,,
FC000555,"Banana, cavendish, ripe",Verified,True,8,0,,,
FC000556,"Banana, cavendish, unripe",Verified,True,8,0,,,
FC000557,"Banana, gloria",Verified,True,8,0,,,
FC000558,"Banana, murado",Verified,True,8,0,,,
FC000559,"Banana, ternate",Verified,True,8,0,,,
FC000560,"Banana, tuldok",Verified,True,8,0,,,
FC000561,Java apple,Verified,True,8,0,,,
FC000562,Custard apple,Verified,True,8,0,,,
FC000563,Velvet apple,Verified,True,8,0,,,
FC000564,Grape,Verified,True,8,0,,,
FC000565,Jackfruit,Verified,True,8,0,,,
FC000566,Lanzon,Verified,False,7,0,sugar_g_100g,,
FC000567,Lychee/Litchi,Verified,True,8,0,,,
FC000568,Malay apple,Verified,True,8,0,,,
FC000569,"Mango, Indian, unripe",Verified,True,8,0,,,
FC000570,"Mango, Manila super, medium ripe",Verified,True,8,0,,,
FC000571,"Mango, Manila super, unripe",Verified,True,8,0,,,
FC000572,"Mango, paho, unripe",Verified,True,8,0,,,
FC000573,"Mango, piko, medium ripe",Verified,True,8,0,,,
FC000574,"Mango, piko, unripe",Verified,True,8,0,,,
FC000575,Mangosteen,Verified,False,7,0,sugar_g_100g,,
FC000576,Melon,Verified,True,8,0,,,
FC000577,"Melon, honey dew",Verified,True,8,0,,,
FC000578,"Orange, Ladu",Verified,True,8,0,,,
FC000579,"Orange, Szinkom",Verified,True,8,0,,,
FC000580,"Papaya fruit, medium ripe",Verified,True,8,0,,,
FC000581,Pear,Verified,True,8,0,,,
FC000582,Rambutan,Verified,False,7,0,sugar_g_100g,,
FC000583,Santol,Verified,True,8,0,,,
FC000584,Stinking passion flower fruit,Verified,True,8,0,,,
FC000585,Stinking passion flower juice,Verified,False,7,0,sugar_g_100g,,
FC000586,Soursop,Verified,True,8,0,,,
FC000587,"Star apple, green",Verified,True,8,0,,,
FC000588,"Star apple, purple",Verified,True,8,0,,,
FC000589,Strawberry,Verified,True,8,0,,,
FC000590,Sugar apple/Sweetsop,Verified,True,8,0,,,
FC000591,"Tamarind, ripe",Verified,True,8,0,,,
FC000592,"Tamarind, unripe",Verified,False,6,0,fiber_g_100g;sugar_g_100g,,
FC000593,"Cheese, cheddar, pasteurized, processed",Verified,True,8,0,,,
FC000594,"Cheese, cottage",Verified,True,8,0,,,
FC000595,"Cheese, filled",Verified,True,8,0,,,
FC000596,"Cheese, native",Verified,False,6,0,sugar_g_100g;cholesterol_mg_100g,,
FC000597,"Cheese, pimiento",Verified,True,8,0,,,
FC000598,"Cheese, spread",Verified,True,8,0,,,
FC000599,Cream,Verified,False,7,0,cholesterol_mg_100g,,
FC000600,Ice cream,Verified,True,8,0,,,
FC000601,"Ice cream, strawberry flavor",Verified,True,8,0,,,
FC000602,"Milk drink, cultured",Verified,True,8,0,,,
FC000603,"Milk, evaporated, filled",Verified,True,8,0,,,
FC000604,"Milk, recombined",Verified,False,7,0,sugar_g_100g,,
FC000605,"Milk, sweetened, condensed, filled",Verified,True,8,0,,,
FC000606,"Milk drink, reconstituted, strawberry, UHT",Verified,True,8,0,,,
FC000607,"Milk, buttermilk",Verified,True,8,0,,,
FC000608,"Catsup, banana",Verified,True,8,0,,,
FC000609,"Catsup, tomato",Verified,True,8,0,,,
FC000610,"Fish paste, anchovy",Verified,True,8,0,,,
FC000611,Lechon sauce,Verified,False,7,0,cholesterol_mg_100g,,
FC000612,"Salt, coarse",Verified,True,8,0,,,
FC000613,Shrimp paste,Verified,False,7,0,cholesterol_mg_100g,,
FC000614,"Shrimp paste, alamang",Verified,False,7,0,cholesterol_mg_100g,,
FC000615,"Vinegar, coconut",Verified,True,8,0,,,
FC000616,Tomato paste,Verified,True,8,0,,,
FC000617,Tomato sauce,Verified,True,8,0,,,
FC000618,"Steamed bun, mung bean filling",Verified,False,4,0,fiber_g_100g;sugar_g_100g;sodium_mg_100g;cholesterol_mg_100g,,
FC000619,"Steamed bun, pork filling",Verified,False,4,0,fiber_g_100g;sugar_g_100g;sodium_mg_100g;cholesterol_mg_100g,,
FC000620,"Spring roll, Shanghai, unckd",Verified,True,8,0,,,
FC000621,"Soup, mungbean w/ shrimp, ckd",Verified,True,8,0,,,
FC000622,Cheese sandwich,Verified,True,8,0,,,
FC000623,Cheeseburger sandwich,Verified,True,8,0,,,
FC000624,Rice gruel w/ chicken,Verified,True,8,0,,,
FC000625,Rice gruel w/ choc & milk,Verified,True,8,0,,,
FC000626,Rice gruel w/ tripe,Verified,True,8,0,,,
FC000627,Buko pie,Verified,True,8,0,,,
FC000628,Egg pie,Verified,True,8,0,,,
FC000629,"Halu-halo, cnd",Verified,False,4,0,fiber_g_100g;sugar_g_100g;sodium_mg_100g;cholesterol_mg_100g,,
FC000630,"Halu-halo, w/ ice",Verified,False,4,0,fiber_g_100g;sugar_g_100g;sodium_mg_100g;cholesterol_mg_100g,,
FC000631,"Beef caldereta, cnd",Verified,False,6,0,sugar_g_100g;cholesterol_mg_100g,,
FC000632,"Beef kare-kare, cnd",Verified,False,7,0,cholesterol_mg_100g,,
FC000633,"Pork & chicken adobo, cnd",Verified,False,7,0,cholesterol_mg_100g,,
FC000634,"Pork adobo, cnd",Verified,False,7,0,cholesterol_mg_100g,,
FC000635,"Pork adobo, w/ egg, cnd",Verified,False,7,0,cholesterol_mg_100g,,
FC000636,"Pork & beans, cnd",Verified,True,8,0,,,
FC000637,"Pork blood stew, cnd",Verified,False,6,0,sodium_mg_100g;cholesterol_mg_100g,,
FC000638,"Fat, pork",Verified,True,8,0,,,
FC000639,Margarine,Verified,True,8,0,,,
FC000640,"Margarine, fortified",Verified,True,8,0,,,
FC000641,Mayonnaise,Verified,True,8,0,,,
FC000642,"Oil, corn",Verified,True,8,0,,,
FC000643,"Coffee, roasted (dry product)",Verified,True,8,0,,,
FC000644,Coconut water,Verified,True,8,0,,,
FC000645,"Coffee, creamer & sugar (3 in 1) (dry product)",Verified,True,8,0,,,
FC000646,"Coffee, instant, 100% pure (dry product)",Verified,True,8,0,,,
FC000647,"Cocoa, powder, imported",Verified,True,8,0,,,
FC000648,"Bread, cinnamon roll",Verified,True,8,0,,,
FC000649,"Bread, hotdog roll",Verified,True,8,0,,,
FC000650,"Bread, toasted, w/ margarine-sugar topping",Verified,True,8,0,,,
FC000651,"Bread, mung bean loaf",Verified,True,8,0,,,
FC000652,"Bread, pan de bonete",Verified,True,8,0,,,
FC000653,"Bread, pan de limon",Verified,True,8,0,,,
FC000654,"Bread, raisin",Verified,True,8,0,,,
FC000655,"Bread, rye",Verified,True,8,0,,,
FC000656,"Bread, sweet roll w/ mung bean filling",Verified,True,8,0,,,
FC000657,"Cake, angel food",Verified,True,8,0,,,
FC000658,"Cake, butter",Verified,True,8,0,,,
FC000659,"Cake, cheese cupcake",Verified,True,8,0,,,
FC000660,"Cake, chiffon",Verified,True,8,0,,,
FC000661,"Cake, chocolate",Verified,True,8,0,,,
FC000662,"Cake, fruit",Verified,True,8,0,,,
FC000663,"Cake, mamon, toasted",Verified,True,8,0,,,
FC000664,"Cake, sponge",Verified,True,8,0,,,
FC000665,"Cookies, apas",Verified,True,8,0,,,
FC000666,"Cookies, arrowroot",Verified,True,8,0,,,
FC000667,"Cookies, brownies",Verified,True,8,0,,,
FC000668,"Cookies, butter",Verified,True,8,0,,,
FC000669,"Cookies, jacobina special",Verified,True,8,0,,,
FC000670,"Cookies, lady finger",Verified,False,7,0,cholesterol_mg_100g,,
FC000671,"Cookies, marie",Verified,True,8,0,,,
FC000672,"Cookies, ogoy-ogoy",Verified,True,8,0,,,
FC000673,"Cookies, pasencia",Verified,True,8,0,,,
FC000674,"Cookies, pilipit",Verified,True,8,0,,,
FC000675,"Cookies, polvoron",Verified,True,8,0,,,
FC000676,"Corn flakes, enr",Verified,True,8,0,,,
FC000677,Corn pudding,Verified,True,8,0,,,
FC000678,"Corn pudding, maja, yellow",Verified,True,8,0,,,
FC000679,"Corn, fried, seasoned",Verified,True,8,0,,,
FC000680,"Corn, whole kernel, cnd",Verified,True,8,0,,,
FC000681,Cornstarch,Verified,True,8,0,,,
FC000682,"Cracker, egg",Verified,True,8,0,,,
FC000683,"Cracker, graham, honey-flvr",Verified,True,8,0,,,
FC000684,"Cracker, plain",Verified,True,8,0,,,
FC000685,"Cracker, salted",Verified,True,8,0,,,
FC000686,"Cracker, salted, round",Verified,True,8,0,,,
FC000687,Cream puff,Verified,True,8,0,,,
FC000688,"Doughnut, fried, w/ sugar",Verified,True,8,0,,,
FC000689,"Noodles, rice",Verified,True,8,0,,,
FC000690,"Noodles, wheat, mami, fresh",Verified,True,8,0,,,
FC000691,"Noodles, wheat, inst, w/ flvr",Verified,True,8,0,,,
FC000692,"Noodles, wheat, thin",Verified,True,8,0,,,
FC000693,"Noodles, wheat, miki, dry",Verified,False,7,0,cholesterol_mg_100g,,
FC000694,Pancake,Verified,True,8,0,,,
FC000695,"Popcorn, salted",Verified,True,8,0,,,
FC000696,"Popcorn, sweetn",Verified,True,8,0,,,
FC000697,"Rice cake (glutinous), biko, w/ grtd coconut topping",Verified,True,8,0,,,
FC000698,"Rice cake (glutinous), biko, w/ purple rice",Verified,True,8,0,,,
FC000699,"Rice cake (glutinous), Chinese, tikoy",Verified,True,8,0,,,
FC000700,"Rice cake (glutinous), Chinese, tikoy, w/ peanut",Verified,True,8,0,,,
FC000701,"Rice cake, bibingka, w/ cheese & coconut topping",Verified,True,8,0,,,
FC000702,"Rice cake, puto, brown",Verified,True,8,0,,,
FC000703,"Rice cake, puto, white, w/ grtd coconut topping",Verified,True,8,0,,,
FC000704,"Rice cake, cuchinta, w/ grtd coconut topping",Verified,True,8,0,,,
FC000705,Rice flour,Verified,True,8,0,,,
FC000706,"Rice flour prep, tamales",Verified,False,7,0,cholesterol_mg_100g,,
FC000707,"Rice gruel, thin",Verified,True,8,0,,,
FC000708,"Rice prep (glutinous), butse, w/ mung bean filling",Verified,True,8,0,,,
FC000709,"Rice prep (glutinous), butse, w/ sweet potato filling",Verified,True,8,0,,,
FC000710,"Rice prep (glutinous), kalamay, w/ coconut curd topping",Verified,True,8,0,,,
FC000711,"Rice prep (glutinous), kalamay, w/ yam",Verified,True,8,0,,,
FC000712,"Rice prep (glutinous), palitaw, w/ grtd  coconut & sugar",Verified,True,8,0,,,
FC000713,"Rice prep (glutinous), suman, w/ grtd coconut topping",Verified,True,8,0,,,
FC000714,"Rice prep (glutinous), tupig",Verified,True,8,0,,,
FC000715,"Rice prep, espasol",Verified,True,8,0,,,
FC000716,"Rice, crispies",Verified,True,8,0,,,
FC000717,"Rice-bread prep, toasted, puto seko",Verified,False,7,0,cholesterol_mg_100g,,
FC000718,"Wheat flour, all-purpose, enr, bleached",Verified,True,8,0,,,
FC000719,"Wheat flour, cake flour, enr, bleached",Verified,True,8,0,,,
FC000720,"Instant noodles, chicken flvr, raw",Verified,True,8,0,,,
FC000721,"Instant noodles, chicken flvr, ckd",Verified,True,8,0,,,
FC000722,Job's tears grain,Verified,True,8,0,,,
FC000723,"Yam, Luzon",Verified,True,8,0,,,
FC000724,"Yam, spiny",Verified,True,8,0,,,
FC000725,"Yam, spiny, boiled",Verified,True,8,0,,,
FC000726,Arrowroot starch,Verified,True,8,0,,,
FC000727,East Indian arrowroot starch,Verified,True,8,0,,,
FC000728,"Yacon tuber, raw",Verified,True,8,0,,,
FC000729,East Indian arrowroot,Verified,True,8,0,,,
FC000730,Palauan,Verified,True,8,0,,,
FC000731,"Chestnut, roasted",Verified,True,8,0,,,
FC000732,Coconut sport,Verified,True,8,0,,,
FC000733,"Cowpea seed, dried",Verified,True,8,0,,,
FC000734,"Kidney bean seed, black, dried",Verified,True,8,0,,,
FC000735,"Kidney bean seed, white, dried",Verified,True,8,0,,,
FC000736,"Kidney bean seed, white, dried, boiled",Verified,True,8,0,,,
FC000737,"Lima bean seed, dried",Verified,True,8,0,,,
FC000738,"Mung bean seed, red, dried",Verified,True,8,0,,,
FC000739,"Mung bean seed, red, dried, boiled",Verified,True,8,0,,,
FC000740,"Mung bean seed, yellow, dried",Verified,True,8,0,,,
FC000741,"Mung bean seed, yellow, dried, boiled",Verified,True,8,0,,,
FC000742,Peanut w/ shell,Verified,True,8,0,,,
FC000743,Peanut w/o skin,Verified,True,8,0,,,
FC000744,"Pigeon pea seed, dried",Verified,True,8,0,,,
FC000745,"Pigeon pea seed, dried, boiled",Verified,True,8,0,,,
FC000746,"Rice bean seed, dried",Verified,True,8,0,,,
FC000747,"Soybean seed, black, dried",Verified,True,8,0,,,
FC000748,"Soybean seed, black, dried, boiled",Verified,True,8,0,,,
FC000749,"Soybean seed, yellow, dried",Verified,True,8,0,,,
FC000750,"String/Yard long bean seed, dried",Verified,True,8,0,,,
FC000751,"Coconut chip, toasted, sweetn",Verified,True,8,0,,,
FC000752,"Coconut, cream curd",Verified,True,8,0,,,
FC000753,"Green pea, dried, fried & seasoned",Verified,True,8,0,,,
FC000754,"Green pea-corn-peanut mixture, fried",Verified,False,4,0,fiber_g_100g;sugar_g_100g;sodium_mg_100g;cholesterol_mg_100g,,
FC000755,"Lima bean, fried & seasoned",Verified,False,4,0,fiber_g_100g;sugar_g_100g;sodium_mg_100g;cholesterol_mg_100g,,
FC000756,Beet,Verified,False,7,0,sugar_g_100g,,
FC000757,"Beet, boiled",Verified,False,7,0,sugar_g_100g,,
FC000758,Breadfruit fruit,Verified,True,8,0,,,
FC000759,Celery lvs & petioles,Verified,True,8,0,,,
FC000760,"Celery, Chinese, lvs & petioles",Verified,False,7,0,sugar_g_100g,,
FC000761,Chayote lvs,Verified,False,6,0,fiber_g_100g;sugar_g_100g,,
FC000762,Coriander lvs,Verified,True,8,0,,,
FC000763,Cowpea pod,Verified,True,8,0,,,
FC000764,"Cowpea pod, boiled",Verified,True,8,0,,,
FC000765,"Cowpea seed, fresh",Verified,True,8,0,,,
FC000766,Endive lvs,Verified,True,8,0,,,
FC000767,Garlic lvs,Verified,False,7,0,sugar_g_100g,,
FC000768,Garlic lvs & bulb,Verified,True,8,0,,,
FC000769,"Horseradish tree lvs, dwarf",Verified,False,7,0,sugar_g_100g,,
FC000770,"Horseradish tree lvs, Japanese",Verified,False,7,0,sugar_g_100g,,
FC000771,Horseradish tree pod,Verified,True,8,0,,,
FC000772,Jackfruit seed,Verified,False,7,0,sugar_g_100g,,
FC000773,Chinese leek lvs,Verified,True,8,0,,,
FC000774,Lima bean pod,Verified,True,8,0,,,
FC000775,"Lima bean pod, boiled",Verified,True,8,0,,,
FC000776,Malabar nightshade lvs,Verified,True,8,0,,,
FC000777,"Malabar nightshade lvs, boiled",Verified,True,8,0,,,
FC000778,Marrow-stem kale lvs and stems,Verified,True,8,0,,,
FC000779,"Mung bean seed, fresh",Verified,True,8,0,,,
FC000780,New Zealand spinach lvs,Verified,True,8,0,,,
FC000781,"New Zealand spinach lvs, boiled",Verified,True,8,0,,,
FC000782,"Onion, garden shallot lvs",Verified,True,8,0,,,
FC000783,Parsley lvs,Verified,True,8,0,,,
FC000784,"Pepper, chili lvs",Verified,False,6,0,fiber_g_100g;sugar_g_100g,,
FC000785,"Pepper, sweet/bell, round, green",Verified,True,8,0,,,
FC000786,"Pepper, sweet/bell, round, red",Verified,True,8,0,,,
FC000787,Philippine spinach lvs,Verified,True,8,0,,,
FC000788,"Philippine spinach lvs, boiled",Verified,True,8,0,,,
FC000789,Pigeon pea pod,Verified,True,8,0,,,
FC000790,"Pigeon pea pod, boiled",Verified,True,8,0,,,
FC000791,"Pigeon pea seed, fresh",Verified,True,8,0,,,
FC000792,Purslane lvs,Verified,False,7,0,sugar_g_100g,,
FC000793,"Purslane lvs, boiled",Verified,False,7,0,sugar_g_100g,,
FC000794,"Radish, pod",Verified,True,8,0,,,
FC000795,"Seaweed, gamet, dried",Verified,True,8,0,,,
FC000796,"Seaweed, pokpoklo",Verified,False,5,0,fiber_g_100g;sugar_g_100g;sodium_mg_100g,,
FC000797,Sesbania flower,Verified,False,7,0,sugar_g_100g,,
FC000798,"Sesbania flower, boiled",Verified,False,7,0,sugar_g_100g,,
FC000799,Slender/Spineless amaranth lvs,Verified,True,8,0,,,
FC000800,"Slender/Spineless amaranth lvs, boiled",Verified,True,8,0,,,
FC000801,Snake gourd fruit,Verified,True,8,0,,,
FC000802,"Snap bean pod, white",Verified,True,8,0,,,
FC000803,"Soybean seed, fresh",Verified,True,8,0,,,
FC000804,"Soybean seed, fresh, boiled",Verified,True,8,0,,,
FC000805,Sponge gourd lvs,Verified,False,6,0,fiber_g_100g;sugar_g_100g,,
FC000806,"Squash, summer fruit",Verified,True,8,0,,,
FC000807,String/Yard long bean lvs,Verified,True,8,0,,,
FC000808,"String/Yard long bean seed, green, fresh",Verified,True,8,0,,,
FC000809,"Tomato, Spanish, ripe",Verified,True,8,0,,,
FC000810,Water chestnut,Verified,True,8,0,,,
FC000811,"Water chestnut, boiled",Verified,False,5,0,fiber_g_100g;sugar_g_100g;sodium_mg_100g,,
FC000812,Watercress,Verified,True,8,0,,,
FC000813,Wax gourd fruit,Verified,False,7,0,sugar_g_100g,,
FC000814,"Wax gourd fruit, boiled",Verified,True,8,0,,,
FC000815,"Asparagus, cnd",Verified,True,8,0,,,
FC000816,"Bamboo shoot, cnd",Verified,True,8,0,,,
FC000817,"Bamboo shoot, dried",Verified,True,8,0,,,
FC000818,"Black wood ear mushroom, dried",Verified,True,8,0,,,
FC000819,"Cucumber, salted, cnd",Verified,False,7,0,sugar_g_100g,,
FC000820,"Mushroom, dried",Verified,True,8,0,,,
FC000821,Bignay,Verified,True,8,0,,,
FC000822,Bilimbi,Verified,True,8,0,,,
FC000823,Black/Java plum,Verified,False,6,0,fiber_g_100g;sugar_g_100g,,
FC000824,Canistel,Verified,True,8,0,,,
FC000825,Cashew fruit,Verified,True,8,0,,,
FC000826,Durian,Verified,True,8,0,,,
FC000827,Jamaica cherry,Verified,False,5,0,fiber_g_100g;sugar_g_100g;sodium_mg_100g,,
FC000828,Jujube Indian/Chinese date,Verified,False,7,0,sugar_g_100g,,
FC000829,Kaffir lime,Verified,True,8,0,,,
FC000830,Lemon,Verified,True,8,0,,,
FC000831,Lime,Verified,True,8,0,,,
FC000832,"Persimmon, kaki",Verified,True,8,0,,,
FC000833,Pomegranate,Verified,True,8,0,,,
FC000834,Sapodilla,Verified,True,8,0,,,
FC000835,Sapote,Verified,True,8,0,,,
FC000836,Spanish plum,Verified,False,6,0,fiber_g_100g;sugar_g_100g,,
FC000837,Starfruit,Verified,True,8,0,,,
FC000838,Sugar palm,Verified,True,8,0,,,
FC000839,"Sugar palm, boiled",Verified,True,8,0,,,
FC000840,"Banana chips, salted",Verified,False,7,0,sodium_mg_100g,,
FC000841,"Banana chips, sweetn",Verified,True,8,0,,,
FC000842,Banana fritter,Verified,True,8,0,,,
FC000843,"Banana, saba, mashed, w/ sugar & marg",Verified,True,8,0,,,
FC000844,"Bilimbi, pickled",Verified,True,8,0,,,
FC000845,"Cherry, in syrup, drnd",Verified,True,8,0,,,
FC000846,"Date, dried",Verified,True,8,0,,,
FC000847,"Fruit cocktail, tropical, in syrup, cnd",Verified,True,8,0,,,
FC000848,"Jujube Indian/Chinese date, dried",Verified,True,8,0,,,
FC000849,"Mango chips, dried",Verified,True,8,0,,,
FC000850,"Peach, in heavy syrup, cnd",Verified,False,7,0,sugar_g_100g,,
FC000851,"Pineapple, crushed, cnd",Verified,True,8,0,,,
FC000852,"Pineapple, slice, cnd",Verified,True,8,0,,,
FC000853,Prune,Verified,True,8,0,,,
FC000854,Raisin,Verified,True,8,0,,,
FC000855,Dragon fruit,Verified,False,7,0,sugar_g_100g,,
FC000856,Carabeef chuck,Verified,True,8,0,,,
FC000857,Carabeef lean meat,Verified,False,7,0,cholesterol_mg_100g,,
FC000858,"Carabeef lean meat, boiled",Verified,False,7,0,cholesterol_mg_100g,,
FC000859,Carabeef round,Verified,False,7,0,cholesterol_mg_100g,,
FC000860,Carabeef round steak,Verified,True,8,0,,,
FC000861,Carabeef rump,Verified,False,7,0,cholesterol_mg_100g,,
FC000862,Carabeef shank,Verified,True,8,0,,,
FC000863,Carabeef w/ fat,Verified,False,7,0,cholesterol_mg_100g,,
FC000864,"Carabeef w/ fat, boiled",Verified,False,7,0,cholesterol_mg_100g,,
FC000865,Chevon back,Verified,False,7,0,cholesterol_mg_100g,,
FC000866,Chevon breast,Verified,False,7,0,cholesterol_mg_100g,,
FC000867,Chevon flank,Verified,False,7,0,cholesterol_mg_100g,,
FC000868,Chevon leg,Verified,False,7,0,cholesterol_mg_100g,,
FC000869,Chevon liver,Verified,False,7,0,cholesterol_mg_100g,,
FC000870,Chevon loin,Verified,False,7,0,cholesterol_mg_100g,,
FC000871,Chevon neck,Verified,False,7,0,cholesterol_mg_100g,,
FC000872,Chevon rib,Verified,False,7,0,cholesterol_mg_100g,,
FC000873,Chevon shank,Verified,False,7,0,cholesterol_mg_100g,,
FC000874,Chevon shoulder,Verified,False,7,0,cholesterol_mg_100g,,
FC000875,"Chick, one-day old, fried",Verified,False,6,0,fiber_g_100g;cholesterol_mg_100g,,
FC000876,Chicken intestine,Verified,False,5,0,fiber_g_100g;sugar_g_100g;cholesterol_mg_100g,,
FC000877,"Chicken intestine, bbq",Verified,True,8,0,,,
FC000878,Duck back,Verified,False,7,0,cholesterol_mg_100g,,
FC000879,Duck breast,Verified,True,8,0,,,
FC000880,Duck gizzard,Verified,False,7,0,cholesterol_mg_100g,,
FC000881,Duck liver,Verified,True,8,0,,,
FC000882,Duck thigh,Verified,False,7,0,cholesterol_mg_100g,,
FC000883,Duck wing,Verified,False,7,0,cholesterol_mg_100g,,
FC000884,Lamb flank,Verified,True,8,0,,,
FC000885,Lamb foreshank,Verified,True,8,0,,,
FC000886,Lamb hind shank,Verified,False,7,0,cholesterol_mg_100g,,
FC000887,Lamb loin,Verified,False,7,0,cholesterol_mg_100g,,
FC000888,Lamb neck,Verified,False,7,0,cholesterol_mg_100g,,
FC000889,Lamb riblet,Verified,False,7,0,cholesterol_mg_100g,,
FC000890,Lamb roast/back,Verified,False,7,0,cholesterol_mg_100g,,
FC000891,Lamb shoulder,Verified,False,7,0,cholesterol_mg_100g,,
FC000892,"Pork intestine, large",Verified,False,7,0,cholesterol_mg_100g,,
FC000893,"Pork intestine, small",Verified,False,7,0,cholesterol_mg_100g,,
FC000894,"Pork intestine, small, bbq",Verified,True,8,0,,,
FC000895,Pork tongue,Verified,True,8,0,,,
FC000896,Quail meat,Verified,True,8,0,,,
FC000897,Turkey breast,Verified,False,7,0,cholesterol_mg_100g,,
FC000898,Turkey thigh,Verified,False,7,0,cholesterol_mg_100g,,
FC000899,Carabeef jerky,Verified,False,7,0,cholesterol_mg_100g,,
FC000900,Chicken liver spread,Verified,True,8,0,,,
FC000901,Chicken meat ball,Verified,False,5,0,fiber_g_100g;sugar_g_100g;sodium_mg_100g,,
FC000902,Chicken spread,Verified,True,8,0,,,
FC000903,Corned beef loaf,Verified,True,8,0,,,
FC000904,"Ham, chopped, cnd",Verified,True,8,0,,,
FC000905,"Ham, pork, sweet, chopped",Verified,True,8,0,,,
FC000906,"Liver pate, cnd",Verified,True,8,0,,,
FC000907,Liver spread,Verified,True,8,0,,,
FC000908,"Luncheon meat, pork & ham",Verified,True,8,0,,,
FC000909,"Luncheon meat, pork, Chinese style",Verified,True,8,0,,,
FC000910,"Pork crackling, internal organ",Verified,False,7,0,cholesterol_mg_100g,,
FC000911,"Clam, kabibi",Verified,True,8,0,,,
FC000912,"Clam, kanturi",Verified,True,8,0,,,
FC000913,"Clam, lukan",Verified,False,7,0,cholesterol_mg_100g,,
FC000914,"Clam, razor shell",Verified,True,8,0,,,
FC000915,"Clam, venus",Verified,True,8,0,,,
FC000916,"Climbing perch, common",Verified,False,7,0,cholesterol_mg_100g,,
FC000917,"Crevalle, deep-bellied",Verified,True,8,0,,,
FC000918,"Crevalle, even-bellied",Verified,True,8,0,,,
FC000919,"Eel, silver pike",Verified,False,7,0,cholesterol_mg_100g,,
FC000920,"Eel, swamp",Verified,False,7,0,cholesterol_mg_100g,,
FC000921,Fish roe,Verified,True,8,0,,,
FC000922,Flying fish,Verified,True,8,0,,,
FC000923,"Garfish, common",Verified,False,7,0,cholesterol_mg_100g,,
FC000924,"Gizzard shad, short-finned",Verified,False,7,0,cholesterol_mg_100g,,
FC000925,"Goatfish, ochrebanded",Verified,True,8,0,,,
FC000926,"Goby, flat-headed",Verified,True,8,0,,,
FC000927,"Goby, long-tailed",Verified,False,7,0,cholesterol_mg_100g,,
FC000928,Gouramy,Verified,False,7,0,cholesterol_mg_100g,,
FC000929,"Hair tail, largehead",Verified,False,7,0,cholesterol_mg_100g,,
FC000930,Hard-tail,Verified,False,7,0,cholesterol_mg_100g,,
FC000931,"Herring, big-eyed",Verified,False,7,0,cholesterol_mg_100g,,
FC000932,"Herring, deep-bodied",Verified,False,7,0,cholesterol_mg_100g,,
FC000933,"Lizard fish, common",Verified,True,8,0,,,
FC000934,"Moonfish, spotted",Verified,False,7,0,cholesterol_mg_100g,,
FC000935,"Mullet, black-finned",Verified,True,8,0,,,
FC000936,"Mullet, large-scaled",Verified,False,7,0,cholesterol_mg_100g,,
FC000937,"Bream, doublewhip threadfin",Verified,True,8,0,,,
FC000938,"Bream, humpnose big-eye",Verified,False,7,0,cholesterol_mg_100g,,
FC000939,"Seabream, goldsilk",Verified,False,7,0,cholesterol_mg_100g,,
FC000940,Sea cucumber,Verified,True,8,0,,,
FC000941,"Siganid, javan",Verified,False,7,0,cholesterol_mg_100g,,
FC000942,"Slipmouth, common",Verified,False,7,0,cholesterol_mg_100g,,
FC000943,"Snail, freshwater",Verified,True,8,0,,,
FC000944,"Snail, golden",Verified,True,8,0,,,
FC000945,"Whiting, common",Verified,True,8,0,,,
FC000946,"Cod, dried",Verified,True,8,0,,,
FC000947,"Mudfish/Murrel, striated, dried",Verified,False,6,0,sodium_mg_100g;cholesterol_mg_100g,,
FC000948,"Egg, quail, pickled",Verified,False,7,0,cholesterol_mg_100g,,
FC000949,"Milk, carabao",Verified,False,7,0,sugar_g_100g,,
FC000950,"Milk, goat",Verified,True,8,0,,,
FC000951,Yoghurt,Verified,True,8,0,,,
FC000952,Sandwich spread,Verified,True,8,0,,,
FC000953,"Chocolate, tablea",Verified,False,7,0,cholesterol_mg_100g,,
FC000954,Coco jam,Verified,True,8,0,,,
FC000955,Creme custard,Verified,True,8,0,,,
FC000956,"Fudge, milk",Verified,True,8,0,,,
FC000957,"Fudge, yam",Verified,True,8,0,,,
FC000958,Honey,Verified,True,8,0,,,
FC000959,Ice candy,Verified,False,7,0,cholesterol_mg_100g,,
FC000960,Ice drop,Verified,True,8,0,,,
FC000961,"Jam, mango, cnd",Verified,True,8,0,,,
FC000962,"Jam, pineapple",Verified,True,8,0,,,
FC000963,"Jam, yam",Verified,True,8,0,,,
FC000964,"Jelly, guava",Verified,True,8,0,,,
FC000965,"Jelly, strawberry",Verified,True,8,0,,,
FC000966,"Nata de coco, sweetn",Verified,True,8,0,,,
FC000967,Peanut brittle,Verified,True,8,0,,,
FC000968,Polvoron,Verified,True,8,0,,,
FC000969,"Sugar, brown",Verified,True,8,0,,,
FC000970,"Sugar, crude, pakaskas",Verified,False,7,0,sugar_g_100g,,
FC000971,"Sugar, crude, panocha",Verified,True,8,0,,,
FC000972,"Sugar, pwdr",Verified,True,8,0,,,
FC000973,"Sugar, white, refined",Verified,True,8,0,,,
FC000974,"Syrup, molasses, cane",Verified,False,7,0,sugar_g_100g,,
FC000975,"Tamarind, candied",Verified,False,7,0,fiber_g_100g,,
FC000976,"Sugar, coconut sap",Verified,True,8,0,,,
FC000977,"Syrup, coconut sap",Verified,True,8,0,,,
FC000978,"Bilimbi, dried",Verified,False,7,0,fiber_g_100g,,
FC000979,"Bouillon cube, beef",Verified,False,7,0,sugar_g_100g,,
FC000980,"Bouillon cube, chicken",Verified,True,8,0,,,
FC000981,"Clam paste, ginamos",Verified,False,7,0,cholesterol_mg_100g,,
FC000982,"Fish paste, balatohan",Verified,True,8,0,,,
FC000983,"Fish paste, ginamos",Verified,True,8,0,,,
FC000984,"Fish paste, siganid fry",Verified,True,8,0,,,
FC000985,Lemon grass lvs,Verified,False,7,0,sugar_g_100g,,
FC000986,"Lemon grass lvs, boiled",Verified,False,7,0,sugar_g_100g,,
FC000987,"Banana, flowers, dried",Verified,False,5,0,fiber_g_100g;sugar_g_100g;sodium_mg_100g,,
FC000988,Oyster paste,Verified,False,7,0,cholesterol_mg_100g,,
FC000989,"Safflower, flowers, dried",Verified,False,7,0,sugar_g_100g,,
FC000990,"Shrimp paste, bastos",Verified,False,7,0,cholesterol_mg_100g,,
FC000991,"Vinegar, palm",Verified,True,8,0,,,
FC000992,"Vinegar, pineapple",Verified,True,8,0,,,
FC000993,"Beer, lager type",Verified,True,8,0,,,
FC000994,"Palm sap, fermented",Verified,True,8,0,,,
FC000995,Rum,Verified,True,8,0,,,
FC000996,"Sugarcane, fermented",Verified,True,8,0,,,
FC000997,"Wine, Chinese",Verified,True,8,0,,,
FC000998,"chocolate-flavor drink, prepared",Verified,True,8,0,,,
FC000999,"chocolate-flavor drink, powder",Verified,True,8,0,,,
FC001000,"chocolate-flavor drink, UHT",Verified,True,8,0,,,
FC001001,"Cocoa, powder, local",Verified,True,8,0,,,
FC001002,"Fruit juice drink concentrate, calamansi",Verified,True,8,0,,,
FC001003,"Fruit juice drink concentrate, guyabano",Verified,True,8,0,,,
FC001004,"Fruit juice drink concentrate, mango",Verified,True,8,0,,,
FC001005,"Fruit juice drink concentrate, orange",Verified,True,8,0,,,
FC001006,"Juice, apple, canned",Verified,True,8,0,,,
FC001007,"Juice, calamansi (nectar)",Verified,True,8,0,,,
FC001008,"Juice, mango",Verified,True,8,0,,,
FC001009,"Juice, orange, unsweetened, canned",Verified,True,8,0,,,
FC001010,"Juice, pineapple, canned",Verified,True,8,0,,,
FC001011,"Juice, sugarcane",Verified,True,8,0,,,
FC001012,"Juice, tomato, canned",Verified,True,8,0,,,
FC001013,"Lemon tea drink, ttb",Verified,True,8,0,,,
FC001014,"Softdrink, cola",Verified,True,8,0,,,
FC001015,"Softdrink, orange flavor",Verified,True,8,0,,,
FC001016,Soybean milk drink,Verified,True,8,0,,,
FC001017,"Tea, prepared with  water, no sugar",Verified,True,8,0,,,
FC001018,Cheese pimiento sandwich,Verified,True,8,0,,,
FC001019,Glutinous rice w/ mung bean & cocomilk,Verified,True,8,0,,,
FC001020,Hamburger sandwich w/ coleslaw,Verified,False,6,0,fiber_g_100g;sugar_g_100g,,
FC001021,"Hamburger sandwich, reg",Verified,True,8,0,,,
FC001022,Meat pie,Verified,True,8,0,,,
FC001023,Meat roll,Verified,True,8,0,,,
FC001024,"Spaghetti, meat balls & tomato sce, cnd",Verified,True,8,0,,,
FC001025,"Spaghetti, Vienna sausage & tomato sce, cnd",Verified,True,8,0,,,
FC001026,Pineapple pie,Verified,False,7,0,fiber_g_100g,,
FC001027,Pizza pie,Verified,True,8,0,,,
FC001028,"Milk fish, w/ black beans, cnd",Verified,False,7,0,cholesterol_mg_100g,,
FC001029,"Spring roll, crab, unckd",Verified,True,8,0,,,
FC001030,"Spring roll, fish, unckd",Verified,True,8,0,,,
FC001031,"Spring roll, shrimp, unckd",Verified,True,8,0,,,
FC001032,"Beef callos, cnd",Verified,False,7,0,cholesterol_mg_100g,,
FC001033,"Beef curry, cnd",Verified,False,6,0,fiber_g_100g;cholesterol_mg_100g,,
FC001034,"Beef roll, mechado, cnd",Verified,False,7,0,cholesterol_mg_100g,,
FC001035,"Beef roll, morcon, cnd",Verified,False,7,0,cholesterol_mg_100g,,
FC001036,"Beef steak, cnd",Verified,False,7,0,cholesterol_mg_100g,,
FC001037,"Beef stew, cnd",Verified,True,8,0,,,
FC001038,"Chicken stew, cnd",Verified,True,8,0,,,
FC001039,"Duck meat, pato tim, cnd",Verified,False,7,0,cholesterol_mg_100g,,
FC001040,"Pork afritada, cnd",Verified,False,7,0,cholesterol_mg_100g,,
FC001041,"Pork humba, cnd",Verified,False,4,0,fiber_g_100g;sugar_g_100g;sodium_mg_100g;cholesterol_mg_100g,,
FC001042,"Pork leg, pinaksiw, cnd",Verified,False,7,0,cholesterol_mg_100g,,
FC001043,"Pork pastel, cnd",Verified,False,7,0,cholesterol_mg_100g,,
FC001044,"Pork, roasted, pinaksiw, cnd",Verified,False,7,0,cholesterol_mg_100g,,
FC001045,"Spring roll, beef, unckd",Verified,True,8,0,,,
FC001046,"Spring roll, chicken, unckd",Verified,True,8,0,,,
FC001047,"Soup, chicken noodle, cnd",Verified,True,8,0,,,
FC001048,"Fish, salmon, Atlantic, farmed, raw",Other source,True,0,8,,,
FC001049,"Fish, salmon, Atlantic, farmed, cooked, dry heat",Other source,True,0,8,,,
FC001050,"Fish, salmon, Atlantic, wild, raw",Other source,False,0,7,sugar_g_100g,,
FC001051,"Fish, salmon, Atlantic, wild, cooked, dry heat",Other source,False,0,7,sugar_g_100g,,
FC001052,"Fish, salmon, coho, wild, raw",Other source,True,0,8,,,
FC001053,"Fish, salmon, coho, wild, cooked, dry heat",Other source,True,0,8,,,
FC001054,"Fish, salmon, sockeye, raw",Other source,True,0,8,,,
FC001055,"Fish, salmon, sockeye, cooked, dry heat",Other source,True,0,8,,,
FC001056,"Fish, salmon, pink, raw",Other source,True,0,8,,,
FC001057,"Fish, salmon, pink, cooked, dry heat",Other source,True,0,8,,,
FC001058,"Fish, salmon, pink, canned, total can contents",Other source,True,0,8,,,
FC001059,"Fish, salmon, sockeye, canned, drained solids",Other source,True,0,8,,,
FC001060,"Fish, trout, rainbow, farmed, raw",Other source,True,0,8,,,
FC001061,"Fish, trout, rainbow, farmed, cooked, dry heat",Other source,True,0,8,,,
FC001062,"Fish, trout, rainbow, wild, raw",Other source,False,0,7,sugar_g_100g,,
FC001063,"Fish, trout, rainbow, wild, cooked, dry heat",Other source,False,0,7,sugar_g_100g,,
FC001064,"Fish, cod, Atlantic, raw",Other source,True,0,8,,,
FC001065,"Fish, cod, Atlantic, cooked, dry heat",Other source,True,0,8,,,
FC001066,"Fish, cod, Pacific, raw (may have been previously frozen)",Other source,True,0,8,,,
FC001067,"Fish, cod, Pacific, cooked",Other source,False,0,6,fiber_g_100g;sugar_g_100g,,
FC001068,"Fish, haddock, raw",Other source,True,0,8,,,
FC001069,"Fish, haddock, cooked, dry heat",Other source,True,0,8,,,
FC001070,"Fish, haddock, smoked",Other source,True,0,8,,,
FC001071,"Fish, pollock, Alaska, raw",Other source,False,0,6,fiber_g_100g;sugar_g_100g,,
FC001072,"Fish, pollock, Alaska, cooked",Other source,False,0,6,fiber_g_100g;sugar_g_100g,,
FC001073,"Fish, halibut, Atlantic and Pacific, raw",Other source,True,0,8,,,
FC001074,"Fish, halibut, Atlantic and Pacific, cooked, dry heat",Other source,True,0,8,,,
FC001075,"Mollusks, scallop, mixed species, raw",Other source,True,0,8,,,
FC001076,"Mollusks, scallop, (bay and sea), cooked, steamed",Other source,True,0,8,,,
FC001077,"Mollusks, scallop, mixed species, cooked, breaded and fried",Other source,False,0,6,fiber_g_100g;sugar_g_100g,,
FC001078,"Crustaceans, lobster, northern, raw",Other source,True,0,8,,,
FC001079,"Crustaceans, lobster, northern, cooked, moist heat",Other source,True,0,8,,,
FC001080,"Broccoli, raw",Other source,True,0,8,,,
FC001081,"Broccoli, cooked, boiled, drained, without salt",Other source,True,0,8,,,
FC001082,"Broccoli, frozen, chopped, cooked, boiled, drained, without salt",Other source,True,0,8,,,
FC001083,"Broccoli, chinese, raw",Other source,True,0,8,,,
FC001084,"Spinach, raw",Other source,True,0,8,,,
FC001085,"Spinach, cooked, boiled, drained, without salt",Other source,True,0,8,,,
FC001086,"Spinach, frozen, chopped or leaf, cooked, boiled, drained, without salt",Other source,True,0,8,,,
FC001087,"Brussels sprouts, raw",Other source,True,0,8,,,
FC001088,"Brussels sprouts, cooked, boiled, drained, without salt",Other source,True,0,8,,,
FC001089,"Brussels sprouts, frozen, cooked, boiled, drained, without salt",Other source,True,0,8,,,
FC001090,"Artichokes, (globe or french), raw",Other source,True,0,8,,,
FC001091,"Artichokes, (globe or french), cooked, boiled, drained, without salt",Other source,True,0,8,,,
FC001092,"Artichokes, (globe or french), frozen, cooked, boiled, drained, without salt",Other source,True,0,8,,,
FC001093,"Asparagus, raw",Other source,True,0,8,,,
FC001094,"Asparagus, cooked, boiled, drained",Other source,True,0,8,,,
FC001095,"Asparagus, frozen, cooked, boiled, drained, without salt",Other source,True,0,8,,,
FC001096,"Arugula, raw",Other source,True,0,8,,,
FC001097,"Leeks, (bulb and lower leaf-portion), raw",Other source,True,0,8,,,
FC001098,"Leeks, (bulb and lower leaf-portion), cooked, boiled, drained, without salt",Other source,True,0,8,,,
FC001099,"Fennel, bulb, raw",Other source,True,0,8,,,
FC001100,"Blueberries, raw",Other source,True,0,8,,,
FC001101,"Blueberries, frozen, unsweetened (Includes foods for USDA's Food Distribution Program)",Other source,True,0,8,,,
FC001102,"Raspberries, raw",Other source,True,0,8,,,
FC001103,"Raspberries, frozen, red, unsweetened",Other source,True,0,8,,,
FC001104,"Blackberries, raw",Other source,True,0,8,,,
FC001105,"Blackberries, frozen, unsweetened",Other source,True,0,8,,,
FC001106,"Cranberries, raw",Other source,True,0,8,,,
FC001107,"Cranberries, dried, sweetened (Includes foods for USDA's Food Distribution Program)",Other source,True,0,8,,,
FC001108,"Apricots, raw",Other source,True,0,8,,,
FC001109,"Apricots, dried, sulfured, uncooked",Other source,True,0,8,,,
FC001110,"Kiwifruit, green, raw",Other source,True,0,8,,,
FC001111,"Grapefruit, raw, pink and red, all areas",Other source,True,0,8,,,
FC001112,"Grapefruit, raw, white, all areas",Other source,True,0,8,,,
FC001113,"Cherries, sweet, raw",Other source,True,0,8,,,
FC001114,"Cherries, sour, red, raw",Other source,True,0,8,,,
FC001115,"Plums, raw",Other source,True,0,8,,,
FC001116,"Quinoa, uncooked",Other source,False,0,7,sugar_g_100g,,
FC001117,"Quinoa, cooked",Other source,True,0,8,,,
FC001118,"Bulgur, dry",Other source,True,0,8,,,
FC001119,"Bulgur, cooked",Other source,True,0,8,,,
FC001120,"Couscous, dry",Other source,False,0,7,sugar_g_100g,,
FC001121,"Couscous, cooked",Other source,True,0,8,,,
FC001122,"Barley, pearled, raw",Other source,True,0,8,,,
FC001123,"Barley, pearled, cooked",Other source,True,0,8,,,
FC001124,"Lentils, raw",Other source,True,0,8,,,
FC001125,"Lentils, mature seeds, cooked, boiled, without salt",Other source,True,0,8,,,
FC001126,"Lentils, pink or red, raw",Other source,False,0,7,sugar_g_100g,,
FC001127,"Nuts, almonds",Other source,True,0,8,,,
FC001128,"Nuts, almonds, dry roasted, without salt added",Other source,True,0,8,,,
FC001129,"Nuts, almonds, blanched",Other source,True,0,8,,,
FC001130,"Nuts, walnuts, black, dried",Other source,True,0,8,,,
FC001131,"Nuts, walnuts, english",Other source,True,0,8,,,
FC001132,"Nuts, pistachio nuts, raw",Other source,True,0,8,,,
FC001133,"Nuts, pistachio nuts, dry roasted, without salt added",Other source,True,0,8,,,
FC001134,"Nuts, pecans",Other source,True,0,8,,,
FC001135,"Nuts, pecans, dry roasted, without salt added",Other source,True,0,8,,,
FC001136,"Nuts, hazelnuts or filberts",Other source,True,0,8,,,
FC001137,"Nuts, hazelnuts or filberts, dry roasted, without salt added",Other source,True,0,8,,,
FC001138,"Seeds, chia seeds, dried",Other source,False,0,7,sugar_g_100g,,
FC001139,"Seeds, flaxseed",Other source,True,0,8,,,
FC001140,"Broccoli, flower clusters, raw",Other source,True,0,8,,,
FC001141,"Broccoli, stalks, raw",Other source,False,0,6,fiber_g_100g;sugar_g_100g,,
FC001142,"Broccoli, cooked, boiled, drained, with salt",Other source,True,0,8,,,
FC001143,"Brussels sprouts, cooked, boiled, drained, with salt",Other source,True,0,8,,,
FC001144,"Cherries, sweet, canned, water pack, solids and liquids",Other source,True,0,8,,,
FC001145,"Cherries, sour, red, canned, water pack, solids and liquids",Other source,True,0,8,,,
FC001146,"Broccoli, frozen, chopped, unprepared",Other source,True,0,8,,,
FC001147,"Asparagus, frozen, unprepared",Other source,False,0,7,sugar_g_100g,,
FC001148,"Ceylon moss/Agar-agar, in light syrup",Verified,True,8,0,,,
FC001149,"chocolate-flavor energy drink, granules, fortified",Verified,True,8,0,,,
FC001150,"chocolate-flavor energy drink, powder, fortified",Verified,False,7,0,sugar_g_100g,,
FC001151,"chocolate-flavor food milk, powder",Verified,False,7,0,sugar_g_100g,,
FC001152,"Fruit juice drink concentrate, grape",Verified,True,8,0,,,
FC001153,"Fruit juice drink concentrate, grapefruit",Verified,True,8,0,,,
FC001154,"Fruit juice drink, apple, ttb",Verified,True,8,0,,,
FC001155,"Fruit juice drink, citrus cooler, ttb",Verified,True,8,0,,,
FC001156,"Fruit juice drink, grape, ttpk",Verified,True,8,0,,,
FC001157,"Fruit juice drink, guava, ttpk",Verified,True,8,0,,,
FC001158,"Fruit juice drink, guyabano, bottled",Verified,True,8,0,,,
FC001159,"Fruit juice drink, mango, bottled",Verified,True,8,0,,,
FC001160,"Fruit juice drink, mango, polyfoil",Verified,True,8,0,,,
FC001161,"Fruit juice drink, mango, ttb",Verified,True,8,0,,,
FC001162,"Fruit juice drink, orange & pineapple, ttb",Verified,True,8,0,,,
FC001163,"Fruit juice drink, orange, bottled",Verified,True,8,0,,,
FC001164,"Fruit juice drink, orange, polyfoil",Verified,True,8,0,,,
FC001165,"Fruit juice drink, orange, ttb",Verified,True,8,0,,,
FC001166,"Fruit juice drink, pineapple & lychee, ttb",Verified,False,5,0,fiber_g_100g;sugar_g_100g;sodium_mg_100g,,
FC001167,"Fruit juice drink, pineapple & orange, canned",Verified,True,8,0,,,
FC001168,"Fruit juice drink, pineapple, ttb",Verified,True,8,0,,,
FC001169,"Fruit juice drink, strawberry, polyfoil",Verified,True,8,0,,,
FC001170,"Fruit juice drink, sugarcane, ttb",Verified,True,8,0,,,
FC001171,"Fruit-flavor drink concentrate, orange",Verified,True,8,0,,,
FC001172,"Fruit-flavor drink concentrate, strawberry",Verified,True,8,0,,,
FC001173,"Fruit-flavor drink, powder, orange",Verified,True,8,0,,,
FC001174,"Juice, pineapple & grapefruit, canned",Verified,False,7,0,sugar_g_100g,,
FC001175,Sago in light syrup,Verified,True,8,0,,,
FC001176,"Soy drink, powder, plain",Verified,True,8,0,,,
FC001177,"Soy drink, powder, corn flavor",Verified,True,8,0,,,
FC001178,"Soy drink, powder, pandan flavor",Verified,True,8,0,,,
FC001179,"Soybean milk drink, chocolate-flavor",Verified,True,8,0,,,
FC001180,"Tea leaves, dried",Verified,True,8,0,,,
FC001181,Young coconut (shredded) drink,Verified,True,8,0,,,
FC001182,"Ampaw, pinipig",Verified,False,7,0,sugar_g_100g,,
FC001183,"Ampaw, rice",Verified,False,7,0,sugar_g_100g,,
FC001184,"Cake, cream-filled roll",Verified,True,8,0,,,
FC001185,"Cake, jelly roll",Verified,False,7,0,cholesterol_mg_100g,,
FC001186,"Cake, mocha roll",Verified,True,8,0,,,
FC001187,"Chips, cheese flvr",Verified,True,8,0,,,
FC001188,"Chips, corn, bbq flvr",Verified,True,8,0,,,
FC001189,"Chips, corn, nacho cheese flvr",Verified,True,8,0,,,
FC001190,"Chips, fish crackers",Verified,False,7,0,cholesterol_mg_100g,,
FC001191,"Chips, fish kroepeck",Verified,False,7,0,cholesterol_mg_100g,,
FC001192,"Chips, prawn crackers",Verified,True,8,0,,,
FC001193,"Chips, shrimp crackers",Verified,True,8,0,,,
FC001194,"Chips, squid crackers",Verified,False,7,0,cholesterol_mg_100g,,
FC001195,"Cookies, sandwich type, choc-filled",Verified,True,8,0,,,
FC001196,"Cookies, sandwich type, cream-filled",Verified,True,8,0,,,
FC001197,"Cookies, wafer",Verified,True,8,0,,,
FC001198,"Corn pudding, w/ grtd coconut topping",Verified,True,8,0,,,
FC001199,"Corn pudding, maja, yellow w/ grtd coconut topping",Verified,True,8,0,,,
FC001200,"Curls, cheese flvr",Verified,True,8,0,,,
FC001201,"Noodles, wheat, inst, w/ flvr, fortified",Verified,True,8,0,,,
FC001202,"Popcorn and peanuts, sweetn",Verified,True,8,0,,,
FC001203,"Pretzel, choc-coated",Verified,True,8,0,,,
FC001204,"Rice-bread prep, toasted, puto seko, w/ grtd coconut",Verified,False,7,0,cholesterol_mg_100g,,
FC001205,"Candy bar, peanut",Verified,True,8,0,,,
FC001206,"Candy, custard",Verified,True,8,0,,,
FC001207,"Candy, hard",Verified,True,8,0,,,
FC001208,"Candy, milk choc",Verified,True,8,0,,,
FC001209,"Candy, toffee",Verified,True,8,0,,,
FC001210,Champoy,Verified,False,4,0,fiber_g_100g;sugar_g_100g;sodium_mg_100g;cholesterol_mg_100g,,
FC001211,Marshmallow,Verified,True,8,0,,,
FC001212,Peanut brittle w/ sesame seed,Verified,True,8,0,,,
FC001213,"Peanut, milk choc-coated",Verified,True,8,0,,,
FC001214,"Popsicle, choc flvr",Verified,True,8,0,,,
FC001215,Worcestershire sauce,Verified,True,8,0,,,
FC001216,"Shrimp paste, sauteed",Verified,True,8,0,,,
FC001217,"Beef & tomato spread, cnd",Verified,False,4,0,fiber_g_100g;sugar_g_100g;sodium_mg_100g;cholesterol_mg_100g,,
FC001218,"Beef hamburger w/ tomato sce, cnd",Verified,False,7,0,cholesterol_mg_100g,,
FC001219,"Beef w/ mushroom sce, cnd",Verified,False,6,0,sugar_g_100g;cholesterol_mg_100g,,
FC001220,"Beef, chili con carne, cnd",Verified,False,7,0,fiber_g_100g,,
FC001221,"Corned beef hash, cnd",Verified,True,8,0,,,
FC001222,"Chicken noodle broth, inst",Verified,True,8,0,,,
FC001223,"Soup, beef & veg, cnd",Verified,True,8,0,,,
FC001224,"Soup, chicken & asparagus, cnd",Verified,True,8,0,,,
FC001225,"Soup, chicken & veg, cnd",Verified,True,8,0,,,
FC001226,"Soup, cream of mushroom, cnd",Verified,True,8,0,,,
FC001227,"Soup, pansit molo, cond, cnd",Verified,False,7,0,cholesterol_mg_100g,,
FC001228,"Soup, sotanghon, cond",Verified,False,7,0,cholesterol_mg_100g,,
FC001229,"Pork ball, wrapped",Verified,True,8,0,,,
FC001230,"Beverages, coffee, brewed, prepared with tap water, decaffeinated",Other source,True,0,8,,,
FC001231,"Beverages, coffee, brewed, prepared with tap water",Other source,True,0,8,,,
FC001232,"Beverages, coffee, brewed, espresso, restaurant-prepared",Other source,True,0,8,,,
FC001233,"Beverages, coffee, instant, regular, prepared with water",Other source,True,0,8,,,
FC001234,"Beverages, coffee, brewed, espresso, restaurant-prepared, decaffeinated",Other source,True,0,8,,,
FC001235,"Beverages, coffee, ready to drink, iced, mocha, milk based",Other source,True,0,8,,,
FC001236,"Beverages, coffee, ready to drink, milk based, sweetened",Other source,True,0,8,,,
FC001237,"Beverages, water, tap, drinking",Other source,True,0,8,,,
FC001238,"Water, bottled, generic",Other source,True,0,8,,,
FC001239,"Beverages, almond milk, unsweetened, shelf stable",Other source,True,0,8,,,
FC001240,"Beverages, almond milk, sweetened, vanilla flavor, ready-to-drink",Other source,True,0,8,,,
FC001241,"Beverages, coconut milk, sweetened, fortified with calcium, vitamins A, B12, D2",Other source,True,0,8,,,
FC001242,"Beverages, Coconut water, ready-to-drink, unsweetened",Other source,True,0,8,,,
FC001243,"Milk, nonfat, fluid, with added vitamin A and vitamin D (fat free or skim)",Unavailable,False,0,0,kcal_100g;protein_g_100g;carbs_g_100g;fat_g_100g;fiber_g_100g;sugar_g_100g;sodium_mg_100g;cholesterol_mg_100g,,
FC001244,"Milk, reduced fat, fluid, 2% milkfat, with added vitamin A and vitamin D",Unavailable,False,0,0,kcal_100g;protein_g_100g;carbs_g_100g;fat_g_100g;fiber_g_100g;sugar_g_100g;sodium_mg_100g;cholesterol_mg_100g,,
FC001245,"Milk, lowfat, fluid, 1% milkfat, with added vitamin A and vitamin D",Unavailable,False,0,0,kcal_100g;protein_g_100g;carbs_g_100g;fat_g_100g;fiber_g_100g;sugar_g_100g;sodium_mg_100g;cholesterol_mg_100g,,
FC001246,"Yogurt, Greek, plain, nonfat (Includes foods for USDA's Food Distribution Program)",Other source,True,0,8,,,
FC001247,"Yogurt, Greek, plain, lowfat",Other source,True,0,8,,,
FC001248,"Yogurt, Greek, plain, whole milk",Other source,True,0,8,,,
FC001249,"Yogurt, plain, whole milk",Other source,True,0,8,,,
FC001250,"Beverages, carbonated, tonic water",Other source,True,0,8,,,
FC001251,"Beverages, carbonated, club soda",Other source,True,0,8,,,
FC001252,"Beverages, carbonated, ginger ale",Unavailable,False,0,0,kcal_100g;protein_g_100g;carbs_g_100g;fat_g_100g;fiber_g_100g;sugar_g_100g;sodium_mg_100g;cholesterol_mg_100g,,
FC001253,"Beverages, carbonated, low calorie, cola or pepper-type, with aspartame, contains caffeine",Other source,True,0,8,,,
FC001254,"Beverages, carbonated, low calorie, cola or pepper-type, with aspartame, without caffeine",Other source,True,0,8,,,
FC001255,"Beverages, carbonated, cola, without caffeine",Other source,True,0,8,,,
FC001256,"Beverages, carbonated, reduced sugar, cola, contains caffeine and sweeteners",Other source,True,0,8,,,
FC001257,"Beverages, tea, Oolong, brewed",Other source,True,0,8,,,
FC001258,"Beverages, tea, herb, brewed, chamomile",Other source,True,0,8,,,
FC001259,"Beverages, tea, black, brewed, prepared with tap water, decaffeinated",Other source,True,0,8,,,
FC001260,"Adobong manok, white meat (recipe estimate)",Unavailable,False,0,0,kcal_100g;protein_g_100g;carbs_g_100g;fat_g_100g;fiber_g_100g;sugar_g_100g;sodium_mg_100g;cholesterol_mg_100g,EST_PH_DISH_001_V1,
FC001261,"Adobong baboy, pork belly (recipe estimate)",Unavailable,False,0,0,kcal_100g;protein_g_100g;carbs_g_100g;fat_g_100g;fiber_g_100g;sugar_g_100g;sodium_mg_100g;cholesterol_mg_100g,EST_PH_DISH_002_V1,
FC001262,"Adobong baboy, lean shoulder (recipe estimate)",Unavailable,False,0,0,kcal_100g;protein_g_100g;carbs_g_100g;fat_g_100g;fiber_g_100g;sugar_g_100g;sodium_mg_100g;cholesterol_mg_100g,EST_PH_DISH_003_V1,
FC001263,"Adobong manok at baboy, white meat and belly (recipe estimate)",Unavailable,False,0,0,kcal_100g;protein_g_100g;carbs_g_100g;fat_g_100g;fiber_g_100g;sugar_g_100g;sodium_mg_100g;cholesterol_mg_100g,EST_PH_DISH_004_V1,
FC001264,"Adobong pusit, no ink (recipe estimate)",Unavailable,False,0,0,kcal_100g;protein_g_100g;carbs_g_100g;fat_g_100g;fiber_g_100g;sugar_g_100g;sodium_mg_100g;cholesterol_mg_100g,EST_PH_DISH_005_V1,
FC001265,"Adobong kangkong, leaves (recipe estimate)",Unavailable,False,0,0,kcal_100g;protein_g_100g;carbs_g_100g;fat_g_100g;fiber_g_100g;sugar_g_100g;sodium_mg_100g;cholesterol_mg_100g,EST_PH_DISH_006_V1,
FC001266,"Adobong sitaw, with lean pork (recipe estimate)",Unavailable,False,0,0,kcal_100g;protein_g_100g;carbs_g_100g;fat_g_100g;fiber_g_100g;sugar_g_100g;sodium_mg_100g;cholesterol_mg_100g,EST_PH_DISH_007_V1,
FC001267,"Tinolang manok, white meat, sayote and malunggay (recipe estimate)",Unavailable,False,0,0,kcal_100g;protein_g_100g;carbs_g_100g;fat_g_100g;fiber_g_100g;sugar_g_100g;sodium_mg_100g;cholesterol_mg_100g,EST_PH_DISH_008_V1,
FC001268,"Tinolang manok, white meat, sayote, no added oil (recipe estimate)",Unavailable,False,0,0,kcal_100g;protein_g_100g;carbs_g_100g;fat_g_100g;fiber_g_100g;sugar_g_100g;sodium_mg_100g;cholesterol_mg_100g,EST_PH_DISH_009_V1,
FC001269,"Sinigang na baboy, belly, tamarind and vegetables (recipe estimate)",Unavailable,False,0,0,kcal_100g;protein_g_100g;carbs_g_100g;fat_g_100g;fiber_g_100g;sugar_g_100g;sodium_mg_100g;cholesterol_mg_100g,EST_PH_DISH_010_V1,
FC001270,"Sinigang na baboy, lean shoulder, tamarind and vegetables (recipe estimate)",Unavailable,False,0,0,kcal_100g;protein_g_100g;carbs_g_100g;fat_g_100g;fiber_g_100g;sugar_g_100g;sodium_mg_100g;cholesterol_mg_100g,EST_PH_DISH_011_V1,
FC001271,"Sinigang na hipon, peeled shrimp and tamarind (recipe estimate)",Unavailable,False,0,0,kcal_100g;protein_g_100g;carbs_g_100g;fat_g_100g;fiber_g_100g;sugar_g_100g;sodium_mg_100g;cholesterol_mg_100g,EST_PH_DISH_012_V1,
FC001272,"Nilagang baka, shank, cabbage and potato (recipe estimate)",Unavailable,False,0,0,kcal_100g;protein_g_100g;carbs_g_100g;fat_g_100g;fiber_g_100g;sugar_g_100g;sodium_mg_100g;cholesterol_mg_100g,EST_PH_DISH_013_V1,
FC001273,"Nilagang baboy, lean shoulder and pechay (recipe estimate)",Unavailable,False,0,0,kcal_100g;protein_g_100g;carbs_g_100g;fat_g_100g;fiber_g_100g;sugar_g_100g;sodium_mg_100g;cholesterol_mg_100g,EST_PH_DISH_014_V1,
FC001274,"Ginisang monggo, malunggay, no meat (recipe estimate)",Unavailable,False,0,0,kcal_100g;protein_g_100g;carbs_g_100g;fat_g_100g;fiber_g_100g;sugar_g_100g;sodium_mg_100g;cholesterol_mg_100g,EST_PH_DISH_015_V1,
FC001275,"Ginisang monggo, pork belly and malunggay (recipe estimate)",Unavailable,False,0,0,kcal_100g;protein_g_100g;carbs_g_100g;fat_g_100g;fiber_g_100g;sugar_g_100g;sodium_mg_100g;cholesterol_mg_100g,EST_PH_DISH_016_V1,
FC001276,"Ginisang monggo, peeled shrimp and malunggay (recipe estimate)",Unavailable,False,0,0,kcal_100g;protein_g_100g;carbs_g_100g;fat_g_100g;fiber_g_100g;sugar_g_100g;sodium_mg_100g;cholesterol_mg_100g,EST_PH_DISH_017_V1,
FC001277,"Ginisang monggo, canned sardines in tomato sauce (recipe estimate)",Unavailable,False,0,0,kcal_100g;protein_g_100g;carbs_g_100g;fat_g_100g;fiber_g_100g;sugar_g_100g;sodium_mg_100g;cholesterol_mg_100g,EST_PH_DISH_018_V1,
FC001278,"Pinakbet, shrimp paste, no pork (recipe estimate)",Unavailable,False,0,0,kcal_100g;protein_g_100g;carbs_g_100g;fat_g_100g;fiber_g_100g;sugar_g_100g;sodium_mg_100g;cholesterol_mg_100g,EST_PH_DISH_019_V1,
FC001279,"Pinakbet, pork belly and shrimp paste (recipe estimate)",Unavailable,False,0,0,kcal_100g;protein_g_100g;carbs_g_100g;fat_g_100g;fiber_g_100g;sugar_g_100g;sodium_mg_100g;cholesterol_mg_100g,EST_PH_DISH_020_V1,
FC001280,"Ginataang kalabasa at sitaw, no meat (recipe estimate)",Unavailable,False,0,0,kcal_100g;protein_g_100g;carbs_g_100g;fat_g_100g;fiber_g_100g;sugar_g_100g;sodium_mg_100g;cholesterol_mg_100g,EST_PH_DISH_021_V1,
FC001281,"Ginataang kalabasa at sitaw, peeled shrimp (recipe estimate)",Unavailable,False,0,0,kcal_100g;protein_g_100g;carbs_g_100g;fat_g_100g;fiber_g_100g;sugar_g_100g;sodium_mg_100g;cholesterol_mg_100g,EST_PH_DISH_022_V1,
FC001282,"Laing, boiled taro leaves and coconut milk, no meat (recipe estimate)",Unavailable,False,0,0,kcal_100g;protein_g_100g;carbs_g_100g;fat_g_100g;fiber_g_100g;sugar_g_100g;sodium_mg_100g;cholesterol_mg_100g,EST_PH_DISH_023_V1,
FC001283,"Laing, boiled taro leaves, pork belly and coconut milk (recipe estimate)",Unavailable,False,0,0,kcal_100g;protein_g_100g;carbs_g_100g;fat_g_100g;fiber_g_100g;sugar_g_100g;sodium_mg_100g;cholesterol_mg_100g,EST_PH_DISH_024_V1,
FC001284,"Ginisang sayote, white chicken meat (recipe estimate)",Unavailable,False,0,0,kcal_100g;protein_g_100g;carbs_g_100g;fat_g_100g;fiber_g_100g;sugar_g_100g;sodium_mg_100g;cholesterol_mg_100g,EST_PH_DISH_025_V1,
FC001285,"Ginisang sayote, egg (recipe estimate)",Unavailable,False,0,0,kcal_100g;protein_g_100g;carbs_g_100g;fat_g_100g;fiber_g_100g;sugar_g_100g;sodium_mg_100g;cholesterol_mg_100g,EST_PH_DISH_026_V1,
FC001286,"Ginisang ampalaya, egg and tomato (recipe estimate)",Unavailable,False,0,0,kcal_100g;protein_g_100g;carbs_g_100g;fat_g_100g;fiber_g_100g;sugar_g_100g;sodium_mg_100g;cholesterol_mg_100g,EST_PH_DISH_027_V1,
FC001287,"Ginisang upo, peeled shrimp (recipe estimate)",Unavailable,False,0,0,kcal_100g;protein_g_100g;carbs_g_100g;fat_g_100g;fiber_g_100g;sugar_g_100g;sodium_mg_100g;cholesterol_mg_100g,EST_PH_DISH_028_V1,
FC001288,"Ginisang pechay, tofu (recipe estimate)",Unavailable,False,0,0,kcal_100g;protein_g_100g;carbs_g_100g;fat_g_100g;fiber_g_100g;sugar_g_100g;sodium_mg_100g;cholesterol_mg_100g,EST_PH_DISH_029_V1,
FC001289,"Tortang talong, egg, no meat (recipe estimate)",Unavailable,False,0,0,kcal_100g;protein_g_100g;carbs_g_100g;fat_g_100g;fiber_g_100g;sugar_g_100g;sodium_mg_100g;cholesterol_mg_100g,EST_PH_DISH_030_V1,
FC001290,"Tortang talong, ground pork and egg (recipe estimate)",Unavailable,False,0,0,kcal_100g;protein_g_100g;carbs_g_100g;fat_g_100g;fiber_g_100g;sugar_g_100g;sodium_mg_100g;cholesterol_mg_100g,EST_PH_DISH_031_V1,
FC001291,"Giniling na baka, 90 percent lean beef, tomato and potato (recipe estimate)",Unavailable,False,0,0,kcal_100g;protein_g_100g;carbs_g_100g;fat_g_100g;fiber_g_100g;sugar_g_100g;sodium_mg_100g;cholesterol_mg_100g,EST_PH_DISH_032_V1,
FC001292,"Giniling na baboy, tomato and potato (recipe estimate)",Unavailable,False,0,0,kcal_100g;protein_g_100g;carbs_g_100g;fat_g_100g;fiber_g_100g;sugar_g_100g;sodium_mg_100g;cholesterol_mg_100g,EST_PH_DISH_033_V1,
FC001293,"Menudong baboy, lean shoulder and liver (recipe estimate)",Unavailable,False,0,0,kcal_100g;protein_g_100g;carbs_g_100g;fat_g_100g;fiber_g_100g;sugar_g_100g;sodium_mg_100g;cholesterol_mg_100g,EST_PH_DISH_034_V1,
FC001294,"Afritadang manok, white meat (recipe estimate)",Unavailable,False,0,0,kcal_100g;protein_g_100g;carbs_g_100g;fat_g_100g;fiber_g_100g;sugar_g_100g;sodium_mg_100g;cholesterol_mg_100g,EST_PH_DISH_035_V1,
FC001295,"Afritadang baboy, lean shoulder (recipe estimate)",Unavailable,False,0,0,kcal_100g;protein_g_100g;carbs_g_100g;fat_g_100g;fiber_g_100g;sugar_g_100g;sodium_mg_100g;cholesterol_mg_100g,EST_PH_DISH_036_V1,
FC001296,"Mechadong baka, lean chuck, unlarded (recipe estimate)",Unavailable,False,0,0,kcal_100g;protein_g_100g;carbs_g_100g;fat_g_100g;fiber_g_100g;sugar_g_100g;sodium_mg_100g;cholesterol_mg_100g,EST_PH_DISH_037_V1,
FC001297,"Kalderetang baka, lean chuck, pork liver and cheese (recipe estimate)",Unavailable,False,0,0,kcal_100g;protein_g_100g;carbs_g_100g;fat_g_100g;fiber_g_100g;sugar_g_100g;sodium_mg_100g;cholesterol_mg_100g,EST_PH_DISH_038_V1,
FC001298,"Kare-kare, lean beef and tripe, peanut, no bagoong on side (recipe estimate)",Unavailable,False,0,0,kcal_100g;protein_g_100g;carbs_g_100g;fat_g_100g;fiber_g_100g;sugar_g_100g;sodium_mg_100g;cholesterol_mg_100g,EST_PH_DISH_039_V1,
FC001299,"Bicol Express, pork belly, coconut milk and shrimp paste (recipe estimate)",Unavailable,False,0,0,kcal_100g;protein_g_100g;carbs_g_100g;fat_g_100g;fiber_g_100g;sugar_g_100g;sodium_mg_100g;cholesterol_mg_100g,EST_PH_DISH_040_V1,
FC001300,"Pancit bihon, white chicken meat and vegetables (recipe estimate)",Unavailable,False,0,0,kcal_100g;protein_g_100g;carbs_g_100g;fat_g_100g;fiber_g_100g;sugar_g_100g;sodium_mg_100g;cholesterol_mg_100g,EST_PH_DISH_041_V1,
FC001301,"Pancit bihon, peeled shrimp and vegetables (recipe estimate)",Unavailable,False,0,0,kcal_100g;protein_g_100g;carbs_g_100g;fat_g_100g;fiber_g_100g;sugar_g_100g;sodium_mg_100g;cholesterol_mg_100g,EST_PH_DISH_042_V1,
FC001302,"Pancit sotanghon, white chicken meat and vegetables (recipe estimate)",Unavailable,False,0,0,kcal_100g;protein_g_100g;carbs_g_100g;fat_g_100g;fiber_g_100g;sugar_g_100g;sodium_mg_100g;cholesterol_mg_100g,EST_PH_DISH_043_V1,
FC001303,"Pancit miki, lean pork and vegetables (recipe estimate)",Unavailable,False,0,0,kcal_100g;protein_g_100g;carbs_g_100g;fat_g_100g;fiber_g_100g;sugar_g_100g;sodium_mg_100g;cholesterol_mg_100g,EST_PH_DISH_044_V1,
FC001304,"Arroz caldo, white chicken meat and ginger (recipe estimate)",Unavailable,False,0,0,kcal_100g;protein_g_100g;carbs_g_100g;fat_g_100g;fiber_g_100g;sugar_g_100g;sodium_mg_100g;cholesterol_mg_100g,EST_PH_DISH_045_V1,
FC001305,"Goto, beef tripe and ginger (recipe estimate)",Unavailable,False,0,0,kcal_100g;protein_g_100g;carbs_g_100g;fat_g_100g;fiber_g_100g;sugar_g_100g;sodium_mg_100g;cholesterol_mg_100g,EST_PH_DISH_046_V1,
FC001306,"Lugaw, plain rice, ginger, no meat (recipe estimate)",Unavailable,False,0,0,kcal_100g;protein_g_100g;carbs_g_100g;fat_g_100g;fiber_g_100g;sugar_g_100g;sodium_mg_100g;cholesterol_mg_100g,EST_PH_DISH_047_V1,
FC001307,"Tokwat baboy, tofu and lean pork, vinegar soy dressing (recipe estimate)",Unavailable,False,0,0,kcal_100g;protein_g_100g;carbs_g_100g;fat_g_100g;fiber_g_100g;sugar_g_100g;sodium_mg_100g;cholesterol_mg_100g,EST_PH_DISH_048_V1,
FC001308,"Bangsilog, broiled bangus, fried rice and egg (recipe estimate)",Unavailable,False,0,0,kcal_100g;protein_g_100g;carbs_g_100g;fat_g_100g;fiber_g_100g;sugar_g_100g;sodium_mg_100g;cholesterol_mg_100g,EST_PH_DISH_049_V1,
FC001309,"Chicksilog, fried white chicken, fried rice and egg (recipe estimate)",Unavailable,False,0,0,kcal_100g;protein_g_100g;carbs_g_100g;fat_g_100g;fiber_g_100g;sugar_g_100g;sodium_mg_100g;cholesterol_mg_100g,EST_PH_DISH_050_V1,
FC001310,"Millet, glutinous",Verified,True,8,0,,,
FC001311,Sorghum,Verified,True,8,0,,,
FC001312,"Sorghum, boiled",Verified,True,8,0,,,
FC001313,Bunuelos,Verified,True,8,0,,,
FC001314,"Cake, marshmallow roll",Verified,True,8,0,,,
FC001315,"Cake, pineapple roll",Verified,True,8,0,,,
FC001316,"Chips, corn, natural flvr",Verified,True,8,0,,,
FC001317,"Chips, corn-potato based, cheese flvr",Verified,True,8,0,,,
FC001318,"Chips, corn, taco & bbq flvr",Verified,True,8,0,,,
FC001319,"Chips, corn, taco flvr",Verified,True,8,0,,,
FC001320,"Chips, prawn crackers, flvrd",Verified,True,8,0,,,
FC001321,"Chips, shrimp kroepeck",Verified,True,8,0,,,
FC001322,"Chips, sticks, onion flvr",Verified,True,8,0,,,
FC001323,"Chips, tortilla, bbq flvr",Verified,True,8,0,,,
FC001324,"Chips, tortilla, nacho cheese flvr",Verified,True,8,0,,,
FC001325,"Cookies, assorted",Verified,True,8,0,,,
FC001326,"Cookies, camachili",Verified,False,7,0,sugar_g_100g,,
FC001327,"Cookies, gem",Verified,True,8,0,,,
FC001328,"Cookies, pili nut",Verified,True,8,0,,,
FC001329,"Cookies, vanilla wafer, choc-coated",Verified,True,8,0,,,
FC001330,"Curls, bbq flvr",Verified,True,8,0,,,
FC001331,"Curls, prawn flvr",Verified,True,8,0,,,
FC001332,"Curls, shrimp flvr",Verified,True,8,0,,,
FC001333,Gurgurya,Verified,True,8,0,,,
FC001334,Hominy,Verified,True,8,0,,,
FC001335,"Lohuwa, peanut",Verified,True,8,0,,,
FC001336,"Lohuwa, rice",Verified,True,8,0,,,
FC001337,"Lohuwa, sesame seed",Verified,True,8,0,,,
FC001338,"Pretzel, sweetn",Verified,True,8,0,,,
FC001339,"Pudding, pineapple",Verified,True,8,0,,,
FC001340,"Pudding, raisin",Verified,True,8,0,,,
FC001341,"Pudding, vanilla",Verified,True,8,0,,,
FC001342,"Puffs, bbq flvr",Verified,True,8,0,,,
FC001343,"Puffs, cheese flvr",Verified,True,8,0,,,
FC001344,"Puffs, chicken flvr",Verified,True,8,0,,,
FC001345,"Puffs, spiced",Verified,True,8,0,,,
FC001346,"Peanut butter, choc flvr",Verified,True,8,0,,,
FC001347,Peanut cracker,Verified,True,8,0,,,
FC001348,Pork jerky,Verified,False,6,0,sugar_g_100g;cholesterol_mg_100g,,
FC001349,"Malunggay leaves powder, dry",Verified,True,8,0,,,
FC001350,"Chicken, broilers or fryers, meat and skin, cooked, fried, flour",Other source,True,0,8,,,
FC001351,"Chicken, broilers or fryers, meat and skin, cooked, fried, batter",Other source,True,0,8,,,
FC001352,"Beef, top sirloin, steak, separable lean and fat, trimmed to 1/8"" fat, choice, cooked, pan-fried",Other source,True,0,8,,,
FC001353,"Turkey, Ground, cooked",Other source,True,0,8,,,
FC001354,"Pork, bacon, rendered fat, cooked",Other source,True,0,8,,,
FC001355,"Pork, cured, bacon, cooked, baked",Other source,True,0,8,,,
FC001356,"Pork, fresh, separable fat, cooked",Other source,True,0,8,,,
FC001357,"Beef, cured, breakfast strips, cooked",Other source,True,0,8,,,
FC001358,"Pork, cured, bacon, cooked, microwaved",Other source,True,0,8,,,
FC001359,"Beef, retail cuts, separable fat, cooked",Other source,True,0,8,,,
FC001360,"Beef, cured, corned beef, brisket, cooked",Other source,True,0,8,,,
FC001361,"Turkey, whole, dark meat, cooked, roasted",Other source,True,0,8,,,
FC001362,"Turkey, whole, meat only, cooked, roasted",Other source,True,0,8,,,
FC001363,"Chicken, stewing, meat only, cooked, stewed",Other source,True,0,8,,,
FC001364,"Turkey, all classes, heart, cooked, simmered",Other source,True,0,8,,,
FC001365,"Beef, ground, unspecified fat content, cooked",Other source,True,0,8,,,
FC001366,"Chicken, heart, all classes, cooked, simmered",Other source,False,0,7,sugar_g_100g,,
FC001367,"Chicken, roasting, meat only, cooked, roasted",Other source,False,0,7,sugar_g_100g,,
FC001368,"Turkey, whole, meat and skin, cooked, roasted",Other source,True,0,8,,,
FC001369,"Turkey, young hen, skin only, cooked, roasted",Other source,False,0,7,sugar_g_100g,,
FC001370,"Beef, ground, patties, frozen, cooked, broiled",Other source,True,0,8,,,
FC001371,"Chicken, ground, crumbles, cooked, pan-browned",Other source,True,0,8,,,
FC001372,"Chicken, capons, meat and skin, cooked, roasted",Other source,False,0,7,sugar_g_100g,,
FC001373,"Chicken, stewing, meat and skin, cooked, stewed",Other source,False,0,7,sugar_g_100g,,
FC001374,"Turkey, whole, back, meat only, cooked, roasted",Other source,True,0,8,,,
FC001375,"Turkey, whole, wing, meat only, cooked, roasted",Other source,True,0,8,,,
FC001376,"Turkey, all classes, light meat, cooked, roasted",Other source,True,0,8,,,
FC001377,"Chicken, roasting, meat and skin, cooked, roasted",Other source,False,0,7,sugar_g_100g,,
FC001378,"Pork, cured, bacon, pre-sliced, cooked, pan-fried",Other source,True,0,8,,,
FC001379,"Pork, ground, 96% lean / 4% fat, cooked, crumbles",Other source,True,0,8,,,
FC001380,"Turkey, whole, breast, meat only, cooked, roasted",Other source,True,0,8,,,
FC001381,"Pork, cured, ham, low sodium, lean and fat, cooked",Other source,True,0,8,,,
FC001382,"Pork, ground, 72% lean / 28% fat, cooked, crumbles",Other source,True,0,8,,,
FC001383,"Pork, ground, 84% lean / 16% fat, cooked, crumbles",Other source,True,0,8,,,
FC001384,"Pork, ground, 96% lean / 4% fat, cooked, pan-broiled",Other source,True,0,8,,,
FC001385,"Chicken, broilers or fryers, meat only, cooked, fried",Other source,True,0,8,,,
FC001386,"Pork, ground, 72% lean / 28% fat, cooked, pan-broiled",Other source,True,0,8,,,
FC001387,"Pork, ground, 84% lean / 16% fat, cooked, pan-broiled",Other source,True,0,8,,,
FC001388,"Turkey, wing, smoked, cooked, with skin, bone removed",Other source,True,0,8,,,
FC001389,"Chicken, broilers or fryers, meat only, cooked, stewed",Other source,True,0,8,,,
FC001390,"Chicken, broilers or fryers, skin only, cooked, stewed",Other source,False,0,7,sugar_g_100g,,
FC001391,"Chicken, skin (drumsticks and thighs), cooked, braised",Other source,True,0,8,,,
FC001392,"Chicken, skin (drumsticks and thighs), cooked, roasted",Other source,True,0,8,,,
FC001393,"Chicken, stewing, dark meat, meat only, cooked, stewed",Other source,False,0,7,sugar_g_100g,,
FC001394,"Turkey, fryer-roasters, meat and skin, cooked, roasted",Other source,True,0,8,,,
FC001395,"Turkey, retail parts, wing, meat only, cooked, roasted",Other source,True,0,8,,,
FC001396,"Chicken, broilers or fryers, meat only, cooked, roasted",Other source,True,0,8,,,
FC001397,"Chicken, broilers or fryers, skin only, cooked, roasted",Other source,True,0,8,,,
FC001398,"Chicken, stewing, light meat, meat only, cooked, stewed",Other source,False,0,7,sugar_g_100g,,
FC001399,"Turkey, retail parts, thigh, meat only, cooked, roasted",Other source,True,0,8,,,
FC001400,"Chicken, roasting, dark meat, meat only, cooked, roasted",Other source,False,0,7,sugar_g_100g,,
FC001401,"Turkey, all classes, leg, meat and skin, cooked, roasted",Other source,True,0,8,,,
FC001402,"Turkey, retail parts, breast, meat only, cooked, roasted",Other source,True,0,8,,,
FC001403,"Turkey, whole, dark meat, meat and skin, cooked, roasted",Other source,True,0,8,,,
FC001404,"Beef, ground, 93% lean meat / 7% fat, loaf, cooked, baked",Other source,True,0,8,,,
FC001405,"Beef, ground, 95% lean meat / 5% fat, loaf, cooked, baked",Other source,True,0,8,,,
FC001406,"Beef, ground, 97% lean meat / 3% fat, loaf, cooked, baked",Other source,True,0,8,,,
FC001407,"Chicken, roasting, light meat, meat only, cooked, roasted",Other source,True,0,8,,,
FC001408,"Turkey, all classes, back, meat and skin, cooked, roasted",Other source,True,0,8,,,
FC001409,"Turkey, all classes, wing, meat and skin, cooked, roasted",Other source,True,0,8,,,
FC001410,"Turkey, whole, light meat, meat and skin, cooked, roasted",Other source,True,0,8,,,
FC001411,"Beef, ground, 70% lean meat / 30% fat, loaf, cooked, baked",Other source,True,0,8,,,
FC001412,"Beef, ground, 75% lean meat / 25% fat, loaf, cooked, baked",Other source,True,0,8,,,
FC001413,"Beef, ground, 80% lean meat / 20% fat, loaf, cooked, baked",Other source,True,0,8,,,
FC001414,"Beef, ground, 85% lean meat / 15% fat, loaf, cooked, baked",Other source,True,0,8,,,
FC001415,"Beef, ground, 90% lean meat / 10% fat, loaf, cooked, baked",Other source,True,0,8,,,
FC001416,"Chicken, broilers or fryers, leg, meat only, cooked, fried",Other source,False,0,7,sugar_g_100g,,
FC001417,"Chicken, broilers or fryers, meat and skin, cooked, stewed",Other source,True,0,8,,,
FC001418,"Turkey, drumstick, smoked, cooked, with skin, bone removed",Other source,True,0,8,,,
FC001419,"Turkey, retail parts, wing, meat and skin, cooked, roasted",Other source,True,0,8,,,
FC001420,"Beef, variety meats and by-products, lungs, cooked, braised",Other source,False,0,7,sugar_g_100g,,
FC001421,"Chicken, broilers or fryers, back, meat only, cooked, fried",Other source,False,0,7,sugar_g_100g,,
FC001422,"Chicken, broilers or fryers, leg, meat only, cooked, stewed",Other source,True,0,8,,,
FC001423,"Chicken, broilers or fryers, meat and skin, cooked, roasted",Other source,True,0,8,,,
FC001424,"Chicken, broilers or fryers, wing, meat only, cooked, fried",Other source,False,0,7,sugar_g_100g,,
FC001425,"Turkey, all classes, breast, meat and skin, cooked, roasted",Other source,False,0,7,sugar_g_100g,,
FC001426,"Turkey, retail parts, drumstick, meat only, cooked, roasted",Other source,True,0,8,,,
FC001427,"Turkey, retail parts, thigh, meat and skin, cooked, roasted",Other source,True,0,8,,,
FC001428,"Beef, ground, 93% lean meat / 7% fat, patty, cooked, broiled",Other source,True,0,8,,,
FC001429,"Beef, ground, 95% lean meat / 5% fat, patty, cooked, broiled",Other source,True,0,8,,,
FC001430,"Crustaceans, shrimp, cooked",Other source,False,0,6,fiber_g_100g;sugar_g_100g,,
FC001431,"Fish, carp, cooked, dry heat",Other source,False,0,7,sugar_g_100g,,
FC001432,"Fish, cusk, cooked, dry heat",Other source,False,0,7,sugar_g_100g,,
FC001433,"Fish, ling, cooked, dry heat",Other source,False,0,7,sugar_g_100g,,
FC001434,"Fish, scup, cooked, dry heat",Other source,False,0,7,sugar_g_100g,,
FC001435,"Fish, spot, cooked, dry heat",Other source,False,0,7,sugar_g_100g,,
FC001436,"Fish, burbot, cooked, dry heat",Other source,False,0,7,sugar_g_100g,,
FC001437,"Fish, lingcod, cooked, dry heat",Other source,False,0,7,sugar_g_100g,,
FC001438,"Fish, tilapia, cooked, dry heat",Other source,True,0,8,,,
FC001439,"Fish, bluefish, cooked, dry heat",Other source,False,0,7,sugar_g_100g,,
FC001440,"Fish, mahimahi, cooked, dry heat",Other source,False,0,7,sugar_g_100g,,
FC001441,"Fish, milkfish, cooked, dry heat",Other source,False,0,7,sugar_g_100g,,
FC001442,"Fish, monkfish, cooked, dry heat",Other source,False,0,7,sugar_g_100g,,
FC001443,"Fish, tilefish, cooked, dry heat",Other source,False,0,7,sugar_g_100g,,
FC001444,"Fish, sablefish, cooked, dry heat",Other source,False,0,7,sugar_g_100g,,
FC001445,"Fish, swordfish, cooked, dry heat",Other source,True,0,8,,,
FC001446,"Fish, butterfish, cooked, dry heat",Other source,False,0,7,sugar_g_100g,,
FC001447,"Fish, sheepshead, cooked, dry heat",Other source,False,0,7,sugar_g_100g,,
FC001448,"Fish, pout, ocean, cooked, dry heat",Other source,False,0,7,sugar_g_100g,,
FC001449,"Fish, salmon, chum, cooked, dry heat",Other source,False,0,7,sugar_g_100g,,
FC001450,"Fish, pike, walleye, cooked, dry heat",Other source,False,0,7,sugar_g_100g,,
FC001451,"Fish, sucker, white, cooked, dry heat",Other source,False,0,7,sugar_g_100g,,
FC001452,"Fish, mackerel, king, cooked, dry heat",Other source,False,0,7,sugar_g_100g,,
FC001453,"Fish, pike, northern, cooked, dry heat",Other source,False,0,7,sugar_g_100g,,
FC001454,"Fish, roughy, orange, cooked, dry heat",Other source,True,0,8,,,
FC001455,"Fish, shad, american, cooked, dry heat",Other source,False,0,7,sugar_g_100g,,
FC001456,"Fish, smelt, rainbow, cooked, dry heat",Other source,False,0,7,sugar_g_100g,,
FC001457,"Fish, salmon, chinook, cooked, dry heat",Other source,False,0,7,sugar_g_100g,,
FC001458,"Fish, drum, freshwater, cooked, dry heat",Other source,False,0,7,sugar_g_100g,,
FC001459,"Fish, herring, Pacific, cooked, dry heat",Other source,False,0,7,sugar_g_100g,,
FC001460,"Fish, pompano, florida, cooked, dry heat",Other source,False,0,7,sugar_g_100g,,
FC001461,"Fish, turbot, european, cooked, dry heat",Other source,False,0,7,sugar_g_100g,,
FC001462,"Fish, herring, Atlantic, cooked, dry heat",Other source,True,0,8,,,
FC001463,"Fish, mackerel, spanish, cooked, dry heat",Other source,False,0,7,sugar_g_100g,,
FC001464,"Fish, pollock, Atlantic, cooked, dry heat",Other source,False,0,7,sugar_g_100g,,
FC001465,"Yogurt, plain, low fat",Other source,True,0,8,,,
FC001466,"Yogurt, plain, skim milk",Other source,True,0,8,,,
FC001467,"Yogurt, vanilla, non-fat",Other source,True,0,8,,,
FC001468,"Yogurt, vanilla, low fat.",Other source,True,0,8,,,
FC001469,"Yogurt, Greek, vanilla, lowfat",Other source,True,0,8,,,
FC001470,"Yogurt, Greek, vanilla, nonfat",Other source,True,0,8,,,
FC001471,"Yogurt, Greek, fruit, whole milk",Other source,True,0,8,,,
FC001472,"Yogurt, Greek, strawberry, nonfat",Other source,True,0,8,,,
FC001473,"Cheese, blue",Other source,True,0,8,,,
FC001474,"Cheese, brie",Other source,True,0,8,,,
FC001475,"Cheese, edam",Other source,True,0,8,,,
FC001476,"Cheese, feta",Other source,True,0,8,,,
FC001477,"Cheese, brick",Other source,True,0,8,,,
FC001478,"Cheese, colby",Other source,True,0,8,,,
FC001479,"Cheese, cream",Other source,True,0,8,,,
FC001480,"Cheese, gouda",Other source,True,0,8,,,
FC001481,"Cheese, swiss",Other source,True,0,8,,,
FC001482,"Cheese, romano",Other source,True,0,8,,,
FC001483,"Cheese, tilsit",Other source,False,0,7,sugar_g_100g,,
FC001484,"Cheese, caraway",Other source,False,0,7,sugar_g_100g,,
FC001485,"Cheese, fontina",Other source,True,0,8,,,
FC001486,"Cheese, gjetost",Other source,False,0,7,sugar_g_100g,,
FC001487,"Cheese, gruyere",Other source,True,0,8,,,
FC001488,"Cheese, cheshire",Other source,False,0,7,sugar_g_100g,,
FC001489,"Cheese, monterey",Other source,True,0,8,,,
FC001490,"Cheese, muenster",Other source,True,0,8,,,
FC001491,"Cheese, camembert",Other source,True,0,8,,,
FC001492,"Cheese, limburger",Other source,True,0,8,,,
FC001493,"Cheese, provolone",Other source,True,0,8,,,
FC001494,"Cheese, roquefort",Other source,False,0,7,sugar_g_100g,,
FC001495,"Cheese, neufchatel",Other source,True,0,8,,,
FC001496,"Milk, sheep, fluid",Other source,False,0,7,sugar_g_100g,,
FC001497,"Cheese, Mexican blend",Other source,True,0,8,,,
FC001498,"Cheese, port de salut",Other source,True,0,8,,,
FC001499,"Cream, sour, cultured",Other source,True,0,8,,,
FC001500,"Cheese, cream, low fat",Other source,True,0,8,,,
FC001501,"Cheese, parmesan, hard",Other source,True,0,8,,,
FC001502,"Cheese, swiss, low fat",Other source,True,0,8,,,
FC001503,"Cheese, cream, fat free",Other source,True,0,8,,,
FC001504,"Egg, whole, cooked, scrambled",Other source,True,0,8,,,
FC001505,"Rice, brown, long-grain, cooked (Includes foods for USDA's Food Distribution Program)",Other source,True,0,8,,,
FC001506,"Millet, cooked",Other source,True,0,8,,,
FC001507,"Spaghetti, spinach, cooked",Other source,False,0,6,fiber_g_100g;sugar_g_100g,,
FC001508,"Pasta, gluten-free, corn, cooked",Other source,False,0,7,sugar_g_100g,,
FC001509,"Macaroni, vegetable, enriched, cooked",Other source,True,0,8,,,
FC001510,"Pasta, homemade, made with egg, cooked",Other source,False,0,6,fiber_g_100g;sugar_g_100g,,
FC001511,"Pasta, cooked, enriched, with added salt",Other source,True,0,8,,,
FC001512,"Pasta, fresh-refrigerated, plain, cooked",Other source,False,0,6,fiber_g_100g;sugar_g_100g,,
FC001513,"Pasta, homemade, made without egg, cooked",Other source,False,0,6,fiber_g_100g;sugar_g_100g,,
FC001514,"Pasta, cooked, unenriched, with added salt",Other source,True,0,8,,,
FC001515,"Pasta, fresh-refrigerated, spinach, cooked",Other source,False,0,6,fiber_g_100g;sugar_g_100g,,
FC001516,"Rice, white, glutinous, unenriched, cooked",Other source,True,0,8,,,
FC001517,"Rice, white, short-grain, enriched, cooked",Other source,False,0,6,fiber_g_100g;sugar_g_100g,,
FC001518,"Pasta, cooked, enriched, without added salt",Other source,True,0,8,,,
FC001519,"Rice, white, medium-grain, enriched, cooked",Other source,False,0,7,sugar_g_100g,,
FC001520,"Rice, white, glutinous, unenriched, uncooked",Other source,False,0,7,sugar_g_100g,,
FC001521,"Rice, white, short-grain, cooked, unenriched",Other source,False,0,6,fiber_g_100g;sugar_g_100g,,
FC001522,"Rice, white, short-grain, enriched, uncooked",Other source,False,0,7,sugar_g_100g,,
FC001523,"Pasta, cooked, unenriched, without added salt",Other source,True,0,8,,,
FC001524,"Rice, white, medium-grain, cooked, unenriched",Other source,False,0,6,fiber_g_100g;sugar_g_100g,,
FC001525,"Pasta, gluten-free, corn and rice flour, cooked",Other source,True,0,8,,,
FC001526,"Rice, white, long-grain, regular, enriched, cooked",Other source,True,0,8,,,
FC001527,"Rice, white, long-grain, parboiled, enriched, cooked",Other source,True,0,8,,,
FC001528,"Rice, white, long-grain, parboiled, unenriched, cooked",Other source,True,0,8,,,
FC001529,"Cereals, farina, enriched, cooked with water, with salt",Other source,True,0,8,,,
FC001530,"Spaghetti, protein-fortified, cooked, enriched (n x 6.25)",Other source,False,0,7,sugar_g_100g,,
FC001531,"Rice, white, long-grain, precooked or instant, enriched, dry",Other source,True,0,8,,,
FC001532,"Rice, white, long-grain, regular, cooked, enriched, with salt",Other source,True,0,8,,,
FC001533,"Rice, white, long-grain, regular, cooked, unenriched, with salt",Other source,True,0,8,,,
FC001534,"Rice, white, long-grain, precooked or instant, enriched, prepared",Other source,True,0,8,,,
FC001535,"Rice, white, long-grain, regular, unenriched, cooked without salt",Other source,True,0,8,,,
FC001536,"Cereals, whole wheat hot natural cereal, cooked with water, with salt",Other source,True,0,8,,,
FC001537,"Cereals, whole wheat hot natural cereal, cooked with water, without salt",Other source,True,0,8,,,
FC001538,"Pasta, whole grain, 51% whole wheat, remaining unenriched semolina, cooked",Other source,False,0,7,cholesterol_mg_100g,,
FC001539,"Cereals, corn grits, yellow, regular, quick, enriched, cooked with water, with salt",Other source,True,0,8,,,
FC001540,"Cereals, corn grits, white, regular and quick, enriched, cooked with water, with salt",Other source,True,0,8,,,
FC001541,"Cereals, corn grits, white, regular and quick, enriched, cooked with water, without salt",Other source,True,0,8,,,
FC001542,"Cereals, corn grits, yellow, regular and quick, enriched, cooked with water, without salt",Other source,True,0,8,,,
FC001543,"Cereals, oats, regular and quick, unenriched, cooked with water (includes boiling and microwaving), without salt",Other source,True,0,8,,,
FC001544,"Cereals, oats, regular and quick and instant, unenriched, cooked with water (includes boiling and microwaving), with salt",Other source,True,0,8,,,
FC001545,Buckwheat,Other source,False,0,7,sugar_g_100g,,
FC001546,"Millet, raw",Other source,False,0,7,sugar_g_100g,,
FC001547,"Barley, hulled",Other source,True,0,8,,,
FC001548,"Millet, puffed",Other source,True,0,8,,,
FC001549,"Rye flour, dark",Other source,True,0,8,,,
FC001550,"Rye flour, light",Other source,True,0,8,,,
FC001551,"Rye flour, medium",Other source,True,0,8,,,
FC001552,"Pasta, dry, enriched",Other source,True,0,8,,,
FC001553,"Pasta, dry, unenriched",Other source,True,0,8,,,
FC001554,"Cornmeal, blue (Navajo)",Other source,False,0,7,cholesterol_mg_100g,,
FC001555,"Spaghetti, spinach, dry",Other source,True,0,8,,,
FC001556,"Cornmeal, white (Navajo)",Other source,False,0,7,cholesterol_mg_100g,,
FC001557,"Cornmeal, yellow (Navajo)",Other source,False,0,7,cholesterol_mg_100g,,
FC001558,"Cornmeal, whole-grain, white",Other source,True,0,8,,,
FC001559,"Cornmeal, whole-grain, yellow",Other source,True,0,8,,,
FC001560,"Pasta, gluten-free, corn, dry",Other source,False,0,7,sugar_g_100g,,
FC001561,"Corn flour, whole-grain, white",Other source,True,0,8,,,
FC001562,"Oat flour, partially debranned",Other source,True,0,8,,,
FC001563,"Corn flour, whole-grain, yellow",Other source,True,0,8,,,
FC001564,"Cereals, farina, unenriched, dry",Other source,False,0,7,sugar_g_100g,,
FC001565,"Corn flour, masa, enriched, white",Other source,True,0,8,,,
FC001566,"Corn flour, yellow, masa, enriched",Other source,False,0,7,sugar_g_100g,,
FC001567,"Macaroni, vegetable, enriched, dry",Other source,False,0,7,sugar_g_100g,,
FC001568,"Wheat flour, white, cake, enriched",Other source,True,0,8,,,
FC001569,"Corn flour, masa, unenriched, white",Other source,True,0,8,,,
FC001570,"Beans, chili, barbecue, ranch style, cooked",Other source,True,0,8,,,
FC001571,"Peanuts, all types, cooked, boiled, with salt",Other source,True,0,8,,,
FC001572,"Soybeans, mature cooked, boiled, without salt",Other source,True,0,8,,,
FC001573,"Peas, green, cooked, boiled, drained, with salt",Other source,True,0,8,,,
FC001574,"Lentils, mature seeds, cooked, boiled, with salt",Other source,True,0,8,,,
FC001575,"Lentils, sprouted, cooked, stir-fried, with salt",Other source,False,0,6,fiber_g_100g;sugar_g_100g,,
FC001576,"Soybeans, mature seeds, cooked, boiled, with salt",Other source,True,0,8,,,
FC001577,"Soybeans, mature seeds, sprouted, cooked, steamed",Other source,True,0,8,,,
FC001578,"Peas, green, cooked, boiled, drained, without salt",Other source,True,0,8,,,
FC001579,"Lentils, sprouted, cooked, stir-fried, without salt",Other source,False,0,6,fiber_g_100g;sugar_g_100g,,
FC001580,"Soybeans, green, cooked, boiled, drained, with salt",Other source,False,0,7,sugar_g_100g,,
FC001581,"Beans, navy, mature seeds, cooked, boiled, with salt",Other source,True,0,8,,,
FC001582,"Beans, pink, mature seeds, cooked, boiled, with salt",Other source,True,0,8,,,
FC001583,"Peas, split, mature seeds, cooked, boiled, with salt",Other source,True,0,8,,,
FC001584,"Soybeans, mature seeds, sprouted, cooked, stir-fried",Other source,False,0,7,sugar_g_100g,,
FC001585,"Beans, adzuki, mature seed, cooked, boiled, with salt",Other source,False,0,7,sugar_g_100g,,
FC001586,"Beans, black, mature seeds, cooked, boiled, with salt",Other source,True,0,8,,,
FC001587,"Beans, pinto, mature seeds, cooked, boiled, with salt",Other source,True,0,8,,,
FC001588,"Beans, white, mature seeds, cooked, boiled, with salt",Other source,True,0,8,,,
FC001589,"Beans, french, mature seeds, cooked, boiled, with salt",Other source,False,0,7,sugar_g_100g,,
FC001590,"Beans, snap, green, cooked, boiled, drained, with salt",Other source,True,0,8,,,
FC001591,"Beans, yellow, mature seeds, cooked, boiled, with salt",Other source,True,0,8,,,
FC001592,"Soybeans, green, cooked, boiled, drained, without salt",Other source,False,0,7,sugar_g_100g,,
FC001593,"Beans, navy, mature seeds, cooked, boiled, without salt",Other source,False,0,7,cholesterol_mg_100g,,
FC001594,"Beans, pink, mature seeds, cooked, boiled, without salt",Other source,True,0,8,,,
FC001595,"Beans, snap, yellow, cooked, boiled, drained, with salt",Other source,True,0,8,,,
FC001596,"Peas, edible-podded, cooked, boiled, drained, with salt",Other source,True,0,8,,,
FC001597,"Peas, green, frozen, cooked, boiled, drained, with salt",Other source,True,0,8,,,
FC001598,"Peas, split, mature seeds, cooked, boiled, without salt",Other source,True,0,8,,,
FC001599,"Beans, black, mature seeds, cooked, boiled, without salt",Other source,True,0,8,,,
FC001600,"Beans, pinto, mature seeds, cooked, boiled, without salt",Other source,True,0,8,,,
FC001601,"Beans, white, mature seeds, cooked, boiled, without salt",Other source,True,0,8,,,
FC001602,"Beans, adzuki, mature seeds, cooked, boiled, without salt",Other source,False,0,7,sugar_g_100g,,
FC001603,"Beans, french, mature seeds, cooked, boiled, without salt",Other source,False,0,7,sugar_g_100g,,
FC001604,"Beans, snap, green, cooked, boiled, drained, without salt",Other source,True,0,8,,,
FC001605,"Cabbage, kimchi",Other source,True,0,8,,,
FC001606,"Sweet potato, frozen, cooked, baked, with salt",Other source,False,0,7,sugar_g_100g,,
FC001607,"Squash, winter, acorn, cooked, baked, with salt",Other source,False,0,7,sugar_g_100g,,
FC001608,"Okra, frozen, cooked, boiled, drained, with salt",Other source,True,0,8,,,
FC001609,"Sweet potato, frozen, cooked, baked, without salt",Other source,True,0,8,,,
FC001610,"Squash, winter, acorn, cooked, baked, without salt",Other source,False,0,7,sugar_g_100g,,
FC001611,"Carrots, frozen, cooked, boiled, drained, with salt",Other source,True,0,8,,,
FC001612,"Okra, frozen, cooked, boiled, drained, without salt",Other source,True,0,8,,,
FC001613,"Squash, winter, butternut, cooked, baked, with salt",Other source,True,0,8,,,
FC001614,"Turnips, frozen, cooked, boiled, drained, with salt",Other source,True,0,8,,,
FC001615,"Asparagus, frozen, cooked, boiled, drained, with salt",Other source,True,0,8,,,
FC001616,"Sweet potato, cooked, baked in skin, flesh, with salt",Other source,True,0,8,,,
FC001617,"Carrots, frozen, cooked, boiled, drained, without salt",Other source,True,0,8,,,
FC001618,"Squash, winter, butternut, cooked, baked, without salt",Other source,True,0,8,,,
FC001619,"Turnips, frozen, cooked, boiled, drained, without salt",Other source,True,0,8,,,
FC001620,"Cauliflower, frozen, cooked, boiled, drained, with salt",Other source,True,0,8,,,
FC001621,"Squash, winter, all varieties, cooked, baked, with salt",Other source,True,0,8,,,
FC001622,"Squash, winter, acorn, cooked, boiled, mashed, with salt",Other source,False,0,7,sugar_g_100g,,
FC001623,"Sweet potato, cooked, baked in skin, flesh, without salt",Other source,True,0,8,,,
FC001624,"Onions, frozen, whole, cooked, boiled, drained, with salt",Other source,True,0,8,,,
FC001625,"Cauliflower, frozen, cooked, boiled, drained, without salt",Other source,True,0,8,,,
FC001626,"Squash, winter, all varieties, cooked, baked, without salt",Other source,True,0,8,,,
FC001627,"Squash, winter, hubbard, cooked, boiled, mashed, with salt",Other source,True,0,8,,,
FC001628,"Onions, frozen, chopped, cooked, boiled, drained, with salt",Other source,True,0,8,,,
FC001629,"Potatoes, frozen, whole, cooked, boiled, drained, with salt",Other source,False,0,7,sugar_g_100g,,
FC001630,"Squash, winter, acorn, cooked, boiled, mashed, without salt",Other source,False,0,7,sugar_g_100g,,
FC001631,"Onions, frozen, whole, cooked, boiled, drained, without salt",Other source,True,0,8,,,
FC001632,"Squash, winter, butternut, frozen, cooked, boiled, with salt",Other source,False,0,6,fiber_g_100g;sugar_g_100g,,
FC001633,"Squash, winter, hubbard, cooked, boiled, mashed, without salt",Other source,True,0,8,,,
FC001634,"Onions, frozen, chopped, cooked, boiled, drained, without salt",Other source,True,0,8,,,
FC001635,"Potatoes, frozen, whole, cooked, boiled, drained, without salt",Other source,False,0,7,sugar_g_100g,,
FC001636,"Squash, winter, butternut, frozen, cooked, boiled, without salt",Other source,False,0,6,fiber_g_100g;sugar_g_100g,,
FC001637,"Squash, winter, spaghetti, cooked, boiled, drained, or baked, with salt",Other source,True,0,8,,,
FC001638,"Artichokes, (globe or french), frozen, cooked, boiled, drained, with salt",Other source,True,0,8,,,
FC001639,"Peppers, sweet, green, frozen, chopped, cooked, boiled, drained, with salt",Other source,False,0,7,sugar_g_100g,,
FC001640,"Squash, winter, spaghetti, cooked, boiled, drained, or baked, without salt",Other source,True,0,8,,,
FC001641,"Corn, sweet, white, frozen, kernels on cob, cooked, boiled, drained, with salt",Other source,False,0,7,sugar_g_100g,,
FC001642,"Corn, sweet, yellow, frozen, kernels on cob, cooked, boiled, drained, with salt",Other source,True,0,8,,,
FC001643,"Corn, sweet, white, frozen, kernels on cob, cooked, boiled, drained, without salt",Other source,False,0,7,sugar_g_100g,,
FC001644,"Corn, sweet, yellow, frozen, kernels on cob, cooked, boiled, drained, without salt",Other source,True,0,8,,,
FC001645,"Squash, summer, zucchini, includes skin, frozen, cooked, boiled, drained, with salt",Other source,True,0,8,,,
FC001646,"Squash, summer, zucchini, includes skin, frozen, cooked, boiled, drained, without salt",Other source,True,0,8,,,
FC001647,"Tomatoes, sun-dried",Other source,True,0,8,,,
FC001648,"Corn, dried (Navajo)",Other source,False,0,6,fiber_g_100g;cholesterol_mg_100g,,
FC001649,"Peppers, ancho, dried",Other source,False,0,7,sugar_g_100g,,
FC001650,"Peppers, pasilla, dried",Other source,False,0,7,sugar_g_100g,,
FC001651,"Pickles, cucumber, sour",Other source,True,0,8,,,
FC001652,"Okra, frozen, unprepared",Other source,True,0,8,,,
FC001653,"Onions, dehydrated flakes",Other source,True,0,8,,,
FC001654,"Radishes, oriental, dried",Other source,True,0,8,,,
FC001655,"Figs, dried, uncooked",Other source,True,0,8,,,
FC001656,"Plums, dried (prunes), uncooked",Other source,True,0,8,,,
FC001657,"Pears, dried, sulfured, uncooked",Other source,True,0,8,,,
FC001658,"Apples, dried, sulfured, uncooked",Other source,True,0,8,,,
FC001659,"Peaches, dried, sulfured, uncooked",Other source,True,0,8,,,
FC001660,"Prunes, dehydrated (low-moisture), uncooked",Other source,False,0,6,fiber_g_100g;sugar_g_100g,,
FC001661,"Apples, dehydrated (low moisture), sulfured, uncooked",Other source,True,0,8,,,
FC001662,"Peaches, dehydrated (low-moisture), sulfured, uncooked",Other source,False,0,6,fiber_g_100g;sugar_g_100g,,
FC001663,"Apricots, dehydrated (low-moisture), sulfured, uncooked",Other source,False,0,6,fiber_g_100g;sugar_g_100g,,
FC001664,"Figs, dried, stewed",Other source,True,0,8,,,
FC001665,"Mango nectar, canned",Other source,True,0,8,,,
FC001666,"Apricots, frozen, sweetened",Other source,False,0,7,sugar_g_100g,,
FC001667,"Blueberries, dried, sweetened",Other source,True,0,8,,,
FC001668,"Blueberries, frozen, sweetened",Other source,True,0,8,,,
FC001669,"Orange juice, canned, unsweetened",Other source,True,0,8,,,
FC001670,"Peaches, frozen, sliced, sweetened",Other source,True,0,8,,,
FC001671,"Pears, canned, heavy syrup, drained",Other source,True,0,8,,,
FC001672,"Plums, canned, heavy syrup, drained",Other source,True,0,8,,,
FC001673,"Raspberries, frozen, red, sweetened",Other source,True,0,8,,,
FC001674,"Pineapple, frozen, chunks, sweetened",Other source,True,0,8,,,
FC001675,"Peaches, canned, heavy syrup, drained",Other source,True,0,8,,,
FC001676,"Apricots, canned, heavy syrup, drained",Other source,True,0,8,,,
FC001677,"Pineapple, canned, juice pack, drained",Other source,True,0,8,,,
FC001678,"Strawberries, frozen, sweetened, sliced",Other source,True,0,8,,,
FC001679,"Olives, ripe, canned (small-extra large)",Other source,True,0,8,,,
FC001680,"Blueberries, canned, light syrup, drained",Other source,True,0,8,,,
FC001681,"Blueberries, wild, frozen (Alaska Native)",Other source,False,0,4,fiber_g_100g;sugar_g_100g;sodium_mg_100g;cholesterol_mg_100g,,
FC001682,"Olives, pickled, canned or bottled, green",Other source,True,0,8,,,
FC001683,"Prunes, dehydrated (low-moisture), stewed",Other source,False,0,6,fiber_g_100g;sugar_g_100g,,
FC001684,"Cherries, sour, canned, water pack, drained",Other source,False,0,7,cholesterol_mg_100g,,
FC001685,"Bread, egg",Other source,True,0,8,,,
FC001686,"Bagels, egg",Other source,False,0,7,sugar_g_100g,,
FC001687,"Bread, wheat",Other source,True,0,8,,,
FC001688,"Bagels, wheat",Other source,True,0,8,,,
FC001689,"Bread, cheese",Other source,True,0,8,,,
FC001690,"Bread, potato",Other source,True,0,8,,,
FC001691,"Rolls, french",Other source,True,0,8,,,
FC001692,"Bread, Italian",Other source,True,0,8,,,
FC001693,"Bread, oatmeal",Other source,True,0,8,,,
FC001694,"Crackers, milk",Other source,True,0,8,,,
FC001695,"Bread, cinnamon",Other source,True,0,8,,,
FC001696,"Bread, oat bran",Other source,True,0,8,,,
FC001697,"Bagels, oat bran",Other source,True,0,8,,,
FC001698,"Bread, rice bran",Other source,True,0,8,,,
FC001699,"Cookies, fortune",Other source,True,0,8,,,
FC001700,"Cookies, fig bars",Other source,True,0,8,,,
FC001701,"Cookies, molasses",Other source,True,0,8,,,
FC001702,"Muffins, oat bran",Other source,True,0,8,,,
FC001703,"Bagels, multigrain",Other source,True,0,8,,,
FC001704,"Bread, white wheat",Other source,True,0,8,,,
FC001705,"Rolls, dinner, egg",Other source,True,0,8,,,
FC001706,"Rolls, dinner, rye",Other source,True,0,8,,,
FC001707,"Bread, egg, toasted",Other source,True,0,8,,,
FC001708,"Bread, pumpernickel",Other source,True,0,8,,,
FC001709,"Bread, rye, toasted",Other source,True,0,8,,,
FC001710,"Rolls, pumpernickel",Other source,True,0,8,,,
FC001711,"Bread, cracked-wheat",Other source,False,0,7,sugar_g_100g,,
FC001712,"Bread, sticks, plain",Other source,True,0,8,,,
FC001713,"Cookies, gingersnaps",Other source,True,0,8,,,
FC001714,"Crackers, matzo, egg",Other source,False,0,7,sugar_g_100g,,
FC001715,"Crackers, multigrain",Other source,True,0,8,,,
FC001716,"Crackers, rusk toast",Other source,False,0,6,fiber_g_100g;sugar_g_100g,,
FC001717,"Rolls, dinner, sweet",Other source,True,0,8,,,
FC001718,"Rolls, dinner, wheat",Other source,True,0,8,,,
FC001719,"Bread, wheat, toasted",Other source,True,0,8,,,
FC001720,"Crackers, whole-wheat",Other source,True,0,8,,,
FC001721,"Bread, wheat, sprouted",Other source,True,0,8,,,
FC001722,"Cookies, Marie biscuit",Other source,True,0,8,,,
FC001723,"Crackers, matzo, plain",Other source,True,0,8,,,
FC001724,"Bagels, cinnamon-raisin",Other source,True,0,8,,,
FC001725,"Bread, oatmeal, toasted",Other source,True,0,8,,,
FC001726,"Bread, raisin, enriched",Other source,True,0,8,,,
FC001727,"Muffins, English, wheat",Other source,True,0,8,,,
FC001728,"Rolls, dinner, oat bran",Other source,True,0,8,,,
FC001729,"Bread, oat bran, toasted",Other source,True,0,8,,,
FC001730,"Bread, pita, whole-wheat",Other source,True,0,8,,,
FC001731,"Bread, stuffing, dry mix",Other source,True,0,8,,,
FC001732,"Crackers, water biscuits",Other source,True,0,8,,,
FC001733,"Crackers, wheat, regular",Other source,True,0,8,,,
FC001734,"Bagels, whole grain white",Other source,True,0,8,,,
FC001735,"Bread, raisin, unenriched",Other source,False,0,7,sugar_g_100g,,
FC001736,"Bread, rice bran, toasted",Other source,True,0,8,,,
FC001737,"Cookies, chocolate wafers",Other source,True,0,8,,,
FC001738,"Cookies, coconut macaroon",Other source,True,0,8,,,
FC001739,"Cookies, oatmeal, dry mix",Other source,False,0,6,fiber_g_100g;sugar_g_100g,,
FC001740,"Crackers, cheese, regular",Other source,True,0,8,,,
FC001741,"Crackers, crispbread, rye",Other source,True,0,8,,,
FC001742,"Crackers, wheat, low salt",Other source,True,0,8,,,
FC001743,"Bread, kneel down (Navajo)",Other source,False,0,6,fiber_g_100g;cholesterol_mg_100g,,
FC001744,"Cookies, raisin, soft-type",Other source,True,0,8,,,
FC001745,"Rolls, dinner, whole-wheat",Other source,True,0,8,,,
FC001746,"Bread, boston brown, canned",Other source,True,0,8,,,
FC001747,"Bread, reduced-calorie, rye",Other source,True,0,8,,,
FC001748,"Muffins, blueberry, dry mix",Other source,True,0,8,,,
FC001749,"Muffins, corn, toaster-type",Other source,False,0,7,sugar_g_100g,,
FC001750,"Gravy, mushroom, canned",Other source,False,0,7,sugar_g_100g,,
FC001751,Catsup,Other source,True,0,8,,,
FC001752,"Syrups, malt",Other source,True,0,8,,,
FC001753,"Syrups, maple",Other source,True,0,8,,,
FC001754,"Vinegar, cider",Other source,True,0,8,,,
FC001755,"Sauce, barbecue",Other source,True,0,8,,,
FC001756,"Spices, paprika",Other source,True,0,8,,,
FC001757,"Spices, saffron",Other source,False,0,7,sugar_g_100g,,
FC001758,"Syrups, sorghum",Other source,True,0,8,,,
FC001759,"Spices, bay leaf",Other source,False,0,7,sugar_g_100g,,
FC001760,"Spices, cardamom",Other source,False,0,7,sugar_g_100g,,
FC001761,"Gravy, brown, dry",Other source,False,0,7,sugar_g_100g,,
FC001762,"Spices, dill seed",Other source,False,0,7,sugar_g_100g,,
FC001763,"Syrups, grenadine",Other source,True,0,8,,,
FC001764,"Vinegar, balsamic",Other source,False,0,6,fiber_g_100g;cholesterol_mg_100g,,
FC001765,"Vinegar, red wine",Other source,False,0,7,cholesterol_mg_100g,,
FC001766,"Catsup, low sodium",Other source,True,0,8,,,
FC001767,"Gravy, au jus, dry",Other source,False,0,6,fiber_g_100g;sugar_g_100g,,
FC001768,"Gravy, turkey, dry",Other source,False,0,6,fiber_g_100g;sugar_g_100g,,
FC001769,"Sauce, horseradish",Other source,True,0,8,,,
FC001770,"Spices, anise seed",Other source,False,0,7,sugar_g_100g,,
FC001771,"Spices, cumin seed",Other source,True,0,8,,,
FC001772,"Spices, poppy seed",Other source,True,0,8,,,
FC001773,"Syrups, corn, dark",Other source,True,0,8,,,
FC001774,"Syrups, sugar free",Other source,True,0,8,,,
FC001775,"Vinegar, distilled",Other source,True,0,8,,,
FC001776,"Gravy, chicken, dry",Other source,False,0,6,fiber_g_100g;sugar_g_100g,,
FC001777,"Spices, celery seed",Other source,True,0,8,,,
FC001778,"Spices, fennel seed",Other source,False,0,7,sugar_g_100g,,
FC001779,"Syrups, corn, light",Other source,True,0,8,,,
FC001780,"Spices, basil, dried",Other source,True,0,8,,,
FC001781,"Spices, caraway seed",Other source,True,0,8,,,
FC001782,"Spices, chili powder",Other source,True,0,8,,,
FC001783,"Spices, curry powder",Other source,True,0,8,,,
FC001784,"Spices, mace, ground",Other source,False,0,7,sugar_g_100g,,
FC001785,"Spices, onion powder",Other source,True,0,8,,,
FC001786,"Spices, sage, ground",Other source,True,0,8,,,
FC001787,"Spices, thyme, dried",Other source,True,0,8,,,
FC001788,"Gravy, au jus, canned",Other source,False,0,7,sugar_g_100g,,
FC001789,"Sauce, worcestershire",Other source,True,0,8,,,
FC001790,"Blue marlin (Makaira nigricans), Hawaii-caught, fresh",Other source,True,0,8,,,
FC001791,"Athlene ACTIVE Pure Isolate, Chocolate, dry powder (estimate)",Unavailable,False,0,0,kcal_100g;protein_g_100g;carbs_g_100g;fat_g_100g;fiber_g_100g;sugar_g_100g;sodium_mg_100g;cholesterol_mg_100g,EST_PERSONAL_001_V1,
FC001792,"Athlene ACTIVE Pure Isolate, Strawberry Milkshake, dry powder (estimate)",Unavailable,False,0,0,kcal_100g;protein_g_100g;carbs_g_100g;fat_g_100g;fiber_g_100g;sugar_g_100g;sodium_mg_100g;cholesterol_mg_100g,EST_PERSONAL_002_V1,
FC001793,"Seared sirloin steak, 100 g pan-fried meat plus 5 g butter (estimate)",Unavailable,False,0,0,kcal_100g;protein_g_100g;carbs_g_100g;fat_g_100g;fiber_g_100g;sugar_g_100g;sodium_mg_100g;cholesterol_mg_100g,EST_PERSONAL_003_V1,
FC001794,"Seared Atlantic farmed salmon, 100 g cooked fish plus 5 g oil (estimate)",Unavailable,False,0,0,kcal_100g;protein_g_100g;carbs_g_100g;fat_g_100g;fiber_g_100g;sugar_g_100g;sodium_mg_100g;cholesterol_mg_100g,EST_PERSONAL_004_V1,
FC001795,"Seared blue marlin, fresh-fish yield model with oil (estimate)",Unavailable,False,0,0,kcal_100g;protein_g_100g;carbs_g_100g;fat_g_100g;fiber_g_100g;sugar_g_100g;sodium_mg_100g;cholesterol_mg_100g,EST_PERSONAL_005_V1,
FC001796,"Home-fried chicken Pinoy-style, white meat, soy-calamansi (estimate)",Unavailable,False,0,0,kcal_100g;protein_g_100g;carbs_g_100g;fat_g_100g;fiber_g_100g;sugar_g_100g;sodium_mg_100g;cholesterol_mg_100g,EST_PERSONAL_006_V1,
FC001797,"Home-fried chicken Pinoy-style, flour-coated meat and skin (estimate)",Unavailable,False,0,0,kcal_100g;protein_g_100g;carbs_g_100g;fat_g_100g;fiber_g_100g;sugar_g_100g;sodium_mg_100g;cholesterol_mg_100g,EST_PERSONAL_007_V1,
FC001798,"Chooks-to-Go Sweet Roast, edible meat and skin, no extra sauce (estimate)",Unavailable,False,0,0,kcal_100g;protein_g_100g;carbs_g_100g;fat_g_100g;fiber_g_100g;sugar_g_100g;sodium_mg_100g;cholesterol_mg_100g,EST_PERSONAL_008_V1,
FC001799,"Chooks-to-Go Pepper Roast, edible meat and skin, no extra sauce (estimate)",Unavailable,False,0,0,kcal_100g;protein_g_100g;carbs_g_100g;fat_g_100g;fiber_g_100g;sugar_g_100g;sodium_mg_100g;cholesterol_mg_100g,EST_PERSONAL_009_V1,
FC001800,"Kenny Rogers Philippines Classic Roasted Chicken, edible meat and skin (estimate)",Unavailable,False,0,0,kcal_100g;protein_g_100g;carbs_g_100g;fat_g_100g;fiber_g_100g;sugar_g_100g;sodium_mg_100g;cholesterol_mg_100g,EST_PERSONAL_010_V1,
FC001801,"Kenny Rogers Philippines Classic Roasted Chicken, skin and visible fat removed (estimate)",Unavailable,False,0,0,kcal_100g;protein_g_100g;carbs_g_100g;fat_g_100g;fiber_g_100g;sugar_g_100g;sodium_mg_100g;cholesterol_mg_100g,EST_PERSONAL_011_V1,
FC001802,"Kenny Rogers Philippines Grilled Salmon, fish and lemon-butter-style sauce only (estimate)",Unavailable,False,0,0,kcal_100g;protein_g_100g;carbs_g_100g;fat_g_100g;fiber_g_100g;sugar_g_100g;sodium_mg_100g;cholesterol_mg_100g,EST_PERSONAL_012_V1,
FC001803,"Kenny Rogers Philippines Burger Steak, patty and mushroom gravy only (estimate)",Unavailable,False,0,0,kcal_100g;protein_g_100g;carbs_g_100g;fat_g_100g;fiber_g_100g;sugar_g_100g;sodium_mg_100g;cholesterol_mg_100g,EST_PERSONAL_013_V1,
FC001804,Kenny Rogers Philippines Spinach Mashed Potato side (estimate),Unavailable,False,0,0,kcal_100g;protein_g_100g;carbs_g_100g;fat_g_100g;fiber_g_100g;sugar_g_100g;sodium_mg_100g;cholesterol_mg_100g,EST_PERSONAL_014_V1,
FC001805,Kenny Rogers Philippines Macaroni and Cheese side (estimate),Unavailable,False,0,0,kcal_100g;protein_g_100g;carbs_g_100g;fat_g_100g;fiber_g_100g;sugar_g_100g;sodium_mg_100g;cholesterol_mg_100g,EST_PERSONAL_015_V1,
FC001806,Kenny Rogers Philippines Corn and Carrots side (estimate),Unavailable,False,0,0,kcal_100g;protein_g_100g;carbs_g_100g;fat_g_100g;fiber_g_100g;sugar_g_100g;sodium_mg_100g;cholesterol_mg_100g,EST_PERSONAL_016_V1,
FC001807,Kenny Rogers Philippines Steamed Vegetables side (estimate),Unavailable,False,0,0,kcal_100g;protein_g_100g;carbs_g_100g;fat_g_100g;fiber_g_100g;sugar_g_100g;sodium_mg_100g;cholesterol_mg_100g,EST_PERSONAL_017_V1,
FC001808,Kenny Rogers Philippines Coleslaw side (estimate),Unavailable,False,0,0,kcal_100g;protein_g_100g;carbs_g_100g;fat_g_100g;fiber_g_100g;sugar_g_100g;sodium_mg_100g;cholesterol_mg_100g,EST_PERSONAL_018_V1,
FC001809,Kenny Rogers Philippines Corn Muffin (estimate),Unavailable,False,0,0,kcal_100g;protein_g_100g;carbs_g_100g;fat_g_100g;fiber_g_100g;sugar_g_100g;sodium_mg_100g;cholesterol_mg_100g,EST_PERSONAL_019_V1,
FC001810,"Biscuit, cocohoney",Verified,True,8,0,,,
FC001811,Coconut cotyledon,Verified,True,8,0,,,
FC001812,"Coconut, heart of palm",Verified,False,7,0,sugar_g_100g,,
FC001813,Himbaba-o flower,Verified,True,8,0,,,
FC001814,"Himbaba-o flower, boiled",Verified,True,8,0,,,
FC001815,"Mustard lvs, pickled",Verified,False,7,0,sugar_g_100g,,
FC001816,"Mustard lvs, salted",Verified,False,7,0,sugar_g_100g,,
FC001817,"Olive, green, in brine",Verified,False,7,0,sugar_g_100g,,
FC001818,"Olive, ripe, in brine",Verified,True,8,0,,,
FC001819,Pickle relish,Verified,True,8,0,,,
FC001820,"Pickles, mixed",Verified,True,8,0,,,
FC001821,"Pickles, whole, gherkins",Verified,True,8,0,,,
FC001822,"Pimiento, cnd",Verified,True,8,0,,,
FC001823,"Radish, salted, cnd",Verified,False,7,0,sugar_g_100g,,
FC001824,"Batwan, immature fruit, raw",Verified,True,8,0,,,
FC001825,"Banana cracker, sweetn",Verified,False,4,0,fiber_g_100g;sugar_g_100g;sodium_mg_100g;cholesterol_mg_100g,,
FC001826,Dikyam,Verified,False,5,0,fiber_g_100g;sugar_g_100g;sodium_mg_100g,,
FC001827,"Beef blood, bbq",Verified,False,4,0,fiber_g_100g;sugar_g_100g;sodium_mg_100g;cholesterol_mg_100g,,
FC001828,"Chicken head, bbq",Verified,False,5,0,sugar_g_100g;sodium_mg_100g;cholesterol_mg_100g,,
FC001829,Beef spread,Verified,True,8,0,,,
FC001830,"Beef, sweet cured",Verified,False,6,0,sugar_g_100g;cholesterol_mg_100g,,
FC001831,"Ham, deviled spread",Verified,True,8,0,,,
FC001832,"Luncheon meat, deviled spread",Verified,True,8,0,,,
FC001833,"Potted meat spread, w/ cereal, cnd",Verified,True,8,0,,,
FC001834,"Sausage, bologna",Verified,True,8,0,,,
FC001835,"Sausage, frankfurter",Verified,True,8,0,,,
FC001836,"Sausage, ham",Verified,True,8,0,,,
FC001837,"Sausage, mortadella",Verified,True,8,0,,,
FC001838,"Sausage, salami",Verified,True,8,0,,,
FC001839,"Sausage, Vienna, tidbits",Verified,True,8,0,,,
FC001840,"Chicken blood, bbq",Verified,False,7,0,sugar_g_100g,,
FC001841,"Pork skin, seasoned, roasted",Unavailable,False,0,0,kcal_100g;protein_g_100g;carbs_g_100g;fat_g_100g;fiber_g_100g;sugar_g_100g;sodium_mg_100g;cholesterol_mg_100g,,
FC001842,"Tuna spread, cnd",Unavailable,False,0,0,kcal_100g;protein_g_100g;carbs_g_100g;fat_g_100g;fiber_g_100g;sugar_g_100g;sodium_mg_100g;cholesterol_mg_100g,,
FC001843,"Breadfruit, candied",Verified,False,7,0,fiber_g_100g,,
FC001844,"Candy bar, pili nut",Verified,True,8,0,,,
FC001845,"Candy, pili nut",Verified,False,6,0,fiber_g_100g;sugar_g_100g,,
FC001846,"Candy, pulled",Verified,True,8,0,,,
FC001847,"Carageenan gel, assorted fruit-flvr",Verified,True,8,0,,,
FC001848,Caramelo,Verified,True,8,0,,,
FC001849,"Fudge, durian",Verified,True,8,0,,,
FC001850,"Fudge, jackfruit",Verified,True,8,0,,,
FC001851,"Jam, jackfruit & pineapple, cnd",Verified,True,8,0,,,
FC001852,"Jelly, pineapple",Verified,True,8,0,,,
FC001853,Masareal,Verified,True,8,0,,,
FC001854,"Milk choc bar, orange crunch",Verified,True,8,0,,,
FC001855,"Nata de piña, sweetn",Verified,True,8,0,,,
FC001856,Syrup,Verified,True,8,0,,,
FC001857,"Wax gourd, candied",Verified,True,8,0,,,
FC001858,"Coconut meat, grated, sweetn",Verified,True,8,0,,,
FC001859,Jellies,Other source,True,0,8,,,
FC001860,Molasses,Other source,True,0,8,,,
FC001861,"Syrup, Cane",Other source,True,0,8,,,
FC001862,"Candies, hard",Other source,True,0,8,,,
FC001863,"Sherbet, orange",Other source,True,0,8,,,
FC001864,"Candies, Tamarind",Other source,True,0,8,,,
FC001865,"Candies, caramels",Other source,True,0,8,,,
FC001866,"Marmalade, orange",Other source,True,0,8,,,
FC001867,"Candies, jellybeans",Other source,True,0,8,,,
FC001868,"Candies, peanut bar",Other source,True,0,8,,,
FC001869,"Ice creams, vanilla",Other source,True,0,8,,,
FC001870,"Toppings, pineapple",Other source,True,0,8,,,
FC001871,"Toppings, strawberry",Other source,True,0,8,,,
FC001872,"Candies, butterscotch",Other source,True,0,8,,,
FC001873,"Ice creams, chocolate",Other source,True,0,8,,,
FC001874,"Syrup, fruit flavored",Other source,True,0,8,,,
FC001875,"Candies, sesame crunch",Other source,True,0,8,,,
FC001876,"Ice creams, strawberry",Other source,False,0,7,sugar_g_100g,,
FC001877,"Syrup, maple, Canadian",Other source,True,0,8,,,
FC001878,"Candies, milk chocolate",Other source,True,0,8,,,
FC001879,"Toppings, nuts in syrup",Other source,True,0,8,,,
FC001880,"Candies, sweet chocolate",Other source,True,0,8,,,
FC001881,"Candies, white chocolate",Other source,True,0,8,,,
FC001882,"Frozen yogurts, chocolate",Other source,True,0,8,,,
FC001883,"Ice creams, vanilla, rich",Other source,True,0,8,,,
FC001884,"Ice creams, vanilla, light",Other source,True,0,8,,,
FC001885,"Candies, carob, unsweetened",Other source,True,0,8,,,
FC001886,"Ice creams, chocolate, rich",Other source,True,0,8,,,
FC001887,"Pie fillings, apple, canned",Other source,True,0,8,,,
FC001888,"Syrups, corn, high-fructose",Other source,True,0,8,,,
FC001889,"Candies, semisweet chocolate",Other source,True,0,8,,,
FC001890,"Ice creams, chocolate, light",Other source,True,0,8,,,
FC001891,"Pie fillings, canned, cherry",Other source,False,0,7,sugar_g_100g,,
FC001892,"Puddings, rice, ready-to-eat",Other source,True,0,8,,,
FC001893,"Snacks, fruit leather, rolls",Other source,True,0,8,,,
FC001894,"Candies, nougat, with almonds",Other source,True,0,8,,,
FC001895,"Candies, sugar-coated almonds",Other source,True,0,8,,,
FC001896,"Snacks, fruit leather, pieces",Other source,True,0,8,,,
FC001897,"Syrups, chocolate, fudge-type",Other source,True,0,8,,,
FC001898,"Syrups, table blends, pancake",Other source,True,0,8,,,
FC001899,"Frozen novelties, ice type, pop",Other source,True,0,8,,,
FC001900,"Pie fillings, blueberry, canned",Other source,True,0,8,,,
FC001901,"Puddings, tapioca, ready-to-eat",Other source,True,0,8,,,
FC001902,"Puddings, vanilla, ready-to-eat",Other source,True,0,8,,,
FC001903,"Frozen novelties, ice type, lime",Other source,True,0,8,,,
FC001904,"Candies, fudge, vanilla with nuts",Other source,True,0,8,,,
FC001905,"Puddings, chocolate, ready-to-eat",Other source,True,0,8,,,
FC001906,"Toppings, butterscotch or caramel",Other source,True,0,8,,,
FC001907,Chocolate-flavored hazelnut spread,Other source,True,0,8,,,
FC001908,"Candies, soft fruit and nut squares",Other source,True,0,8,,,
FC001909,"Frozen yogurts, vanilla, soft-serve",Other source,True,0,8,,,
FC001910,"Candies, taffy, prepared-from-recipe",Other source,True,0,8,,,
FC001911,"Frostings, coconut-nut, ready-to-eat",Other source,True,0,8,,,
FC001912,"Frozen novelties, juice type, orange",Other source,True,0,8,,,
FC001913,"Baking chocolate, unsweetened, liquid",Other source,True,0,8,,,
FC001914,"Candies, milk chocolate, with almonds",Other source,True,0,8,,,
FC001915,"Candies, toffee, prepared-from-recipe",Other source,True,0,8,,,
FC001916,"Frozen yogurts, chocolate, soft-serve",Other source,False,0,7,sugar_g_100g,,
FC001917,"Baking chocolate, unsweetened, squares",Other source,True,0,8,,,
FC001918,"Candies, fondant, prepared-from-recipe",Other source,True,0,8,,,
FC001919,"Candies, gumdrops, starch jelly pieces",Other source,True,0,8,,,
FC001920,"Candies, milk chocolate coated peanuts",Other source,True,0,8,,,
FC001921,"Candies, milk chocolate coated raisins",Other source,True,0,8,,,
FC001922,"Candies, praline, prepared-from-recipe",Other source,True,0,8,,,
FC001923,"Frostings, glaze, prepared-from-recipe",Other source,True,0,8,,,
FC001924,"Frozen novelties, fruit and juice bars",Other source,True,0,8,,,
FC001925,"Ice creams, french vanilla, soft-serve",Other source,True,0,8,,,
FC001926,"Ice creams, vanilla, light, soft-serve",Other source,True,0,8,,,
FC001927,"Sweeteners, tabletop, fructose, liquid",Other source,True,0,8,,,
FC001928,"Candies, confectioner's coating, yogurt",Other source,True,0,8,,,
FC001929,"Candies, divinity, prepared-from-recipe",Other source,True,0,8,,,
FC001930,"Candies, sweet chocolate coated fondant",Other source,True,0,8,,,
FC001931,"Candies, truffles, prepared-from-recipe",Other source,True,0,8,,,
FC001932,"Candies, caramels, chocolate-flavor roll",Other source,True,0,8,,,
FC001933,"Frostings, vanilla, creamy, ready-to-eat",Other source,True,0,8,,,
FC001934,"Candies, honey-combed, with peanut butter",Other source,True,0,8,,,
FC001935,"Candies, milk chocolate, with rice cereal",Other source,True,0,8,,,
FC001936,"Candies, fruit snacks, with high vitamin C",Other source,True,0,8,,,
FC001937,"Frostings, chocolate, creamy, ready-to-eat",Other source,True,0,8,,,
FC001938,"Ice creams, vanilla, light, no sugar added",Other source,True,0,8,,,
FC001939,"Syrups, table blends, pancake, with butter",Other source,True,0,8,,,
FC001940,"Candies, coconut bar, not chocolate covered",Other source,True,0,8,,,
FC001941,"Candies, dark chocolate coated coffee beans",Other source,True,0,8,,,
FC001942,"Candies, milk chocolate coated coffee beans",Other source,True,0,8,,,
FC001943,"Desserts, apple crisp, prepared-from-recipe",Other source,True,0,8,,,
FC001944,"Frostings, cream cheese-flavor, ready-to-eat",Other source,True,0,8,,,
FC001945,"Frozen yogurts, flavors other than chocolate",Other source,True,0,8,,,
FC001946,"Ice creams, chocolate, light, no sugar added",Other source,True,0,8,,,
FC001947,"Syrups, table blends, pancake, with 2% maple",Other source,True,0,8,,,
FC001948,"Candies, chocolate covered, caramel with nuts",Other source,True,0,8,,,
FC001949,"Candies, confectioner's coating, butterscotch",Other source,True,0,8,,,
FC001950,"Candies, fudge, vanilla, prepared-from-recipe",Other source,True,0,8,,,
FC001951,"Candies, peanut brittle, prepared-from-recipe",Other source,True,0,8,,,
FC001952,"Frozen novelties, ice type, pineapple-coconut",Other source,False,0,7,sugar_g_100g,,
FC001953,"Candies, confectioner's coating, peanut butter",Other source,True,0,8,,,
FC001954,"Candies, crispy bar with peanut butter filling",Other source,True,0,8,,,
FC001955,"Candies, semisweet chocolate, made with butter",Other source,False,0,7,sugar_g_100g,,
FC001956,"Frozen novelties, juice type, juice with cream",Other source,True,0,8,,,
FC001957,"Syrups, table blends, corn, refiner, and sugar",Other source,False,0,7,sugar_g_100g,,
FC001958,"Candies, fudge, chocolate, prepared-from-recipe",Other source,True,0,8,,,
FC001959,"Pie, peach",Other source,True,0,8,,,
FC001960,"Strudel, apple",Other source,True,0,8,,,
FC001961,"Croissants, apple",Other source,False,0,7,sugar_g_100g,,
FC001962,"Croissants, butter",Other source,True,0,8,,,
FC001963,"Croissants, cheese",Other source,True,0,8,,,
FC001964,"Sweet rolls, cheese",Other source,False,0,7,sugar_g_100g,,
FC001965,"Danish pastry, cheese",Other source,True,0,8,,,
FC001966,"Pie, fried pies, fruit",Other source,True,0,8,,,
FC001967,"Pie, fried pies, lemon",Other source,False,0,7,sugar_g_100g,,
FC001968,"Cake, coffeecake, fruit",Other source,False,0,7,sugar_g_100g,,
FC001969,"Pie, fried pies, cherry",Other source,False,0,7,sugar_g_100g,,
FC001970,"Cake, coffeecake, cheese",Other source,False,0,7,sugar_g_100g,,
FC001971,"Bread, pita, white, enriched",Other source,True,0,8,,,
FC001972,"Crackers, matzo, whole-wheat",Other source,False,0,7,sugar_g_100g,,
FC001973,"Crackers, melba toast, plain",Other source,True,0,8,,,
FC001974,"Crackers, melba toast, wheat",Other source,False,0,7,sugar_g_100g,,
FC001975,"Crackers, rye, wafers, plain",Other source,True,0,8,,,
FC001976,"Crackers, cheese, whole grain",Other source,True,0,8,,,
FC001977,"Muffins, English, whole-wheat",Other source,True,0,8,,,
FC001978,"Rolls, hard (includes kaiser)",Other source,True,0,8,,,
FC001979,"Cookies, oatmeal, with raisins",Other source,False,0,7,cholesterol_mg_100g,,
FC001980,"Crackers, matzo, egg and onion",Other source,False,0,7,sugar_g_100g,,
FC001981,"Crackers, snack, Goya Crackers",Other source,False,0,7,cholesterol_mg_100g,,
FC001982,"Bread, wheat, sprouted, toasted",Other source,True,0,8,,,
FC001983,"Crackers, flavored, fish-shaped",Other source,False,0,7,cholesterol_mg_100g,,
FC001984,"Crackers, rye, wafers, seasoned",Other source,False,0,7,sugar_g_100g,,
FC001985,"Bread, protein (includes gluten)",Other source,True,0,8,,,
FC001986,"Bread, raisin, enriched, toasted",Other source,True,0,8,,,
FC001987,"Crackers, cream, Gamesa Sabrosas",Other source,False,0,7,cholesterol_mg_100g,,
FC001988,"Muffins, blueberry, toaster-type",Other source,True,0,8,,,
FC001989,"Pie, apple, prepared from recipe",Other source,False,0,6,fiber_g_100g;sugar_g_100g,,
FC001990,"Pie, mince, prepared from recipe",Other source,True,0,8,,,
FC001991,"Pie, pecan, prepared from recipe",Other source,False,0,6,fiber_g_100g;sugar_g_100g,,
FC001992,"Danish pastry, cinnamon, enriched",Other source,True,0,8,,,
FC001993,"Pie, cherry, prepared from recipe",Other source,False,0,6,fiber_g_100g;sugar_g_100g,,
FC001994,"Pie, pecan, commercially prepared",Other source,True,0,8,,,
FC001995,"Rolls, hamburger or hotdog, plain",Other source,True,0,8,,,
FC001996,"Cake, sponge, prepared from recipe",Other source,False,0,6,fiber_g_100g;sugar_g_100g,,
FC001997,"Cookies, sugar, refrigerated dough",Other source,True,0,8,,,
FC001998,"Doughnuts, french crullers, glazed",Other source,True,0,8,,,
FC001999,"Pie, cherry, commercially prepared",Other source,True,0,8,,,
FC002000,"Pie, pumpkin, prepared from recipe",Other source,False,0,6,fiber_g_100g;sugar_g_100g,,
FC002001,"Bread, pan dulce, sweet yeast bread",Other source,True,0,8,,,
FC002002,"Cake, sponge, commercially prepared",Other source,True,0,8,,,
FC002003,"Cookies, vanilla wafers, higher fat",Other source,True,0,8,,,
FC002004,"French toast, frozen, ready-to-heat",Other source,False,0,7,sugar_g_100g,,
FC002005,"Pie, pumpkin, commercially prepared",Other source,True,0,8,,,
FC002006,"Bread, french or vienna, whole wheat",Other source,True,0,8,,,
FC002007,"Cookies, oatmeal, refrigerated dough",Other source,False,0,7,sugar_g_100g,,
FC002008,"Muffins, corn, commercially prepared",Other source,True,0,8,,,
FC002009,"Pie, blueberry, prepared from recipe",Other source,False,0,6,fiber_g_100g;sugar_g_100g,,
FC002010,"Waffles, plain, prepared from recipe",Other source,False,0,6,fiber_g_100g;sugar_g_100g,,
FC002011,"Pancakes, plain, prepared from recipe",Other source,False,0,6,fiber_g_100g;sugar_g_100g,,
FC002012,"Pie, blueberry, commercially prepared",Other source,True,0,8,,,
FC002013,"Waffles, plain, frozen, ready-to-heat",Other source,True,0,8,,,
FC002014,"Cake, angelfood, commercially prepared",Other source,False,0,7,sugar_g_100g,,
FC002015,"Cake, fruitcake, commercially prepared",Other source,True,0,8,,,
FC002016,"Crackers, standard snack-type, regular",Other source,True,0,8,,,
FC002017,"Cream puff shell, prepared from recipe",Other source,True,0,8,,,
FC002018,"Bread, irish soda, prepared from recipe",Other source,False,0,7,sugar_g_100g,,
FC002019,"Cake, cheesecake, commercially prepared",Other source,True,0,8,,,
FC002020,"Cake, gingerbread, prepared from recipe",Other source,False,0,6,fiber_g_100g;sugar_g_100g,,
FC002021,"Cake, snack cakes, creme-filled, sponge",Other source,True,0,8,,,
FC002022,"Cookies, animal, with frosting or icing",Other source,True,0,8,,,
FC002023,"Cookies, brownies, prepared from recipe",Other source,False,0,6,fiber_g_100g;sugar_g_100g,,
FC002024,"Cookies, sugar wafer, chocolate-covered",Other source,True,0,8,,,
FC002025,"Pie, Dutch Apple, Commercially Prepared",Other source,True,0,8,,,
FC002026,"Pie, banana cream, prepared from recipe",Other source,True,0,8,,,
FC002027,"Pie, egg custard, commercially prepared",Other source,True,0,8,,,
FC002028,"Rolls, hamburger or hotdog, mixed-grain",Other source,True,0,8,,,
FC002029,"Bread, whole-wheat, prepared from recipe",Other source,True,0,8,,,
FC002030,"Cookie, chocolate, with icing or coating",Other source,True,0,8,,,
FC002031,"Cookies, brownies, commercially prepared",Other source,True,0,8,,,
FC002032,"Cookies, peanut butter sandwich, regular",Other source,True,0,8,,,
FC002033,"Pie, vanilla cream, prepared from recipe",Other source,True,0,8,,,
FC002034,"Rolls, hamburger or hot dog, whole wheat",Other source,True,0,8,,,
FC002035,"Biscuits, mixed grain, refrigerated dough",Other source,False,0,6,fiber_g_100g;sugar_g_100g,,
FC002036,"Bread, multi-grain (includes whole-grain)",Other source,True,0,8,,,
FC002037,"Bread, whole-wheat, commercially prepared",Other source,True,0,8,,,
FC002038,"Cookies, chocolate, made with rice cereal",Other source,True,0,8,,,
FC002039,"Muffins, blueberry, toaster-type, toasted",Other source,True,0,8,,,
FC002040,"Pancakes, blueberry, prepared from recipe",Other source,False,0,6,fiber_g_100g;sugar_g_100g,,
FC002041,"Pie, coconut creme, commercially prepared",Other source,True,0,8,,,
FC002042,"Pie, lemon meringue, prepared from recipe",Other source,False,0,6,fiber_g_100g;sugar_g_100g,,
FC002043,"Bread, protein, (includes gluten), toasted",Other source,True,0,8,,,
FC002044,"Cake, cherry fudge with chocolate frosting",Other source,True,0,8,,,
FC002045,"Cookies, graham crackers, chocolate-coated",Other source,True,0,8,,,
FC002046,"Cookies, peanut butter, refrigerated dough",Other source,False,0,7,sugar_g_100g,,
FC002047,"Crackers, melba toast, plain, without salt",Other source,False,0,7,sugar_g_100g,,
FC002048,"Pancakes, buttermilk, prepared from recipe",Other source,False,0,6,fiber_g_100g;sugar_g_100g,,
FC002049,"Pie, lemon meringue, commercially prepared",Other source,True,0,8,,,
FC002050,"Waffles, buttermilk, frozen, ready-to-heat",Other source,True,0,8,,,
FC002051,"Cookies, chocolate chip, refrigerated dough",Other source,True,0,8,,,
FC002052,"Pie, chocolate creme, commercially prepared",Other source,True,0,8,,,
FC002053,"Pie, coconut custard, commercially prepared",Other source,False,0,7,sugar_g_100g,,
FC002054,"Biscuits, plain or buttermilk, frozen, baked",Other source,True,0,8,,,
FC002055,"Bread, french or vienna (includes sourdough)",Other source,True,0,8,,,
FC002056,"Bread, white, commercially prepared, toasted",Other source,True,0,8,,,
FC002057,"Cookies, peanut butter, prepared from recipe",Other source,False,0,6,fiber_g_100g;sugar_g_100g,,
FC002058,"Cookies, vanilla sandwich with creme filling",Other source,True,0,8,,,
FC002059,"Pretzels, soft",Other source,True,0,8,,,
FC002060,"Snacks, corn cakes",Other source,True,0,8,,,
FC002061,"Snacks, taro chips",Other source,True,0,8,,,
FC002062,"Snacks, banana chips",Other source,True,0,8,,,
FC002063,"Snacks, potato sticks",Other source,True,0,8,,,
FC002064,"Snacks, popcorn, cakes",Other source,True,0,8,,,
FC002065,"Snacks, shrimp cracker",Other source,True,0,8,,,
FC002066,"Pretzels, soft, unsalted",Other source,True,0,8,,,
FC002067,"Snacks, brown rice chips",Other source,True,0,8,,,
FC002068,"Snacks, pork skins, plain",Other source,True,0,8,,,
FC002069,"Snacks, bagel chips, plain",Other source,True,0,8,,,
FC002070,"Snacks, pita chips, salted",Other source,True,0,8,,,
FC002071,"Snacks, trail mix, regular",Other source,False,0,6,fiber_g_100g;sugar_g_100g,,
FC002072,"Snacks, beef sticks, smoked",Other source,False,0,6,fiber_g_100g;sugar_g_100g,,
FC002073,"Snacks, popcorn, air-popped",Other source,True,0,8,,,
FC002074,"Snacks, trail mix, tropical",Other source,False,0,6,fiber_g_100g;sugar_g_100g,,
FC002075,"Snacks, plantain chips, salted",Other source,True,0,8,,,
FC002076,"Snacks, popcorn, cheese-flavor",Other source,True,0,8,,,
FC002077,"Snacks, crisped rice bar, almond",Other source,False,0,7,sugar_g_100g,,
FC002078,"Snacks, oriental mix, rice-based",Other source,True,0,8,,,
FC002079,"Snacks, cornnuts, barbecue-flavor",Other source,False,0,7,sugar_g_100g,,
FC002080,"Snacks, granola bars, hard, plain",Other source,True,0,8,,,
FC002081,"Snacks, granola bars, hard, almond",Other source,False,0,7,sugar_g_100g,,
FC002082,"Snacks, pork skins, barbecue-flavor",Other source,False,0,6,fiber_g_100g;sugar_g_100g,,
FC002083,"Snacks, potato chips, cheese-flavor",Other source,False,0,7,sugar_g_100g,,
FC002084,"Snacks, potato chips, plain, salted",Other source,True,0,8,,,
FC002085,"Snacks, rice cakes, brown rice, rye",Other source,False,0,7,sugar_g_100g,,
FC002086,"Snacks, soy chips or crisps, salted",Other source,True,0,8,,,
FC002087,"Snacks, tortilla chips, taco-flavor",Other source,False,0,7,sugar_g_100g,,
FC002088,"Snacks, granola bites, mixed flavors",Other source,True,0,8,,,
FC002089,"Snacks, potato chips, lightly salted",Other source,True,0,8,,,
FC002090,"Snacks, rice cakes, brown rice, corn",Other source,False,0,7,sugar_g_100g,,
FC002091,"Snacks, sweet potato chips, unsalted",Other source,True,0,8,,,
FC002092,"Snacks, tortilla chips, nacho cheese",Other source,True,0,8,,,
FC002093,"Snacks, tortilla chips, ranch-flavor",Other source,False,0,7,cholesterol_mg_100g,,
FC002094,"Snacks, trail mix, regular, unsalted",Other source,False,0,6,fiber_g_100g;sugar_g_100g,,
FC002095,"Snacks, potato chips, barbecue-flavor",Other source,True,0,8,,,
FC002096,"Snacks, potato chips, plain, unsalted",Other source,True,0,8,,,
FC002097,"Snacks, pretzels, hard, plain, salted",Other source,True,0,8,,,
FC002098,"Snacks, yucca (cassava) chips, salted",Other source,False,0,7,cholesterol_mg_100g,,
FC002099,"Snacks, beef jerky, chopped and formed",Other source,True,0,8,,,
FC002100,"Snacks, peas, roasted, wasabi-flavored",Other source,True,0,8,,,
FC002101,"Snacks, popcorn, air-popped (Unsalted)",Other source,False,0,7,sugar_g_100g,,
FC002102,"Snacks, rice cracker brown rice, plain",Other source,True,0,8,,,
FC002103,"Snacks, crisped rice bar, chocolate chip",Other source,False,0,7,sugar_g_100g,,
FC002104,"Snacks, granola bar, fruit-filled, nonfat",Other source,True,0,8,,,
FC002105,"Snacks, granola bars, hard, peanut butter",Other source,False,0,7,sugar_g_100g,,
FC002106,"Snacks, rice cakes, brown rice, buckwheat",Other source,False,0,7,sugar_g_100g,,
FC002107,"Snacks, corn-based, extruded, chips, plain",Other source,True,0,8,,,
FC002108,"Snacks, corn-based, extruded, cones, plain",Other source,False,0,7,sugar_g_100g,,
FC002109,"Snacks, corn-based, extruded, onion-flavor",Other source,True,0,8,,,
FC002110,"Snacks, granola bars, hard, chocolate chip",Other source,False,0,7,sugar_g_100g,,
FC002111,"Snacks, rice cakes, brown rice, multigrain",Other source,False,0,7,sugar_g_100g,,
FC002112,"Snacks, sesame sticks, wheat-based, salted",Other source,True,0,8,,,
FC002113,"Snacks, granola bars, soft, uncoated, plain",Other source,False,0,7,sugar_g_100g,,
FC002114,"Snacks, rice cakes, brown rice, sesame seed",Other source,False,0,7,sugar_g_100g,,
FC002115,"Snacks, granola bars, soft, uncoated, raisin",Other source,False,0,7,sugar_g_100g,,
FC002116,"Snacks, sesame sticks, wheat-based, unsalted",Other source,False,0,6,fiber_g_100g;sugar_g_100g,,
FC002117,"Snacks, tortilla chips, unsalted, white corn",Other source,True,0,8,,,
FC002118,"Snacks, corn-based, extruded, chips, unsalted",Other source,True,0,8,,,
FC002119,"Cheese, goat, hard type",Other source,True,0,8,,,
FC002120,"Cheese, goat, soft type",Other source,True,0,8,,,
FC002121,"Cheese, parmesan, grated",Other source,True,0,8,,,
FC002122,"Cheese, mozzarella, nonfat",Other source,True,0,8,,,
FC002123,"Cheese, parmesan, shredded",Other source,True,0,8,,,
FC002124,"Cheese, fresh, queso fresco",Other source,True,0,8,,,
FC002125,"Cheese, goat, semisoft type",Other source,True,0,8,,,
FC002126,"Cheese, ricotta, whole milk",Other source,True,0,8,,,
FC002127,"Cheese, white, queso blanco",Other source,False,0,7,fiber_g_100g,,
FC002128,"Cream, fluid, half and half",Other source,True,0,8,,,
FC002129,"Cream, fluid, heavy whipping",Other source,True,0,8,,,
FC002130,"Cream, fluid, light whipping",Other source,True,0,8,,,
FC002131,"Cheese, dry white, queso seco",Other source,False,0,7,fiber_g_100g,,
FC002132,"Cheese, cheddar, sharp, sliced",Other source,True,0,8,,,
FC002133,"Cheese, mozzarella, whole milk",Other source,True,0,8,,,
FC002134,"Cheese, ricotta, part skim milk",Other source,True,0,8,,,
FC002135,"Cheese, cottage, with vegetables",Other source,True,0,8,,,
FC002136,"Ice cream, soft serve, chocolate",Other source,True,0,8,,,
FC002137,"Cheese, mozzarella, part skim milk",Other source,True,0,8,,,
FC002138,"Cheese, pasteurized process, swiss",Other source,True,0,8,,,
FC002139,"Cheese, american cheddar, imitation",Other source,True,0,8,,,
FC002140,"Cheese, cottage, creamed, with fruit",Other source,True,0,8,,,
FC002141,"Cheese, pasteurized process, pimento",Other source,True,0,8,,,
FC002142,"Ice cream, light, soft serve, chocolate",Other source,True,0,8,,,
FC002143,"Cream, whipped, cream topping, pressurized",Other source,True,0,8,,,
FC002144,"Ice cream, bar or stick, chocolate covered",Other source,True,0,8,,,
FC002145,"Cheese, cottage, creamed, large or small curd",Other source,True,0,8,,,
FC002146,"Cream, fluid, light (coffee cream or table cream)",Other source,True,0,8,,,
FC002147,"Cheese, pasteurized process, American, without added vitamin D",Other source,True,0,8,,,
FC002148,"Cheese, pasteurized process, American, fortified with vitamin D",Other source,True,0,8,,,
FC002149,"Salad dressing, coleslaw",Other source,True,0,8,,,
FC002150,"Salad dressing, sweet and sour",Other source,True,0,8,,,
FC002151,"Butter, light, stick, with salt",Other source,True,0,8,,,
FC002152,"Salad dressing, bacon and tomato",Other source,True,0,8,,,
FC002153,"Salad dressing, buttermilk, lite",Other source,True,0,8,,,
FC002154,"Salad dressing, russian dressing",Other source,True,0,8,,,
FC002155,"Margarine,spread, 35-39% fat, tub",Other source,True,0,8,,,
FC002156,"Salad dressing, mayonnaise, light",Other source,True,0,8,,,
FC002157,"Salad dressing, poppyseed, creamy",Other source,True,0,8,,,
FC002158,"Butter, light, stick, without salt",Other source,True,0,8,,,
FC002159,"Salad dressing, french, home recipe",Other source,False,0,7,sugar_g_100g,,
FC002160,"Salad dressing, mayonnaise, regular",Other source,True,0,8,,,
FC002161,"Salad dressing, green goddess, regular",Other source,True,0,8,,,
FC002162,"Salad dressing, honey mustard, regular",Other source,True,0,8,,,
FC002163,"Salad dressing, mayonnaise-type, light",Other source,True,0,8,,,
FC002164,"Salad dressing, ranch dressing, regular",Other source,True,0,8,,,
FC002165,"Salad dressing, caesar dressing, regular",Other source,True,0,8,,,
FC002166,"Salad dressing, home recipe, vinegar and oil",Other source,True,0,8,,,
FC002167,"Salad dressing, sesame seed dressing, regular",Other source,True,0,8,,,
FC002168,"Salad dressing, mayonnaise, imitation, soybean",Other source,True,0,8,,,
FC002169,"Restaurant, Chinese, lemon chicken",Other source,True,0,8,,,
FC002170,"Restaurant, family style, coleslaw",Other source,True,0,8,,,
FC002171,"Restaurant, Chinese, orange chicken",Other source,True,0,8,,,
FC002172,"Restaurant, Chinese, sesame chicken",Other source,True,0,8,,,
FC002173,"Restaurant, Chinese, kung pao chicken",Other source,True,0,8,,,
FC002174,"Restaurant, family style, hash browns",Other source,False,0,7,cholesterol_mg_100g,,
FC002175,"Restaurant, family style, onion rings",Other source,False,0,7,cholesterol_mg_100g,,
FC002176,"Restaurant, Chinese, chicken chow mein",Other source,True,0,8,,,
FC002177,"Restaurant, Italian, lasagna with meat",Other source,True,0,8,,,
FC002178,"Restaurant, family style, french fries",Other source,True,0,8,,,
FC002179,"Restaurant, Chinese, beef and vegetables",Other source,True,0,8,,,
FC002180,"Restaurant, Chinese, egg rolls, assorted",Other source,False,0,7,sugar_g_100g,,
FC002181,"Restaurant, Chinese, sweet and sour pork",Other source,True,0,8,,,
FC002182,"Restaurant, family style, chicken tenders",Other source,True,0,8,,,
FC002183,"Restaurant, Chinese, shrimp and vegetables",Other source,True,0,8,,,
FC002184,"Restaurant, Chinese, chicken and vegetables",Other source,True,0,8,,,
FC002185,"Restaurant, Chinese, sweet and sour chicken",Other source,True,0,8,,,
FC002186,"Restaurant, Chinese, fried rice, without meat",Other source,True,0,8,,,
FC002187,"Restaurant, Italian, spaghetti with meat sauce",Other source,True,0,8,,,
FC002188,"Restaurant, family style, fried mozzarella sticks",Other source,True,0,8,,,
FC002189,"Restaurant, family style, spaghetti and meatballs",Other source,True,0,8,,,
FC002190,"Restaurant, Italian, chicken parmesan without pasta",Other source,True,0,8,,,
FC002191,"Restaurant, family style, chili with meat and beans",Other source,True,0,8,,,
FC002192,"Restaurant, family style, shrimp, breaded and fried",Other source,True,0,8,,,
FC002193,"Restaurant, Chinese, vegetable lo mein, without meat",Other source,True,0,8,,,
FC002194,"Sauce, alfredo mix, dry",Other source,True,0,8,,,
FC002195,"Sauce, hot chile, sriracha",Other source,False,0,7,cholesterol_mg_100g,,
FC002196,"Sauce, steak, tomato based",Other source,True,0,8,,,
FC002197,"Sauce, duck, ready-to-serve",Other source,True,0,8,,,
FC002198,"Sauce, plum, ready-to-serve",Other source,False,0,7,sugar_g_100g,,
FC002199,"Sauce, cheese sauce mix, dry",Other source,True,0,8,,,
FC002200,"Sauce, salsa, ready-to-serve",Other source,True,0,8,,,
FC002201,"Soup, beef broth, cubed, dry",Other source,True,0,8,,,
FC002202,"Sauce, cheese, ready-to-serve",Other source,True,0,8,,,
FC002203,"Sauce, hoisin, ready-to-serve",Other source,True,0,8,,,
FC002204,"Sauce, homemade, white, thick",Other source,True,0,8,,,
FC002205,"Sauce, oyster, ready-to-serve",Other source,True,0,8,,,
FC002206,"Sauce, tartar, ready-to-serve",Other source,True,0,8,,,
FC002207,"Sauce, homemade, white, medium",Other source,True,0,8,,,
FC002208,"Soup, chicken broth cubes, dry",Other source,True,0,8,,,
FC002209,"Soup, onion, canned, condensed",Other source,True,0,8,,,
FC002210,"Jollibee Philippines Chickenjoy, original, edible chicken only (estimate)",Unavailable,False,0,0,kcal_100g;protein_g_100g;carbs_g_100g;fat_g_100g;fiber_g_100g;sugar_g_100g;sodium_mg_100g;cholesterol_mg_100g,EST_PH_RESTAURANT_001_V1,
FC002211,"Jollibee Philippines Chickenjoy, spicy, edible chicken only (estimate)",Unavailable,False,0,0,kcal_100g;protein_g_100g;carbs_g_100g;fat_g_100g;fiber_g_100g;sugar_g_100g;sodium_mg_100g;cholesterol_mg_100g,EST_PH_RESTAURANT_002_V1,
FC002212,"Jollibee Philippines Yumburger, sandwich only (estimate)",Unavailable,False,0,0,kcal_100g;protein_g_100g;carbs_g_100g;fat_g_100g;fiber_g_100g;sugar_g_100g;sodium_mg_100g;cholesterol_mg_100g,EST_PH_RESTAURANT_003_V1,
FC002213,"Jollibee Philippines Cheesy Yumburger, sandwich only (estimate)",Unavailable,False,0,0,kcal_100g;protein_g_100g;carbs_g_100g;fat_g_100g;fiber_g_100g;sugar_g_100g;sodium_mg_100g;cholesterol_mg_100g,EST_PH_RESTAURANT_004_V1,
FC002214,"Jollibee Philippines Double Cheesy Yumburger, sandwich only (estimate)",Unavailable,False,0,0,kcal_100g;protein_g_100g;carbs_g_100g;fat_g_100g;fiber_g_100g;sugar_g_100g;sodium_mg_100g;cholesterol_mg_100g,EST_PH_RESTAURANT_005_V1,
FC002215,"Jollibee Philippines Bacon Cheesy Yumburger, sandwich only (estimate)",Unavailable,False,0,0,kcal_100g;protein_g_100g;carbs_g_100g;fat_g_100g;fiber_g_100g;sugar_g_100g;sodium_mg_100g;cholesterol_mg_100g,EST_PH_RESTAURANT_006_V1,
FC002216,"Jollibee Philippines Champ, sandwich only (estimate)",Unavailable,False,0,0,kcal_100g;protein_g_100g;carbs_g_100g;fat_g_100g;fiber_g_100g;sugar_g_100g;sodium_mg_100g;cholesterol_mg_100g,EST_PH_RESTAURANT_007_V1,
FC002217,"Jollibee Philippines Champ Jr., sandwich only (estimate)",Unavailable,False,0,0,kcal_100g;protein_g_100g;carbs_g_100g;fat_g_100g;fiber_g_100g;sugar_g_100g;sodium_mg_100g;cholesterol_mg_100g,EST_PH_RESTAURANT_008_V1,
FC002218,"Jollibee Philippines Amazing Aloha Champ Jr., sandwich only (estimate)",Unavailable,False,0,0,kcal_100g;protein_g_100g;carbs_g_100g;fat_g_100g;fiber_g_100g;sugar_g_100g;sodium_mg_100g;cholesterol_mg_100g,EST_PH_RESTAURANT_009_V1,
FC002219,"Jollibee Philippines Jolly Spaghetti, pasta and sauce only (estimate)",Unavailable,False,0,0,kcal_100g;protein_g_100g;carbs_g_100g;fat_g_100g;fiber_g_100g;sugar_g_100g;sodium_mg_100g;cholesterol_mg_100g,EST_PH_RESTAURANT_010_V1,
FC002220,"Jollibee Philippines Palabok, noodles and toppings only (estimate)",Unavailable,False,0,0,kcal_100g;protein_g_100g;carbs_g_100g;fat_g_100g;fiber_g_100g;sugar_g_100g;sodium_mg_100g;cholesterol_mg_100g,EST_PH_RESTAURANT_011_V1,
FC002221,"Jollibee Philippines Burger Steak, patty and gravy only (estimate)",Unavailable,False,0,0,kcal_100g;protein_g_100g;carbs_g_100g;fat_g_100g;fiber_g_100g;sugar_g_100g;sodium_mg_100g;cholesterol_mg_100g,EST_PH_RESTAURANT_012_V1,
FC002222,"Jollibee Philippines Pepper Cream Chicken Fillet, fillet and sauce only (estimate)",Unavailable,False,0,0,kcal_100g;protein_g_100g;carbs_g_100g;fat_g_100g;fiber_g_100g;sugar_g_100g;sodium_mg_100g;cholesterol_mg_100g,EST_PH_RESTAURANT_013_V1,
FC002223,"Jollibee Philippines Crunchy Chicken Sandwich, sandwich only (estimate)",Unavailable,False,0,0,kcal_100g;protein_g_100g;carbs_g_100g;fat_g_100g;fiber_g_100g;sugar_g_100g;sodium_mg_100g;cholesterol_mg_100g,EST_PH_RESTAURANT_014_V1,
FC002224,"Jollibee Philippines Cheesy Classic Jolly Hotdog, sandwich only (estimate)",Unavailable,False,0,0,kcal_100g;protein_g_100g;carbs_g_100g;fat_g_100g;fiber_g_100g;sugar_g_100g;sodium_mg_100g;cholesterol_mg_100g,EST_PH_RESTAURANT_015_V1,
FC002225,Jollibee Philippines Peach Mango Pie (estimate),Unavailable,False,0,0,kcal_100g;protein_g_100g;carbs_g_100g;fat_g_100g;fiber_g_100g;sugar_g_100g;sodium_mg_100g;cholesterol_mg_100g,EST_PH_RESTAURANT_016_V1,
FC002226,"Jollibee Philippines Chicken Nuggets, no dipping sauce (estimate)",Unavailable,False,0,0,kcal_100g;protein_g_100g;carbs_g_100g;fat_g_100g;fiber_g_100g;sugar_g_100g;sodium_mg_100g;cholesterol_mg_100g,EST_PH_RESTAURANT_017_V1,
FC002227,"Jollibee Philippines Jolly Crispy Fries, no dipping sauce (estimate)",Unavailable,False,0,0,kcal_100g;protein_g_100g;carbs_g_100g;fat_g_100g;fiber_g_100g;sugar_g_100g;sodium_mg_100g;cholesterol_mg_100g,EST_PH_RESTAURANT_018_V1,
FC002228,Jollibee Philippines Mashed Potato with gravy (estimate),Unavailable,False,0,0,kcal_100g;protein_g_100g;carbs_g_100g;fat_g_100g;fiber_g_100g;sugar_g_100g;sodium_mg_100g;cholesterol_mg_100g,EST_PH_RESTAURANT_019_V1,
FC002229,Jollibee Philippines Chicken Macaroni Soup (estimate),Unavailable,False,0,0,kcal_100g;protein_g_100g;carbs_g_100g;fat_g_100g;fiber_g_100g;sugar_g_100g;sodium_mg_100g;cholesterol_mg_100g,EST_PH_RESTAURANT_020_V1,
FC002230,Jollibee Philippines Chocolate Sundae (estimate),Unavailable,False,0,0,kcal_100g;protein_g_100g;carbs_g_100g;fat_g_100g;fiber_g_100g;sugar_g_100g;sodium_mg_100g;cholesterol_mg_100g,EST_PH_RESTAURANT_021_V1,
FC002231,Jollibee Philippines Cookies and Cream Sundae (estimate),Unavailable,False,0,0,kcal_100g;protein_g_100g;carbs_g_100g;fat_g_100g;fiber_g_100g;sugar_g_100g;sodium_mg_100g;cholesterol_mg_100g,EST_PH_RESTAURANT_022_V1,
FC002232,"Jollibee Philippines Iced Latte, modeled milk-coffee mixture (estimate)",Unavailable,False,0,0,kcal_100g;protein_g_100g;carbs_g_100g;fat_g_100g;fiber_g_100g;sugar_g_100g;sodium_mg_100g;cholesterol_mg_100g,EST_PH_RESTAURANT_023_V1,
FC002233,"Jollibee Philippines Iced Mocha, modeled milk-coffee mixture (estimate)",Unavailable,False,0,0,kcal_100g;protein_g_100g;carbs_g_100g;fat_g_100g;fiber_g_100g;sugar_g_100g;sodium_mg_100g;cholesterol_mg_100g,EST_PH_RESTAURANT_024_V1,
FC002234,"Jollibee Philippines Iced Caramel, modeled milk-coffee mixture (estimate)",Unavailable,False,0,0,kcal_100g;protein_g_100g;carbs_g_100g;fat_g_100g;fiber_g_100g;sugar_g_100g;sodium_mg_100g;cholesterol_mg_100g,EST_PH_RESTAURANT_025_V1,
FC002235,"McDonald's Philippines Hamburger, sandwich only (estimate)",Unavailable,False,0,0,kcal_100g;protein_g_100g;carbs_g_100g;fat_g_100g;fiber_g_100g;sugar_g_100g;sodium_mg_100g;cholesterol_mg_100g,EST_PH_RESTAURANT_026_V1,
FC002236,"McDonald's Philippines Cheeseburger, sandwich only (estimate)",Unavailable,False,0,0,kcal_100g;protein_g_100g;carbs_g_100g;fat_g_100g;fiber_g_100g;sugar_g_100g;sodium_mg_100g;cholesterol_mg_100g,EST_PH_RESTAURANT_027_V1,
FC002237,"McDonald's Philippines Big Mac, sandwich only (estimate)",Unavailable,False,0,0,kcal_100g;protein_g_100g;carbs_g_100g;fat_g_100g;fiber_g_100g;sugar_g_100g;sodium_mg_100g;cholesterol_mg_100g,EST_PH_RESTAURANT_028_V1,
FC002238,"McDonald's Philippines Quarter Pounder with Cheese, sandwich only (estimate)",Unavailable,False,0,0,kcal_100g;protein_g_100g;carbs_g_100g;fat_g_100g;fiber_g_100g;sugar_g_100g;sodium_mg_100g;cholesterol_mg_100g,EST_PH_RESTAURANT_029_V1,
FC002239,"McDonald's Philippines Burger McDo, sandwich only (estimate)",Unavailable,False,0,0,kcal_100g;protein_g_100g;carbs_g_100g;fat_g_100g;fiber_g_100g;sugar_g_100g;sodium_mg_100g;cholesterol_mg_100g,EST_PH_RESTAURANT_030_V1,
FC002240,"McDonald's Philippines Cheesy Burger McDo, sandwich only (estimate)",Unavailable,False,0,0,kcal_100g;protein_g_100g;carbs_g_100g;fat_g_100g;fiber_g_100g;sugar_g_100g;sodium_mg_100g;cholesterol_mg_100g,EST_PH_RESTAURANT_031_V1,
FC002241,"McDonald's Philippines Crispy Chicken Sandwich, sandwich only (estimate)",Unavailable,False,0,0,kcal_100g;protein_g_100g;carbs_g_100g;fat_g_100g;fiber_g_100g;sugar_g_100g;sodium_mg_100g;cholesterol_mg_100g,EST_PH_RESTAURANT_032_V1,
FC002242,"McDonald's Philippines Chicken McDo, edible chicken only (estimate)",Unavailable,False,0,0,kcal_100g;protein_g_100g;carbs_g_100g;fat_g_100g;fiber_g_100g;sugar_g_100g;sodium_mg_100g;cholesterol_mg_100g,EST_PH_RESTAURANT_033_V1,
FC002243,"McDonald's Philippines Crispy Chicken Fillet, fillet only (estimate)",Unavailable,False,0,0,kcal_100g;protein_g_100g;carbs_g_100g;fat_g_100g;fiber_g_100g;sugar_g_100g;sodium_mg_100g;cholesterol_mg_100g,EST_PH_RESTAURANT_034_V1,
FC002244,"McDonald's Philippines Crispy Chicken Fillet Ala King, fillet and sauce only (estimate)",Unavailable,False,0,0,kcal_100g;protein_g_100g;carbs_g_100g;fat_g_100g;fiber_g_100g;sugar_g_100g;sodium_mg_100g;cholesterol_mg_100g,EST_PH_RESTAURANT_035_V1,
FC002245,"McDonald's Philippines Mushroom Pepper Steak, patty and sauce only (estimate)",Unavailable,False,0,0,kcal_100g;protein_g_100g;carbs_g_100g;fat_g_100g;fiber_g_100g;sugar_g_100g;sodium_mg_100g;cholesterol_mg_100g,EST_PH_RESTAURANT_036_V1,
FC002246,"McDonald's Philippines Chicken McNuggets, without dip (estimate)",Unavailable,False,0,0,kcal_100g;protein_g_100g;carbs_g_100g;fat_g_100g;fiber_g_100g;sugar_g_100g;sodium_mg_100g;cholesterol_mg_100g,EST_PH_RESTAURANT_037_V1,
FC002247,"McDonald's Philippines Fries, without dip (estimate)",Unavailable,False,0,0,kcal_100g;protein_g_100g;carbs_g_100g;fat_g_100g;fiber_g_100g;sugar_g_100g;sodium_mg_100g;cholesterol_mg_100g,EST_PH_RESTAURANT_038_V1,
FC002248,McDonald's Philippines Hash Browns (estimate),Unavailable,False,0,0,kcal_100g;protein_g_100g;carbs_g_100g;fat_g_100g;fiber_g_100g;sugar_g_100g;sodium_mg_100g;cholesterol_mg_100g,EST_PH_RESTAURANT_039_V1,
FC002249,"McDonald's Philippines Hotcakes, without syrup or butter (estimate)",Unavailable,False,0,0,kcal_100g;protein_g_100g;carbs_g_100g;fat_g_100g;fiber_g_100g;sugar_g_100g;sodium_mg_100g;cholesterol_mg_100g,EST_PH_RESTAURANT_040_V1,
FC002250,"McDonald's Philippines Sausage McMuffin, sandwich only (estimate)",Unavailable,False,0,0,kcal_100g;protein_g_100g;carbs_g_100g;fat_g_100g;fiber_g_100g;sugar_g_100g;sodium_mg_100g;cholesterol_mg_100g,EST_PH_RESTAURANT_041_V1,
FC002251,"McDonald's Philippines Sausage McMuffin with Egg, sandwich only (estimate)",Unavailable,False,0,0,kcal_100g;protein_g_100g;carbs_g_100g;fat_g_100g;fiber_g_100g;sugar_g_100g;sodium_mg_100g;cholesterol_mg_100g,EST_PH_RESTAURANT_042_V1,
FC002252,"McDonald's Philippines Cheesy Eggdesal, sandwich only (estimate)",Unavailable,False,0,0,kcal_100g;protein_g_100g;carbs_g_100g;fat_g_100g;fiber_g_100g;sugar_g_100g;sodium_mg_100g;cholesterol_mg_100g,EST_PH_RESTAURANT_043_V1,
FC002253,"McDonald's Philippines Cheesy Eggdesal with Sausage, sandwich only (estimate)",Unavailable,False,0,0,kcal_100g;protein_g_100g;carbs_g_100g;fat_g_100g;fiber_g_100g;sugar_g_100g;sodium_mg_100g;cholesterol_mg_100g,EST_PH_RESTAURANT_044_V1,
FC002254,McDonald's Philippines Plain Sundae (estimate),Unavailable,False,0,0,kcal_100g;protein_g_100g;carbs_g_100g;fat_g_100g;fiber_g_100g;sugar_g_100g;sodium_mg_100g;cholesterol_mg_100g,EST_PH_RESTAURANT_045_V1,
FC002255,McDonald's Philippines Hot Fudge Sundae (estimate),Unavailable,False,0,0,kcal_100g;protein_g_100g;carbs_g_100g;fat_g_100g;fiber_g_100g;sugar_g_100g;sodium_mg_100g;cholesterol_mg_100g,EST_PH_RESTAURANT_046_V1,
FC002256,McDonald's Philippines Hot Caramel Sundae (estimate),Unavailable,False,0,0,kcal_100g;protein_g_100g;carbs_g_100g;fat_g_100g;fiber_g_100g;sugar_g_100g;sodium_mg_100g;cholesterol_mg_100g,EST_PH_RESTAURANT_047_V1,
FC002257,McDonald's Philippines McFlurry with Oreo (estimate),Unavailable,False,0,0,kcal_100g;protein_g_100g;carbs_g_100g;fat_g_100g;fiber_g_100g;sugar_g_100g;sodium_mg_100g;cholesterol_mg_100g,EST_PH_RESTAURANT_048_V1,
FC002258,McDonald's Philippines McFlurry Strawberry with Oreo (estimate),Unavailable,False,0,0,kcal_100g;protein_g_100g;carbs_g_100g;fat_g_100g;fiber_g_100g;sugar_g_100g;sodium_mg_100g;cholesterol_mg_100g,EST_PH_RESTAURANT_049_V1,
FC002259,McDonald's Philippines McCafe Coffee McFloat (estimate),Unavailable,False,0,0,kcal_100g;protein_g_100g;carbs_g_100g;fat_g_100g;fiber_g_100g;sugar_g_100g;sodium_mg_100g;cholesterol_mg_100g,EST_PH_RESTAURANT_050_V1,
FC002260,"KFC Philippines Original Recipe Chicken, edible chicken only (estimate)",Unavailable,False,0,0,kcal_100g;protein_g_100g;carbs_g_100g;fat_g_100g;fiber_g_100g;sugar_g_100g;sodium_mg_100g;cholesterol_mg_100g,EST_PH_RESTAURANT_051_V1,
FC002261,"KFC Philippines Zinger Burger, sandwich only (estimate)",Unavailable,False,0,0,kcal_100g;protein_g_100g;carbs_g_100g;fat_g_100g;fiber_g_100g;sugar_g_100g;sodium_mg_100g;cholesterol_mg_100g,EST_PH_RESTAURANT_052_V1,
FC002262,"KFC Philippines Chicken Burger, sandwich only (estimate)",Unavailable,False,0,0,kcal_100g;protein_g_100g;carbs_g_100g;fat_g_100g;fiber_g_100g;sugar_g_100g;sodium_mg_100g;cholesterol_mg_100g,EST_PH_RESTAURANT_053_V1,
FC002263,"KFC Philippines Flavor Shots, chicken bites only (estimate)",Unavailable,False,0,0,kcal_100g;protein_g_100g;carbs_g_100g;fat_g_100g;fiber_g_100g;sugar_g_100g;sodium_mg_100g;cholesterol_mg_100g,EST_PH_RESTAURANT_054_V1,
FC002264,KFC Philippines Famous Bowl (estimate),Unavailable,False,0,0,kcal_100g;protein_g_100g;carbs_g_100g;fat_g_100g;fiber_g_100g;sugar_g_100g;sodium_mg_100g;cholesterol_mg_100g,EST_PH_RESTAURANT_055_V1,
FC002265,"KFC Philippines Ala King Zinger Steak, fillet and sauce only (estimate)",Unavailable,False,0,0,kcal_100g;protein_g_100g;carbs_g_100g;fat_g_100g;fiber_g_100g;sugar_g_100g;sodium_mg_100g;cholesterol_mg_100g,EST_PH_RESTAURANT_056_V1,
FC002266,KFC Philippines Ala King Rice Bowl (estimate),Unavailable,False,0,0,kcal_100g;protein_g_100g;carbs_g_100g;fat_g_100g;fiber_g_100g;sugar_g_100g;sodium_mg_100g;cholesterol_mg_100g,EST_PH_RESTAURANT_057_V1,
FC002267,"KFC Philippines Spaghetti, pasta and sauce only (estimate)",Unavailable,False,0,0,kcal_100g;protein_g_100g;carbs_g_100g;fat_g_100g;fiber_g_100g;sugar_g_100g;sodium_mg_100g;cholesterol_mg_100g,EST_PH_RESTAURANT_058_V1,
FC002268,KFC Philippines Mashed Potato with gravy (estimate),Unavailable,False,0,0,kcal_100g;protein_g_100g;carbs_g_100g;fat_g_100g;fiber_g_100g;sugar_g_100g;sodium_mg_100g;cholesterol_mg_100g,EST_PH_RESTAURANT_059_V1,
FC002269,KFC Philippines Buttered Corn (estimate),Unavailable,False,0,0,kcal_100g;protein_g_100g;carbs_g_100g;fat_g_100g;fiber_g_100g;sugar_g_100g;sodium_mg_100g;cholesterol_mg_100g,EST_PH_RESTAURANT_060_V1,
FC002270,KFC Philippines Mushroom Soup (estimate),Unavailable,False,0,0,kcal_100g;protein_g_100g;carbs_g_100g;fat_g_100g;fiber_g_100g;sugar_g_100g;sodium_mg_100g;cholesterol_mg_100g,EST_PH_RESTAURANT_061_V1,
FC002271,"KFC Philippines Zinger Double Down, sandwich only (estimate)",Unavailable,False,0,0,kcal_100g;protein_g_100g;carbs_g_100g;fat_g_100g;fiber_g_100g;sugar_g_100g;sodium_mg_100g;cholesterol_mg_100g,EST_PH_RESTAURANT_062_V1,
FC002272,"KFC Philippines Original Recipe Double Down, sandwich only (estimate)",Unavailable,False,0,0,kcal_100g;protein_g_100g;carbs_g_100g;fat_g_100g;fiber_g_100g;sugar_g_100g;sodium_mg_100g;cholesterol_mg_100g,EST_PH_RESTAURANT_063_V1,
FC002273,"KFC Philippines AM Egg Pandesal, sandwich only (estimate)",Unavailable,False,0,0,kcal_100g;protein_g_100g;carbs_g_100g;fat_g_100g;fiber_g_100g;sugar_g_100g;sodium_mg_100g;cholesterol_mg_100g,EST_PH_RESTAURANT_064_V1,
FC002274,KFC Philippines AM Steak Rice Bowl (estimate),Unavailable,False,0,0,kcal_100g;protein_g_100g;carbs_g_100g;fat_g_100g;fiber_g_100g;sugar_g_100g;sodium_mg_100g;cholesterol_mg_100g,EST_PH_RESTAURANT_065_V1,
FC002275,KFC Philippines AM Cheese Hotdog Rice Bowl (estimate),Unavailable,False,0,0,kcal_100g;protein_g_100g;carbs_g_100g;fat_g_100g;fiber_g_100g;sugar_g_100g;sodium_mg_100g;cholesterol_mg_100g,EST_PH_RESTAURANT_066_V1,
FC002276,"Mang Inasal Philippines Chicken Inasal Paa, edible chicken only (estimate)",Unavailable,False,0,0,kcal_100g;protein_g_100g;carbs_g_100g;fat_g_100g;fiber_g_100g;sugar_g_100g;sodium_mg_100g;cholesterol_mg_100g,EST_PH_RESTAURANT_067_V1,
FC002277,"Mang Inasal Philippines Chicken Inasal Pecho, edible chicken only (estimate)",Unavailable,False,0,0,kcal_100g;protein_g_100g;carbs_g_100g;fat_g_100g;fiber_g_100g;sugar_g_100g;sodium_mg_100g;cholesterol_mg_100g,EST_PH_RESTAURANT_068_V1,
FC002278,"Mang Inasal Philippines Pork BBQ, meat only (estimate)",Unavailable,False,0,0,kcal_100g;protein_g_100g;carbs_g_100g;fat_g_100g;fiber_g_100g;sugar_g_100g;sodium_mg_100g;cholesterol_mg_100g,EST_PH_RESTAURANT_069_V1,
FC002279,"Mang Inasal Philippines Spicy Pork BBQ, meat only (estimate)",Unavailable,False,0,0,kcal_100g;protein_g_100g;carbs_g_100g;fat_g_100g;fiber_g_100g;sugar_g_100g;sodium_mg_100g;cholesterol_mg_100g,EST_PH_RESTAURANT_070_V1,
FC002280,"Mang Inasal Philippines Grilled Liempo, meat only (estimate)",Unavailable,False,0,0,kcal_100g;protein_g_100g;carbs_g_100g;fat_g_100g;fiber_g_100g;sugar_g_100g;sodium_mg_100g;cholesterol_mg_100g,EST_PH_RESTAURANT_071_V1,
FC002281,"Mang Inasal Philippines Sizzling Liempo, meat and assumed sauce only (estimate)",Unavailable,False,0,0,kcal_100g;protein_g_100g;carbs_g_100g;fat_g_100g;fiber_g_100g;sugar_g_100g;sodium_mg_100g;cholesterol_mg_100g,EST_PH_RESTAURANT_072_V1,
FC002282,"Mang Inasal Philippines Pork Sisig, dish only (estimate)",Unavailable,False,0,0,kcal_100g;protein_g_100g;carbs_g_100g;fat_g_100g;fiber_g_100g;sugar_g_100g;sodium_mg_100g;cholesterol_mg_100g,EST_PH_RESTAURANT_073_V1,
FC002283,"Mang Inasal Philippines Bangus Sisig, dish only (estimate)",Unavailable,False,0,0,kcal_100g;protein_g_100g;carbs_g_100g;fat_g_100g;fiber_g_100g;sugar_g_100g;sodium_mg_100g;cholesterol_mg_100g,EST_PH_RESTAURANT_074_V1,
FC002284,"Mang Inasal Philippines Palabok, noodles and toppings only (estimate)",Unavailable,False,0,0,kcal_100g;protein_g_100g;carbs_g_100g;fat_g_100g;fiber_g_100g;sugar_g_100g;sodium_mg_100g;cholesterol_mg_100g,EST_PH_RESTAURANT_075_V1,
FC002285,"Mang Inasal Philippines Lumpiang Togue, roll only (estimate)",Unavailable,False,0,0,kcal_100g;protein_g_100g;carbs_g_100g;fat_g_100g;fiber_g_100g;sugar_g_100g;sodium_mg_100g;cholesterol_mg_100g,EST_PH_RESTAURANT_076_V1,
FC002286,Mang Inasal Philippines Extra Creamy Halo-Halo (estimate),Unavailable,False,0,0,kcal_100g;protein_g_100g;carbs_g_100g;fat_g_100g;fiber_g_100g;sugar_g_100g;sodium_mg_100g;cholesterol_mg_100g,EST_PH_RESTAURANT_077_V1,
FC002287,Mang Inasal Philippines Crema de Leche Halo-Halo (estimate),Unavailable,False,0,0,kcal_100g;protein_g_100g;carbs_g_100g;fat_g_100g;fiber_g_100g;sugar_g_100g;sodium_mg_100g;cholesterol_mg_100g,EST_PH_RESTAURANT_078_V1,
FC002288,"Chowking Philippines Pork Chao Fan, rice only (estimate)",Unavailable,False,0,0,kcal_100g;protein_g_100g;carbs_g_100g;fat_g_100g;fiber_g_100g;sugar_g_100g;sodium_mg_100g;cholesterol_mg_100g,EST_PH_RESTAURANT_079_V1,
FC002289,"Chowking Philippines Beef Chao Fan, rice only (estimate)",Unavailable,False,0,0,kcal_100g;protein_g_100g;carbs_g_100g;fat_g_100g;fiber_g_100g;sugar_g_100g;sodium_mg_100g;cholesterol_mg_100g,EST_PH_RESTAURANT_080_V1,
FC002290,"Chowking Philippines Spicy Chao Fan, rice only (estimate)",Unavailable,False,0,0,kcal_100g;protein_g_100g;carbs_g_100g;fat_g_100g;fiber_g_100g;sugar_g_100g;sodium_mg_100g;cholesterol_mg_100g,EST_PH_RESTAURANT_081_V1,
FC002291,"Chowking Philippines Chinese-Style Fried Chicken, edible chicken only (estimate)",Unavailable,False,0,0,kcal_100g;protein_g_100g;carbs_g_100g;fat_g_100g;fiber_g_100g;sugar_g_100g;sodium_mg_100g;cholesterol_mg_100g,EST_PH_RESTAURANT_082_V1,
FC002292,Chowking Philippines Chunky Asado Siopao (estimate),Unavailable,False,0,0,kcal_100g;protein_g_100g;carbs_g_100g;fat_g_100g;fiber_g_100g;sugar_g_100g;sodium_mg_100g;cholesterol_mg_100g,EST_PH_RESTAURANT_083_V1,
FC002293,Chowking Philippines Bola-Bola Siopao (estimate),Unavailable,False,0,0,kcal_100g;protein_g_100g;carbs_g_100g;fat_g_100g;fiber_g_100g;sugar_g_100g;sodium_mg_100g;cholesterol_mg_100g,EST_PH_RESTAURANT_084_V1,
FC002294,"Chowking Philippines Pork Siomai, no dipping sauce (estimate)",Unavailable,False,0,0,kcal_100g;protein_g_100g;carbs_g_100g;fat_g_100g;fiber_g_100g;sugar_g_100g;sodium_mg_100g;cholesterol_mg_100g,EST_PH_RESTAURANT_085_V1,
FC002295,"Chowking Philippines Beef Siomai, no dipping sauce (estimate)",Unavailable,False,0,0,kcal_100g;protein_g_100g;carbs_g_100g;fat_g_100g;fiber_g_100g;sugar_g_100g;sodium_mg_100g;cholesterol_mg_100g,EST_PH_RESTAURANT_086_V1,
FC002296,Chowking Philippines Pancit Canton (estimate),Unavailable,False,0,0,kcal_100g;protein_g_100g;carbs_g_100g;fat_g_100g;fiber_g_100g;sugar_g_100g;sodium_mg_100g;cholesterol_mg_100g,EST_PH_RESTAURANT_087_V1,
FC002297,Chowking Philippines Wonton Soup (estimate),Unavailable,False,0,0,kcal_100g;protein_g_100g;carbs_g_100g;fat_g_100g;fiber_g_100g;sugar_g_100g;sodium_mg_100g;cholesterol_mg_100g,EST_PH_RESTAURANT_088_V1,
FC002298,"Chowking Philippines Sweet and Sour Chicken, dish only (estimate)",Unavailable,False,0,0,kcal_100g;protein_g_100g;carbs_g_100g;fat_g_100g;fiber_g_100g;sugar_g_100g;sodium_mg_100g;cholesterol_mg_100g,EST_PH_RESTAURANT_089_V1,
FC002299,"Chowking Philippines Sweet and Sour Pork, dish only (estimate)",Unavailable,False,0,0,kcal_100g;protein_g_100g;carbs_g_100g;fat_g_100g;fiber_g_100g;sugar_g_100g;sodium_mg_100g;cholesterol_mg_100g,EST_PH_RESTAURANT_090_V1,
FC002300,Chowking Philippines Halo-Halo Supreme (estimate),Unavailable,False,0,0,kcal_100g;protein_g_100g;carbs_g_100g;fat_g_100g;fiber_g_100g;sugar_g_100g;sodium_mg_100g;cholesterol_mg_100g,EST_PH_RESTAURANT_091_V1,
FC002301,Chowking Philippines Chicharap (estimate),Unavailable,False,0,0,kcal_100g;protein_g_100g;carbs_g_100g;fat_g_100g;fiber_g_100g;sugar_g_100g;sodium_mg_100g;cholesterol_mg_100g,EST_PH_RESTAURANT_092_V1,
FC002302,Chowking Philippines Lotus Buchi (estimate),Unavailable,False,0,0,kcal_100g;protein_g_100g;carbs_g_100g;fat_g_100g;fiber_g_100g;sugar_g_100g;sodium_mg_100g;cholesterol_mg_100g,EST_PH_RESTAURANT_093_V1,
FC002303,Chowking Philippines Choco Buchi (estimate),Unavailable,False,0,0,kcal_100g;protein_g_100g;carbs_g_100g;fat_g_100g;fiber_g_100g;sugar_g_100g;sodium_mg_100g;cholesterol_mg_100g,EST_PH_RESTAURANT_094_V1,
FC002304,"Ramen Kuroda Philippines Shiro Ramen, noodles pork and broth (estimate)",Unavailable,False,0,0,kcal_100g;protein_g_100g;carbs_g_100g;fat_g_100g;fiber_g_100g;sugar_g_100g;sodium_mg_100g;cholesterol_mg_100g,EST_PH_RESTAURANT_095_V1,
FC002305,"Ramen Kuroda Philippines Kuro Ramen, noodles pork and broth (estimate)",Unavailable,False,0,0,kcal_100g;protein_g_100g;carbs_g_100g;fat_g_100g;fiber_g_100g;sugar_g_100g;sodium_mg_100g;cholesterol_mg_100g,EST_PH_RESTAURANT_096_V1,
FC002306,"Ramen Kuroda Philippines Aka Ramen, noodles pork and broth (estimate)",Unavailable,False,0,0,kcal_100g;protein_g_100g;carbs_g_100g;fat_g_100g;fiber_g_100g;sugar_g_100g;sodium_mg_100g;cholesterol_mg_100g,EST_PH_RESTAURANT_097_V1,
FC002307,"Ramen Kuroda Philippines Shiro Chashumen, noodles extra pork and broth (estimate)",Unavailable,False,0,0,kcal_100g;protein_g_100g;carbs_g_100g;fat_g_100g;fiber_g_100g;sugar_g_100g;sodium_mg_100g;cholesterol_mg_100g,EST_PH_RESTAURANT_098_V1,
FC002308,"Ramen Kuroda Philippines Kuro Chashumen, noodles extra pork and broth (estimate)",Unavailable,False,0,0,kcal_100g;protein_g_100g;carbs_g_100g;fat_g_100g;fiber_g_100g;sugar_g_100g;sodium_mg_100g;cholesterol_mg_100g,EST_PH_RESTAURANT_099_V1,
FC002309,"Ramen Kuroda Philippines Aka Chashumen, noodles extra pork and broth (estimate)",Unavailable,False,0,0,kcal_100g;protein_g_100g;carbs_g_100g;fat_g_100g;fiber_g_100g;sugar_g_100g;sodium_mg_100g;cholesterol_mg_100g,EST_PH_RESTAURANT_100_V1,
FC002310,"Ramen Kuroda Philippines Tan Tan Men, noodles pork and broth (estimate)",Unavailable,False,0,0,kcal_100g;protein_g_100g;carbs_g_100g;fat_g_100g;fiber_g_100g;sugar_g_100g;sodium_mg_100g;cholesterol_mg_100g,EST_PH_RESTAURANT_101_V1,
FC002311,"Ramen Kuroda Philippines Curry Ramen, noodles pork and broth (estimate)",Unavailable,False,0,0,kcal_100g;protein_g_100g;carbs_g_100g;fat_g_100g;fiber_g_100g;sugar_g_100g;sodium_mg_100g;cholesterol_mg_100g,EST_PH_RESTAURANT_102_V1,
FC002312,"Ramen Kuroda Philippines Chicken Karaage, chicken only (estimate)",Unavailable,False,0,0,kcal_100g;protein_g_100g;carbs_g_100g;fat_g_100g;fiber_g_100g;sugar_g_100g;sodium_mg_100g;cholesterol_mg_100g,EST_PH_RESTAURANT_103_V1,
FC002313,"Ramen Kuroda Philippines Chicken Nanban, chicken and sauce (estimate)",Unavailable,False,0,0,kcal_100g;protein_g_100g;carbs_g_100g;fat_g_100g;fiber_g_100g;sugar_g_100g;sodium_mg_100g;cholesterol_mg_100g,EST_PH_RESTAURANT_104_V1,
FC002314,"Ramen Kuroda Philippines Gyoza, no dipping sauce (estimate)",Unavailable,False,0,0,kcal_100g;protein_g_100g;carbs_g_100g;fat_g_100g;fiber_g_100g;sugar_g_100g;sodium_mg_100g;cholesterol_mg_100g,EST_PH_RESTAURANT_105_V1,
FC002315,"Ramen Kuroda Philippines Teriyaki Chicken, chicken and sauce only (estimate)",Unavailable,False,0,0,kcal_100g;protein_g_100g;carbs_g_100g;fat_g_100g;fiber_g_100g;sugar_g_100g;sodium_mg_100g;cholesterol_mg_100g,EST_PH_RESTAURANT_106_V1,
FC002316,"Ramen Nagi Philippines Butao Original King, noodles pork and broth (estimate)",Unavailable,False,0,0,kcal_100g;protein_g_100g;carbs_g_100g;fat_g_100g;fiber_g_100g;sugar_g_100g;sodium_mg_100g;cholesterol_mg_100g,EST_PH_RESTAURANT_107_V1,
FC002317,"Ramen Nagi Philippines Akao Red King, noodles pork and broth (estimate)",Unavailable,False,0,0,kcal_100g;protein_g_100g;carbs_g_100g;fat_g_100g;fiber_g_100g;sugar_g_100g;sodium_mg_100g;cholesterol_mg_100g,EST_PH_RESTAURANT_108_V1,
FC002318,"Ramen Nagi Philippines Kuroo Black King, noodles pork and broth (estimate)",Unavailable,False,0,0,kcal_100g;protein_g_100g;carbs_g_100g;fat_g_100g;fiber_g_100g;sugar_g_100g;sodium_mg_100g;cholesterol_mg_100g,EST_PH_RESTAURANT_109_V1,
FC002319,"Ramen Nagi Philippines Midorio Green King, noodles pork and broth (estimate)",Unavailable,False,0,0,kcal_100g;protein_g_100g;carbs_g_100g;fat_g_100g;fiber_g_100g;sugar_g_100g;sodium_mg_100g;cholesterol_mg_100g,EST_PH_RESTAURANT_110_V1,
FC002320,"Bago lvs, boiled",Verified,True,8,0,,,
FC002321,"Bago bagin fruit, boiled",Verified,False,5,0,fiber_g_100g;sugar_g_100g;sodium_mg_100g,,
FC002322,"Cashew, young lvs, boiled",Verified,False,5,0,fiber_g_100g;sugar_g_100g;sodium_mg_100g,,
FC002323,"Cassava lvs, boiled",Verified,True,8,0,,,
FC002324,"Cowpea lvs, boiled",Verified,False,6,0,fiber_g_100g;sugar_g_100g,,
FC002325,"East Indian lotus lvs, boiled",Verified,False,5,0,fiber_g_100g;sugar_g_100g;sodium_mg_100g,,
FC002326,"Fragrant premna lvs, boiled",Verified,False,6,0,fiber_g_100g;sugar_g_100g,,
FC002327,"Galo pulp, boiled",Verified,False,5,0,fiber_g_100g;sugar_g_100g;sodium_mg_100g,,
FC002328,"Galo seed, boiled",Verified,False,5,0,fiber_g_100g;sugar_g_100g;sodium_mg_100g,,
FC002329,"Himbaba-o lvs, boiled",Verified,False,7,0,fiber_g_100g,,
FC002330,"Lagikway lvs, boiled",Verified,False,7,0,fiber_g_100g,,
FC002331,"Lettuce tree, young lvs, boiled",Verified,False,5,0,fiber_g_100g;sugar_g_100g;sodium_mg_100g,,
FC002332,"Mango, young lvs, boiled",Verified,True,8,0,,,
FC002333,"Mexican lilac flowers, boiled",Verified,False,7,0,sugar_g_100g,,
FC002334,"Palm-like fig, young lvs, boiled",Verified,False,5,0,fiber_g_100g;sugar_g_100g;sodium_mg_100g,,
FC002335,"Papaya, young lvs, boiled",Verified,False,6,0,fiber_g_100g;sugar_g_100g,,
FC002336,"Papaya petioles, boiled",Verified,True,8,0,,,
FC002337,"Sea purslane lvs, boiled",Verified,True,8,0,,,
FC002338,"Sesbania lvs, boiled",Verified,False,6,0,fiber_g_100g;sugar_g_100g,,
FC002339,"Spanish plum, young lvs, boiled",Verified,False,6,0,fiber_g_100g;sugar_g_100g,,
FC002340,"Spiny pigweed/Thorny amaranth lvs, boiled",Verified,True,8,0,,,
FC002341,"Tamarind lvs, boiled",Verified,True,8,0,,,
FC002342,"Ivy gourd lvs, boiled",Verified,True,8,0,,,
FC002343,"Water caltrop, boiled",Verified,False,5,0,fiber_g_100g;sugar_g_100g;sodium_mg_100g,,
FC002344,American black nightshade lvs,Verified,True,8,0,,,
FC002345,Apat-apat fern lvs,Verified,False,5,0,fiber_g_100g;sugar_g_100g;sodium_mg_100g,,
FC002346,Aragan lvs,Verified,False,5,0,fiber_g_100g;sugar_g_100g;sodium_mg_100g,,
FC002347,Asystasia lvs & stems,Verified,True,8,0,,,
FC002348,Aurora lvs & stems,Verified,True,8,0,,,
FC002349,Bago lvs,Verified,True,8,0,,,
FC002350,Banana stem,Verified,True,8,0,,,
FC002351,Bayuno fruit,Verified,True,8,0,,,
FC002352,Blue pea pod,Verified,True,8,0,,,
FC002353,Borreria lvs & stems,Verified,False,4,0,fiber_g_100g;sugar_g_100g;sodium_mg_100g;cholesterol_mg_100g,,
FC002354,Breadnut fruit,Verified,True,8,0,,,
FC002355,Breadnut seed,Verified,False,6,0,fiber_g_100g;sugar_g_100g,,
FC002356,Bulak-bulakan pod,Verified,False,5,0,fiber_g_100g;sugar_g_100g;sodium_mg_100g,,
FC002357,Busi-busi lvs,Verified,False,5,0,fiber_g_100g;sugar_g_100g;sodium_mg_100g,,
FC002358,"Cashew, young lvs",Verified,False,5,0,fiber_g_100g;sugar_g_100g;sodium_mg_100g,,
FC002359,Cassava lvs,Verified,True,8,0,,,
FC002360,Fragrant manjack lvs,Verified,False,5,0,fiber_g_100g;sugar_g_100g;sodium_mg_100g,,
FC002361,Cowpea lvs,Verified,False,6,0,fiber_g_100g;sugar_g_100g,,
FC002362,Crown daisy lvs,Verified,False,7,0,sugar_g_100g,,
FC002363,"Kutcharitas lvs, green",Verified,False,5,0,fiber_g_100g;sugar_g_100g;sodium_mg_100g,,
FC002364,"Kutcharitas lvs, red",Verified,False,5,0,fiber_g_100g;sugar_g_100g;sodium_mg_100g,,
FC002365,East Indian lotus fruit,Verified,False,5,0,fiber_g_100g;sugar_g_100g;sodium_mg_100g,,
FC002366,East Indian lotus lvs,Verified,False,5,0,fiber_g_100g;sugar_g_100g;sodium_mg_100g,,
FC002367,"Flowering fern, lvs",Verified,False,5,0,fiber_g_100g;sugar_g_100g;sodium_mg_100g,,
FC002368,Foetid cassia lvs,Verified,False,5,0,fiber_g_100g;sugar_g_100g;sodium_mg_100g,,
FC002369,Fragrant premna lvs,Verified,False,6,0,fiber_g_100g;sugar_g_100g,,
FC002370,"Galo fruit, whole",Verified,False,5,0,fiber_g_100g;sugar_g_100g;sodium_mg_100g,,
FC002371,Glynus lvs,Verified,True,8,0,,,
FC002372,Guava lvs,Verified,True,8,0,,,
FC002373,Himbaba-o lvs,Verified,False,7,0,fiber_g_100g,,
FC002374,Lagikway lvs,Verified,False,7,0,fiber_g_100g,,
FC002375,"Lettuce tree, young lvs",Verified,False,5,0,fiber_g_100g;sugar_g_100g;sodium_mg_100g,,
FC002376,"Limang sugat, young lvs",Verified,False,5,0,fiber_g_100g;sugar_g_100g;sodium_mg_100g,,
FC002377,Malibaddu,Verified,False,6,0,fiber_g_100g;sugar_g_100g,,
FC002378,"Mango, young lvs",Verified,True,8,0,,,
FC002379,Mexican lilac flower,Verified,False,7,0,sugar_g_100g,,
FC002380,Morning glory lvs,Verified,True,8,0,,,
FC002381,"Palm-like fig, young lvs",Verified,False,5,0,fiber_g_100g;sugar_g_100g;sodium_mg_100g,,
FC002382,Pansit-pansitan,Verified,True,8,0,,,
FC002383,"Papaya, young lvs",Verified,False,6,0,fiber_g_100g;sugar_g_100g,,
FC002384,Papaya petioles,Verified,True,8,0,,,
FC002385,Malabar bauhinia lvs,Verified,False,6,0,fiber_g_100g;sugar_g_100g,,
FC002386,"Prickly chaff-flower, lvs",Verified,False,7,0,sugar_g_100g,,
FC002387,Racaba lvs,Verified,False,5,0,fiber_g_100g;sugar_g_100g;sodium_mg_100g,,
FC002388,"Rhubarb, young petioles",Verified,False,4,0,fiber_g_100g;sugar_g_100g;sodium_mg_100g;cholesterol_mg_100g,,
FC002389,Roselle lvs,Verified,True,8,0,,,
FC002390,"Sabitan, lvs",Verified,False,5,0,fiber_g_100g;sugar_g_100g;sodium_mg_100g,,
FC002391,"Seaweed, gut weed, dried",Verified,False,5,0,fiber_g_100g;sugar_g_100g;sodium_mg_100g,,
FC002392,Sea purslane lvs,Verified,True,8,0,,,
FC002393,"Seaweed, balbalulang",Verified,False,5,0,fiber_g_100g;sugar_g_100g;sodium_mg_100g,,
FC002394,"Seaweed, kawkawayan",Verified,False,5,0,fiber_g_100g;sugar_g_100g;sodium_mg_100g,,
FC002395,"Seaweed, kulot",Verified,False,5,0,fiber_g_100g;sugar_g_100g;sodium_mg_100g,,
FC002396,Sesbania lvs,Verified,False,6,0,fiber_g_100g;sugar_g_100g,,
FC002397,"Snap bean seed, black & brown, fresh",Verified,False,6,0,fiber_g_100g;sugar_g_100g,,
FC002398,"Spanish plum, young lvs",Verified,False,6,0,fiber_g_100g;sugar_g_100g,,
FC002399,Spiny pigweed/Thorny amaranth lvs,Verified,True,8,0,,,
FC002400,"Sugar palm, heart of palm",Verified,True,8,0,,,
FC002401,Swamp amaranth lvs,Verified,True,8,0,,,
FC002402,Tamarind flower,Verified,True,8,0,,,
FC002403,Tamarind lvs,Verified,True,8,0,,,
FC002404,Ivy gourd lvs,Verified,True,8,0,,,
FC002405,Wild ginger,Verified,True,8,0,,,
FC002406,"Papaya fruit, unripe, dried",Verified,True,8,0,,,
FC002407,"Bagbagkong flower, raw",Verified,True,8,0,,,
FC002408,"Mangrove apple, raw",Verified,True,8,0,,,
FC002409,"Ivy gourd, immature fruit, raw",Verified,False,7,0,sugar_g_100g,,
FC002410,"Libas, mature lvs",Verified,True,8,0,,,
FC002411,"Libas, young lvs",Verified,True,8,0,,,
FC002412,"Thyme, fresh",Verified,True,8,0,,,
FC002413,Atemoya,Verified,True,8,0,,,
FC002414,Barbados gooseberry,Verified,False,7,0,sugar_g_100g,,
FC002415,Buri palm,Verified,True,8,0,,,
FC002416,Johey oak,Verified,True,8,0,,,
FC002417,Kalumpit,Verified,True,8,0,,,
FC002418,Lemon peel,Verified,True,8,0,,,
FC002419,Lime peel,Verified,True,8,0,,,
FC002420,Lipoti,Verified,False,6,0,fiber_g_100g;sugar_g_100g,,
FC002421,Madras thorn,Verified,False,6,0,fiber_g_100g;cholesterol_mg_100g,,
FC002422,Malay gooseberry,Verified,False,7,0,sugar_g_100g,,
FC002423,Many-spiked flacourtia,Verified,True,8,0,,,
FC002424,Marmalade plum,Verified,True,8,0,,,
FC002425,Philippine dillenia,Verified,False,5,0,fiber_g_100g;sugar_g_100g;sodium_mg_100g,,
FC002426,Rattan fruit,Verified,False,5,0,fiber_g_100g;sugar_g_100g;sodium_mg_100g,,
FC002427,Susong-kalabaw,Verified,False,4,0,fiber_g_100g;sugar_g_100g;sodium_mg_100g;cholesterol_mg_100g,,
FC002428,"Kandis, flesh",Verified,True,8,0,,,
FC002429,"Kandis, pulp",Verified,True,8,0,,,
FC002430,"Libas fruit, ripe",Verified,True,8,0,,,
FC002431,"Libas fruit, unripe",Verified,True,8,0,,,
FC002432,Maraitum,Verified,True,8,0,,,
FC002433,Palau-biyok,Verified,True,8,0,,,
FC002434,Sapinit,Verified,True,8,0,,,
FC002435,Tabo,Verified,True,8,0,,,
FC002436,"Clam, rayed shell",Verified,True,8,0,,,
FC002437,"Clam, tongue",Verified,False,7,0,cholesterol_mg_100g,,
FC002438,"Clam, tongue, head, blanched",Verified,False,6,0,sodium_mg_100g;cholesterol_mg_100g,,
FC002439,"Clam, tongue, tail",Verified,False,7,0,cholesterol_mg_100g,,
FC002440,"Clam, wedge shell/bean",Verified,True,8,0,,,
FC002441,"Croaker, tigertooth",Verified,False,7,0,cholesterol_mg_100g,,
FC002442,"Croaker, plain",Verified,True,8,0,,,
FC002443,"Croaker, smooth-scaled whiskered",Verified,False,7,0,cholesterol_mg_100g,,
FC002444,"Drepane, speckled",Verified,False,7,0,cholesterol_mg_100g,,
FC002445,"Flatfish/Brill, rough-scaled",Verified,False,7,0,cholesterol_mg_100g,,
FC002446,"Flatfish/Brill, smooth-scaled",Verified,False,7,0,cholesterol_mg_100g,,
FC002447,"Flatfish/Turbot, Indian",Verified,False,7,0,cholesterol_mg_100g,,
FC002448,"Flathead, Indian",Verified,True,8,0,,,
FC002449,"Halfbeak, long billed",Verified,False,7,0,sodium_mg_100g,,
FC002450,"Mojarra, longfin",Verified,False,7,0,cholesterol_mg_100g,,
FC002451,"Mojarra, whipfin",Verified,False,7,0,cholesterol_mg_100g,,
FC002452,Moray,Verified,True,8,0,,,
FC002453,"Parrot fish, daisy",Verified,False,7,0,cholesterol_mg_100g,,
FC002454,"Threadfish, Indian",Verified,False,7,0,cholesterol_mg_100g,,
FC002455,"Silvergrunt, bluecheek",Verified,False,7,0,cholesterol_mg_100g,,
FC002456,"Emperor, pink ear",Verified,False,7,0,cholesterol_mg_100g,,
FC002457,"Runner, rainbow",Verified,False,7,0,cholesterol_mg_100g,,
FC002458,Silver-bar fish,Verified,False,7,0,cholesterol_mg_100g,,
FC002459,"Slipmouth, black-finned",Verified,False,7,0,cholesterol_mg_100g,,
FC002460,"Snail, black",Verified,False,7,0,cholesterol_mg_100g,,
FC002461,Spadefish,Verified,False,7,0,cholesterol_mg_100g,,
FC002462,"Sting ray, blue-spotted",Verified,True,8,0,,,
FC002463,"Sting ray, honeycomb",Verified,True,8,0,,,
FC002464,"Surgeonfish, blue-lined",Verified,False,6,0,sodium_mg_100g;cholesterol_mg_100g,,
FC002465,Tarpon,Verified,False,7,0,cholesterol_mg_100g,,
FC002466,"Ten-pounder, Hawaiian",Verified,False,7,0,cholesterol_mg_100g,,
FC002467,"Therapon, convex-lined",Verified,False,7,0,cholesterol_mg_100g,,
FC002468,"Theraponid, silvery",Verified,False,7,0,cholesterol_mg_100g,,
FC002469,"Terapon, largescaled",Verified,False,7,0,cholesterol_mg_100g,,
FC002470,Threadfin fish,Verified,True,8,0,,,
FC002471,"Threadfin, fourfinger",Verified,False,7,0,cholesterol_mg_100g,,
FC002472,"Threadfin, small-mouth",Verified,False,7,0,cholesterol_mg_100g,,
FC002473,"Amber fish, dried",Verified,False,7,0,cholesterol_mg_100g,,
FC002474,"Fusilier, goldband, dried",Verified,False,7,0,cholesterol_mg_100g,,
FC002475,"Cavalla, banded, dried",Verified,True,8,0,,,
FC002476,"Crevalle, deep-bellied, dried",Verified,False,7,0,cholesterol_mg_100g,,
FC002477,"Croaker, plain, dried",Verified,False,7,0,cholesterol_mg_100g,,
FC002478,"Eel, swamp, dried",Verified,True,8,0,,,
FC002479,"Gizzard shad, short-finned, dried",Verified,False,7,0,cholesterol_mg_100g,,
FC002480,"Gizzard shad, short-finned, smoked",Verified,False,7,0,cholesterol_mg_100g,,
FC002481,"Goby, flat-headed, dried",Verified,False,7,0,cholesterol_mg_100g,,
FC002482,"Sinarapan, dried",Verified,False,6,0,sodium_mg_100g;cholesterol_mg_100g,,
FC002483,"Hard-tail, dried",Verified,False,7,0,cholesterol_mg_100g,,
FC002484,"Jellyfish, dried",Verified,True,8,0,,,
FC002485,"Lizard fish, common, dried",Verified,True,8,0,,,
FC002486,"Mullet, black-finned, dried",Verified,True,8,0,,,
FC002487,"Mullet, large-scaled, dried",Verified,True,8,0,,,
FC002488,"Bream, doublewhip threadfin, dried",Verified,True,8,0,,,
FC002489,"Parrot fish, daisy, dried",Verified,False,7,0,cholesterol_mg_100g,,
FC002490,"Emperor, pink ear, dried",Verified,False,7,0,cholesterol_mg_100g,,
FC002491,"Seabream, goldsilk, dried",Verified,False,7,0,cholesterol_mg_100g,,
FC002492,"Runner, rainbow, in oil, cnd",Verified,True,8,0,,,
FC002493,"Siganid, javan, dried",Verified,False,7,0,cholesterol_mg_100g,,
FC002494,"Sting ray, honeycomb, dried",Verified,False,6,0,sodium_mg_100g;cholesterol_mg_100g,,
FC002495,"Surgeonfish, blue-lined, dried",Verified,False,7,0,cholesterol_mg_100g,,
FC002496,"Swordfish, dried",Verified,True,8,0,,,
FC002497,"Theraponid, silvery, dried",Verified,False,6,0,sodium_mg_100g;cholesterol_mg_100g,,
FC002498,"Beef w/chickpeas, cnd",Verified,False,7,0,cholesterol_mg_100g,,
FC002499,"Meat ball & quail egg, sw & sr sce, cnd",Verified,False,7,0,cholesterol_mg_100g,,
FC002500,"Pork leg w/ mushroom sce, cnd",Verified,False,7,0,cholesterol_mg_100g,,
FC002501,"Pork leg, mushroom & chestnut, cnd",Verified,False,7,0,cholesterol_mg_100g,,
FC002502,"Pork w/ black beans, cnd",Verified,False,7,0,cholesterol_mg_100g,,
FC002503,"Roast beef hash, cnd",Verified,True,8,0,,,
FC002504,"Soup, beans w/ bacon, cond, cnd",Verified,True,8,0,,,
FC002505,"Soup, bird's nest (nido), cond, cnd",Verified,False,7,0,cholesterol_mg_100g,,
FC002506,"Soup, chicken & veg, cond, cnd",Verified,True,8,0,,,
FC002507,"Soup, corn potage, cond, cnd",Verified,True,8,0,,,
FC002508,"Soup, cream of asparagus, cond, cnd",Verified,True,8,0,,,
FC002509,"Soup, cream of chicken, cond, cnd",Verified,True,8,0,,,
FC002510,"Soup, noodles & beef, cond, cnd",Verified,True,8,0,,,
FC002511,"Soup, turkey noodle, cnd",Verified,True,8,0,,,
FC002512,"Soup, veg alphabet, cnd",Verified,True,8,0,,,
FC002513,"Soup, veg, cond, cnd",Verified,True,8,0,,,
FC002514,"Soup, vermicelli & chicken, cond, cnd",Verified,False,7,0,cholesterol_mg_100g,,
FC002515,"Hotcake, prep, w/ MLP",Verified,True,8,0,,,
FC002516,"Polvoron, prep, w/ MLP",Verified,True,8,0,,,
FC002517,"Ice candy, prep, w/ MLP",Verified,True,8,0,,,
FC002518,"Yacon shake, prep",Verified,True,8,0,,,
FC002519,"Carbonara, prep, w/ MLP",Verified,True,8,0,,,
FC002520,"Fruit salad, prep, w/ yacon",Verified,True,8,0,,,
FC002521,"Macaroni salad, prep, w/ yacon",Verified,True,8,0,,,
FC002522,"Waldorf salad, prep, w/ yacon",Verified,True,8,0,,,
FC002523,"Anchovy fry omelet, prep, w/ MLP",Verified,True,8,0,,,
FC002524,"Red snapper fritata, prep, w/ MLP",Verified,True,8,0,,,
FC002525,"Chopsuey, prep, w/ yacon",Verified,True,8,0,,,
FC002526,"Wonton soup, prep, w/ MLP",Verified,True,8,0,,,
FC002527,"Pork wonton, prep, w/ MLP",Verified,True,8,0,,,
FC002528,"Scrambled egg, prep, w/ MLP",Verified,True,8,0,,,
FC002529,"Shanghai pork roll, prep, w/ yacon",Verified,True,8,0,,,
FC002530,"Fried rice mix, w/ yacon",Verified,True,8,0,,,
FC002531,"Vegetable stir-fry w/ quail eggs, prep, w/ yacon",Verified,True,8,0,,,
FC002532,"Vegetable soup, prep, w/ yacon",Verified,True,8,0,,,
FC002533,"Vegetable spring roll, fresh, w/ yacon",Verified,True,8,0,,,
FC002534,"Marang seed, dried, boiled",Verified,False,7,0,sugar_g_100g,,
FC002535,"Davao wonder bean seed, dried",Verified,False,7,0,cholesterol_mg_100g,,
FC002536,"Java olive seed, dried",Verified,True,8,0,,,
FC002537,"Kaatoan bangkal  seed, dried",Verified,False,4,0,fiber_g_100g;sugar_g_100g;sodium_mg_100g;cholesterol_mg_100g,,
FC002538,"Marang seed, dried",Verified,False,7,0,sugar_g_100g,,
FC002539,"Negro coffee seed, dried",Verified,False,4,0,fiber_g_100g;sugar_g_100g;sodium_mg_100g;cholesterol_mg_100g,,
FC002540,Yautia,Verified,True,8,0,,,
FC002541,"Beef brain, boiled",Verified,True,8,0,,,
FC002542,"Beef omasum, boiled",Verified,True,8,0,,,
FC002543,"Beef reticulum, boiled",Verified,False,7,0,cholesterol_mg_100g,,
FC002544,"Beef spleen, boiled",Verified,False,7,0,cholesterol_mg_100g,,
FC002545,"Pork spleen, boiled",Verified,False,7,0,cholesterol_mg_100g,,
FC002546,Beef blood,Verified,False,5,0,fiber_g_100g;sugar_g_100g;cholesterol_mg_100g,,
FC002547,Beef brain,Verified,True,8,0,,,
FC002548,Beef head,Verified,False,4,0,fiber_g_100g;sugar_g_100g;sodium_mg_100g;cholesterol_mg_100g,,
FC002549,"Beef intestine, large",Verified,False,7,0,cholesterol_mg_100g,,
FC002550,"Beef intestine, small",Verified,False,7,0,cholesterol_mg_100g,,
FC002551,Beef lung,Verified,True,8,0,,,
FC002552,Beef mammary,Verified,False,5,0,fiber_g_100g;sugar_g_100g;cholesterol_mg_100g,,
FC002553,Beef omasum,Verified,True,8,0,,,
FC002554,Beef reticulum,Verified,False,7,0,cholesterol_mg_100g,,
FC002555,Beef spleen,Verified,True,8,0,,,
FC002556,Beef uterus,Verified,False,7,0,cholesterol_mg_100g,,
FC002557,Carabeef blood,Verified,False,4,0,fiber_g_100g;sugar_g_100g;sodium_mg_100g;cholesterol_mg_100g,,
FC002558,Carabeef brain,Verified,True,8,0,,,
FC002559,Carabeef heart,Verified,True,8,0,,,
FC002560,"Carabeef intestine, large",Verified,False,7,0,cholesterol_mg_100g,,
FC002561,"Carabeef intestine, small",Verified,False,7,0,cholesterol_mg_100g,,
FC002562,Carabeef kidney,Verified,True,8,0,,,
FC002563,Carabeef liver,Verified,True,8,0,,,
FC002564,Carabeef lung,Verified,True,8,0,,,
FC002565,Carabeef omasum,Verified,False,7,0,cholesterol_mg_100g,,
FC002566,Carabeef reticulum,Verified,False,7,0,cholesterol_mg_100g,,
FC002567,Carabeef spleen,Verified,True,8,0,,,
FC002568,Carabeef stomach,Verified,False,7,0,cholesterol_mg_100g,,
FC002569,Chevon heart,Verified,True,8,0,,,
FC002570,"Amaranth leaves, cooked, boiled, drained, with salt",Other source,False,0,6,fiber_g_100g;sugar_g_100g,,
FC002571,"Apples, raw, without skin, cooked, boiled",Other source,True,0,8,,,
FC002572,"Crustaceans, crab, alaska king, cooked, moist heat",Other source,False,0,7,sugar_g_100g,,
FC002573,"Beans, kidney, all types, mature seeds, cooked, boiled, with salt",Other source,True,0,8,,,
FC002574,"Amaranth grain, cooked",Other source,False,0,6,sugar_g_100g;cholesterol_mg_100g,,
FC002575,"Nuts, acorn flour, full fat",Other source,False,0,6,fiber_g_100g;sugar_g_100g,,
FC002576,"Amaranth leaves, cooked, boiled, drained, without salt",Other source,False,0,6,fiber_g_100g;sugar_g_100g,,
FC002577,"Apples, raw, without skin, cooked, microwave",Other source,True,0,8,,,
FC002578,"Crustaceans, crab, blue, cooked, moist heat",Other source,True,0,8,,,
FC002579,"Beans, kidney, all types, mature seeds, cooked, boiled, without salt",Other source,True,0,8,,,
FC002580,"Amaranth grain, uncooked",Other source,True,0,8,,,
FC002581,"Nuts, acorns, dried",Other source,False,0,6,fiber_g_100g;sugar_g_100g,,
FC002582,"Balsam-pear (bitter gourd), leafy tips, cooked, boiled, drained, with salt",Other source,True,0,8,,,
FC002583,"Guava sauce, cooked",Other source,True,0,8,,,
FC002584,"Crustaceans, crab, dungeness, cooked, moist heat",Other source,False,0,7,sugar_g_100g,,
FC002585,"Beans, kidney, california red, mature seeds, cooked, boiled, with salt",Other source,False,0,7,sugar_g_100g,,
FC002586,"Buckwheat groats, roasted, cooked",Other source,True,0,8,,,
FC002587,"Nuts, acorns, raw",Other source,False,0,6,fiber_g_100g;sugar_g_100g,,
FC002588,"Balsam-pear (bitter gourd), leafy tips, cooked, boiled, drained, without salt",Other source,True,0,8,,,
FC002589,"Apple juice, canned or bottled, unsweetened, with added ascorbic acid",Other source,True,0,8,,,
FC002590,"Crustaceans, crab, queen, cooked, moist heat",Other source,False,0,7,sugar_g_100g,,
FC002591,"Beans, kidney, california red, mature seeds, cooked, boiled, without salt",Other source,False,0,7,sugar_g_100g,,
FC002592,"Noodles, egg, enriched, cooked",Other source,True,0,8,,,
FC002593,"Nuts, cashew butter, plain, with salt added",Other source,True,0,8,,,
FC002594,"Balsam-pear (bitter gourd), pods, cooked, boiled, drained, with salt",Other source,True,0,8,,,
FC002595,"Apple juice, canned or bottled, unsweetened, with added ascorbic acid, calcium, and potassium",Other source,True,0,8,,,
FC002596,"Crustaceans, shrimp, mixed species, cooked, breaded and fried",Other source,True,0,8,,,
FC002597,"Beans, kidney, red, mature seeds, cooked, boiled, with salt",Other source,True,0,8,,,
FC002598,"Noodles, egg, spinach, enriched, cooked",Other source,True,0,8,,,
FC002599,"Nuts, cashew butter, plain, without salt added",Other source,False,0,7,sugar_g_100g,,
FC002600,"Balsam-pear (bitter gourd), pods, cooked, boiled, drained, without salt",Other source,True,0,8,,,
FC002601,"Apple juice, canned or bottled, unsweetened, without added ascorbic acid",Other source,True,0,8,,,
FC002602,"Crustaceans, shrimp, mixed species, cooked, moist heat (may contain additives to retain moisture)",Other source,True,0,8,,,
FC002603,"Beans, kidney, red, mature seeds, cooked, boiled, without salt",Other source,True,0,8,,,
FC002604,"Noodles, egg, unenriched, cooked, without added salt",Other source,True,0,8,,,
FC002605,"Nuts, cashew nuts, dry roasted, with salt added",Other source,True,0,8,,,
FC002606,"Bamboo shoots, cooked, boiled, drained, with salt",Other source,False,0,7,sugar_g_100g,,
FC002607,"Apple juice, frozen concentrate, unsweetened, diluted with 3 volume water without added ascorbic acid",Other source,True,0,8,,,
FC002608,"Fish, mackerel, Atlantic, cooked, dry heat",Other source,False,0,7,sugar_g_100g,,
FC002609,"Beans, kidney, royal red, mature seeds, cooked, boiled with salt",Other source,False,0,7,sugar_g_100g,,
FC002610,"Noodles, japanese, soba, cooked",Other source,False,0,6,fiber_g_100g;sugar_g_100g,,
FC002611,"Nuts, cashew nuts, dry roasted, without salt added",Other source,True,0,8,,,
FC002612,"Bamboo shoots, cooked, boiled, drained, without salt",Other source,False,0,7,sugar_g_100g,,
FC002613,"Apple juice, frozen concentrate, unsweetened, diluted with 3 volume water, with added ascorbic acid",Other source,False,0,7,sugar_g_100g,,
FC002614,"Fish, mackerel, Pacific and jack, mixed species, cooked, dry heat",Other source,True,0,8,,,
FC002615,"Beans, kidney, royal red, mature seeds, cooked, boiled, without salt",Other source,False,0,7,sugar_g_100g,,
FC002616,"Noodles, japanese, somen, cooked",Other source,False,0,6,fiber_g_100g;sugar_g_100g,,
FC002617,"Nuts, cashew nuts, oil roasted, with salt added",Other source,True,0,8,,,
FC002618,"Beans, kidney, mature seeds, sprouted, cooked, boiled, drained, with salt",Other source,False,0,6,fiber_g_100g;sugar_g_100g,,
FC002619,"Apple juice, frozen concentrate, unsweetened, undiluted, with added ascorbic acid",Other source,False,0,7,fiber_g_100g,,
FC002620,"Fish, salmon, coho, farmed, cooked, dry heat",Other source,False,0,7,sugar_g_100g,,
FC002621,"Chickpeas (garbanzo beans, bengal gram), mature seeds, cooked, boiled, with salt",Other source,True,0,8,,,
FC002622,"Oat bran, cooked",Other source,False,0,7,sugar_g_100g,,
FC002623,"Nuts, cashew nuts, oil roasted, without salt added",Other source,True,0,8,,,
FC002624,"Beans, kidney, mature seeds, sprouted, cooked, boiled, drained, without salt",Other source,False,0,6,fiber_g_100g;sugar_g_100g,,
FC002625,"Apple juice, frozen concentrate, unsweetened, undiluted, without added ascorbic acid",Other source,True,0,8,,,
FC002626,"Fish, salmon, coho, wild, cooked, moist heat",Other source,False,0,7,sugar_g_100g,,
FC002627,"Chickpeas (garbanzo beans, bengal gram), mature seeds, cooked, boiled, without salt",Other source,True,0,8,,,
FC002628,"Wild rice, cooked",Other source,True,0,8,,,
FC002629,"Nuts, cashew nuts, raw",Other source,True,0,8,,,
FC002630,"Cabbage, chinese (pak-choi), cooked, boiled, drained, with salt",Other source,True,0,8,,,
FC002631,"Apples, canned, sweetened, sliced, drained, heated",Other source,True,0,8,,,
FC002632,"Fish, sunfish, pumpkin seed, cooked, dry heat",Other source,False,0,7,sugar_g_100g,,
FC002633,"Mung beans, mature seeds, cooked, boiled, with salt",Other source,True,0,8,,,
FC002634,"Buckwheat flour, whole-groat",Other source,True,0,8,,,
FC002635,"Nuts, coconut cream, canned, sweetened",Other source,True,0,8,,,
FC002636,"Cabbage, chinese (pe-tsai), cooked, boiled, drained, with salt",Other source,False,0,7,sugar_g_100g,,
FC002637,"Apples, dehydrated (low moisture), sulfured, stewed",Other source,False,0,7,sugar_g_100g,,
FC002638,"Fish, tuna, fresh, bluefin, cooked, dry heat",Other source,False,0,7,sugar_g_100g,,
FC002639,"Mung beans, mature seeds, cooked, boiled, without salt",Other source,True,0,8,,,
FC002640,"Buckwheat groats, roasted, dry",Other source,False,0,7,sugar_g_100g,,
FC002641,"Nuts, coconut cream, raw (liquid expressed from grated meat)",Other source,False,0,7,sugar_g_100g,,
FC002642,"Cabbage, chinese (pe-tsai), cooked, boiled, drained, without salt",Other source,False,0,7,sugar_g_100g,,
FC002643,"Apples, dried, sulfured, stewed, with added sugar",Other source,False,0,7,sugar_g_100g,,
FC002644,"Fish, tuna, yellowfin, fresh, cooked, dry heat",Other source,True,0,8,,,
FC002645,"Mungo beans, mature seeds, cooked, boiled, with salt",Other source,True,0,8,,,
FC002646,"Corn bran, crude",Other source,True,0,8,,,
FC002647,"Nuts, coconut meat, dried (desiccated), creamed",Other source,False,0,6,fiber_g_100g;sugar_g_100g,,
FC002648,"Cabbage, common, cooked, boiled, drained, with salt",Other source,True,0,8,,,
FC002649,"Apples, dried, sulfured, stewed, without added sugar",Other source,True,0,8,,,
FC002650,"Mollusks, clam, mixed species, cooked, breaded and fried",Other source,False,0,6,fiber_g_100g;sugar_g_100g,,
FC002651,"Mungo beans, mature seeds, cooked, boiled, without salt",Other source,True,0,8,,,
FC002652,"Corn flour, whole-grain, blue (harina de maiz morado)",Other source,False,0,6,sugar_g_100g;cholesterol_mg_100g,,
FC002653,"Nuts, coconut meat, dried (desiccated), not sweetened",Other source,True,0,8,,,
FC002654,"Cabbage, cooked, boiled, drained, without salt",Other source,True,0,8,,,
FC002655,"Apples, raw, golden delicious, with skin",Other source,False,0,7,cholesterol_mg_100g,,
FC002656,"Mollusks, clam, mixed species, cooked, moist heat",Other source,False,0,7,sugar_g_100g,,
FC002657,"Beans, baked, canned, with pork and tomato sauce",Other source,True,0,8,,,
FC002658,"Corn flour, yellow, degermed, unenriched",Other source,True,0,8,,,
FC002659,"Nuts, coconut meat, dried (desiccated), sweetened, flaked, canned",Other source,False,0,7,sugar_g_100g,,
FC002660,"Cabbage, napa, cooked",Other source,False,0,6,fiber_g_100g;sugar_g_100g,,
FC002661,"Apples, raw, without skin",Other source,True,0,8,,,
FC002662,"Mollusks, mussel, blue, cooked, moist heat",Other source,False,0,7,sugar_g_100g,,
FC002663,"Beans, kidney, all types, mature seeds, canned",Other source,True,0,8,,,
FC002664,"Corn grain, white",Other source,False,0,6,fiber_g_100g;sugar_g_100g,,
FC002665,"Nuts, coconut meat, dried (desiccated), sweetened, flaked, packaged",Other source,True,0,8,,,
FC002666,"Cabbage, red, cooked, boiled, drained, with salt",Other source,True,0,8,,,
FC002667,"Applesauce, canned, sweetened, with salt",Other source,False,0,7,sugar_g_100g,,
FC002668,"Mollusks, octopus, common, cooked, moist heat",Other source,True,0,8,,,
FC002669,"Beans, kidney, all types, mature seeds, raw",Other source,True,0,8,,,
FC002670,"Corn grain, yellow",Other source,True,0,8,,,
FC002671,"Nuts, coconut meat, dried (desiccated), sweetened, shredded",Other source,True,0,8,,,
FC002672,"Cabbage, red, cooked, boiled, drained, without salt",Other source,True,0,8,,,
FC002673,"Applesauce, canned, sweetened, without salt",Other source,True,0,8,,,
FC002674,"Mollusks, oyster, Pacific, cooked, moist heat",Other source,True,0,8,,,
FC002675,"Beans, kidney, california red, mature seeds, raw",Other source,False,0,7,sugar_g_100g,,
FC002676,"Cornmeal, degermed, enriched, white",Other source,True,0,8,,,
FC002677,"Nuts, coconut meat, dried (desiccated), toasted",Other source,False,0,6,fiber_g_100g;sugar_g_100g,,
FC002678,"Cabbage, savoy, cooked, boiled, drained, with salt",Other source,False,0,7,sugar_g_100g,,
FC002679,"Applesauce, canned, unsweetened, with added ascorbic acid",Other source,True,0,8,,,
FC002680,"Mollusks, oyster, eastern, cooked, breaded and fried",Other source,False,0,6,fiber_g_100g;sugar_g_100g,,
FC002681,"Beans, kidney, red, mature seeds, canned, drained solids",Other source,True,0,8,,,
FC002682,"Cornmeal, degermed, enriched, yellow",Other source,True,0,8,,,
FC002683,"Nuts, coconut meat, raw",Other source,True,0,8,,,
FC002684,"Cabbage, savoy, cooked, boiled, drained, without salt",Other source,False,0,7,sugar_g_100g,,
FC002685,"Bananas, dehydrated, or banana powder",Other source,True,0,8,,,
FC002686,"Mollusks, oyster, eastern, farmed, cooked, dry heat",Other source,False,0,7,sugar_g_100g,,
FC002687,"Beans, kidney, red, mature seeds, canned, drained solids, rinsed in tap water",Other source,False,0,7,sugar_g_100g,,
FC002688,"Cornmeal, degermed, unenriched, white",Other source,True,0,8,,,
FC002689,"Nuts, coconut milk, frozen (liquid expressed from grated meat and water)",Other source,False,0,6,fiber_g_100g;sugar_g_100g,,
FC002690,"Carrots, cooked, boiled, drained, with salt",Other source,True,0,8,,,
FC002691,"Bananas, raw",Other source,True,0,8,,,
FC002692,"Mollusks, oyster, eastern, wild, cooked, dry heat",Other source,True,0,8,,,
FC002693,"Beans, kidney, red, mature seeds, canned, solids and liquid, low sodium",Other source,True,0,8,,,
FC002694,"Cornmeal, degermed, unenriched, yellow",Other source,True,0,8,,,
FC002695,"Nuts, coconut water (liquid from coconuts)",Other source,True,0,8,,,
FC002696,"Carrots, cooked, boiled, drained, without salt",Other source,True,0,8,,,
FC002697,"Crabapples, raw",Other source,False,0,6,fiber_g_100g;sugar_g_100g,,
FC002698,"Mollusks, oyster, eastern, wild, cooked, moist heat",Other source,True,0,8,,,
FC002699,"Beans, kidney, red, mature seeds, canned, solids and liquids",Other source,True,0,8,,,
FC002700,"Cornmeal, white, self-rising, bolted, plain, enriched",Other source,False,0,7,sugar_g_100g,,
FC002701,"Nuts, mixed nuts, dry roasted, with peanuts, with salt added",Other source,True,0,8,,,
FC002702,"Cauliflower, cooked, boiled, drained, with salt",Other source,True,0,8,,,
FC002703,"Cranberry-orange relish, canned",Other source,False,0,7,sugar_g_100g,,
FC002704,"Mollusks, squid, mixed species, cooked, fried",Other source,False,0,7,sugar_g_100g,,
FC002705,"Beans, kidney, red, mature seeds, raw",Other source,True,0,8,,,
FC002706,"Cornmeal, white, self-rising, bolted, with wheat flour added, enriched",Other source,False,0,7,sugar_g_100g,,
FC002707,"Nuts, mixed nuts, dry roasted, with peanuts, without salt added",Other source,True,0,8,,,
FC002708,"Cauliflower, cooked, boiled, drained, without salt",Other source,True,0,8,,,
FC002709,"Custard-apple, (bullock's-heart), raw",Other source,False,0,7,sugar_g_100g,,
FC002710,"Salmon nuggets, cooked as purchased, unheated",Other source,False,0,7,sugar_g_100g,,
FC002711,"Beans, kidney, royal red, mature seeds, raw",Other source,False,0,7,sugar_g_100g,,
FC002712,"Cornmeal, white, self-rising, degermed, enriched",Other source,False,0,7,sugar_g_100g,,
FC002713,"Nuts, mixed nuts, oil roasted, with peanuts, lightly salted",Other source,True,0,8,,,
FC002714,"Cauliflower, green, cooked, no salt added",Other source,True,0,8,,,
FC002715,"Durian, raw or frozen",Other source,False,0,7,sugar_g_100g,,
FC002716,"Crustaceans, crab, alaska king, imitation, made from surimi",Other source,True,0,8,,,
FC002717,"Beans, liquid from stewed kidney beans",Other source,True,0,8,,,
FC002718,"Cornmeal, yellow, self-rising, bolted, plain, enriched",Other source,False,0,7,sugar_g_100g,,
FC002719,"Nuts, mixed nuts, oil roasted, with peanuts, with salt added",Other source,True,0,8,,,
FC002720,"Poqui-poqui, eggplant and egg (Ilocos) (estimate)",Unavailable,False,0,0,kcal_100g;protein_g_100g;carbs_g_100g;fat_g_100g;fiber_g_100g;sugar_g_100g;sodium_mg_100g;cholesterol_mg_100g,EST_REGIONAL_20260918_001_V1,
FC002721,"Dinengdeng, mixed vegetables with grilled milkfish (Ilocos) (estimate)",Unavailable,False,0,0,kcal_100g;protein_g_100g;carbs_g_100g;fat_g_100g;fiber_g_100g;sugar_g_100g;sodium_mg_100g;cholesterol_mg_100g,EST_REGIONAL_20260918_002_V1,
FC002722,Bagnet with tomato and fish-paste relish (Ilocos) (estimate),Unavailable,False,0,0,kcal_100g;protein_g_100g;carbs_g_100g;fat_g_100g;fiber_g_100g;sugar_g_100g;sodium_mg_100g;cholesterol_mg_100g,EST_REGIONAL_20260918_003_V1,
FC002723,"Pancit batil patung, beef-proxy noodles with egg and broth (Cagayan Valley) (estimate)",Unavailable,False,0,0,kcal_100g;protein_g_100g;carbs_g_100g;fat_g_100g;fiber_g_100g;sugar_g_100g;sodium_mg_100g;cholesterol_mg_100g,EST_REGIONAL_20260918_004_V1,
FC002724,"Pancit Cabagan, pork noodles with egg and sauce (Cagayan Valley) (estimate)",Unavailable,False,0,0,kcal_100g;protein_g_100g;carbs_g_100g;fat_g_100g;fiber_g_100g;sugar_g_100g;sodium_mg_100g;cholesterol_mg_100g,EST_REGIONAL_20260918_005_V1,
FC002725,"Sinanta, mixed-noodle seafood soup (Cagayan Valley) (estimate)",Unavailable,False,0,0,kcal_100g;protein_g_100g;carbs_g_100g;fat_g_100g;fiber_g_100g;sugar_g_100g;sodium_mg_100g;cholesterol_mg_100g,EST_REGIONAL_20260918_006_V1,
FC002726,"Patupat, sticky rice with sugarcane reduction (Cagayan Valley) (estimate)",Unavailable,False,0,0,kcal_100g;protein_g_100g;carbs_g_100g;fat_g_100g;fiber_g_100g;sugar_g_100g;sodium_mg_100g;cholesterol_mg_100g,EST_REGIONAL_20260918_007_V1,
FC002727,"La Paz batchoy, pork-liver noodles and cracklings (Iloilo and Negros) (estimate)",Unavailable,False,0,0,kcal_100g;protein_g_100g;carbs_g_100g;fat_g_100g;fiber_g_100g;sugar_g_100g;sodium_mg_100g;cholesterol_mg_100g,EST_REGIONAL_20260918_008_V1,
FC002728,"Pancit Molo, pork-shrimp dumpling soup (Iloilo and Negros) (estimate)",Unavailable,False,0,0,kcal_100g;protein_g_100g;carbs_g_100g;fat_g_100g;fiber_g_100g;sugar_g_100g;sodium_mg_100g;cholesterol_mg_100g,EST_REGIONAL_20260918_009_V1,
FC002729,"KBL, kadyos baboy langka soup (Iloilo and Negros) (estimate)",Unavailable,False,0,0,kcal_100g;protein_g_100g;carbs_g_100g;fat_g_100g;fiber_g_100g;sugar_g_100g;sodium_mg_100g;cholesterol_mg_100g,EST_REGIONAL_20260918_010_V1,
FC002730,"Kansi, beef-shank and young-jackfruit soup (Iloilo and Negros) (estimate)",Unavailable,False,0,0,kcal_100g;protein_g_100g;carbs_g_100g;fat_g_100g;fiber_g_100g;sugar_g_100g;sodium_mg_100g;cholesterol_mg_100g,EST_REGIONAL_20260918_011_V1,
FC002731,"Pinangat, taro-leaf parcels with pork (Bicol) (estimate)",Unavailable,False,0,0,kcal_100g;protein_g_100g;carbs_g_100g;fat_g_100g;fiber_g_100g;sugar_g_100g;sodium_mg_100g;cholesterol_mg_100g,EST_REGIONAL_20260918_012_V1,
FC002732,"Pinangat, taro-leaf parcels with fish (Bicol) (estimate)",Unavailable,False,0,0,kcal_100g;protein_g_100g;carbs_g_100g;fat_g_100g;fiber_g_100g;sugar_g_100g;sodium_mg_100g;cholesterol_mg_100g,EST_REGIONAL_20260918_013_V1,
FC002733,"Kinalas, beef noodle soup with heart proxy (Bicol) (estimate)",Unavailable,False,0,0,kcal_100g;protein_g_100g;carbs_g_100g;fat_g_100g;fiber_g_100g;sugar_g_100g;sodium_mg_100g;cholesterol_mg_100g,EST_REGIONAL_20260918_014_V1,
FC002734,"Sinantolan, santol and coconut milk (Bicol) (estimate)",Unavailable,False,0,0,kcal_100g;protein_g_100g;carbs_g_100g;fat_g_100g;fiber_g_100g;sugar_g_100g;sodium_mg_100g;cholesterol_mg_100g,EST_REGIONAL_20260918_015_V1,
FC002735,"Kinunot, tuna and malunggay variant (Bicol) (estimate)",Unavailable,False,0,0,kcal_100g;protein_g_100g;carbs_g_100g;fat_g_100g;fiber_g_100g;sugar_g_100g;sodium_mg_100g;cholesterol_mg_100g,EST_REGIONAL_20260918_016_V1,
FC002736,"Kinaluko, taro with coconut milk (Bicol) (estimate)",Unavailable,False,0,0,kcal_100g;protein_g_100g;carbs_g_100g;fat_g_100g;fiber_g_100g;sugar_g_100g;sodium_mg_100g;cholesterol_mg_100g,EST_REGIONAL_20260918_017_V1,
FC002737,"Catandungan latik, rice cake with coconut-sugar topping (Bicol) (estimate)",Unavailable,False,0,0,kcal_100g;protein_g_100g;carbs_g_100g;fat_g_100g;fiber_g_100g;sugar_g_100g;sodium_mg_100g;cholesterol_mg_100g,EST_REGIONAL_20260918_018_V1,
FC002738,"Pili ice cream, generic dairy variant (Bicol) (estimate)",Unavailable,False,0,0,kcal_100g;protein_g_100g;carbs_g_100g;fat_g_100g;fiber_g_100g;sugar_g_100g;sodium_mg_100g;cholesterol_mg_100g,EST_REGIONAL_20260918_019_V1,
FC002739,"Pastil, rice with chicken kagikit (Mindanao) (estimate)",Unavailable,False,0,0,kcal_100g;protein_g_100g;carbs_g_100g;fat_g_100g;fiber_g_100g;sugar_g_100g;sodium_mg_100g;cholesterol_mg_100g,EST_REGIONAL_20260918_020_V1,
FC002740,"Pastil, rice with fish kagikit (Mindanao) (estimate)",Unavailable,False,0,0,kcal_100g;protein_g_100g;carbs_g_100g;fat_g_100g;fiber_g_100g;sugar_g_100g;sodium_mg_100g;cholesterol_mg_100g,EST_REGIONAL_20260918_021_V1,
FC002741,"Pastil, rice with beef kagikit (Mindanao) (estimate)",Unavailable,False,0,0,kcal_100g;protein_g_100g;carbs_g_100g;fat_g_100g;fiber_g_100g;sugar_g_100g;sodium_mg_100g;cholesterol_mg_100g,EST_REGIONAL_20260918_022_V1,
FC002742,"Piaparan a manok, chicken-coconut mixture (Mindanao) (estimate)",Unavailable,False,0,0,kcal_100g;protein_g_100g;carbs_g_100g;fat_g_100g;fiber_g_100g;sugar_g_100g;sodium_mg_100g;cholesterol_mg_100g,EST_REGIONAL_20260918_023_V1,
FC002743,"Linigid na manok, chicken in coconut milk (Mindanao) (estimate)",Unavailable,False,0,0,kcal_100g;protein_g_100g;carbs_g_100g;fat_g_100g;fiber_g_100g;sugar_g_100g;sodium_mg_100g;cholesterol_mg_100g,EST_REGIONAL_20260918_024_V1,
FC002744,"Beef rendang, Mindanao coconut-spice variant (Mindanao) (estimate)",Unavailable,False,0,0,kcal_100g;protein_g_100g;carbs_g_100g;fat_g_100g;fiber_g_100g;sugar_g_100g;sodium_mg_100g;cholesterol_mg_100g,EST_REGIONAL_20260918_025_V1,
FC002745,"Palapa, spring-onion ginger chili proxy (Mindanao) (estimate)",Unavailable,False,0,0,kcal_100g;protein_g_100g;carbs_g_100g;fat_g_100g;fiber_g_100g;sugar_g_100g;sodium_mg_100g;cholesterol_mg_100g,EST_REGIONAL_20260918_026_V1,
FC002746,"Dodol, coconut sticky-rice sweet (Mindanao) (estimate)",Unavailable,False,0,0,kcal_100g;protein_g_100g;carbs_g_100g;fat_g_100g;fiber_g_100g;sugar_g_100g;sodium_mg_100g;cholesterol_mg_100g,EST_REGIONAL_20260918_027_V1,
FC002747,"Pinikpikan, chicken soup with salted-pork proxy (Cordillera) (estimate)",Unavailable,False,0,0,kcal_100g;protein_g_100g;carbs_g_100g;fat_g_100g;fiber_g_100g;sugar_g_100g;sodium_mg_100g;cholesterol_mg_100g,EST_REGIONAL_20260918_028_V1,
FC002748,"Humba, home-style pork belly and sweet soy sauce (Visayas) (estimate)",Unavailable,False,0,0,kcal_100g;protein_g_100g;carbs_g_100g;fat_g_100g;fiber_g_100g;sugar_g_100g;sodium_mg_100g;cholesterol_mg_100g,EST_REGIONAL_20260918_029_V1,
FC002749,"Bam-i, mixed noodles with pork and shrimp (Visayas) (estimate)",Unavailable,False,0,0,kcal_100g;protein_g_100g;carbs_g_100g;fat_g_100g;fiber_g_100g;sugar_g_100g;sodium_mg_100g;cholesterol_mg_100g,EST_REGIONAL_20260918_030_V1,
FC002750,Gerry's Grill Philippines Calamares (estimate),Unavailable,False,0,0,kcal_100g;protein_g_100g;carbs_g_100g;fat_g_100g;fiber_g_100g;sugar_g_100g;sodium_mg_100g;cholesterol_mg_100g,EST_REGIONAL_20260918_031_V1,
FC002751,Gerry's Grill Philippines Crispy Kangkong (estimate),Unavailable,False,0,0,kcal_100g;protein_g_100g;carbs_g_100g;fat_g_100g;fiber_g_100g;sugar_g_100g;sodium_mg_100g;cholesterol_mg_100g,EST_REGIONAL_20260918_032_V1,
FC002752,Gerry's Grill Philippines Lumpiang Shanghai (estimate),Unavailable,False,0,0,kcal_100g;protein_g_100g;carbs_g_100g;fat_g_100g;fiber_g_100g;sugar_g_100g;sodium_mg_100g;cholesterol_mg_100g,EST_REGIONAL_20260918_033_V1,
FC002753,Gerry's Grill Philippines Tokwat Lechon Kawali (estimate),Unavailable,False,0,0,kcal_100g;protein_g_100g;carbs_g_100g;fat_g_100g;fiber_g_100g;sugar_g_100g;sodium_mg_100g;cholesterol_mg_100g,EST_REGIONAL_20260918_034_V1,
FC002754,Gerry's Grill Philippines Chili Cheese Sticks (estimate),Unavailable,False,0,0,kcal_100g;protein_g_100g;carbs_g_100g;fat_g_100g;fiber_g_100g;sugar_g_100g;sodium_mg_100g;cholesterol_mg_100g,EST_REGIONAL_20260918_035_V1,
FC002755,Gerry's Grill Philippines Garlic Adobo Shreds (estimate),Unavailable,False,0,0,kcal_100g;protein_g_100g;carbs_g_100g;fat_g_100g;fiber_g_100g;sugar_g_100g;sodium_mg_100g;cholesterol_mg_100g,EST_REGIONAL_20260918_036_V1,
FC002756,Gerry's Grill Philippines Sinigang na Baboy (estimate),Unavailable,False,0,0,kcal_100g;protein_g_100g;carbs_g_100g;fat_g_100g;fiber_g_100g;sugar_g_100g;sodium_mg_100g;cholesterol_mg_100g,EST_REGIONAL_20260918_037_V1,
FC002757,Gerry's Grill Philippines Sinigang na Boneless Bangus (estimate),Unavailable,False,0,0,kcal_100g;protein_g_100g;carbs_g_100g;fat_g_100g;fiber_g_100g;sugar_g_100g;sodium_mg_100g;cholesterol_mg_100g,EST_REGIONAL_20260918_038_V1,
FC002758,Gerry's Grill Philippines Sinigang na Hipon (estimate),Unavailable,False,0,0,kcal_100g;protein_g_100g;carbs_g_100g;fat_g_100g;fiber_g_100g;sugar_g_100g;sodium_mg_100g;cholesterol_mg_100g,EST_REGIONAL_20260918_039_V1,
FC002759,Gerry's Grill Philippines Nilagang Bulalo (estimate),Unavailable,False,0,0,kcal_100g;protein_g_100g;carbs_g_100g;fat_g_100g;fiber_g_100g;sugar_g_100g;sodium_mg_100g;cholesterol_mg_100g,EST_REGIONAL_20260918_040_V1,
FC002760,Gerry's Grill Philippines Ampalaya Guisado (estimate),Unavailable,False,0,0,kcal_100g;protein_g_100g;carbs_g_100g;fat_g_100g;fiber_g_100g;sugar_g_100g;sodium_mg_100g;cholesterol_mg_100g,EST_REGIONAL_20260918_041_V1,
FC002761,Gerry's Grill Philippines Chopsuey (estimate),Unavailable,False,0,0,kcal_100g;protein_g_100g;carbs_g_100g;fat_g_100g;fiber_g_100g;sugar_g_100g;sodium_mg_100g;cholesterol_mg_100g,EST_REGIONAL_20260918_042_V1,
FC002762,Gerry's Grill Philippines Ginataang Gulay (estimate),Unavailable,False,0,0,kcal_100g;protein_g_100g;carbs_g_100g;fat_g_100g;fiber_g_100g;sugar_g_100g;sodium_mg_100g;cholesterol_mg_100g,EST_REGIONAL_20260918_043_V1,
FC002763,Gerry's Grill Philippines Pinakbet (estimate),Unavailable,False,0,0,kcal_100g;protein_g_100g;carbs_g_100g;fat_g_100g;fiber_g_100g;sugar_g_100g;sodium_mg_100g;cholesterol_mg_100g,EST_REGIONAL_20260918_044_V1,
FC002764,Gerry's Grill Philippines Tortang Talong (estimate),Unavailable,False,0,0,kcal_100g;protein_g_100g;carbs_g_100g;fat_g_100g;fiber_g_100g;sugar_g_100g;sodium_mg_100g;cholesterol_mg_100g,EST_REGIONAL_20260918_045_V1,
FC002765,Gerry's Grill Philippines Inihaw na Pusit (estimate),Unavailable,False,0,0,kcal_100g;protein_g_100g;carbs_g_100g;fat_g_100g;fiber_g_100g;sugar_g_100g;sodium_mg_100g;cholesterol_mg_100g,EST_REGIONAL_20260918_046_V1,
FC002766,Gerry's Grill Philippines Sizzling Bangus Sisig (estimate),Unavailable,False,0,0,kcal_100g;protein_g_100g;carbs_g_100g;fat_g_100g;fiber_g_100g;sugar_g_100g;sodium_mg_100g;cholesterol_mg_100g,EST_REGIONAL_20260918_047_V1,
FC002767,Gerry's Grill Philippines Sizzling Gambas (estimate),Unavailable,False,0,0,kcal_100g;protein_g_100g;carbs_g_100g;fat_g_100g;fiber_g_100g;sugar_g_100g;sodium_mg_100g;cholesterol_mg_100g,EST_REGIONAL_20260918_048_V1,
FC002768,Gerry's Grill Philippines Chicken Kebab (estimate),Unavailable,False,0,0,kcal_100g;protein_g_100g;carbs_g_100g;fat_g_100g;fiber_g_100g;sugar_g_100g;sodium_mg_100g;cholesterol_mg_100g,EST_REGIONAL_20260918_049_V1,
FC002769,Gerry's Grill Philippines Garlic Mushroom Chicken (estimate),Unavailable,False,0,0,kcal_100g;protein_g_100g;carbs_g_100g;fat_g_100g;fiber_g_100g;sugar_g_100g;sodium_mg_100g;cholesterol_mg_100g,EST_REGIONAL_20260918_050_V1,
FC002770,Gerry's Grill Philippines Classic Fried Chicken (estimate),Unavailable,False,0,0,kcal_100g;protein_g_100g;carbs_g_100g;fat_g_100g;fiber_g_100g;sugar_g_100g;sodium_mg_100g;cholesterol_mg_100g,EST_REGIONAL_20260918_051_V1,
FC002771,Gerry's Grill Philippines Pancit Bihon (estimate),Unavailable,False,0,0,kcal_100g;protein_g_100g;carbs_g_100g;fat_g_100g;fiber_g_100g;sugar_g_100g;sodium_mg_100g;cholesterol_mg_100g,EST_REGIONAL_20260918_052_V1,
FC002772,Gerry's Grill Philippines Pancit Canton (estimate),Unavailable,False,0,0,kcal_100g;protein_g_100g;carbs_g_100g;fat_g_100g;fiber_g_100g;sugar_g_100g;sodium_mg_100g;cholesterol_mg_100g,EST_REGIONAL_20260918_053_V1,
FC002773,Gerry's Grill Philippines Pancit Palabok (estimate),Unavailable,False,0,0,kcal_100g;protein_g_100g;carbs_g_100g;fat_g_100g;fiber_g_100g;sugar_g_100g;sodium_mg_100g;cholesterol_mg_100g,EST_REGIONAL_20260918_054_V1,
FC002774,Gerry's Grill Philippines Banana con Leche (estimate),Unavailable,False,0,0,kcal_100g;protein_g_100g;carbs_g_100g;fat_g_100g;fiber_g_100g;sugar_g_100g;sodium_mg_100g;cholesterol_mg_100g,EST_REGIONAL_20260918_055_V1,
FC002775,Max's Restaurant Philippines Fried Chicken (estimate),Unavailable,False,0,0,kcal_100g;protein_g_100g;carbs_g_100g;fat_g_100g;fiber_g_100g;sugar_g_100g;sodium_mg_100g;cholesterol_mg_100g,EST_REGIONAL_20260918_056_V1,
FC002776,Max's Restaurant Philippines Crispy Pata (estimate),Unavailable,False,0,0,kcal_100g;protein_g_100g;carbs_g_100g;fat_g_100g;fiber_g_100g;sugar_g_100g;sodium_mg_100g;cholesterol_mg_100g,EST_REGIONAL_20260918_057_V1,
FC002777,Max's Restaurant Philippines All Beef Kare-Kare (estimate),Unavailable,False,0,0,kcal_100g;protein_g_100g;carbs_g_100g;fat_g_100g;fiber_g_100g;sugar_g_100g;sodium_mg_100g;cholesterol_mg_100g,EST_REGIONAL_20260918_058_V1,
FC002778,Max's Restaurant Philippines Sizzling Tofu (estimate),Unavailable,False,0,0,kcal_100g;protein_g_100g;carbs_g_100g;fat_g_100g;fiber_g_100g;sugar_g_100g;sodium_mg_100g;cholesterol_mg_100g,EST_REGIONAL_20260918_059_V1,
FC002779,Max's Restaurant Philippines Lumpiang Shanghai (estimate),Unavailable,False,0,0,kcal_100g;protein_g_100g;carbs_g_100g;fat_g_100g;fiber_g_100g;sugar_g_100g;sodium_mg_100g;cholesterol_mg_100g,EST_REGIONAL_20260918_060_V1,
FC002780,Max's Restaurant Philippines Chicken Sisig (estimate),Unavailable,False,0,0,kcal_100g;protein_g_100g;carbs_g_100g;fat_g_100g;fiber_g_100g;sugar_g_100g;sodium_mg_100g;cholesterol_mg_100g,EST_REGIONAL_20260918_061_V1,
FC002781,Max's Restaurant Philippines Sizzling Crispy Pork Sisig (estimate),Unavailable,False,0,0,kcal_100g;protein_g_100g;carbs_g_100g;fat_g_100g;fiber_g_100g;sugar_g_100g;sodium_mg_100g;cholesterol_mg_100g,EST_REGIONAL_20260918_062_V1,
FC002782,Max's Restaurant Philippines Sinigang na Tiyan ng Bangus (estimate),Unavailable,False,0,0,kcal_100g;protein_g_100g;carbs_g_100g;fat_g_100g;fiber_g_100g;sugar_g_100g;sodium_mg_100g;cholesterol_mg_100g,EST_REGIONAL_20260918_063_V1,
FC002783,Max's Restaurant Philippines Sinigang na Tiyan ng Bangus sa Miso (estimate),Unavailable,False,0,0,kcal_100g;protein_g_100g;carbs_g_100g;fat_g_100g;fiber_g_100g;sugar_g_100g;sodium_mg_100g;cholesterol_mg_100g,EST_REGIONAL_20260918_064_V1,
FC002784,Max's Restaurant Philippines Sinigang na Baboy (estimate),Unavailable,False,0,0,kcal_100g;protein_g_100g;carbs_g_100g;fat_g_100g;fiber_g_100g;sugar_g_100g;sodium_mg_100g;cholesterol_mg_100g,EST_REGIONAL_20260918_065_V1,
FC002785,Max's Restaurant Philippines Sinigang na Hipon (estimate),Unavailable,False,0,0,kcal_100g;protein_g_100g;carbs_g_100g;fat_g_100g;fiber_g_100g;sugar_g_100g;sodium_mg_100g;cholesterol_mg_100g,EST_REGIONAL_20260918_066_V1,
FC002786,Max's Restaurant Philippines Lechon Kawali Kare-kare (estimate),Unavailable,False,0,0,kcal_100g;protein_g_100g;carbs_g_100g;fat_g_100g;fiber_g_100g;sugar_g_100g;sodium_mg_100g;cholesterol_mg_100g,EST_REGIONAL_20260918_067_V1,
FC002787,Max's Restaurant Philippines Vegetable Kare-Kare (estimate),Unavailable,False,0,0,kcal_100g;protein_g_100g;carbs_g_100g;fat_g_100g;fiber_g_100g;sugar_g_100g;sodium_mg_100g;cholesterol_mg_100g,EST_REGIONAL_20260918_068_V1,
FC002788,Max's Restaurant Philippines Seafood Kare-Kare (estimate),Unavailable,False,0,0,kcal_100g;protein_g_100g;carbs_g_100g;fat_g_100g;fiber_g_100g;sugar_g_100g;sodium_mg_100g;cholesterol_mg_100g,EST_REGIONAL_20260918_069_V1,
FC002789,Max's Restaurant Philippines Chopsuey (estimate),Unavailable,False,0,0,kcal_100g;protein_g_100g;carbs_g_100g;fat_g_100g;fiber_g_100g;sugar_g_100g;sodium_mg_100g;cholesterol_mg_100g,EST_REGIONAL_20260918_070_V1,
FC002790,Max's Restaurant Philippines Lechon Kawali (estimate),Unavailable,False,0,0,kcal_100g;protein_g_100g;carbs_g_100g;fat_g_100g;fiber_g_100g;sugar_g_100g;sodium_mg_100g;cholesterol_mg_100g,EST_REGIONAL_20260918_071_V1,
FC002791,Max's Restaurant Philippines Pocherong Baka (estimate),Unavailable,False,0,0,kcal_100g;protein_g_100g;carbs_g_100g;fat_g_100g;fiber_g_100g;sugar_g_100g;sodium_mg_100g;cholesterol_mg_100g,EST_REGIONAL_20260918_072_V1,
FC002792,Max's Restaurant Philippines Bulalo (estimate),Unavailable,False,0,0,kcal_100g;protein_g_100g;carbs_g_100g;fat_g_100g;fiber_g_100g;sugar_g_100g;sodium_mg_100g;cholesterol_mg_100g,EST_REGIONAL_20260918_073_V1,
FC002793,Max's Restaurant Philippines Beef Caldereta (estimate),Unavailable,False,0,0,kcal_100g;protein_g_100g;carbs_g_100g;fat_g_100g;fiber_g_100g;sugar_g_100g;sodium_mg_100g;cholesterol_mg_100g,EST_REGIONAL_20260918_074_V1,
FC002794,Max's Restaurant Philippines Sweet and Sour Fish Fillet (estimate),Unavailable,False,0,0,kcal_100g;protein_g_100g;carbs_g_100g;fat_g_100g;fiber_g_100g;sugar_g_100g;sodium_mg_100g;cholesterol_mg_100g,EST_REGIONAL_20260918_075_V1,
FC002795,Max's Restaurant Philippines Boneless Bangus (estimate),Unavailable,False,0,0,kcal_100g;protein_g_100g;carbs_g_100g;fat_g_100g;fiber_g_100g;sugar_g_100g;sodium_mg_100g;cholesterol_mg_100g,EST_REGIONAL_20260918_076_V1,
FC002796,Max's Restaurant Philippines Pinakbet (estimate),Unavailable,False,0,0,kcal_100g;protein_g_100g;carbs_g_100g;fat_g_100g;fiber_g_100g;sugar_g_100g;sodium_mg_100g;cholesterol_mg_100g,EST_REGIONAL_20260918_077_V1,
FC002797,Max's Restaurant Philippines Pancit Canton (estimate),Unavailable,False,0,0,kcal_100g;protein_g_100g;carbs_g_100g;fat_g_100g;fiber_g_100g;sugar_g_100g;sodium_mg_100g;cholesterol_mg_100g,EST_REGIONAL_20260918_078_V1,
FC002798,Max's Restaurant Philippines Pancit Bam-I (estimate),Unavailable,False,0,0,kcal_100g;protein_g_100g;carbs_g_100g;fat_g_100g;fiber_g_100g;sugar_g_100g;sodium_mg_100g;cholesterol_mg_100g,EST_REGIONAL_20260918_079_V1,
FC002799,Max's Restaurant Philippines Arroz Caldo (estimate),Unavailable,False,0,0,kcal_100g;protein_g_100g;carbs_g_100g;fat_g_100g;fiber_g_100g;sugar_g_100g;sodium_mg_100g;cholesterol_mg_100g,EST_REGIONAL_20260918_080_V1,
FC002800,Giligan's Philippines Kare-kare Gulay (estimate),Unavailable,False,0,0,kcal_100g;protein_g_100g;carbs_g_100g;fat_g_100g;fiber_g_100g;sugar_g_100g;sodium_mg_100g;cholesterol_mg_100g,EST_REGIONAL_20260918_081_V1,
FC002801,Giligan's Philippines Fried Chicken (estimate),Unavailable,False,0,0,kcal_100g;protein_g_100g;carbs_g_100g;fat_g_100g;fiber_g_100g;sugar_g_100g;sodium_mg_100g;cholesterol_mg_100g,EST_REGIONAL_20260918_082_V1,
FC002802,Giligan's Philippines Bangus Salpicao (estimate),Unavailable,False,0,0,kcal_100g;protein_g_100g;carbs_g_100g;fat_g_100g;fiber_g_100g;sugar_g_100g;sodium_mg_100g;cholesterol_mg_100g,EST_REGIONAL_20260918_083_V1,
FC002803,Giligan's Philippines Beef Caldereta (estimate),Unavailable,False,0,0,kcal_100g;protein_g_100g;carbs_g_100g;fat_g_100g;fiber_g_100g;sugar_g_100g;sodium_mg_100g;cholesterol_mg_100g,EST_REGIONAL_20260918_084_V1,
FC002804,Giligan's Philippines Bihon Guisado (estimate),Unavailable,False,0,0,kcal_100g;protein_g_100g;carbs_g_100g;fat_g_100g;fiber_g_100g;sugar_g_100g;sodium_mg_100g;cholesterol_mg_100g,EST_REGIONAL_20260918_085_V1,
FC002805,Giligan's Philippines Binagoongang Kangkong (estimate),Unavailable,False,0,0,kcal_100g;protein_g_100g;carbs_g_100g;fat_g_100g;fiber_g_100g;sugar_g_100g;sodium_mg_100g;cholesterol_mg_100g,EST_REGIONAL_20260918_086_V1,
FC002806,Giligan's Philippines Binagoongang Lechon Kawali (estimate),Unavailable,False,0,0,kcal_100g;protein_g_100g;carbs_g_100g;fat_g_100g;fiber_g_100g;sugar_g_100g;sodium_mg_100g;cholesterol_mg_100g,EST_REGIONAL_20260918_087_V1,
FC002807,Giligan's Philippines Binagoongang Talong (estimate),Unavailable,False,0,0,kcal_100g;protein_g_100g;carbs_g_100g;fat_g_100g;fiber_g_100g;sugar_g_100g;sodium_mg_100g;cholesterol_mg_100g,EST_REGIONAL_20260918_088_V1,
FC002808,Giligan's Philippines Boneless Cajun Chicken (estimate),Unavailable,False,0,0,kcal_100g;protein_g_100g;carbs_g_100g;fat_g_100g;fiber_g_100g;sugar_g_100g;sodium_mg_100g;cholesterol_mg_100g,EST_REGIONAL_20260918_089_V1,
FC002809,Giligan's Philippines Boneless Chicken BBQ (estimate),Unavailable,False,0,0,kcal_100g;protein_g_100g;carbs_g_100g;fat_g_100g;fiber_g_100g;sugar_g_100g;sodium_mg_100g;cholesterol_mg_100g,EST_REGIONAL_20260918_090_V1,
FC002810,Giligan's Philippines Boneless Chicken Inasal (estimate),Unavailable,False,0,0,kcal_100g;protein_g_100g;carbs_g_100g;fat_g_100g;fiber_g_100g;sugar_g_100g;sodium_mg_100g;cholesterol_mg_100g,EST_REGIONAL_20260918_091_V1,
FC002811,Giligan's Philippines Boneless Chicken Teriyaki (estimate),Unavailable,False,0,0,kcal_100g;protein_g_100g;carbs_g_100g;fat_g_100g;fiber_g_100g;sugar_g_100g;sodium_mg_100g;cholesterol_mg_100g,EST_REGIONAL_20260918_092_V1,
FC002812,Giligan's Philippines Boneless Garlic Chicken (estimate),Unavailable,False,0,0,kcal_100g;protein_g_100g;carbs_g_100g;fat_g_100g;fiber_g_100g;sugar_g_100g;sodium_mg_100g;cholesterol_mg_100g,EST_REGIONAL_20260918_093_V1,
FC002813,Giligan's Philippines Boneless Soy Honey Chicken (estimate),Unavailable,False,0,0,kcal_100g;protein_g_100g;carbs_g_100g;fat_g_100g;fiber_g_100g;sugar_g_100g;sodium_mg_100g;cholesterol_mg_100g,EST_REGIONAL_20260918_094_V1,
FC002814,Giligan's Philippines Boneless Sweet and Spicy Chicken (estimate),Unavailable,False,0,0,kcal_100g;protein_g_100g;carbs_g_100g;fat_g_100g;fiber_g_100g;sugar_g_100g;sodium_mg_100g;cholesterol_mg_100g,EST_REGIONAL_20260918_095_V1,
FC002815,Giligan's Philippines Bulalo Soup (estimate),Unavailable,False,0,0,kcal_100g;protein_g_100g;carbs_g_100g;fat_g_100g;fiber_g_100g;sugar_g_100g;sodium_mg_100g;cholesterol_mg_100g,EST_REGIONAL_20260918_096_V1,
FC002816,Giligan's Philippines Cajun Shrimp (estimate),Unavailable,False,0,0,kcal_100g;protein_g_100g;carbs_g_100g;fat_g_100g;fiber_g_100g;sugar_g_100g;sodium_mg_100g;cholesterol_mg_100g,EST_REGIONAL_20260918_097_V1,
FC002817,Giligan's Philippines Calamares Fritos (estimate),Unavailable,False,0,0,kcal_100g;protein_g_100g;carbs_g_100g;fat_g_100g;fiber_g_100g;sugar_g_100g;sodium_mg_100g;cholesterol_mg_100g,EST_REGIONAL_20260918_098_V1,
FC002818,Giligan's Philippines Canton Guisado (estimate),Unavailable,False,0,0,kcal_100g;protein_g_100g;carbs_g_100g;fat_g_100g;fiber_g_100g;sugar_g_100g;sodium_mg_100g;cholesterol_mg_100g,EST_REGIONAL_20260918_099_V1,
FC002819,Giligan's Philippines Chopsuey (estimate),Unavailable,False,0,0,kcal_100g;protein_g_100g;carbs_g_100g;fat_g_100g;fiber_g_100g;sugar_g_100g;sodium_mg_100g;cholesterol_mg_100g,EST_REGIONAL_20260918_100_V1,
FC002820,"Restaurant, Chinese, general tso's chicken",Other source,True,0,8,,,
FC002821,"Restaurant, Chinese, vegetable chow mein, without meat or noodles",Other source,True,0,8,,,
FC002822,"Noodles, chinese, chow mein",Other source,True,0,8,,,
FC002823,"Noodles, japanese, soba, dry",Other source,False,0,6,fiber_g_100g;sugar_g_100g,,
FC002824,"Noodles, japanese, somen, dry",Other source,False,0,7,sugar_g_100g,,
FC002825,"Broccoli, chinese, cooked",Other source,True,0,8,,,
FC002826,"Rice, white, steamed, Chinese restaurant",Other source,False,0,6,sugar_g_100g;cholesterol_mg_100g,,
FC002827,"Noodles, flat, crunchy, Chinese restaurant",Other source,True,0,8,,,
FC002828,"Cabbage, japanese style, fresh, pickled",Other source,True,0,8,,,
FC002829,"Sauce, teriyaki, ready-to-serve",Other source,True,0,8,,,
FC002830,"Soup, wonton, Chinese restaurant",Other source,True,0,8,,,
FC002831,"Bread, naan, plain, commercially prepared, refrigerated",Other source,False,0,7,cholesterol_mg_100g,,
FC002832,"Hummus, home prepared",Other source,True,0,8,,,
FC002833,"Falafel, home-prepared",Other source,False,0,6,fiber_g_100g;sugar_g_100g,,
FC002834,"Bread, pita, white, unenriched",Other source,False,0,7,sugar_g_100g,,
FC002835,"Sauce, teriyaki, ready-to-serve, reduced sodium",Other source,True,0,8,,,
FC002836,"Bread, naan, whole wheat, commercially prepared, refrigerated",Other source,True,0,8,,,
FC002837,Chickpea flour (besan),Other source,True,0,8,,,
FC002838,"Hummus, commercial",Other source,True,0,8,,,
FC002839,"Soup, egg drop, Chinese restaurant",Other source,True,0,8,,,
FC002840,Botejyu Philippines Teriyaki Chicken Salad (estimate),Unavailable,False,0,0,kcal_100g;protein_g_100g;carbs_g_100g;fat_g_100g;fiber_g_100g;sugar_g_100g;sodium_mg_100g;cholesterol_mg_100g,EST_WORLD_20260918_001_V1,
FC002841,Botejyu Philippines Chawanmushi Egg Custard (estimate),Unavailable,False,0,0,kcal_100g;protein_g_100g;carbs_g_100g;fat_g_100g;fiber_g_100g;sugar_g_100g;sodium_mg_100g;cholesterol_mg_100g,EST_WORLD_20260918_002_V1,
FC002842,Botejyu Philippines Cheesy Pork Belly Tonpei (estimate),Unavailable,False,0,0,kcal_100g;protein_g_100g;carbs_g_100g;fat_g_100g;fiber_g_100g;sugar_g_100g;sodium_mg_100g;cholesterol_mg_100g,EST_WORLD_20260918_003_V1,
FC002843,Botejyu Philippines Tamagoyaki (estimate),Unavailable,False,0,0,kcal_100g;protein_g_100g;carbs_g_100g;fat_g_100g;fiber_g_100g;sugar_g_100g;sodium_mg_100g;cholesterol_mg_100g,EST_WORLD_20260918_004_V1,
FC002844,"Panda Express Philippines Orange Chicken, entree only (estimate)",Unavailable,False,0,0,kcal_100g;protein_g_100g;carbs_g_100g;fat_g_100g;fiber_g_100g;sugar_g_100g;sodium_mg_100g;cholesterol_mg_100g,EST_WORLD_20260918_005_V1,
FC002845,"Panda Express Philippines Kung Pao Chicken, entree only (estimate)",Unavailable,False,0,0,kcal_100g;protein_g_100g;carbs_g_100g;fat_g_100g;fiber_g_100g;sugar_g_100g;sodium_mg_100g;cholesterol_mg_100g,EST_WORLD_20260918_006_V1,
FC002846,"Panda Express Philippines Chow Mein, noodles only (estimate)",Unavailable,False,0,0,kcal_100g;protein_g_100g;carbs_g_100g;fat_g_100g;fiber_g_100g;sugar_g_100g;sodium_mg_100g;cholesterol_mg_100g,EST_WORLD_20260918_007_V1,
FC002847,"Panda Express Philippines Fried Rice, rice only (estimate)",Unavailable,False,0,0,kcal_100g;protein_g_100g;carbs_g_100g;fat_g_100g;fiber_g_100g;sugar_g_100g;sodium_mg_100g;cholesterol_mg_100g,EST_WORLD_20260918_008_V1,
FC002848,"Royal Indian Curry House by Swaadisht Philippines Murg Makhani Butter Chicken, curry only (estimate)",Unavailable,False,0,0,kcal_100g;protein_g_100g;carbs_g_100g;fat_g_100g;fiber_g_100g;sugar_g_100g;sodium_mg_100g;cholesterol_mg_100g,EST_WORLD_20260918_009_V1,
FC002849,"Royal Indian Curry House by Swaadisht Philippines Chicken Biryani, rice and boneless chicken (estimate)",Unavailable,False,0,0,kcal_100g;protein_g_100g;carbs_g_100g;fat_g_100g;fiber_g_100g;sugar_g_100g;sodium_mg_100g;cholesterol_mg_100g,EST_WORLD_20260918_010_V1,
FC002850,"Royal Indian Curry House by Swaadisht Philippines Egg Biryani, rice and egg (estimate)",Unavailable,False,0,0,kcal_100g;protein_g_100g;carbs_g_100g;fat_g_100g;fiber_g_100g;sugar_g_100g;sodium_mg_100g;cholesterol_mg_100g,EST_WORLD_20260918_011_V1,
FC002851,"Royal Indian Curry House by Swaadisht Philippines Prawn Curry, curry only (estimate)",Unavailable,False,0,0,kcal_100g;protein_g_100g;carbs_g_100g;fat_g_100g;fiber_g_100g;sugar_g_100g;sodium_mg_100g;cholesterol_mg_100g,EST_WORLD_20260918_012_V1,
FC002852,"Mister Kabab Philippines Beef Special Chelo Kabab, modeled rice and beef (estimate)",Unavailable,False,0,0,kcal_100g;protein_g_100g;carbs_g_100g;fat_g_100g;fiber_g_100g;sugar_g_100g;sodium_mg_100g;cholesterol_mg_100g,EST_WORLD_20260918_013_V1,
FC002853,"Mister Kabab Philippines Chicken Special Chelo Kabab, modeled rice and chicken (estimate)",Unavailable,False,0,0,kcal_100g;protein_g_100g;carbs_g_100g;fat_g_100g;fiber_g_100g;sugar_g_100g;sodium_mg_100g;cholesterol_mg_100g,EST_WORLD_20260918_014_V1,
FC002854,Mister Kabab Philippines Shawarma Sandwich (estimate),Unavailable,False,0,0,kcal_100g;protein_g_100g;carbs_g_100g;fat_g_100g;fiber_g_100g;sugar_g_100g;sodium_mg_100g;cholesterol_mg_100g,EST_WORLD_20260918_015_V1,
FC002855,"Mister Kabab Philippines Chicken Barbecue, edible chicken only (estimate)",Unavailable,False,0,0,kcal_100g;protein_g_100g;carbs_g_100g;fat_g_100g;fiber_g_100g;sugar_g_100g;sodium_mg_100g;cholesterol_mg_100g,EST_WORLD_20260918_016_V1,
FC002856,Banana Leaf Philippines Malayan Seafood Laksa (estimate),Unavailable,False,0,0,kcal_100g;protein_g_100g;carbs_g_100g;fat_g_100g;fiber_g_100g;sugar_g_100g;sodium_mg_100g;cholesterol_mg_100g,EST_WORLD_20260918_017_V1,
FC002857,"Banana Leaf Philippines Hainanese Chicken Set Meal, modeled chicken and rice (estimate)",Unavailable,False,0,0,kcal_100g;protein_g_100g;carbs_g_100g;fat_g_100g;fiber_g_100g;sugar_g_100g;sodium_mg_100g;cholesterol_mg_100g,EST_WORLD_20260918_018_V1,
FC002858,Banana Leaf Philippines Malayan Chicken Curry with Potatoes (estimate),Unavailable,False,0,0,kcal_100g;protein_g_100g;carbs_g_100g;fat_g_100g;fiber_g_100g;sugar_g_100g;sodium_mg_100g;cholesterol_mg_100g,EST_WORLD_20260918_019_V1,
FC002859,Banana Leaf Philippines Penang Char Kway Teow (estimate),Unavailable,False,0,0,kcal_100g;protein_g_100g;carbs_g_100g;fat_g_100g;fiber_g_100g;sugar_g_100g;sodium_mg_100g;cholesterol_mg_100g,EST_WORLD_20260918_020_V1,
FC002860,"Shake Shack Philippines ShackBurger, single sandwich (estimate)",Unavailable,False,0,0,kcal_100g;protein_g_100g;carbs_g_100g;fat_g_100g;fiber_g_100g;sugar_g_100g;sodium_mg_100g;cholesterol_mg_100g,EST_WORLD_20260918_021_V1,
FC002861,"Shake Shack Philippines SmokeShack, single sandwich (estimate)",Unavailable,False,0,0,kcal_100g;protein_g_100g;carbs_g_100g;fat_g_100g;fiber_g_100g;sugar_g_100g;sodium_mg_100g;cholesterol_mg_100g,EST_WORLD_20260918_022_V1,
FC002862,"Shake Shack Philippines Hamburger, single sandwich with lettuce and tomato (estimate)",Unavailable,False,0,0,kcal_100g;protein_g_100g;carbs_g_100g;fat_g_100g;fiber_g_100g;sugar_g_100g;sodium_mg_100g;cholesterol_mg_100g,EST_WORLD_20260918_023_V1,
FC002863,"Shake Shack Philippines Grilled Cheese, sandwich only (estimate)",Unavailable,False,0,0,kcal_100g;protein_g_100g;carbs_g_100g;fat_g_100g;fiber_g_100g;sugar_g_100g;sodium_mg_100g;cholesterol_mg_100g,EST_WORLD_20260918_024_V1,
FC002864,"Oyakodon, chicken and egg over rice (Japanese) (estimate)",Unavailable,False,0,0,kcal_100g;protein_g_100g;carbs_g_100g;fat_g_100g;fiber_g_100g;sugar_g_100g;sodium_mg_100g;cholesterol_mg_100g,EST_WORLD_20260918_025_V1,
FC002865,"Gyudon, beef and onion over rice (Japanese) (estimate)",Unavailable,False,0,0,kcal_100g;protein_g_100g;carbs_g_100g;fat_g_100g;fiber_g_100g;sugar_g_100g;sodium_mg_100g;cholesterol_mg_100g,EST_WORLD_20260918_026_V1,
FC002866,"Mapo tofu, pork version, no rice (Chinese) (estimate)",Unavailable,False,0,0,kcal_100g;protein_g_100g;carbs_g_100g;fat_g_100g;fiber_g_100g;sugar_g_100g;sodium_mg_100g;cholesterol_mg_100g,EST_WORLD_20260918_027_V1,
FC002867,Shrimp and egg fried rice (Chinese) (estimate),Unavailable,False,0,0,kcal_100g;protein_g_100g;carbs_g_100g;fat_g_100g;fiber_g_100g;sugar_g_100g;sodium_mg_100g;cholesterol_mg_100g,EST_WORLD_20260918_028_V1,
FC002868,"Chana masala, chickpea curry, no rice (Indian) (estimate)",Unavailable,False,0,0,kcal_100g;protein_g_100g;carbs_g_100g;fat_g_100g;fiber_g_100g;sugar_g_100g;sodium_mg_100g;cholesterol_mg_100g,EST_WORLD_20260918_029_V1,
FC002869,"Chicken biryani, modeled boneless rice mixture (Indian) (estimate)",Unavailable,False,0,0,kcal_100g;protein_g_100g;carbs_g_100g;fat_g_100g;fiber_g_100g;sugar_g_100g;sodium_mg_100g;cholesterol_mg_100g,EST_WORLD_20260918_030_V1,
FC002870,"Chicken shawarma, meat only (Middle Eastern) (estimate)",Unavailable,False,0,0,kcal_100g;protein_g_100g;carbs_g_100g;fat_g_100g;fiber_g_100g;sugar_g_100g;sodium_mg_100g;cholesterol_mg_100g,EST_WORLD_20260918_031_V1,
FC002871,"Chicken kofta kebab, meat only (Middle Eastern) (estimate)",Unavailable,False,0,0,kcal_100g;protein_g_100g;carbs_g_100g;fat_g_100g;fiber_g_100g;sugar_g_100g;sodium_mg_100g;cholesterol_mg_100g,EST_WORLD_20260918_032_V1,
FC002872,"Hainanese chicken rice, modeled boneless mixture (Singaporean) (estimate)",Unavailable,False,0,0,kcal_100g;protein_g_100g;carbs_g_100g;fat_g_100g;fiber_g_100g;sugar_g_100g;sodium_mg_100g;cholesterol_mg_100g,EST_WORLD_20260918_033_V1,
FC002873,"Laksa, shrimp coconut noodle soup (Singaporean) (estimate)",Unavailable,False,0,0,kcal_100g;protein_g_100g;carbs_g_100g;fat_g_100g;fiber_g_100g;sugar_g_100g;sodium_mg_100g;cholesterol_mg_100g,EST_WORLD_20260918_034_V1,
FC002874,"Athlene ACTIVE Whey Protein, Chocolate, dry powder",Other source,False,0,7,fiber_g_100g,,
FC002875,"NESCAFE Original, dry coffee mix (estimate)",Unavailable,False,0,0,kcal_100g;protein_g_100g;carbs_g_100g;fat_g_100g;fiber_g_100g;sugar_g_100g;sodium_mg_100g;cholesterol_mg_100g,EST_PANTRY_20260918_001_V1,
FC002876,"NESCAFE Creamy White, dry coffee mix (estimate)",Unavailable,False,0,0,kcal_100g;protein_g_100g;carbs_g_100g;fat_g_100g;fiber_g_100g;sugar_g_100g;sodium_mg_100g;cholesterol_mg_100g,EST_PANTRY_20260918_002_V1,
FC002877,"NESCAFE Creamy Latte, dry coffee mix (estimate)",Unavailable,False,0,0,kcal_100g;protein_g_100g;carbs_g_100g;fat_g_100g;fiber_g_100g;sugar_g_100g;sodium_mg_100g;cholesterol_mg_100g,EST_PANTRY_20260918_003_V1,
FC002878,"Lucky Me Pancit Canton Original, dry noodles and seasoning (estimate)",Unavailable,False,0,0,kcal_100g;protein_g_100g;carbs_g_100g;fat_g_100g;fiber_g_100g;sugar_g_100g;sodium_mg_100g;cholesterol_mg_100g,EST_PANTRY_20260918_004_V1,
FC002879,"Lucky Me Pancit Canton Original, prepared 2.5x dry-mass yield (estimate)",Unavailable,False,0,0,kcal_100g;protein_g_100g;carbs_g_100g;fat_g_100g;fiber_g_100g;sugar_g_100g;sodium_mg_100g;cholesterol_mg_100g,EST_PANTRY_20260918_005_V1,
FC002880,"Lucky Me Pancit Canton Chilimansi, dry noodles and seasoning (estimate)",Unavailable,False,0,0,kcal_100g;protein_g_100g;carbs_g_100g;fat_g_100g;fiber_g_100g;sugar_g_100g;sodium_mg_100g;cholesterol_mg_100g,EST_PANTRY_20260918_006_V1,
FC002881,"Lucky Me Pancit Canton Chilimansi, prepared 2.5x dry-mass yield (estimate)",Unavailable,False,0,0,kcal_100g;protein_g_100g;carbs_g_100g;fat_g_100g;fiber_g_100g;sugar_g_100g;sodium_mg_100g;cholesterol_mg_100g,EST_PANTRY_20260918_007_V1,
FC002882,SkyFlakes Original crackers (estimate),Unavailable,False,0,0,kcal_100g;protein_g_100g;carbs_g_100g;fat_g_100g;fiber_g_100g;sugar_g_100g;sodium_mg_100g;cholesterol_mg_100g,EST_PANTRY_20260918_008_V1,
FC002883,Fita Original crackers (estimate),Unavailable,False,0,0,kcal_100g;protein_g_100g;carbs_g_100g;fat_g_100g;fiber_g_100g;sugar_g_100g;sodium_mg_100g;cholesterol_mg_100g,EST_PANTRY_20260918_009_V1,
FC002884,M.Y. San Grahams (estimate),Unavailable,False,0,0,kcal_100g;protein_g_100g;carbs_g_100g;fat_g_100g;fiber_g_100g;sugar_g_100g;sodium_mg_100g;cholesterol_mg_100g,EST_PANTRY_20260918_010_V1,
FC002885,"Jack n Jill Piattos, cheese flavor (estimate)",Unavailable,False,0,0,kcal_100g;protein_g_100g;carbs_g_100g;fat_g_100g;fiber_g_100g;sugar_g_100g;sodium_mg_100g;cholesterol_mg_100g,EST_PANTRY_20260918_011_V1,
FC002886,"Jack n Jill Chippy, barbecue flavor (estimate)",Unavailable,False,0,0,kcal_100g;protein_g_100g;carbs_g_100g;fat_g_100g;fiber_g_100g;sugar_g_100g;sodium_mg_100g;cholesterol_mg_100g,EST_PANTRY_20260918_012_V1,
FC002887,"Jack n Jill Nova, modeled multigrain chips (estimate)",Unavailable,False,0,0,kcal_100g;protein_g_100g;carbs_g_100g;fat_g_100g;fiber_g_100g;sugar_g_100g;sodium_mg_100g;cholesterol_mg_100g,EST_PANTRY_20260918_013_V1,
FC002888,"Jack n Jill Cream-O, chocolate sandwich cookies (estimate)",Unavailable,False,0,0,kcal_100g;protein_g_100g;carbs_g_100g;fat_g_100g;fiber_g_100g;sugar_g_100g;sodium_mg_100g;cholesterol_mg_100g,EST_PANTRY_20260918_014_V1,
FC002889,"Jack n Jill Cloud 9, chocolate caramel peanut bar (estimate)",Unavailable,False,0,0,kcal_100g;protein_g_100g;carbs_g_100g;fat_g_100g;fiber_g_100g;sugar_g_100g;sodium_mg_100g;cholesterol_mg_100g,EST_PANTRY_20260918_015_V1,
FC002890,"Oishi Prawn Crackers, original (estimate)",Unavailable,False,0,0,kcal_100g;protein_g_100g;carbs_g_100g;fat_g_100g;fiber_g_100g;sugar_g_100g;sodium_mg_100g;cholesterol_mg_100g,EST_PANTRY_20260918_016_V1,
FC002891,"Century Tuna Flakes in Oil, undrained (estimate)",Unavailable,False,0,0,kcal_100g;protein_g_100g;carbs_g_100g;fat_g_100g;fiber_g_100g;sugar_g_100g;sodium_mg_100g;cholesterol_mg_100g,EST_PANTRY_20260918_017_V1,
FC002892,"Century Tuna Flakes in Brine, undrained (estimate)",Unavailable,False,0,0,kcal_100g;protein_g_100g;carbs_g_100g;fat_g_100g;fiber_g_100g;sugar_g_100g;sodium_mg_100g;cholesterol_mg_100g,EST_PANTRY_20260918_018_V1,
FC002893,"555 Sardines in Tomato Sauce, undrained (estimate)",Unavailable,False,0,0,kcal_100g;protein_g_100g;carbs_g_100g;fat_g_100g;fiber_g_100g;sugar_g_100g;sodium_mg_100g;cholesterol_mg_100g,EST_PANTRY_20260918_019_V1,
FC002894,"Argentina Corned Beef, as canned (estimate)",Unavailable,False,0,0,kcal_100g;protein_g_100g;carbs_g_100g;fat_g_100g;fiber_g_100g;sugar_g_100g;sodium_mg_100g;cholesterol_mg_100g,EST_PANTRY_20260918_020_V1,
FC002895,"Argentina Beef Loaf, as canned (estimate)",Unavailable,False,0,0,kcal_100g;protein_g_100g;carbs_g_100g;fat_g_100g;fiber_g_100g;sugar_g_100g;sodium_mg_100g;cholesterol_mg_100g,EST_PANTRY_20260918_021_V1,
FC002896,"555 Carne Norte, as canned (estimate)",Unavailable,False,0,0,kcal_100g;protein_g_100g;carbs_g_100g;fat_g_100g;fiber_g_100g;sugar_g_100g;sodium_mg_100g;cholesterol_mg_100g,EST_PANTRY_20260918_022_V1,
FC002897,"Maling Chicken Luncheon Meat, as canned (estimate)",Unavailable,False,0,0,kcal_100g;protein_g_100g;carbs_g_100g;fat_g_100g;fiber_g_100g;sugar_g_100g;sodium_mg_100g;cholesterol_mg_100g,EST_PANTRY_20260918_023_V1,
FC002898,UFC Tamis Anghang Banana Catsup (estimate),Unavailable,False,0,0,kcal_100g;protein_g_100g;carbs_g_100g;fat_g_100g;fiber_g_100g;sugar_g_100g;sodium_mg_100g;cholesterol_mg_100g,EST_PANTRY_20260918_024_V1,
FC002899,Datu Puti Soy Sauce (estimate),Unavailable,False,0,0,kcal_100g;protein_g_100g;carbs_g_100g;fat_g_100g;fiber_g_100g;sugar_g_100g;sodium_mg_100g;cholesterol_mg_100g,EST_PANTRY_20260918_025_V1,
FC002900,Silver Swan Soy Sauce (estimate),Unavailable,False,0,0,kcal_100g;protein_g_100g;carbs_g_100g;fat_g_100g;fiber_g_100g;sugar_g_100g;sodium_mg_100g;cholesterol_mg_100g,EST_PANTRY_20260918_026_V1,
FC002901,Datu Puti White Vinegar (estimate),Unavailable,False,0,0,kcal_100g;protein_g_100g;carbs_g_100g;fat_g_100g;fiber_g_100g;sugar_g_100g;sodium_mg_100g;cholesterol_mg_100g,EST_PANTRY_20260918_027_V1,
FC002902,Datu Puti Fish Sauce (estimate),Unavailable,False,0,0,kcal_100g;protein_g_100g;carbs_g_100g;fat_g_100g;fiber_g_100g;sugar_g_100g;sodium_mg_100g;cholesterol_mg_100g,EST_PANTRY_20260918_028_V1,
FC002903,Goldilocks Classic Polvoron (estimate),Unavailable,False,0,0,kcal_100g;protein_g_100g;carbs_g_100g;fat_g_100g;fiber_g_100g;sugar_g_100g;sodium_mg_100g;cholesterol_mg_100g,EST_PANTRY_20260918_029_V1,
FC002904,Goldilocks Cookies and Cream Polvoron (estimate),Unavailable,False,0,0,kcal_100g;protein_g_100g;carbs_g_100g;fat_g_100g;fiber_g_100g;sugar_g_100g;sodium_mg_100g;cholesterol_mg_100g,EST_PANTRY_20260918_030_V1,
FC002905,Goldilocks Classic Puto (estimate),Unavailable,False,0,0,kcal_100g;protein_g_100g;carbs_g_100g;fat_g_100g;fiber_g_100g;sugar_g_100g;sodium_mg_100g;cholesterol_mg_100g,EST_PANTRY_20260918_031_V1,
FC002906,Goldilocks Butter Puto (estimate),Unavailable,False,0,0,kcal_100g;protein_g_100g;carbs_g_100g;fat_g_100g;fiber_g_100g;sugar_g_100g;sodium_mg_100g;cholesterol_mg_100g,EST_PANTRY_20260918_032_V1,
FC002907,Goldilocks Leche Flan (estimate),Unavailable,False,0,0,kcal_100g;protein_g_100g;carbs_g_100g;fat_g_100g;fiber_g_100g;sugar_g_100g;sodium_mg_100g;cholesterol_mg_100g,EST_PANTRY_20260918_033_V1,
FC002908,Biko with condensed milk topping (estimate),Unavailable,False,0,0,kcal_100g;protein_g_100g;carbs_g_100g;fat_g_100g;fiber_g_100g;sugar_g_100g;sodium_mg_100g;cholesterol_mg_100g,EST_PANTRY_20260918_034_V1,
FC002909,Suman sa ibos with ripe mango (estimate),Unavailable,False,0,0,kcal_100g;protein_g_100g;carbs_g_100g;fat_g_100g;fiber_g_100g;sugar_g_100g;sodium_mg_100g;cholesterol_mg_100g,EST_PANTRY_20260918_035_V1,
FC002910,Kutsinta with condensed milk topping (estimate),Unavailable,False,0,0,kcal_100g;protein_g_100g;carbs_g_100g;fat_g_100g;fiber_g_100g;sugar_g_100g;sodium_mg_100g;cholesterol_mg_100g,EST_PANTRY_20260918_036_V1,
FC002911,Palitaw with condensed milk topping (estimate),Unavailable,False,0,0,kcal_100g;protein_g_100g;carbs_g_100g;fat_g_100g;fiber_g_100g;sugar_g_100g;sodium_mg_100g;cholesterol_mg_100g,EST_PANTRY_20260918_037_V1,
FC002912,Turon with vanilla ice cream (estimate),Unavailable,False,0,0,kcal_100g;protein_g_100g;carbs_g_100g;fat_g_100g;fiber_g_100g;sugar_g_100g;sodium_mg_100g;cholesterol_mg_100g,EST_PANTRY_20260918_038_V1,
FC002913,Banana cue with vanilla ice cream (estimate),Unavailable,False,0,0,kcal_100g;protein_g_100g;carbs_g_100g;fat_g_100g;fiber_g_100g;sugar_g_100g;sodium_mg_100g;cholesterol_mg_100g,EST_PANTRY_20260918_039_V1,
FC002914,Starbucks Philippines Iced Caffe Latte (estimate),Unavailable,False,0,0,kcal_100g;protein_g_100g;carbs_g_100g;fat_g_100g;fiber_g_100g;sugar_g_100g;sodium_mg_100g;cholesterol_mg_100g,EST_PANTRY_20260918_040_V1,
FC002915,Starbucks Philippines Iced Caramel Macchiato (estimate),Unavailable,False,0,0,kcal_100g;protein_g_100g;carbs_g_100g;fat_g_100g;fiber_g_100g;sugar_g_100g;sodium_mg_100g;cholesterol_mg_100g,EST_PANTRY_20260918_041_V1,
FC002916,"Starbucks Philippines Caffe Mocha, modeled milk and chocolate (estimate)",Unavailable,False,0,0,kcal_100g;protein_g_100g;carbs_g_100g;fat_g_100g;fiber_g_100g;sugar_g_100g;sodium_mg_100g;cholesterol_mg_100g,EST_PANTRY_20260918_042_V1,
FC002917,"Starbucks Philippines Cappuccino, hot (estimate)",Unavailable,False,0,0,kcal_100g;protein_g_100g;carbs_g_100g;fat_g_100g;fiber_g_100g;sugar_g_100g;sodium_mg_100g;cholesterol_mg_100g,EST_PANTRY_20260918_043_V1,
FC002918,"Starbucks Philippines Hot Brewed Coffee, unsweetened (estimate)",Unavailable,False,0,0,kcal_100g;protein_g_100g;carbs_g_100g;fat_g_100g;fiber_g_100g;sugar_g_100g;sodium_mg_100g;cholesterol_mg_100g,EST_PANTRY_20260918_044_V1,
FC002919,"Starbucks Philippines Coffee Frappuccino, modeled blended drink (estimate)",Unavailable,False,0,0,kcal_100g;protein_g_100g;carbs_g_100g;fat_g_100g;fiber_g_100g;sugar_g_100g;sodium_mg_100g;cholesterol_mg_100g,EST_PANTRY_20260918_045_V1,
FC002920,"Starbucks Philippines Caramel Frappuccino, modeled blended drink (estimate)",Unavailable,False,0,0,kcal_100g;protein_g_100g;carbs_g_100g;fat_g_100g;fiber_g_100g;sugar_g_100g;sodium_mg_100g;cholesterol_mg_100g,EST_PANTRY_20260918_046_V1,
FC002921,"Starbucks Philippines Chocolate Cream Frappuccino, modeled blended drink (estimate)",Unavailable,False,0,0,kcal_100g;protein_g_100g;carbs_g_100g;fat_g_100g;fiber_g_100g;sugar_g_100g;sodium_mg_100g;cholesterol_mg_100g,EST_PANTRY_20260918_047_V1,
FC002922,"PICKUP COFFEE Kape Kastila, iced (estimate)",Unavailable,False,0,0,kcal_100g;protein_g_100g;carbs_g_100g;fat_g_100g;fiber_g_100g;sugar_g_100g;sodium_mg_100g;cholesterol_mg_100g,EST_PANTRY_20260918_048_V1,
FC002923,PICKUP COFFEE Iced Caramel Macchiato (estimate),Unavailable,False,0,0,kcal_100g;protein_g_100g;carbs_g_100g;fat_g_100g;fiber_g_100g;sugar_g_100g;sodium_mg_100g;cholesterol_mg_100g,EST_PANTRY_20260918_049_V1,
FC002924,PICKUP COFFEE Iced White Mocha Latte (estimate),Unavailable,False,0,0,kcal_100g;protein_g_100g;carbs_g_100g;fat_g_100g;fiber_g_100g;sugar_g_100g;sodium_mg_100g;cholesterol_mg_100g,EST_PANTRY_20260918_050_V1,
FC002925,PICKUP COFFEE Iced Latte (estimate),Unavailable,False,0,0,kcal_100g;protein_g_100g;carbs_g_100g;fat_g_100g;fiber_g_100g;sugar_g_100g;sodium_mg_100g;cholesterol_mg_100g,EST_PANTRY_20260918_051_V1,
FC002926,"PICKUP COFFEE Cappuccino, hot (estimate)",Unavailable,False,0,0,kcal_100g;protein_g_100g;carbs_g_100g;fat_g_100g;fiber_g_100g;sugar_g_100g;sodium_mg_100g;cholesterol_mg_100g,EST_PANTRY_20260918_052_V1,
FC002927,PICKUP COFFEE Iced Dark Chocolate Latte (estimate),Unavailable,False,0,0,kcal_100g;protein_g_100g;carbs_g_100g;fat_g_100g;fiber_g_100g;sugar_g_100g;sodium_mg_100g;cholesterol_mg_100g,EST_PANTRY_20260918_053_V1,
FC002928,"Cobra Energy Drink, original modeled sweetened liquid (estimate)",Unavailable,False,0,0,kcal_100g;protein_g_100g;carbs_g_100g;fat_g_100g;fiber_g_100g;sugar_g_100g;sodium_mg_100g;cholesterol_mg_100g,EST_PANTRY_20260918_054_V1,
FC002929,"Sting Energy Drink Strawberry, modeled sweetened liquid (estimate)",Unavailable,False,0,0,kcal_100g;protein_g_100g;carbs_g_100g;fat_g_100g;fiber_g_100g;sugar_g_100g;sodium_mg_100g;cholesterol_mg_100g,EST_PANTRY_20260918_055_V1,
FC002930,"C2 lemon green tea, modeled sweetened drink (estimate)",Unavailable,False,0,0,kcal_100g;protein_g_100g;carbs_g_100g;fat_g_100g;fiber_g_100g;sugar_g_100g;sodium_mg_100g;cholesterol_mg_100g,EST_PANTRY_20260918_056_V1,
FC002931,"Athlene ACTIVE Whey Chocolate shake, 32.4 g powder plus 250 g water (estimate)",Unavailable,False,0,0,kcal_100g;protein_g_100g;carbs_g_100g;fat_g_100g;fiber_g_100g;sugar_g_100g;sodium_mg_100g;cholesterol_mg_100g,EST_PANTRY_20260918_057_V1,
FC002932,"Athlene ACTIVE Whey Chocolate shake, 32.4 g powder plus 250 g whole milk (estimate)",Unavailable,False,0,0,kcal_100g;protein_g_100g;carbs_g_100g;fat_g_100g;fiber_g_100g;sugar_g_100g;sodium_mg_100g;cholesterol_mg_100g,EST_PANTRY_20260918_058_V1,
FC002933,"Coca-Cola Original Taste Philippines, label-derived density approximation (estimate)",Unavailable,False,0,0,kcal_100g;protein_g_100g;carbs_g_100g;fat_g_100g;fiber_g_100g;sugar_g_100g;sodium_mg_100g;cholesterol_mg_100g,EST_DRINK_LABEL_20260918_001_V1,
FC002934,"Coca-Cola Light Taste Philippines, label-derived density approximation (estimate)",Unavailable,False,0,0,kcal_100g;protein_g_100g;carbs_g_100g;fat_g_100g;fiber_g_100g;sugar_g_100g;sodium_mg_100g;cholesterol_mg_100g,EST_DRINK_LABEL_20260918_002_V1,
FC002935,"Coca-Cola Zero Sugar Philippines, label-derived density approximation (estimate)",Unavailable,False,0,0,kcal_100g;protein_g_100g;carbs_g_100g;fat_g_100g;fiber_g_100g;sugar_g_100g;sodium_mg_100g;cholesterol_mg_100g,EST_DRINK_LABEL_20260918_003_V1,
FC002936,"Sprite, 240 mL label formulation Philippines, label-derived density approximation (estimate)",Unavailable,False,0,0,kcal_100g;protein_g_100g;carbs_g_100g;fat_g_100g;fiber_g_100g;sugar_g_100g;sodium_mg_100g;cholesterol_mg_100g,EST_DRINK_LABEL_20260918_004_V1,
FC002937,"Sprite Zero Philippines, label-derived density approximation (estimate)",Unavailable,False,0,0,kcal_100g;protein_g_100g;carbs_g_100g;fat_g_100g;fiber_g_100g;sugar_g_100g;sodium_mg_100g;cholesterol_mg_100g,EST_DRINK_LABEL_20260918_005_V1,
FC002938,"Royal Tru-Orange Philippines, label-derived density approximation (estimate)",Unavailable,False,0,0,kcal_100g;protein_g_100g;carbs_g_100g;fat_g_100g;fiber_g_100g;sugar_g_100g;sodium_mg_100g;cholesterol_mg_100g,EST_DRINK_LABEL_20260918_006_V1,
FC002939,"Royal Zero Sugar Philippines, label-derived density approximation (estimate)",Unavailable,False,0,0,kcal_100g;protein_g_100g;carbs_g_100g;fat_g_100g;fiber_g_100g;sugar_g_100g;sodium_mg_100g;cholesterol_mg_100g,EST_DRINK_LABEL_20260918_007_V1,
FC002940,"Royal Tru-Grape Philippines, label-derived density approximation (estimate)",Unavailable,False,0,0,kcal_100g;protein_g_100g;carbs_g_100g;fat_g_100g;fiber_g_100g;sugar_g_100g;sodium_mg_100g;cholesterol_mg_100g,EST_DRINK_LABEL_20260918_008_V1,
FC002941,"Royal Tru-Lemon Philippines, label-derived density approximation (estimate)",Unavailable,False,0,0,kcal_100g;protein_g_100g;carbs_g_100g;fat_g_100g;fiber_g_100g;sugar_g_100g;sodium_mg_100g;cholesterol_mg_100g,EST_DRINK_LABEL_20260918_009_V1,
