food_id,batch_id,source_food_id,name,category,source_url,selection_reason
FC000148,01-staples,A135,"Noodles, mung bean starch, boiled","Rice, Grains & Bakery",https://i.fnri.dost.gov.ph/fct/library/report/3097,"FNRI primary record; prioritized common food family and preparation. This is editorial prioritization, not a consumption-frequency ranking."
FC000149,01-staples,A145,"Noodles, wheat, thin, boiled","Rice, Grains & Bakery",https://i.fnri.dost.gov.ph/fct/library/report/3107,"FNRI primary record; prioritized common food family and preparation. This is editorial prioritization, not a consumption-frequency ranking."
FC000150,01-staples,A147,"Noodles, wheat, miki, dry, boiled","Rice, Grains & Bakery",https://i.fnri.dost.gov.ph/fct/library/report/3109,"FNRI primary record; prioritized common food family and preparation. This is editorial prioritization, not a consumption-frequency ranking."
FC000151,01-staples,A150,"Oats, quick-cooking, ckd","Rice, Grains & Bakery",https://i.fnri.dost.gov.ph/fct/library/report/3112,"FNRI primary record; prioritized common food family and preparation. This is editorial prioritization, not a consumption-frequency ranking."
FC000152,01-staples,A154,"Pasta, spaghetti, boiled","Rice, Grains & Bakery",https://i.fnri.dost.gov.ph/fct/library/report/3116,"FNRI primary record; prioritized common food family and preparation. This is editorial prioritization, not a consumption-frequency ranking."
FC000153,01-staples,A127,Hopyang baboy,"Rice, Grains & Bakery",https://i.fnri.dost.gov.ph/fct/library/report/3089,"FNRI primary record; prioritized common food family and preparation. This is editorial prioritization, not a consumption-frequency ranking."
FC000154,01-staples,A128,Hopyang Hapon,"Rice, Grains & Bakery",https://i.fnri.dost.gov.ph/fct/library/report/3090,"FNRI primary record; prioritized common food family and preparation. This is editorial prioritization, not a consumption-frequency ranking."
FC000155,01-staples,A129,Hopyang munggo,"Rice, Grains & Bakery",https://i.fnri.dost.gov.ph/fct/library/report/3091,"FNRI primary record; prioritized common food family and preparation. This is editorial prioritization, not a consumption-frequency ranking."
FC000156,01-staples,A134,"Noodles, mung bean starch","Rice, Grains & Bakery",https://i.fnri.dost.gov.ph/fct/library/report/3096,"FNRI primary record; prioritized common food family and preparation. This is editorial prioritization, not a consumption-frequency ranking."
FC000157,01-staples,A148,"Oatmeal, instant","Rice, Grains & Bakery",https://i.fnri.dost.gov.ph/fct/library/report/3110,"FNRI primary record; prioritized common food family and preparation. This is editorial prioritization, not a consumption-frequency ranking."
FC000158,01-staples,A149,"Oats, quick-cooking","Rice, Grains & Bakery",https://i.fnri.dost.gov.ph/fct/library/report/3111,"FNRI primary record; prioritized common food family and preparation. This is editorial prioritization, not a consumption-frequency ranking."
FC000159,01-staples,A152,"Pasta, macaroni","Rice, Grains & Bakery",https://i.fnri.dost.gov.ph/fct/library/report/3114,"FNRI primary record; prioritized common food family and preparation. This is editorial prioritization, not a consumption-frequency ranking."
FC000160,01-staples,A153,"Pasta, spaghetti","Rice, Grains & Bakery",https://i.fnri.dost.gov.ph/fct/library/report/3115,"FNRI primary record; prioritized common food family and preparation. This is editorial prioritization, not a consumption-frequency ranking."
FC000161,01-staples,A167,"Rice cake (glutinous), bibingka","Rice, Grains & Bakery",https://i.fnri.dost.gov.ph/fct/library/report/3129,"FNRI primary record; prioritized common food family and preparation. This is editorial prioritization, not a consumption-frequency ranking."
FC000162,01-staples,A168,"Rice cake (glutinous), biko","Rice, Grains & Bakery",https://i.fnri.dost.gov.ph/fct/library/report/3130,"FNRI primary record; prioritized common food family and preparation. This is editorial prioritization, not a consumption-frequency ranking."
FC000163,01-staples,A173,"Rice cake, bibingka","Rice, Grains & Bakery",https://i.fnri.dost.gov.ph/fct/library/report/3135,"FNRI primary record; prioritized common food family and preparation. This is editorial prioritization, not a consumption-frequency ranking."
FC000164,01-staples,A175,"Rice cake, puto bumbong, purple","Rice, Grains & Bakery",https://i.fnri.dost.gov.ph/fct/library/report/3137,"FNRI primary record; prioritized common food family and preparation. This is editorial prioritization, not a consumption-frequency ranking."
FC000165,01-staples,A177,"Rice cake, puto, white","Rice, Grains & Bakery",https://i.fnri.dost.gov.ph/fct/library/report/3139,"FNRI primary record; prioritized common food family and preparation. This is editorial prioritization, not a consumption-frequency ranking."
FC000166,01-staples,A179,"Rice cake, cuchinta","Rice, Grains & Bakery",https://i.fnri.dost.gov.ph/fct/library/report/3141,"FNRI primary record; prioritized common food family and preparation. This is editorial prioritization, not a consumption-frequency ranking."
FC000167,01-staples,A188,"Rice prep (glutinous), palitaw","Rice, Grains & Bakery",https://i.fnri.dost.gov.ph/fct/library/report/3150,"FNRI primary record; prioritized common food family and preparation. This is editorial prioritization, not a consumption-frequency ranking."
FC000168,01-staples,A190,"Rice prep (glutinous), sapin-sapin","Rice, Grains & Bakery",https://i.fnri.dost.gov.ph/fct/library/report/3152,"FNRI primary record; prioritized common food family and preparation. This is editorial prioritization, not a consumption-frequency ranking."
FC000169,01-staples,A191,"Rice prep (glutinous), suman sa ibos","Rice, Grains & Bakery",https://i.fnri.dost.gov.ph/fct/library/report/3153,"FNRI primary record; prioritized common food family and preparation. This is editorial prioritization, not a consumption-frequency ranking."
FC000170,01-staples,A192,"Rice prep (glutinous), suman, lye-treated","Rice, Grains & Bakery",https://i.fnri.dost.gov.ph/fct/library/report/3154,"FNRI primary record; prioritized common food family and preparation. This is editorial prioritization, not a consumption-frequency ranking."
FC000171,01-staples,A200,"Spring roll wrapper, plain","Rice, Grains & Bakery",https://i.fnri.dost.gov.ph/fct/library/report/3162,"FNRI primary record; prioritized common food family and preparation. This is editorial prioritization, not a consumption-frequency ranking."
FC000172,01-staples,A201,"Wheat flour, all-purpose","Rice, Grains & Bakery",https://i.fnri.dost.gov.ph/fct/library/report/3163,"FNRI primary record; prioritized common food family and preparation. This is editorial prioritization, not a consumption-frequency ranking."
FC000173,01-staples,A031,"Bread, brown","Rice, Grains & Bakery",https://i.fnri.dost.gov.ph/fct/library/report/2993,"FNRI primary record; prioritized common food family and preparation. This is editorial prioritization, not a consumption-frequency ranking."
FC000174,01-staples,A032,"Bread, cheese roll","Rice, Grains & Bakery",https://i.fnri.dost.gov.ph/fct/library/report/2994,"FNRI primary record; prioritized common food family and preparation. This is editorial prioritization, not a consumption-frequency ranking."
FC000175,01-staples,A039,"Bread, pan de leche","Rice, Grains & Bakery",https://i.fnri.dost.gov.ph/fct/library/report/3001,"FNRI primary record; prioritized common food family and preparation. This is editorial prioritization, not a consumption-frequency ranking."
FC000176,01-staples,A051,"Cake, banana","Rice, Grains & Bakery",https://i.fnri.dost.gov.ph/fct/library/report/3013,"FNRI primary record; prioritized common food family and preparation. This is editorial prioritization, not a consumption-frequency ranking."
FC000177,01-staples,A059,"Cake, kababayan","Rice, Grains & Bakery",https://i.fnri.dost.gov.ph/fct/library/report/3021,"FNRI primary record; prioritized common food family and preparation. This is editorial prioritization, not a consumption-frequency ranking."
FC000178,01-staples,A094,"Cookies, otap","Rice, Grains & Bakery",https://i.fnri.dost.gov.ph/fct/library/report/3056,"FNRI primary record; prioritized common food family and preparation. This is editorial prioritization, not a consumption-frequency ranking."
FC000179,01-staples,A011,"Rice, glutinous, parboiled, flattened","Rice, Grains & Bakery",https://i.fnri.dost.gov.ph/fct/library/report/2973,"FNRI primary record; prioritized common food family and preparation. This is editorial prioritization, not a consumption-frequency ranking."
FC000180,01-staples,A016,"Rice, undermilled, glutinous, purple, boiled","Rice, Grains & Bakery",https://i.fnri.dost.gov.ph/fct/library/report/2978,"FNRI primary record; prioritized common food family and preparation. This is editorial prioritization, not a consumption-frequency ranking."
FC000181,01-staples,A023,"Rice-corn mixture (1:1), boiled","Rice, Grains & Bakery",https://i.fnri.dost.gov.ph/fct/library/report/2985,"FNRI primary record; prioritized common food family and preparation. This is editorial prioritization, not a consumption-frequency ranking."
FC000182,01-staples,A196,"Rice water, ckd, thin","Rice, Grains & Bakery",https://i.fnri.dost.gov.ph/fct/library/report/3158,"FNRI primary record; prioritized common food family and preparation. This is editorial prioritization, not a consumption-frequency ranking."
FC000183,01-staples,A001,"Corn grits, white","Rice, Grains & Bakery",https://i.fnri.dost.gov.ph/fct/library/report/2963,"FNRI primary record; prioritized common food family and preparation. This is editorial prioritization, not a consumption-frequency ranking."
FC000184,01-staples,A002,"Corn grits, yellow","Rice, Grains & Bakery",https://i.fnri.dost.gov.ph/fct/library/report/2964,"FNRI primary record; prioritized common food family and preparation. This is editorial prioritization, not a consumption-frequency ranking."
FC000185,01-staples,A003,"Corn on cob, white","Rice, Grains & Bakery",https://i.fnri.dost.gov.ph/fct/library/report/2965,"FNRI primary record; prioritized common food family and preparation. This is editorial prioritization, not a consumption-frequency ranking."
FC000186,01-staples,A004,"Corn on cob, yellow","Rice, Grains & Bakery",https://i.fnri.dost.gov.ph/fct/library/report/2966,"FNRI primary record; prioritized common food family and preparation. This is editorial prioritization, not a consumption-frequency ranking."
FC000187,01-staples,A006,"Cornmeal, white","Rice, Grains & Bakery",https://i.fnri.dost.gov.ph/fct/library/report/2968,"FNRI primary record; prioritized common food family and preparation. This is editorial prioritization, not a consumption-frequency ranking."
FC000188,01-staples,A007,"Cornmeal, yellow","Rice, Grains & Bakery",https://i.fnri.dost.gov.ph/fct/library/report/2969,"FNRI primary record; prioritized common food family and preparation. This is editorial prioritization, not a consumption-frequency ranking."
FC000189,01-staples,A010,Rice bran,"Rice, Grains & Bakery",https://i.fnri.dost.gov.ph/fct/library/report/2972,"FNRI primary record; prioritized common food family and preparation. This is editorial prioritization, not a consumption-frequency ranking."
FC000190,01-staples,A013,"Rice, milled, glutinous, milled w/ water","Rice, Grains & Bakery",https://i.fnri.dost.gov.ph/fct/library/report/2975,"FNRI primary record; prioritized common food family and preparation. This is editorial prioritization, not a consumption-frequency ranking."
FC000191,01-staples,A015,"Rice, undermilled, glutinous, purple","Rice, Grains & Bakery",https://i.fnri.dost.gov.ph/fct/library/report/2977,"FNRI primary record; prioritized common food family and preparation. This is editorial prioritization, not a consumption-frequency ranking."
FC000192,01-staples,A017,"Rice, undermilled, red","Rice, Grains & Bakery",https://i.fnri.dost.gov.ph/fct/library/report/2979,"FNRI primary record; prioritized common food family and preparation. This is editorial prioritization, not a consumption-frequency ranking."
FC000193,01-staples,A019,"Rice, well-milled","Rice, Grains & Bakery",https://i.fnri.dost.gov.ph/fct/library/report/2981,"FNRI primary record; prioritized common food family and preparation. This is editorial prioritization, not a consumption-frequency ranking."
FC000194,01-staples,A022,Rice-corn mixture (1:1),"Rice, Grains & Bakery",https://i.fnri.dost.gov.ph/fct/library/report/2984,"FNRI primary record; prioritized common food family and preparation. This is editorial prioritization, not a consumption-frequency ranking."
FC000195,01-staples,A028,Bicho-bicho,"Rice, Grains & Bakery",https://i.fnri.dost.gov.ph/fct/library/report/2990,"FNRI primary record; prioritized common food family and preparation. This is editorial prioritization, not a consumption-frequency ranking."
FC000196,01-staples,A130,Karyoka,"Rice, Grains & Bakery",https://i.fnri.dost.gov.ph/fct/library/report/3092,"FNRI primary record; prioritized common food family and preparation. This is editorial prioritization, not a consumption-frequency ranking."
FC000197,01-staples,A136,"Noodles, rice, fideos","Rice, Grains & Bakery",https://i.fnri.dost.gov.ph/fct/library/report/3098,"FNRI primary record; prioritized common food family and preparation. This is editorial prioritization, not a consumption-frequency ranking."
FC000198,01-staples,B002,"Cassava, boiled",Root Crops,https://i.fnri.dost.gov.ph/fct/library/report/3169,"FNRI primary record; prioritized common food family and preparation. This is editorial prioritization, not a consumption-frequency ranking."
FC000199,01-staples,B008,"Potato, boiled",Root Crops,https://i.fnri.dost.gov.ph/fct/library/report/3175,"FNRI primary record; prioritized common food family and preparation. This is editorial prioritization, not a consumption-frequency ranking."
FC000200,01-staples,B010,"Sweet potato, purple, boiled",Root Crops,https://i.fnri.dost.gov.ph/fct/library/report/3177,"FNRI primary record; prioritized common food family and preparation. This is editorial prioritization, not a consumption-frequency ranking."
FC000201,01-staples,B016,"Taro, boiled",Root Crops,https://i.fnri.dost.gov.ph/fct/library/report/3183,"FNRI primary record; prioritized common food family and preparation. This is editorial prioritization, not a consumption-frequency ranking."
FC000202,01-staples,B021,"Yam, purple, boiled",Root Crops,https://i.fnri.dost.gov.ph/fct/library/report/3188,"FNRI primary record; prioritized common food family and preparation. This is editorial prioritization, not a consumption-frequency ranking."
FC000203,01-staples,B034,"Potato, French-fried",Root Crops,https://i.fnri.dost.gov.ph/fct/library/report/3201,"FNRI primary record; prioritized common food family and preparation. This is editorial prioritization, not a consumption-frequency ranking."
FC000204,01-staples,B036,"Tapioca starch ball, boiled",Root Crops,https://i.fnri.dost.gov.ph/fct/library/report/3203,"FNRI primary record; prioritized common food family and preparation. This is editorial prioritization, not a consumption-frequency ranking."
FC000205,01-staples,B037,"Sweet potato, w/ sugar, fried",Root Crops,https://i.fnri.dost.gov.ph/fct/library/report/3204,"FNRI primary record; prioritized common food family and preparation. This is editorial prioritization, not a consumption-frequency ranking."
FC000206,01-staples,B003,"Cassava, yellow",Root Crops,https://i.fnri.dost.gov.ph/fct/library/report/3170,"FNRI primary record; prioritized common food family and preparation. This is editorial prioritization, not a consumption-frequency ranking."
FC000207,01-staples,B007,Potato,Root Crops,https://i.fnri.dost.gov.ph/fct/library/report/3174,"FNRI primary record; prioritized common food family and preparation. This is editorial prioritization, not a consumption-frequency ranking."
FC000208,01-staples,B009,"Sweet potato, purple",Root Crops,https://i.fnri.dost.gov.ph/fct/library/report/3176,"FNRI primary record; prioritized common food family and preparation. This is editorial prioritization, not a consumption-frequency ranking."
FC000209,01-staples,B011,"Sweet potato, white",Root Crops,https://i.fnri.dost.gov.ph/fct/library/report/3178,"FNRI primary record; prioritized common food family and preparation. This is editorial prioritization, not a consumption-frequency ranking."
FC000210,01-staples,B013,"Sweet potato, yellow",Root Crops,https://i.fnri.dost.gov.ph/fct/library/report/3180,"FNRI primary record; prioritized common food family and preparation. This is editorial prioritization, not a consumption-frequency ranking."
FC000211,01-staples,B026,"Cassava cake, bibingka",Root Crops,https://i.fnri.dost.gov.ph/fct/library/report/3193,"FNRI primary record; prioritized common food family and preparation. This is editorial prioritization, not a consumption-frequency ranking."
FC000212,01-staples,B027,Cassava flour,Root Crops,https://i.fnri.dost.gov.ph/fct/library/report/3194,"FNRI primary record; prioritized common food family and preparation. This is editorial prioritization, not a consumption-frequency ranking."
FC000213,01-staples,B028,Cassava fritter,Root Crops,https://i.fnri.dost.gov.ph/fct/library/report/3195,"FNRI primary record; prioritized common food family and preparation. This is editorial prioritization, not a consumption-frequency ranking."
FC000214,01-staples,B029,Cassava pudding,Root Crops,https://i.fnri.dost.gov.ph/fct/library/report/3196,"FNRI primary record; prioritized common food family and preparation. This is editorial prioritization, not a consumption-frequency ranking."
FC000215,01-staples,B030,"Cassava, mashed, w/ sugar & marg",Root Crops,https://i.fnri.dost.gov.ph/fct/library/report/3197,"FNRI primary record; prioritized common food family and preparation. This is editorial prioritization, not a consumption-frequency ranking."
FC000216,01-staples,B031,"Cassava, suman",Root Crops,https://i.fnri.dost.gov.ph/fct/library/report/3198,"FNRI primary record; prioritized common food family and preparation. This is editorial prioritization, not a consumption-frequency ranking."
FC000217,01-staples,B033,"Potato chips, cheese flvr",Root Crops,https://i.fnri.dost.gov.ph/fct/library/report/3200,"FNRI primary record; prioritized common food family and preparation. This is editorial prioritization, not a consumption-frequency ranking."
FC000218,01-staples,B035,Tapioca starch ball,Root Crops,https://i.fnri.dost.gov.ph/fct/library/report/3202,"FNRI primary record; prioritized common food family and preparation. This is editorial prioritization, not a consumption-frequency ranking."
FC000219,01-staples,B040,"Yam, purple, pudding",Root Crops,https://i.fnri.dost.gov.ph/fct/library/report/3207,"FNRI primary record; prioritized common food family and preparation. This is editorial prioritization, not a consumption-frequency ranking."
FC000220,01-staples,B041,"Yam, purple, pudding,w/ grtd coconut topping",Root Crops,https://i.fnri.dost.gov.ph/fct/library/report/3208,"FNRI primary record; prioritized common food family and preparation. This is editorial prioritization, not a consumption-frequency ranking."
FC000221,01-staples,B043,"Sweet potato, orange",Root Crops,https://i.fnri.dost.gov.ph/fct/library/report/3210,"FNRI primary record; prioritized common food family and preparation. This is editorial prioritization, not a consumption-frequency ranking."
FC000222,01-staples,B005,"East Indian arrowroot, boiled",Root Crops,https://i.fnri.dost.gov.ph/fct/library/report/3172,"FNRI primary record; prioritized common food family and preparation. This is editorial prioritization, not a consumption-frequency ranking."
FC000223,01-staples,C002,"Cashew nut, roasted","Legumes, Nuts & Seeds",https://i.fnri.dost.gov.ph/fct/library/report/3212,"FNRI primary record; prioritized common food family and preparation. This is editorial prioritization, not a consumption-frequency ranking."
FC000224,01-staples,C005,"Chickpea, dried, boiled","Legumes, Nuts & Seeds",https://i.fnri.dost.gov.ph/fct/library/report/3215,"FNRI primary record; prioritized common food family and preparation. This is editorial prioritization, not a consumption-frequency ranking."
FC000225,01-staples,C021,"Kidney bean seed, red, dried, boiled","Legumes, Nuts & Seeds",https://i.fnri.dost.gov.ph/fct/library/report/3231,"FNRI primary record; prioritized common food family and preparation. This is editorial prioritization, not a consumption-frequency ranking."
FC000226,01-staples,C035,"Peanut w/ shell, boiled","Legumes, Nuts & Seeds",https://i.fnri.dost.gov.ph/fct/library/report/3245,"FNRI primary record; prioritized common food family and preparation. This is editorial prioritization, not a consumption-frequency ranking."
FC000227,01-staples,C036,"Peanut w/ skin, roasted","Legumes, Nuts & Seeds",https://i.fnri.dost.gov.ph/fct/library/report/3246,"FNRI primary record; prioritized common food family and preparation. This is editorial prioritization, not a consumption-frequency ranking."
FC000228,01-staples,C048,"Soybean seed, yellow, dried, boiled","Legumes, Nuts & Seeds",https://i.fnri.dost.gov.ph/fct/library/report/3258,"FNRI primary record; prioritized common food family and preparation. This is editorial prioritization, not a consumption-frequency ranking."
FC000229,01-staples,C004,"Chickpea, dried","Legumes, Nuts & Seeds",https://i.fnri.dost.gov.ph/fct/library/report/3214,"FNRI primary record; prioritized common food family and preparation. This is editorial prioritization, not a consumption-frequency ranking."
FC000230,01-staples,C006,"Coconut meat, mature","Legumes, Nuts & Seeds",https://i.fnri.dost.gov.ph/fct/library/report/3216,"FNRI primary record; prioritized common food family and preparation. This is editorial prioritization, not a consumption-frequency ranking."
FC000231,01-staples,C007,"Coconut meat, very young","Legumes, Nuts & Seeds",https://i.fnri.dost.gov.ph/fct/library/report/3217,"FNRI primary record; prioritized common food family and preparation. This is editorial prioritization, not a consumption-frequency ranking."
FC000232,01-staples,C008,"Coconut meat, young","Legumes, Nuts & Seeds",https://i.fnri.dost.gov.ph/fct/library/report/3218,"FNRI primary record; prioritized common food family and preparation. This is editorial prioritization, not a consumption-frequency ranking."
FC000233,01-staples,C020,"Kidney bean seed, red, dried","Legumes, Nuts & Seeds",https://i.fnri.dost.gov.ph/fct/library/report/3230,"FNRI primary record; prioritized common food family and preparation. This is editorial prioritization, not a consumption-frequency ranking."
FC000234,01-staples,C027,"Mung bean seed, green, dried","Legumes, Nuts & Seeds",https://i.fnri.dost.gov.ph/fct/library/report/3237,"FNRI primary record; prioritized common food family and preparation. This is editorial prioritization, not a consumption-frequency ranking."
FC000235,01-staples,C043,"Sesame seed, dried","Legumes, Nuts & Seeds",https://i.fnri.dost.gov.ph/fct/library/report/3253,"FNRI primary record; prioritized common food family and preparation. This is editorial prioritization, not a consumption-frequency ranking."
FC000236,01-staples,C044,"Soybean seed, dried","Legumes, Nuts & Seeds",https://i.fnri.dost.gov.ph/fct/library/report/3254,"FNRI primary record; prioritized common food family and preparation. This is editorial prioritization, not a consumption-frequency ranking."
FC000237,01-staples,C051,"Chickpea, cnd","Legumes, Nuts & Seeds",https://i.fnri.dost.gov.ph/fct/library/report/3261,"FNRI primary record; prioritized common food family and preparation. This is editorial prioritization, not a consumption-frequency ranking."
FC000238,01-staples,C055,"Green pea, in brine, cnd","Legumes, Nuts & Seeds",https://i.fnri.dost.gov.ph/fct/library/report/3265,"FNRI primary record; prioritized common food family and preparation. This is editorial prioritization, not a consumption-frequency ranking."
FC000239,01-staples,C058,Peanut butter,"Legumes, Nuts & Seeds",https://i.fnri.dost.gov.ph/fct/library/report/3268,"FNRI primary record; prioritized common food family and preparation. This is editorial prioritization, not a consumption-frequency ranking."
FC000240,01-staples,C061,"Soybean cheese, salted","Legumes, Nuts & Seeds",https://i.fnri.dost.gov.ph/fct/library/report/3271,"FNRI primary record; prioritized common food family and preparation. This is editorial prioritization, not a consumption-frequency ranking."
FC000241,01-staples,C062,"Soybean seed, black, fermented","Legumes, Nuts & Seeds",https://i.fnri.dost.gov.ph/fct/library/report/3272,"FNRI primary record; prioritized common food family and preparation. This is editorial prioritization, not a consumption-frequency ranking."
FC000242,01-staples,C065,Soybean pudding/ Geerlig's cheese,"Legumes, Nuts & Seeds",https://i.fnri.dost.gov.ph/fct/library/report/3275,"FNRI primary record; prioritized common food family and preparation. This is editorial prioritization, not a consumption-frequency ranking."
FC000243,01-staples,C066,Soybean pudding/Geerlig's cheese w/ syrup & tapioca starch ball,"Legumes, Nuts & Seeds",https://i.fnri.dost.gov.ph/fct/library/report/3276,"FNRI primary record; prioritized common food family and preparation. This is editorial prioritization, not a consumption-frequency ranking."
FC000244,01-staples,C067,"Soybean paste, miso","Legumes, Nuts & Seeds",https://i.fnri.dost.gov.ph/fct/library/report/3277,"FNRI primary record; prioritized common food family and preparation. This is editorial prioritization, not a consumption-frequency ranking."
FC000245,01-staples,C068,"Soybean seed, yellow, cnd, drnd","Legumes, Nuts & Seeds",https://i.fnri.dost.gov.ph/fct/library/report/3278,"FNRI primary record; prioritized common food family and preparation. This is editorial prioritization, not a consumption-frequency ranking."
FC000246,01-staples,C069,"Watermelon seed, dried, salted","Legumes, Nuts & Seeds",https://i.fnri.dost.gov.ph/fct/library/report/3279,"FNRI primary record; prioritized common food family and preparation. This is editorial prioritization, not a consumption-frequency ranking."
FC000247,01-staples,C019,"Kidney bean seed, black, dried, boiled","Legumes, Nuts & Seeds",https://i.fnri.dost.gov.ph/fct/library/report/3229,"FNRI primary record; prioritized common food family and preparation. This is editorial prioritization, not a consumption-frequency ranking."
FC000248,02-vegetables,D011,"Bamboo shoot, boiled",Vegetables,https://i.fnri.dost.gov.ph/fct/library/report/3290,"FNRI primary record; prioritized common food family and preparation. This is editorial prioritization, not a consumption-frequency ranking."
FC000249,02-vegetables,D014,"Banana heart, butuan, boiled",Vegetables,https://i.fnri.dost.gov.ph/fct/library/report/3293,"FNRI primary record; prioritized common food family and preparation. This is editorial prioritization, not a consumption-frequency ranking."
FC000250,02-vegetables,D019,"Bitter melon/gourd fruit, boiled",Vegetables,https://i.fnri.dost.gov.ph/fct/library/report/3298,"FNRI primary record; prioritized common food family and preparation. This is editorial prioritization, not a consumption-frequency ranking."
FC000251,02-vegetables,D026,"Bottle gourd fruit, boiled",Vegetables,https://i.fnri.dost.gov.ph/fct/library/report/3305,"FNRI primary record; prioritized common food family and preparation. This is editorial prioritization, not a consumption-frequency ranking."
FC000252,02-vegetables,D036,"Cabbage, green, boiled",Vegetables,https://i.fnri.dost.gov.ph/fct/library/report/3315,"FNRI primary record; prioritized common food family and preparation. This is editorial prioritization, not a consumption-frequency ranking."
FC000253,02-vegetables,D046,"Cauliflower, boiled",Vegetables,https://i.fnri.dost.gov.ph/fct/library/report/3325,"FNRI primary record; prioritized common food family and preparation. This is editorial prioritization, not a consumption-frequency ranking."
FC000254,02-vegetables,D051,"Chayote fruit, boiled",Vegetables,https://i.fnri.dost.gov.ph/fct/library/report/3330,"FNRI primary record; prioritized common food family and preparation. This is editorial prioritization, not a consumption-frequency ranking."
FC000255,02-vegetables,D055,"Chinese cabbage, boiled",Vegetables,https://i.fnri.dost.gov.ph/fct/library/report/3334,"FNRI primary record; prioritized common food family and preparation. This is editorial prioritization, not a consumption-frequency ranking."
FC000256,02-vegetables,D074,"Eggplant, boiled",Vegetables,https://i.fnri.dost.gov.ph/fct/library/report/3353,"FNRI primary record; prioritized common food family and preparation. This is editorial prioritization, not a consumption-frequency ranking."
FC000257,02-vegetables,D095,"Horseradish tree lvs, boiled",Vegetables,https://i.fnri.dost.gov.ph/fct/library/report/3374,"FNRI primary record; prioritized common food family and preparation. This is editorial prioritization, not a consumption-frequency ranking."
FC000258,02-vegetables,D103,"Hyacinth bean pod, boiled",Vegetables,https://i.fnri.dost.gov.ph/fct/library/report/3382,"FNRI primary record; prioritized common food family and preparation. This is editorial prioritization, not a consumption-frequency ranking."
FC000259,02-vegetables,D108,"Jute lvs, boiled",Vegetables,https://i.fnri.dost.gov.ph/fct/library/report/3387,"FNRI primary record; prioritized common food family and preparation. This is editorial prioritization, not a consumption-frequency ranking."
FC000260,02-vegetables,D132,"Mung bean sprout, boiled",Vegetables,https://i.fnri.dost.gov.ph/fct/library/report/3411,"FNRI primary record; prioritized common food family and preparation. This is editorial prioritization, not a consumption-frequency ranking."
FC000261,02-vegetables,D135,"Mustard lvs, boiled",Vegetables,https://i.fnri.dost.gov.ph/fct/library/report/3414,"FNRI primary record; prioritized common food family and preparation. This is editorial prioritization, not a consumption-frequency ranking."
FC000262,02-vegetables,D140,"Okra, boiled",Vegetables,https://i.fnri.dost.gov.ph/fct/library/report/3419,"FNRI primary record; prioritized common food family and preparation. This is editorial prioritization, not a consumption-frequency ranking."
FC000263,02-vegetables,D150,"Pako fern lvs, boiled",Vegetables,https://i.fnri.dost.gov.ph/fct/library/report/3429,"FNRI primary record; prioritized common food family and preparation. This is editorial prioritization, not a consumption-frequency ranking."
FC000264,02-vegetables,D161,"Pechay lvs, boiled",Vegetables,https://i.fnri.dost.gov.ph/fct/library/report/3440,"FNRI primary record; prioritized common food family and preparation. This is editorial prioritization, not a consumption-frequency ranking."
FC000265,02-vegetables,D163,"Pechay petioles, boiled",Vegetables,https://i.fnri.dost.gov.ph/fct/library/report/3442,"FNRI primary record; prioritized common food family and preparation. This is editorial prioritization, not a consumption-frequency ranking."
FC000266,02-vegetables,D184,"Radish, boiled",Vegetables,https://i.fnri.dost.gov.ph/fct/library/report/3463,"FNRI primary record; prioritized common food family and preparation. This is editorial prioritization, not a consumption-frequency ranking."
FC000267,02-vegetables,D207,"Snap bean pod, green, boiled",Vegetables,https://i.fnri.dost.gov.ph/fct/library/report/3486,"FNRI primary record; prioritized common food family and preparation. This is editorial prioritization, not a consumption-frequency ranking."
FC000268,02-vegetables,D212,"Snow/Sugar pea pod, boiled",Vegetables,https://i.fnri.dost.gov.ph/fct/library/report/3491,"FNRI primary record; prioritized common food family and preparation. This is editorial prioritization, not a consumption-frequency ranking."
FC000269,02-vegetables,D220,"Sponge gourd fruit, boiled",Vegetables,https://i.fnri.dost.gov.ph/fct/library/report/3499,"FNRI primary record; prioritized common food family and preparation. This is editorial prioritization, not a consumption-frequency ranking."
FC000270,02-vegetables,D226,"Squash fruit, boiled",Vegetables,https://i.fnri.dost.gov.ph/fct/library/report/3505,"FNRI primary record; prioritized common food family and preparation. This is editorial prioritization, not a consumption-frequency ranking."
FC000271,02-vegetables,D228,"Squash lvs, boiled",Vegetables,https://i.fnri.dost.gov.ph/fct/library/report/3507,"FNRI primary record; prioritized common food family and preparation. This is editorial prioritization, not a consumption-frequency ranking."
FC000272,02-vegetables,D233,"String/Yard long bean pod, green, boiled",Vegetables,https://i.fnri.dost.gov.ph/fct/library/report/3512,"FNRI primary record; prioritized common food family and preparation. This is editorial prioritization, not a consumption-frequency ranking."
FC000273,02-vegetables,D235,"String/Yard long bean pod, red, boiled",Vegetables,https://i.fnri.dost.gov.ph/fct/library/report/3514,"FNRI primary record; prioritized common food family and preparation. This is editorial prioritization, not a consumption-frequency ranking."
FC000274,02-vegetables,D237,"String/Yard long bean pod, white, boiled",Vegetables,https://i.fnri.dost.gov.ph/fct/library/report/3516,"FNRI primary record; prioritized common food family and preparation. This is editorial prioritization, not a consumption-frequency ranking."
FC000275,02-vegetables,D243,"Swamp cabbage lvs, boiled",Vegetables,https://i.fnri.dost.gov.ph/fct/library/report/3522,"FNRI primary record; prioritized common food family and preparation. This is editorial prioritization, not a consumption-frequency ranking."
FC000276,02-vegetables,D245,"Sweet potato lvs, boiled",Vegetables,https://i.fnri.dost.gov.ph/fct/library/report/3524,"FNRI primary record; prioritized common food family and preparation. This is editorial prioritization, not a consumption-frequency ranking."
FC000277,02-vegetables,D247,"Sweet potato lvs, purple, boiled",Vegetables,https://i.fnri.dost.gov.ph/fct/library/report/3526,"FNRI primary record; prioritized common food family and preparation. This is editorial prioritization, not a consumption-frequency ranking."
FC000278,02-vegetables,D254,"Taro lvs, boiled",Vegetables,https://i.fnri.dost.gov.ph/fct/library/report/3533,"FNRI primary record; prioritized common food family and preparation. This is editorial prioritization, not a consumption-frequency ranking."
FC000279,02-vegetables,D256,"Taro petioles, boiled",Vegetables,https://i.fnri.dost.gov.ph/fct/library/report/3535,"FNRI primary record; prioritized common food family and preparation. This is editorial prioritization, not a consumption-frequency ranking."
FC000280,02-vegetables,D258,"Tomato, boiled",Vegetables,https://i.fnri.dost.gov.ph/fct/library/report/3537,"FNRI primary record; prioritized common food family and preparation. This is editorial prioritization, not a consumption-frequency ranking."
FC000281,02-vegetables,D273,"Winged bean pod, boiled",Vegetables,https://i.fnri.dost.gov.ph/fct/library/report/3552,"FNRI primary record; prioritized common food family and preparation. This is editorial prioritization, not a consumption-frequency ranking."
FC000282,02-vegetables,D010,Bamboo shoot,Vegetables,https://i.fnri.dost.gov.ph/fct/library/report/3289,"FNRI primary record; prioritized common food family and preparation. This is editorial prioritization, not a consumption-frequency ranking."
FC000283,02-vegetables,D013,"Banana heart, butuan",Vegetables,https://i.fnri.dost.gov.ph/fct/library/report/3292,"FNRI primary record; prioritized common food family and preparation. This is editorial prioritization, not a consumption-frequency ranking."
FC000284,02-vegetables,D025,Bottle gourd fruit,Vegetables,https://i.fnri.dost.gov.ph/fct/library/report/3304,"FNRI primary record; prioritized common food family and preparation. This is editorial prioritization, not a consumption-frequency ranking."
FC000285,02-vegetables,D035,"Cabbage, green",Vegetables,https://i.fnri.dost.gov.ph/fct/library/report/3314,"FNRI primary record; prioritized common food family and preparation. This is editorial prioritization, not a consumption-frequency ranking."
FC000286,02-vegetables,D045,Cauliflower,Vegetables,https://i.fnri.dost.gov.ph/fct/library/report/3324,"FNRI primary record; prioritized common food family and preparation. This is editorial prioritization, not a consumption-frequency ranking."
FC000287,02-vegetables,D069,Cucumber,Vegetables,https://i.fnri.dost.gov.ph/fct/library/report/3348,"FNRI primary record; prioritized common food family and preparation. This is editorial prioritization, not a consumption-frequency ranking."
FC000288,02-vegetables,D102,Hyacinth bean pod,Vegetables,https://i.fnri.dost.gov.ph/fct/library/report/3381,"FNRI primary record; prioritized common food family and preparation. This is editorial prioritization, not a consumption-frequency ranking."
FC000289,02-vegetables,D104,"Jackfruit fruit, unripe",Vegetables,https://i.fnri.dost.gov.ph/fct/library/report/3383,"FNRI primary record; prioritized common food family and preparation. This is editorial prioritization, not a consumption-frequency ranking."
FC000290,02-vegetables,D107,Jute lvs,Vegetables,https://i.fnri.dost.gov.ph/fct/library/report/3386,"FNRI primary record; prioritized common food family and preparation. This is editorial prioritization, not a consumption-frequency ranking."
FC000291,02-vegetables,D115,Lettuce lvs & petioles,Vegetables,https://i.fnri.dost.gov.ph/fct/library/report/3394,"FNRI primary record; prioritized common food family and preparation. This is editorial prioritization, not a consumption-frequency ranking."
FC000292,02-vegetables,D131,Mung bean sprout,Vegetables,https://i.fnri.dost.gov.ph/fct/library/report/3410,"FNRI primary record; prioritized common food family and preparation. This is editorial prioritization, not a consumption-frequency ranking."
FC000293,02-vegetables,D133,"Mushroom, fresh",Vegetables,https://i.fnri.dost.gov.ph/fct/library/report/3412,"FNRI primary record; prioritized common food family and preparation. This is editorial prioritization, not a consumption-frequency ranking."
FC000294,02-vegetables,D134,Mustard lvs,Vegetables,https://i.fnri.dost.gov.ph/fct/library/report/3413,"FNRI primary record; prioritized common food family and preparation. This is editorial prioritization, not a consumption-frequency ranking."
FC000295,02-vegetables,D139,Okra,Vegetables,https://i.fnri.dost.gov.ph/fct/library/report/3418,"FNRI primary record; prioritized common food family and preparation. This is editorial prioritization, not a consumption-frequency ranking."
FC000296,02-vegetables,D147,"Onion, spring",Vegetables,https://i.fnri.dost.gov.ph/fct/library/report/3426,"FNRI primary record; prioritized common food family and preparation. This is editorial prioritization, not a consumption-frequency ranking."
FC000297,02-vegetables,D149,Pako fern lvs,Vegetables,https://i.fnri.dost.gov.ph/fct/library/report/3428,"FNRI primary record; prioritized common food family and preparation. This is editorial prioritization, not a consumption-frequency ranking."
FC000298,02-vegetables,D154,"Papaya fruit, unripe",Vegetables,https://i.fnri.dost.gov.ph/fct/library/report/3433,"FNRI primary record; prioritized common food family and preparation. This is editorial prioritization, not a consumption-frequency ranking."
FC000299,02-vegetables,D164,"Pepper, chili fruit",Vegetables,https://i.fnri.dost.gov.ph/fct/library/report/3443,"FNRI primary record; prioritized common food family and preparation. This is editorial prioritization, not a consumption-frequency ranking."
FC000300,02-vegetables,D167,"Pepper, sweet/bell long, green",Vegetables,https://i.fnri.dost.gov.ph/fct/library/report/3446,"FNRI primary record; prioritized common food family and preparation. This is editorial prioritization, not a consumption-frequency ranking."
FC000301,02-vegetables,D169,"Pepper, sweet/bell, long, red",Vegetables,https://i.fnri.dost.gov.ph/fct/library/report/3448,"FNRI primary record; prioritized common food family and preparation. This is editorial prioritization, not a consumption-frequency ranking."
FC000302,02-vegetables,D183,Radish,Vegetables,https://i.fnri.dost.gov.ph/fct/library/report/3462,"FNRI primary record; prioritized common food family and preparation. This is editorial prioritization, not a consumption-frequency ranking."
FC000303,02-vegetables,D206,"Snap bean pod, green",Vegetables,https://i.fnri.dost.gov.ph/fct/library/report/3485,"FNRI primary record; prioritized common food family and preparation. This is editorial prioritization, not a consumption-frequency ranking."
FC000304,02-vegetables,D211,Snow/Sugar pea pod,Vegetables,https://i.fnri.dost.gov.ph/fct/library/report/3490,"FNRI primary record; prioritized common food family and preparation. This is editorial prioritization, not a consumption-frequency ranking."
FC000305,02-vegetables,D219,Sponge gourd fruit,Vegetables,https://i.fnri.dost.gov.ph/fct/library/report/3498,"FNRI primary record; prioritized common food family and preparation. This is editorial prioritization, not a consumption-frequency ranking."
FC000306,02-vegetables,D223,Squash flower,Vegetables,https://i.fnri.dost.gov.ph/fct/library/report/3502,"FNRI primary record; prioritized common food family and preparation. This is editorial prioritization, not a consumption-frequency ranking."
FC000307,02-vegetables,D227,Squash lvs,Vegetables,https://i.fnri.dost.gov.ph/fct/library/report/3506,"FNRI primary record; prioritized common food family and preparation. This is editorial prioritization, not a consumption-frequency ranking."
FC000308,02-vegetables,D244,Sweet potato lvs,Vegetables,https://i.fnri.dost.gov.ph/fct/library/report/3523,"FNRI primary record; prioritized common food family and preparation. This is editorial prioritization, not a consumption-frequency ranking."
FC000309,02-vegetables,D246,"Sweet potato lvs, purple",Vegetables,https://i.fnri.dost.gov.ph/fct/library/report/3525,"FNRI primary record; prioritized common food family and preparation. This is editorial prioritization, not a consumption-frequency ranking."
FC000310,02-vegetables,D253,Taro lvs,Vegetables,https://i.fnri.dost.gov.ph/fct/library/report/3532,"FNRI primary record; prioritized common food family and preparation. This is editorial prioritization, not a consumption-frequency ranking."
FC000311,02-vegetables,D255,Taro petioles,Vegetables,https://i.fnri.dost.gov.ph/fct/library/report/3534,"FNRI primary record; prioritized common food family and preparation. This is editorial prioritization, not a consumption-frequency ranking."
FC000312,02-vegetables,D260,Yam bean,Vegetables,https://i.fnri.dost.gov.ph/fct/library/report/3539,"FNRI primary record; prioritized common food family and preparation. This is editorial prioritization, not a consumption-frequency ranking."
FC000313,02-vegetables,D272,Winged bean pod,Vegetables,https://i.fnri.dost.gov.ph/fct/library/report/3551,"FNRI primary record; prioritized common food family and preparation. This is editorial prioritization, not a consumption-frequency ranking."
FC000314,02-vegetables,D279,"Mushroom, cnd",Vegetables,https://i.fnri.dost.gov.ph/fct/library/report/3558,"FNRI primary record; prioritized common food family and preparation. This is editorial prioritization, not a consumption-frequency ranking."
FC000315,02-vegetables,D293,"Taro lvs, dried",Vegetables,https://i.fnri.dost.gov.ph/fct/library/report/3572,"FNRI primary record; prioritized common food family and preparation. This is editorial prioritization, not a consumption-frequency ranking."
FC000316,02-vegetables,D300,"Basil, sweet, fresh",Vegetables,https://i.fnri.dost.gov.ph/fct/library/report/3579,"FNRI primary record; prioritized common food family and preparation. This is editorial prioritization, not a consumption-frequency ranking."
FC000317,02-vegetables,D304,Ginger,Vegetables,https://i.fnri.dost.gov.ph/fct/library/report/5005,"FNRI primary record; prioritized common food family and preparation. This is editorial prioritization, not a consumption-frequency ranking."
FC000318,02-vegetables,D305,Turmeric,Vegetables,https://i.fnri.dost.gov.ph/fct/library/report/5006,"FNRI primary record; prioritized common food family and preparation. This is editorial prioritization, not a consumption-frequency ranking."
FC000319,02-vegetables,D196,"Seaweed, lato",Vegetables,https://i.fnri.dost.gov.ph/fct/library/report/3475,"FNRI primary record; prioritized common food family and preparation. This is editorial prioritization, not a consumption-frequency ranking."
FC000320,02-vegetables,D288,"Pickles, papaya",Vegetables,https://i.fnri.dost.gov.ph/fct/library/report/3567,"FNRI primary record; prioritized common food family and preparation. This is editorial prioritization, not a consumption-frequency ranking."
FC000321,02-vegetables,D021,"Bitter melon/gourd lvs, boiled",Vegetables,https://i.fnri.dost.gov.ph/fct/library/report/3300,"FNRI primary record; prioritized common food family and preparation. This is editorial prioritization, not a consumption-frequency ranking."
FC000322,02-vegetables,D028,"Bottle gourd lvs, boiled",Vegetables,https://i.fnri.dost.gov.ph/fct/library/report/3307,"FNRI primary record; prioritized common food family and preparation. This is editorial prioritization, not a consumption-frequency ranking."
FC000323,02-vegetables,D038,"Cabbage, red, boiled",Vegetables,https://i.fnri.dost.gov.ph/fct/library/report/3317,"FNRI primary record; prioritized common food family and preparation. This is editorial prioritization, not a consumption-frequency ranking."
FC000324,02-vegetables,D040,"Carrot, boiled",Vegetables,https://i.fnri.dost.gov.ph/fct/library/report/3319,"FNRI primary record; prioritized common food family and preparation. This is editorial prioritization, not a consumption-frequency ranking."
FC000325,02-vegetables,D049,"Celery, Chinese, lvs & petioles, boiled",Vegetables,https://i.fnri.dost.gov.ph/fct/library/report/3328,"FNRI primary record; prioritized common food family and preparation. This is editorial prioritization, not a consumption-frequency ranking."
FC000326,02-vegetables,D053,"Chayote lvs, boiled",Vegetables,https://i.fnri.dost.gov.ph/fct/library/report/3332,"FNRI primary record; prioritized common food family and preparation. This is editorial prioritization, not a consumption-frequency ranking."
FC000327,02-vegetables,D086,"Garlic lvs, boiled",Vegetables,https://i.fnri.dost.gov.ph/fct/library/report/3365,"FNRI primary record; prioritized common food family and preparation. This is editorial prioritization, not a consumption-frequency ranking."
FC000328,02-vegetables,D097,"Horseradish tree lvs, dwarf, boiled",Vegetables,https://i.fnri.dost.gov.ph/fct/library/report/3376,"FNRI primary record; prioritized common food family and preparation. This is editorial prioritization, not a consumption-frequency ranking."
FC000329,02-vegetables,D099,"Horseradish tree lvs, Japanese, boiled",Vegetables,https://i.fnri.dost.gov.ph/fct/library/report/3378,"FNRI primary record; prioritized common food family and preparation. This is editorial prioritization, not a consumption-frequency ranking."
FC000330,02-vegetables,D101,"Horseradish tree pod, boiled",Vegetables,https://i.fnri.dost.gov.ph/fct/library/report/3380,"FNRI primary record; prioritized common food family and preparation. This is editorial prioritization, not a consumption-frequency ranking."
FC000331,02-vegetables,D106,"Jackfruit seed, boiled",Vegetables,https://i.fnri.dost.gov.ph/fct/library/report/3385,"FNRI primary record; prioritized common food family and preparation. This is editorial prioritization, not a consumption-frequency ranking."
FC000332,02-vegetables,D114,"Chinese leek lvs, boiled",Vegetables,https://i.fnri.dost.gov.ph/fct/library/report/3393,"FNRI primary record; prioritized common food family and preparation. This is editorial prioritization, not a consumption-frequency ranking."
FC000333,02-vegetables,D142,"Onion, Bombay bulb, boiled",Vegetables,https://i.fnri.dost.gov.ph/fct/library/report/3421,"FNRI primary record; prioritized common food family and preparation. This is editorial prioritization, not a consumption-frequency ranking."
FC000334,02-vegetables,D144,"Onion, garden shallot bulb, boiled",Vegetables,https://i.fnri.dost.gov.ph/fct/library/report/3423,"FNRI primary record; prioritized common food family and preparation. This is editorial prioritization, not a consumption-frequency ranking."
FC000335,02-vegetables,D146,"Onion, garden shallot lvs, boiled",Vegetables,https://i.fnri.dost.gov.ph/fct/library/report/3425,"FNRI primary record; prioritized common food family and preparation. This is editorial prioritization, not a consumption-frequency ranking."
FC000336,02-vegetables,D148,"Onion, spring, boiled",Vegetables,https://i.fnri.dost.gov.ph/fct/library/report/3427,"FNRI primary record; prioritized common food family and preparation. This is editorial prioritization, not a consumption-frequency ranking."
FC000337,02-vegetables,D166,"Pepper, chili lvs, boiled",Vegetables,https://i.fnri.dost.gov.ph/fct/library/report/3445,"FNRI primary record; prioritized common food family and preparation. This is editorial prioritization, not a consumption-frequency ranking."
FC000338,02-vegetables,D168,"Pepper, sweet/bell, long, green, boiled",Vegetables,https://i.fnri.dost.gov.ph/fct/library/report/3447,"FNRI primary record; prioritized common food family and preparation. This is editorial prioritization, not a consumption-frequency ranking."
FC000339,02-vegetables,D171,"Pepper, sweet/bell, round, green, boiled",Vegetables,https://i.fnri.dost.gov.ph/fct/library/report/3450,"FNRI primary record; prioritized common food family and preparation. This is editorial prioritization, not a consumption-frequency ranking."
FC000340,02-vegetables,D209,"Snap bean pod, white, boiled",Vegetables,https://i.fnri.dost.gov.ph/fct/library/report/3488,"FNRI primary record; prioritized common food family and preparation. This is editorial prioritization, not a consumption-frequency ranking."
FC000341,02-vegetables,D222,"Sponge gourd lvs, boiled",Vegetables,https://i.fnri.dost.gov.ph/fct/library/report/3501,"FNRI primary record; prioritized common food family and preparation. This is editorial prioritization, not a consumption-frequency ranking."
FC000342,02-vegetables,D224,"Squash flower, boiled",Vegetables,https://i.fnri.dost.gov.ph/fct/library/report/3503,"FNRI primary record; prioritized common food family and preparation. This is editorial prioritization, not a consumption-frequency ranking."
FC000343,02-vegetables,D231,"String/Yard long bean lvs, boiled",Vegetables,https://i.fnri.dost.gov.ph/fct/library/report/3510,"FNRI primary record; prioritized common food family and preparation. This is editorial prioritization, not a consumption-frequency ranking."
FC000344,02-vegetables,D239,"String/Yard long bean seed, green, fresh, boiled",Vegetables,https://i.fnri.dost.gov.ph/fct/library/report/3518,"FNRI primary record; prioritized common food family and preparation. This is editorial prioritization, not a consumption-frequency ranking."
FC000345,02-vegetables,D020,Bitter melon/gourd lvs,Vegetables,https://i.fnri.dost.gov.ph/fct/library/report/3299,"FNRI primary record; prioritized common food family and preparation. This is editorial prioritization, not a consumption-frequency ranking."
FC000346,02-vegetables,D027,Bottle gourd lvs,Vegetables,https://i.fnri.dost.gov.ph/fct/library/report/3306,"FNRI primary record; prioritized common food family and preparation. This is editorial prioritization, not a consumption-frequency ranking."
FC000347,02-vegetables,D037,"Cabbage, red",Vegetables,https://i.fnri.dost.gov.ph/fct/library/report/3316,"FNRI primary record; prioritized common food family and preparation. This is editorial prioritization, not a consumption-frequency ranking."
FC000348,03-meat-eggs,F265,"Chicken, whole, seasoned, roasted",Meat & Poultry,https://i.fnri.dost.gov.ph/fct/library/report/3972,"FNRI primary record; prioritized common food family and preparation. This is editorial prioritization, not a consumption-frequency ranking."
FC000349,03-meat-eggs,F266,"Chicken, whole, seasoned, roasted, skin and visible fat removed",Meat & Poultry,https://i.fnri.dost.gov.ph/fct/library/report/3973,"FNRI primary record; prioritized common food family and preparation. This is editorial prioritization, not a consumption-frequency ranking."
FC000350,03-meat-eggs,F269,"Pork belly, seasoned, roasted",Meat & Poultry,https://i.fnri.dost.gov.ph/fct/library/report/3976,"FNRI primary record; prioritized common food family and preparation. This is editorial prioritization, not a consumption-frequency ranking."
FC000351,03-meat-eggs,F270,"Pork belly, seasoned, roasted, skin and visible fat removed",Meat & Poultry,https://i.fnri.dost.gov.ph/fct/library/report/3977,"FNRI primary record; prioritized common food family and preparation. This is editorial prioritization, not a consumption-frequency ranking."
FC000352,03-meat-eggs,F213,Bacon,Meat & Poultry,https://i.fnri.dost.gov.ph/fct/library/report/3920,"FNRI primary record; prioritized common food family and preparation. This is editorial prioritization, not a consumption-frequency ranking."
FC000353,03-meat-eggs,F222,Chicken nugget,Meat & Poultry,https://i.fnri.dost.gov.ph/fct/library/report/3929,"FNRI primary record; prioritized common food family and preparation. This is editorial prioritization, not a consumption-frequency ranking."
FC000354,03-meat-eggs,F226,"Corned beef, cnd",Meat & Poultry,https://i.fnri.dost.gov.ph/fct/library/report/3933,"FNRI primary record; prioritized common food family and preparation. This is editorial prioritization, not a consumption-frequency ranking."
FC000355,03-meat-eggs,F227,Embotido,Meat & Poultry,https://i.fnri.dost.gov.ph/fct/library/report/3934,"FNRI primary record; prioritized common food family and preparation. This is editorial prioritization, not a consumption-frequency ranking."
FC000356,03-meat-eggs,F228,Ham,Meat & Poultry,https://i.fnri.dost.gov.ph/fct/library/report/3935,"FNRI primary record; prioritized common food family and preparation. This is editorial prioritization, not a consumption-frequency ranking."
FC000357,03-meat-eggs,F232,Hamburger patty,Meat & Poultry,https://i.fnri.dost.gov.ph/fct/library/report/3939,"FNRI primary record; prioritized common food family and preparation. This is editorial prioritization, not a consumption-frequency ranking."
FC000358,03-meat-eggs,F235,"Luncheon meat, cnd",Meat & Poultry,https://i.fnri.dost.gov.ph/fct/library/report/3942,"FNRI primary record; prioritized common food family and preparation. This is editorial prioritization, not a consumption-frequency ranking."
FC000359,03-meat-eggs,F240,Meat loaf,Meat & Poultry,https://i.fnri.dost.gov.ph/fct/library/report/3947,"FNRI primary record; prioritized common food family and preparation. This is editorial prioritization, not a consumption-frequency ranking."
FC000360,03-meat-eggs,F242,"Pork crackling, skin",Meat & Poultry,https://i.fnri.dost.gov.ph/fct/library/report/3949,"FNRI primary record; prioritized common food family and preparation. This is editorial prioritization, not a consumption-frequency ranking."
FC000361,03-meat-eggs,F246,"Pork, sweet cured, Pampanga",Meat & Poultry,https://i.fnri.dost.gov.ph/fct/library/report/3953,"FNRI primary record; prioritized common food family and preparation. This is editorial prioritization, not a consumption-frequency ranking."
FC000362,03-meat-eggs,F249,"Sausage, chorizo",Meat & Poultry,https://i.fnri.dost.gov.ph/fct/library/report/3956,"FNRI primary record; prioritized common food family and preparation. This is editorial prioritization, not a consumption-frequency ranking."
FC000363,03-meat-eggs,F250,"Sausage, chorizo, Bilbao style",Meat & Poultry,https://i.fnri.dost.gov.ph/fct/library/report/3957,"FNRI primary record; prioritized common food family and preparation. This is editorial prioritization, not a consumption-frequency ranking."
FC000364,03-meat-eggs,F253,"Sausage, hotdog",Meat & Poultry,https://i.fnri.dost.gov.ph/fct/library/report/3960,"FNRI primary record; prioritized common food family and preparation. This is editorial prioritization, not a consumption-frequency ranking."
FC000365,03-meat-eggs,F254,"Sausage, hotdog, smoked",Meat & Poultry,https://i.fnri.dost.gov.ph/fct/library/report/3961,"FNRI primary record; prioritized common food family and preparation. This is editorial prioritization, not a consumption-frequency ranking."
FC000366,03-meat-eggs,F255,"Sausage, hotdog, w/ cheese",Meat & Poultry,https://i.fnri.dost.gov.ph/fct/library/report/3962,"FNRI primary record; prioritized common food family and preparation. This is editorial prioritization, not a consumption-frequency ranking."
FC000367,03-meat-eggs,F259,"Sausage, pork, Chinese",Meat & Poultry,https://i.fnri.dost.gov.ph/fct/library/report/3966,"FNRI primary record; prioritized common food family and preparation. This is editorial prioritization, not a consumption-frequency ranking."
FC000368,03-meat-eggs,F261,"Sausage, Vienna",Meat & Poultry,https://i.fnri.dost.gov.ph/fct/library/report/3968,"FNRI primary record; prioritized common food family and preparation. This is editorial prioritization, not a consumption-frequency ranking."
FC000369,03-meat-eggs,F267,"Pork, bbq",Meat & Poultry,https://i.fnri.dost.gov.ph/fct/library/report/3974,"FNRI primary record; prioritized common food family and preparation. This is editorial prioritization, not a consumption-frequency ranking."
FC000370,03-meat-eggs,F007,"Beef chuck, lean, boiled",Meat & Poultry,https://i.fnri.dost.gov.ph/fct/library/report/3714,"FNRI primary record; prioritized common food family and preparation. This is editorial prioritization, not a consumption-frequency ranking."
FC000371,03-meat-eggs,F017,"Beef lean meat, broiled",Meat & Poultry,https://i.fnri.dost.gov.ph/fct/library/report/3724,"FNRI primary record; prioritized common food family and preparation. This is editorial prioritization, not a consumption-frequency ranking."
FC000372,03-meat-eggs,F020,"Beef liver, boiled",Meat & Poultry,https://i.fnri.dost.gov.ph/fct/library/report/3727,"FNRI primary record; prioritized common food family and preparation. This is editorial prioritization, not a consumption-frequency ranking."
FC000373,03-meat-eggs,F031,"Beef round, boiled",Meat & Poultry,https://i.fnri.dost.gov.ph/fct/library/report/3738,"FNRI primary record; prioritized common food family and preparation. This is editorial prioritization, not a consumption-frequency ranking."
FC000374,03-meat-eggs,F032,"Beef round, broiled",Meat & Poultry,https://i.fnri.dost.gov.ph/fct/library/report/3739,"FNRI primary record; prioritized common food family and preparation. This is editorial prioritization, not a consumption-frequency ranking."
FC000375,03-meat-eggs,F033,"Beef round, fried",Meat & Poultry,https://i.fnri.dost.gov.ph/fct/library/report/3740,"FNRI primary record; prioritized common food family and preparation. This is editorial prioritization, not a consumption-frequency ranking."
FC000376,03-meat-eggs,F036,"Beef shank, boiled",Meat & Poultry,https://i.fnri.dost.gov.ph/fct/library/report/3743,"FNRI primary record; prioritized common food family and preparation. This is editorial prioritization, not a consumption-frequency ranking."
FC000377,03-meat-eggs,F039,"Beef sirloin, boiled",Meat & Poultry,https://i.fnri.dost.gov.ph/fct/library/report/3746,"FNRI primary record; prioritized common food family and preparation. This is editorial prioritization, not a consumption-frequency ranking."
FC000378,03-meat-eggs,F040,"Beef sirloin, broiled",Meat & Poultry,https://i.fnri.dost.gov.ph/fct/library/report/3747,"FNRI primary record; prioritized common food family and preparation. This is editorial prioritization, not a consumption-frequency ranking."
FC000379,03-meat-eggs,F041,"Beef sirloin, fried",Meat & Poultry,https://i.fnri.dost.gov.ph/fct/library/report/3748,"FNRI primary record; prioritized common food family and preparation. This is editorial prioritization, not a consumption-frequency ranking."
FC000380,03-meat-eggs,F048,"Beef tongue, boiled",Meat & Poultry,https://i.fnri.dost.gov.ph/fct/library/report/3755,"FNRI primary record; prioritized common food family and preparation. This is editorial prioritization, not a consumption-frequency ranking."
FC000381,03-meat-eggs,F050,"Beef tripe, boiled",Meat & Poultry,https://i.fnri.dost.gov.ph/fct/library/report/3757,"FNRI primary record; prioritized common food family and preparation. This is editorial prioritization, not a consumption-frequency ranking."
FC000382,03-meat-eggs,F111,"Chicken, white meat, boiled",Meat & Poultry,https://i.fnri.dost.gov.ph/fct/library/report/3818,"FNRI primary record; prioritized common food family and preparation. This is editorial prioritization, not a consumption-frequency ranking."
FC000383,03-meat-eggs,F112,"Chicken, white meat, fried",Meat & Poultry,https://i.fnri.dost.gov.ph/fct/library/report/3819,"FNRI primary record; prioritized common food family and preparation. This is editorial prioritization, not a consumption-frequency ranking."
FC000384,03-meat-eggs,F151,"Pork belly, boiled",Meat & Poultry,https://i.fnri.dost.gov.ph/fct/library/report/3858,"FNRI primary record; prioritized common food family and preparation. This is editorial prioritization, not a consumption-frequency ranking."
FC000385,03-meat-eggs,F154,"Pork Boston butt, boiled",Meat & Poultry,https://i.fnri.dost.gov.ph/fct/library/report/3861,"FNRI primary record; prioritized common food family and preparation. This is editorial prioritization, not a consumption-frequency ranking."
FC000386,03-meat-eggs,F155,"Pork Boston butt, broiled",Meat & Poultry,https://i.fnri.dost.gov.ph/fct/library/report/3862,"FNRI primary record; prioritized common food family and preparation. This is editorial prioritization, not a consumption-frequency ranking."
FC000387,03-meat-eggs,F156,"Pork Boston butt, fried",Meat & Poultry,https://i.fnri.dost.gov.ph/fct/library/report/3863,"FNRI primary record; prioritized common food family and preparation. This is editorial prioritization, not a consumption-frequency ranking."
FC000388,03-meat-eggs,F158,"Pork Boston butt, lean, boiled",Meat & Poultry,https://i.fnri.dost.gov.ph/fct/library/report/3865,"FNRI primary record; prioritized common food family and preparation. This is editorial prioritization, not a consumption-frequency ranking."
FC000389,03-meat-eggs,F159,"Pork Boston butt, lean, broiled",Meat & Poultry,https://i.fnri.dost.gov.ph/fct/library/report/3866,"FNRI primary record; prioritized common food family and preparation. This is editorial prioritization, not a consumption-frequency ranking."
FC000390,03-meat-eggs,F160,"Pork Boston butt, lean, fried",Meat & Poultry,https://i.fnri.dost.gov.ph/fct/library/report/3867,"FNRI primary record; prioritized common food family and preparation. This is editorial prioritization, not a consumption-frequency ranking."
FC000391,03-meat-eggs,F172,"Pork kidney, boiled",Meat & Poultry,https://i.fnri.dost.gov.ph/fct/library/report/3879,"FNRI primary record; prioritized common food family and preparation. This is editorial prioritization, not a consumption-frequency ranking."
FC000392,03-meat-eggs,F175,"Pork liver, boiled",Meat & Poultry,https://i.fnri.dost.gov.ph/fct/library/report/3882,"FNRI primary record; prioritized common food family and preparation. This is editorial prioritization, not a consumption-frequency ranking."
FC000393,03-meat-eggs,F176,"Pork liver, broiled",Meat & Poultry,https://i.fnri.dost.gov.ph/fct/library/report/3883,"FNRI primary record; prioritized common food family and preparation. This is editorial prioritization, not a consumption-frequency ranking."
FC000394,03-meat-eggs,F177,"Pork liver, fried",Meat & Poultry,https://i.fnri.dost.gov.ph/fct/library/report/3884,"FNRI primary record; prioritized common food family and preparation. This is editorial prioritization, not a consumption-frequency ranking."
FC000395,03-meat-eggs,F180,"Pork picnic, boiled",Meat & Poultry,https://i.fnri.dost.gov.ph/fct/library/report/3887,"FNRI primary record; prioritized common food family and preparation. This is editorial prioritization, not a consumption-frequency ranking."
FC000396,03-meat-eggs,F268,"Pork back, seasoned, roasted, skin and visible fat removed",Meat & Poultry,https://i.fnri.dost.gov.ph/fct/library/report/3975,"FNRI primary record; prioritized common food family and preparation. This is editorial prioritization, not a consumption-frequency ranking."
FC000397,03-meat-eggs,F005,Beef brisket,Meat & Poultry,https://i.fnri.dost.gov.ph/fct/library/report/3712,"FNRI primary record; prioritized common food family and preparation. This is editorial prioritization, not a consumption-frequency ranking."
FC000398,03-meat-eggs,F006,Beef chuck,Meat & Poultry,https://i.fnri.dost.gov.ph/fct/library/report/3713,"FNRI primary record; prioritized common food family and preparation. This is editorial prioritization, not a consumption-frequency ranking."
FC000399,03-meat-eggs,F008,Beef club steak,Meat & Poultry,https://i.fnri.dost.gov.ph/fct/library/report/3715,"FNRI primary record; prioritized common food family and preparation. This is editorial prioritization, not a consumption-frequency ranking."
FC000400,03-meat-eggs,F009,Beef flank,Meat & Poultry,https://i.fnri.dost.gov.ph/fct/library/report/3716,"FNRI primary record; prioritized common food family and preparation. This is editorial prioritization, not a consumption-frequency ranking."
FC000401,03-meat-eggs,F011,Beef heart,Meat & Poultry,https://i.fnri.dost.gov.ph/fct/library/report/3718,"FNRI primary record; prioritized common food family and preparation. This is editorial prioritization, not a consumption-frequency ranking."
FC000402,03-meat-eggs,F014,Beef kidney,Meat & Poultry,https://i.fnri.dost.gov.ph/fct/library/report/3721,"FNRI primary record; prioritized common food family and preparation. This is editorial prioritization, not a consumption-frequency ranking."
FC000403,03-meat-eggs,F025,Beef plate,Meat & Poultry,https://i.fnri.dost.gov.ph/fct/library/report/3732,"FNRI primary record; prioritized common food family and preparation. This is editorial prioritization, not a consumption-frequency ranking."
FC000404,03-meat-eggs,F026,Beef porterhouse steak,Meat & Poultry,https://i.fnri.dost.gov.ph/fct/library/report/3733,"FNRI primary record; prioritized common food family and preparation. This is editorial prioritization, not a consumption-frequency ranking."
FC000405,03-meat-eggs,F029,Beef rib roast,Meat & Poultry,https://i.fnri.dost.gov.ph/fct/library/report/3736,"FNRI primary record; prioritized common food family and preparation. This is editorial prioritization, not a consumption-frequency ranking."
FC000406,03-meat-eggs,F030,Beef round,Meat & Poultry,https://i.fnri.dost.gov.ph/fct/library/report/3737,"FNRI primary record; prioritized common food family and preparation. This is editorial prioritization, not a consumption-frequency ranking."
FC000407,03-meat-eggs,F034,Beef rump,Meat & Poultry,https://i.fnri.dost.gov.ph/fct/library/report/3741,"FNRI primary record; prioritized common food family and preparation. This is editorial prioritization, not a consumption-frequency ranking."
FC000408,03-meat-eggs,F035,Beef shank,Meat & Poultry,https://i.fnri.dost.gov.ph/fct/library/report/3742,"FNRI primary record; prioritized common food family and preparation. This is editorial prioritization, not a consumption-frequency ranking."
FC000409,03-meat-eggs,F037,Beef short rib,Meat & Poultry,https://i.fnri.dost.gov.ph/fct/library/report/3744,"FNRI primary record; prioritized common food family and preparation. This is editorial prioritization, not a consumption-frequency ranking."
FC000410,03-meat-eggs,F038,Beef sirloin,Meat & Poultry,https://i.fnri.dost.gov.ph/fct/library/report/3745,"FNRI primary record; prioritized common food family and preparation. This is editorial prioritization, not a consumption-frequency ranking."
FC000411,03-meat-eggs,F044,Beef stomach,Meat & Poultry,https://i.fnri.dost.gov.ph/fct/library/report/3751,"FNRI primary record; prioritized common food family and preparation. This is editorial prioritization, not a consumption-frequency ranking."
FC000412,03-meat-eggs,F045,Beef tail,Meat & Poultry,https://i.fnri.dost.gov.ph/fct/library/report/3752,"FNRI primary record; prioritized common food family and preparation. This is editorial prioritization, not a consumption-frequency ranking."
FC000413,03-meat-eggs,F046,Beef tenderloin,Meat & Poultry,https://i.fnri.dost.gov.ph/fct/library/report/3753,"FNRI primary record; prioritized common food family and preparation. This is editorial prioritization, not a consumption-frequency ranking."
FC000414,03-meat-eggs,F047,Beef tongue,Meat & Poultry,https://i.fnri.dost.gov.ph/fct/library/report/3754,"FNRI primary record; prioritized common food family and preparation. This is editorial prioritization, not a consumption-frequency ranking."
FC000415,03-meat-eggs,F049,Beef tripe,Meat & Poultry,https://i.fnri.dost.gov.ph/fct/library/report/3756,"FNRI primary record; prioritized common food family and preparation. This is editorial prioritization, not a consumption-frequency ranking."
FC000416,03-meat-eggs,F091,Chicken back,Meat & Poultry,https://i.fnri.dost.gov.ph/fct/library/report/3798,"FNRI primary record; prioritized common food family and preparation. This is editorial prioritization, not a consumption-frequency ranking."
FC000417,03-meat-eggs,F094,Chicken feet,Meat & Poultry,https://i.fnri.dost.gov.ph/fct/library/report/3801,"FNRI primary record; prioritized common food family and preparation. This is editorial prioritization, not a consumption-frequency ranking."
FC000418,03-meat-eggs,F095,"Chicken feet, bbq",Meat & Poultry,https://i.fnri.dost.gov.ph/fct/library/report/3802,"FNRI primary record; prioritized common food family and preparation. This is editorial prioritization, not a consumption-frequency ranking."
FC000419,03-meat-eggs,F096,Chicken gizzard,Meat & Poultry,https://i.fnri.dost.gov.ph/fct/library/report/3803,"FNRI primary record; prioritized common food family and preparation. This is editorial prioritization, not a consumption-frequency ranking."
FC000420,03-meat-eggs,F099,Chicken heart,Meat & Poultry,https://i.fnri.dost.gov.ph/fct/library/report/3806,"FNRI primary record; prioritized common food family and preparation. This is editorial prioritization, not a consumption-frequency ranking."
FC000421,03-meat-eggs,F104,Chicken neck,Meat & Poultry,https://i.fnri.dost.gov.ph/fct/library/report/3811,"FNRI primary record; prioritized common food family and preparation. This is editorial prioritization, not a consumption-frequency ranking."
FC000422,03-meat-eggs,F108,Chicken thigh & leg,Meat & Poultry,https://i.fnri.dost.gov.ph/fct/library/report/3815,"FNRI primary record; prioritized common food family and preparation. This is editorial prioritization, not a consumption-frequency ranking."
FC000423,03-meat-eggs,F110,Chicken white meat,Meat & Poultry,https://i.fnri.dost.gov.ph/fct/library/report/3817,"FNRI primary record; prioritized common food family and preparation. This is editorial prioritization, not a consumption-frequency ranking."
FC000424,03-meat-eggs,F146,Pork back fat,Meat & Poultry,https://i.fnri.dost.gov.ph/fct/library/report/3853,"FNRI primary record; prioritized common food family and preparation. This is editorial prioritization, not a consumption-frequency ranking."
FC000425,03-meat-eggs,F161,Pork center loin,Meat & Poultry,https://i.fnri.dost.gov.ph/fct/library/report/3868,"FNRI primary record; prioritized common food family and preparation. This is editorial prioritization, not a consumption-frequency ranking."
FC000426,03-meat-eggs,F162,Pork chop,Meat & Poultry,https://i.fnri.dost.gov.ph/fct/library/report/3869,"FNRI primary record; prioritized common food family and preparation. This is editorial prioritization, not a consumption-frequency ranking."
FC000427,03-meat-eggs,F163,Pork ear,Meat & Poultry,https://i.fnri.dost.gov.ph/fct/library/report/3870,"FNRI primary record; prioritized common food family and preparation. This is editorial prioritization, not a consumption-frequency ranking."
FC000428,03-meat-eggs,F164,"Pork ear, bbq",Meat & Poultry,https://i.fnri.dost.gov.ph/fct/library/report/3871,"FNRI primary record; prioritized common food family and preparation. This is editorial prioritization, not a consumption-frequency ranking."
FC000429,03-meat-eggs,F165,Pork ham,Meat & Poultry,https://i.fnri.dost.gov.ph/fct/library/report/3872,"FNRI primary record; prioritized common food family and preparation. This is editorial prioritization, not a consumption-frequency ranking."
FC000430,03-meat-eggs,F167,Pork heart,Meat & Poultry,https://i.fnri.dost.gov.ph/fct/library/report/3874,"FNRI primary record; prioritized common food family and preparation. This is editorial prioritization, not a consumption-frequency ranking."
FC000431,03-meat-eggs,F171,Pork kidney,Meat & Poultry,https://i.fnri.dost.gov.ph/fct/library/report/3878,"FNRI primary record; prioritized common food family and preparation. This is editorial prioritization, not a consumption-frequency ranking."
FC000432,03-meat-eggs,F173,Pork leg,Meat & Poultry,https://i.fnri.dost.gov.ph/fct/library/report/3880,"FNRI primary record; prioritized common food family and preparation. This is editorial prioritization, not a consumption-frequency ranking."
FC000433,03-meat-eggs,F179,Pork picnic,Meat & Poultry,https://i.fnri.dost.gov.ph/fct/library/report/3886,"FNRI primary record; prioritized common food family and preparation. This is editorial prioritization, not a consumption-frequency ranking."
FC000434,03-meat-eggs,F182,Pork spare rib,Meat & Poultry,https://i.fnri.dost.gov.ph/fct/library/report/3889,"FNRI primary record; prioritized common food family and preparation. This is editorial prioritization, not a consumption-frequency ranking."
FC000435,03-meat-eggs,F185,Pork stomach,Meat & Poultry,https://i.fnri.dost.gov.ph/fct/library/report/3892,"FNRI primary record; prioritized common food family and preparation. This is editorial prioritization, not a consumption-frequency ranking."
FC000436,03-meat-eggs,F186,Pork tail,Meat & Poultry,https://i.fnri.dost.gov.ph/fct/library/report/3893,"FNRI primary record; prioritized common food family and preparation. This is editorial prioritization, not a consumption-frequency ranking."
FC000437,03-meat-eggs,F187,Pork tenderloin,Meat & Poultry,https://i.fnri.dost.gov.ph/fct/library/report/3894,"FNRI primary record; prioritized common food family and preparation. This is editorial prioritization, not a consumption-frequency ranking."
FC000438,03-meat-eggs,H011,"Egg, quail, boiled",Eggs,https://i.fnri.dost.gov.ph/fct/library/report/4223,"FNRI primary record; prioritized common food family and preparation. This is editorial prioritization, not a consumption-frequency ranking."
FC000439,03-meat-eggs,H016,"Egg, duck, fertilized, boiled",Eggs,https://i.fnri.dost.gov.ph/fct/library/report/4228,"FNRI primary record; prioritized common food family and preparation. This is editorial prioritization, not a consumption-frequency ranking."
FC000440,03-meat-eggs,H020,"Egg, duck, infertile, boiled",Eggs,https://i.fnri.dost.gov.ph/fct/library/report/4232,"FNRI primary record; prioritized common food family and preparation. This is editorial prioritization, not a consumption-frequency ranking."
FC000441,03-meat-eggs,H002,"Egg, chicken, white",Eggs,https://i.fnri.dost.gov.ph/fct/library/report/4214,"FNRI primary record; prioritized common food family and preparation. This is editorial prioritization, not a consumption-frequency ranking."
FC000442,03-meat-eggs,H005,"Egg, chicken, yolk",Eggs,https://i.fnri.dost.gov.ph/fct/library/report/4217,"FNRI primary record; prioritized common food family and preparation. This is editorial prioritization, not a consumption-frequency ranking."
FC000443,03-meat-eggs,H010,"Egg, quail",Eggs,https://i.fnri.dost.gov.ph/fct/library/report/4222,"FNRI primary record; prioritized common food family and preparation. This is editorial prioritization, not a consumption-frequency ranking."
FC000444,03-meat-eggs,H015,"Egg, duck, century",Eggs,https://i.fnri.dost.gov.ph/fct/library/report/4227,"FNRI primary record; prioritized common food family and preparation. This is editorial prioritization, not a consumption-frequency ranking."
FC000445,03-meat-eggs,H021,"Egg, duck, whole, salted",Eggs,https://i.fnri.dost.gov.ph/fct/library/report/4233,"FNRI primary record; prioritized common food family and preparation. This is editorial prioritization, not a consumption-frequency ranking."
FC000446,03-meat-eggs,H006,"Egg, duck, white",Eggs,https://i.fnri.dost.gov.ph/fct/library/report/4218,"FNRI primary record; prioritized common food family and preparation. This is editorial prioritization, not a consumption-frequency ranking."
FC000447,03-meat-eggs,H008,"Egg, duck, yolk",Eggs,https://i.fnri.dost.gov.ph/fct/library/report/4220,"FNRI primary record; prioritized common food family and preparation. This is editorial prioritization, not a consumption-frequency ranking."
FC000448,04-seafood,G022,"Clam, halaan, boiled",Fish & Seafood,https://i.fnri.dost.gov.ph/fct/library/report/4002,"FNRI primary record; prioritized common food family and preparation. This is editorial prioritization, not a consumption-frequency ranking."
FC000449,04-seafood,G038,"Crab, blue swimming, w/o fat, boiled",Fish & Seafood,https://i.fnri.dost.gov.ph/fct/library/report/4018,"FNRI primary record; prioritized common food family and preparation. This is editorial prioritization, not a consumption-frequency ranking."
FC000450,04-seafood,G041,"Crab, mud/mangrove, w/o fat, boiled",Fish & Seafood,https://i.fnri.dost.gov.ph/fct/library/report/4021,"FNRI primary record; prioritized common food family and preparation. This is editorial prioritization, not a consumption-frequency ranking."
FC000451,04-seafood,G071,"Mackerel, short-bodied, fried",Fish & Seafood,https://i.fnri.dost.gov.ph/fct/library/report/4051,"FNRI primary record; prioritized common food family and preparation. This is editorial prioritization, not a consumption-frequency ranking."
FC000452,04-seafood,G076,"Milkfish, fried",Fish & Seafood,https://i.fnri.dost.gov.ph/fct/library/report/4056,"FNRI primary record; prioritized common food family and preparation. This is editorial prioritization, not a consumption-frequency ranking."
FC000453,04-seafood,G086,"Mussel, green, boiled",Fish & Seafood,https://i.fnri.dost.gov.ph/fct/library/report/4066,"FNRI primary record; prioritized common food family and preparation. This is editorial prioritization, not a consumption-frequency ranking."
FC000454,04-seafood,G114,"Shrimp, banana prawn, boiled",Fish & Seafood,https://i.fnri.dost.gov.ph/fct/library/report/4094,"FNRI primary record; prioritized common food family and preparation. This is editorial prioritization, not a consumption-frequency ranking."
FC000455,04-seafood,G120,"Shrimp, greasy back, boiled",Fish & Seafood,https://i.fnri.dost.gov.ph/fct/library/report/4100,"FNRI primary record; prioritized common food family and preparation. This is editorial prioritization, not a consumption-frequency ranking."
FC000456,04-seafood,G132,"Squid, boiled",Fish & Seafood,https://i.fnri.dost.gov.ph/fct/library/report/4112,"FNRI primary record; prioritized common food family and preparation. This is editorial prioritization, not a consumption-frequency ranking."
FC000457,04-seafood,G162,"Fish ball, fried",Fish & Seafood,https://i.fnri.dost.gov.ph/fct/library/report/4142,"FNRI primary record; prioritized common food family and preparation. This is editorial prioritization, not a consumption-frequency ranking."
FC000458,04-seafood,G013,"Catfish, freshwater",Fish & Seafood,https://i.fnri.dost.gov.ph/fct/library/report/3993,"FNRI primary record; prioritized common food family and preparation. This is editorial prioritization, not a consumption-frequency ranking."
FC000459,04-seafood,G014,"Catfish, saltwater",Fish & Seafood,https://i.fnri.dost.gov.ph/fct/library/report/3994,"FNRI primary record; prioritized common food family and preparation. This is editorial prioritization, not a consumption-frequency ranking."
FC000460,04-seafood,G021,"Clam, halaan",Fish & Seafood,https://i.fnri.dost.gov.ph/fct/library/report/4001,"FNRI primary record; prioritized common food family and preparation. This is editorial prioritization, not a consumption-frequency ranking."
FC000461,04-seafood,G063,"Grouper, whitespotted",Fish & Seafood,https://i.fnri.dost.gov.ph/fct/library/report/4043,"FNRI primary record; prioritized common food family and preparation. This is editorial prioritization, not a consumption-frequency ranking."
FC000462,04-seafood,G070,"Mackerel, short-bodied",Fish & Seafood,https://i.fnri.dost.gov.ph/fct/library/report/4050,"FNRI primary record; prioritized common food family and preparation. This is editorial prioritization, not a consumption-frequency ranking."
FC000463,04-seafood,G072,"Mackerel, Spanish",Fish & Seafood,https://i.fnri.dost.gov.ph/fct/library/report/4052,"FNRI primary record; prioritized common food family and preparation. This is editorial prioritization, not a consumption-frequency ranking."
FC000464,04-seafood,G089,Oyster,Fish & Seafood,https://i.fnri.dost.gov.ph/fct/library/report/4069,"FNRI primary record; prioritized common food family and preparation. This is editorial prioritization, not a consumption-frequency ranking."
FC000465,04-seafood,G098,Red snapper/Malabar,Fish & Seafood,https://i.fnri.dost.gov.ph/fct/library/report/4078,"FNRI primary record; prioritized common food family and preparation. This is editorial prioritization, not a consumption-frequency ranking."
FC000466,04-seafood,G100,"Sardine, bombon",Fish & Seafood,https://i.fnri.dost.gov.ph/fct/library/report/4080,"FNRI primary record; prioritized common food family and preparation. This is editorial prioritization, not a consumption-frequency ranking."
FC000467,04-seafood,G104,"Scad, big-eye",Fish & Seafood,https://i.fnri.dost.gov.ph/fct/library/report/4084,"FNRI primary record; prioritized common food family and preparation. This is editorial prioritization, not a consumption-frequency ranking."
FC000468,04-seafood,G106,Sea bass,Fish & Seafood,https://i.fnri.dost.gov.ph/fct/library/report/4086,"FNRI primary record; prioritized common food family and preparation. This is editorial prioritization, not a consumption-frequency ranking."
FC000469,04-seafood,G115,"Shrimp, freshwater",Fish & Seafood,https://i.fnri.dost.gov.ph/fct/library/report/4095,"FNRI primary record; prioritized common food family and preparation. This is editorial prioritization, not a consumption-frequency ranking."
FC000470,04-seafood,G146,"Tuna, frigate",Fish & Seafood,https://i.fnri.dost.gov.ph/fct/library/report/4126,"FNRI primary record; prioritized common food family and preparation. This is editorial prioritization, not a consumption-frequency ranking."
FC000471,04-seafood,G161,Fish ball,Fish & Seafood,https://i.fnri.dost.gov.ph/fct/library/report/4141,"FNRI primary record; prioritized common food family and preparation. This is editorial prioritization, not a consumption-frequency ranking."
FC000472,04-seafood,G163,"Fish preparation, quekiam",Fish & Seafood,https://i.fnri.dost.gov.ph/fct/library/report/4143,"FNRI primary record; prioritized common food family and preparation. This is editorial prioritization, not a consumption-frequency ranking."
FC000473,04-seafood,G183,"Milkfish, smoked",Fish & Seafood,https://i.fnri.dost.gov.ph/fct/library/report/4163,"FNRI primary record; prioritized common food family and preparation. This is editorial prioritization, not a consumption-frequency ranking."
FC000474,04-seafood,G207,"Scad, round, dried",Fish & Seafood,https://i.fnri.dost.gov.ph/fct/library/report/4187,"FNRI primary record; prioritized common food family and preparation. This is editorial prioritization, not a consumption-frequency ranking."
FC000475,04-seafood,G208,"Scad, round, smoked",Fish & Seafood,https://i.fnri.dost.gov.ph/fct/library/report/4188,"FNRI primary record; prioritized common food family and preparation. This is editorial prioritization, not a consumption-frequency ranking."
FC000476,04-seafood,G217,"Squid, dried",Fish & Seafood,https://i.fnri.dost.gov.ph/fct/library/report/4197,"FNRI primary record; prioritized common food family and preparation. This is editorial prioritization, not a consumption-frequency ranking."
FC000477,04-seafood,G222,"Tilapia, dried",Fish & Seafood,https://i.fnri.dost.gov.ph/fct/library/report/4202,"FNRI primary record; prioritized common food family and preparation. This is editorial prioritization, not a consumption-frequency ranking."
FC000478,04-seafood,G226,"Tuna flakes, in brine, cnd",Fish & Seafood,https://i.fnri.dost.gov.ph/fct/library/report/4206,"FNRI primary record; prioritized common food family and preparation. This is editorial prioritization, not a consumption-frequency ranking."
FC000479,04-seafood,G227,"Tuna flakes, in veg oil, cnd",Fish & Seafood,https://i.fnri.dost.gov.ph/fct/library/report/4207,"FNRI primary record; prioritized common food family and preparation. This is editorial prioritization, not a consumption-frequency ranking."
FC000480,04-seafood,G082,"Mudfish/Murrel, striated, boiled",Fish & Seafood,https://i.fnri.dost.gov.ph/fct/library/report/4062,"FNRI primary record; prioritized common food family and preparation. This is editorial prioritization, not a consumption-frequency ranking."
FC000481,04-seafood,G081,"Mudfish/Murrel, striated",Fish & Seafood,https://i.fnri.dost.gov.ph/fct/library/report/4061,"FNRI primary record; prioritized common food family and preparation. This is editorial prioritization, not a consumption-frequency ranking."
FC000482,04-seafood,G088,Octopus,Fish & Seafood,https://i.fnri.dost.gov.ph/fct/library/report/4068,"FNRI primary record; prioritized common food family and preparation. This is editorial prioritization, not a consumption-frequency ranking."
FC000483,04-seafood,G094,"Pomfret, black",Fish & Seafood,https://i.fnri.dost.gov.ph/fct/library/report/4074,"FNRI primary record; prioritized common food family and preparation. This is editorial prioritization, not a consumption-frequency ranking."
FC000484,04-seafood,G136,Swordfish,Fish & Seafood,https://i.fnri.dost.gov.ph/fct/library/report/4116,"FNRI primary record; prioritized common food family and preparation. This is editorial prioritization, not a consumption-frequency ranking."
FC000485,04-seafood,G020,"Clam, freshwater, tulya, boiled",Fish & Seafood,https://i.fnri.dost.gov.ph/fct/library/report/4000,"FNRI primary record; prioritized common food family and preparation. This is editorial prioritization, not a consumption-frequency ranking."
FC000486,04-seafood,G024,"Clam, imbao, boiled",Fish & Seafood,https://i.fnri.dost.gov.ph/fct/library/report/4004,"FNRI primary record; prioritized common food family and preparation. This is editorial prioritization, not a consumption-frequency ranking."
FC000487,04-seafood,G005,"Anchovy, Indian (adult)",Fish & Seafood,https://i.fnri.dost.gov.ph/fct/library/report/3985,"FNRI primary record; prioritized common food family and preparation. This is editorial prioritization, not a consumption-frequency ranking."
FC000488,04-seafood,G007,"Anchovy, long-jawed, whole",Fish & Seafood,https://i.fnri.dost.gov.ph/fct/library/report/3987,"FNRI primary record; prioritized common food family and preparation. This is editorial prioritization, not a consumption-frequency ranking."
FC000489,04-seafood,G019,"Clam, freshwater, tulya",Fish & Seafood,https://i.fnri.dost.gov.ph/fct/library/report/3999,"FNRI primary record; prioritized common food family and preparation. This is editorial prioritization, not a consumption-frequency ranking."
FC000490,04-seafood,G023,"Clam, imbao",Fish & Seafood,https://i.fnri.dost.gov.ph/fct/library/report/4003,"FNRI primary record; prioritized common food family and preparation. This is editorial prioritization, not a consumption-frequency ranking."
FC000491,04-seafood,G036,"Crab, blue swimming, fat",Fish & Seafood,https://i.fnri.dost.gov.ph/fct/library/report/4016,"FNRI primary record; prioritized common food family and preparation. This is editorial prioritization, not a consumption-frequency ranking."
FC000492,04-seafood,G039,"Crab, mud/mangrove, fat",Fish & Seafood,https://i.fnri.dost.gov.ph/fct/library/report/4019,"FNRI primary record; prioritized common food family and preparation. This is editorial prioritization, not a consumption-frequency ranking."
FC000493,04-seafood,G042,"Crab, shore",Fish & Seafood,https://i.fnri.dost.gov.ph/fct/library/report/4022,"FNRI primary record; prioritized common food family and preparation. This is editorial prioritization, not a consumption-frequency ranking."
FC000494,04-seafood,G090,"Oyster, window pane, meat",Fish & Seafood,https://i.fnri.dost.gov.ph/fct/library/report/4070,"FNRI primary record; prioritized common food family and preparation. This is editorial prioritization, not a consumption-frequency ranking."
FC000495,04-seafood,G101,"Sardine, fimbriated",Fish & Seafood,https://i.fnri.dost.gov.ph/fct/library/report/4081,"FNRI primary record; prioritized common food family and preparation. This is editorial prioritization, not a consumption-frequency ranking."
FC000496,04-seafood,G102,"Sardine, fimbriated, fry",Fish & Seafood,https://i.fnri.dost.gov.ph/fct/library/report/4082,"FNRI primary record; prioritized common food family and preparation. This is editorial prioritization, not a consumption-frequency ranking."
FC000497,04-seafood,G116,"Shrimp, freshwater (small)",Fish & Seafood,https://i.fnri.dost.gov.ph/fct/library/report/4096,"FNRI primary record; prioritized common food family and preparation. This is editorial prioritization, not a consumption-frequency ranking."
FC000498,04-seafood,G121,"Shrimp, sergestid",Fish & Seafood,https://i.fnri.dost.gov.ph/fct/library/report/4101,"FNRI primary record; prioritized common food family and preparation. This is editorial prioritization, not a consumption-frequency ranking."
FC000499,04-seafood,G151,"Anchovy, long-jawed, dried, ground",Fish & Seafood,https://i.fnri.dost.gov.ph/fct/library/report/4131,"FNRI primary record; prioritized common food family and preparation. This is editorial prioritization, not a consumption-frequency ranking."
FC000500,04-seafood,G153,"Catfish, freshwater, dried",Fish & Seafood,https://i.fnri.dost.gov.ph/fct/library/report/4133,"FNRI primary record; prioritized common food family and preparation. This is editorial prioritization, not a consumption-frequency ranking."
FC000501,04-seafood,G154,"Catfish, saltwater, dried",Fish & Seafood,https://i.fnri.dost.gov.ph/fct/library/report/4134,"FNRI primary record; prioritized common food family and preparation. This is editorial prioritization, not a consumption-frequency ranking."
FC000502,04-seafood,G157,"Crab, mud/mangrove, meat, cnd",Fish & Seafood,https://i.fnri.dost.gov.ph/fct/library/report/4137,"FNRI primary record; prioritized common food family and preparation. This is editorial prioritization, not a consumption-frequency ranking."
FC000503,04-seafood,G170,"Grouper, whitespotted, dried",Fish & Seafood,https://i.fnri.dost.gov.ph/fct/library/report/4150,"FNRI primary record; prioritized common food family and preparation. This is editorial prioritization, not a consumption-frequency ranking."
FC000504,04-seafood,G174,"Mackerel scad, in tomato sce, cnd",Fish & Seafood,https://i.fnri.dost.gov.ph/fct/library/report/4154,"FNRI primary record; prioritized common food family and preparation. This is editorial prioritization, not a consumption-frequency ranking."
FC000505,04-seafood,G175,"Mackerel, short-bodied, dried",Fish & Seafood,https://i.fnri.dost.gov.ph/fct/library/report/4155,"FNRI primary record; prioritized common food family and preparation. This is editorial prioritization, not a consumption-frequency ranking."
FC000506,04-seafood,G176,"Mackerel, short-bodied, smoked",Fish & Seafood,https://i.fnri.dost.gov.ph/fct/library/report/4156,"FNRI primary record; prioritized common food family and preparation. This is editorial prioritization, not a consumption-frequency ranking."
FC000507,04-seafood,G177,"Mackerel, Spanish, dried",Fish & Seafood,https://i.fnri.dost.gov.ph/fct/library/report/4157,"FNRI primary record; prioritized common food family and preparation. This is editorial prioritization, not a consumption-frequency ranking."
FC000508,04-seafood,G178,"Mackerel, Indian, dried",Fish & Seafood,https://i.fnri.dost.gov.ph/fct/library/report/4158,"FNRI primary record; prioritized common food family and preparation. This is editorial prioritization, not a consumption-frequency ranking."
FC000509,04-seafood,G179,"Mackerel, Indian, in tomato sce",Fish & Seafood,https://i.fnri.dost.gov.ph/fct/library/report/4159,"FNRI primary record; prioritized common food family and preparation. This is editorial prioritization, not a consumption-frequency ranking."
FC000510,04-seafood,G181,"Milkfish, in natural oil, cnd",Fish & Seafood,https://i.fnri.dost.gov.ph/fct/library/report/4161,"FNRI primary record; prioritized common food family and preparation. This is editorial prioritization, not a consumption-frequency ranking."
FC000511,04-seafood,G182,"Milkfish, in spiced oil, cnd",Fish & Seafood,https://i.fnri.dost.gov.ph/fct/library/report/4162,"FNRI primary record; prioritized common food family and preparation. This is editorial prioritization, not a consumption-frequency ranking."
FC000512,04-seafood,G188,"Oyster, dried",Fish & Seafood,https://i.fnri.dost.gov.ph/fct/library/report/4168,"FNRI primary record; prioritized common food family and preparation. This is editorial prioritization, not a consumption-frequency ranking."
FC000513,04-seafood,G192,"Red snapper/Malabar, dried",Fish & Seafood,https://i.fnri.dost.gov.ph/fct/library/report/4172,"FNRI primary record; prioritized common food family and preparation. This is editorial prioritization, not a consumption-frequency ranking."
FC000514,04-seafood,G194,"Sardine, bombon, dried",Fish & Seafood,https://i.fnri.dost.gov.ph/fct/library/report/4174,"FNRI primary record; prioritized common food family and preparation. This is editorial prioritization, not a consumption-frequency ranking."
FC000515,04-seafood,G195,"Sardine, bombon, smoked",Fish & Seafood,https://i.fnri.dost.gov.ph/fct/library/report/4175,"FNRI primary record; prioritized common food family and preparation. This is editorial prioritization, not a consumption-frequency ranking."
FC000516,04-seafood,G198,"Sardine, fimbriated, smoked",Fish & Seafood,https://i.fnri.dost.gov.ph/fct/library/report/4178,"FNRI primary record; prioritized common food family and preparation. This is editorial prioritization, not a consumption-frequency ranking."
FC000517,04-seafood,G201,"Sardine, Indian, smoked",Fish & Seafood,https://i.fnri.dost.gov.ph/fct/library/report/4181,"FNRI primary record; prioritized common food family and preparation. This is editorial prioritization, not a consumption-frequency ranking."
FC000518,04-seafood,G204,"Sardines, smoked, cnd",Fish & Seafood,https://i.fnri.dost.gov.ph/fct/library/report/4184,"FNRI primary record; prioritized common food family and preparation. This is editorial prioritization, not a consumption-frequency ranking."
FC000519,04-seafood,G205,"Scad, big-eye, dried",Fish & Seafood,https://i.fnri.dost.gov.ph/fct/library/report/4185,"FNRI primary record; prioritized common food family and preparation. This is editorial prioritization, not a consumption-frequency ranking."
FC000520,04-seafood,G206,"Scad, big-eye, smoked",Fish & Seafood,https://i.fnri.dost.gov.ph/fct/library/report/4186,"FNRI primary record; prioritized common food family and preparation. This is editorial prioritization, not a consumption-frequency ranking."
FC000521,04-seafood,G209,"Sea bass, dried",Fish & Seafood,https://i.fnri.dost.gov.ph/fct/library/report/4189,"FNRI primary record; prioritized common food family and preparation. This is editorial prioritization, not a consumption-frequency ranking."
FC000522,04-seafood,G210,"Shrimp, freshwater (small), dried",Fish & Seafood,https://i.fnri.dost.gov.ph/fct/library/report/4190,"FNRI primary record; prioritized common food family and preparation. This is editorial prioritization, not a consumption-frequency ranking."
FC000523,04-seafood,G211,"Shrimp, sergestid, dried",Fish & Seafood,https://i.fnri.dost.gov.ph/fct/library/report/4191,"FNRI primary record; prioritized common food family and preparation. This is editorial prioritization, not a consumption-frequency ranking."
FC000524,04-seafood,G212,"Shrimp, small marine, dried",Fish & Seafood,https://i.fnri.dost.gov.ph/fct/library/report/4192,"FNRI primary record; prioritized common food family and preparation. This is editorial prioritization, not a consumption-frequency ranking."
FC000525,04-seafood,G223,"Tuna adobo, cnd",Fish & Seafood,https://i.fnri.dost.gov.ph/fct/library/report/4203,"FNRI primary record; prioritized common food family and preparation. This is editorial prioritization, not a consumption-frequency ranking."
FC000526,04-seafood,G224,"Tuna fillet, in soya oil, cnd",Fish & Seafood,https://i.fnri.dost.gov.ph/fct/library/report/4204,"FNRI primary record; prioritized common food family and preparation. This is editorial prioritization, not a consumption-frequency ranking."
FC000527,04-seafood,G225,"Tuna fillet, in veg oil, cnd",Fish & Seafood,https://i.fnri.dost.gov.ph/fct/library/report/4205,"FNRI primary record; prioritized common food family and preparation. This is editorial prioritization, not a consumption-frequency ranking."
FC000528,04-seafood,G228,"Tuna mechado, cnd",Fish & Seafood,https://i.fnri.dost.gov.ph/fct/library/report/4208,"FNRI primary record; prioritized common food family and preparation. This is editorial prioritization, not a consumption-frequency ranking."
FC000529,04-seafood,G229,"Tuna sardines, in oil, cnd",Fish & Seafood,https://i.fnri.dost.gov.ph/fct/library/report/4209,"FNRI primary record; prioritized common food family and preparation. This is editorial prioritization, not a consumption-frequency ranking."
FC000530,04-seafood,G231,"Tuna, frigate, dried",Fish & Seafood,https://i.fnri.dost.gov.ph/fct/library/report/4211,"FNRI primary record; prioritized common food family and preparation. This is editorial prioritization, not a consumption-frequency ranking."
FC000531,04-seafood,G232,"Tuna, yellow-fin, dried",Fish & Seafood,https://i.fnri.dost.gov.ph/fct/library/report/4212,"FNRI primary record; prioritized common food family and preparation. This is editorial prioritization, not a consumption-frequency ranking."
FC000532,04-seafood,G006,"Anchovy, long-jawed, w/o head",Fish & Seafood,https://i.fnri.dost.gov.ph/fct/library/report/3986,"FNRI primary record; prioritized common food family and preparation. This is editorial prioritization, not a consumption-frequency ranking."
FC000533,04-seafood,G107,"Sea catfish, smooth-headed",Fish & Seafood,https://i.fnri.dost.gov.ph/fct/library/report/4087,"FNRI primary record; prioritized common food family and preparation. This is editorial prioritization, not a consumption-frequency ranking."
FC000534,04-seafood,G118,"Shrimp, giant tiger prawn, head",Fish & Seafood,https://i.fnri.dost.gov.ph/fct/library/report/4098,"FNRI primary record; prioritized common food family and preparation. This is editorial prioritization, not a consumption-frequency ranking."
FC000535,04-seafood,G016,"Cavalla, banded, fried",Fish & Seafood,https://i.fnri.dost.gov.ph/fct/library/report/3996,"FNRI primary record; prioritized common food family and preparation. This is editorial prioritization, not a consumption-frequency ranking."
FC000536,04-seafood,G017,"Cavalla, banded, steamed",Fish & Seafood,https://i.fnri.dost.gov.ph/fct/library/report/3997,"FNRI primary record; prioritized common food family and preparation. This is editorial prioritization, not a consumption-frequency ranking."
FC000537,04-seafood,G001,Abalone,Fish & Seafood,https://i.fnri.dost.gov.ph/fct/library/report/3981,"FNRI primary record; prioritized common food family and preparation. This is editorial prioritization, not a consumption-frequency ranking."
FC000538,04-seafood,G002,Abalone juice,Fish & Seafood,https://i.fnri.dost.gov.ph/fct/library/report/3982,"FNRI primary record; prioritized common food family and preparation. This is editorial prioritization, not a consumption-frequency ranking."
FC000539,04-seafood,G003,Amber fish,Fish & Seafood,https://i.fnri.dost.gov.ph/fct/library/report/3983,"FNRI primary record; prioritized common food family and preparation. This is editorial prioritization, not a consumption-frequency ranking."
FC000540,04-seafood,G004,Sinarapan,Fish & Seafood,https://i.fnri.dost.gov.ph/fct/library/report/3984,"FNRI primary record; prioritized common food family and preparation. This is editorial prioritization, not a consumption-frequency ranking."
FC000541,04-seafood,G008,"Barracuda, striped",Fish & Seafood,https://i.fnri.dost.gov.ph/fct/library/report/3988,"FNRI primary record; prioritized common food family and preparation. This is editorial prioritization, not a consumption-frequency ranking."
FC000542,04-seafood,G009,"Butterfly fish, threadfin",Fish & Seafood,https://i.fnri.dost.gov.ph/fct/library/report/3989,"FNRI primary record; prioritized common food family and preparation. This is editorial prioritization, not a consumption-frequency ranking."
FC000543,04-seafood,G010,"Fusilier, goldband",Fish & Seafood,https://i.fnri.dost.gov.ph/fct/library/report/3990,"FNRI primary record; prioritized common food family and preparation. This is editorial prioritization, not a consumption-frequency ranking."
FC000544,04-seafood,G011,Cardinal fish,Fish & Seafood,https://i.fnri.dost.gov.ph/fct/library/report/3991,"FNRI primary record; prioritized common food family and preparation. This is editorial prioritization, not a consumption-frequency ranking."
FC000545,04-seafood,G012,Carp,Fish & Seafood,https://i.fnri.dost.gov.ph/fct/library/report/3992,"FNRI primary record; prioritized common food family and preparation. This is editorial prioritization, not a consumption-frequency ranking."
FC000546,04-seafood,G015,"Cavalla, banded",Fish & Seafood,https://i.fnri.dost.gov.ph/fct/library/report/3995,"FNRI primary record; prioritized common food family and preparation. This is editorial prioritization, not a consumption-frequency ranking."
FC000547,04-seafood,G018,"Clam, bilakong",Fish & Seafood,https://i.fnri.dost.gov.ph/fct/library/report/3998,"FNRI primary record; prioritized common food family and preparation. This is editorial prioritization, not a consumption-frequency ranking."
FC000548,05-fruit-dairy-prepared,E095,"Tamarind, unripe, boiled",Fruits,https://i.fnri.dost.gov.ph/fct/library/report/3677,"FNRI primary record; prioritized common food family and preparation. This is editorial prioritization, not a consumption-frequency ranking."
FC000549,05-fruit-dairy-prepared,E101,"Banana, saba, w/ sugar, fried",Fruits,https://i.fnri.dost.gov.ph/fct/library/report/3683,"FNRI primary record; prioritized common food family and preparation. This is editorial prioritization, not a consumption-frequency ranking."
FC000550,05-fruit-dairy-prepared,E102,"Banana, saba, w/ sugar, wrapped, fried",Fruits,https://i.fnri.dost.gov.ph/fct/library/report/3684,"FNRI primary record; prioritized common food family and preparation. This is editorial prioritization, not a consumption-frequency ranking."
FC000551,05-fruit-dairy-prepared,E001,"Apple, green",Fruits,https://i.fnri.dost.gov.ph/fct/library/report/3583,"FNRI primary record; prioritized common food family and preparation. This is editorial prioritization, not a consumption-frequency ranking."
FC000552,05-fruit-dairy-prepared,E002,"Apple, red",Fruits,https://i.fnri.dost.gov.ph/fct/library/report/3584,"FNRI primary record; prioritized common food family and preparation. This is editorial prioritization, not a consumption-frequency ranking."
FC000553,05-fruit-dairy-prepared,E006,"Banana, bungulan",Fruits,https://i.fnri.dost.gov.ph/fct/library/report/3588,"FNRI primary record; prioritized common food family and preparation. This is editorial prioritization, not a consumption-frequency ranking."
FC000554,05-fruit-dairy-prepared,E007,"Banana, butuan",Fruits,https://i.fnri.dost.gov.ph/fct/library/report/3589,"FNRI primary record; prioritized common food family and preparation. This is editorial prioritization, not a consumption-frequency ranking."
FC000555,05-fruit-dairy-prepared,E008,"Banana, cavendish, ripe",Fruits,https://i.fnri.dost.gov.ph/fct/library/report/3590,"FNRI primary record; prioritized common food family and preparation. This is editorial prioritization, not a consumption-frequency ranking."
FC000556,05-fruit-dairy-prepared,E009,"Banana, cavendish, unripe",Fruits,https://i.fnri.dost.gov.ph/fct/library/report/3591,"FNRI primary record; prioritized common food family and preparation. This is editorial prioritization, not a consumption-frequency ranking."
FC000557,05-fruit-dairy-prepared,E010,"Banana, gloria",Fruits,https://i.fnri.dost.gov.ph/fct/library/report/3592,"FNRI primary record; prioritized common food family and preparation. This is editorial prioritization, not a consumption-frequency ranking."
FC000558,05-fruit-dairy-prepared,E013,"Banana, murado",Fruits,https://i.fnri.dost.gov.ph/fct/library/report/3595,"FNRI primary record; prioritized common food family and preparation. This is editorial prioritization, not a consumption-frequency ranking."
FC000559,05-fruit-dairy-prepared,E016,"Banana, ternate",Fruits,https://i.fnri.dost.gov.ph/fct/library/report/3598,"FNRI primary record; prioritized common food family and preparation. This is editorial prioritization, not a consumption-frequency ranking."
FC000560,05-fruit-dairy-prepared,E017,"Banana, tuldok",Fruits,https://i.fnri.dost.gov.ph/fct/library/report/3599,"FNRI primary record; prioritized common food family and preparation. This is editorial prioritization, not a consumption-frequency ranking."
FC000561,05-fruit-dairy-prepared,E026,Java apple,Fruits,https://i.fnri.dost.gov.ph/fct/library/report/3608,"FNRI primary record; prioritized common food family and preparation. This is editorial prioritization, not a consumption-frequency ranking."
FC000562,05-fruit-dairy-prepared,E027,Custard apple,Fruits,https://i.fnri.dost.gov.ph/fct/library/report/3609,"FNRI primary record; prioritized common food family and preparation. This is editorial prioritization, not a consumption-frequency ranking."
FC000563,05-fruit-dairy-prepared,E029,Velvet apple,Fruits,https://i.fnri.dost.gov.ph/fct/library/report/3611,"FNRI primary record; prioritized common food family and preparation. This is editorial prioritization, not a consumption-frequency ranking."
FC000564,05-fruit-dairy-prepared,E030,Grape,Fruits,https://i.fnri.dost.gov.ph/fct/library/report/3612,"FNRI primary record; prioritized common food family and preparation. This is editorial prioritization, not a consumption-frequency ranking."
FC000565,05-fruit-dairy-prepared,E033,Jackfruit,Fruits,https://i.fnri.dost.gov.ph/fct/library/report/3615,"FNRI primary record; prioritized common food family and preparation. This is editorial prioritization, not a consumption-frequency ranking."
FC000566,05-fruit-dairy-prepared,E039,Lanzon,Fruits,https://i.fnri.dost.gov.ph/fct/library/report/3621,"FNRI primary record; prioritized common food family and preparation. This is editorial prioritization, not a consumption-frequency ranking."
FC000567,05-fruit-dairy-prepared,E045,Lychee/Litchi,Fruits,https://i.fnri.dost.gov.ph/fct/library/report/3627,"FNRI primary record; prioritized common food family and preparation. This is editorial prioritization, not a consumption-frequency ranking."
FC000568,05-fruit-dairy-prepared,E047,Malay apple,Fruits,https://i.fnri.dost.gov.ph/fct/library/report/3629,"FNRI primary record; prioritized common food family and preparation. This is editorial prioritization, not a consumption-frequency ranking."
FC000569,05-fruit-dairy-prepared,E049,"Mango, Indian, unripe",Fruits,https://i.fnri.dost.gov.ph/fct/library/report/3631,"FNRI primary record; prioritized common food family and preparation. This is editorial prioritization, not a consumption-frequency ranking."
FC000570,05-fruit-dairy-prepared,E050,"Mango, Manila super, medium ripe",Fruits,https://i.fnri.dost.gov.ph/fct/library/report/3632,"FNRI primary record; prioritized common food family and preparation. This is editorial prioritization, not a consumption-frequency ranking."
FC000571,05-fruit-dairy-prepared,E052,"Mango, Manila super, unripe",Fruits,https://i.fnri.dost.gov.ph/fct/library/report/3634,"FNRI primary record; prioritized common food family and preparation. This is editorial prioritization, not a consumption-frequency ranking."
FC000572,05-fruit-dairy-prepared,E053,"Mango, paho, unripe",Fruits,https://i.fnri.dost.gov.ph/fct/library/report/3635,"FNRI primary record; prioritized common food family and preparation. This is editorial prioritization, not a consumption-frequency ranking."
FC000573,05-fruit-dairy-prepared,E054,"Mango, piko, medium ripe",Fruits,https://i.fnri.dost.gov.ph/fct/library/report/3636,"FNRI primary record; prioritized common food family and preparation. This is editorial prioritization, not a consumption-frequency ranking."
FC000574,05-fruit-dairy-prepared,E056,"Mango, piko, unripe",Fruits,https://i.fnri.dost.gov.ph/fct/library/report/3638,"FNRI primary record; prioritized common food family and preparation. This is editorial prioritization, not a consumption-frequency ranking."
FC000575,05-fruit-dairy-prepared,E058,Mangosteen,Fruits,https://i.fnri.dost.gov.ph/fct/library/report/3640,"FNRI primary record; prioritized common food family and preparation. This is editorial prioritization, not a consumption-frequency ranking."
FC000576,05-fruit-dairy-prepared,E061,Melon,Fruits,https://i.fnri.dost.gov.ph/fct/library/report/3643,"FNRI primary record; prioritized common food family and preparation. This is editorial prioritization, not a consumption-frequency ranking."
FC000577,05-fruit-dairy-prepared,E062,"Melon, honey dew",Fruits,https://i.fnri.dost.gov.ph/fct/library/report/3644,"FNRI primary record; prioritized common food family and preparation. This is editorial prioritization, not a consumption-frequency ranking."
FC000578,05-fruit-dairy-prepared,E065,"Orange, Ladu",Fruits,https://i.fnri.dost.gov.ph/fct/library/report/3647,"FNRI primary record; prioritized common food family and preparation. This is editorial prioritization, not a consumption-frequency ranking."
FC000579,05-fruit-dairy-prepared,E066,"Orange, Szinkom",Fruits,https://i.fnri.dost.gov.ph/fct/library/report/3648,"FNRI primary record; prioritized common food family and preparation. This is editorial prioritization, not a consumption-frequency ranking."
FC000580,05-fruit-dairy-prepared,E068,"Papaya fruit, medium ripe",Fruits,https://i.fnri.dost.gov.ph/fct/library/report/3650,"FNRI primary record; prioritized common food family and preparation. This is editorial prioritization, not a consumption-frequency ranking."
FC000581,05-fruit-dairy-prepared,E070,Pear,Fruits,https://i.fnri.dost.gov.ph/fct/library/report/3652,"FNRI primary record; prioritized common food family and preparation. This is editorial prioritization, not a consumption-frequency ranking."
FC000582,05-fruit-dairy-prepared,E076,Rambutan,Fruits,https://i.fnri.dost.gov.ph/fct/library/report/3658,"FNRI primary record; prioritized common food family and preparation. This is editorial prioritization, not a consumption-frequency ranking."
FC000583,05-fruit-dairy-prepared,E078,Santol,Fruits,https://i.fnri.dost.gov.ph/fct/library/report/3660,"FNRI primary record; prioritized common food family and preparation. This is editorial prioritization, not a consumption-frequency ranking."
FC000584,05-fruit-dairy-prepared,E081,Stinking passion flower fruit,Fruits,https://i.fnri.dost.gov.ph/fct/library/report/3663,"FNRI primary record; prioritized common food family and preparation. This is editorial prioritization, not a consumption-frequency ranking."
FC000585,05-fruit-dairy-prepared,E082,Stinking passion flower juice,Fruits,https://i.fnri.dost.gov.ph/fct/library/report/3664,"FNRI primary record; prioritized common food family and preparation. This is editorial prioritization, not a consumption-frequency ranking."
FC000586,05-fruit-dairy-prepared,E083,Soursop,Fruits,https://i.fnri.dost.gov.ph/fct/library/report/3665,"FNRI primary record; prioritized common food family and preparation. This is editorial prioritization, not a consumption-frequency ranking."
FC000587,05-fruit-dairy-prepared,E085,"Star apple, green",Fruits,https://i.fnri.dost.gov.ph/fct/library/report/3667,"FNRI primary record; prioritized common food family and preparation. This is editorial prioritization, not a consumption-frequency ranking."
FC000588,05-fruit-dairy-prepared,E086,"Star apple, purple",Fruits,https://i.fnri.dost.gov.ph/fct/library/report/3668,"FNRI primary record; prioritized common food family and preparation. This is editorial prioritization, not a consumption-frequency ranking."
FC000589,05-fruit-dairy-prepared,E088,Strawberry,Fruits,https://i.fnri.dost.gov.ph/fct/library/report/3670,"FNRI primary record; prioritized common food family and preparation. This is editorial prioritization, not a consumption-frequency ranking."
FC000590,05-fruit-dairy-prepared,E089,Sugar apple/Sweetsop,Fruits,https://i.fnri.dost.gov.ph/fct/library/report/3671,"FNRI primary record; prioritized common food family and preparation. This is editorial prioritization, not a consumption-frequency ranking."
FC000591,05-fruit-dairy-prepared,E093,"Tamarind, ripe",Fruits,https://i.fnri.dost.gov.ph/fct/library/report/3675,"FNRI primary record; prioritized common food family and preparation. This is editorial prioritization, not a consumption-frequency ranking."
FC000592,05-fruit-dairy-prepared,E094,"Tamarind, unripe",Fruits,https://i.fnri.dost.gov.ph/fct/library/report/3676,"FNRI primary record; prioritized common food family and preparation. This is editorial prioritization, not a consumption-frequency ranking."
FC000593,05-fruit-dairy-prepared,J001,"Cheese, cheddar, pasteurized, processed",Milk & Dairy,https://i.fnri.dost.gov.ph/fct/library/report/4235,"FNRI primary record; prioritized common food family and preparation. This is editorial prioritization, not a consumption-frequency ranking."
FC000594,05-fruit-dairy-prepared,J002,"Cheese, cottage",Milk & Dairy,https://i.fnri.dost.gov.ph/fct/library/report/4236,"FNRI primary record; prioritized common food family and preparation. This is editorial prioritization, not a consumption-frequency ranking."
FC000595,05-fruit-dairy-prepared,J003,"Cheese, filled",Milk & Dairy,https://i.fnri.dost.gov.ph/fct/library/report/4237,"FNRI primary record; prioritized common food family and preparation. This is editorial prioritization, not a consumption-frequency ranking."
FC000596,05-fruit-dairy-prepared,J004,"Cheese, native",Milk & Dairy,https://i.fnri.dost.gov.ph/fct/library/report/4238,"FNRI primary record; prioritized common food family and preparation. This is editorial prioritization, not a consumption-frequency ranking."
FC000597,05-fruit-dairy-prepared,J005,"Cheese, pimiento",Milk & Dairy,https://i.fnri.dost.gov.ph/fct/library/report/4239,"FNRI primary record; prioritized common food family and preparation. This is editorial prioritization, not a consumption-frequency ranking."
FC000598,05-fruit-dairy-prepared,J006,"Cheese, spread",Milk & Dairy,https://i.fnri.dost.gov.ph/fct/library/report/4240,"FNRI primary record; prioritized common food family and preparation. This is editorial prioritization, not a consumption-frequency ranking."
FC000599,05-fruit-dairy-prepared,J007,Cream,Milk & Dairy,https://i.fnri.dost.gov.ph/fct/library/report/4241,"FNRI primary record; prioritized common food family and preparation. This is editorial prioritization, not a consumption-frequency ranking."
FC000600,05-fruit-dairy-prepared,J008,Ice cream,Milk & Dairy,https://i.fnri.dost.gov.ph/fct/library/report/4242,"FNRI primary record; prioritized common food family and preparation. This is editorial prioritization, not a consumption-frequency ranking."
FC000601,05-fruit-dairy-prepared,J009,"Ice cream, strawberry flvr",Milk & Dairy,https://i.fnri.dost.gov.ph/fct/library/report/4243,"FNRI primary record; prioritized common food family and preparation. This is editorial prioritization, not a consumption-frequency ranking."
FC000602,05-fruit-dairy-prepared,J010,"Milk drink, cultured",Milk & Dairy,https://i.fnri.dost.gov.ph/fct/library/report/4244,"FNRI primary record; prioritized common food family and preparation. This is editorial prioritization, not a consumption-frequency ranking."
FC000603,05-fruit-dairy-prepared,J016,"Milk, evaporated, filled",Milk & Dairy,https://i.fnri.dost.gov.ph/fct/library/report/4250,"FNRI primary record; prioritized common food family and preparation. This is editorial prioritization, not a consumption-frequency ranking."
FC000604,05-fruit-dairy-prepared,J024,"Milk, recombined",Milk & Dairy,https://i.fnri.dost.gov.ph/fct/library/report/4258,"FNRI primary record; prioritized common food family and preparation. This is editorial prioritization, not a consumption-frequency ranking."
FC000605,05-fruit-dairy-prepared,J025,"Milk, sweetn, cond, filled",Milk & Dairy,https://i.fnri.dost.gov.ph/fct/library/report/4259,"FNRI primary record; prioritized common food family and preparation. This is editorial prioritization, not a consumption-frequency ranking."
FC000606,05-fruit-dairy-prepared,J011,"Milk drink, recon, strawberry, UHT",Milk & Dairy,https://i.fnri.dost.gov.ph/fct/library/report/4245,"FNRI primary record; prioritized common food family and preparation. This is editorial prioritization, not a consumption-frequency ranking."
FC000607,05-fruit-dairy-prepared,J012,"Milk, buttermilk",Milk & Dairy,https://i.fnri.dost.gov.ph/fct/library/report/4246,"FNRI primary record; prioritized common food family and preparation. This is editorial prioritization, not a consumption-frequency ranking."
FC000608,05-fruit-dairy-prepared,N004,"Catsup, banana",Condiments,https://i.fnri.dost.gov.ph/fct/library/report/4327,"FNRI primary record; prioritized common food family and preparation. This is editorial prioritization, not a consumption-frequency ranking."
FC000609,05-fruit-dairy-prepared,N005,"Catsup, tomato",Condiments,https://i.fnri.dost.gov.ph/fct/library/report/4328,"FNRI primary record; prioritized common food family and preparation. This is editorial prioritization, not a consumption-frequency ranking."
FC000610,05-fruit-dairy-prepared,N007,"Fish paste, anchovy",Condiments,https://i.fnri.dost.gov.ph/fct/library/report/4330,"FNRI primary record; prioritized common food family and preparation. This is editorial prioritization, not a consumption-frequency ranking."
FC000611,05-fruit-dairy-prepared,N013,Lechon sauce,Condiments,https://i.fnri.dost.gov.ph/fct/library/report/4336,"FNRI primary record; prioritized common food family and preparation. This is editorial prioritization, not a consumption-frequency ranking."
FC000612,05-fruit-dairy-prepared,N019,"Salt, coarse",Condiments,https://i.fnri.dost.gov.ph/fct/library/report/4342,"FNRI primary record; prioritized common food family and preparation. This is editorial prioritization, not a consumption-frequency ranking."
FC000613,05-fruit-dairy-prepared,N020,Shrimp paste,Condiments,https://i.fnri.dost.gov.ph/fct/library/report/4343,"FNRI primary record; prioritized common food family and preparation. This is editorial prioritization, not a consumption-frequency ranking."
FC000614,05-fruit-dairy-prepared,N021,"Shrimp paste, alamang",Condiments,https://i.fnri.dost.gov.ph/fct/library/report/4344,"FNRI primary record; prioritized common food family and preparation. This is editorial prioritization, not a consumption-frequency ranking."
FC000615,05-fruit-dairy-prepared,N027,"Vinegar, coconut",Condiments,https://i.fnri.dost.gov.ph/fct/library/report/4350,"FNRI primary record; prioritized common food family and preparation. This is editorial prioritization, not a consumption-frequency ranking."
FC000616,05-fruit-dairy-prepared,N024,Tomato paste,Condiments,https://i.fnri.dost.gov.ph/fct/library/report/4347,"FNRI primary record; prioritized common food family and preparation. This is editorial prioritization, not a consumption-frequency ranking."
FC000617,05-fruit-dairy-prepared,N025,Tomato sauce,Condiments,https://i.fnri.dost.gov.ph/fct/library/report/4348,"FNRI primary record; prioritized common food family and preparation. This is editorial prioritization, not a consumption-frequency ranking."
FC000618,05-fruit-dairy-prepared,R004,"Steamed bun, mung bean filling",Prepared Foods,https://i.fnri.dost.gov.ph/fct/library/report/4424,"FNRI primary record; prioritized common food family and preparation. This is editorial prioritization, not a consumption-frequency ranking."
FC000619,05-fruit-dairy-prepared,R005,"Steamed bun, pork filling",Prepared Foods,https://i.fnri.dost.gov.ph/fct/library/report/4425,"FNRI primary record; prioritized common food family and preparation. This is editorial prioritization, not a consumption-frequency ranking."
FC000620,05-fruit-dairy-prepared,R064,"Spring roll, Shanghai, unckd",Prepared Foods,https://i.fnri.dost.gov.ph/fct/library/report/4484,"FNRI primary record; prioritized common food family and preparation. This is editorial prioritization, not a consumption-frequency ranking."
FC000621,05-fruit-dairy-prepared,R077,"Soup, mungbean w/ shrimp, ckd",Prepared Foods,https://i.fnri.dost.gov.ph/fct/library/report/4497,"FNRI primary record; prioritized common food family and preparation. This is editorial prioritization, not a consumption-frequency ranking."
FC000622,05-fruit-dairy-prepared,R002,Cheese sandwich,Prepared Foods,https://i.fnri.dost.gov.ph/fct/library/report/4422,"FNRI primary record; prioritized common food family and preparation. This is editorial prioritization, not a consumption-frequency ranking."
FC000623,05-fruit-dairy-prepared,R003,Cheeseburger sandwich,Prepared Foods,https://i.fnri.dost.gov.ph/fct/library/report/4423,"FNRI primary record; prioritized common food family and preparation. This is editorial prioritization, not a consumption-frequency ranking."
FC000624,05-fruit-dairy-prepared,R011,Rice gruel w/ chicken,Prepared Foods,https://i.fnri.dost.gov.ph/fct/library/report/4431,"FNRI primary record; prioritized common food family and preparation. This is editorial prioritization, not a consumption-frequency ranking."
FC000625,05-fruit-dairy-prepared,R012,Rice gruel w/ choc & milk,Prepared Foods,https://i.fnri.dost.gov.ph/fct/library/report/4432,"FNRI primary record; prioritized common food family and preparation. This is editorial prioritization, not a consumption-frequency ranking."
FC000626,05-fruit-dairy-prepared,R013,Rice gruel w/ tripe,Prepared Foods,https://i.fnri.dost.gov.ph/fct/library/report/4433,"FNRI primary record; prioritized common food family and preparation. This is editorial prioritization, not a consumption-frequency ranking."
FC000627,05-fruit-dairy-prepared,R016,Buko pie,Prepared Foods,https://i.fnri.dost.gov.ph/fct/library/report/4436,"FNRI primary record; prioritized common food family and preparation. This is editorial prioritization, not a consumption-frequency ranking."
FC000628,05-fruit-dairy-prepared,R017,Egg pie,Prepared Foods,https://i.fnri.dost.gov.ph/fct/library/report/4437,"FNRI primary record; prioritized common food family and preparation. This is editorial prioritization, not a consumption-frequency ranking."
FC000629,05-fruit-dairy-prepared,R018,"Halu-halo, cnd",Prepared Foods,https://i.fnri.dost.gov.ph/fct/library/report/4438,"FNRI primary record; prioritized common food family and preparation. This is editorial prioritization, not a consumption-frequency ranking."
FC000630,05-fruit-dairy-prepared,R019,"Halu-halo, w/ ice",Prepared Foods,https://i.fnri.dost.gov.ph/fct/library/report/4439,"FNRI primary record; prioritized common food family and preparation. This is editorial prioritization, not a consumption-frequency ranking."
FC000631,05-fruit-dairy-prepared,R027,"Beef caldereta, cnd",Prepared Foods,https://i.fnri.dost.gov.ph/fct/library/report/4447,"FNRI primary record; prioritized common food family and preparation. This is editorial prioritization, not a consumption-frequency ranking."
FC000632,05-fruit-dairy-prepared,R031,"Beef kare-kare, cnd",Prepared Foods,https://i.fnri.dost.gov.ph/fct/library/report/4451,"FNRI primary record; prioritized common food family and preparation. This is editorial prioritization, not a consumption-frequency ranking."
FC000633,05-fruit-dairy-prepared,R047,"Pork & chicken adobo, cnd",Prepared Foods,https://i.fnri.dost.gov.ph/fct/library/report/4467,"FNRI primary record; prioritized common food family and preparation. This is editorial prioritization, not a consumption-frequency ranking."
FC000634,05-fruit-dairy-prepared,R050,"Pork adobo, cnd",Prepared Foods,https://i.fnri.dost.gov.ph/fct/library/report/4470,"FNRI primary record; prioritized common food family and preparation. This is editorial prioritization, not a consumption-frequency ranking."
FC000635,05-fruit-dairy-prepared,R051,"Pork adobo, w/ egg, cnd",Prepared Foods,https://i.fnri.dost.gov.ph/fct/library/report/4471,"FNRI primary record; prioritized common food family and preparation. This is editorial prioritization, not a consumption-frequency ranking."
FC000636,05-fruit-dairy-prepared,R086,"Pork & beans, cnd",Prepared Foods,https://i.fnri.dost.gov.ph/fct/library/report/4506,"FNRI primary record; prioritized common food family and preparation. This is editorial prioritization, not a consumption-frequency ranking."
FC000637,05-fruit-dairy-prepared,R053,"Pork blood stew, cnd",Prepared Foods,https://i.fnri.dost.gov.ph/fct/library/report/4473,"FNRI primary record; prioritized common food family and preparation. This is editorial prioritization, not a consumption-frequency ranking."
FC000638,05-fruit-dairy-prepared,K003,"Fat, pork",Fats & Oils,https://i.fnri.dost.gov.ph/fct/library/report/4263,"FNRI primary record; prioritized common food family and preparation. This is editorial prioritization, not a consumption-frequency ranking."
FC000639,05-fruit-dairy-prepared,K004,Margarine,Fats & Oils,https://i.fnri.dost.gov.ph/fct/library/report/4264,"FNRI primary record; prioritized common food family and preparation. This is editorial prioritization, not a consumption-frequency ranking."
FC000640,05-fruit-dairy-prepared,K006,"Margarine, fortified",Fats & Oils,https://i.fnri.dost.gov.ph/fct/library/report/4266,"FNRI primary record; prioritized common food family and preparation. This is editorial prioritization, not a consumption-frequency ranking."
FC000641,05-fruit-dairy-prepared,K007,Mayonnaise,Fats & Oils,https://i.fnri.dost.gov.ph/fct/library/report/4267,"FNRI primary record; prioritized common food family and preparation. This is editorial prioritization, not a consumption-frequency ranking."
FC000642,05-fruit-dairy-prepared,K009,"Oil, corn",Fats & Oils,https://i.fnri.dost.gov.ph/fct/library/report/4269,"FNRI primary record; prioritized common food family and preparation. This is editorial prioritization, not a consumption-frequency ranking."
FC000643,05-fruit-dairy-prepared,Q013,"Coffee, roasted",Beverages,https://i.fnri.dost.gov.ph/fct/library/report/4372,"FNRI primary record; prioritized common food family and preparation. This is editorial prioritization, not a consumption-frequency ranking."
FC000644,05-fruit-dairy-prepared,Q010,Coconut water,Beverages,https://i.fnri.dost.gov.ph/fct/library/report/4369,"FNRI primary record; prioritized common food family and preparation. This is editorial prioritization, not a consumption-frequency ranking."
FC000645,05-fruit-dairy-prepared,Q011,"Coffee, creamer & sugar (3 in 1)",Beverages,https://i.fnri.dost.gov.ph/fct/library/report/4370,"FNRI primary record; prioritized common food family and preparation. This is editorial prioritization, not a consumption-frequency ranking."
FC000646,05-fruit-dairy-prepared,Q012,"Coffee, inst, 100% pure",Beverages,https://i.fnri.dost.gov.ph/fct/library/report/4371,"FNRI primary record; prioritized common food family and preparation. This is editorial prioritization, not a consumption-frequency ranking."
FC000647,05-fruit-dairy-prepared,Q008,"Cocoa, pwdr, imported",Beverages,https://i.fnri.dost.gov.ph/fct/library/report/4367,"FNRI primary record; prioritized common food family and preparation. This is editorial prioritization, not a consumption-frequency ranking."
