food_id,estimate_id,name,level,reason,policy_version,scope,missing_fields
FC000001,,"Rice, well-milled, boiled",Good,Matched reference source with all tracked nutrients available.,1.0,Reference evidence and completeness; not an accuracy percentage or guarantee for your meal.,
FC000002,,"Rice, well-milled, fried",Good,Matched reference source with all tracked nutrients available.,1.0,Reference evidence and completeness; not an accuracy percentage or guarantee for your meal.,
FC000003,,"Rice, undermilled",Good,Matched reference source with all tracked nutrients available.,1.0,Reference evidence and completeness; not an accuracy percentage or guarantee for your meal.,
FC000004,,"Rice, glutinous",Good,Matched reference source with all tracked nutrients available.,1.0,Reference evidence and completeness; not an accuracy percentage or guarantee for your meal.,
FC000005,,"Corn on cob, yellow, boiled",Good,Matched reference source with all tracked nutrients available.,1.0,Reference evidence and completeness; not an accuracy percentage or guarantee for your meal.,
FC000006,,"Bread, pan de sal",Good,Matched reference source with all tracked nutrients available.,1.0,Reference evidence and completeness; not an accuracy percentage or guarantee for your meal.,
FC000007,,"Bread, pan de monay",Good,Matched reference source with all tracked nutrients available.,1.0,Reference evidence and completeness; not an accuracy percentage or guarantee for your meal.,
FC000008,,"Bread, sweet roll",Good,Matched reference source with all tracked nutrients available.,1.0,Reference evidence and completeness; not an accuracy percentage or guarantee for your meal.,
FC000009,,"Bread, pan de coco",Good,Matched reference source with all tracked nutrients available.,1.0,Reference evidence and completeness; not an accuracy percentage or guarantee for your meal.,
FC000010,,"Bread, white loaf",Good,Matched reference source with all tracked nutrients available.,1.0,Reference evidence and completeness; not an accuracy percentage or guarantee for your meal.,
FC000011,,"Bread, toasted",Good,Matched reference source with all tracked nutrients available.,1.0,Reference evidence and completeness; not an accuracy percentage or guarantee for your meal.,
FC000012,,"Bread, Spanish bread",Medium,Matched reference source; some tracked nutrients are unknown.,1.0,Reference evidence and completeness; not an accuracy percentage or guarantee for your meal.,sugar_g_100g;sodium_mg_100g;cholesterol_mg_100g
FC000013,,"Cake, mamon",Good,Matched reference source with all tracked nutrients available.,1.0,Reference evidence and completeness; not an accuracy percentage or guarantee for your meal.,
FC000014,,"Rice noodles, cooked",Good,Matched reference source with all tracked nutrients available.,1.0,Reference evidence and completeness; not an accuracy percentage or guarantee for your meal.,
FC000015,,"Egg noodles, cooked",Unrated,"Identity unresolved, source conflict, or no usable nutrition.",1.0,Reference evidence and completeness; not an accuracy percentage or guarantee for your meal.,kcal_100g;protein_g_100g;carbs_g_100g;fat_g_100g;fiber_g_100g;sugar_g_100g;sodium_mg_100g;cholesterol_mg_100g
FC000016,,"Egg, chicken, whole, boiled",Good,Matched reference source with all tracked nutrients available.,1.0,Reference evidence and completeness; not an accuracy percentage or guarantee for your meal.,
FC000017,,"Egg, chicken, whole",Good,Matched reference source with all tracked nutrients available.,1.0,Reference evidence and completeness; not an accuracy percentage or guarantee for your meal.,
FC000018,,"Egg, duck, whole",Good,Matched reference source with all tracked nutrients available.,1.0,Reference evidence and completeness; not an accuracy percentage or guarantee for your meal.,
FC000019,,"Soybean cheese, hard curd",Good,Matched reference source with all tracked nutrients available.,1.0,Reference evidence and completeness; not an accuracy percentage or guarantee for your meal.,
FC000020,,"Soybean cheese, soft curd",Good,Matched reference source with all tracked nutrients available.,1.0,Reference evidence and completeness; not an accuracy percentage or guarantee for your meal.,
FC000021,,"Mung bean seed, green, dried, boiled",Good,Matched reference source with all tracked nutrients available.,1.0,Reference evidence and completeness; not an accuracy percentage or guarantee for your meal.,
FC000022,,"Peanut, roasted",Medium,Matched reference source; some tracked nutrients are unknown.,1.0,Reference evidence and completeness; not an accuracy percentage or guarantee for your meal.,sugar_g_100g
FC000023,,Pili nut,Medium,Matched reference source; some tracked nutrients are unknown.,1.0,Reference evidence and completeness; not an accuracy percentage or guarantee for your meal.,fiber_g_100g;sugar_g_100g
FC000024,,Chicken breast,Good,Matched reference source with all tracked nutrients available.,1.0,Reference evidence and completeness; not an accuracy percentage or guarantee for your meal.,
FC000025,,Chicken thigh,Good,Matched reference source with all tracked nutrients available.,1.0,Reference evidence and completeness; not an accuracy percentage or guarantee for your meal.,
FC000026,,Chicken leg/drumstick,Good,Matched reference source with all tracked nutrients available.,1.0,Reference evidence and completeness; not an accuracy percentage or guarantee for your meal.,
FC000027,,Chicken wing,Good,Matched reference source with all tracked nutrients available.,1.0,Reference evidence and completeness; not an accuracy percentage or guarantee for your meal.,
FC000028,,Chicken liver,Good,Matched reference source with all tracked nutrients available.,1.0,Reference evidence and completeness; not an accuracy percentage or guarantee for your meal.,
FC000029,,"Chicken, whole meat",Unrated,"Identity unresolved, source conflict, or no usable nutrition.",1.0,Reference evidence and completeness; not an accuracy percentage or guarantee for your meal.,kcal_100g;protein_g_100g;carbs_g_100g;fat_g_100g;fiber_g_100g;sugar_g_100g;sodium_mg_100g;cholesterol_mg_100g
FC000030,,Beef lean meat,Good,Matched reference source with all tracked nutrients available.,1.0,Reference evidence and completeness; not an accuracy percentage or guarantee for your meal.,
FC000031,,"Beef lean meat, boiled",Medium,Matched reference source; some tracked nutrients are unknown.,1.0,Reference evidence and completeness; not an accuracy percentage or guarantee for your meal.,cholesterol_mg_100g
FC000032,,"Beef lean meat, fried",Medium,Matched reference source; some tracked nutrients are unknown.,1.0,Reference evidence and completeness; not an accuracy percentage or guarantee for your meal.,cholesterol_mg_100g
FC000033,,Beef liver,Good,Matched reference source with all tracked nutrients available.,1.0,Reference evidence and completeness; not an accuracy percentage or guarantee for your meal.,
FC000034,,Ground beef,Unrated,"Identity unresolved, source conflict, or no usable nutrition.",1.0,Reference evidence and completeness; not an accuracy percentage or guarantee for your meal.,kcal_100g;protein_g_100g;carbs_g_100g;fat_g_100g;fiber_g_100g;sugar_g_100g;sodium_mg_100g;cholesterol_mg_100g
FC000035,,Pork belly,Good,Matched reference source with all tracked nutrients available.,1.0,Reference evidence and completeness; not an accuracy percentage or guarantee for your meal.,
FC000036,,"Pork belly, broiled",Good,Matched reference source with all tracked nutrients available.,1.0,Reference evidence and completeness; not an accuracy percentage or guarantee for your meal.,
FC000037,,"Pork belly, fried",Good,Matched reference source with all tracked nutrients available.,1.0,Reference evidence and completeness; not an accuracy percentage or guarantee for your meal.,
FC000038,,Pork Boston butt / shoulder,Medium,Matched reference source; some tracked nutrients are unknown.,1.0,Reference evidence and completeness; not an accuracy percentage or guarantee for your meal.,cholesterol_mg_100g
FC000039,,Pork lean meat,Unrated,"Identity unresolved, source conflict, or no usable nutrition.",1.0,Reference evidence and completeness; not an accuracy percentage or guarantee for your meal.,kcal_100g;protein_g_100g;carbs_g_100g;fat_g_100g;fiber_g_100g;sugar_g_100g;sodium_mg_100g;cholesterol_mg_100g
FC000040,,Ground pork,Unrated,"Identity unresolved, source conflict, or no usable nutrition.",1.0,Reference evidence and completeness; not an accuracy percentage or guarantee for your meal.,kcal_100g;protein_g_100g;carbs_g_100g;fat_g_100g;fiber_g_100g;sugar_g_100g;sodium_mg_100g;cholesterol_mg_100g
FC000041,,Pork liver,Good,Matched reference source with all tracked nutrients available.,1.0,Reference evidence and completeness; not an accuracy percentage or guarantee for your meal.,
FC000042,,Pork skin,Good,Matched reference source with all tracked nutrients available.,1.0,Reference evidence and completeness; not an accuracy percentage or guarantee for your meal.,
FC000043,,Longganisa,Unrated,"Identity unresolved, source conflict, or no usable nutrition.",1.0,Reference evidence and completeness; not an accuracy percentage or guarantee for your meal.,kcal_100g;protein_g_100g;carbs_g_100g;fat_g_100g;fiber_g_100g;sugar_g_100g;sodium_mg_100g;cholesterol_mg_100g
FC000044,,Tocino,Good,Matched reference source with all tracked nutrients available.,1.0,Reference evidence and completeness; not an accuracy percentage or guarantee for your meal.,
FC000045,,Beef tapa,Good,Matched reference source with all tracked nutrients available.,1.0,Reference evidence and completeness; not an accuracy percentage or guarantee for your meal.,
FC000046,,Milkfish,Good,Matched reference source with all tracked nutrients available.,1.0,Reference evidence and completeness; not an accuracy percentage or guarantee for your meal.,
FC000047,,"Milkfish, broiled",Good,Matched reference source with all tracked nutrients available.,1.0,Reference evidence and completeness; not an accuracy percentage or guarantee for your meal.,
FC000048,,"Milkfish, dried",Medium,Matched reference source; some tracked nutrients are unknown.,1.0,Reference evidence and completeness; not an accuracy percentage or guarantee for your meal.,cholesterol_mg_100g
FC000049,,Tilapia,Good,Matched reference source with all tracked nutrients available.,1.0,Reference evidence and completeness; not an accuracy percentage or guarantee for your meal.,
FC000050,,Round scad,Medium,Matched reference source; some tracked nutrients are unknown.,1.0,Reference evidence and completeness; not an accuracy percentage or guarantee for your meal.,cholesterol_mg_100g
FC000051,,Indian mackerel,Good,Matched reference source with all tracked nutrients available.,1.0,Reference evidence and completeness; not an accuracy percentage or guarantee for your meal.,
FC000052,,Skipjack tuna,Unrated,"Identity unresolved, source conflict, or no usable nutrition.",1.0,Reference evidence and completeness; not an accuracy percentage or guarantee for your meal.,kcal_100g;protein_g_100g;carbs_g_100g;fat_g_100g;fiber_g_100g;sugar_g_100g;sodium_mg_100g;cholesterol_mg_100g
FC000053,,Yellowfin tuna,Good,Matched reference source with all tracked nutrients available.,1.0,Reference evidence and completeness; not an accuracy percentage or guarantee for your meal.,
FC000054,,Sardines,Unrated,"Identity unresolved, source conflict, or no usable nutrition.",1.0,Reference evidence and completeness; not an accuracy percentage or guarantee for your meal.,kcal_100g;protein_g_100g;carbs_g_100g;fat_g_100g;fiber_g_100g;sugar_g_100g;sodium_mg_100g;cholesterol_mg_100g
FC000055,,"Anchovy, dried",Medium,Matched reference source; some tracked nutrients are unknown.,1.0,Reference evidence and completeness; not an accuracy percentage or guarantee for your meal.,sodium_mg_100g
FC000056,,"Herring, dried",Unrated,"Identity unresolved, source conflict, or no usable nutrition.",1.0,Reference evidence and completeness; not an accuracy percentage or guarantee for your meal.,kcal_100g;protein_g_100g;carbs_g_100g;fat_g_100g;fiber_g_100g;sugar_g_100g;sodium_mg_100g;cholesterol_mg_100g
FC000057,,Shrimp,Unrated,"Identity unresolved, source conflict, or no usable nutrition.",1.0,Reference evidence and completeness; not an accuracy percentage or guarantee for your meal.,kcal_100g;protein_g_100g;carbs_g_100g;fat_g_100g;fiber_g_100g;sugar_g_100g;sodium_mg_100g;cholesterol_mg_100g
FC000058,,Squid,Good,Matched reference source with all tracked nutrients available.,1.0,Reference evidence and completeness; not an accuracy percentage or guarantee for your meal.,
FC000059,,Crab,Unrated,"Identity unresolved, source conflict, or no usable nutrition.",1.0,Reference evidence and completeness; not an accuracy percentage or guarantee for your meal.,kcal_100g;protein_g_100g;carbs_g_100g;fat_g_100g;fiber_g_100g;sugar_g_100g;sodium_mg_100g;cholesterol_mg_100g
FC000060,,Mussels,Medium,Matched reference source; some tracked nutrients are unknown.,1.0,Reference evidence and completeness; not an accuracy percentage or guarantee for your meal.,cholesterol_mg_100g
FC000061,,Tomato,Good,Matched reference source with all tracked nutrients available.,1.0,Reference evidence and completeness; not an accuracy percentage or guarantee for your meal.,
FC000062,,Eggplant,Good,Matched reference source with all tracked nutrients available.,1.0,Reference evidence and completeness; not an accuracy percentage or guarantee for your meal.,
FC000063,,Bitter melon/gourd fruit,Good,Matched reference source with all tracked nutrients available.,1.0,Reference evidence and completeness; not an accuracy percentage or guarantee for your meal.,
FC000064,,Squash fruit,Good,Matched reference source with all tracked nutrients available.,1.0,Reference evidence and completeness; not an accuracy percentage or guarantee for your meal.,
FC000065,,Chinese cabbage,Good,Matched reference source with all tracked nutrients available.,1.0,Reference evidence and completeness; not an accuracy percentage or guarantee for your meal.,
FC000066,,Bok choy / pechay,Unrated,"Identity unresolved, source conflict, or no usable nutrition.",1.0,Reference evidence and completeness; not an accuracy percentage or guarantee for your meal.,kcal_100g;protein_g_100g;carbs_g_100g;fat_g_100g;fiber_g_100g;sugar_g_100g;sodium_mg_100g;cholesterol_mg_100g
FC000067,,Carrot,Good,Matched reference source with all tracked nutrients available.,1.0,Reference evidence and completeness; not an accuracy percentage or guarantee for your meal.,
FC000068,,"Onion, Bombay bulb",Good,Matched reference source with all tracked nutrients available.,1.0,Reference evidence and completeness; not an accuracy percentage or guarantee for your meal.,
FC000069,,"Onion, garden shallot bulb",Good,Matched reference source with all tracked nutrients available.,1.0,Reference evidence and completeness; not an accuracy percentage or guarantee for your meal.,
FC000070,,Garlic bulb,Good,Matched reference source with all tracked nutrients available.,1.0,Reference evidence and completeness; not an accuracy percentage or guarantee for your meal.,
FC000071,,String beans,Unrated,"Identity unresolved, source conflict, or no usable nutrition.",1.0,Reference evidence and completeness; not an accuracy percentage or guarantee for your meal.,kcal_100g;protein_g_100g;carbs_g_100g;fat_g_100g;fiber_g_100g;sugar_g_100g;sodium_mg_100g;cholesterol_mg_100g
FC000072,,Yardlong bean,Unrated,"Identity unresolved, source conflict, or no usable nutrition.",1.0,Reference evidence and completeness; not an accuracy percentage or guarantee for your meal.,kcal_100g;protein_g_100g;carbs_g_100g;fat_g_100g;fiber_g_100g;sugar_g_100g;sodium_mg_100g;cholesterol_mg_100g
FC000073,,Water spinach,Unrated,"Identity unresolved, source conflict, or no usable nutrition.",1.0,Reference evidence and completeness; not an accuracy percentage or guarantee for your meal.,kcal_100g;protein_g_100g;carbs_g_100g;fat_g_100g;fiber_g_100g;sugar_g_100g;sodium_mg_100g;cholesterol_mg_100g
FC000074,,Moringa leaves,Good,Matched reference source with all tracked nutrients available.,1.0,Reference evidence and completeness; not an accuracy percentage or guarantee for your meal.,
FC000075,,Chayote,Good,Matched reference source with all tracked nutrients available.,1.0,Reference evidence and completeness; not an accuracy percentage or guarantee for your meal.,
FC000076,,"Banana, lakatan",Good,Matched reference source with all tracked nutrients available.,1.0,Reference evidence and completeness; not an accuracy percentage or guarantee for your meal.,
FC000077,,"Banana, latundan",Good,Matched reference source with all tracked nutrients available.,1.0,Reference evidence and completeness; not an accuracy percentage or guarantee for your meal.,
FC000078,,"Banana, saba",Good,Matched reference source with all tracked nutrients available.,1.0,Reference evidence and completeness; not an accuracy percentage or guarantee for your meal.,
FC000079,,"Banana, saba, boiled",Good,Matched reference source with all tracked nutrients available.,1.0,Reference evidence and completeness; not an accuracy percentage or guarantee for your meal.,
FC000080,,"Mango, ripe",Unrated,"Identity unresolved, source conflict, or no usable nutrition.",1.0,Reference evidence and completeness; not an accuracy percentage or guarantee for your meal.,kcal_100g;protein_g_100g;carbs_g_100g;fat_g_100g;fiber_g_100g;sugar_g_100g;sodium_mg_100g;cholesterol_mg_100g
FC000081,,"Papaya, ripe",Good,Matched reference source with all tracked nutrients available.,1.0,Reference evidence and completeness; not an accuracy percentage or guarantee for your meal.,
FC000082,,Pineapple,Good,Matched reference source with all tracked nutrients available.,1.0,Reference evidence and completeness; not an accuracy percentage or guarantee for your meal.,
FC000083,,Watermelon,Good,Matched reference source with all tracked nutrients available.,1.0,Reference evidence and completeness; not an accuracy percentage or guarantee for your meal.,
FC000084,,Guava,Unrated,"Identity unresolved, source conflict, or no usable nutrition.",1.0,Reference evidence and completeness; not an accuracy percentage or guarantee for your meal.,kcal_100g;protein_g_100g;carbs_g_100g;fat_g_100g;fiber_g_100g;sugar_g_100g;sodium_mg_100g;cholesterol_mg_100g
FC000085,,Calamansi,Good,Matched reference source with all tracked nutrients available.,1.0,Reference evidence and completeness; not an accuracy percentage or guarantee for your meal.,
FC000086,,Pomelo,Good,Matched reference source with all tracked nutrients available.,1.0,Reference evidence and completeness; not an accuracy percentage or guarantee for your meal.,
FC000087,,Avocado,Unrated,"Identity unresolved, source conflict, or no usable nutrition.",1.0,Reference evidence and completeness; not an accuracy percentage or guarantee for your meal.,kcal_100g;protein_g_100g;carbs_g_100g;fat_g_100g;fiber_g_100g;sugar_g_100g;sodium_mg_100g;cholesterol_mg_100g
FC000088,,"Sweet potato, white, boiled",Good,Matched reference source with all tracked nutrients available.,1.0,Reference evidence and completeness; not an accuracy percentage or guarantee for your meal.,
FC000089,,"Sweet potato, yellow, boiled",Good,Matched reference source with all tracked nutrients available.,1.0,Reference evidence and completeness; not an accuracy percentage or guarantee for your meal.,
FC000090,,Cassava,Good,Matched reference source with all tracked nutrients available.,1.0,Reference evidence and completeness; not an accuracy percentage or guarantee for your meal.,
FC000091,,Taro corm,Good,Matched reference source with all tracked nutrients available.,1.0,Reference evidence and completeness; not an accuracy percentage or guarantee for your meal.,
FC000092,,Purple yam,Good,Matched reference source with all tracked nutrients available.,1.0,Reference evidence and completeness; not an accuracy percentage or guarantee for your meal.,
FC000093,,Fresh cow's milk,Good,Matched reference source with all tracked nutrients available.,1.0,Reference evidence and completeness; not an accuracy percentage or guarantee for your meal.,
FC000094,,Evaporated milk,Good,Matched reference source with all tracked nutrients available.,1.0,Reference evidence and completeness; not an accuracy percentage or guarantee for your meal.,
FC000095,,Powdered milk,Unrated,"Identity unresolved, source conflict, or no usable nutrition.",1.0,Reference evidence and completeness; not an accuracy percentage or guarantee for your meal.,kcal_100g;protein_g_100g;carbs_g_100g;fat_g_100g;fiber_g_100g;sugar_g_100g;sodium_mg_100g;cholesterol_mg_100g
FC000096,,Butter,Good,Matched reference source with all tracked nutrients available.,1.0,Reference evidence and completeness; not an accuracy percentage or guarantee for your meal.,
FC000097,,Coconut milk,Medium,Matched reference source; some tracked nutrients are unknown.,1.0,Reference evidence and completeness; not an accuracy percentage or guarantee for your meal.,sugar_g_100g
FC000098,,Coconut oil,Good,Matched reference source with all tracked nutrients available.,1.0,Reference evidence and completeness; not an accuracy percentage or guarantee for your meal.,
FC000099,,Soy sauce,Good,Matched reference source with all tracked nutrients available.,1.0,Reference evidence and completeness; not an accuracy percentage or guarantee for your meal.,
FC000100,,Fish sauce,Medium,Matched reference source; some tracked nutrients are unknown.,1.0,Reference evidence and completeness; not an accuracy percentage or guarantee for your meal.,sugar_g_100g
FC000101,,"Chicken, whole",Good,Matched reference source with all tracked nutrients available.,1.0,Reference evidence and completeness; not an accuracy percentage or guarantee for your meal.,
FC000102,,"Pork Boston butt, lean",Medium,Matched reference source; some tracked nutrients are unknown.,1.0,Reference evidence and completeness; not an accuracy percentage or guarantee for your meal.,cholesterol_mg_100g
FC000103,,"Sausage, chicken",Good,Matched reference source with all tracked nutrients available.,1.0,Reference evidence and completeness; not an accuracy percentage or guarantee for your meal.,
FC000104,,"Sausage, pork",Medium,Matched reference source; some tracked nutrients are unknown.,1.0,Reference evidence and completeness; not an accuracy percentage or guarantee for your meal.,sugar_g_100g
FC000105,,"Sausage, pork & beef",Good,Matched reference source with all tracked nutrients available.,1.0,Reference evidence and completeness; not an accuracy percentage or guarantee for your meal.,
FC000106,,"Sardine, Indian",Good,Matched reference source with all tracked nutrients available.,1.0,Reference evidence and completeness; not an accuracy percentage or guarantee for your meal.,
FC000107,,"Sardines, in spiced oil, cnd",Good,Matched reference source with all tracked nutrients available.,1.0,Reference evidence and completeness; not an accuracy percentage or guarantee for your meal.,
FC000108,,"Sardines, in tomato sce, cnd",Good,Matched reference source with all tracked nutrients available.,1.0,Reference evidence and completeness; not an accuracy percentage or guarantee for your meal.,
FC000109,,"Shrimp, banana prawn",Good,Matched reference source with all tracked nutrients available.,1.0,Reference evidence and completeness; not an accuracy percentage or guarantee for your meal.,
FC000110,,"Shrimp, giant tiger prawn",Good,Matched reference source with all tracked nutrients available.,1.0,Reference evidence and completeness; not an accuracy percentage or guarantee for your meal.,
FC000111,,"Shrimp, greasy back",Good,Matched reference source with all tracked nutrients available.,1.0,Reference evidence and completeness; not an accuracy percentage or guarantee for your meal.,
FC000112,,"Crab, blue swimming, w/o fat",Medium,Matched reference source; some tracked nutrients are unknown.,1.0,Reference evidence and completeness; not an accuracy percentage or guarantee for your meal.,cholesterol_mg_100g
FC000113,,"Crab, mud/mangrove, w/o fat",Medium,Matched reference source; some tracked nutrients are unknown.,1.0,Reference evidence and completeness; not an accuracy percentage or guarantee for your meal.,cholesterol_mg_100g
FC000114,,Pechay lvs,Good,Matched reference source with all tracked nutrients available.,1.0,Reference evidence and completeness; not an accuracy percentage or guarantee for your meal.,
FC000115,,Pechay petioles,Good,Matched reference source with all tracked nutrients available.,1.0,Reference evidence and completeness; not an accuracy percentage or guarantee for your meal.,
FC000116,,"String/Yard long bean pod, green",Medium,Matched reference source; some tracked nutrients are unknown.,1.0,Reference evidence and completeness; not an accuracy percentage or guarantee for your meal.,sugar_g_100g
FC000117,,"String/Yard long bean pod, red",Medium,Matched reference source; some tracked nutrients are unknown.,1.0,Reference evidence and completeness; not an accuracy percentage or guarantee for your meal.,sugar_g_100g
FC000118,,"String/Yard long bean pod, white",Medium,Matched reference source; some tracked nutrients are unknown.,1.0,Reference evidence and completeness; not an accuracy percentage or guarantee for your meal.,sugar_g_100g
FC000119,,Swamp cabbage lvs,Good,Matched reference source with all tracked nutrients available.,1.0,Reference evidence and completeness; not an accuracy percentage or guarantee for your meal.,
FC000120,,"Mango, Manila super, ripe",Good,Matched reference source with all tracked nutrients available.,1.0,Reference evidence and completeness; not an accuracy percentage or guarantee for your meal.,
FC000121,,"Mango, piko, ripe",Good,Matched reference source with all tracked nutrients available.,1.0,Reference evidence and completeness; not an accuracy percentage or guarantee for your meal.,
FC000122,,"Mango, supsupin, ripe",Good,Matched reference source with all tracked nutrients available.,1.0,Reference evidence and completeness; not an accuracy percentage or guarantee for your meal.,
FC000123,,"Guava, red",Good,Matched reference source with all tracked nutrients available.,1.0,Reference evidence and completeness; not an accuracy percentage or guarantee for your meal.,
FC000124,,"Guava, white",Good,Matched reference source with all tracked nutrients available.,1.0,Reference evidence and completeness; not an accuracy percentage or guarantee for your meal.,
FC000125,,"Avocado, green",Good,Matched reference source with all tracked nutrients available.,1.0,Reference evidence and completeness; not an accuracy percentage or guarantee for your meal.,
FC000126,,"Avocado, red",Good,Matched reference source with all tracked nutrients available.,1.0,Reference evidence and completeness; not an accuracy percentage or guarantee for your meal.,
FC000127,,"Milk, powder, filled, instant",Good,Matched reference source with all tracked nutrients available.,1.0,Reference evidence and completeness; not an accuracy percentage or guarantee for your meal.,
FC000128,,"Milk, powder, full cream",Good,Matched reference source with all tracked nutrients available.,1.0,Reference evidence and completeness; not an accuracy percentage or guarantee for your meal.,
FC000129,,"Milk, powder, non-fat, instant",Good,Matched reference source with all tracked nutrients available.,1.0,Reference evidence and completeness; not an accuracy percentage or guarantee for your meal.,
FC000130,,"Milk, powder, skim",Good,Matched reference source with all tracked nutrients available.,1.0,Reference evidence and completeness; not an accuracy percentage or guarantee for your meal.,
FC000131,,"Noodles, wheat, canton, dry",Good,Matched reference source with all tracked nutrients available.,1.0,Reference evidence and completeness; not an accuracy percentage or guarantee for your meal.,
FC000132,,"Noodles, egg, cooked, enriched, with added salt",Good,Matched reference source with all tracked nutrients available.,1.0,Reference evidence and completeness; not an accuracy percentage or guarantee for your meal.,
FC000133,,"Noodles, egg, cooked, unenriched, with added salt",Good,Matched reference source with all tracked nutrients available.,1.0,Reference evidence and completeness; not an accuracy percentage or guarantee for your meal.,
FC000134,,"Beef, ground, 90% lean meat / 10% fat, raw",Good,Matched reference source with all tracked nutrients available.,1.0,Reference evidence and completeness; not an accuracy percentage or guarantee for your meal.,
FC000135,,"Beef, ground, 80% lean meat / 20% fat, raw",Good,Matched reference source with all tracked nutrients available.,1.0,Reference evidence and completeness; not an accuracy percentage or guarantee for your meal.,
FC000136,,"Beef, ground, 90% lean meat / 10% fat, crumbles, cooked, pan-browned",Good,Matched reference source with all tracked nutrients available.,1.0,Reference evidence and completeness; not an accuracy percentage or guarantee for your meal.,
FC000137,,"Beef, ground, 80% lean meat / 20% fat, crumbles, cooked, pan-browned",Good,Matched reference source with all tracked nutrients available.,1.0,Reference evidence and completeness; not an accuracy percentage or guarantee for your meal.,
FC000138,,"Pork, fresh, ground, raw",Medium,Matched reference source; some tracked nutrients are unknown.,1.0,Reference evidence and completeness; not an accuracy percentage or guarantee for your meal.,sugar_g_100g
FC000139,,"Pork, fresh, ground, cooked",Good,Matched reference source with all tracked nutrients available.,1.0,Reference evidence and completeness; not an accuracy percentage or guarantee for your meal.,
FC000140,,"Fish, tuna, fresh, skipjack, raw",Medium,Matched reference source; some tracked nutrients are unknown.,1.0,Reference evidence and completeness; not an accuracy percentage or guarantee for your meal.,sugar_g_100g
FC000141,,"Fish, tuna, skipjack, fresh, cooked, dry heat",Medium,Matched reference source; some tracked nutrients are unknown.,1.0,Reference evidence and completeness; not an accuracy percentage or guarantee for your meal.,sugar_g_100g
FC000142,,"Cabbage, chinese (pak-choi), raw",Good,Matched reference source with all tracked nutrients available.,1.0,Reference evidence and completeness; not an accuracy percentage or guarantee for your meal.,
FC000143,,"Cabbage, chinese (pak-choi), cooked, boiled, drained, without salt",Good,Matched reference source with all tracked nutrients available.,1.0,Reference evidence and completeness; not an accuracy percentage or guarantee for your meal.,
FC000144,,"Nuts, coconut milk, raw (liquid expressed from grated meat and water)",Good,Matched reference source with all tracked nutrients available.,1.0,Reference evidence and completeness; not an accuracy percentage or guarantee for your meal.,
FC000145,,"Nuts, coconut milk, canned (liquid expressed from grated meat and water)",Medium,Matched reference source; some tracked nutrients are unknown.,1.0,Reference evidence and completeness; not an accuracy percentage or guarantee for your meal.,fiber_g_100g;sugar_g_100g
FC000146,,"Sauce, fish, ready-to-serve",Good,Matched reference source with all tracked nutrients available.,1.0,Reference evidence and completeness; not an accuracy percentage or guarantee for your meal.,
FC000147,,"Canton noodles, cooked in water, 2.5x dry-weight yield (estimate)",Low,Estimate available only by explicit selection; default nutrition unavailable.,1.0,Reference evidence and completeness; not an accuracy percentage or guarantee for your meal.,kcal_100g;protein_g_100g;carbs_g_100g;fat_g_100g;fiber_g_100g;sugar_g_100g;sodium_mg_100g;cholesterol_mg_100g
FC000148,,"Noodles, mung bean starch, boiled",Good,Matched reference source with all tracked nutrients available.,1.0,Reference evidence and completeness; not an accuracy percentage or guarantee for your meal.,
FC000149,,"Noodles, wheat, thin, boiled",Good,Matched reference source with all tracked nutrients available.,1.0,Reference evidence and completeness; not an accuracy percentage or guarantee for your meal.,
FC000150,,"Noodles, wheat, miki, dry, boiled",Good,Matched reference source with all tracked nutrients available.,1.0,Reference evidence and completeness; not an accuracy percentage or guarantee for your meal.,
FC000151,,"Oats, quick-cooking, ckd",Good,Matched reference source with all tracked nutrients available.,1.0,Reference evidence and completeness; not an accuracy percentage or guarantee for your meal.,
FC000152,,"Pasta, spaghetti, boiled",Good,Matched reference source with all tracked nutrients available.,1.0,Reference evidence and completeness; not an accuracy percentage or guarantee for your meal.,
FC000153,,Hopyang baboy,Good,Matched reference source with all tracked nutrients available.,1.0,Reference evidence and completeness; not an accuracy percentage or guarantee for your meal.,
FC000154,,Hopyang Hapon,Medium,Matched reference source; some tracked nutrients are unknown.,1.0,Reference evidence and completeness; not an accuracy percentage or guarantee for your meal.,cholesterol_mg_100g
FC000155,,Hopyang munggo,Medium,Matched reference source; some tracked nutrients are unknown.,1.0,Reference evidence and completeness; not an accuracy percentage or guarantee for your meal.,cholesterol_mg_100g
FC000156,,"Noodles, mung bean starch",Good,Matched reference source with all tracked nutrients available.,1.0,Reference evidence and completeness; not an accuracy percentage or guarantee for your meal.,
FC000157,,"Oatmeal, instant",Good,Matched reference source with all tracked nutrients available.,1.0,Reference evidence and completeness; not an accuracy percentage or guarantee for your meal.,
FC000158,,"Oats, quick-cooking",Good,Matched reference source with all tracked nutrients available.,1.0,Reference evidence and completeness; not an accuracy percentage or guarantee for your meal.,
FC000159,,"Pasta, macaroni",Good,Matched reference source with all tracked nutrients available.,1.0,Reference evidence and completeness; not an accuracy percentage or guarantee for your meal.,
FC000160,,"Pasta, spaghetti",Good,Matched reference source with all tracked nutrients available.,1.0,Reference evidence and completeness; not an accuracy percentage or guarantee for your meal.,
FC000161,,"Rice cake (glutinous), bibingka",Good,Matched reference source with all tracked nutrients available.,1.0,Reference evidence and completeness; not an accuracy percentage or guarantee for your meal.,
FC000162,,"Rice cake (glutinous), biko",Good,Matched reference source with all tracked nutrients available.,1.0,Reference evidence and completeness; not an accuracy percentage or guarantee for your meal.,
FC000163,,"Rice cake, bibingka",Good,Matched reference source with all tracked nutrients available.,1.0,Reference evidence and completeness; not an accuracy percentage or guarantee for your meal.,
FC000164,,"Rice cake, puto bumbong, purple",Good,Matched reference source with all tracked nutrients available.,1.0,Reference evidence and completeness; not an accuracy percentage or guarantee for your meal.,
FC000165,,"Rice cake, puto, white",Good,Matched reference source with all tracked nutrients available.,1.0,Reference evidence and completeness; not an accuracy percentage or guarantee for your meal.,
FC000166,,"Rice cake, cuchinta",Good,Matched reference source with all tracked nutrients available.,1.0,Reference evidence and completeness; not an accuracy percentage or guarantee for your meal.,
FC000167,,"Rice prep (glutinous), palitaw",Good,Matched reference source with all tracked nutrients available.,1.0,Reference evidence and completeness; not an accuracy percentage or guarantee for your meal.,
FC000168,,"Rice prep (glutinous), sapin-sapin",Good,Matched reference source with all tracked nutrients available.,1.0,Reference evidence and completeness; not an accuracy percentage or guarantee for your meal.,
FC000169,,"Rice prep (glutinous), suman sa ibos",Good,Matched reference source with all tracked nutrients available.,1.0,Reference evidence and completeness; not an accuracy percentage or guarantee for your meal.,
FC000170,,"Rice prep (glutinous), suman, lye-treated",Good,Matched reference source with all tracked nutrients available.,1.0,Reference evidence and completeness; not an accuracy percentage or guarantee for your meal.,
FC000171,,"Spring roll wrapper, plain",Good,Matched reference source with all tracked nutrients available.,1.0,Reference evidence and completeness; not an accuracy percentage or guarantee for your meal.,
FC000172,,"Wheat flour, all-purpose",Good,Matched reference source with all tracked nutrients available.,1.0,Reference evidence and completeness; not an accuracy percentage or guarantee for your meal.,
FC000173,,"Bread, brown",Good,Matched reference source with all tracked nutrients available.,1.0,Reference evidence and completeness; not an accuracy percentage or guarantee for your meal.,
FC000174,,"Bread, cheese roll",Good,Matched reference source with all tracked nutrients available.,1.0,Reference evidence and completeness; not an accuracy percentage or guarantee for your meal.,
FC000175,,"Bread, pan de leche",Good,Matched reference source with all tracked nutrients available.,1.0,Reference evidence and completeness; not an accuracy percentage or guarantee for your meal.,
FC000176,,"Cake, banana",Good,Matched reference source with all tracked nutrients available.,1.0,Reference evidence and completeness; not an accuracy percentage or guarantee for your meal.,
FC000177,,"Cake, kababayan",Good,Matched reference source with all tracked nutrients available.,1.0,Reference evidence and completeness; not an accuracy percentage or guarantee for your meal.,
FC000178,,"Cookies, otap",Good,Matched reference source with all tracked nutrients available.,1.0,Reference evidence and completeness; not an accuracy percentage or guarantee for your meal.,
FC000179,,"Rice, glutinous, parboiled, flattened",Good,Matched reference source with all tracked nutrients available.,1.0,Reference evidence and completeness; not an accuracy percentage or guarantee for your meal.,
FC000180,,"Rice, undermilled, glutinous, purple, boiled",Good,Matched reference source with all tracked nutrients available.,1.0,Reference evidence and completeness; not an accuracy percentage or guarantee for your meal.,
FC000181,,"Rice-corn mixture (1:1), boiled",Good,Matched reference source with all tracked nutrients available.,1.0,Reference evidence and completeness; not an accuracy percentage or guarantee for your meal.,
FC000182,,"Rice water, ckd, thin",Good,Matched reference source with all tracked nutrients available.,1.0,Reference evidence and completeness; not an accuracy percentage or guarantee for your meal.,
FC000183,,"Corn grits, white",Good,Matched reference source with all tracked nutrients available.,1.0,Reference evidence and completeness; not an accuracy percentage or guarantee for your meal.,
FC000184,,"Corn grits, yellow",Good,Matched reference source with all tracked nutrients available.,1.0,Reference evidence and completeness; not an accuracy percentage or guarantee for your meal.,
FC000185,,"Corn on cob, white",Good,Matched reference source with all tracked nutrients available.,1.0,Reference evidence and completeness; not an accuracy percentage or guarantee for your meal.,
FC000186,,"Corn on cob, yellow",Good,Matched reference source with all tracked nutrients available.,1.0,Reference evidence and completeness; not an accuracy percentage or guarantee for your meal.,
FC000187,,"Cornmeal, white",Good,Matched reference source with all tracked nutrients available.,1.0,Reference evidence and completeness; not an accuracy percentage or guarantee for your meal.,
FC000188,,"Cornmeal, yellow",Good,Matched reference source with all tracked nutrients available.,1.0,Reference evidence and completeness; not an accuracy percentage or guarantee for your meal.,
FC000189,,Rice bran,Good,Matched reference source with all tracked nutrients available.,1.0,Reference evidence and completeness; not an accuracy percentage or guarantee for your meal.,
FC000190,,"Rice, milled, glutinous, milled w/ water",Good,Matched reference source with all tracked nutrients available.,1.0,Reference evidence and completeness; not an accuracy percentage or guarantee for your meal.,
FC000191,,"Rice, undermilled, glutinous, purple",Good,Matched reference source with all tracked nutrients available.,1.0,Reference evidence and completeness; not an accuracy percentage or guarantee for your meal.,
FC000192,,"Rice, undermilled, red",Good,Matched reference source with all tracked nutrients available.,1.0,Reference evidence and completeness; not an accuracy percentage or guarantee for your meal.,
FC000193,,"Rice, well-milled",Good,Matched reference source with all tracked nutrients available.,1.0,Reference evidence and completeness; not an accuracy percentage or guarantee for your meal.,
FC000194,,Rice-corn mixture (1:1),Good,Matched reference source with all tracked nutrients available.,1.0,Reference evidence and completeness; not an accuracy percentage or guarantee for your meal.,
FC000195,,Bicho-bicho,Good,Matched reference source with all tracked nutrients available.,1.0,Reference evidence and completeness; not an accuracy percentage or guarantee for your meal.,
FC000196,,Karyoka,Good,Matched reference source with all tracked nutrients available.,1.0,Reference evidence and completeness; not an accuracy percentage or guarantee for your meal.,
FC000197,,"Noodles, rice, fideos",Good,Matched reference source with all tracked nutrients available.,1.0,Reference evidence and completeness; not an accuracy percentage or guarantee for your meal.,
FC000198,,"Cassava, boiled",Good,Matched reference source with all tracked nutrients available.,1.0,Reference evidence and completeness; not an accuracy percentage or guarantee for your meal.,
FC000199,,"Potato, boiled",Good,Matched reference source with all tracked nutrients available.,1.0,Reference evidence and completeness; not an accuracy percentage or guarantee for your meal.,
FC000200,,"Sweet potato, purple, boiled",Good,Matched reference source with all tracked nutrients available.,1.0,Reference evidence and completeness; not an accuracy percentage or guarantee for your meal.,
FC000201,,"Taro, boiled",Good,Matched reference source with all tracked nutrients available.,1.0,Reference evidence and completeness; not an accuracy percentage or guarantee for your meal.,
FC000202,,"Yam, purple, boiled",Good,Matched reference source with all tracked nutrients available.,1.0,Reference evidence and completeness; not an accuracy percentage or guarantee for your meal.,
FC000203,,"Potato, French-fried",Good,Matched reference source with all tracked nutrients available.,1.0,Reference evidence and completeness; not an accuracy percentage or guarantee for your meal.,
FC000204,,"Tapioca starch ball, boiled",Good,Matched reference source with all tracked nutrients available.,1.0,Reference evidence and completeness; not an accuracy percentage or guarantee for your meal.,
FC000205,,"Sweet potato, w/ sugar, fried",Good,Matched reference source with all tracked nutrients available.,1.0,Reference evidence and completeness; not an accuracy percentage or guarantee for your meal.,
FC000206,,"Cassava, yellow",Good,Matched reference source with all tracked nutrients available.,1.0,Reference evidence and completeness; not an accuracy percentage or guarantee for your meal.,
FC000207,,Potato,Good,Matched reference source with all tracked nutrients available.,1.0,Reference evidence and completeness; not an accuracy percentage or guarantee for your meal.,
FC000208,,"Sweet potato, purple",Good,Matched reference source with all tracked nutrients available.,1.0,Reference evidence and completeness; not an accuracy percentage or guarantee for your meal.,
FC000209,,"Sweet potato, white",Good,Matched reference source with all tracked nutrients available.,1.0,Reference evidence and completeness; not an accuracy percentage or guarantee for your meal.,
FC000210,,"Sweet potato, yellow",Good,Matched reference source with all tracked nutrients available.,1.0,Reference evidence and completeness; not an accuracy percentage or guarantee for your meal.,
FC000211,,"Cassava cake, bibingka",Medium,Matched reference source; some tracked nutrients are unknown.,1.0,Reference evidence and completeness; not an accuracy percentage or guarantee for your meal.,cholesterol_mg_100g
FC000212,,Cassava flour,Good,Matched reference source with all tracked nutrients available.,1.0,Reference evidence and completeness; not an accuracy percentage or guarantee for your meal.,
FC000213,,Cassava fritter,Good,Matched reference source with all tracked nutrients available.,1.0,Reference evidence and completeness; not an accuracy percentage or guarantee for your meal.,
FC000214,,Cassava pudding,Good,Matched reference source with all tracked nutrients available.,1.0,Reference evidence and completeness; not an accuracy percentage or guarantee for your meal.,
FC000215,,"Cassava, mashed, w/ sugar & marg",Good,Matched reference source with all tracked nutrients available.,1.0,Reference evidence and completeness; not an accuracy percentage or guarantee for your meal.,
FC000216,,"Cassava, suman",Good,Matched reference source with all tracked nutrients available.,1.0,Reference evidence and completeness; not an accuracy percentage or guarantee for your meal.,
FC000217,,"Potato chips, cheese flvr",Good,Matched reference source with all tracked nutrients available.,1.0,Reference evidence and completeness; not an accuracy percentage or guarantee for your meal.,
FC000218,,Tapioca starch ball,Good,Matched reference source with all tracked nutrients available.,1.0,Reference evidence and completeness; not an accuracy percentage or guarantee for your meal.,
FC000219,,"Yam, purple, pudding",Good,Matched reference source with all tracked nutrients available.,1.0,Reference evidence and completeness; not an accuracy percentage or guarantee for your meal.,
FC000220,,"Yam, purple, pudding,w/ grtd coconut topping",Good,Matched reference source with all tracked nutrients available.,1.0,Reference evidence and completeness; not an accuracy percentage or guarantee for your meal.,
FC000221,,"Sweet potato, orange",Good,Matched reference source with all tracked nutrients available.,1.0,Reference evidence and completeness; not an accuracy percentage or guarantee for your meal.,
FC000222,,"East Indian arrowroot, boiled",Good,Matched reference source with all tracked nutrients available.,1.0,Reference evidence and completeness; not an accuracy percentage or guarantee for your meal.,
FC000223,,"Cashew nut, roasted",Good,Matched reference source with all tracked nutrients available.,1.0,Reference evidence and completeness; not an accuracy percentage or guarantee for your meal.,
FC000224,,"Chickpea, dried, boiled",Good,Matched reference source with all tracked nutrients available.,1.0,Reference evidence and completeness; not an accuracy percentage or guarantee for your meal.,
FC000225,,"Kidney bean seed, red, dried, boiled",Good,Matched reference source with all tracked nutrients available.,1.0,Reference evidence and completeness; not an accuracy percentage or guarantee for your meal.,
FC000226,,"Peanut w/ shell, boiled",Good,Matched reference source with all tracked nutrients available.,1.0,Reference evidence and completeness; not an accuracy percentage or guarantee for your meal.,
FC000227,,"Peanut w/ skin, roasted",Medium,Matched reference source; some tracked nutrients are unknown.,1.0,Reference evidence and completeness; not an accuracy percentage or guarantee for your meal.,sugar_g_100g
FC000228,,"Soybean seed, yellow, dried, boiled",Good,Matched reference source with all tracked nutrients available.,1.0,Reference evidence and completeness; not an accuracy percentage or guarantee for your meal.,
FC000229,,"Chickpea, dried",Good,Matched reference source with all tracked nutrients available.,1.0,Reference evidence and completeness; not an accuracy percentage or guarantee for your meal.,
FC000230,,"Coconut meat, mature",Good,Matched reference source with all tracked nutrients available.,1.0,Reference evidence and completeness; not an accuracy percentage or guarantee for your meal.,
FC000231,,"Coconut meat, very young",Good,Matched reference source with all tracked nutrients available.,1.0,Reference evidence and completeness; not an accuracy percentage or guarantee for your meal.,
FC000232,,"Coconut meat, young",Good,Matched reference source with all tracked nutrients available.,1.0,Reference evidence and completeness; not an accuracy percentage or guarantee for your meal.,
FC000233,,"Kidney bean seed, red, dried",Good,Matched reference source with all tracked nutrients available.,1.0,Reference evidence and completeness; not an accuracy percentage or guarantee for your meal.,
FC000234,,"Mung bean seed, green, dried",Good,Matched reference source with all tracked nutrients available.,1.0,Reference evidence and completeness; not an accuracy percentage or guarantee for your meal.,
FC000235,,"Sesame seed, dried",Good,Matched reference source with all tracked nutrients available.,1.0,Reference evidence and completeness; not an accuracy percentage or guarantee for your meal.,
FC000236,,"Soybean seed, dried",Good,Matched reference source with all tracked nutrients available.,1.0,Reference evidence and completeness; not an accuracy percentage or guarantee for your meal.,
FC000237,,"Chickpea, cnd",Good,Matched reference source with all tracked nutrients available.,1.0,Reference evidence and completeness; not an accuracy percentage or guarantee for your meal.,
FC000238,,"Green pea, in brine, cnd",Good,Matched reference source with all tracked nutrients available.,1.0,Reference evidence and completeness; not an accuracy percentage or guarantee for your meal.,
FC000239,,Peanut butter,Good,Matched reference source with all tracked nutrients available.,1.0,Reference evidence and completeness; not an accuracy percentage or guarantee for your meal.,
FC000240,,"Soybean cheese, salted",Good,Matched reference source with all tracked nutrients available.,1.0,Reference evidence and completeness; not an accuracy percentage or guarantee for your meal.,
FC000241,,"Soybean seed, black, fermented",Good,Matched reference source with all tracked nutrients available.,1.0,Reference evidence and completeness; not an accuracy percentage or guarantee for your meal.,
FC000242,,Soybean pudding/ Geerlig's cheese,Good,Matched reference source with all tracked nutrients available.,1.0,Reference evidence and completeness; not an accuracy percentage or guarantee for your meal.,
FC000243,,Soybean pudding/Geerlig's cheese w/ syrup & tapioca starch ball,Good,Matched reference source with all tracked nutrients available.,1.0,Reference evidence and completeness; not an accuracy percentage or guarantee for your meal.,
FC000244,,"Soybean paste, miso",Good,Matched reference source with all tracked nutrients available.,1.0,Reference evidence and completeness; not an accuracy percentage or guarantee for your meal.,
FC000245,,"Soybean seed, yellow, cnd, drnd",Good,Matched reference source with all tracked nutrients available.,1.0,Reference evidence and completeness; not an accuracy percentage or guarantee for your meal.,
FC000246,,"Watermelon seed, dried, salted",Medium,Matched reference source; some tracked nutrients are unknown.,1.0,Reference evidence and completeness; not an accuracy percentage or guarantee for your meal.,sugar_g_100g
FC000247,,"Kidney bean seed, black, dried, boiled",Good,Matched reference source with all tracked nutrients available.,1.0,Reference evidence and completeness; not an accuracy percentage or guarantee for your meal.,
FC000248,,"Bamboo shoot, boiled",Good,Matched reference source with all tracked nutrients available.,1.0,Reference evidence and completeness; not an accuracy percentage or guarantee for your meal.,
FC000249,,"Banana heart, butuan, boiled",Good,Matched reference source with all tracked nutrients available.,1.0,Reference evidence and completeness; not an accuracy percentage or guarantee for your meal.,
FC000250,,"Bitter melon/gourd fruit, boiled",Good,Matched reference source with all tracked nutrients available.,1.0,Reference evidence and completeness; not an accuracy percentage or guarantee for your meal.,
FC000251,,"Bottle gourd fruit, boiled",Good,Matched reference source with all tracked nutrients available.,1.0,Reference evidence and completeness; not an accuracy percentage or guarantee for your meal.,
FC000252,,"Cabbage, green, boiled",Good,Matched reference source with all tracked nutrients available.,1.0,Reference evidence and completeness; not an accuracy percentage or guarantee for your meal.,
FC000253,,"Cauliflower, boiled",Good,Matched reference source with all tracked nutrients available.,1.0,Reference evidence and completeness; not an accuracy percentage or guarantee for your meal.,
FC000254,,"Chayote fruit, boiled",Good,Matched reference source with all tracked nutrients available.,1.0,Reference evidence and completeness; not an accuracy percentage or guarantee for your meal.,
FC000255,,"Chinese cabbage, boiled",Good,Matched reference source with all tracked nutrients available.,1.0,Reference evidence and completeness; not an accuracy percentage or guarantee for your meal.,
FC000256,,"Eggplant, boiled",Good,Matched reference source with all tracked nutrients available.,1.0,Reference evidence and completeness; not an accuracy percentage or guarantee for your meal.,
FC000257,,"Horseradish tree lvs, boiled",Good,Matched reference source with all tracked nutrients available.,1.0,Reference evidence and completeness; not an accuracy percentage or guarantee for your meal.,
FC000258,,"Hyacinth bean pod, boiled",Good,Matched reference source with all tracked nutrients available.,1.0,Reference evidence and completeness; not an accuracy percentage or guarantee for your meal.,
FC000259,,"Jute lvs, boiled",Good,Matched reference source with all tracked nutrients available.,1.0,Reference evidence and completeness; not an accuracy percentage or guarantee for your meal.,
FC000260,,"Mung bean sprout, boiled",Good,Matched reference source with all tracked nutrients available.,1.0,Reference evidence and completeness; not an accuracy percentage or guarantee for your meal.,
FC000261,,"Mustard lvs, boiled",Good,Matched reference source with all tracked nutrients available.,1.0,Reference evidence and completeness; not an accuracy percentage or guarantee for your meal.,
FC000262,,"Okra, boiled",Good,Matched reference source with all tracked nutrients available.,1.0,Reference evidence and completeness; not an accuracy percentage or guarantee for your meal.,
FC000263,,"Pako fern lvs, boiled",Good,Matched reference source with all tracked nutrients available.,1.0,Reference evidence and completeness; not an accuracy percentage or guarantee for your meal.,
FC000264,,"Pechay lvs, boiled",Good,Matched reference source with all tracked nutrients available.,1.0,Reference evidence and completeness; not an accuracy percentage or guarantee for your meal.,
FC000265,,"Pechay petioles, boiled",Good,Matched reference source with all tracked nutrients available.,1.0,Reference evidence and completeness; not an accuracy percentage or guarantee for your meal.,
FC000266,,"Radish, boiled",Good,Matched reference source with all tracked nutrients available.,1.0,Reference evidence and completeness; not an accuracy percentage or guarantee for your meal.,
FC000267,,"Snap bean pod, green, boiled",Good,Matched reference source with all tracked nutrients available.,1.0,Reference evidence and completeness; not an accuracy percentage or guarantee for your meal.,
FC000268,,"Snow/Sugar pea pod, boiled",Good,Matched reference source with all tracked nutrients available.,1.0,Reference evidence and completeness; not an accuracy percentage or guarantee for your meal.,
FC000269,,"Sponge gourd fruit, boiled",Good,Matched reference source with all tracked nutrients available.,1.0,Reference evidence and completeness; not an accuracy percentage or guarantee for your meal.,
FC000270,,"Squash fruit, boiled",Good,Matched reference source with all tracked nutrients available.,1.0,Reference evidence and completeness; not an accuracy percentage or guarantee for your meal.,
FC000271,,"Squash lvs, boiled",Medium,Matched reference source; some tracked nutrients are unknown.,1.0,Reference evidence and completeness; not an accuracy percentage or guarantee for your meal.,fiber_g_100g;sugar_g_100g
FC000272,,"String/Yard long bean pod, green, boiled",Medium,Matched reference source; some tracked nutrients are unknown.,1.0,Reference evidence and completeness; not an accuracy percentage or guarantee for your meal.,sugar_g_100g
FC000273,,"String/Yard long bean pod, red, boiled",Good,Matched reference source with all tracked nutrients available.,1.0,Reference evidence and completeness; not an accuracy percentage or guarantee for your meal.,
FC000274,,"String/Yard long bean pod, white, boiled",Good,Matched reference source with all tracked nutrients available.,1.0,Reference evidence and completeness; not an accuracy percentage or guarantee for your meal.,
FC000275,,"Swamp cabbage lvs, boiled",Good,Matched reference source with all tracked nutrients available.,1.0,Reference evidence and completeness; not an accuracy percentage or guarantee for your meal.,
FC000276,,"Sweet potato lvs, boiled",Good,Matched reference source with all tracked nutrients available.,1.0,Reference evidence and completeness; not an accuracy percentage or guarantee for your meal.,
FC000277,,"Sweet potato lvs, purple, boiled",Good,Matched reference source with all tracked nutrients available.,1.0,Reference evidence and completeness; not an accuracy percentage or guarantee for your meal.,
FC000278,,"Taro lvs, boiled",Good,Matched reference source with all tracked nutrients available.,1.0,Reference evidence and completeness; not an accuracy percentage or guarantee for your meal.,
FC000279,,"Taro petioles, boiled",Good,Matched reference source with all tracked nutrients available.,1.0,Reference evidence and completeness; not an accuracy percentage or guarantee for your meal.,
FC000280,,"Tomato, boiled",Good,Matched reference source with all tracked nutrients available.,1.0,Reference evidence and completeness; not an accuracy percentage or guarantee for your meal.,
FC000281,,"Winged bean pod, boiled",Good,Matched reference source with all tracked nutrients available.,1.0,Reference evidence and completeness; not an accuracy percentage or guarantee for your meal.,
FC000282,,Bamboo shoot,Good,Matched reference source with all tracked nutrients available.,1.0,Reference evidence and completeness; not an accuracy percentage or guarantee for your meal.,
FC000283,,"Banana heart, butuan",Good,Matched reference source with all tracked nutrients available.,1.0,Reference evidence and completeness; not an accuracy percentage or guarantee for your meal.,
FC000284,,Bottle gourd fruit,Good,Matched reference source with all tracked nutrients available.,1.0,Reference evidence and completeness; not an accuracy percentage or guarantee for your meal.,
FC000285,,"Cabbage, green",Good,Matched reference source with all tracked nutrients available.,1.0,Reference evidence and completeness; not an accuracy percentage or guarantee for your meal.,
FC000286,,Cauliflower,Good,Matched reference source with all tracked nutrients available.,1.0,Reference evidence and completeness; not an accuracy percentage or guarantee for your meal.,
FC000287,,Cucumber,Good,Matched reference source with all tracked nutrients available.,1.0,Reference evidence and completeness; not an accuracy percentage or guarantee for your meal.,
FC000288,,Hyacinth bean pod,Good,Matched reference source with all tracked nutrients available.,1.0,Reference evidence and completeness; not an accuracy percentage or guarantee for your meal.,
FC000289,,"Jackfruit fruit, unripe",Good,Matched reference source with all tracked nutrients available.,1.0,Reference evidence and completeness; not an accuracy percentage or guarantee for your meal.,
FC000290,,Jute lvs,Good,Matched reference source with all tracked nutrients available.,1.0,Reference evidence and completeness; not an accuracy percentage or guarantee for your meal.,
FC000291,,Lettuce lvs & petioles,Good,Matched reference source with all tracked nutrients available.,1.0,Reference evidence and completeness; not an accuracy percentage or guarantee for your meal.,
FC000292,,Mung bean sprout,Good,Matched reference source with all tracked nutrients available.,1.0,Reference evidence and completeness; not an accuracy percentage or guarantee for your meal.,
FC000293,,"Mushroom, fresh",Good,Matched reference source with all tracked nutrients available.,1.0,Reference evidence and completeness; not an accuracy percentage or guarantee for your meal.,
FC000294,,Mustard lvs,Good,Matched reference source with all tracked nutrients available.,1.0,Reference evidence and completeness; not an accuracy percentage or guarantee for your meal.,
FC000295,,Okra,Good,Matched reference source with all tracked nutrients available.,1.0,Reference evidence and completeness; not an accuracy percentage or guarantee for your meal.,
FC000296,,"Onion, spring",Good,Matched reference source with all tracked nutrients available.,1.0,Reference evidence and completeness; not an accuracy percentage or guarantee for your meal.,
FC000297,,Pako fern lvs,Good,Matched reference source with all tracked nutrients available.,1.0,Reference evidence and completeness; not an accuracy percentage or guarantee for your meal.,
FC000298,,"Papaya fruit, unripe",Good,Matched reference source with all tracked nutrients available.,1.0,Reference evidence and completeness; not an accuracy percentage or guarantee for your meal.,
FC000299,,"Pepper, chili fruit",Good,Matched reference source with all tracked nutrients available.,1.0,Reference evidence and completeness; not an accuracy percentage or guarantee for your meal.,
FC000300,,"Pepper, sweet/bell long, green",Good,Matched reference source with all tracked nutrients available.,1.0,Reference evidence and completeness; not an accuracy percentage or guarantee for your meal.,
FC000301,,"Pepper, sweet/bell, long, red",Medium,Matched reference source; some tracked nutrients are unknown.,1.0,Reference evidence and completeness; not an accuracy percentage or guarantee for your meal.,sugar_g_100g
FC000302,,Radish,Good,Matched reference source with all tracked nutrients available.,1.0,Reference evidence and completeness; not an accuracy percentage or guarantee for your meal.,
FC000303,,"Snap bean pod, green",Good,Matched reference source with all tracked nutrients available.,1.0,Reference evidence and completeness; not an accuracy percentage or guarantee for your meal.,
FC000304,,Snow/Sugar pea pod,Good,Matched reference source with all tracked nutrients available.,1.0,Reference evidence and completeness; not an accuracy percentage or guarantee for your meal.,
FC000305,,Sponge gourd fruit,Good,Matched reference source with all tracked nutrients available.,1.0,Reference evidence and completeness; not an accuracy percentage or guarantee for your meal.,
FC000306,,Squash flower,Medium,Matched reference source; some tracked nutrients are unknown.,1.0,Reference evidence and completeness; not an accuracy percentage or guarantee for your meal.,fiber_g_100g
FC000307,,Squash lvs,Medium,Matched reference source; some tracked nutrients are unknown.,1.0,Reference evidence and completeness; not an accuracy percentage or guarantee for your meal.,fiber_g_100g;sugar_g_100g
FC000308,,Sweet potato lvs,Good,Matched reference source with all tracked nutrients available.,1.0,Reference evidence and completeness; not an accuracy percentage or guarantee for your meal.,
FC000309,,"Sweet potato lvs, purple",Good,Matched reference source with all tracked nutrients available.,1.0,Reference evidence and completeness; not an accuracy percentage or guarantee for your meal.,
FC000310,,Taro lvs,Good,Matched reference source with all tracked nutrients available.,1.0,Reference evidence and completeness; not an accuracy percentage or guarantee for your meal.,
FC000311,,Taro petioles,Good,Matched reference source with all tracked nutrients available.,1.0,Reference evidence and completeness; not an accuracy percentage or guarantee for your meal.,
FC000312,,Yam bean,Good,Matched reference source with all tracked nutrients available.,1.0,Reference evidence and completeness; not an accuracy percentage or guarantee for your meal.,
FC000313,,Winged bean pod,Good,Matched reference source with all tracked nutrients available.,1.0,Reference evidence and completeness; not an accuracy percentage or guarantee for your meal.,
FC000314,,"Mushroom, cnd",Medium,Matched reference source; some tracked nutrients are unknown.,1.0,Reference evidence and completeness; not an accuracy percentage or guarantee for your meal.,sugar_g_100g
FC000315,,"Taro lvs, dried",Good,Matched reference source with all tracked nutrients available.,1.0,Reference evidence and completeness; not an accuracy percentage or guarantee for your meal.,
FC000316,,"Basil, sweet, fresh",Good,Matched reference source with all tracked nutrients available.,1.0,Reference evidence and completeness; not an accuracy percentage or guarantee for your meal.,
FC000317,,Ginger,Good,Matched reference source with all tracked nutrients available.,1.0,Reference evidence and completeness; not an accuracy percentage or guarantee for your meal.,
FC000318,,Turmeric,Good,Matched reference source with all tracked nutrients available.,1.0,Reference evidence and completeness; not an accuracy percentage or guarantee for your meal.,
FC000319,,"Seaweed, lato",Medium,Matched reference source; some tracked nutrients are unknown.,1.0,Reference evidence and completeness; not an accuracy percentage or guarantee for your meal.,fiber_g_100g;sugar_g_100g;sodium_mg_100g
FC000320,,"Pickles, papaya",Medium,Matched reference source; some tracked nutrients are unknown.,1.0,Reference evidence and completeness; not an accuracy percentage or guarantee for your meal.,sugar_g_100g
FC000321,,"Bitter melon/gourd lvs, boiled",Good,Matched reference source with all tracked nutrients available.,1.0,Reference evidence and completeness; not an accuracy percentage or guarantee for your meal.,
FC000322,,"Bottle gourd lvs, boiled",Medium,Matched reference source; some tracked nutrients are unknown.,1.0,Reference evidence and completeness; not an accuracy percentage or guarantee for your meal.,fiber_g_100g;sugar_g_100g
FC000323,,"Cabbage, red, boiled",Good,Matched reference source with all tracked nutrients available.,1.0,Reference evidence and completeness; not an accuracy percentage or guarantee for your meal.,
FC000324,,"Carrot, boiled",Good,Matched reference source with all tracked nutrients available.,1.0,Reference evidence and completeness; not an accuracy percentage or guarantee for your meal.,
FC000325,,"Celery, Chinese, lvs & petioles, boiled",Good,Matched reference source with all tracked nutrients available.,1.0,Reference evidence and completeness; not an accuracy percentage or guarantee for your meal.,
FC000326,,"Chayote lvs, boiled",Medium,Matched reference source; some tracked nutrients are unknown.,1.0,Reference evidence and completeness; not an accuracy percentage or guarantee for your meal.,fiber_g_100g;sugar_g_100g
FC000327,,"Garlic lvs, boiled",Good,Matched reference source with all tracked nutrients available.,1.0,Reference evidence and completeness; not an accuracy percentage or guarantee for your meal.,
FC000328,,"Horseradish tree lvs, dwarf, boiled",Good,Matched reference source with all tracked nutrients available.,1.0,Reference evidence and completeness; not an accuracy percentage or guarantee for your meal.,
FC000329,,"Horseradish tree lvs, Japanese, boiled",Good,Matched reference source with all tracked nutrients available.,1.0,Reference evidence and completeness; not an accuracy percentage or guarantee for your meal.,
FC000330,,"Horseradish tree pod, boiled",Good,Matched reference source with all tracked nutrients available.,1.0,Reference evidence and completeness; not an accuracy percentage or guarantee for your meal.,
FC000331,,"Jackfruit seed, boiled",Medium,Matched reference source; some tracked nutrients are unknown.,1.0,Reference evidence and completeness; not an accuracy percentage or guarantee for your meal.,sugar_g_100g
FC000332,,"Chinese leek lvs, boiled",Good,Matched reference source with all tracked nutrients available.,1.0,Reference evidence and completeness; not an accuracy percentage or guarantee for your meal.,
FC000333,,"Onion, Bombay bulb, boiled",Good,Matched reference source with all tracked nutrients available.,1.0,Reference evidence and completeness; not an accuracy percentage or guarantee for your meal.,
FC000334,,"Onion, garden shallot bulb, boiled",Good,Matched reference source with all tracked nutrients available.,1.0,Reference evidence and completeness; not an accuracy percentage or guarantee for your meal.,
FC000335,,"Onion, garden shallot lvs, boiled",Good,Matched reference source with all tracked nutrients available.,1.0,Reference evidence and completeness; not an accuracy percentage or guarantee for your meal.,
FC000336,,"Onion, spring, boiled",Good,Matched reference source with all tracked nutrients available.,1.0,Reference evidence and completeness; not an accuracy percentage or guarantee for your meal.,
FC000337,,"Pepper, chili lvs, boiled",Medium,Matched reference source; some tracked nutrients are unknown.,1.0,Reference evidence and completeness; not an accuracy percentage or guarantee for your meal.,fiber_g_100g;sugar_g_100g
FC000338,,"Pepper, sweet/bell, long, green, boiled",Good,Matched reference source with all tracked nutrients available.,1.0,Reference evidence and completeness; not an accuracy percentage or guarantee for your meal.,
FC000339,,"Pepper, sweet/bell, round, green, boiled",Good,Matched reference source with all tracked nutrients available.,1.0,Reference evidence and completeness; not an accuracy percentage or guarantee for your meal.,
FC000340,,"Snap bean pod, white, boiled",Good,Matched reference source with all tracked nutrients available.,1.0,Reference evidence and completeness; not an accuracy percentage or guarantee for your meal.,
FC000341,,"Sponge gourd lvs, boiled",Medium,Matched reference source; some tracked nutrients are unknown.,1.0,Reference evidence and completeness; not an accuracy percentage or guarantee for your meal.,fiber_g_100g;sugar_g_100g
FC000342,,"Squash flower, boiled",Medium,Matched reference source; some tracked nutrients are unknown.,1.0,Reference evidence and completeness; not an accuracy percentage or guarantee for your meal.,fiber_g_100g
FC000343,,"String/Yard long bean lvs, boiled",Good,Matched reference source with all tracked nutrients available.,1.0,Reference evidence and completeness; not an accuracy percentage or guarantee for your meal.,
FC000344,,"String/Yard long bean seed, green, fresh, boiled",Good,Matched reference source with all tracked nutrients available.,1.0,Reference evidence and completeness; not an accuracy percentage or guarantee for your meal.,
FC000345,,Bitter melon/gourd lvs,Good,Matched reference source with all tracked nutrients available.,1.0,Reference evidence and completeness; not an accuracy percentage or guarantee for your meal.,
FC000346,,Bottle gourd lvs,Medium,Matched reference source; some tracked nutrients are unknown.,1.0,Reference evidence and completeness; not an accuracy percentage or guarantee for your meal.,fiber_g_100g;sugar_g_100g
FC000347,,"Cabbage, red",Good,Matched reference source with all tracked nutrients available.,1.0,Reference evidence and completeness; not an accuracy percentage or guarantee for your meal.,
FC000348,,"Chicken, whole, seasoned, roasted",Good,Matched reference source with all tracked nutrients available.,1.0,Reference evidence and completeness; not an accuracy percentage or guarantee for your meal.,
FC000349,,"Chicken, whole, seasoned, roasted, skin and visible fat removed",Good,Matched reference source with all tracked nutrients available.,1.0,Reference evidence and completeness; not an accuracy percentage or guarantee for your meal.,
FC000350,,"Pork belly, seasoned, roasted",Good,Matched reference source with all tracked nutrients available.,1.0,Reference evidence and completeness; not an accuracy percentage or guarantee for your meal.,
FC000351,,"Pork belly, seasoned, roasted, skin and visible fat removed",Medium,Matched reference source; some tracked nutrients are unknown.,1.0,Reference evidence and completeness; not an accuracy percentage or guarantee for your meal.,sugar_g_100g
FC000352,,Bacon,Good,Matched reference source with all tracked nutrients available.,1.0,Reference evidence and completeness; not an accuracy percentage or guarantee for your meal.,
FC000353,,Chicken nugget,Good,Matched reference source with all tracked nutrients available.,1.0,Reference evidence and completeness; not an accuracy percentage or guarantee for your meal.,
FC000354,,"Corned beef, cnd",Medium,Matched reference source; some tracked nutrients are unknown.,1.0,Reference evidence and completeness; not an accuracy percentage or guarantee for your meal.,sugar_g_100g
FC000355,,Embotido,Good,Matched reference source with all tracked nutrients available.,1.0,Reference evidence and completeness; not an accuracy percentage or guarantee for your meal.,
FC000356,,Ham,Good,Matched reference source with all tracked nutrients available.,1.0,Reference evidence and completeness; not an accuracy percentage or guarantee for your meal.,
FC000357,,Hamburger patty,Good,Matched reference source with all tracked nutrients available.,1.0,Reference evidence and completeness; not an accuracy percentage or guarantee for your meal.,
FC000358,,"Luncheon meat, cnd",Good,Matched reference source with all tracked nutrients available.,1.0,Reference evidence and completeness; not an accuracy percentage or guarantee for your meal.,
FC000359,,Meat loaf,Good,Matched reference source with all tracked nutrients available.,1.0,Reference evidence and completeness; not an accuracy percentage or guarantee for your meal.,
FC000360,,"Pork crackling, skin",Good,Matched reference source with all tracked nutrients available.,1.0,Reference evidence and completeness; not an accuracy percentage or guarantee for your meal.,
FC000361,,"Pork, sweet cured, Pampanga",Medium,Matched reference source; some tracked nutrients are unknown.,1.0,Reference evidence and completeness; not an accuracy percentage or guarantee for your meal.,sugar_g_100g;cholesterol_mg_100g
FC000362,,"Sausage, chorizo",Good,Matched reference source with all tracked nutrients available.,1.0,Reference evidence and completeness; not an accuracy percentage or guarantee for your meal.,
FC000363,,"Sausage, chorizo, Bilbao style",Medium,Matched reference source; some tracked nutrients are unknown.,1.0,Reference evidence and completeness; not an accuracy percentage or guarantee for your meal.,sugar_g_100g
FC000364,,"Sausage, hotdog",Good,Matched reference source with all tracked nutrients available.,1.0,Reference evidence and completeness; not an accuracy percentage or guarantee for your meal.,
FC000365,,"Sausage, hotdog, smoked",Good,Matched reference source with all tracked nutrients available.,1.0,Reference evidence and completeness; not an accuracy percentage or guarantee for your meal.,
FC000366,,"Sausage, hotdog, w/ cheese",Good,Matched reference source with all tracked nutrients available.,1.0,Reference evidence and completeness; not an accuracy percentage or guarantee for your meal.,
FC000367,,"Sausage, pork, Chinese",Good,Matched reference source with all tracked nutrients available.,1.0,Reference evidence and completeness; not an accuracy percentage or guarantee for your meal.,
FC000368,,"Sausage, Vienna",Good,Matched reference source with all tracked nutrients available.,1.0,Reference evidence and completeness; not an accuracy percentage or guarantee for your meal.,
FC000369,,"Pork, bbq",Medium,Matched reference source; some tracked nutrients are unknown.,1.0,Reference evidence and completeness; not an accuracy percentage or guarantee for your meal.,sugar_g_100g
FC000370,,"Beef chuck, lean, boiled",Good,Matched reference source with all tracked nutrients available.,1.0,Reference evidence and completeness; not an accuracy percentage or guarantee for your meal.,
FC000371,,"Beef lean meat, broiled",Good,Matched reference source with all tracked nutrients available.,1.0,Reference evidence and completeness; not an accuracy percentage or guarantee for your meal.,
FC000372,,"Beef liver, boiled",Medium,Matched reference source; some tracked nutrients are unknown.,1.0,Reference evidence and completeness; not an accuracy percentage or guarantee for your meal.,cholesterol_mg_100g
FC000373,,"Beef round, boiled",Good,Matched reference source with all tracked nutrients available.,1.0,Reference evidence and completeness; not an accuracy percentage or guarantee for your meal.,
FC000374,,"Beef round, broiled",Good,Matched reference source with all tracked nutrients available.,1.0,Reference evidence and completeness; not an accuracy percentage or guarantee for your meal.,
FC000375,,"Beef round, fried",Good,Matched reference source with all tracked nutrients available.,1.0,Reference evidence and completeness; not an accuracy percentage or guarantee for your meal.,
FC000376,,"Beef shank, boiled",Medium,Matched reference source; some tracked nutrients are unknown.,1.0,Reference evidence and completeness; not an accuracy percentage or guarantee for your meal.,cholesterol_mg_100g
FC000377,,"Beef sirloin, boiled",Good,Matched reference source with all tracked nutrients available.,1.0,Reference evidence and completeness; not an accuracy percentage or guarantee for your meal.,
FC000378,,"Beef sirloin, broiled",Good,Matched reference source with all tracked nutrients available.,1.0,Reference evidence and completeness; not an accuracy percentage or guarantee for your meal.,
FC000379,,"Beef sirloin, fried",Medium,Matched reference source; some tracked nutrients are unknown.,1.0,Reference evidence and completeness; not an accuracy percentage or guarantee for your meal.,cholesterol_mg_100g
FC000380,,"Beef tongue, boiled",Good,Matched reference source with all tracked nutrients available.,1.0,Reference evidence and completeness; not an accuracy percentage or guarantee for your meal.,
FC000381,,"Beef tripe, boiled",Good,Matched reference source with all tracked nutrients available.,1.0,Reference evidence and completeness; not an accuracy percentage or guarantee for your meal.,
FC000382,,"Chicken, white meat, boiled",Medium,Matched reference source; some tracked nutrients are unknown.,1.0,Reference evidence and completeness; not an accuracy percentage or guarantee for your meal.,cholesterol_mg_100g
FC000383,,"Chicken, white meat, fried",Good,Matched reference source with all tracked nutrients available.,1.0,Reference evidence and completeness; not an accuracy percentage or guarantee for your meal.,
FC000384,,"Pork belly, boiled",Good,Matched reference source with all tracked nutrients available.,1.0,Reference evidence and completeness; not an accuracy percentage or guarantee for your meal.,
FC000385,,"Pork Boston butt, boiled",Medium,Matched reference source; some tracked nutrients are unknown.,1.0,Reference evidence and completeness; not an accuracy percentage or guarantee for your meal.,cholesterol_mg_100g
FC000386,,"Pork Boston butt, broiled",Good,Matched reference source with all tracked nutrients available.,1.0,Reference evidence and completeness; not an accuracy percentage or guarantee for your meal.,
FC000387,,"Pork Boston butt, fried",Medium,Matched reference source; some tracked nutrients are unknown.,1.0,Reference evidence and completeness; not an accuracy percentage or guarantee for your meal.,cholesterol_mg_100g
FC000388,,"Pork Boston butt, lean, boiled",Medium,Matched reference source; some tracked nutrients are unknown.,1.0,Reference evidence and completeness; not an accuracy percentage or guarantee for your meal.,cholesterol_mg_100g
FC000389,,"Pork Boston butt, lean, broiled",Good,Matched reference source with all tracked nutrients available.,1.0,Reference evidence and completeness; not an accuracy percentage or guarantee for your meal.,
FC000390,,"Pork Boston butt, lean, fried",Medium,Matched reference source; some tracked nutrients are unknown.,1.0,Reference evidence and completeness; not an accuracy percentage or guarantee for your meal.,cholesterol_mg_100g
FC000391,,"Pork kidney, boiled",Medium,Matched reference source; some tracked nutrients are unknown.,1.0,Reference evidence and completeness; not an accuracy percentage or guarantee for your meal.,cholesterol_mg_100g
FC000392,,"Pork liver, boiled",Good,Matched reference source with all tracked nutrients available.,1.0,Reference evidence and completeness; not an accuracy percentage or guarantee for your meal.,
FC000393,,"Pork liver, broiled",Medium,Matched reference source; some tracked nutrients are unknown.,1.0,Reference evidence and completeness; not an accuracy percentage or guarantee for your meal.,cholesterol_mg_100g
FC000394,,"Pork liver, fried",Medium,Matched reference source; some tracked nutrients are unknown.,1.0,Reference evidence and completeness; not an accuracy percentage or guarantee for your meal.,cholesterol_mg_100g
FC000395,,"Pork picnic, boiled",Medium,Matched reference source; some tracked nutrients are unknown.,1.0,Reference evidence and completeness; not an accuracy percentage or guarantee for your meal.,cholesterol_mg_100g
FC000396,,"Pork back, seasoned, roasted, skin and visible fat removed",Good,Matched reference source with all tracked nutrients available.,1.0,Reference evidence and completeness; not an accuracy percentage or guarantee for your meal.,
FC000397,,Beef brisket,Good,Matched reference source with all tracked nutrients available.,1.0,Reference evidence and completeness; not an accuracy percentage or guarantee for your meal.,
FC000398,,Beef chuck,Good,Matched reference source with all tracked nutrients available.,1.0,Reference evidence and completeness; not an accuracy percentage or guarantee for your meal.,
FC000399,,Beef club steak,Medium,Matched reference source; some tracked nutrients are unknown.,1.0,Reference evidence and completeness; not an accuracy percentage or guarantee for your meal.,cholesterol_mg_100g
FC000400,,Beef flank,Good,Matched reference source with all tracked nutrients available.,1.0,Reference evidence and completeness; not an accuracy percentage or guarantee for your meal.,
FC000401,,Beef heart,Good,Matched reference source with all tracked nutrients available.,1.0,Reference evidence and completeness; not an accuracy percentage or guarantee for your meal.,
FC000402,,Beef kidney,Good,Matched reference source with all tracked nutrients available.,1.0,Reference evidence and completeness; not an accuracy percentage or guarantee for your meal.,
FC000403,,Beef plate,Good,Matched reference source with all tracked nutrients available.,1.0,Reference evidence and completeness; not an accuracy percentage or guarantee for your meal.,
FC000404,,Beef porterhouse steak,Medium,Matched reference source; some tracked nutrients are unknown.,1.0,Reference evidence and completeness; not an accuracy percentage or guarantee for your meal.,cholesterol_mg_100g
FC000405,,Beef rib roast,Good,Matched reference source with all tracked nutrients available.,1.0,Reference evidence and completeness; not an accuracy percentage or guarantee for your meal.,
FC000406,,Beef round,Good,Matched reference source with all tracked nutrients available.,1.0,Reference evidence and completeness; not an accuracy percentage or guarantee for your meal.,
FC000407,,Beef rump,Medium,Matched reference source; some tracked nutrients are unknown.,1.0,Reference evidence and completeness; not an accuracy percentage or guarantee for your meal.,cholesterol_mg_100g
FC000408,,Beef shank,Good,Matched reference source with all tracked nutrients available.,1.0,Reference evidence and completeness; not an accuracy percentage or guarantee for your meal.,
FC000409,,Beef short rib,Good,Matched reference source with all tracked nutrients available.,1.0,Reference evidence and completeness; not an accuracy percentage or guarantee for your meal.,
FC000410,,Beef sirloin,Good,Matched reference source with all tracked nutrients available.,1.0,Reference evidence and completeness; not an accuracy percentage or guarantee for your meal.,
FC000411,,Beef stomach,Good,Matched reference source with all tracked nutrients available.,1.0,Reference evidence and completeness; not an accuracy percentage or guarantee for your meal.,
FC000412,,Beef tail,Medium,Matched reference source; some tracked nutrients are unknown.,1.0,Reference evidence and completeness; not an accuracy percentage or guarantee for your meal.,cholesterol_mg_100g
FC000413,,Beef tenderloin,Good,Matched reference source with all tracked nutrients available.,1.0,Reference evidence and completeness; not an accuracy percentage or guarantee for your meal.,
FC000414,,Beef tongue,Good,Matched reference source with all tracked nutrients available.,1.0,Reference evidence and completeness; not an accuracy percentage or guarantee for your meal.,
FC000415,,Beef tripe,Good,Matched reference source with all tracked nutrients available.,1.0,Reference evidence and completeness; not an accuracy percentage or guarantee for your meal.,
FC000416,,Chicken back,Good,Matched reference source with all tracked nutrients available.,1.0,Reference evidence and completeness; not an accuracy percentage or guarantee for your meal.,
FC000417,,Chicken feet,Good,Matched reference source with all tracked nutrients available.,1.0,Reference evidence and completeness; not an accuracy percentage or guarantee for your meal.,
FC000418,,"Chicken feet, bbq",Medium,Matched reference source; some tracked nutrients are unknown.,1.0,Reference evidence and completeness; not an accuracy percentage or guarantee for your meal.,cholesterol_mg_100g
FC000419,,Chicken gizzard,Good,Matched reference source with all tracked nutrients available.,1.0,Reference evidence and completeness; not an accuracy percentage or guarantee for your meal.,
FC000420,,Chicken heart,Good,Matched reference source with all tracked nutrients available.,1.0,Reference evidence and completeness; not an accuracy percentage or guarantee for your meal.,
FC000421,,Chicken neck,Good,Matched reference source with all tracked nutrients available.,1.0,Reference evidence and completeness; not an accuracy percentage or guarantee for your meal.,
FC000422,,Chicken thigh & leg,Good,Matched reference source with all tracked nutrients available.,1.0,Reference evidence and completeness; not an accuracy percentage or guarantee for your meal.,
FC000423,,Chicken white meat,Good,Matched reference source with all tracked nutrients available.,1.0,Reference evidence and completeness; not an accuracy percentage or guarantee for your meal.,
FC000424,,Pork back fat,Medium,Matched reference source; some tracked nutrients are unknown.,1.0,Reference evidence and completeness; not an accuracy percentage or guarantee for your meal.,cholesterol_mg_100g
FC000425,,Pork center loin,Medium,Matched reference source; some tracked nutrients are unknown.,1.0,Reference evidence and completeness; not an accuracy percentage or guarantee for your meal.,cholesterol_mg_100g
FC000426,,Pork chop,Good,Matched reference source with all tracked nutrients available.,1.0,Reference evidence and completeness; not an accuracy percentage or guarantee for your meal.,
FC000427,,Pork ear,Good,Matched reference source with all tracked nutrients available.,1.0,Reference evidence and completeness; not an accuracy percentage or guarantee for your meal.,
FC000428,,"Pork ear, bbq",Good,Matched reference source with all tracked nutrients available.,1.0,Reference evidence and completeness; not an accuracy percentage or guarantee for your meal.,
FC000429,,Pork ham,Good,Matched reference source with all tracked nutrients available.,1.0,Reference evidence and completeness; not an accuracy percentage or guarantee for your meal.,
FC000430,,Pork heart,Good,Matched reference source with all tracked nutrients available.,1.0,Reference evidence and completeness; not an accuracy percentage or guarantee for your meal.,
FC000431,,Pork kidney,Good,Matched reference source with all tracked nutrients available.,1.0,Reference evidence and completeness; not an accuracy percentage or guarantee for your meal.,
FC000432,,Pork leg,Good,Matched reference source with all tracked nutrients available.,1.0,Reference evidence and completeness; not an accuracy percentage or guarantee for your meal.,
FC000433,,Pork picnic,Medium,Matched reference source; some tracked nutrients are unknown.,1.0,Reference evidence and completeness; not an accuracy percentage or guarantee for your meal.,cholesterol_mg_100g
FC000434,,Pork spare rib,Good,Matched reference source with all tracked nutrients available.,1.0,Reference evidence and completeness; not an accuracy percentage or guarantee for your meal.,
FC000435,,Pork stomach,Good,Matched reference source with all tracked nutrients available.,1.0,Reference evidence and completeness; not an accuracy percentage or guarantee for your meal.,
FC000436,,Pork tail,Good,Matched reference source with all tracked nutrients available.,1.0,Reference evidence and completeness; not an accuracy percentage or guarantee for your meal.,
FC000437,,Pork tenderloin,Medium,Matched reference source; some tracked nutrients are unknown.,1.0,Reference evidence and completeness; not an accuracy percentage or guarantee for your meal.,cholesterol_mg_100g
FC000438,,"Egg, quail, boiled",Good,Matched reference source with all tracked nutrients available.,1.0,Reference evidence and completeness; not an accuracy percentage or guarantee for your meal.,
FC000439,,"Egg, duck, fertilized, boiled",Good,Matched reference source with all tracked nutrients available.,1.0,Reference evidence and completeness; not an accuracy percentage or guarantee for your meal.,
FC000440,,"Egg, duck, infertile, boiled",Good,Matched reference source with all tracked nutrients available.,1.0,Reference evidence and completeness; not an accuracy percentage or guarantee for your meal.,
FC000441,,"Egg, chicken, white",Good,Matched reference source with all tracked nutrients available.,1.0,Reference evidence and completeness; not an accuracy percentage or guarantee for your meal.,
FC000442,,"Egg, chicken, yolk",Good,Matched reference source with all tracked nutrients available.,1.0,Reference evidence and completeness; not an accuracy percentage or guarantee for your meal.,
FC000443,,"Egg, quail",Good,Matched reference source with all tracked nutrients available.,1.0,Reference evidence and completeness; not an accuracy percentage or guarantee for your meal.,
FC000444,,"Egg, duck, century",Good,Matched reference source with all tracked nutrients available.,1.0,Reference evidence and completeness; not an accuracy percentage or guarantee for your meal.,
FC000445,,"Egg, duck, whole, salted",Good,Matched reference source with all tracked nutrients available.,1.0,Reference evidence and completeness; not an accuracy percentage or guarantee for your meal.,
FC000446,,"Egg, duck, white",Good,Matched reference source with all tracked nutrients available.,1.0,Reference evidence and completeness; not an accuracy percentage or guarantee for your meal.,
FC000447,,"Egg, duck, yolk",Good,Matched reference source with all tracked nutrients available.,1.0,Reference evidence and completeness; not an accuracy percentage or guarantee for your meal.,
FC000448,,"Clam, halaan, boiled",Medium,Matched reference source; some tracked nutrients are unknown.,1.0,Reference evidence and completeness; not an accuracy percentage or guarantee for your meal.,sodium_mg_100g
FC000449,,"Crab, blue swimming, w/o fat, boiled",Good,Matched reference source with all tracked nutrients available.,1.0,Reference evidence and completeness; not an accuracy percentage or guarantee for your meal.,
FC000450,,"Crab, mud/mangrove, w/o fat, boiled",Medium,Matched reference source; some tracked nutrients are unknown.,1.0,Reference evidence and completeness; not an accuracy percentage or guarantee for your meal.,cholesterol_mg_100g
FC000451,,"Mackerel, short-bodied, fried",Medium,Matched reference source; some tracked nutrients are unknown.,1.0,Reference evidence and completeness; not an accuracy percentage or guarantee for your meal.,cholesterol_mg_100g
FC000452,,"Milkfish, fried",Medium,Matched reference source; some tracked nutrients are unknown.,1.0,Reference evidence and completeness; not an accuracy percentage or guarantee for your meal.,cholesterol_mg_100g
FC000453,,"Mussel, green, boiled",Medium,Matched reference source; some tracked nutrients are unknown.,1.0,Reference evidence and completeness; not an accuracy percentage or guarantee for your meal.,cholesterol_mg_100g
FC000454,,"Shrimp, banana prawn, boiled",Medium,Matched reference source; some tracked nutrients are unknown.,1.0,Reference evidence and completeness; not an accuracy percentage or guarantee for your meal.,cholesterol_mg_100g
FC000455,,"Shrimp, greasy back, boiled",Medium,Matched reference source; some tracked nutrients are unknown.,1.0,Reference evidence and completeness; not an accuracy percentage or guarantee for your meal.,cholesterol_mg_100g
FC000456,,"Squid, boiled",Medium,Matched reference source; some tracked nutrients are unknown.,1.0,Reference evidence and completeness; not an accuracy percentage or guarantee for your meal.,cholesterol_mg_100g
FC000457,,"Fish ball, fried",Good,Matched reference source with all tracked nutrients available.,1.0,Reference evidence and completeness; not an accuracy percentage or guarantee for your meal.,
FC000458,,"Catfish, freshwater",Good,Matched reference source with all tracked nutrients available.,1.0,Reference evidence and completeness; not an accuracy percentage or guarantee for your meal.,
FC000459,,"Catfish, saltwater",Good,Matched reference source with all tracked nutrients available.,1.0,Reference evidence and completeness; not an accuracy percentage or guarantee for your meal.,
FC000460,,"Clam, halaan",Good,Matched reference source with all tracked nutrients available.,1.0,Reference evidence and completeness; not an accuracy percentage or guarantee for your meal.,
FC000461,,"Grouper, whitespotted",Medium,Matched reference source; some tracked nutrients are unknown.,1.0,Reference evidence and completeness; not an accuracy percentage or guarantee for your meal.,cholesterol_mg_100g
FC000462,,"Mackerel, short-bodied",Medium,Matched reference source; some tracked nutrients are unknown.,1.0,Reference evidence and completeness; not an accuracy percentage or guarantee for your meal.,cholesterol_mg_100g
FC000463,,"Mackerel, Spanish",Medium,Matched reference source; some tracked nutrients are unknown.,1.0,Reference evidence and completeness; not an accuracy percentage or guarantee for your meal.,cholesterol_mg_100g
FC000464,,Oyster,Good,Matched reference source with all tracked nutrients available.,1.0,Reference evidence and completeness; not an accuracy percentage or guarantee for your meal.,
FC000465,,Red snapper/Malabar,Medium,Matched reference source; some tracked nutrients are unknown.,1.0,Reference evidence and completeness; not an accuracy percentage or guarantee for your meal.,cholesterol_mg_100g
FC000466,,"Sardine, bombon",Good,Matched reference source with all tracked nutrients available.,1.0,Reference evidence and completeness; not an accuracy percentage or guarantee for your meal.,
FC000467,,"Scad, big-eye",Good,Matched reference source with all tracked nutrients available.,1.0,Reference evidence and completeness; not an accuracy percentage or guarantee for your meal.,
FC000468,,Sea bass,Medium,Matched reference source; some tracked nutrients are unknown.,1.0,Reference evidence and completeness; not an accuracy percentage or guarantee for your meal.,cholesterol_mg_100g
FC000469,,"Shrimp, freshwater",Medium,Matched reference source; some tracked nutrients are unknown.,1.0,Reference evidence and completeness; not an accuracy percentage or guarantee for your meal.,cholesterol_mg_100g
FC000470,,"Tuna, frigate",Medium,Matched reference source; some tracked nutrients are unknown.,1.0,Reference evidence and completeness; not an accuracy percentage or guarantee for your meal.,cholesterol_mg_100g
FC000471,,Fish ball,Medium,Matched reference source; some tracked nutrients are unknown.,1.0,Reference evidence and completeness; not an accuracy percentage or guarantee for your meal.,cholesterol_mg_100g
FC000472,,"Fish preparation, quekiam",Medium,Matched reference source; some tracked nutrients are unknown.,1.0,Reference evidence and completeness; not an accuracy percentage or guarantee for your meal.,fiber_g_100g;sugar_g_100g;sodium_mg_100g;cholesterol_mg_100g
FC000473,,"Milkfish, smoked",Good,Matched reference source with all tracked nutrients available.,1.0,Reference evidence and completeness; not an accuracy percentage or guarantee for your meal.,
FC000474,,"Scad, round, dried",Good,Matched reference source with all tracked nutrients available.,1.0,Reference evidence and completeness; not an accuracy percentage or guarantee for your meal.,
FC000475,,"Scad, round, smoked",Good,Matched reference source with all tracked nutrients available.,1.0,Reference evidence and completeness; not an accuracy percentage or guarantee for your meal.,
FC000476,,"Squid, dried",Medium,Matched reference source; some tracked nutrients are unknown.,1.0,Reference evidence and completeness; not an accuracy percentage or guarantee for your meal.,cholesterol_mg_100g
FC000477,,"Tilapia, dried",Good,Matched reference source with all tracked nutrients available.,1.0,Reference evidence and completeness; not an accuracy percentage or guarantee for your meal.,
FC000478,,"Tuna flakes, in brine, cnd",Good,Matched reference source with all tracked nutrients available.,1.0,Reference evidence and completeness; not an accuracy percentage or guarantee for your meal.,
FC000479,,"Tuna flakes, in veg oil, cnd",Good,Matched reference source with all tracked nutrients available.,1.0,Reference evidence and completeness; not an accuracy percentage or guarantee for your meal.,
FC000480,,"Mudfish/Murrel, striated, boiled",Medium,Matched reference source; some tracked nutrients are unknown.,1.0,Reference evidence and completeness; not an accuracy percentage or guarantee for your meal.,cholesterol_mg_100g
FC000481,,"Mudfish/Murrel, striated",Medium,Matched reference source; some tracked nutrients are unknown.,1.0,Reference evidence and completeness; not an accuracy percentage or guarantee for your meal.,cholesterol_mg_100g
FC000482,,Octopus,Good,Matched reference source with all tracked nutrients available.,1.0,Reference evidence and completeness; not an accuracy percentage or guarantee for your meal.,
FC000483,,"Pomfret, black",Good,Matched reference source with all tracked nutrients available.,1.0,Reference evidence and completeness; not an accuracy percentage or guarantee for your meal.,
FC000484,,Swordfish,Good,Matched reference source with all tracked nutrients available.,1.0,Reference evidence and completeness; not an accuracy percentage or guarantee for your meal.,
FC000485,,"Clam, freshwater, tulya, boiled",Good,Matched reference source with all tracked nutrients available.,1.0,Reference evidence and completeness; not an accuracy percentage or guarantee for your meal.,
FC000486,,"Clam, imbao, boiled",Medium,Matched reference source; some tracked nutrients are unknown.,1.0,Reference evidence and completeness; not an accuracy percentage or guarantee for your meal.,sodium_mg_100g
FC000487,,"Anchovy, Indian (adult)",Medium,Matched reference source; some tracked nutrients are unknown.,1.0,Reference evidence and completeness; not an accuracy percentage or guarantee for your meal.,cholesterol_mg_100g
FC000488,,"Anchovy, long-jawed, whole",Good,Matched reference source with all tracked nutrients available.,1.0,Reference evidence and completeness; not an accuracy percentage or guarantee for your meal.,
FC000489,,"Clam, freshwater, tulya",Good,Matched reference source with all tracked nutrients available.,1.0,Reference evidence and completeness; not an accuracy percentage or guarantee for your meal.,
FC000490,,"Clam, imbao",Good,Matched reference source with all tracked nutrients available.,1.0,Reference evidence and completeness; not an accuracy percentage or guarantee for your meal.,
FC000491,,"Crab, blue swimming, fat",Medium,Matched reference source; some tracked nutrients are unknown.,1.0,Reference evidence and completeness; not an accuracy percentage or guarantee for your meal.,cholesterol_mg_100g
FC000492,,"Crab, mud/mangrove, fat",Medium,Matched reference source; some tracked nutrients are unknown.,1.0,Reference evidence and completeness; not an accuracy percentage or guarantee for your meal.,cholesterol_mg_100g
FC000493,,"Crab, shore",Medium,Matched reference source; some tracked nutrients are unknown.,1.0,Reference evidence and completeness; not an accuracy percentage or guarantee for your meal.,cholesterol_mg_100g
FC000494,,"Oyster, window pane, meat",Good,Matched reference source with all tracked nutrients available.,1.0,Reference evidence and completeness; not an accuracy percentage or guarantee for your meal.,
FC000495,,"Sardine, fimbriated",Good,Matched reference source with all tracked nutrients available.,1.0,Reference evidence and completeness; not an accuracy percentage or guarantee for your meal.,
FC000496,,"Sardine, fimbriated, fry",Good,Matched reference source with all tracked nutrients available.,1.0,Reference evidence and completeness; not an accuracy percentage or guarantee for your meal.,
FC000497,,"Shrimp, freshwater (small)",Medium,Matched reference source; some tracked nutrients are unknown.,1.0,Reference evidence and completeness; not an accuracy percentage or guarantee for your meal.,cholesterol_mg_100g
FC000498,,"Shrimp, sergestid",Medium,Matched reference source; some tracked nutrients are unknown.,1.0,Reference evidence and completeness; not an accuracy percentage or guarantee for your meal.,cholesterol_mg_100g
FC000499,,"Anchovy, long-jawed, dried, ground",Medium,Matched reference source; some tracked nutrients are unknown.,1.0,Reference evidence and completeness; not an accuracy percentage or guarantee for your meal.,sodium_mg_100g
FC000500,,"Catfish, freshwater, dried",Medium,Matched reference source; some tracked nutrients are unknown.,1.0,Reference evidence and completeness; not an accuracy percentage or guarantee for your meal.,cholesterol_mg_100g
FC000501,,"Catfish, saltwater, dried",Good,Matched reference source with all tracked nutrients available.,1.0,Reference evidence and completeness; not an accuracy percentage or guarantee for your meal.,
FC000502,,"Crab, mud/mangrove, meat, cnd",Good,Matched reference source with all tracked nutrients available.,1.0,Reference evidence and completeness; not an accuracy percentage or guarantee for your meal.,
FC000503,,"Grouper, whitespotted, dried",Good,Matched reference source with all tracked nutrients available.,1.0,Reference evidence and completeness; not an accuracy percentage or guarantee for your meal.,
FC000504,,"Mackerel scad, in tomato sce, cnd",Good,Matched reference source with all tracked nutrients available.,1.0,Reference evidence and completeness; not an accuracy percentage or guarantee for your meal.,
FC000505,,"Mackerel, short-bodied, dried",Good,Matched reference source with all tracked nutrients available.,1.0,Reference evidence and completeness; not an accuracy percentage or guarantee for your meal.,
FC000506,,"Mackerel, short-bodied, smoked",Medium,Matched reference source; some tracked nutrients are unknown.,1.0,Reference evidence and completeness; not an accuracy percentage or guarantee for your meal.,cholesterol_mg_100g
FC000507,,"Mackerel, Spanish, dried",Good,Matched reference source with all tracked nutrients available.,1.0,Reference evidence and completeness; not an accuracy percentage or guarantee for your meal.,
FC000508,,"Mackerel, Indian, dried",Good,Matched reference source with all tracked nutrients available.,1.0,Reference evidence and completeness; not an accuracy percentage or guarantee for your meal.,
FC000509,,"Mackerel, Indian, in tomato sce",Medium,Matched reference source; some tracked nutrients are unknown.,1.0,Reference evidence and completeness; not an accuracy percentage or guarantee for your meal.,sugar_g_100g
FC000510,,"Milkfish, in natural oil, cnd",Medium,Matched reference source; some tracked nutrients are unknown.,1.0,Reference evidence and completeness; not an accuracy percentage or guarantee for your meal.,cholesterol_mg_100g
FC000511,,"Milkfish, in spiced oil, cnd",Good,Matched reference source with all tracked nutrients available.,1.0,Reference evidence and completeness; not an accuracy percentage or guarantee for your meal.,
FC000512,,"Oyster, dried",Medium,Matched reference source; some tracked nutrients are unknown.,1.0,Reference evidence and completeness; not an accuracy percentage or guarantee for your meal.,cholesterol_mg_100g
FC000513,,"Red snapper/Malabar, dried",Good,Matched reference source with all tracked nutrients available.,1.0,Reference evidence and completeness; not an accuracy percentage or guarantee for your meal.,
FC000514,,"Sardine, bombon, dried",Good,Matched reference source with all tracked nutrients available.,1.0,Reference evidence and completeness; not an accuracy percentage or guarantee for your meal.,
FC000515,,"Sardine, bombon, smoked",Good,Matched reference source with all tracked nutrients available.,1.0,Reference evidence and completeness; not an accuracy percentage or guarantee for your meal.,
FC000516,,"Sardine, fimbriated, smoked",Good,Matched reference source with all tracked nutrients available.,1.0,Reference evidence and completeness; not an accuracy percentage or guarantee for your meal.,
FC000517,,"Sardine, Indian, smoked",Good,Matched reference source with all tracked nutrients available.,1.0,Reference evidence and completeness; not an accuracy percentage or guarantee for your meal.,
FC000518,,"Sardines, smoked, cnd",Medium,Matched reference source; some tracked nutrients are unknown.,1.0,Reference evidence and completeness; not an accuracy percentage or guarantee for your meal.,cholesterol_mg_100g
FC000519,,"Scad, big-eye, dried",Good,Matched reference source with all tracked nutrients available.,1.0,Reference evidence and completeness; not an accuracy percentage or guarantee for your meal.,
FC000520,,"Scad, big-eye, smoked",Good,Matched reference source with all tracked nutrients available.,1.0,Reference evidence and completeness; not an accuracy percentage or guarantee for your meal.,
FC000521,,"Sea bass, dried",Good,Matched reference source with all tracked nutrients available.,1.0,Reference evidence and completeness; not an accuracy percentage or guarantee for your meal.,
FC000522,,"Shrimp, freshwater (small), dried",Good,Matched reference source with all tracked nutrients available.,1.0,Reference evidence and completeness; not an accuracy percentage or guarantee for your meal.,
FC000523,,"Shrimp, sergestid, dried",Good,Matched reference source with all tracked nutrients available.,1.0,Reference evidence and completeness; not an accuracy percentage or guarantee for your meal.,
FC000524,,"Shrimp, small marine, dried",Good,Matched reference source with all tracked nutrients available.,1.0,Reference evidence and completeness; not an accuracy percentage or guarantee for your meal.,
FC000525,,"Tuna adobo, cnd",Good,Matched reference source with all tracked nutrients available.,1.0,Reference evidence and completeness; not an accuracy percentage or guarantee for your meal.,
FC000526,,"Tuna fillet, in soya oil, cnd",Good,Matched reference source with all tracked nutrients available.,1.0,Reference evidence and completeness; not an accuracy percentage or guarantee for your meal.,
FC000527,,"Tuna fillet, in veg oil, cnd",Good,Matched reference source with all tracked nutrients available.,1.0,Reference evidence and completeness; not an accuracy percentage or guarantee for your meal.,
FC000528,,"Tuna mechado, cnd",Good,Matched reference source with all tracked nutrients available.,1.0,Reference evidence and completeness; not an accuracy percentage or guarantee for your meal.,
FC000529,,"Tuna sardines, in oil, cnd",Good,Matched reference source with all tracked nutrients available.,1.0,Reference evidence and completeness; not an accuracy percentage or guarantee for your meal.,
FC000530,,"Tuna, frigate, dried",Good,Matched reference source with all tracked nutrients available.,1.0,Reference evidence and completeness; not an accuracy percentage or guarantee for your meal.,
FC000531,,"Tuna, yellow-fin, dried",Good,Matched reference source with all tracked nutrients available.,1.0,Reference evidence and completeness; not an accuracy percentage or guarantee for your meal.,
FC000532,,"Anchovy, long-jawed, w/o head",Medium,Matched reference source; some tracked nutrients are unknown.,1.0,Reference evidence and completeness; not an accuracy percentage or guarantee for your meal.,cholesterol_mg_100g
FC000533,,"Sea catfish, smooth-headed",Medium,Matched reference source; some tracked nutrients are unknown.,1.0,Reference evidence and completeness; not an accuracy percentage or guarantee for your meal.,cholesterol_mg_100g
FC000534,,"Shrimp, giant tiger prawn, head",Medium,Matched reference source; some tracked nutrients are unknown.,1.0,Reference evidence and completeness; not an accuracy percentage or guarantee for your meal.,cholesterol_mg_100g
FC000535,,"Cavalla, banded, fried",Medium,Matched reference source; some tracked nutrients are unknown.,1.0,Reference evidence and completeness; not an accuracy percentage or guarantee for your meal.,cholesterol_mg_100g
FC000536,,"Cavalla, banded, steamed",Medium,Matched reference source; some tracked nutrients are unknown.,1.0,Reference evidence and completeness; not an accuracy percentage or guarantee for your meal.,cholesterol_mg_100g
FC000537,,Abalone,Good,Matched reference source with all tracked nutrients available.,1.0,Reference evidence and completeness; not an accuracy percentage or guarantee for your meal.,
FC000538,,Abalone juice,Medium,Matched reference source; some tracked nutrients are unknown.,1.0,Reference evidence and completeness; not an accuracy percentage or guarantee for your meal.,cholesterol_mg_100g
FC000539,,Amber fish,Medium,Matched reference source; some tracked nutrients are unknown.,1.0,Reference evidence and completeness; not an accuracy percentage or guarantee for your meal.,cholesterol_mg_100g
FC000540,,Sinarapan,Good,Matched reference source with all tracked nutrients available.,1.0,Reference evidence and completeness; not an accuracy percentage or guarantee for your meal.,
FC000541,,"Barracuda, striped",Medium,Matched reference source; some tracked nutrients are unknown.,1.0,Reference evidence and completeness; not an accuracy percentage or guarantee for your meal.,fiber_g_100g;sugar_g_100g;cholesterol_mg_100g
FC000542,,"Butterfly fish, threadfin",Medium,Matched reference source; some tracked nutrients are unknown.,1.0,Reference evidence and completeness; not an accuracy percentage or guarantee for your meal.,fiber_g_100g;sugar_g_100g;sodium_mg_100g;cholesterol_mg_100g
FC000543,,"Fusilier, goldband",Medium,Matched reference source; some tracked nutrients are unknown.,1.0,Reference evidence and completeness; not an accuracy percentage or guarantee for your meal.,cholesterol_mg_100g
FC000544,,Cardinal fish,Medium,Matched reference source; some tracked nutrients are unknown.,1.0,Reference evidence and completeness; not an accuracy percentage or guarantee for your meal.,fiber_g_100g;sugar_g_100g;sodium_mg_100g;cholesterol_mg_100g
FC000545,,Carp,Medium,Matched reference source; some tracked nutrients are unknown.,1.0,Reference evidence and completeness; not an accuracy percentage or guarantee for your meal.,cholesterol_mg_100g
FC000546,,"Cavalla, banded",Good,Matched reference source with all tracked nutrients available.,1.0,Reference evidence and completeness; not an accuracy percentage or guarantee for your meal.,
FC000547,,"Clam, bilakong",Good,Matched reference source with all tracked nutrients available.,1.0,Reference evidence and completeness; not an accuracy percentage or guarantee for your meal.,
FC000548,,"Tamarind, unripe, boiled",Medium,Matched reference source; some tracked nutrients are unknown.,1.0,Reference evidence and completeness; not an accuracy percentage or guarantee for your meal.,fiber_g_100g;sugar_g_100g;sodium_mg_100g
FC000549,,"Banana, saba, w/ sugar, fried",Good,Matched reference source with all tracked nutrients available.,1.0,Reference evidence and completeness; not an accuracy percentage or guarantee for your meal.,
FC000550,,"Banana, saba, w/ sugar, wrapped, fried",Good,Matched reference source with all tracked nutrients available.,1.0,Reference evidence and completeness; not an accuracy percentage or guarantee for your meal.,
FC000551,,"Apple, green",Good,Matched reference source with all tracked nutrients available.,1.0,Reference evidence and completeness; not an accuracy percentage or guarantee for your meal.,
FC000552,,"Apple, red",Good,Matched reference source with all tracked nutrients available.,1.0,Reference evidence and completeness; not an accuracy percentage or guarantee for your meal.,
FC000553,,"Banana, bungulan",Good,Matched reference source with all tracked nutrients available.,1.0,Reference evidence and completeness; not an accuracy percentage or guarantee for your meal.,
FC000554,,"Banana, butuan",Good,Matched reference source with all tracked nutrients available.,1.0,Reference evidence and completeness; not an accuracy percentage or guarantee for your meal.,
FC000555,,"Banana, cavendish, ripe",Good,Matched reference source with all tracked nutrients available.,1.0,Reference evidence and completeness; not an accuracy percentage or guarantee for your meal.,
FC000556,,"Banana, cavendish, unripe",Good,Matched reference source with all tracked nutrients available.,1.0,Reference evidence and completeness; not an accuracy percentage or guarantee for your meal.,
FC000557,,"Banana, gloria",Good,Matched reference source with all tracked nutrients available.,1.0,Reference evidence and completeness; not an accuracy percentage or guarantee for your meal.,
FC000558,,"Banana, murado",Good,Matched reference source with all tracked nutrients available.,1.0,Reference evidence and completeness; not an accuracy percentage or guarantee for your meal.,
FC000559,,"Banana, ternate",Good,Matched reference source with all tracked nutrients available.,1.0,Reference evidence and completeness; not an accuracy percentage or guarantee for your meal.,
FC000560,,"Banana, tuldok",Good,Matched reference source with all tracked nutrients available.,1.0,Reference evidence and completeness; not an accuracy percentage or guarantee for your meal.,
FC000561,,Java apple,Good,Matched reference source with all tracked nutrients available.,1.0,Reference evidence and completeness; not an accuracy percentage or guarantee for your meal.,
FC000562,,Custard apple,Good,Matched reference source with all tracked nutrients available.,1.0,Reference evidence and completeness; not an accuracy percentage or guarantee for your meal.,
FC000563,,Velvet apple,Good,Matched reference source with all tracked nutrients available.,1.0,Reference evidence and completeness; not an accuracy percentage or guarantee for your meal.,
FC000564,,Grape,Good,Matched reference source with all tracked nutrients available.,1.0,Reference evidence and completeness; not an accuracy percentage or guarantee for your meal.,
FC000565,,Jackfruit,Good,Matched reference source with all tracked nutrients available.,1.0,Reference evidence and completeness; not an accuracy percentage or guarantee for your meal.,
FC000566,,Lanzon,Medium,Matched reference source; some tracked nutrients are unknown.,1.0,Reference evidence and completeness; not an accuracy percentage or guarantee for your meal.,sugar_g_100g
FC000567,,Lychee/Litchi,Good,Matched reference source with all tracked nutrients available.,1.0,Reference evidence and completeness; not an accuracy percentage or guarantee for your meal.,
FC000568,,Malay apple,Good,Matched reference source with all tracked nutrients available.,1.0,Reference evidence and completeness; not an accuracy percentage or guarantee for your meal.,
FC000569,,"Mango, Indian, unripe",Good,Matched reference source with all tracked nutrients available.,1.0,Reference evidence and completeness; not an accuracy percentage or guarantee for your meal.,
FC000570,,"Mango, Manila super, medium ripe",Good,Matched reference source with all tracked nutrients available.,1.0,Reference evidence and completeness; not an accuracy percentage or guarantee for your meal.,
FC000571,,"Mango, Manila super, unripe",Good,Matched reference source with all tracked nutrients available.,1.0,Reference evidence and completeness; not an accuracy percentage or guarantee for your meal.,
FC000572,,"Mango, paho, unripe",Good,Matched reference source with all tracked nutrients available.,1.0,Reference evidence and completeness; not an accuracy percentage or guarantee for your meal.,
FC000573,,"Mango, piko, medium ripe",Good,Matched reference source with all tracked nutrients available.,1.0,Reference evidence and completeness; not an accuracy percentage or guarantee for your meal.,
FC000574,,"Mango, piko, unripe",Good,Matched reference source with all tracked nutrients available.,1.0,Reference evidence and completeness; not an accuracy percentage or guarantee for your meal.,
FC000575,,Mangosteen,Medium,Matched reference source; some tracked nutrients are unknown.,1.0,Reference evidence and completeness; not an accuracy percentage or guarantee for your meal.,sugar_g_100g
FC000576,,Melon,Good,Matched reference source with all tracked nutrients available.,1.0,Reference evidence and completeness; not an accuracy percentage or guarantee for your meal.,
FC000577,,"Melon, honey dew",Good,Matched reference source with all tracked nutrients available.,1.0,Reference evidence and completeness; not an accuracy percentage or guarantee for your meal.,
FC000578,,"Orange, Ladu",Good,Matched reference source with all tracked nutrients available.,1.0,Reference evidence and completeness; not an accuracy percentage or guarantee for your meal.,
FC000579,,"Orange, Szinkom",Good,Matched reference source with all tracked nutrients available.,1.0,Reference evidence and completeness; not an accuracy percentage or guarantee for your meal.,
FC000580,,"Papaya fruit, medium ripe",Good,Matched reference source with all tracked nutrients available.,1.0,Reference evidence and completeness; not an accuracy percentage or guarantee for your meal.,
FC000581,,Pear,Good,Matched reference source with all tracked nutrients available.,1.0,Reference evidence and completeness; not an accuracy percentage or guarantee for your meal.,
FC000582,,Rambutan,Medium,Matched reference source; some tracked nutrients are unknown.,1.0,Reference evidence and completeness; not an accuracy percentage or guarantee for your meal.,sugar_g_100g
FC000583,,Santol,Good,Matched reference source with all tracked nutrients available.,1.0,Reference evidence and completeness; not an accuracy percentage or guarantee for your meal.,
FC000584,,Stinking passion flower fruit,Good,Matched reference source with all tracked nutrients available.,1.0,Reference evidence and completeness; not an accuracy percentage or guarantee for your meal.,
FC000585,,Stinking passion flower juice,Medium,Matched reference source; some tracked nutrients are unknown.,1.0,Reference evidence and completeness; not an accuracy percentage or guarantee for your meal.,sugar_g_100g
FC000586,,Soursop,Good,Matched reference source with all tracked nutrients available.,1.0,Reference evidence and completeness; not an accuracy percentage or guarantee for your meal.,
FC000587,,"Star apple, green",Good,Matched reference source with all tracked nutrients available.,1.0,Reference evidence and completeness; not an accuracy percentage or guarantee for your meal.,
FC000588,,"Star apple, purple",Good,Matched reference source with all tracked nutrients available.,1.0,Reference evidence and completeness; not an accuracy percentage or guarantee for your meal.,
FC000589,,Strawberry,Good,Matched reference source with all tracked nutrients available.,1.0,Reference evidence and completeness; not an accuracy percentage or guarantee for your meal.,
FC000590,,Sugar apple/Sweetsop,Good,Matched reference source with all tracked nutrients available.,1.0,Reference evidence and completeness; not an accuracy percentage or guarantee for your meal.,
FC000591,,"Tamarind, ripe",Good,Matched reference source with all tracked nutrients available.,1.0,Reference evidence and completeness; not an accuracy percentage or guarantee for your meal.,
FC000592,,"Tamarind, unripe",Medium,Matched reference source; some tracked nutrients are unknown.,1.0,Reference evidence and completeness; not an accuracy percentage or guarantee for your meal.,fiber_g_100g;sugar_g_100g
FC000593,,"Cheese, cheddar, pasteurized, processed",Good,Matched reference source with all tracked nutrients available.,1.0,Reference evidence and completeness; not an accuracy percentage or guarantee for your meal.,
FC000594,,"Cheese, cottage",Good,Matched reference source with all tracked nutrients available.,1.0,Reference evidence and completeness; not an accuracy percentage or guarantee for your meal.,
FC000595,,"Cheese, filled",Good,Matched reference source with all tracked nutrients available.,1.0,Reference evidence and completeness; not an accuracy percentage or guarantee for your meal.,
FC000596,,"Cheese, native",Medium,Matched reference source; some tracked nutrients are unknown.,1.0,Reference evidence and completeness; not an accuracy percentage or guarantee for your meal.,sugar_g_100g;cholesterol_mg_100g
FC000597,,"Cheese, pimiento",Good,Matched reference source with all tracked nutrients available.,1.0,Reference evidence and completeness; not an accuracy percentage or guarantee for your meal.,
FC000598,,"Cheese, spread",Good,Matched reference source with all tracked nutrients available.,1.0,Reference evidence and completeness; not an accuracy percentage or guarantee for your meal.,
FC000599,,Cream,Medium,Matched reference source; some tracked nutrients are unknown.,1.0,Reference evidence and completeness; not an accuracy percentage or guarantee for your meal.,cholesterol_mg_100g
FC000600,,Ice cream,Good,Matched reference source with all tracked nutrients available.,1.0,Reference evidence and completeness; not an accuracy percentage or guarantee for your meal.,
FC000601,,"Ice cream, strawberry flavor",Good,Matched reference source with all tracked nutrients available.,1.0,Reference evidence and completeness; not an accuracy percentage or guarantee for your meal.,
FC000602,,"Milk drink, cultured",Good,Matched reference source with all tracked nutrients available.,1.0,Reference evidence and completeness; not an accuracy percentage or guarantee for your meal.,
FC000603,,"Milk, evaporated, filled",Good,Matched reference source with all tracked nutrients available.,1.0,Reference evidence and completeness; not an accuracy percentage or guarantee for your meal.,
FC000604,,"Milk, recombined",Medium,Matched reference source; some tracked nutrients are unknown.,1.0,Reference evidence and completeness; not an accuracy percentage or guarantee for your meal.,sugar_g_100g
FC000605,,"Milk, sweetened, condensed, filled",Good,Matched reference source with all tracked nutrients available.,1.0,Reference evidence and completeness; not an accuracy percentage or guarantee for your meal.,
FC000606,,"Milk drink, reconstituted, strawberry, UHT",Good,Matched reference source with all tracked nutrients available.,1.0,Reference evidence and completeness; not an accuracy percentage or guarantee for your meal.,
FC000607,,"Milk, buttermilk",Good,Matched reference source with all tracked nutrients available.,1.0,Reference evidence and completeness; not an accuracy percentage or guarantee for your meal.,
FC000608,,"Catsup, banana",Good,Matched reference source with all tracked nutrients available.,1.0,Reference evidence and completeness; not an accuracy percentage or guarantee for your meal.,
FC000609,,"Catsup, tomato",Good,Matched reference source with all tracked nutrients available.,1.0,Reference evidence and completeness; not an accuracy percentage or guarantee for your meal.,
FC000610,,"Fish paste, anchovy",Good,Matched reference source with all tracked nutrients available.,1.0,Reference evidence and completeness; not an accuracy percentage or guarantee for your meal.,
FC000611,,Lechon sauce,Medium,Matched reference source; some tracked nutrients are unknown.,1.0,Reference evidence and completeness; not an accuracy percentage or guarantee for your meal.,cholesterol_mg_100g
FC000612,,"Salt, coarse",Good,Matched reference source with all tracked nutrients available.,1.0,Reference evidence and completeness; not an accuracy percentage or guarantee for your meal.,
FC000613,,Shrimp paste,Medium,Matched reference source; some tracked nutrients are unknown.,1.0,Reference evidence and completeness; not an accuracy percentage or guarantee for your meal.,cholesterol_mg_100g
FC000614,,"Shrimp paste, alamang",Medium,Matched reference source; some tracked nutrients are unknown.,1.0,Reference evidence and completeness; not an accuracy percentage or guarantee for your meal.,cholesterol_mg_100g
FC000615,,"Vinegar, coconut",Good,Matched reference source with all tracked nutrients available.,1.0,Reference evidence and completeness; not an accuracy percentage or guarantee for your meal.,
FC000616,,Tomato paste,Good,Matched reference source with all tracked nutrients available.,1.0,Reference evidence and completeness; not an accuracy percentage or guarantee for your meal.,
FC000617,,Tomato sauce,Good,Matched reference source with all tracked nutrients available.,1.0,Reference evidence and completeness; not an accuracy percentage or guarantee for your meal.,
FC000618,,"Steamed bun, mung bean filling",Medium,Matched reference source; some tracked nutrients are unknown.,1.0,Reference evidence and completeness; not an accuracy percentage or guarantee for your meal.,fiber_g_100g;sugar_g_100g;sodium_mg_100g;cholesterol_mg_100g
FC000619,,"Steamed bun, pork filling",Medium,Matched reference source; some tracked nutrients are unknown.,1.0,Reference evidence and completeness; not an accuracy percentage or guarantee for your meal.,fiber_g_100g;sugar_g_100g;sodium_mg_100g;cholesterol_mg_100g
FC000620,,"Spring roll, Shanghai, unckd",Good,Matched reference source with all tracked nutrients available.,1.0,Reference evidence and completeness; not an accuracy percentage or guarantee for your meal.,
FC000621,,"Soup, mungbean w/ shrimp, ckd",Good,Matched reference source with all tracked nutrients available.,1.0,Reference evidence and completeness; not an accuracy percentage or guarantee for your meal.,
FC000622,,Cheese sandwich,Good,Matched reference source with all tracked nutrients available.,1.0,Reference evidence and completeness; not an accuracy percentage or guarantee for your meal.,
FC000623,,Cheeseburger sandwich,Good,Matched reference source with all tracked nutrients available.,1.0,Reference evidence and completeness; not an accuracy percentage or guarantee for your meal.,
FC000624,,Rice gruel w/ chicken,Good,Matched reference source with all tracked nutrients available.,1.0,Reference evidence and completeness; not an accuracy percentage or guarantee for your meal.,
FC000625,,Rice gruel w/ choc & milk,Good,Matched reference source with all tracked nutrients available.,1.0,Reference evidence and completeness; not an accuracy percentage or guarantee for your meal.,
FC000626,,Rice gruel w/ tripe,Good,Matched reference source with all tracked nutrients available.,1.0,Reference evidence and completeness; not an accuracy percentage or guarantee for your meal.,
FC000627,,Buko pie,Good,Matched reference source with all tracked nutrients available.,1.0,Reference evidence and completeness; not an accuracy percentage or guarantee for your meal.,
FC000628,,Egg pie,Good,Matched reference source with all tracked nutrients available.,1.0,Reference evidence and completeness; not an accuracy percentage or guarantee for your meal.,
FC000629,,"Halu-halo, cnd",Medium,Matched reference source; some tracked nutrients are unknown.,1.0,Reference evidence and completeness; not an accuracy percentage or guarantee for your meal.,fiber_g_100g;sugar_g_100g;sodium_mg_100g;cholesterol_mg_100g
FC000630,,"Halu-halo, w/ ice",Medium,Matched reference source; some tracked nutrients are unknown.,1.0,Reference evidence and completeness; not an accuracy percentage or guarantee for your meal.,fiber_g_100g;sugar_g_100g;sodium_mg_100g;cholesterol_mg_100g
FC000631,,"Beef caldereta, cnd",Medium,Matched reference source; some tracked nutrients are unknown.,1.0,Reference evidence and completeness; not an accuracy percentage or guarantee for your meal.,sugar_g_100g;cholesterol_mg_100g
FC000632,,"Beef kare-kare, cnd",Medium,Matched reference source; some tracked nutrients are unknown.,1.0,Reference evidence and completeness; not an accuracy percentage or guarantee for your meal.,cholesterol_mg_100g
FC000633,,"Pork & chicken adobo, cnd",Medium,Matched reference source; some tracked nutrients are unknown.,1.0,Reference evidence and completeness; not an accuracy percentage or guarantee for your meal.,cholesterol_mg_100g
FC000634,,"Pork adobo, cnd",Medium,Matched reference source; some tracked nutrients are unknown.,1.0,Reference evidence and completeness; not an accuracy percentage or guarantee for your meal.,cholesterol_mg_100g
FC000635,,"Pork adobo, w/ egg, cnd",Medium,Matched reference source; some tracked nutrients are unknown.,1.0,Reference evidence and completeness; not an accuracy percentage or guarantee for your meal.,cholesterol_mg_100g
FC000636,,"Pork & beans, cnd",Good,Matched reference source with all tracked nutrients available.,1.0,Reference evidence and completeness; not an accuracy percentage or guarantee for your meal.,
FC000637,,"Pork blood stew, cnd",Medium,Matched reference source; some tracked nutrients are unknown.,1.0,Reference evidence and completeness; not an accuracy percentage or guarantee for your meal.,sodium_mg_100g;cholesterol_mg_100g
FC000638,,"Fat, pork",Good,Matched reference source with all tracked nutrients available.,1.0,Reference evidence and completeness; not an accuracy percentage or guarantee for your meal.,
FC000639,,Margarine,Good,Matched reference source with all tracked nutrients available.,1.0,Reference evidence and completeness; not an accuracy percentage or guarantee for your meal.,
FC000640,,"Margarine, fortified",Good,Matched reference source with all tracked nutrients available.,1.0,Reference evidence and completeness; not an accuracy percentage or guarantee for your meal.,
FC000641,,Mayonnaise,Good,Matched reference source with all tracked nutrients available.,1.0,Reference evidence and completeness; not an accuracy percentage or guarantee for your meal.,
FC000642,,"Oil, corn",Good,Matched reference source with all tracked nutrients available.,1.0,Reference evidence and completeness; not an accuracy percentage or guarantee for your meal.,
FC000643,,"Coffee, roasted (dry product)",Good,Matched reference source with all tracked nutrients available.,1.0,Reference evidence and completeness; not an accuracy percentage or guarantee for your meal.,
FC000644,,Coconut water,Good,Matched reference source with all tracked nutrients available.,1.0,Reference evidence and completeness; not an accuracy percentage or guarantee for your meal.,
FC000645,,"Coffee, creamer & sugar (3 in 1) (dry product)",Good,Matched reference source with all tracked nutrients available.,1.0,Reference evidence and completeness; not an accuracy percentage or guarantee for your meal.,
FC000646,,"Coffee, instant, 100% pure (dry product)",Good,Matched reference source with all tracked nutrients available.,1.0,Reference evidence and completeness; not an accuracy percentage or guarantee for your meal.,
FC000647,,"Cocoa, powder, imported",Good,Matched reference source with all tracked nutrients available.,1.0,Reference evidence and completeness; not an accuracy percentage or guarantee for your meal.,
FC000648,,"Bread, cinnamon roll",Good,Matched reference source with all tracked nutrients available.,1.0,Reference evidence and completeness; not an accuracy percentage or guarantee for your meal.,
FC000649,,"Bread, hotdog roll",Good,Matched reference source with all tracked nutrients available.,1.0,Reference evidence and completeness; not an accuracy percentage or guarantee for your meal.,
FC000650,,"Bread, toasted, w/ margarine-sugar topping",Good,Matched reference source with all tracked nutrients available.,1.0,Reference evidence and completeness; not an accuracy percentage or guarantee for your meal.,
FC000651,,"Bread, mung bean loaf",Good,Matched reference source with all tracked nutrients available.,1.0,Reference evidence and completeness; not an accuracy percentage or guarantee for your meal.,
FC000652,,"Bread, pan de bonete",Good,Matched reference source with all tracked nutrients available.,1.0,Reference evidence and completeness; not an accuracy percentage or guarantee for your meal.,
FC000653,,"Bread, pan de limon",Good,Matched reference source with all tracked nutrients available.,1.0,Reference evidence and completeness; not an accuracy percentage or guarantee for your meal.,
FC000654,,"Bread, raisin",Good,Matched reference source with all tracked nutrients available.,1.0,Reference evidence and completeness; not an accuracy percentage or guarantee for your meal.,
FC000655,,"Bread, rye",Good,Matched reference source with all tracked nutrients available.,1.0,Reference evidence and completeness; not an accuracy percentage or guarantee for your meal.,
FC000656,,"Bread, sweet roll w/ mung bean filling",Good,Matched reference source with all tracked nutrients available.,1.0,Reference evidence and completeness; not an accuracy percentage or guarantee for your meal.,
FC000657,,"Cake, angel food",Good,Matched reference source with all tracked nutrients available.,1.0,Reference evidence and completeness; not an accuracy percentage or guarantee for your meal.,
FC000658,,"Cake, butter",Good,Matched reference source with all tracked nutrients available.,1.0,Reference evidence and completeness; not an accuracy percentage or guarantee for your meal.,
FC000659,,"Cake, cheese cupcake",Good,Matched reference source with all tracked nutrients available.,1.0,Reference evidence and completeness; not an accuracy percentage or guarantee for your meal.,
FC000660,,"Cake, chiffon",Good,Matched reference source with all tracked nutrients available.,1.0,Reference evidence and completeness; not an accuracy percentage or guarantee for your meal.,
FC000661,,"Cake, chocolate",Good,Matched reference source with all tracked nutrients available.,1.0,Reference evidence and completeness; not an accuracy percentage or guarantee for your meal.,
FC000662,,"Cake, fruit",Good,Matched reference source with all tracked nutrients available.,1.0,Reference evidence and completeness; not an accuracy percentage or guarantee for your meal.,
FC000663,,"Cake, mamon, toasted",Good,Matched reference source with all tracked nutrients available.,1.0,Reference evidence and completeness; not an accuracy percentage or guarantee for your meal.,
FC000664,,"Cake, sponge",Good,Matched reference source with all tracked nutrients available.,1.0,Reference evidence and completeness; not an accuracy percentage or guarantee for your meal.,
FC000665,,"Cookies, apas",Good,Matched reference source with all tracked nutrients available.,1.0,Reference evidence and completeness; not an accuracy percentage or guarantee for your meal.,
FC000666,,"Cookies, arrowroot",Good,Matched reference source with all tracked nutrients available.,1.0,Reference evidence and completeness; not an accuracy percentage or guarantee for your meal.,
FC000667,,"Cookies, brownies",Good,Matched reference source with all tracked nutrients available.,1.0,Reference evidence and completeness; not an accuracy percentage or guarantee for your meal.,
FC000668,,"Cookies, butter",Good,Matched reference source with all tracked nutrients available.,1.0,Reference evidence and completeness; not an accuracy percentage or guarantee for your meal.,
FC000669,,"Cookies, jacobina special",Good,Matched reference source with all tracked nutrients available.,1.0,Reference evidence and completeness; not an accuracy percentage or guarantee for your meal.,
FC000670,,"Cookies, lady finger",Medium,Matched reference source; some tracked nutrients are unknown.,1.0,Reference evidence and completeness; not an accuracy percentage or guarantee for your meal.,cholesterol_mg_100g
FC000671,,"Cookies, marie",Good,Matched reference source with all tracked nutrients available.,1.0,Reference evidence and completeness; not an accuracy percentage or guarantee for your meal.,
FC000672,,"Cookies, ogoy-ogoy",Good,Matched reference source with all tracked nutrients available.,1.0,Reference evidence and completeness; not an accuracy percentage or guarantee for your meal.,
FC000673,,"Cookies, pasencia",Good,Matched reference source with all tracked nutrients available.,1.0,Reference evidence and completeness; not an accuracy percentage or guarantee for your meal.,
FC000674,,"Cookies, pilipit",Good,Matched reference source with all tracked nutrients available.,1.0,Reference evidence and completeness; not an accuracy percentage or guarantee for your meal.,
FC000675,,"Cookies, polvoron",Good,Matched reference source with all tracked nutrients available.,1.0,Reference evidence and completeness; not an accuracy percentage or guarantee for your meal.,
FC000676,,"Corn flakes, enr",Good,Matched reference source with all tracked nutrients available.,1.0,Reference evidence and completeness; not an accuracy percentage or guarantee for your meal.,
FC000677,,Corn pudding,Good,Matched reference source with all tracked nutrients available.,1.0,Reference evidence and completeness; not an accuracy percentage or guarantee for your meal.,
FC000678,,"Corn pudding, maja, yellow",Good,Matched reference source with all tracked nutrients available.,1.0,Reference evidence and completeness; not an accuracy percentage or guarantee for your meal.,
FC000679,,"Corn, fried, seasoned",Good,Matched reference source with all tracked nutrients available.,1.0,Reference evidence and completeness; not an accuracy percentage or guarantee for your meal.,
FC000680,,"Corn, whole kernel, cnd",Good,Matched reference source with all tracked nutrients available.,1.0,Reference evidence and completeness; not an accuracy percentage or guarantee for your meal.,
FC000681,,Cornstarch,Good,Matched reference source with all tracked nutrients available.,1.0,Reference evidence and completeness; not an accuracy percentage or guarantee for your meal.,
FC000682,,"Cracker, egg",Good,Matched reference source with all tracked nutrients available.,1.0,Reference evidence and completeness; not an accuracy percentage or guarantee for your meal.,
FC000683,,"Cracker, graham, honey-flvr",Good,Matched reference source with all tracked nutrients available.,1.0,Reference evidence and completeness; not an accuracy percentage or guarantee for your meal.,
FC000684,,"Cracker, plain",Good,Matched reference source with all tracked nutrients available.,1.0,Reference evidence and completeness; not an accuracy percentage or guarantee for your meal.,
FC000685,,"Cracker, salted",Good,Matched reference source with all tracked nutrients available.,1.0,Reference evidence and completeness; not an accuracy percentage or guarantee for your meal.,
FC000686,,"Cracker, salted, round",Good,Matched reference source with all tracked nutrients available.,1.0,Reference evidence and completeness; not an accuracy percentage or guarantee for your meal.,
FC000687,,Cream puff,Good,Matched reference source with all tracked nutrients available.,1.0,Reference evidence and completeness; not an accuracy percentage or guarantee for your meal.,
FC000688,,"Doughnut, fried, w/ sugar",Good,Matched reference source with all tracked nutrients available.,1.0,Reference evidence and completeness; not an accuracy percentage or guarantee for your meal.,
FC000689,,"Noodles, rice",Good,Matched reference source with all tracked nutrients available.,1.0,Reference evidence and completeness; not an accuracy percentage or guarantee for your meal.,
FC000690,,"Noodles, wheat, mami, fresh",Good,Matched reference source with all tracked nutrients available.,1.0,Reference evidence and completeness; not an accuracy percentage or guarantee for your meal.,
FC000691,,"Noodles, wheat, inst, w/ flvr",Good,Matched reference source with all tracked nutrients available.,1.0,Reference evidence and completeness; not an accuracy percentage or guarantee for your meal.,
FC000692,,"Noodles, wheat, thin",Good,Matched reference source with all tracked nutrients available.,1.0,Reference evidence and completeness; not an accuracy percentage or guarantee for your meal.,
FC000693,,"Noodles, wheat, miki, dry",Medium,Matched reference source; some tracked nutrients are unknown.,1.0,Reference evidence and completeness; not an accuracy percentage or guarantee for your meal.,cholesterol_mg_100g
FC000694,,Pancake,Good,Matched reference source with all tracked nutrients available.,1.0,Reference evidence and completeness; not an accuracy percentage or guarantee for your meal.,
FC000695,,"Popcorn, salted",Good,Matched reference source with all tracked nutrients available.,1.0,Reference evidence and completeness; not an accuracy percentage or guarantee for your meal.,
FC000696,,"Popcorn, sweetn",Good,Matched reference source with all tracked nutrients available.,1.0,Reference evidence and completeness; not an accuracy percentage or guarantee for your meal.,
FC000697,,"Rice cake (glutinous), biko, w/ grtd coconut topping",Good,Matched reference source with all tracked nutrients available.,1.0,Reference evidence and completeness; not an accuracy percentage or guarantee for your meal.,
FC000698,,"Rice cake (glutinous), biko, w/ purple rice",Good,Matched reference source with all tracked nutrients available.,1.0,Reference evidence and completeness; not an accuracy percentage or guarantee for your meal.,
FC000699,,"Rice cake (glutinous), Chinese, tikoy",Good,Matched reference source with all tracked nutrients available.,1.0,Reference evidence and completeness; not an accuracy percentage or guarantee for your meal.,
FC000700,,"Rice cake (glutinous), Chinese, tikoy, w/ peanut",Good,Matched reference source with all tracked nutrients available.,1.0,Reference evidence and completeness; not an accuracy percentage or guarantee for your meal.,
FC000701,,"Rice cake, bibingka, w/ cheese & coconut topping",Good,Matched reference source with all tracked nutrients available.,1.0,Reference evidence and completeness; not an accuracy percentage or guarantee for your meal.,
FC000702,,"Rice cake, puto, brown",Good,Matched reference source with all tracked nutrients available.,1.0,Reference evidence and completeness; not an accuracy percentage or guarantee for your meal.,
FC000703,,"Rice cake, puto, white, w/ grtd coconut topping",Good,Matched reference source with all tracked nutrients available.,1.0,Reference evidence and completeness; not an accuracy percentage or guarantee for your meal.,
FC000704,,"Rice cake, cuchinta, w/ grtd coconut topping",Good,Matched reference source with all tracked nutrients available.,1.0,Reference evidence and completeness; not an accuracy percentage or guarantee for your meal.,
FC000705,,Rice flour,Good,Matched reference source with all tracked nutrients available.,1.0,Reference evidence and completeness; not an accuracy percentage or guarantee for your meal.,
FC000706,,"Rice flour prep, tamales",Medium,Matched reference source; some tracked nutrients are unknown.,1.0,Reference evidence and completeness; not an accuracy percentage or guarantee for your meal.,cholesterol_mg_100g
FC000707,,"Rice gruel, thin",Good,Matched reference source with all tracked nutrients available.,1.0,Reference evidence and completeness; not an accuracy percentage or guarantee for your meal.,
FC000708,,"Rice prep (glutinous), butse, w/ mung bean filling",Good,Matched reference source with all tracked nutrients available.,1.0,Reference evidence and completeness; not an accuracy percentage or guarantee for your meal.,
FC000709,,"Rice prep (glutinous), butse, w/ sweet potato filling",Good,Matched reference source with all tracked nutrients available.,1.0,Reference evidence and completeness; not an accuracy percentage or guarantee for your meal.,
FC000710,,"Rice prep (glutinous), kalamay, w/ coconut curd topping",Good,Matched reference source with all tracked nutrients available.,1.0,Reference evidence and completeness; not an accuracy percentage or guarantee for your meal.,
FC000711,,"Rice prep (glutinous), kalamay, w/ yam",Good,Matched reference source with all tracked nutrients available.,1.0,Reference evidence and completeness; not an accuracy percentage or guarantee for your meal.,
FC000712,,"Rice prep (glutinous), palitaw, w/ grtd  coconut & sugar",Good,Matched reference source with all tracked nutrients available.,1.0,Reference evidence and completeness; not an accuracy percentage or guarantee for your meal.,
FC000713,,"Rice prep (glutinous), suman, w/ grtd coconut topping",Good,Matched reference source with all tracked nutrients available.,1.0,Reference evidence and completeness; not an accuracy percentage or guarantee for your meal.,
FC000714,,"Rice prep (glutinous), tupig",Good,Matched reference source with all tracked nutrients available.,1.0,Reference evidence and completeness; not an accuracy percentage or guarantee for your meal.,
FC000715,,"Rice prep, espasol",Good,Matched reference source with all tracked nutrients available.,1.0,Reference evidence and completeness; not an accuracy percentage or guarantee for your meal.,
FC000716,,"Rice, crispies",Good,Matched reference source with all tracked nutrients available.,1.0,Reference evidence and completeness; not an accuracy percentage or guarantee for your meal.,
FC000717,,"Rice-bread prep, toasted, puto seko",Medium,Matched reference source; some tracked nutrients are unknown.,1.0,Reference evidence and completeness; not an accuracy percentage or guarantee for your meal.,cholesterol_mg_100g
FC000718,,"Wheat flour, all-purpose, enr, bleached",Good,Matched reference source with all tracked nutrients available.,1.0,Reference evidence and completeness; not an accuracy percentage or guarantee for your meal.,
FC000719,,"Wheat flour, cake flour, enr, bleached",Good,Matched reference source with all tracked nutrients available.,1.0,Reference evidence and completeness; not an accuracy percentage or guarantee for your meal.,
FC000720,,"Instant noodles, chicken flvr, raw",Good,Matched reference source with all tracked nutrients available.,1.0,Reference evidence and completeness; not an accuracy percentage or guarantee for your meal.,
FC000721,,"Instant noodles, chicken flvr, ckd",Good,Matched reference source with all tracked nutrients available.,1.0,Reference evidence and completeness; not an accuracy percentage or guarantee for your meal.,
FC000722,,Job's tears grain,Good,Matched reference source with all tracked nutrients available.,1.0,Reference evidence and completeness; not an accuracy percentage or guarantee for your meal.,
FC000723,,"Yam, Luzon",Good,Matched reference source with all tracked nutrients available.,1.0,Reference evidence and completeness; not an accuracy percentage or guarantee for your meal.,
FC000724,,"Yam, spiny",Good,Matched reference source with all tracked nutrients available.,1.0,Reference evidence and completeness; not an accuracy percentage or guarantee for your meal.,
FC000725,,"Yam, spiny, boiled",Good,Matched reference source with all tracked nutrients available.,1.0,Reference evidence and completeness; not an accuracy percentage or guarantee for your meal.,
FC000726,,Arrowroot starch,Good,Matched reference source with all tracked nutrients available.,1.0,Reference evidence and completeness; not an accuracy percentage or guarantee for your meal.,
FC000727,,East Indian arrowroot starch,Good,Matched reference source with all tracked nutrients available.,1.0,Reference evidence and completeness; not an accuracy percentage or guarantee for your meal.,
FC000728,,"Yacon tuber, raw",Good,Matched reference source with all tracked nutrients available.,1.0,Reference evidence and completeness; not an accuracy percentage or guarantee for your meal.,
FC000729,,East Indian arrowroot,Good,Matched reference source with all tracked nutrients available.,1.0,Reference evidence and completeness; not an accuracy percentage or guarantee for your meal.,
FC000730,,Palauan,Good,Matched reference source with all tracked nutrients available.,1.0,Reference evidence and completeness; not an accuracy percentage or guarantee for your meal.,
FC000731,,"Chestnut, roasted",Good,Matched reference source with all tracked nutrients available.,1.0,Reference evidence and completeness; not an accuracy percentage or guarantee for your meal.,
FC000732,,Coconut sport,Good,Matched reference source with all tracked nutrients available.,1.0,Reference evidence and completeness; not an accuracy percentage or guarantee for your meal.,
FC000733,,"Cowpea seed, dried",Good,Matched reference source with all tracked nutrients available.,1.0,Reference evidence and completeness; not an accuracy percentage or guarantee for your meal.,
FC000734,,"Kidney bean seed, black, dried",Good,Matched reference source with all tracked nutrients available.,1.0,Reference evidence and completeness; not an accuracy percentage or guarantee for your meal.,
FC000735,,"Kidney bean seed, white, dried",Good,Matched reference source with all tracked nutrients available.,1.0,Reference evidence and completeness; not an accuracy percentage or guarantee for your meal.,
FC000736,,"Kidney bean seed, white, dried, boiled",Good,Matched reference source with all tracked nutrients available.,1.0,Reference evidence and completeness; not an accuracy percentage or guarantee for your meal.,
FC000737,,"Lima bean seed, dried",Good,Matched reference source with all tracked nutrients available.,1.0,Reference evidence and completeness; not an accuracy percentage or guarantee for your meal.,
FC000738,,"Mung bean seed, red, dried",Good,Matched reference source with all tracked nutrients available.,1.0,Reference evidence and completeness; not an accuracy percentage or guarantee for your meal.,
FC000739,,"Mung bean seed, red, dried, boiled",Good,Matched reference source with all tracked nutrients available.,1.0,Reference evidence and completeness; not an accuracy percentage or guarantee for your meal.,
FC000740,,"Mung bean seed, yellow, dried",Good,Matched reference source with all tracked nutrients available.,1.0,Reference evidence and completeness; not an accuracy percentage or guarantee for your meal.,
FC000741,,"Mung bean seed, yellow, dried, boiled",Good,Matched reference source with all tracked nutrients available.,1.0,Reference evidence and completeness; not an accuracy percentage or guarantee for your meal.,
FC000742,,Peanut w/ shell,Good,Matched reference source with all tracked nutrients available.,1.0,Reference evidence and completeness; not an accuracy percentage or guarantee for your meal.,
FC000743,,Peanut w/o skin,Good,Matched reference source with all tracked nutrients available.,1.0,Reference evidence and completeness; not an accuracy percentage or guarantee for your meal.,
FC000744,,"Pigeon pea seed, dried",Good,Matched reference source with all tracked nutrients available.,1.0,Reference evidence and completeness; not an accuracy percentage or guarantee for your meal.,
FC000745,,"Pigeon pea seed, dried, boiled",Good,Matched reference source with all tracked nutrients available.,1.0,Reference evidence and completeness; not an accuracy percentage or guarantee for your meal.,
FC000746,,"Rice bean seed, dried",Good,Matched reference source with all tracked nutrients available.,1.0,Reference evidence and completeness; not an accuracy percentage or guarantee for your meal.,
FC000747,,"Soybean seed, black, dried",Good,Matched reference source with all tracked nutrients available.,1.0,Reference evidence and completeness; not an accuracy percentage or guarantee for your meal.,
FC000748,,"Soybean seed, black, dried, boiled",Good,Matched reference source with all tracked nutrients available.,1.0,Reference evidence and completeness; not an accuracy percentage or guarantee for your meal.,
FC000749,,"Soybean seed, yellow, dried",Good,Matched reference source with all tracked nutrients available.,1.0,Reference evidence and completeness; not an accuracy percentage or guarantee for your meal.,
FC000750,,"String/Yard long bean seed, dried",Good,Matched reference source with all tracked nutrients available.,1.0,Reference evidence and completeness; not an accuracy percentage or guarantee for your meal.,
FC000751,,"Coconut chip, toasted, sweetn",Good,Matched reference source with all tracked nutrients available.,1.0,Reference evidence and completeness; not an accuracy percentage or guarantee for your meal.,
FC000752,,"Coconut, cream curd",Good,Matched reference source with all tracked nutrients available.,1.0,Reference evidence and completeness; not an accuracy percentage or guarantee for your meal.,
FC000753,,"Green pea, dried, fried & seasoned",Good,Matched reference source with all tracked nutrients available.,1.0,Reference evidence and completeness; not an accuracy percentage or guarantee for your meal.,
FC000754,,"Green pea-corn-peanut mixture, fried",Medium,Matched reference source; some tracked nutrients are unknown.,1.0,Reference evidence and completeness; not an accuracy percentage or guarantee for your meal.,fiber_g_100g;sugar_g_100g;sodium_mg_100g;cholesterol_mg_100g
FC000755,,"Lima bean, fried & seasoned",Medium,Matched reference source; some tracked nutrients are unknown.,1.0,Reference evidence and completeness; not an accuracy percentage or guarantee for your meal.,fiber_g_100g;sugar_g_100g;sodium_mg_100g;cholesterol_mg_100g
FC000756,,Beet,Medium,Matched reference source; some tracked nutrients are unknown.,1.0,Reference evidence and completeness; not an accuracy percentage or guarantee for your meal.,sugar_g_100g
FC000757,,"Beet, boiled",Medium,Matched reference source; some tracked nutrients are unknown.,1.0,Reference evidence and completeness; not an accuracy percentage or guarantee for your meal.,sugar_g_100g
FC000758,,Breadfruit fruit,Good,Matched reference source with all tracked nutrients available.,1.0,Reference evidence and completeness; not an accuracy percentage or guarantee for your meal.,
FC000759,,Celery lvs & petioles,Good,Matched reference source with all tracked nutrients available.,1.0,Reference evidence and completeness; not an accuracy percentage or guarantee for your meal.,
FC000760,,"Celery, Chinese, lvs & petioles",Medium,Matched reference source; some tracked nutrients are unknown.,1.0,Reference evidence and completeness; not an accuracy percentage or guarantee for your meal.,sugar_g_100g
FC000761,,Chayote lvs,Medium,Matched reference source; some tracked nutrients are unknown.,1.0,Reference evidence and completeness; not an accuracy percentage or guarantee for your meal.,fiber_g_100g;sugar_g_100g
FC000762,,Coriander lvs,Good,Matched reference source with all tracked nutrients available.,1.0,Reference evidence and completeness; not an accuracy percentage or guarantee for your meal.,
FC000763,,Cowpea pod,Good,Matched reference source with all tracked nutrients available.,1.0,Reference evidence and completeness; not an accuracy percentage or guarantee for your meal.,
FC000764,,"Cowpea pod, boiled",Good,Matched reference source with all tracked nutrients available.,1.0,Reference evidence and completeness; not an accuracy percentage or guarantee for your meal.,
FC000765,,"Cowpea seed, fresh",Good,Matched reference source with all tracked nutrients available.,1.0,Reference evidence and completeness; not an accuracy percentage or guarantee for your meal.,
FC000766,,Endive lvs,Good,Matched reference source with all tracked nutrients available.,1.0,Reference evidence and completeness; not an accuracy percentage or guarantee for your meal.,
FC000767,,Garlic lvs,Medium,Matched reference source; some tracked nutrients are unknown.,1.0,Reference evidence and completeness; not an accuracy percentage or guarantee for your meal.,sugar_g_100g
FC000768,,Garlic lvs & bulb,Good,Matched reference source with all tracked nutrients available.,1.0,Reference evidence and completeness; not an accuracy percentage or guarantee for your meal.,
FC000769,,"Horseradish tree lvs, dwarf",Medium,Matched reference source; some tracked nutrients are unknown.,1.0,Reference evidence and completeness; not an accuracy percentage or guarantee for your meal.,sugar_g_100g
FC000770,,"Horseradish tree lvs, Japanese",Medium,Matched reference source; some tracked nutrients are unknown.,1.0,Reference evidence and completeness; not an accuracy percentage or guarantee for your meal.,sugar_g_100g
FC000771,,Horseradish tree pod,Good,Matched reference source with all tracked nutrients available.,1.0,Reference evidence and completeness; not an accuracy percentage or guarantee for your meal.,
FC000772,,Jackfruit seed,Medium,Matched reference source; some tracked nutrients are unknown.,1.0,Reference evidence and completeness; not an accuracy percentage or guarantee for your meal.,sugar_g_100g
FC000773,,Chinese leek lvs,Good,Matched reference source with all tracked nutrients available.,1.0,Reference evidence and completeness; not an accuracy percentage or guarantee for your meal.,
FC000774,,Lima bean pod,Good,Matched reference source with all tracked nutrients available.,1.0,Reference evidence and completeness; not an accuracy percentage or guarantee for your meal.,
FC000775,,"Lima bean pod, boiled",Good,Matched reference source with all tracked nutrients available.,1.0,Reference evidence and completeness; not an accuracy percentage or guarantee for your meal.,
FC000776,,Malabar nightshade lvs,Good,Matched reference source with all tracked nutrients available.,1.0,Reference evidence and completeness; not an accuracy percentage or guarantee for your meal.,
FC000777,,"Malabar nightshade lvs, boiled",Good,Matched reference source with all tracked nutrients available.,1.0,Reference evidence and completeness; not an accuracy percentage or guarantee for your meal.,
FC000778,,Marrow-stem kale lvs and stems,Good,Matched reference source with all tracked nutrients available.,1.0,Reference evidence and completeness; not an accuracy percentage or guarantee for your meal.,
FC000779,,"Mung bean seed, fresh",Good,Matched reference source with all tracked nutrients available.,1.0,Reference evidence and completeness; not an accuracy percentage or guarantee for your meal.,
FC000780,,New Zealand spinach lvs,Good,Matched reference source with all tracked nutrients available.,1.0,Reference evidence and completeness; not an accuracy percentage or guarantee for your meal.,
FC000781,,"New Zealand spinach lvs, boiled",Good,Matched reference source with all tracked nutrients available.,1.0,Reference evidence and completeness; not an accuracy percentage or guarantee for your meal.,
FC000782,,"Onion, garden shallot lvs",Good,Matched reference source with all tracked nutrients available.,1.0,Reference evidence and completeness; not an accuracy percentage or guarantee for your meal.,
FC000783,,Parsley lvs,Good,Matched reference source with all tracked nutrients available.,1.0,Reference evidence and completeness; not an accuracy percentage or guarantee for your meal.,
FC000784,,"Pepper, chili lvs",Medium,Matched reference source; some tracked nutrients are unknown.,1.0,Reference evidence and completeness; not an accuracy percentage or guarantee for your meal.,fiber_g_100g;sugar_g_100g
FC000785,,"Pepper, sweet/bell, round, green",Good,Matched reference source with all tracked nutrients available.,1.0,Reference evidence and completeness; not an accuracy percentage or guarantee for your meal.,
FC000786,,"Pepper, sweet/bell, round, red",Good,Matched reference source with all tracked nutrients available.,1.0,Reference evidence and completeness; not an accuracy percentage or guarantee for your meal.,
FC000787,,Philippine spinach lvs,Good,Matched reference source with all tracked nutrients available.,1.0,Reference evidence and completeness; not an accuracy percentage or guarantee for your meal.,
FC000788,,"Philippine spinach lvs, boiled",Good,Matched reference source with all tracked nutrients available.,1.0,Reference evidence and completeness; not an accuracy percentage or guarantee for your meal.,
FC000789,,Pigeon pea pod,Good,Matched reference source with all tracked nutrients available.,1.0,Reference evidence and completeness; not an accuracy percentage or guarantee for your meal.,
FC000790,,"Pigeon pea pod, boiled",Good,Matched reference source with all tracked nutrients available.,1.0,Reference evidence and completeness; not an accuracy percentage or guarantee for your meal.,
FC000791,,"Pigeon pea seed, fresh",Good,Matched reference source with all tracked nutrients available.,1.0,Reference evidence and completeness; not an accuracy percentage or guarantee for your meal.,
FC000792,,Purslane lvs,Medium,Matched reference source; some tracked nutrients are unknown.,1.0,Reference evidence and completeness; not an accuracy percentage or guarantee for your meal.,sugar_g_100g
FC000793,,"Purslane lvs, boiled",Medium,Matched reference source; some tracked nutrients are unknown.,1.0,Reference evidence and completeness; not an accuracy percentage or guarantee for your meal.,sugar_g_100g
FC000794,,"Radish, pod",Good,Matched reference source with all tracked nutrients available.,1.0,Reference evidence and completeness; not an accuracy percentage or guarantee for your meal.,
FC000795,,"Seaweed, gamet, dried",Good,Matched reference source with all tracked nutrients available.,1.0,Reference evidence and completeness; not an accuracy percentage or guarantee for your meal.,
FC000796,,"Seaweed, pokpoklo",Medium,Matched reference source; some tracked nutrients are unknown.,1.0,Reference evidence and completeness; not an accuracy percentage or guarantee for your meal.,fiber_g_100g;sugar_g_100g;sodium_mg_100g
FC000797,,Sesbania flower,Medium,Matched reference source; some tracked nutrients are unknown.,1.0,Reference evidence and completeness; not an accuracy percentage or guarantee for your meal.,sugar_g_100g
FC000798,,"Sesbania flower, boiled",Medium,Matched reference source; some tracked nutrients are unknown.,1.0,Reference evidence and completeness; not an accuracy percentage or guarantee for your meal.,sugar_g_100g
FC000799,,Slender/Spineless amaranth lvs,Good,Matched reference source with all tracked nutrients available.,1.0,Reference evidence and completeness; not an accuracy percentage or guarantee for your meal.,
FC000800,,"Slender/Spineless amaranth lvs, boiled",Good,Matched reference source with all tracked nutrients available.,1.0,Reference evidence and completeness; not an accuracy percentage or guarantee for your meal.,
FC000801,,Snake gourd fruit,Good,Matched reference source with all tracked nutrients available.,1.0,Reference evidence and completeness; not an accuracy percentage or guarantee for your meal.,
FC000802,,"Snap bean pod, white",Good,Matched reference source with all tracked nutrients available.,1.0,Reference evidence and completeness; not an accuracy percentage or guarantee for your meal.,
FC000803,,"Soybean seed, fresh",Good,Matched reference source with all tracked nutrients available.,1.0,Reference evidence and completeness; not an accuracy percentage or guarantee for your meal.,
FC000804,,"Soybean seed, fresh, boiled",Good,Matched reference source with all tracked nutrients available.,1.0,Reference evidence and completeness; not an accuracy percentage or guarantee for your meal.,
FC000805,,Sponge gourd lvs,Medium,Matched reference source; some tracked nutrients are unknown.,1.0,Reference evidence and completeness; not an accuracy percentage or guarantee for your meal.,fiber_g_100g;sugar_g_100g
FC000806,,"Squash, summer fruit",Good,Matched reference source with all tracked nutrients available.,1.0,Reference evidence and completeness; not an accuracy percentage or guarantee for your meal.,
FC000807,,String/Yard long bean lvs,Good,Matched reference source with all tracked nutrients available.,1.0,Reference evidence and completeness; not an accuracy percentage or guarantee for your meal.,
FC000808,,"String/Yard long bean seed, green, fresh",Good,Matched reference source with all tracked nutrients available.,1.0,Reference evidence and completeness; not an accuracy percentage or guarantee for your meal.,
FC000809,,"Tomato, Spanish, ripe",Good,Matched reference source with all tracked nutrients available.,1.0,Reference evidence and completeness; not an accuracy percentage or guarantee for your meal.,
FC000810,,Water chestnut,Good,Matched reference source with all tracked nutrients available.,1.0,Reference evidence and completeness; not an accuracy percentage or guarantee for your meal.,
FC000811,,"Water chestnut, boiled",Medium,Matched reference source; some tracked nutrients are unknown.,1.0,Reference evidence and completeness; not an accuracy percentage or guarantee for your meal.,fiber_g_100g;sugar_g_100g;sodium_mg_100g
FC000812,,Watercress,Good,Matched reference source with all tracked nutrients available.,1.0,Reference evidence and completeness; not an accuracy percentage or guarantee for your meal.,
FC000813,,Wax gourd fruit,Medium,Matched reference source; some tracked nutrients are unknown.,1.0,Reference evidence and completeness; not an accuracy percentage or guarantee for your meal.,sugar_g_100g
FC000814,,"Wax gourd fruit, boiled",Good,Matched reference source with all tracked nutrients available.,1.0,Reference evidence and completeness; not an accuracy percentage or guarantee for your meal.,
FC000815,,"Asparagus, cnd",Good,Matched reference source with all tracked nutrients available.,1.0,Reference evidence and completeness; not an accuracy percentage or guarantee for your meal.,
FC000816,,"Bamboo shoot, cnd",Good,Matched reference source with all tracked nutrients available.,1.0,Reference evidence and completeness; not an accuracy percentage or guarantee for your meal.,
FC000817,,"Bamboo shoot, dried",Good,Matched reference source with all tracked nutrients available.,1.0,Reference evidence and completeness; not an accuracy percentage or guarantee for your meal.,
FC000818,,"Black wood ear mushroom, dried",Good,Matched reference source with all tracked nutrients available.,1.0,Reference evidence and completeness; not an accuracy percentage or guarantee for your meal.,
FC000819,,"Cucumber, salted, cnd",Medium,Matched reference source; some tracked nutrients are unknown.,1.0,Reference evidence and completeness; not an accuracy percentage or guarantee for your meal.,sugar_g_100g
FC000820,,"Mushroom, dried",Good,Matched reference source with all tracked nutrients available.,1.0,Reference evidence and completeness; not an accuracy percentage or guarantee for your meal.,
FC000821,,Bignay,Good,Matched reference source with all tracked nutrients available.,1.0,Reference evidence and completeness; not an accuracy percentage or guarantee for your meal.,
FC000822,,Bilimbi,Good,Matched reference source with all tracked nutrients available.,1.0,Reference evidence and completeness; not an accuracy percentage or guarantee for your meal.,
FC000823,,Black/Java plum,Medium,Matched reference source; some tracked nutrients are unknown.,1.0,Reference evidence and completeness; not an accuracy percentage or guarantee for your meal.,fiber_g_100g;sugar_g_100g
FC000824,,Canistel,Good,Matched reference source with all tracked nutrients available.,1.0,Reference evidence and completeness; not an accuracy percentage or guarantee for your meal.,
FC000825,,Cashew fruit,Good,Matched reference source with all tracked nutrients available.,1.0,Reference evidence and completeness; not an accuracy percentage or guarantee for your meal.,
FC000826,,Durian,Good,Matched reference source with all tracked nutrients available.,1.0,Reference evidence and completeness; not an accuracy percentage or guarantee for your meal.,
FC000827,,Jamaica cherry,Medium,Matched reference source; some tracked nutrients are unknown.,1.0,Reference evidence and completeness; not an accuracy percentage or guarantee for your meal.,fiber_g_100g;sugar_g_100g;sodium_mg_100g
FC000828,,Jujube Indian/Chinese date,Medium,Matched reference source; some tracked nutrients are unknown.,1.0,Reference evidence and completeness; not an accuracy percentage or guarantee for your meal.,sugar_g_100g
FC000829,,Kaffir lime,Good,Matched reference source with all tracked nutrients available.,1.0,Reference evidence and completeness; not an accuracy percentage or guarantee for your meal.,
FC000830,,Lemon,Good,Matched reference source with all tracked nutrients available.,1.0,Reference evidence and completeness; not an accuracy percentage or guarantee for your meal.,
FC000831,,Lime,Good,Matched reference source with all tracked nutrients available.,1.0,Reference evidence and completeness; not an accuracy percentage or guarantee for your meal.,
FC000832,,"Persimmon, kaki",Good,Matched reference source with all tracked nutrients available.,1.0,Reference evidence and completeness; not an accuracy percentage or guarantee for your meal.,
FC000833,,Pomegranate,Good,Matched reference source with all tracked nutrients available.,1.0,Reference evidence and completeness; not an accuracy percentage or guarantee for your meal.,
FC000834,,Sapodilla,Good,Matched reference source with all tracked nutrients available.,1.0,Reference evidence and completeness; not an accuracy percentage or guarantee for your meal.,
FC000835,,Sapote,Good,Matched reference source with all tracked nutrients available.,1.0,Reference evidence and completeness; not an accuracy percentage or guarantee for your meal.,
FC000836,,Spanish plum,Medium,Matched reference source; some tracked nutrients are unknown.,1.0,Reference evidence and completeness; not an accuracy percentage or guarantee for your meal.,fiber_g_100g;sugar_g_100g
FC000837,,Starfruit,Good,Matched reference source with all tracked nutrients available.,1.0,Reference evidence and completeness; not an accuracy percentage or guarantee for your meal.,
FC000838,,Sugar palm,Good,Matched reference source with all tracked nutrients available.,1.0,Reference evidence and completeness; not an accuracy percentage or guarantee for your meal.,
FC000839,,"Sugar palm, boiled",Good,Matched reference source with all tracked nutrients available.,1.0,Reference evidence and completeness; not an accuracy percentage or guarantee for your meal.,
FC000840,,"Banana chips, salted",Medium,Matched reference source; some tracked nutrients are unknown.,1.0,Reference evidence and completeness; not an accuracy percentage or guarantee for your meal.,sodium_mg_100g
FC000841,,"Banana chips, sweetn",Good,Matched reference source with all tracked nutrients available.,1.0,Reference evidence and completeness; not an accuracy percentage or guarantee for your meal.,
FC000842,,Banana fritter,Good,Matched reference source with all tracked nutrients available.,1.0,Reference evidence and completeness; not an accuracy percentage or guarantee for your meal.,
FC000843,,"Banana, saba, mashed, w/ sugar & marg",Good,Matched reference source with all tracked nutrients available.,1.0,Reference evidence and completeness; not an accuracy percentage or guarantee for your meal.,
FC000844,,"Bilimbi, pickled",Good,Matched reference source with all tracked nutrients available.,1.0,Reference evidence and completeness; not an accuracy percentage or guarantee for your meal.,
FC000845,,"Cherry, in syrup, drnd",Good,Matched reference source with all tracked nutrients available.,1.0,Reference evidence and completeness; not an accuracy percentage or guarantee for your meal.,
FC000846,,"Date, dried",Good,Matched reference source with all tracked nutrients available.,1.0,Reference evidence and completeness; not an accuracy percentage or guarantee for your meal.,
FC000847,,"Fruit cocktail, tropical, in syrup, cnd",Good,Matched reference source with all tracked nutrients available.,1.0,Reference evidence and completeness; not an accuracy percentage or guarantee for your meal.,
FC000848,,"Jujube Indian/Chinese date, dried",Good,Matched reference source with all tracked nutrients available.,1.0,Reference evidence and completeness; not an accuracy percentage or guarantee for your meal.,
FC000849,,"Mango chips, dried",Good,Matched reference source with all tracked nutrients available.,1.0,Reference evidence and completeness; not an accuracy percentage or guarantee for your meal.,
FC000850,,"Peach, in heavy syrup, cnd",Medium,Matched reference source; some tracked nutrients are unknown.,1.0,Reference evidence and completeness; not an accuracy percentage or guarantee for your meal.,sugar_g_100g
FC000851,,"Pineapple, crushed, cnd",Good,Matched reference source with all tracked nutrients available.,1.0,Reference evidence and completeness; not an accuracy percentage or guarantee for your meal.,
FC000852,,"Pineapple, slice, cnd",Good,Matched reference source with all tracked nutrients available.,1.0,Reference evidence and completeness; not an accuracy percentage or guarantee for your meal.,
FC000853,,Prune,Good,Matched reference source with all tracked nutrients available.,1.0,Reference evidence and completeness; not an accuracy percentage or guarantee for your meal.,
FC000854,,Raisin,Good,Matched reference source with all tracked nutrients available.,1.0,Reference evidence and completeness; not an accuracy percentage or guarantee for your meal.,
FC000855,,Dragon fruit,Medium,Matched reference source; some tracked nutrients are unknown.,1.0,Reference evidence and completeness; not an accuracy percentage or guarantee for your meal.,sugar_g_100g
FC000856,,Carabeef chuck,Good,Matched reference source with all tracked nutrients available.,1.0,Reference evidence and completeness; not an accuracy percentage or guarantee for your meal.,
FC000857,,Carabeef lean meat,Medium,Matched reference source; some tracked nutrients are unknown.,1.0,Reference evidence and completeness; not an accuracy percentage or guarantee for your meal.,cholesterol_mg_100g
FC000858,,"Carabeef lean meat, boiled",Medium,Matched reference source; some tracked nutrients are unknown.,1.0,Reference evidence and completeness; not an accuracy percentage or guarantee for your meal.,cholesterol_mg_100g
FC000859,,Carabeef round,Medium,Matched reference source; some tracked nutrients are unknown.,1.0,Reference evidence and completeness; not an accuracy percentage or guarantee for your meal.,cholesterol_mg_100g
FC000860,,Carabeef round steak,Good,Matched reference source with all tracked nutrients available.,1.0,Reference evidence and completeness; not an accuracy percentage or guarantee for your meal.,
FC000861,,Carabeef rump,Medium,Matched reference source; some tracked nutrients are unknown.,1.0,Reference evidence and completeness; not an accuracy percentage or guarantee for your meal.,cholesterol_mg_100g
FC000862,,Carabeef shank,Good,Matched reference source with all tracked nutrients available.,1.0,Reference evidence and completeness; not an accuracy percentage or guarantee for your meal.,
FC000863,,Carabeef w/ fat,Medium,Matched reference source; some tracked nutrients are unknown.,1.0,Reference evidence and completeness; not an accuracy percentage or guarantee for your meal.,cholesterol_mg_100g
FC000864,,"Carabeef w/ fat, boiled",Medium,Matched reference source; some tracked nutrients are unknown.,1.0,Reference evidence and completeness; not an accuracy percentage or guarantee for your meal.,cholesterol_mg_100g
FC000865,,Chevon back,Medium,Matched reference source; some tracked nutrients are unknown.,1.0,Reference evidence and completeness; not an accuracy percentage or guarantee for your meal.,cholesterol_mg_100g
FC000866,,Chevon breast,Medium,Matched reference source; some tracked nutrients are unknown.,1.0,Reference evidence and completeness; not an accuracy percentage or guarantee for your meal.,cholesterol_mg_100g
FC000867,,Chevon flank,Medium,Matched reference source; some tracked nutrients are unknown.,1.0,Reference evidence and completeness; not an accuracy percentage or guarantee for your meal.,cholesterol_mg_100g
FC000868,,Chevon leg,Medium,Matched reference source; some tracked nutrients are unknown.,1.0,Reference evidence and completeness; not an accuracy percentage or guarantee for your meal.,cholesterol_mg_100g
FC000869,,Chevon liver,Medium,Matched reference source; some tracked nutrients are unknown.,1.0,Reference evidence and completeness; not an accuracy percentage or guarantee for your meal.,cholesterol_mg_100g
FC000870,,Chevon loin,Medium,Matched reference source; some tracked nutrients are unknown.,1.0,Reference evidence and completeness; not an accuracy percentage or guarantee for your meal.,cholesterol_mg_100g
FC000871,,Chevon neck,Medium,Matched reference source; some tracked nutrients are unknown.,1.0,Reference evidence and completeness; not an accuracy percentage or guarantee for your meal.,cholesterol_mg_100g
FC000872,,Chevon rib,Medium,Matched reference source; some tracked nutrients are unknown.,1.0,Reference evidence and completeness; not an accuracy percentage or guarantee for your meal.,cholesterol_mg_100g
FC000873,,Chevon shank,Medium,Matched reference source; some tracked nutrients are unknown.,1.0,Reference evidence and completeness; not an accuracy percentage or guarantee for your meal.,cholesterol_mg_100g
FC000874,,Chevon shoulder,Medium,Matched reference source; some tracked nutrients are unknown.,1.0,Reference evidence and completeness; not an accuracy percentage or guarantee for your meal.,cholesterol_mg_100g
FC000875,,"Chick, one-day old, fried",Medium,Matched reference source; some tracked nutrients are unknown.,1.0,Reference evidence and completeness; not an accuracy percentage or guarantee for your meal.,fiber_g_100g;cholesterol_mg_100g
FC000876,,Chicken intestine,Medium,Matched reference source; some tracked nutrients are unknown.,1.0,Reference evidence and completeness; not an accuracy percentage or guarantee for your meal.,fiber_g_100g;sugar_g_100g;cholesterol_mg_100g
FC000877,,"Chicken intestine, bbq",Good,Matched reference source with all tracked nutrients available.,1.0,Reference evidence and completeness; not an accuracy percentage or guarantee for your meal.,
FC000878,,Duck back,Medium,Matched reference source; some tracked nutrients are unknown.,1.0,Reference evidence and completeness; not an accuracy percentage or guarantee for your meal.,cholesterol_mg_100g
FC000879,,Duck breast,Good,Matched reference source with all tracked nutrients available.,1.0,Reference evidence and completeness; not an accuracy percentage or guarantee for your meal.,
FC000880,,Duck gizzard,Medium,Matched reference source; some tracked nutrients are unknown.,1.0,Reference evidence and completeness; not an accuracy percentage or guarantee for your meal.,cholesterol_mg_100g
FC000881,,Duck liver,Good,Matched reference source with all tracked nutrients available.,1.0,Reference evidence and completeness; not an accuracy percentage or guarantee for your meal.,
FC000882,,Duck thigh,Medium,Matched reference source; some tracked nutrients are unknown.,1.0,Reference evidence and completeness; not an accuracy percentage or guarantee for your meal.,cholesterol_mg_100g
FC000883,,Duck wing,Medium,Matched reference source; some tracked nutrients are unknown.,1.0,Reference evidence and completeness; not an accuracy percentage or guarantee for your meal.,cholesterol_mg_100g
FC000884,,Lamb flank,Good,Matched reference source with all tracked nutrients available.,1.0,Reference evidence and completeness; not an accuracy percentage or guarantee for your meal.,
FC000885,,Lamb foreshank,Good,Matched reference source with all tracked nutrients available.,1.0,Reference evidence and completeness; not an accuracy percentage or guarantee for your meal.,
FC000886,,Lamb hind shank,Medium,Matched reference source; some tracked nutrients are unknown.,1.0,Reference evidence and completeness; not an accuracy percentage or guarantee for your meal.,cholesterol_mg_100g
FC000887,,Lamb loin,Medium,Matched reference source; some tracked nutrients are unknown.,1.0,Reference evidence and completeness; not an accuracy percentage or guarantee for your meal.,cholesterol_mg_100g
FC000888,,Lamb neck,Medium,Matched reference source; some tracked nutrients are unknown.,1.0,Reference evidence and completeness; not an accuracy percentage or guarantee for your meal.,cholesterol_mg_100g
FC000889,,Lamb riblet,Medium,Matched reference source; some tracked nutrients are unknown.,1.0,Reference evidence and completeness; not an accuracy percentage or guarantee for your meal.,cholesterol_mg_100g
FC000890,,Lamb roast/back,Medium,Matched reference source; some tracked nutrients are unknown.,1.0,Reference evidence and completeness; not an accuracy percentage or guarantee for your meal.,cholesterol_mg_100g
FC000891,,Lamb shoulder,Medium,Matched reference source; some tracked nutrients are unknown.,1.0,Reference evidence and completeness; not an accuracy percentage or guarantee for your meal.,cholesterol_mg_100g
FC000892,,"Pork intestine, large",Medium,Matched reference source; some tracked nutrients are unknown.,1.0,Reference evidence and completeness; not an accuracy percentage or guarantee for your meal.,cholesterol_mg_100g
FC000893,,"Pork intestine, small",Medium,Matched reference source; some tracked nutrients are unknown.,1.0,Reference evidence and completeness; not an accuracy percentage or guarantee for your meal.,cholesterol_mg_100g
FC000894,,"Pork intestine, small, bbq",Good,Matched reference source with all tracked nutrients available.,1.0,Reference evidence and completeness; not an accuracy percentage or guarantee for your meal.,
FC000895,,Pork tongue,Good,Matched reference source with all tracked nutrients available.,1.0,Reference evidence and completeness; not an accuracy percentage or guarantee for your meal.,
FC000896,,Quail meat,Good,Matched reference source with all tracked nutrients available.,1.0,Reference evidence and completeness; not an accuracy percentage or guarantee for your meal.,
FC000897,,Turkey breast,Medium,Matched reference source; some tracked nutrients are unknown.,1.0,Reference evidence and completeness; not an accuracy percentage or guarantee for your meal.,cholesterol_mg_100g
FC000898,,Turkey thigh,Medium,Matched reference source; some tracked nutrients are unknown.,1.0,Reference evidence and completeness; not an accuracy percentage or guarantee for your meal.,cholesterol_mg_100g
FC000899,,Carabeef jerky,Medium,Matched reference source; some tracked nutrients are unknown.,1.0,Reference evidence and completeness; not an accuracy percentage or guarantee for your meal.,cholesterol_mg_100g
FC000900,,Chicken liver spread,Good,Matched reference source with all tracked nutrients available.,1.0,Reference evidence and completeness; not an accuracy percentage or guarantee for your meal.,
FC000901,,Chicken meat ball,Medium,Matched reference source; some tracked nutrients are unknown.,1.0,Reference evidence and completeness; not an accuracy percentage or guarantee for your meal.,fiber_g_100g;sugar_g_100g;sodium_mg_100g
FC000902,,Chicken spread,Good,Matched reference source with all tracked nutrients available.,1.0,Reference evidence and completeness; not an accuracy percentage or guarantee for your meal.,
FC000903,,Corned beef loaf,Good,Matched reference source with all tracked nutrients available.,1.0,Reference evidence and completeness; not an accuracy percentage or guarantee for your meal.,
FC000904,,"Ham, chopped, cnd",Good,Matched reference source with all tracked nutrients available.,1.0,Reference evidence and completeness; not an accuracy percentage or guarantee for your meal.,
FC000905,,"Ham, pork, sweet, chopped",Good,Matched reference source with all tracked nutrients available.,1.0,Reference evidence and completeness; not an accuracy percentage or guarantee for your meal.,
FC000906,,"Liver pate, cnd",Good,Matched reference source with all tracked nutrients available.,1.0,Reference evidence and completeness; not an accuracy percentage or guarantee for your meal.,
FC000907,,Liver spread,Good,Matched reference source with all tracked nutrients available.,1.0,Reference evidence and completeness; not an accuracy percentage or guarantee for your meal.,
FC000908,,"Luncheon meat, pork & ham",Good,Matched reference source with all tracked nutrients available.,1.0,Reference evidence and completeness; not an accuracy percentage or guarantee for your meal.,
FC000909,,"Luncheon meat, pork, Chinese style",Good,Matched reference source with all tracked nutrients available.,1.0,Reference evidence and completeness; not an accuracy percentage or guarantee for your meal.,
FC000910,,"Pork crackling, internal organ",Medium,Matched reference source; some tracked nutrients are unknown.,1.0,Reference evidence and completeness; not an accuracy percentage or guarantee for your meal.,cholesterol_mg_100g
FC000911,,"Clam, kabibi",Good,Matched reference source with all tracked nutrients available.,1.0,Reference evidence and completeness; not an accuracy percentage or guarantee for your meal.,
FC000912,,"Clam, kanturi",Good,Matched reference source with all tracked nutrients available.,1.0,Reference evidence and completeness; not an accuracy percentage or guarantee for your meal.,
FC000913,,"Clam, lukan",Medium,Matched reference source; some tracked nutrients are unknown.,1.0,Reference evidence and completeness; not an accuracy percentage or guarantee for your meal.,cholesterol_mg_100g
FC000914,,"Clam, razor shell",Good,Matched reference source with all tracked nutrients available.,1.0,Reference evidence and completeness; not an accuracy percentage or guarantee for your meal.,
FC000915,,"Clam, venus",Good,Matched reference source with all tracked nutrients available.,1.0,Reference evidence and completeness; not an accuracy percentage or guarantee for your meal.,
FC000916,,"Climbing perch, common",Medium,Matched reference source; some tracked nutrients are unknown.,1.0,Reference evidence and completeness; not an accuracy percentage or guarantee for your meal.,cholesterol_mg_100g
FC000917,,"Crevalle, deep-bellied",Good,Matched reference source with all tracked nutrients available.,1.0,Reference evidence and completeness; not an accuracy percentage or guarantee for your meal.,
FC000918,,"Crevalle, even-bellied",Good,Matched reference source with all tracked nutrients available.,1.0,Reference evidence and completeness; not an accuracy percentage or guarantee for your meal.,
FC000919,,"Eel, silver pike",Medium,Matched reference source; some tracked nutrients are unknown.,1.0,Reference evidence and completeness; not an accuracy percentage or guarantee for your meal.,cholesterol_mg_100g
FC000920,,"Eel, swamp",Medium,Matched reference source; some tracked nutrients are unknown.,1.0,Reference evidence and completeness; not an accuracy percentage or guarantee for your meal.,cholesterol_mg_100g
FC000921,,Fish roe,Good,Matched reference source with all tracked nutrients available.,1.0,Reference evidence and completeness; not an accuracy percentage or guarantee for your meal.,
FC000922,,Flying fish,Good,Matched reference source with all tracked nutrients available.,1.0,Reference evidence and completeness; not an accuracy percentage or guarantee for your meal.,
FC000923,,"Garfish, common",Medium,Matched reference source; some tracked nutrients are unknown.,1.0,Reference evidence and completeness; not an accuracy percentage or guarantee for your meal.,cholesterol_mg_100g
FC000924,,"Gizzard shad, short-finned",Medium,Matched reference source; some tracked nutrients are unknown.,1.0,Reference evidence and completeness; not an accuracy percentage or guarantee for your meal.,cholesterol_mg_100g
FC000925,,"Goatfish, ochrebanded",Good,Matched reference source with all tracked nutrients available.,1.0,Reference evidence and completeness; not an accuracy percentage or guarantee for your meal.,
FC000926,,"Goby, flat-headed",Good,Matched reference source with all tracked nutrients available.,1.0,Reference evidence and completeness; not an accuracy percentage or guarantee for your meal.,
FC000927,,"Goby, long-tailed",Medium,Matched reference source; some tracked nutrients are unknown.,1.0,Reference evidence and completeness; not an accuracy percentage or guarantee for your meal.,cholesterol_mg_100g
FC000928,,Gouramy,Medium,Matched reference source; some tracked nutrients are unknown.,1.0,Reference evidence and completeness; not an accuracy percentage or guarantee for your meal.,cholesterol_mg_100g
FC000929,,"Hair tail, largehead",Medium,Matched reference source; some tracked nutrients are unknown.,1.0,Reference evidence and completeness; not an accuracy percentage or guarantee for your meal.,cholesterol_mg_100g
FC000930,,Hard-tail,Medium,Matched reference source; some tracked nutrients are unknown.,1.0,Reference evidence and completeness; not an accuracy percentage or guarantee for your meal.,cholesterol_mg_100g
FC000931,,"Herring, big-eyed",Medium,Matched reference source; some tracked nutrients are unknown.,1.0,Reference evidence and completeness; not an accuracy percentage or guarantee for your meal.,cholesterol_mg_100g
FC000932,,"Herring, deep-bodied",Medium,Matched reference source; some tracked nutrients are unknown.,1.0,Reference evidence and completeness; not an accuracy percentage or guarantee for your meal.,cholesterol_mg_100g
FC000933,,"Lizard fish, common",Good,Matched reference source with all tracked nutrients available.,1.0,Reference evidence and completeness; not an accuracy percentage or guarantee for your meal.,
FC000934,,"Moonfish, spotted",Medium,Matched reference source; some tracked nutrients are unknown.,1.0,Reference evidence and completeness; not an accuracy percentage or guarantee for your meal.,cholesterol_mg_100g
FC000935,,"Mullet, black-finned",Good,Matched reference source with all tracked nutrients available.,1.0,Reference evidence and completeness; not an accuracy percentage or guarantee for your meal.,
FC000936,,"Mullet, large-scaled",Medium,Matched reference source; some tracked nutrients are unknown.,1.0,Reference evidence and completeness; not an accuracy percentage or guarantee for your meal.,cholesterol_mg_100g
FC000937,,"Bream, doublewhip threadfin",Good,Matched reference source with all tracked nutrients available.,1.0,Reference evidence and completeness; not an accuracy percentage or guarantee for your meal.,
FC000938,,"Bream, humpnose big-eye",Medium,Matched reference source; some tracked nutrients are unknown.,1.0,Reference evidence and completeness; not an accuracy percentage or guarantee for your meal.,cholesterol_mg_100g
FC000939,,"Seabream, goldsilk",Medium,Matched reference source; some tracked nutrients are unknown.,1.0,Reference evidence and completeness; not an accuracy percentage or guarantee for your meal.,cholesterol_mg_100g
FC000940,,Sea cucumber,Good,Matched reference source with all tracked nutrients available.,1.0,Reference evidence and completeness; not an accuracy percentage or guarantee for your meal.,
FC000941,,"Siganid, javan",Medium,Matched reference source; some tracked nutrients are unknown.,1.0,Reference evidence and completeness; not an accuracy percentage or guarantee for your meal.,cholesterol_mg_100g
FC000942,,"Slipmouth, common",Medium,Matched reference source; some tracked nutrients are unknown.,1.0,Reference evidence and completeness; not an accuracy percentage or guarantee for your meal.,cholesterol_mg_100g
FC000943,,"Snail, freshwater",Good,Matched reference source with all tracked nutrients available.,1.0,Reference evidence and completeness; not an accuracy percentage or guarantee for your meal.,
FC000944,,"Snail, golden",Good,Matched reference source with all tracked nutrients available.,1.0,Reference evidence and completeness; not an accuracy percentage or guarantee for your meal.,
FC000945,,"Whiting, common",Good,Matched reference source with all tracked nutrients available.,1.0,Reference evidence and completeness; not an accuracy percentage or guarantee for your meal.,
FC000946,,"Cod, dried",Good,Matched reference source with all tracked nutrients available.,1.0,Reference evidence and completeness; not an accuracy percentage or guarantee for your meal.,
FC000947,,"Mudfish/Murrel, striated, dried",Medium,Matched reference source; some tracked nutrients are unknown.,1.0,Reference evidence and completeness; not an accuracy percentage or guarantee for your meal.,sodium_mg_100g;cholesterol_mg_100g
FC000948,,"Egg, quail, pickled",Medium,Matched reference source; some tracked nutrients are unknown.,1.0,Reference evidence and completeness; not an accuracy percentage or guarantee for your meal.,cholesterol_mg_100g
FC000949,,"Milk, carabao",Medium,Matched reference source; some tracked nutrients are unknown.,1.0,Reference evidence and completeness; not an accuracy percentage or guarantee for your meal.,sugar_g_100g
FC000950,,"Milk, goat",Good,Matched reference source with all tracked nutrients available.,1.0,Reference evidence and completeness; not an accuracy percentage or guarantee for your meal.,
FC000951,,Yoghurt,Good,Matched reference source with all tracked nutrients available.,1.0,Reference evidence and completeness; not an accuracy percentage or guarantee for your meal.,
FC000952,,Sandwich spread,Good,Matched reference source with all tracked nutrients available.,1.0,Reference evidence and completeness; not an accuracy percentage or guarantee for your meal.,
FC000953,,"Chocolate, tablea",Medium,Matched reference source; some tracked nutrients are unknown.,1.0,Reference evidence and completeness; not an accuracy percentage or guarantee for your meal.,cholesterol_mg_100g
FC000954,,Coco jam,Good,Matched reference source with all tracked nutrients available.,1.0,Reference evidence and completeness; not an accuracy percentage or guarantee for your meal.,
FC000955,,Creme custard,Good,Matched reference source with all tracked nutrients available.,1.0,Reference evidence and completeness; not an accuracy percentage or guarantee for your meal.,
FC000956,,"Fudge, milk",Good,Matched reference source with all tracked nutrients available.,1.0,Reference evidence and completeness; not an accuracy percentage or guarantee for your meal.,
FC000957,,"Fudge, yam",Good,Matched reference source with all tracked nutrients available.,1.0,Reference evidence and completeness; not an accuracy percentage or guarantee for your meal.,
FC000958,,Honey,Good,Matched reference source with all tracked nutrients available.,1.0,Reference evidence and completeness; not an accuracy percentage or guarantee for your meal.,
FC000959,,Ice candy,Medium,Matched reference source; some tracked nutrients are unknown.,1.0,Reference evidence and completeness; not an accuracy percentage or guarantee for your meal.,cholesterol_mg_100g
FC000960,,Ice drop,Good,Matched reference source with all tracked nutrients available.,1.0,Reference evidence and completeness; not an accuracy percentage or guarantee for your meal.,
FC000961,,"Jam, mango, cnd",Good,Matched reference source with all tracked nutrients available.,1.0,Reference evidence and completeness; not an accuracy percentage or guarantee for your meal.,
FC000962,,"Jam, pineapple",Good,Matched reference source with all tracked nutrients available.,1.0,Reference evidence and completeness; not an accuracy percentage or guarantee for your meal.,
FC000963,,"Jam, yam",Good,Matched reference source with all tracked nutrients available.,1.0,Reference evidence and completeness; not an accuracy percentage or guarantee for your meal.,
FC000964,,"Jelly, guava",Good,Matched reference source with all tracked nutrients available.,1.0,Reference evidence and completeness; not an accuracy percentage or guarantee for your meal.,
FC000965,,"Jelly, strawberry",Good,Matched reference source with all tracked nutrients available.,1.0,Reference evidence and completeness; not an accuracy percentage or guarantee for your meal.,
FC000966,,"Nata de coco, sweetn",Good,Matched reference source with all tracked nutrients available.,1.0,Reference evidence and completeness; not an accuracy percentage or guarantee for your meal.,
FC000967,,Peanut brittle,Good,Matched reference source with all tracked nutrients available.,1.0,Reference evidence and completeness; not an accuracy percentage or guarantee for your meal.,
FC000968,,Polvoron,Good,Matched reference source with all tracked nutrients available.,1.0,Reference evidence and completeness; not an accuracy percentage or guarantee for your meal.,
FC000969,,"Sugar, brown",Good,Matched reference source with all tracked nutrients available.,1.0,Reference evidence and completeness; not an accuracy percentage or guarantee for your meal.,
FC000970,,"Sugar, crude, pakaskas",Medium,Matched reference source; some tracked nutrients are unknown.,1.0,Reference evidence and completeness; not an accuracy percentage or guarantee for your meal.,sugar_g_100g
FC000971,,"Sugar, crude, panocha",Good,Matched reference source with all tracked nutrients available.,1.0,Reference evidence and completeness; not an accuracy percentage or guarantee for your meal.,
FC000972,,"Sugar, pwdr",Good,Matched reference source with all tracked nutrients available.,1.0,Reference evidence and completeness; not an accuracy percentage or guarantee for your meal.,
FC000973,,"Sugar, white, refined",Good,Matched reference source with all tracked nutrients available.,1.0,Reference evidence and completeness; not an accuracy percentage or guarantee for your meal.,
FC000974,,"Syrup, molasses, cane",Medium,Matched reference source; some tracked nutrients are unknown.,1.0,Reference evidence and completeness; not an accuracy percentage or guarantee for your meal.,sugar_g_100g
FC000975,,"Tamarind, candied",Medium,Matched reference source; some tracked nutrients are unknown.,1.0,Reference evidence and completeness; not an accuracy percentage or guarantee for your meal.,fiber_g_100g
FC000976,,"Sugar, coconut sap",Good,Matched reference source with all tracked nutrients available.,1.0,Reference evidence and completeness; not an accuracy percentage or guarantee for your meal.,
FC000977,,"Syrup, coconut sap",Good,Matched reference source with all tracked nutrients available.,1.0,Reference evidence and completeness; not an accuracy percentage or guarantee for your meal.,
FC000978,,"Bilimbi, dried",Medium,Matched reference source; some tracked nutrients are unknown.,1.0,Reference evidence and completeness; not an accuracy percentage or guarantee for your meal.,fiber_g_100g
FC000979,,"Bouillon cube, beef",Medium,Matched reference source; some tracked nutrients are unknown.,1.0,Reference evidence and completeness; not an accuracy percentage or guarantee for your meal.,sugar_g_100g
FC000980,,"Bouillon cube, chicken",Good,Matched reference source with all tracked nutrients available.,1.0,Reference evidence and completeness; not an accuracy percentage or guarantee for your meal.,
FC000981,,"Clam paste, ginamos",Medium,Matched reference source; some tracked nutrients are unknown.,1.0,Reference evidence and completeness; not an accuracy percentage or guarantee for your meal.,cholesterol_mg_100g
FC000982,,"Fish paste, balatohan",Good,Matched reference source with all tracked nutrients available.,1.0,Reference evidence and completeness; not an accuracy percentage or guarantee for your meal.,
FC000983,,"Fish paste, ginamos",Good,Matched reference source with all tracked nutrients available.,1.0,Reference evidence and completeness; not an accuracy percentage or guarantee for your meal.,
FC000984,,"Fish paste, siganid fry",Good,Matched reference source with all tracked nutrients available.,1.0,Reference evidence and completeness; not an accuracy percentage or guarantee for your meal.,
FC000985,,Lemon grass lvs,Medium,Matched reference source; some tracked nutrients are unknown.,1.0,Reference evidence and completeness; not an accuracy percentage or guarantee for your meal.,sugar_g_100g
FC000986,,"Lemon grass lvs, boiled",Medium,Matched reference source; some tracked nutrients are unknown.,1.0,Reference evidence and completeness; not an accuracy percentage or guarantee for your meal.,sugar_g_100g
FC000987,,"Banana, flowers, dried",Medium,Matched reference source; some tracked nutrients are unknown.,1.0,Reference evidence and completeness; not an accuracy percentage or guarantee for your meal.,fiber_g_100g;sugar_g_100g;sodium_mg_100g
FC000988,,Oyster paste,Medium,Matched reference source; some tracked nutrients are unknown.,1.0,Reference evidence and completeness; not an accuracy percentage or guarantee for your meal.,cholesterol_mg_100g
FC000989,,"Safflower, flowers, dried",Medium,Matched reference source; some tracked nutrients are unknown.,1.0,Reference evidence and completeness; not an accuracy percentage or guarantee for your meal.,sugar_g_100g
FC000990,,"Shrimp paste, bastos",Medium,Matched reference source; some tracked nutrients are unknown.,1.0,Reference evidence and completeness; not an accuracy percentage or guarantee for your meal.,cholesterol_mg_100g
FC000991,,"Vinegar, palm",Good,Matched reference source with all tracked nutrients available.,1.0,Reference evidence and completeness; not an accuracy percentage or guarantee for your meal.,
FC000992,,"Vinegar, pineapple",Good,Matched reference source with all tracked nutrients available.,1.0,Reference evidence and completeness; not an accuracy percentage or guarantee for your meal.,
FC000993,,"Beer, lager type",Good,Matched reference source with all tracked nutrients available.,1.0,Reference evidence and completeness; not an accuracy percentage or guarantee for your meal.,
FC000994,,"Palm sap, fermented",Good,Matched reference source with all tracked nutrients available.,1.0,Reference evidence and completeness; not an accuracy percentage or guarantee for your meal.,
FC000995,,Rum,Good,Matched reference source with all tracked nutrients available.,1.0,Reference evidence and completeness; not an accuracy percentage or guarantee for your meal.,
FC000996,,"Sugarcane, fermented",Good,Matched reference source with all tracked nutrients available.,1.0,Reference evidence and completeness; not an accuracy percentage or guarantee for your meal.,
FC000997,,"Wine, Chinese",Good,Matched reference source with all tracked nutrients available.,1.0,Reference evidence and completeness; not an accuracy percentage or guarantee for your meal.,
FC000998,,"chocolate-flavor drink, prepared",Good,Matched reference source with all tracked nutrients available.,1.0,Reference evidence and completeness; not an accuracy percentage or guarantee for your meal.,
FC000999,,"chocolate-flavor drink, powder",Good,Matched reference source with all tracked nutrients available.,1.0,Reference evidence and completeness; not an accuracy percentage or guarantee for your meal.,
FC001000,,"chocolate-flavor drink, UHT",Good,Matched reference source with all tracked nutrients available.,1.0,Reference evidence and completeness; not an accuracy percentage or guarantee for your meal.,
FC001001,,"Cocoa, powder, local",Good,Matched reference source with all tracked nutrients available.,1.0,Reference evidence and completeness; not an accuracy percentage or guarantee for your meal.,
FC001002,,"Fruit juice drink concentrate, calamansi",Good,Matched reference source with all tracked nutrients available.,1.0,Reference evidence and completeness; not an accuracy percentage or guarantee for your meal.,
FC001003,,"Fruit juice drink concentrate, guyabano",Good,Matched reference source with all tracked nutrients available.,1.0,Reference evidence and completeness; not an accuracy percentage or guarantee for your meal.,
FC001004,,"Fruit juice drink concentrate, mango",Good,Matched reference source with all tracked nutrients available.,1.0,Reference evidence and completeness; not an accuracy percentage or guarantee for your meal.,
FC001005,,"Fruit juice drink concentrate, orange",Good,Matched reference source with all tracked nutrients available.,1.0,Reference evidence and completeness; not an accuracy percentage or guarantee for your meal.,
FC001006,,"Juice, apple, canned",Good,Matched reference source with all tracked nutrients available.,1.0,Reference evidence and completeness; not an accuracy percentage or guarantee for your meal.,
FC001007,,"Juice, calamansi (nectar)",Good,Matched reference source with all tracked nutrients available.,1.0,Reference evidence and completeness; not an accuracy percentage or guarantee for your meal.,
FC001008,,"Juice, mango",Good,Matched reference source with all tracked nutrients available.,1.0,Reference evidence and completeness; not an accuracy percentage or guarantee for your meal.,
FC001009,,"Juice, orange, unsweetened, canned",Good,Matched reference source with all tracked nutrients available.,1.0,Reference evidence and completeness; not an accuracy percentage or guarantee for your meal.,
FC001010,,"Juice, pineapple, canned",Good,Matched reference source with all tracked nutrients available.,1.0,Reference evidence and completeness; not an accuracy percentage or guarantee for your meal.,
FC001011,,"Juice, sugarcane",Good,Matched reference source with all tracked nutrients available.,1.0,Reference evidence and completeness; not an accuracy percentage or guarantee for your meal.,
FC001012,,"Juice, tomato, canned",Good,Matched reference source with all tracked nutrients available.,1.0,Reference evidence and completeness; not an accuracy percentage or guarantee for your meal.,
FC001013,,"Lemon tea drink, ttb",Good,Matched reference source with all tracked nutrients available.,1.0,Reference evidence and completeness; not an accuracy percentage or guarantee for your meal.,
FC001014,,"Softdrink, cola",Good,Matched reference source with all tracked nutrients available.,1.0,Reference evidence and completeness; not an accuracy percentage or guarantee for your meal.,
FC001015,,"Softdrink, orange flavor",Good,Matched reference source with all tracked nutrients available.,1.0,Reference evidence and completeness; not an accuracy percentage or guarantee for your meal.,
FC001016,,Soybean milk drink,Good,Matched reference source with all tracked nutrients available.,1.0,Reference evidence and completeness; not an accuracy percentage or guarantee for your meal.,
FC001017,,"Tea, prepared with  water, no sugar",Good,Matched reference source with all tracked nutrients available.,1.0,Reference evidence and completeness; not an accuracy percentage or guarantee for your meal.,
FC001018,,Cheese pimiento sandwich,Good,Matched reference source with all tracked nutrients available.,1.0,Reference evidence and completeness; not an accuracy percentage or guarantee for your meal.,
FC001019,,Glutinous rice w/ mung bean & cocomilk,Good,Matched reference source with all tracked nutrients available.,1.0,Reference evidence and completeness; not an accuracy percentage or guarantee for your meal.,
FC001020,,Hamburger sandwich w/ coleslaw,Medium,Matched reference source; some tracked nutrients are unknown.,1.0,Reference evidence and completeness; not an accuracy percentage or guarantee for your meal.,fiber_g_100g;sugar_g_100g
FC001021,,"Hamburger sandwich, reg",Good,Matched reference source with all tracked nutrients available.,1.0,Reference evidence and completeness; not an accuracy percentage or guarantee for your meal.,
FC001022,,Meat pie,Good,Matched reference source with all tracked nutrients available.,1.0,Reference evidence and completeness; not an accuracy percentage or guarantee for your meal.,
FC001023,,Meat roll,Good,Matched reference source with all tracked nutrients available.,1.0,Reference evidence and completeness; not an accuracy percentage or guarantee for your meal.,
FC001024,,"Spaghetti, meat balls & tomato sce, cnd",Good,Matched reference source with all tracked nutrients available.,1.0,Reference evidence and completeness; not an accuracy percentage or guarantee for your meal.,
FC001025,,"Spaghetti, Vienna sausage & tomato sce, cnd",Good,Matched reference source with all tracked nutrients available.,1.0,Reference evidence and completeness; not an accuracy percentage or guarantee for your meal.,
FC001026,,Pineapple pie,Medium,Matched reference source; some tracked nutrients are unknown.,1.0,Reference evidence and completeness; not an accuracy percentage or guarantee for your meal.,fiber_g_100g
FC001027,,Pizza pie,Good,Matched reference source with all tracked nutrients available.,1.0,Reference evidence and completeness; not an accuracy percentage or guarantee for your meal.,
FC001028,,"Milk fish, w/ black beans, cnd",Medium,Matched reference source; some tracked nutrients are unknown.,1.0,Reference evidence and completeness; not an accuracy percentage or guarantee for your meal.,cholesterol_mg_100g
FC001029,,"Spring roll, crab, unckd",Good,Matched reference source with all tracked nutrients available.,1.0,Reference evidence and completeness; not an accuracy percentage or guarantee for your meal.,
FC001030,,"Spring roll, fish, unckd",Good,Matched reference source with all tracked nutrients available.,1.0,Reference evidence and completeness; not an accuracy percentage or guarantee for your meal.,
FC001031,,"Spring roll, shrimp, unckd",Good,Matched reference source with all tracked nutrients available.,1.0,Reference evidence and completeness; not an accuracy percentage or guarantee for your meal.,
FC001032,,"Beef callos, cnd",Medium,Matched reference source; some tracked nutrients are unknown.,1.0,Reference evidence and completeness; not an accuracy percentage or guarantee for your meal.,cholesterol_mg_100g
FC001033,,"Beef curry, cnd",Medium,Matched reference source; some tracked nutrients are unknown.,1.0,Reference evidence and completeness; not an accuracy percentage or guarantee for your meal.,fiber_g_100g;cholesterol_mg_100g
FC001034,,"Beef roll, mechado, cnd",Medium,Matched reference source; some tracked nutrients are unknown.,1.0,Reference evidence and completeness; not an accuracy percentage or guarantee for your meal.,cholesterol_mg_100g
FC001035,,"Beef roll, morcon, cnd",Medium,Matched reference source; some tracked nutrients are unknown.,1.0,Reference evidence and completeness; not an accuracy percentage or guarantee for your meal.,cholesterol_mg_100g
FC001036,,"Beef steak, cnd",Medium,Matched reference source; some tracked nutrients are unknown.,1.0,Reference evidence and completeness; not an accuracy percentage or guarantee for your meal.,cholesterol_mg_100g
FC001037,,"Beef stew, cnd",Good,Matched reference source with all tracked nutrients available.,1.0,Reference evidence and completeness; not an accuracy percentage or guarantee for your meal.,
FC001038,,"Chicken stew, cnd",Good,Matched reference source with all tracked nutrients available.,1.0,Reference evidence and completeness; not an accuracy percentage or guarantee for your meal.,
FC001039,,"Duck meat, pato tim, cnd",Medium,Matched reference source; some tracked nutrients are unknown.,1.0,Reference evidence and completeness; not an accuracy percentage or guarantee for your meal.,cholesterol_mg_100g
FC001040,,"Pork afritada, cnd",Medium,Matched reference source; some tracked nutrients are unknown.,1.0,Reference evidence and completeness; not an accuracy percentage or guarantee for your meal.,cholesterol_mg_100g
FC001041,,"Pork humba, cnd",Medium,Matched reference source; some tracked nutrients are unknown.,1.0,Reference evidence and completeness; not an accuracy percentage or guarantee for your meal.,fiber_g_100g;sugar_g_100g;sodium_mg_100g;cholesterol_mg_100g
FC001042,,"Pork leg, pinaksiw, cnd",Medium,Matched reference source; some tracked nutrients are unknown.,1.0,Reference evidence and completeness; not an accuracy percentage or guarantee for your meal.,cholesterol_mg_100g
FC001043,,"Pork pastel, cnd",Medium,Matched reference source; some tracked nutrients are unknown.,1.0,Reference evidence and completeness; not an accuracy percentage or guarantee for your meal.,cholesterol_mg_100g
FC001044,,"Pork, roasted, pinaksiw, cnd",Medium,Matched reference source; some tracked nutrients are unknown.,1.0,Reference evidence and completeness; not an accuracy percentage or guarantee for your meal.,cholesterol_mg_100g
FC001045,,"Spring roll, beef, unckd",Good,Matched reference source with all tracked nutrients available.,1.0,Reference evidence and completeness; not an accuracy percentage or guarantee for your meal.,
FC001046,,"Spring roll, chicken, unckd",Good,Matched reference source with all tracked nutrients available.,1.0,Reference evidence and completeness; not an accuracy percentage or guarantee for your meal.,
FC001047,,"Soup, chicken noodle, cnd",Good,Matched reference source with all tracked nutrients available.,1.0,Reference evidence and completeness; not an accuracy percentage or guarantee for your meal.,
FC001048,,"Fish, salmon, Atlantic, farmed, raw",Good,Matched reference source with all tracked nutrients available.,1.0,Reference evidence and completeness; not an accuracy percentage or guarantee for your meal.,
FC001049,,"Fish, salmon, Atlantic, farmed, cooked, dry heat",Good,Matched reference source with all tracked nutrients available.,1.0,Reference evidence and completeness; not an accuracy percentage or guarantee for your meal.,
FC001050,,"Fish, salmon, Atlantic, wild, raw",Medium,Matched reference source; some tracked nutrients are unknown.,1.0,Reference evidence and completeness; not an accuracy percentage or guarantee for your meal.,sugar_g_100g
FC001051,,"Fish, salmon, Atlantic, wild, cooked, dry heat",Medium,Matched reference source; some tracked nutrients are unknown.,1.0,Reference evidence and completeness; not an accuracy percentage or guarantee for your meal.,sugar_g_100g
FC001052,,"Fish, salmon, coho, wild, raw",Good,Matched reference source with all tracked nutrients available.,1.0,Reference evidence and completeness; not an accuracy percentage or guarantee for your meal.,
FC001053,,"Fish, salmon, coho, wild, cooked, dry heat",Good,Matched reference source with all tracked nutrients available.,1.0,Reference evidence and completeness; not an accuracy percentage or guarantee for your meal.,
FC001054,,"Fish, salmon, sockeye, raw",Good,Matched reference source with all tracked nutrients available.,1.0,Reference evidence and completeness; not an accuracy percentage or guarantee for your meal.,
FC001055,,"Fish, salmon, sockeye, cooked, dry heat",Good,Matched reference source with all tracked nutrients available.,1.0,Reference evidence and completeness; not an accuracy percentage or guarantee for your meal.,
FC001056,,"Fish, salmon, pink, raw",Good,Matched reference source with all tracked nutrients available.,1.0,Reference evidence and completeness; not an accuracy percentage or guarantee for your meal.,
FC001057,,"Fish, salmon, pink, cooked, dry heat",Good,Matched reference source with all tracked nutrients available.,1.0,Reference evidence and completeness; not an accuracy percentage or guarantee for your meal.,
FC001058,,"Fish, salmon, pink, canned, total can contents",Good,Matched reference source with all tracked nutrients available.,1.0,Reference evidence and completeness; not an accuracy percentage or guarantee for your meal.,
FC001059,,"Fish, salmon, sockeye, canned, drained solids",Good,Matched reference source with all tracked nutrients available.,1.0,Reference evidence and completeness; not an accuracy percentage or guarantee for your meal.,
FC001060,,"Fish, trout, rainbow, farmed, raw",Good,Matched reference source with all tracked nutrients available.,1.0,Reference evidence and completeness; not an accuracy percentage or guarantee for your meal.,
FC001061,,"Fish, trout, rainbow, farmed, cooked, dry heat",Good,Matched reference source with all tracked nutrients available.,1.0,Reference evidence and completeness; not an accuracy percentage or guarantee for your meal.,
FC001062,,"Fish, trout, rainbow, wild, raw",Medium,Matched reference source; some tracked nutrients are unknown.,1.0,Reference evidence and completeness; not an accuracy percentage or guarantee for your meal.,sugar_g_100g
FC001063,,"Fish, trout, rainbow, wild, cooked, dry heat",Medium,Matched reference source; some tracked nutrients are unknown.,1.0,Reference evidence and completeness; not an accuracy percentage or guarantee for your meal.,sugar_g_100g
FC001064,,"Fish, cod, Atlantic, raw",Good,Matched reference source with all tracked nutrients available.,1.0,Reference evidence and completeness; not an accuracy percentage or guarantee for your meal.,
FC001065,,"Fish, cod, Atlantic, cooked, dry heat",Good,Matched reference source with all tracked nutrients available.,1.0,Reference evidence and completeness; not an accuracy percentage or guarantee for your meal.,
FC001066,,"Fish, cod, Pacific, raw (may have been previously frozen)",Good,Matched reference source with all tracked nutrients available.,1.0,Reference evidence and completeness; not an accuracy percentage or guarantee for your meal.,
FC001067,,"Fish, cod, Pacific, cooked",Medium,Matched reference source; some tracked nutrients are unknown.,1.0,Reference evidence and completeness; not an accuracy percentage or guarantee for your meal.,fiber_g_100g;sugar_g_100g
FC001068,,"Fish, haddock, raw",Good,Matched reference source with all tracked nutrients available.,1.0,Reference evidence and completeness; not an accuracy percentage or guarantee for your meal.,
FC001069,,"Fish, haddock, cooked, dry heat",Good,Matched reference source with all tracked nutrients available.,1.0,Reference evidence and completeness; not an accuracy percentage or guarantee for your meal.,
FC001070,,"Fish, haddock, smoked",Good,Matched reference source with all tracked nutrients available.,1.0,Reference evidence and completeness; not an accuracy percentage or guarantee for your meal.,
FC001071,,"Fish, pollock, Alaska, raw",Medium,Matched reference source; some tracked nutrients are unknown.,1.0,Reference evidence and completeness; not an accuracy percentage or guarantee for your meal.,fiber_g_100g;sugar_g_100g
FC001072,,"Fish, pollock, Alaska, cooked",Medium,Matched reference source; some tracked nutrients are unknown.,1.0,Reference evidence and completeness; not an accuracy percentage or guarantee for your meal.,fiber_g_100g;sugar_g_100g
FC001073,,"Fish, halibut, Atlantic and Pacific, raw",Good,Matched reference source with all tracked nutrients available.,1.0,Reference evidence and completeness; not an accuracy percentage or guarantee for your meal.,
FC001074,,"Fish, halibut, Atlantic and Pacific, cooked, dry heat",Good,Matched reference source with all tracked nutrients available.,1.0,Reference evidence and completeness; not an accuracy percentage or guarantee for your meal.,
FC001075,,"Mollusks, scallop, mixed species, raw",Good,Matched reference source with all tracked nutrients available.,1.0,Reference evidence and completeness; not an accuracy percentage or guarantee for your meal.,
FC001076,,"Mollusks, scallop, (bay and sea), cooked, steamed",Good,Matched reference source with all tracked nutrients available.,1.0,Reference evidence and completeness; not an accuracy percentage or guarantee for your meal.,
FC001077,,"Mollusks, scallop, mixed species, cooked, breaded and fried",Medium,Matched reference source; some tracked nutrients are unknown.,1.0,Reference evidence and completeness; not an accuracy percentage or guarantee for your meal.,fiber_g_100g;sugar_g_100g
FC001078,,"Crustaceans, lobster, northern, raw",Good,Matched reference source with all tracked nutrients available.,1.0,Reference evidence and completeness; not an accuracy percentage or guarantee for your meal.,
FC001079,,"Crustaceans, lobster, northern, cooked, moist heat",Good,Matched reference source with all tracked nutrients available.,1.0,Reference evidence and completeness; not an accuracy percentage or guarantee for your meal.,
FC001080,,"Broccoli, raw",Good,Matched reference source with all tracked nutrients available.,1.0,Reference evidence and completeness; not an accuracy percentage or guarantee for your meal.,
FC001081,,"Broccoli, cooked, boiled, drained, without salt",Good,Matched reference source with all tracked nutrients available.,1.0,Reference evidence and completeness; not an accuracy percentage or guarantee for your meal.,
FC001082,,"Broccoli, frozen, chopped, cooked, boiled, drained, without salt",Good,Matched reference source with all tracked nutrients available.,1.0,Reference evidence and completeness; not an accuracy percentage or guarantee for your meal.,
FC001083,,"Broccoli, chinese, raw",Good,Matched reference source with all tracked nutrients available.,1.0,Reference evidence and completeness; not an accuracy percentage or guarantee for your meal.,
FC001084,,"Spinach, raw",Good,Matched reference source with all tracked nutrients available.,1.0,Reference evidence and completeness; not an accuracy percentage or guarantee for your meal.,
FC001085,,"Spinach, cooked, boiled, drained, without salt",Good,Matched reference source with all tracked nutrients available.,1.0,Reference evidence and completeness; not an accuracy percentage or guarantee for your meal.,
FC001086,,"Spinach, frozen, chopped or leaf, cooked, boiled, drained, without salt",Good,Matched reference source with all tracked nutrients available.,1.0,Reference evidence and completeness; not an accuracy percentage or guarantee for your meal.,
FC001087,,"Brussels sprouts, raw",Good,Matched reference source with all tracked nutrients available.,1.0,Reference evidence and completeness; not an accuracy percentage or guarantee for your meal.,
FC001088,,"Brussels sprouts, cooked, boiled, drained, without salt",Good,Matched reference source with all tracked nutrients available.,1.0,Reference evidence and completeness; not an accuracy percentage or guarantee for your meal.,
FC001089,,"Brussels sprouts, frozen, cooked, boiled, drained, without salt",Good,Matched reference source with all tracked nutrients available.,1.0,Reference evidence and completeness; not an accuracy percentage or guarantee for your meal.,
FC001090,,"Artichokes, (globe or french), raw",Good,Matched reference source with all tracked nutrients available.,1.0,Reference evidence and completeness; not an accuracy percentage or guarantee for your meal.,
FC001091,,"Artichokes, (globe or french), cooked, boiled, drained, without salt",Good,Matched reference source with all tracked nutrients available.,1.0,Reference evidence and completeness; not an accuracy percentage or guarantee for your meal.,
FC001092,,"Artichokes, (globe or french), frozen, cooked, boiled, drained, without salt",Good,Matched reference source with all tracked nutrients available.,1.0,Reference evidence and completeness; not an accuracy percentage or guarantee for your meal.,
FC001093,,"Asparagus, raw",Good,Matched reference source with all tracked nutrients available.,1.0,Reference evidence and completeness; not an accuracy percentage or guarantee for your meal.,
FC001094,,"Asparagus, cooked, boiled, drained",Good,Matched reference source with all tracked nutrients available.,1.0,Reference evidence and completeness; not an accuracy percentage or guarantee for your meal.,
FC001095,,"Asparagus, frozen, cooked, boiled, drained, without salt",Good,Matched reference source with all tracked nutrients available.,1.0,Reference evidence and completeness; not an accuracy percentage or guarantee for your meal.,
FC001096,,"Arugula, raw",Good,Matched reference source with all tracked nutrients available.,1.0,Reference evidence and completeness; not an accuracy percentage or guarantee for your meal.,
FC001097,,"Leeks, (bulb and lower leaf-portion), raw",Good,Matched reference source with all tracked nutrients available.,1.0,Reference evidence and completeness; not an accuracy percentage or guarantee for your meal.,
FC001098,,"Leeks, (bulb and lower leaf-portion), cooked, boiled, drained, without salt",Good,Matched reference source with all tracked nutrients available.,1.0,Reference evidence and completeness; not an accuracy percentage or guarantee for your meal.,
FC001099,,"Fennel, bulb, raw",Good,Matched reference source with all tracked nutrients available.,1.0,Reference evidence and completeness; not an accuracy percentage or guarantee for your meal.,
FC001100,,"Blueberries, raw",Good,Matched reference source with all tracked nutrients available.,1.0,Reference evidence and completeness; not an accuracy percentage or guarantee for your meal.,
FC001101,,"Blueberries, frozen, unsweetened (Includes foods for USDA's Food Distribution Program)",Good,Matched reference source with all tracked nutrients available.,1.0,Reference evidence and completeness; not an accuracy percentage or guarantee for your meal.,
FC001102,,"Raspberries, raw",Good,Matched reference source with all tracked nutrients available.,1.0,Reference evidence and completeness; not an accuracy percentage or guarantee for your meal.,
FC001103,,"Raspberries, frozen, red, unsweetened",Good,Matched reference source with all tracked nutrients available.,1.0,Reference evidence and completeness; not an accuracy percentage or guarantee for your meal.,
FC001104,,"Blackberries, raw",Good,Matched reference source with all tracked nutrients available.,1.0,Reference evidence and completeness; not an accuracy percentage or guarantee for your meal.,
FC001105,,"Blackberries, frozen, unsweetened",Good,Matched reference source with all tracked nutrients available.,1.0,Reference evidence and completeness; not an accuracy percentage or guarantee for your meal.,
FC001106,,"Cranberries, raw",Good,Matched reference source with all tracked nutrients available.,1.0,Reference evidence and completeness; not an accuracy percentage or guarantee for your meal.,
FC001107,,"Cranberries, dried, sweetened (Includes foods for USDA's Food Distribution Program)",Good,Matched reference source with all tracked nutrients available.,1.0,Reference evidence and completeness; not an accuracy percentage or guarantee for your meal.,
FC001108,,"Apricots, raw",Good,Matched reference source with all tracked nutrients available.,1.0,Reference evidence and completeness; not an accuracy percentage or guarantee for your meal.,
FC001109,,"Apricots, dried, sulfured, uncooked",Good,Matched reference source with all tracked nutrients available.,1.0,Reference evidence and completeness; not an accuracy percentage or guarantee for your meal.,
FC001110,,"Kiwifruit, green, raw",Good,Matched reference source with all tracked nutrients available.,1.0,Reference evidence and completeness; not an accuracy percentage or guarantee for your meal.,
FC001111,,"Grapefruit, raw, pink and red, all areas",Good,Matched reference source with all tracked nutrients available.,1.0,Reference evidence and completeness; not an accuracy percentage or guarantee for your meal.,
FC001112,,"Grapefruit, raw, white, all areas",Good,Matched reference source with all tracked nutrients available.,1.0,Reference evidence and completeness; not an accuracy percentage or guarantee for your meal.,
FC001113,,"Cherries, sweet, raw",Good,Matched reference source with all tracked nutrients available.,1.0,Reference evidence and completeness; not an accuracy percentage or guarantee for your meal.,
FC001114,,"Cherries, sour, red, raw",Good,Matched reference source with all tracked nutrients available.,1.0,Reference evidence and completeness; not an accuracy percentage or guarantee for your meal.,
FC001115,,"Plums, raw",Good,Matched reference source with all tracked nutrients available.,1.0,Reference evidence and completeness; not an accuracy percentage or guarantee for your meal.,
FC001116,,"Quinoa, uncooked",Medium,Matched reference source; some tracked nutrients are unknown.,1.0,Reference evidence and completeness; not an accuracy percentage or guarantee for your meal.,sugar_g_100g
FC001117,,"Quinoa, cooked",Good,Matched reference source with all tracked nutrients available.,1.0,Reference evidence and completeness; not an accuracy percentage or guarantee for your meal.,
FC001118,,"Bulgur, dry",Good,Matched reference source with all tracked nutrients available.,1.0,Reference evidence and completeness; not an accuracy percentage or guarantee for your meal.,
FC001119,,"Bulgur, cooked",Good,Matched reference source with all tracked nutrients available.,1.0,Reference evidence and completeness; not an accuracy percentage or guarantee for your meal.,
FC001120,,"Couscous, dry",Medium,Matched reference source; some tracked nutrients are unknown.,1.0,Reference evidence and completeness; not an accuracy percentage or guarantee for your meal.,sugar_g_100g
FC001121,,"Couscous, cooked",Good,Matched reference source with all tracked nutrients available.,1.0,Reference evidence and completeness; not an accuracy percentage or guarantee for your meal.,
FC001122,,"Barley, pearled, raw",Good,Matched reference source with all tracked nutrients available.,1.0,Reference evidence and completeness; not an accuracy percentage or guarantee for your meal.,
FC001123,,"Barley, pearled, cooked",Good,Matched reference source with all tracked nutrients available.,1.0,Reference evidence and completeness; not an accuracy percentage or guarantee for your meal.,
FC001124,,"Lentils, raw",Good,Matched reference source with all tracked nutrients available.,1.0,Reference evidence and completeness; not an accuracy percentage or guarantee for your meal.,
FC001125,,"Lentils, mature seeds, cooked, boiled, without salt",Good,Matched reference source with all tracked nutrients available.,1.0,Reference evidence and completeness; not an accuracy percentage or guarantee for your meal.,
FC001126,,"Lentils, pink or red, raw",Medium,Matched reference source; some tracked nutrients are unknown.,1.0,Reference evidence and completeness; not an accuracy percentage or guarantee for your meal.,sugar_g_100g
FC001127,,"Nuts, almonds",Good,Matched reference source with all tracked nutrients available.,1.0,Reference evidence and completeness; not an accuracy percentage or guarantee for your meal.,
FC001128,,"Nuts, almonds, dry roasted, without salt added",Good,Matched reference source with all tracked nutrients available.,1.0,Reference evidence and completeness; not an accuracy percentage or guarantee for your meal.,
FC001129,,"Nuts, almonds, blanched",Good,Matched reference source with all tracked nutrients available.,1.0,Reference evidence and completeness; not an accuracy percentage or guarantee for your meal.,
FC001130,,"Nuts, walnuts, black, dried",Good,Matched reference source with all tracked nutrients available.,1.0,Reference evidence and completeness; not an accuracy percentage or guarantee for your meal.,
FC001131,,"Nuts, walnuts, english",Good,Matched reference source with all tracked nutrients available.,1.0,Reference evidence and completeness; not an accuracy percentage or guarantee for your meal.,
FC001132,,"Nuts, pistachio nuts, raw",Good,Matched reference source with all tracked nutrients available.,1.0,Reference evidence and completeness; not an accuracy percentage or guarantee for your meal.,
FC001133,,"Nuts, pistachio nuts, dry roasted, without salt added",Good,Matched reference source with all tracked nutrients available.,1.0,Reference evidence and completeness; not an accuracy percentage or guarantee for your meal.,
FC001134,,"Nuts, pecans",Good,Matched reference source with all tracked nutrients available.,1.0,Reference evidence and completeness; not an accuracy percentage or guarantee for your meal.,
FC001135,,"Nuts, pecans, dry roasted, without salt added",Good,Matched reference source with all tracked nutrients available.,1.0,Reference evidence and completeness; not an accuracy percentage or guarantee for your meal.,
FC001136,,"Nuts, hazelnuts or filberts",Good,Matched reference source with all tracked nutrients available.,1.0,Reference evidence and completeness; not an accuracy percentage or guarantee for your meal.,
FC001137,,"Nuts, hazelnuts or filberts, dry roasted, without salt added",Good,Matched reference source with all tracked nutrients available.,1.0,Reference evidence and completeness; not an accuracy percentage or guarantee for your meal.,
FC001138,,"Seeds, chia seeds, dried",Medium,Matched reference source; some tracked nutrients are unknown.,1.0,Reference evidence and completeness; not an accuracy percentage or guarantee for your meal.,sugar_g_100g
FC001139,,"Seeds, flaxseed",Good,Matched reference source with all tracked nutrients available.,1.0,Reference evidence and completeness; not an accuracy percentage or guarantee for your meal.,
FC001140,,"Broccoli, flower clusters, raw",Good,Matched reference source with all tracked nutrients available.,1.0,Reference evidence and completeness; not an accuracy percentage or guarantee for your meal.,
FC001141,,"Broccoli, stalks, raw",Medium,Matched reference source; some tracked nutrients are unknown.,1.0,Reference evidence and completeness; not an accuracy percentage or guarantee for your meal.,fiber_g_100g;sugar_g_100g
FC001142,,"Broccoli, cooked, boiled, drained, with salt",Good,Matched reference source with all tracked nutrients available.,1.0,Reference evidence and completeness; not an accuracy percentage or guarantee for your meal.,
FC001143,,"Brussels sprouts, cooked, boiled, drained, with salt",Good,Matched reference source with all tracked nutrients available.,1.0,Reference evidence and completeness; not an accuracy percentage or guarantee for your meal.,
FC001144,,"Cherries, sweet, canned, water pack, solids and liquids",Good,Matched reference source with all tracked nutrients available.,1.0,Reference evidence and completeness; not an accuracy percentage or guarantee for your meal.,
FC001145,,"Cherries, sour, red, canned, water pack, solids and liquids",Good,Matched reference source with all tracked nutrients available.,1.0,Reference evidence and completeness; not an accuracy percentage or guarantee for your meal.,
FC001146,,"Broccoli, frozen, chopped, unprepared",Good,Matched reference source with all tracked nutrients available.,1.0,Reference evidence and completeness; not an accuracy percentage or guarantee for your meal.,
FC001147,,"Asparagus, frozen, unprepared",Medium,Matched reference source; some tracked nutrients are unknown.,1.0,Reference evidence and completeness; not an accuracy percentage or guarantee for your meal.,sugar_g_100g
FC001148,,"Ceylon moss/Agar-agar, in light syrup",Good,Matched reference source with all tracked nutrients available.,1.0,Reference evidence and completeness; not an accuracy percentage or guarantee for your meal.,
FC001149,,"chocolate-flavor energy drink, granules, fortified",Good,Matched reference source with all tracked nutrients available.,1.0,Reference evidence and completeness; not an accuracy percentage or guarantee for your meal.,
FC001150,,"chocolate-flavor energy drink, powder, fortified",Medium,Matched reference source; some tracked nutrients are unknown.,1.0,Reference evidence and completeness; not an accuracy percentage or guarantee for your meal.,sugar_g_100g
FC001151,,"chocolate-flavor food milk, powder",Medium,Matched reference source; some tracked nutrients are unknown.,1.0,Reference evidence and completeness; not an accuracy percentage or guarantee for your meal.,sugar_g_100g
FC001152,,"Fruit juice drink concentrate, grape",Good,Matched reference source with all tracked nutrients available.,1.0,Reference evidence and completeness; not an accuracy percentage or guarantee for your meal.,
FC001153,,"Fruit juice drink concentrate, grapefruit",Good,Matched reference source with all tracked nutrients available.,1.0,Reference evidence and completeness; not an accuracy percentage or guarantee for your meal.,
FC001154,,"Fruit juice drink, apple, ttb",Good,Matched reference source with all tracked nutrients available.,1.0,Reference evidence and completeness; not an accuracy percentage or guarantee for your meal.,
FC001155,,"Fruit juice drink, citrus cooler, ttb",Good,Matched reference source with all tracked nutrients available.,1.0,Reference evidence and completeness; not an accuracy percentage or guarantee for your meal.,
FC001156,,"Fruit juice drink, grape, ttpk",Good,Matched reference source with all tracked nutrients available.,1.0,Reference evidence and completeness; not an accuracy percentage or guarantee for your meal.,
FC001157,,"Fruit juice drink, guava, ttpk",Good,Matched reference source with all tracked nutrients available.,1.0,Reference evidence and completeness; not an accuracy percentage or guarantee for your meal.,
FC001158,,"Fruit juice drink, guyabano, bottled",Good,Matched reference source with all tracked nutrients available.,1.0,Reference evidence and completeness; not an accuracy percentage or guarantee for your meal.,
FC001159,,"Fruit juice drink, mango, bottled",Good,Matched reference source with all tracked nutrients available.,1.0,Reference evidence and completeness; not an accuracy percentage or guarantee for your meal.,
FC001160,,"Fruit juice drink, mango, polyfoil",Good,Matched reference source with all tracked nutrients available.,1.0,Reference evidence and completeness; not an accuracy percentage or guarantee for your meal.,
FC001161,,"Fruit juice drink, mango, ttb",Good,Matched reference source with all tracked nutrients available.,1.0,Reference evidence and completeness; not an accuracy percentage or guarantee for your meal.,
FC001162,,"Fruit juice drink, orange & pineapple, ttb",Good,Matched reference source with all tracked nutrients available.,1.0,Reference evidence and completeness; not an accuracy percentage or guarantee for your meal.,
FC001163,,"Fruit juice drink, orange, bottled",Good,Matched reference source with all tracked nutrients available.,1.0,Reference evidence and completeness; not an accuracy percentage or guarantee for your meal.,
FC001164,,"Fruit juice drink, orange, polyfoil",Good,Matched reference source with all tracked nutrients available.,1.0,Reference evidence and completeness; not an accuracy percentage or guarantee for your meal.,
FC001165,,"Fruit juice drink, orange, ttb",Good,Matched reference source with all tracked nutrients available.,1.0,Reference evidence and completeness; not an accuracy percentage or guarantee for your meal.,
FC001166,,"Fruit juice drink, pineapple & lychee, ttb",Medium,Matched reference source; some tracked nutrients are unknown.,1.0,Reference evidence and completeness; not an accuracy percentage or guarantee for your meal.,fiber_g_100g;sugar_g_100g;sodium_mg_100g
FC001167,,"Fruit juice drink, pineapple & orange, canned",Good,Matched reference source with all tracked nutrients available.,1.0,Reference evidence and completeness; not an accuracy percentage or guarantee for your meal.,
FC001168,,"Fruit juice drink, pineapple, ttb",Good,Matched reference source with all tracked nutrients available.,1.0,Reference evidence and completeness; not an accuracy percentage or guarantee for your meal.,
FC001169,,"Fruit juice drink, strawberry, polyfoil",Good,Matched reference source with all tracked nutrients available.,1.0,Reference evidence and completeness; not an accuracy percentage or guarantee for your meal.,
FC001170,,"Fruit juice drink, sugarcane, ttb",Good,Matched reference source with all tracked nutrients available.,1.0,Reference evidence and completeness; not an accuracy percentage or guarantee for your meal.,
FC001171,,"Fruit-flavor drink concentrate, orange",Good,Matched reference source with all tracked nutrients available.,1.0,Reference evidence and completeness; not an accuracy percentage or guarantee for your meal.,
FC001172,,"Fruit-flavor drink concentrate, strawberry",Good,Matched reference source with all tracked nutrients available.,1.0,Reference evidence and completeness; not an accuracy percentage or guarantee for your meal.,
FC001173,,"Fruit-flavor drink, powder, orange",Good,Matched reference source with all tracked nutrients available.,1.0,Reference evidence and completeness; not an accuracy percentage or guarantee for your meal.,
FC001174,,"Juice, pineapple & grapefruit, canned",Medium,Matched reference source; some tracked nutrients are unknown.,1.0,Reference evidence and completeness; not an accuracy percentage or guarantee for your meal.,sugar_g_100g
FC001175,,Sago in light syrup,Good,Matched reference source with all tracked nutrients available.,1.0,Reference evidence and completeness; not an accuracy percentage or guarantee for your meal.,
FC001176,,"Soy drink, powder, plain",Good,Matched reference source with all tracked nutrients available.,1.0,Reference evidence and completeness; not an accuracy percentage or guarantee for your meal.,
FC001177,,"Soy drink, powder, corn flavor",Good,Matched reference source with all tracked nutrients available.,1.0,Reference evidence and completeness; not an accuracy percentage or guarantee for your meal.,
FC001178,,"Soy drink, powder, pandan flavor",Good,Matched reference source with all tracked nutrients available.,1.0,Reference evidence and completeness; not an accuracy percentage or guarantee for your meal.,
FC001179,,"Soybean milk drink, chocolate-flavor",Good,Matched reference source with all tracked nutrients available.,1.0,Reference evidence and completeness; not an accuracy percentage or guarantee for your meal.,
FC001180,,"Tea leaves, dried",Good,Matched reference source with all tracked nutrients available.,1.0,Reference evidence and completeness; not an accuracy percentage or guarantee for your meal.,
FC001181,,Young coconut (shredded) drink,Good,Matched reference source with all tracked nutrients available.,1.0,Reference evidence and completeness; not an accuracy percentage or guarantee for your meal.,
FC001182,,"Ampaw, pinipig",Medium,Matched reference source; some tracked nutrients are unknown.,1.0,Reference evidence and completeness; not an accuracy percentage or guarantee for your meal.,sugar_g_100g
FC001183,,"Ampaw, rice",Medium,Matched reference source; some tracked nutrients are unknown.,1.0,Reference evidence and completeness; not an accuracy percentage or guarantee for your meal.,sugar_g_100g
FC001184,,"Cake, cream-filled roll",Good,Matched reference source with all tracked nutrients available.,1.0,Reference evidence and completeness; not an accuracy percentage or guarantee for your meal.,
FC001185,,"Cake, jelly roll",Medium,Matched reference source; some tracked nutrients are unknown.,1.0,Reference evidence and completeness; not an accuracy percentage or guarantee for your meal.,cholesterol_mg_100g
FC001186,,"Cake, mocha roll",Good,Matched reference source with all tracked nutrients available.,1.0,Reference evidence and completeness; not an accuracy percentage or guarantee for your meal.,
FC001187,,"Chips, cheese flvr",Good,Matched reference source with all tracked nutrients available.,1.0,Reference evidence and completeness; not an accuracy percentage or guarantee for your meal.,
FC001188,,"Chips, corn, bbq flvr",Good,Matched reference source with all tracked nutrients available.,1.0,Reference evidence and completeness; not an accuracy percentage or guarantee for your meal.,
FC001189,,"Chips, corn, nacho cheese flvr",Good,Matched reference source with all tracked nutrients available.,1.0,Reference evidence and completeness; not an accuracy percentage or guarantee for your meal.,
FC001190,,"Chips, fish crackers",Medium,Matched reference source; some tracked nutrients are unknown.,1.0,Reference evidence and completeness; not an accuracy percentage or guarantee for your meal.,cholesterol_mg_100g
FC001191,,"Chips, fish kroepeck",Medium,Matched reference source; some tracked nutrients are unknown.,1.0,Reference evidence and completeness; not an accuracy percentage or guarantee for your meal.,cholesterol_mg_100g
FC001192,,"Chips, prawn crackers",Good,Matched reference source with all tracked nutrients available.,1.0,Reference evidence and completeness; not an accuracy percentage or guarantee for your meal.,
FC001193,,"Chips, shrimp crackers",Good,Matched reference source with all tracked nutrients available.,1.0,Reference evidence and completeness; not an accuracy percentage or guarantee for your meal.,
FC001194,,"Chips, squid crackers",Medium,Matched reference source; some tracked nutrients are unknown.,1.0,Reference evidence and completeness; not an accuracy percentage or guarantee for your meal.,cholesterol_mg_100g
FC001195,,"Cookies, sandwich type, choc-filled",Good,Matched reference source with all tracked nutrients available.,1.0,Reference evidence and completeness; not an accuracy percentage or guarantee for your meal.,
FC001196,,"Cookies, sandwich type, cream-filled",Good,Matched reference source with all tracked nutrients available.,1.0,Reference evidence and completeness; not an accuracy percentage or guarantee for your meal.,
FC001197,,"Cookies, wafer",Good,Matched reference source with all tracked nutrients available.,1.0,Reference evidence and completeness; not an accuracy percentage or guarantee for your meal.,
FC001198,,"Corn pudding, w/ grtd coconut topping",Good,Matched reference source with all tracked nutrients available.,1.0,Reference evidence and completeness; not an accuracy percentage or guarantee for your meal.,
FC001199,,"Corn pudding, maja, yellow w/ grtd coconut topping",Good,Matched reference source with all tracked nutrients available.,1.0,Reference evidence and completeness; not an accuracy percentage or guarantee for your meal.,
FC001200,,"Curls, cheese flvr",Good,Matched reference source with all tracked nutrients available.,1.0,Reference evidence and completeness; not an accuracy percentage or guarantee for your meal.,
FC001201,,"Noodles, wheat, inst, w/ flvr, fortified",Good,Matched reference source with all tracked nutrients available.,1.0,Reference evidence and completeness; not an accuracy percentage or guarantee for your meal.,
FC001202,,"Popcorn and peanuts, sweetn",Good,Matched reference source with all tracked nutrients available.,1.0,Reference evidence and completeness; not an accuracy percentage or guarantee for your meal.,
FC001203,,"Pretzel, choc-coated",Good,Matched reference source with all tracked nutrients available.,1.0,Reference evidence and completeness; not an accuracy percentage or guarantee for your meal.,
FC001204,,"Rice-bread prep, toasted, puto seko, w/ grtd coconut",Medium,Matched reference source; some tracked nutrients are unknown.,1.0,Reference evidence and completeness; not an accuracy percentage or guarantee for your meal.,cholesterol_mg_100g
FC001205,,"Candy bar, peanut",Good,Matched reference source with all tracked nutrients available.,1.0,Reference evidence and completeness; not an accuracy percentage or guarantee for your meal.,
FC001206,,"Candy, custard",Good,Matched reference source with all tracked nutrients available.,1.0,Reference evidence and completeness; not an accuracy percentage or guarantee for your meal.,
FC001207,,"Candy, hard",Good,Matched reference source with all tracked nutrients available.,1.0,Reference evidence and completeness; not an accuracy percentage or guarantee for your meal.,
FC001208,,"Candy, milk choc",Good,Matched reference source with all tracked nutrients available.,1.0,Reference evidence and completeness; not an accuracy percentage or guarantee for your meal.,
FC001209,,"Candy, toffee",Good,Matched reference source with all tracked nutrients available.,1.0,Reference evidence and completeness; not an accuracy percentage or guarantee for your meal.,
FC001210,,Champoy,Medium,Matched reference source; some tracked nutrients are unknown.,1.0,Reference evidence and completeness; not an accuracy percentage or guarantee for your meal.,fiber_g_100g;sugar_g_100g;sodium_mg_100g;cholesterol_mg_100g
FC001211,,Marshmallow,Good,Matched reference source with all tracked nutrients available.,1.0,Reference evidence and completeness; not an accuracy percentage or guarantee for your meal.,
FC001212,,Peanut brittle w/ sesame seed,Good,Matched reference source with all tracked nutrients available.,1.0,Reference evidence and completeness; not an accuracy percentage or guarantee for your meal.,
FC001213,,"Peanut, milk choc-coated",Good,Matched reference source with all tracked nutrients available.,1.0,Reference evidence and completeness; not an accuracy percentage or guarantee for your meal.,
FC001214,,"Popsicle, choc flvr",Good,Matched reference source with all tracked nutrients available.,1.0,Reference evidence and completeness; not an accuracy percentage or guarantee for your meal.,
FC001215,,Worcestershire sauce,Good,Matched reference source with all tracked nutrients available.,1.0,Reference evidence and completeness; not an accuracy percentage or guarantee for your meal.,
FC001216,,"Shrimp paste, sauteed",Good,Matched reference source with all tracked nutrients available.,1.0,Reference evidence and completeness; not an accuracy percentage or guarantee for your meal.,
FC001217,,"Beef & tomato spread, cnd",Medium,Matched reference source; some tracked nutrients are unknown.,1.0,Reference evidence and completeness; not an accuracy percentage or guarantee for your meal.,fiber_g_100g;sugar_g_100g;sodium_mg_100g;cholesterol_mg_100g
FC001218,,"Beef hamburger w/ tomato sce, cnd",Medium,Matched reference source; some tracked nutrients are unknown.,1.0,Reference evidence and completeness; not an accuracy percentage or guarantee for your meal.,cholesterol_mg_100g
FC001219,,"Beef w/ mushroom sce, cnd",Medium,Matched reference source; some tracked nutrients are unknown.,1.0,Reference evidence and completeness; not an accuracy percentage or guarantee for your meal.,sugar_g_100g;cholesterol_mg_100g
FC001220,,"Beef, chili con carne, cnd",Medium,Matched reference source; some tracked nutrients are unknown.,1.0,Reference evidence and completeness; not an accuracy percentage or guarantee for your meal.,fiber_g_100g
FC001221,,"Corned beef hash, cnd",Good,Matched reference source with all tracked nutrients available.,1.0,Reference evidence and completeness; not an accuracy percentage or guarantee for your meal.,
FC001222,,"Chicken noodle broth, inst",Good,Matched reference source with all tracked nutrients available.,1.0,Reference evidence and completeness; not an accuracy percentage or guarantee for your meal.,
FC001223,,"Soup, beef & veg, cnd",Good,Matched reference source with all tracked nutrients available.,1.0,Reference evidence and completeness; not an accuracy percentage or guarantee for your meal.,
FC001224,,"Soup, chicken & asparagus, cnd",Good,Matched reference source with all tracked nutrients available.,1.0,Reference evidence and completeness; not an accuracy percentage or guarantee for your meal.,
FC001225,,"Soup, chicken & veg, cnd",Good,Matched reference source with all tracked nutrients available.,1.0,Reference evidence and completeness; not an accuracy percentage or guarantee for your meal.,
FC001226,,"Soup, cream of mushroom, cnd",Good,Matched reference source with all tracked nutrients available.,1.0,Reference evidence and completeness; not an accuracy percentage or guarantee for your meal.,
FC001227,,"Soup, pansit molo, cond, cnd",Medium,Matched reference source; some tracked nutrients are unknown.,1.0,Reference evidence and completeness; not an accuracy percentage or guarantee for your meal.,cholesterol_mg_100g
FC001228,,"Soup, sotanghon, cond",Medium,Matched reference source; some tracked nutrients are unknown.,1.0,Reference evidence and completeness; not an accuracy percentage or guarantee for your meal.,cholesterol_mg_100g
FC001229,,"Pork ball, wrapped",Good,Matched reference source with all tracked nutrients available.,1.0,Reference evidence and completeness; not an accuracy percentage or guarantee for your meal.,
FC001230,,"Beverages, coffee, brewed, prepared with tap water, decaffeinated",Good,Matched reference source with all tracked nutrients available.,1.0,Reference evidence and completeness; not an accuracy percentage or guarantee for your meal.,
FC001231,,"Beverages, coffee, brewed, prepared with tap water",Good,Matched reference source with all tracked nutrients available.,1.0,Reference evidence and completeness; not an accuracy percentage or guarantee for your meal.,
FC001232,,"Beverages, coffee, brewed, espresso, restaurant-prepared",Good,Matched reference source with all tracked nutrients available.,1.0,Reference evidence and completeness; not an accuracy percentage or guarantee for your meal.,
FC001233,,"Beverages, coffee, instant, regular, prepared with water",Good,Matched reference source with all tracked nutrients available.,1.0,Reference evidence and completeness; not an accuracy percentage or guarantee for your meal.,
FC001234,,"Beverages, coffee, brewed, espresso, restaurant-prepared, decaffeinated",Good,Matched reference source with all tracked nutrients available.,1.0,Reference evidence and completeness; not an accuracy percentage or guarantee for your meal.,
FC001235,,"Beverages, coffee, ready to drink, iced, mocha, milk based",Good,Matched reference source with all tracked nutrients available.,1.0,Reference evidence and completeness; not an accuracy percentage or guarantee for your meal.,
FC001236,,"Beverages, coffee, ready to drink, milk based, sweetened",Good,Matched reference source with all tracked nutrients available.,1.0,Reference evidence and completeness; not an accuracy percentage or guarantee for your meal.,
FC001237,,"Beverages, water, tap, drinking",Good,Matched reference source with all tracked nutrients available.,1.0,Reference evidence and completeness; not an accuracy percentage or guarantee for your meal.,
FC001238,,"Water, bottled, generic",Good,Matched reference source with all tracked nutrients available.,1.0,Reference evidence and completeness; not an accuracy percentage or guarantee for your meal.,
FC001239,,"Beverages, almond milk, unsweetened, shelf stable",Good,Matched reference source with all tracked nutrients available.,1.0,Reference evidence and completeness; not an accuracy percentage or guarantee for your meal.,
FC001240,,"Beverages, almond milk, sweetened, vanilla flavor, ready-to-drink",Good,Matched reference source with all tracked nutrients available.,1.0,Reference evidence and completeness; not an accuracy percentage or guarantee for your meal.,
FC001241,,"Beverages, coconut milk, sweetened, fortified with calcium, vitamins A, B12, D2",Good,Matched reference source with all tracked nutrients available.,1.0,Reference evidence and completeness; not an accuracy percentage or guarantee for your meal.,
FC001242,,"Beverages, Coconut water, ready-to-drink, unsweetened",Good,Matched reference source with all tracked nutrients available.,1.0,Reference evidence and completeness; not an accuracy percentage or guarantee for your meal.,
FC001243,,"Milk, nonfat, fluid, with added vitamin A and vitamin D (fat free or skim)",Unrated,"Identity unresolved, source conflict, or no usable nutrition.",1.0,Reference evidence and completeness; not an accuracy percentage or guarantee for your meal.,kcal_100g;protein_g_100g;carbs_g_100g;fat_g_100g;fiber_g_100g;sugar_g_100g;sodium_mg_100g;cholesterol_mg_100g
FC001244,,"Milk, reduced fat, fluid, 2% milkfat, with added vitamin A and vitamin D",Unrated,"Identity unresolved, source conflict, or no usable nutrition.",1.0,Reference evidence and completeness; not an accuracy percentage or guarantee for your meal.,kcal_100g;protein_g_100g;carbs_g_100g;fat_g_100g;fiber_g_100g;sugar_g_100g;sodium_mg_100g;cholesterol_mg_100g
FC001245,,"Milk, lowfat, fluid, 1% milkfat, with added vitamin A and vitamin D",Unrated,"Identity unresolved, source conflict, or no usable nutrition.",1.0,Reference evidence and completeness; not an accuracy percentage or guarantee for your meal.,kcal_100g;protein_g_100g;carbs_g_100g;fat_g_100g;fiber_g_100g;sugar_g_100g;sodium_mg_100g;cholesterol_mg_100g
FC001246,,"Yogurt, Greek, plain, nonfat (Includes foods for USDA's Food Distribution Program)",Good,Matched reference source with all tracked nutrients available.,1.0,Reference evidence and completeness; not an accuracy percentage or guarantee for your meal.,
FC001247,,"Yogurt, Greek, plain, lowfat",Good,Matched reference source with all tracked nutrients available.,1.0,Reference evidence and completeness; not an accuracy percentage or guarantee for your meal.,
FC001248,,"Yogurt, Greek, plain, whole milk",Good,Matched reference source with all tracked nutrients available.,1.0,Reference evidence and completeness; not an accuracy percentage or guarantee for your meal.,
FC001249,,"Yogurt, plain, whole milk",Good,Matched reference source with all tracked nutrients available.,1.0,Reference evidence and completeness; not an accuracy percentage or guarantee for your meal.,
FC001250,,"Beverages, carbonated, tonic water",Good,Matched reference source with all tracked nutrients available.,1.0,Reference evidence and completeness; not an accuracy percentage or guarantee for your meal.,
FC001251,,"Beverages, carbonated, club soda",Good,Matched reference source with all tracked nutrients available.,1.0,Reference evidence and completeness; not an accuracy percentage or guarantee for your meal.,
FC001252,,"Beverages, carbonated, ginger ale",Unrated,"Identity unresolved, source conflict, or no usable nutrition.",1.0,Reference evidence and completeness; not an accuracy percentage or guarantee for your meal.,kcal_100g;protein_g_100g;carbs_g_100g;fat_g_100g;fiber_g_100g;sugar_g_100g;sodium_mg_100g;cholesterol_mg_100g
FC001253,,"Beverages, carbonated, low calorie, cola or pepper-type, with aspartame, contains caffeine",Good,Matched reference source with all tracked nutrients available.,1.0,Reference evidence and completeness; not an accuracy percentage or guarantee for your meal.,
FC001254,,"Beverages, carbonated, low calorie, cola or pepper-type, with aspartame, without caffeine",Good,Matched reference source with all tracked nutrients available.,1.0,Reference evidence and completeness; not an accuracy percentage or guarantee for your meal.,
FC001255,,"Beverages, carbonated, cola, without caffeine",Good,Matched reference source with all tracked nutrients available.,1.0,Reference evidence and completeness; not an accuracy percentage or guarantee for your meal.,
FC001256,,"Beverages, carbonated, reduced sugar, cola, contains caffeine and sweeteners",Good,Matched reference source with all tracked nutrients available.,1.0,Reference evidence and completeness; not an accuracy percentage or guarantee for your meal.,
FC001257,,"Beverages, tea, Oolong, brewed",Good,Matched reference source with all tracked nutrients available.,1.0,Reference evidence and completeness; not an accuracy percentage or guarantee for your meal.,
FC001258,,"Beverages, tea, herb, brewed, chamomile",Good,Matched reference source with all tracked nutrients available.,1.0,Reference evidence and completeness; not an accuracy percentage or guarantee for your meal.,
FC001259,,"Beverages, tea, black, brewed, prepared with tap water, decaffeinated",Good,Matched reference source with all tracked nutrients available.,1.0,Reference evidence and completeness; not an accuracy percentage or guarantee for your meal.,
FC001260,,"Adobong manok, white meat (recipe estimate)",Low,Estimate available only by explicit selection; default nutrition unavailable.,1.0,Reference evidence and completeness; not an accuracy percentage or guarantee for your meal.,kcal_100g;protein_g_100g;carbs_g_100g;fat_g_100g;fiber_g_100g;sugar_g_100g;sodium_mg_100g;cholesterol_mg_100g
FC001261,,"Adobong baboy, pork belly (recipe estimate)",Low,Estimate available only by explicit selection; default nutrition unavailable.,1.0,Reference evidence and completeness; not an accuracy percentage or guarantee for your meal.,kcal_100g;protein_g_100g;carbs_g_100g;fat_g_100g;fiber_g_100g;sugar_g_100g;sodium_mg_100g;cholesterol_mg_100g
FC001262,,"Adobong baboy, lean shoulder (recipe estimate)",Low,Estimate available only by explicit selection; default nutrition unavailable.,1.0,Reference evidence and completeness; not an accuracy percentage or guarantee for your meal.,kcal_100g;protein_g_100g;carbs_g_100g;fat_g_100g;fiber_g_100g;sugar_g_100g;sodium_mg_100g;cholesterol_mg_100g
FC001263,,"Adobong manok at baboy, white meat and belly (recipe estimate)",Low,Estimate available only by explicit selection; default nutrition unavailable.,1.0,Reference evidence and completeness; not an accuracy percentage or guarantee for your meal.,kcal_100g;protein_g_100g;carbs_g_100g;fat_g_100g;fiber_g_100g;sugar_g_100g;sodium_mg_100g;cholesterol_mg_100g
FC001264,,"Adobong pusit, no ink (recipe estimate)",Low,Estimate available only by explicit selection; default nutrition unavailable.,1.0,Reference evidence and completeness; not an accuracy percentage or guarantee for your meal.,kcal_100g;protein_g_100g;carbs_g_100g;fat_g_100g;fiber_g_100g;sugar_g_100g;sodium_mg_100g;cholesterol_mg_100g
FC001265,,"Adobong kangkong, leaves (recipe estimate)",Low,Estimate available only by explicit selection; default nutrition unavailable.,1.0,Reference evidence and completeness; not an accuracy percentage or guarantee for your meal.,kcal_100g;protein_g_100g;carbs_g_100g;fat_g_100g;fiber_g_100g;sugar_g_100g;sodium_mg_100g;cholesterol_mg_100g
FC001266,,"Adobong sitaw, with lean pork (recipe estimate)",Low,Estimate available only by explicit selection; default nutrition unavailable.,1.0,Reference evidence and completeness; not an accuracy percentage or guarantee for your meal.,kcal_100g;protein_g_100g;carbs_g_100g;fat_g_100g;fiber_g_100g;sugar_g_100g;sodium_mg_100g;cholesterol_mg_100g
FC001267,,"Tinolang manok, white meat, sayote and malunggay (recipe estimate)",Low,Estimate available only by explicit selection; default nutrition unavailable.,1.0,Reference evidence and completeness; not an accuracy percentage or guarantee for your meal.,kcal_100g;protein_g_100g;carbs_g_100g;fat_g_100g;fiber_g_100g;sugar_g_100g;sodium_mg_100g;cholesterol_mg_100g
FC001268,,"Tinolang manok, white meat, sayote, no added oil (recipe estimate)",Low,Estimate available only by explicit selection; default nutrition unavailable.,1.0,Reference evidence and completeness; not an accuracy percentage or guarantee for your meal.,kcal_100g;protein_g_100g;carbs_g_100g;fat_g_100g;fiber_g_100g;sugar_g_100g;sodium_mg_100g;cholesterol_mg_100g
FC001269,,"Sinigang na baboy, belly, tamarind and vegetables (recipe estimate)",Low,Estimate available only by explicit selection; default nutrition unavailable.,1.0,Reference evidence and completeness; not an accuracy percentage or guarantee for your meal.,kcal_100g;protein_g_100g;carbs_g_100g;fat_g_100g;fiber_g_100g;sugar_g_100g;sodium_mg_100g;cholesterol_mg_100g
FC001270,,"Sinigang na baboy, lean shoulder, tamarind and vegetables (recipe estimate)",Low,Estimate available only by explicit selection; default nutrition unavailable.,1.0,Reference evidence and completeness; not an accuracy percentage or guarantee for your meal.,kcal_100g;protein_g_100g;carbs_g_100g;fat_g_100g;fiber_g_100g;sugar_g_100g;sodium_mg_100g;cholesterol_mg_100g
FC001271,,"Sinigang na hipon, peeled shrimp and tamarind (recipe estimate)",Low,Estimate available only by explicit selection; default nutrition unavailable.,1.0,Reference evidence and completeness; not an accuracy percentage or guarantee for your meal.,kcal_100g;protein_g_100g;carbs_g_100g;fat_g_100g;fiber_g_100g;sugar_g_100g;sodium_mg_100g;cholesterol_mg_100g
FC001272,,"Nilagang baka, shank, cabbage and potato (recipe estimate)",Low,Estimate available only by explicit selection; default nutrition unavailable.,1.0,Reference evidence and completeness; not an accuracy percentage or guarantee for your meal.,kcal_100g;protein_g_100g;carbs_g_100g;fat_g_100g;fiber_g_100g;sugar_g_100g;sodium_mg_100g;cholesterol_mg_100g
FC001273,,"Nilagang baboy, lean shoulder and pechay (recipe estimate)",Low,Estimate available only by explicit selection; default nutrition unavailable.,1.0,Reference evidence and completeness; not an accuracy percentage or guarantee for your meal.,kcal_100g;protein_g_100g;carbs_g_100g;fat_g_100g;fiber_g_100g;sugar_g_100g;sodium_mg_100g;cholesterol_mg_100g
FC001274,,"Ginisang monggo, malunggay, no meat (recipe estimate)",Low,Estimate available only by explicit selection; default nutrition unavailable.,1.0,Reference evidence and completeness; not an accuracy percentage or guarantee for your meal.,kcal_100g;protein_g_100g;carbs_g_100g;fat_g_100g;fiber_g_100g;sugar_g_100g;sodium_mg_100g;cholesterol_mg_100g
FC001275,,"Ginisang monggo, pork belly and malunggay (recipe estimate)",Low,Estimate available only by explicit selection; default nutrition unavailable.,1.0,Reference evidence and completeness; not an accuracy percentage or guarantee for your meal.,kcal_100g;protein_g_100g;carbs_g_100g;fat_g_100g;fiber_g_100g;sugar_g_100g;sodium_mg_100g;cholesterol_mg_100g
FC001276,,"Ginisang monggo, peeled shrimp and malunggay (recipe estimate)",Low,Estimate available only by explicit selection; default nutrition unavailable.,1.0,Reference evidence and completeness; not an accuracy percentage or guarantee for your meal.,kcal_100g;protein_g_100g;carbs_g_100g;fat_g_100g;fiber_g_100g;sugar_g_100g;sodium_mg_100g;cholesterol_mg_100g
FC001277,,"Ginisang monggo, canned sardines in tomato sauce (recipe estimate)",Low,Estimate available only by explicit selection; default nutrition unavailable.,1.0,Reference evidence and completeness; not an accuracy percentage or guarantee for your meal.,kcal_100g;protein_g_100g;carbs_g_100g;fat_g_100g;fiber_g_100g;sugar_g_100g;sodium_mg_100g;cholesterol_mg_100g
FC001278,,"Pinakbet, shrimp paste, no pork (recipe estimate)",Low,Estimate available only by explicit selection; default nutrition unavailable.,1.0,Reference evidence and completeness; not an accuracy percentage or guarantee for your meal.,kcal_100g;protein_g_100g;carbs_g_100g;fat_g_100g;fiber_g_100g;sugar_g_100g;sodium_mg_100g;cholesterol_mg_100g
FC001279,,"Pinakbet, pork belly and shrimp paste (recipe estimate)",Low,Estimate available only by explicit selection; default nutrition unavailable.,1.0,Reference evidence and completeness; not an accuracy percentage or guarantee for your meal.,kcal_100g;protein_g_100g;carbs_g_100g;fat_g_100g;fiber_g_100g;sugar_g_100g;sodium_mg_100g;cholesterol_mg_100g
FC001280,,"Ginataang kalabasa at sitaw, no meat (recipe estimate)",Low,Estimate available only by explicit selection; default nutrition unavailable.,1.0,Reference evidence and completeness; not an accuracy percentage or guarantee for your meal.,kcal_100g;protein_g_100g;carbs_g_100g;fat_g_100g;fiber_g_100g;sugar_g_100g;sodium_mg_100g;cholesterol_mg_100g
FC001281,,"Ginataang kalabasa at sitaw, peeled shrimp (recipe estimate)",Low,Estimate available only by explicit selection; default nutrition unavailable.,1.0,Reference evidence and completeness; not an accuracy percentage or guarantee for your meal.,kcal_100g;protein_g_100g;carbs_g_100g;fat_g_100g;fiber_g_100g;sugar_g_100g;sodium_mg_100g;cholesterol_mg_100g
FC001282,,"Laing, boiled taro leaves and coconut milk, no meat (recipe estimate)",Low,Estimate available only by explicit selection; default nutrition unavailable.,1.0,Reference evidence and completeness; not an accuracy percentage or guarantee for your meal.,kcal_100g;protein_g_100g;carbs_g_100g;fat_g_100g;fiber_g_100g;sugar_g_100g;sodium_mg_100g;cholesterol_mg_100g
FC001283,,"Laing, boiled taro leaves, pork belly and coconut milk (recipe estimate)",Low,Estimate available only by explicit selection; default nutrition unavailable.,1.0,Reference evidence and completeness; not an accuracy percentage or guarantee for your meal.,kcal_100g;protein_g_100g;carbs_g_100g;fat_g_100g;fiber_g_100g;sugar_g_100g;sodium_mg_100g;cholesterol_mg_100g
FC001284,,"Ginisang sayote, white chicken meat (recipe estimate)",Low,Estimate available only by explicit selection; default nutrition unavailable.,1.0,Reference evidence and completeness; not an accuracy percentage or guarantee for your meal.,kcal_100g;protein_g_100g;carbs_g_100g;fat_g_100g;fiber_g_100g;sugar_g_100g;sodium_mg_100g;cholesterol_mg_100g
FC001285,,"Ginisang sayote, egg (recipe estimate)",Low,Estimate available only by explicit selection; default nutrition unavailable.,1.0,Reference evidence and completeness; not an accuracy percentage or guarantee for your meal.,kcal_100g;protein_g_100g;carbs_g_100g;fat_g_100g;fiber_g_100g;sugar_g_100g;sodium_mg_100g;cholesterol_mg_100g
FC001286,,"Ginisang ampalaya, egg and tomato (recipe estimate)",Low,Estimate available only by explicit selection; default nutrition unavailable.,1.0,Reference evidence and completeness; not an accuracy percentage or guarantee for your meal.,kcal_100g;protein_g_100g;carbs_g_100g;fat_g_100g;fiber_g_100g;sugar_g_100g;sodium_mg_100g;cholesterol_mg_100g
FC001287,,"Ginisang upo, peeled shrimp (recipe estimate)",Low,Estimate available only by explicit selection; default nutrition unavailable.,1.0,Reference evidence and completeness; not an accuracy percentage or guarantee for your meal.,kcal_100g;protein_g_100g;carbs_g_100g;fat_g_100g;fiber_g_100g;sugar_g_100g;sodium_mg_100g;cholesterol_mg_100g
FC001288,,"Ginisang pechay, tofu (recipe estimate)",Low,Estimate available only by explicit selection; default nutrition unavailable.,1.0,Reference evidence and completeness; not an accuracy percentage or guarantee for your meal.,kcal_100g;protein_g_100g;carbs_g_100g;fat_g_100g;fiber_g_100g;sugar_g_100g;sodium_mg_100g;cholesterol_mg_100g
FC001289,,"Tortang talong, egg, no meat (recipe estimate)",Low,Estimate available only by explicit selection; default nutrition unavailable.,1.0,Reference evidence and completeness; not an accuracy percentage or guarantee for your meal.,kcal_100g;protein_g_100g;carbs_g_100g;fat_g_100g;fiber_g_100g;sugar_g_100g;sodium_mg_100g;cholesterol_mg_100g
FC001290,,"Tortang talong, ground pork and egg (recipe estimate)",Low,Estimate available only by explicit selection; default nutrition unavailable.,1.0,Reference evidence and completeness; not an accuracy percentage or guarantee for your meal.,kcal_100g;protein_g_100g;carbs_g_100g;fat_g_100g;fiber_g_100g;sugar_g_100g;sodium_mg_100g;cholesterol_mg_100g
FC001291,,"Giniling na baka, 90 percent lean beef, tomato and potato (recipe estimate)",Low,Estimate available only by explicit selection; default nutrition unavailable.,1.0,Reference evidence and completeness; not an accuracy percentage or guarantee for your meal.,kcal_100g;protein_g_100g;carbs_g_100g;fat_g_100g;fiber_g_100g;sugar_g_100g;sodium_mg_100g;cholesterol_mg_100g
FC001292,,"Giniling na baboy, tomato and potato (recipe estimate)",Low,Estimate available only by explicit selection; default nutrition unavailable.,1.0,Reference evidence and completeness; not an accuracy percentage or guarantee for your meal.,kcal_100g;protein_g_100g;carbs_g_100g;fat_g_100g;fiber_g_100g;sugar_g_100g;sodium_mg_100g;cholesterol_mg_100g
FC001293,,"Menudong baboy, lean shoulder and liver (recipe estimate)",Low,Estimate available only by explicit selection; default nutrition unavailable.,1.0,Reference evidence and completeness; not an accuracy percentage or guarantee for your meal.,kcal_100g;protein_g_100g;carbs_g_100g;fat_g_100g;fiber_g_100g;sugar_g_100g;sodium_mg_100g;cholesterol_mg_100g
FC001294,,"Afritadang manok, white meat (recipe estimate)",Low,Estimate available only by explicit selection; default nutrition unavailable.,1.0,Reference evidence and completeness; not an accuracy percentage or guarantee for your meal.,kcal_100g;protein_g_100g;carbs_g_100g;fat_g_100g;fiber_g_100g;sugar_g_100g;sodium_mg_100g;cholesterol_mg_100g
FC001295,,"Afritadang baboy, lean shoulder (recipe estimate)",Low,Estimate available only by explicit selection; default nutrition unavailable.,1.0,Reference evidence and completeness; not an accuracy percentage or guarantee for your meal.,kcal_100g;protein_g_100g;carbs_g_100g;fat_g_100g;fiber_g_100g;sugar_g_100g;sodium_mg_100g;cholesterol_mg_100g
FC001296,,"Mechadong baka, lean chuck, unlarded (recipe estimate)",Low,Estimate available only by explicit selection; default nutrition unavailable.,1.0,Reference evidence and completeness; not an accuracy percentage or guarantee for your meal.,kcal_100g;protein_g_100g;carbs_g_100g;fat_g_100g;fiber_g_100g;sugar_g_100g;sodium_mg_100g;cholesterol_mg_100g
FC001297,,"Kalderetang baka, lean chuck, pork liver and cheese (recipe estimate)",Low,Estimate available only by explicit selection; default nutrition unavailable.,1.0,Reference evidence and completeness; not an accuracy percentage or guarantee for your meal.,kcal_100g;protein_g_100g;carbs_g_100g;fat_g_100g;fiber_g_100g;sugar_g_100g;sodium_mg_100g;cholesterol_mg_100g
FC001298,,"Kare-kare, lean beef and tripe, peanut, no bagoong on side (recipe estimate)",Low,Estimate available only by explicit selection; default nutrition unavailable.,1.0,Reference evidence and completeness; not an accuracy percentage or guarantee for your meal.,kcal_100g;protein_g_100g;carbs_g_100g;fat_g_100g;fiber_g_100g;sugar_g_100g;sodium_mg_100g;cholesterol_mg_100g
FC001299,,"Bicol Express, pork belly, coconut milk and shrimp paste (recipe estimate)",Low,Estimate available only by explicit selection; default nutrition unavailable.,1.0,Reference evidence and completeness; not an accuracy percentage or guarantee for your meal.,kcal_100g;protein_g_100g;carbs_g_100g;fat_g_100g;fiber_g_100g;sugar_g_100g;sodium_mg_100g;cholesterol_mg_100g
FC001300,,"Pancit bihon, white chicken meat and vegetables (recipe estimate)",Low,Estimate available only by explicit selection; default nutrition unavailable.,1.0,Reference evidence and completeness; not an accuracy percentage or guarantee for your meal.,kcal_100g;protein_g_100g;carbs_g_100g;fat_g_100g;fiber_g_100g;sugar_g_100g;sodium_mg_100g;cholesterol_mg_100g
FC001301,,"Pancit bihon, peeled shrimp and vegetables (recipe estimate)",Low,Estimate available only by explicit selection; default nutrition unavailable.,1.0,Reference evidence and completeness; not an accuracy percentage or guarantee for your meal.,kcal_100g;protein_g_100g;carbs_g_100g;fat_g_100g;fiber_g_100g;sugar_g_100g;sodium_mg_100g;cholesterol_mg_100g
FC001302,,"Pancit sotanghon, white chicken meat and vegetables (recipe estimate)",Low,Estimate available only by explicit selection; default nutrition unavailable.,1.0,Reference evidence and completeness; not an accuracy percentage or guarantee for your meal.,kcal_100g;protein_g_100g;carbs_g_100g;fat_g_100g;fiber_g_100g;sugar_g_100g;sodium_mg_100g;cholesterol_mg_100g
FC001303,,"Pancit miki, lean pork and vegetables (recipe estimate)",Low,Estimate available only by explicit selection; default nutrition unavailable.,1.0,Reference evidence and completeness; not an accuracy percentage or guarantee for your meal.,kcal_100g;protein_g_100g;carbs_g_100g;fat_g_100g;fiber_g_100g;sugar_g_100g;sodium_mg_100g;cholesterol_mg_100g
FC001304,,"Arroz caldo, white chicken meat and ginger (recipe estimate)",Low,Estimate available only by explicit selection; default nutrition unavailable.,1.0,Reference evidence and completeness; not an accuracy percentage or guarantee for your meal.,kcal_100g;protein_g_100g;carbs_g_100g;fat_g_100g;fiber_g_100g;sugar_g_100g;sodium_mg_100g;cholesterol_mg_100g
FC001305,,"Goto, beef tripe and ginger (recipe estimate)",Low,Estimate available only by explicit selection; default nutrition unavailable.,1.0,Reference evidence and completeness; not an accuracy percentage or guarantee for your meal.,kcal_100g;protein_g_100g;carbs_g_100g;fat_g_100g;fiber_g_100g;sugar_g_100g;sodium_mg_100g;cholesterol_mg_100g
FC001306,,"Lugaw, plain rice, ginger, no meat (recipe estimate)",Low,Estimate available only by explicit selection; default nutrition unavailable.,1.0,Reference evidence and completeness; not an accuracy percentage or guarantee for your meal.,kcal_100g;protein_g_100g;carbs_g_100g;fat_g_100g;fiber_g_100g;sugar_g_100g;sodium_mg_100g;cholesterol_mg_100g
FC001307,,"Tokwat baboy, tofu and lean pork, vinegar soy dressing (recipe estimate)",Low,Estimate available only by explicit selection; default nutrition unavailable.,1.0,Reference evidence and completeness; not an accuracy percentage or guarantee for your meal.,kcal_100g;protein_g_100g;carbs_g_100g;fat_g_100g;fiber_g_100g;sugar_g_100g;sodium_mg_100g;cholesterol_mg_100g
FC001308,,"Bangsilog, broiled bangus, fried rice and egg (recipe estimate)",Low,Estimate available only by explicit selection; default nutrition unavailable.,1.0,Reference evidence and completeness; not an accuracy percentage or guarantee for your meal.,kcal_100g;protein_g_100g;carbs_g_100g;fat_g_100g;fiber_g_100g;sugar_g_100g;sodium_mg_100g;cholesterol_mg_100g
FC001309,,"Chicksilog, fried white chicken, fried rice and egg (recipe estimate)",Low,Estimate available only by explicit selection; default nutrition unavailable.,1.0,Reference evidence and completeness; not an accuracy percentage or guarantee for your meal.,kcal_100g;protein_g_100g;carbs_g_100g;fat_g_100g;fiber_g_100g;sugar_g_100g;sodium_mg_100g;cholesterol_mg_100g
FC001310,,"Millet, glutinous",Good,Matched reference source with all tracked nutrients available.,1.0,Reference evidence and completeness; not an accuracy percentage or guarantee for your meal.,
FC001311,,Sorghum,Good,Matched reference source with all tracked nutrients available.,1.0,Reference evidence and completeness; not an accuracy percentage or guarantee for your meal.,
FC001312,,"Sorghum, boiled",Good,Matched reference source with all tracked nutrients available.,1.0,Reference evidence and completeness; not an accuracy percentage or guarantee for your meal.,
FC001313,,Bunuelos,Good,Matched reference source with all tracked nutrients available.,1.0,Reference evidence and completeness; not an accuracy percentage or guarantee for your meal.,
FC001314,,"Cake, marshmallow roll",Good,Matched reference source with all tracked nutrients available.,1.0,Reference evidence and completeness; not an accuracy percentage or guarantee for your meal.,
FC001315,,"Cake, pineapple roll",Good,Matched reference source with all tracked nutrients available.,1.0,Reference evidence and completeness; not an accuracy percentage or guarantee for your meal.,
FC001316,,"Chips, corn, natural flvr",Good,Matched reference source with all tracked nutrients available.,1.0,Reference evidence and completeness; not an accuracy percentage or guarantee for your meal.,
FC001317,,"Chips, corn-potato based, cheese flvr",Good,Matched reference source with all tracked nutrients available.,1.0,Reference evidence and completeness; not an accuracy percentage or guarantee for your meal.,
FC001318,,"Chips, corn, taco & bbq flvr",Good,Matched reference source with all tracked nutrients available.,1.0,Reference evidence and completeness; not an accuracy percentage or guarantee for your meal.,
FC001319,,"Chips, corn, taco flvr",Good,Matched reference source with all tracked nutrients available.,1.0,Reference evidence and completeness; not an accuracy percentage or guarantee for your meal.,
FC001320,,"Chips, prawn crackers, flvrd",Good,Matched reference source with all tracked nutrients available.,1.0,Reference evidence and completeness; not an accuracy percentage or guarantee for your meal.,
FC001321,,"Chips, shrimp kroepeck",Good,Matched reference source with all tracked nutrients available.,1.0,Reference evidence and completeness; not an accuracy percentage or guarantee for your meal.,
FC001322,,"Chips, sticks, onion flvr",Good,Matched reference source with all tracked nutrients available.,1.0,Reference evidence and completeness; not an accuracy percentage or guarantee for your meal.,
FC001323,,"Chips, tortilla, bbq flvr",Good,Matched reference source with all tracked nutrients available.,1.0,Reference evidence and completeness; not an accuracy percentage or guarantee for your meal.,
FC001324,,"Chips, tortilla, nacho cheese flvr",Good,Matched reference source with all tracked nutrients available.,1.0,Reference evidence and completeness; not an accuracy percentage or guarantee for your meal.,
FC001325,,"Cookies, assorted",Good,Matched reference source with all tracked nutrients available.,1.0,Reference evidence and completeness; not an accuracy percentage or guarantee for your meal.,
FC001326,,"Cookies, camachili",Medium,Matched reference source; some tracked nutrients are unknown.,1.0,Reference evidence and completeness; not an accuracy percentage or guarantee for your meal.,sugar_g_100g
FC001327,,"Cookies, gem",Good,Matched reference source with all tracked nutrients available.,1.0,Reference evidence and completeness; not an accuracy percentage or guarantee for your meal.,
FC001328,,"Cookies, pili nut",Good,Matched reference source with all tracked nutrients available.,1.0,Reference evidence and completeness; not an accuracy percentage or guarantee for your meal.,
FC001329,,"Cookies, vanilla wafer, choc-coated",Good,Matched reference source with all tracked nutrients available.,1.0,Reference evidence and completeness; not an accuracy percentage or guarantee for your meal.,
FC001330,,"Curls, bbq flvr",Good,Matched reference source with all tracked nutrients available.,1.0,Reference evidence and completeness; not an accuracy percentage or guarantee for your meal.,
FC001331,,"Curls, prawn flvr",Good,Matched reference source with all tracked nutrients available.,1.0,Reference evidence and completeness; not an accuracy percentage or guarantee for your meal.,
FC001332,,"Curls, shrimp flvr",Good,Matched reference source with all tracked nutrients available.,1.0,Reference evidence and completeness; not an accuracy percentage or guarantee for your meal.,
FC001333,,Gurgurya,Good,Matched reference source with all tracked nutrients available.,1.0,Reference evidence and completeness; not an accuracy percentage or guarantee for your meal.,
FC001334,,Hominy,Good,Matched reference source with all tracked nutrients available.,1.0,Reference evidence and completeness; not an accuracy percentage or guarantee for your meal.,
FC001335,,"Lohuwa, peanut",Good,Matched reference source with all tracked nutrients available.,1.0,Reference evidence and completeness; not an accuracy percentage or guarantee for your meal.,
FC001336,,"Lohuwa, rice",Good,Matched reference source with all tracked nutrients available.,1.0,Reference evidence and completeness; not an accuracy percentage or guarantee for your meal.,
FC001337,,"Lohuwa, sesame seed",Good,Matched reference source with all tracked nutrients available.,1.0,Reference evidence and completeness; not an accuracy percentage or guarantee for your meal.,
FC001338,,"Pretzel, sweetn",Good,Matched reference source with all tracked nutrients available.,1.0,Reference evidence and completeness; not an accuracy percentage or guarantee for your meal.,
FC001339,,"Pudding, pineapple",Good,Matched reference source with all tracked nutrients available.,1.0,Reference evidence and completeness; not an accuracy percentage or guarantee for your meal.,
FC001340,,"Pudding, raisin",Good,Matched reference source with all tracked nutrients available.,1.0,Reference evidence and completeness; not an accuracy percentage or guarantee for your meal.,
FC001341,,"Pudding, vanilla",Good,Matched reference source with all tracked nutrients available.,1.0,Reference evidence and completeness; not an accuracy percentage or guarantee for your meal.,
FC001342,,"Puffs, bbq flvr",Good,Matched reference source with all tracked nutrients available.,1.0,Reference evidence and completeness; not an accuracy percentage or guarantee for your meal.,
FC001343,,"Puffs, cheese flvr",Good,Matched reference source with all tracked nutrients available.,1.0,Reference evidence and completeness; not an accuracy percentage or guarantee for your meal.,
FC001344,,"Puffs, chicken flvr",Good,Matched reference source with all tracked nutrients available.,1.0,Reference evidence and completeness; not an accuracy percentage or guarantee for your meal.,
FC001345,,"Puffs, spiced",Good,Matched reference source with all tracked nutrients available.,1.0,Reference evidence and completeness; not an accuracy percentage or guarantee for your meal.,
FC001346,,"Peanut butter, choc flvr",Good,Matched reference source with all tracked nutrients available.,1.0,Reference evidence and completeness; not an accuracy percentage or guarantee for your meal.,
FC001347,,Peanut cracker,Good,Matched reference source with all tracked nutrients available.,1.0,Reference evidence and completeness; not an accuracy percentage or guarantee for your meal.,
FC001348,,Pork jerky,Medium,Matched reference source; some tracked nutrients are unknown.,1.0,Reference evidence and completeness; not an accuracy percentage or guarantee for your meal.,sugar_g_100g;cholesterol_mg_100g
FC001349,,"Malunggay leaves powder, dry",Good,Matched reference source with all tracked nutrients available.,1.0,Reference evidence and completeness; not an accuracy percentage or guarantee for your meal.,
FC001350,,"Chicken, broilers or fryers, meat and skin, cooked, fried, flour",Good,Matched reference source with all tracked nutrients available.,1.0,Reference evidence and completeness; not an accuracy percentage or guarantee for your meal.,
FC001351,,"Chicken, broilers or fryers, meat and skin, cooked, fried, batter",Good,Matched reference source with all tracked nutrients available.,1.0,Reference evidence and completeness; not an accuracy percentage or guarantee for your meal.,
FC001352,,"Beef, top sirloin, steak, separable lean and fat, trimmed to 1/8"" fat, choice, cooked, pan-fried",Good,Matched reference source with all tracked nutrients available.,1.0,Reference evidence and completeness; not an accuracy percentage or guarantee for your meal.,
FC001353,,"Turkey, Ground, cooked",Good,Matched reference source with all tracked nutrients available.,1.0,Reference evidence and completeness; not an accuracy percentage or guarantee for your meal.,
FC001354,,"Pork, bacon, rendered fat, cooked",Good,Matched reference source with all tracked nutrients available.,1.0,Reference evidence and completeness; not an accuracy percentage or guarantee for your meal.,
FC001355,,"Pork, cured, bacon, cooked, baked",Good,Matched reference source with all tracked nutrients available.,1.0,Reference evidence and completeness; not an accuracy percentage or guarantee for your meal.,
FC001356,,"Pork, fresh, separable fat, cooked",Good,Matched reference source with all tracked nutrients available.,1.0,Reference evidence and completeness; not an accuracy percentage or guarantee for your meal.,
FC001357,,"Beef, cured, breakfast strips, cooked",Good,Matched reference source with all tracked nutrients available.,1.0,Reference evidence and completeness; not an accuracy percentage or guarantee for your meal.,
FC001358,,"Pork, cured, bacon, cooked, microwaved",Good,Matched reference source with all tracked nutrients available.,1.0,Reference evidence and completeness; not an accuracy percentage or guarantee for your meal.,
FC001359,,"Beef, retail cuts, separable fat, cooked",Good,Matched reference source with all tracked nutrients available.,1.0,Reference evidence and completeness; not an accuracy percentage or guarantee for your meal.,
FC001360,,"Beef, cured, corned beef, brisket, cooked",Good,Matched reference source with all tracked nutrients available.,1.0,Reference evidence and completeness; not an accuracy percentage or guarantee for your meal.,
FC001361,,"Turkey, whole, dark meat, cooked, roasted",Good,Matched reference source with all tracked nutrients available.,1.0,Reference evidence and completeness; not an accuracy percentage or guarantee for your meal.,
FC001362,,"Turkey, whole, meat only, cooked, roasted",Good,Matched reference source with all tracked nutrients available.,1.0,Reference evidence and completeness; not an accuracy percentage or guarantee for your meal.,
FC001363,,"Chicken, stewing, meat only, cooked, stewed",Good,Matched reference source with all tracked nutrients available.,1.0,Reference evidence and completeness; not an accuracy percentage or guarantee for your meal.,
FC001364,,"Turkey, all classes, heart, cooked, simmered",Good,Matched reference source with all tracked nutrients available.,1.0,Reference evidence and completeness; not an accuracy percentage or guarantee for your meal.,
FC001365,,"Beef, ground, unspecified fat content, cooked",Good,Matched reference source with all tracked nutrients available.,1.0,Reference evidence and completeness; not an accuracy percentage or guarantee for your meal.,
FC001366,,"Chicken, heart, all classes, cooked, simmered",Medium,Matched reference source; some tracked nutrients are unknown.,1.0,Reference evidence and completeness; not an accuracy percentage or guarantee for your meal.,sugar_g_100g
FC001367,,"Chicken, roasting, meat only, cooked, roasted",Medium,Matched reference source; some tracked nutrients are unknown.,1.0,Reference evidence and completeness; not an accuracy percentage or guarantee for your meal.,sugar_g_100g
FC001368,,"Turkey, whole, meat and skin, cooked, roasted",Good,Matched reference source with all tracked nutrients available.,1.0,Reference evidence and completeness; not an accuracy percentage or guarantee for your meal.,
FC001369,,"Turkey, young hen, skin only, cooked, roasted",Medium,Matched reference source; some tracked nutrients are unknown.,1.0,Reference evidence and completeness; not an accuracy percentage or guarantee for your meal.,sugar_g_100g
FC001370,,"Beef, ground, patties, frozen, cooked, broiled",Good,Matched reference source with all tracked nutrients available.,1.0,Reference evidence and completeness; not an accuracy percentage or guarantee for your meal.,
FC001371,,"Chicken, ground, crumbles, cooked, pan-browned",Good,Matched reference source with all tracked nutrients available.,1.0,Reference evidence and completeness; not an accuracy percentage or guarantee for your meal.,
FC001372,,"Chicken, capons, meat and skin, cooked, roasted",Medium,Matched reference source; some tracked nutrients are unknown.,1.0,Reference evidence and completeness; not an accuracy percentage or guarantee for your meal.,sugar_g_100g
FC001373,,"Chicken, stewing, meat and skin, cooked, stewed",Medium,Matched reference source; some tracked nutrients are unknown.,1.0,Reference evidence and completeness; not an accuracy percentage or guarantee for your meal.,sugar_g_100g
FC001374,,"Turkey, whole, back, meat only, cooked, roasted",Good,Matched reference source with all tracked nutrients available.,1.0,Reference evidence and completeness; not an accuracy percentage or guarantee for your meal.,
FC001375,,"Turkey, whole, wing, meat only, cooked, roasted",Good,Matched reference source with all tracked nutrients available.,1.0,Reference evidence and completeness; not an accuracy percentage or guarantee for your meal.,
FC001376,,"Turkey, all classes, light meat, cooked, roasted",Good,Matched reference source with all tracked nutrients available.,1.0,Reference evidence and completeness; not an accuracy percentage or guarantee for your meal.,
FC001377,,"Chicken, roasting, meat and skin, cooked, roasted",Medium,Matched reference source; some tracked nutrients are unknown.,1.0,Reference evidence and completeness; not an accuracy percentage or guarantee for your meal.,sugar_g_100g
FC001378,,"Pork, cured, bacon, pre-sliced, cooked, pan-fried",Good,Matched reference source with all tracked nutrients available.,1.0,Reference evidence and completeness; not an accuracy percentage or guarantee for your meal.,
FC001379,,"Pork, ground, 96% lean / 4% fat, cooked, crumbles",Good,Matched reference source with all tracked nutrients available.,1.0,Reference evidence and completeness; not an accuracy percentage or guarantee for your meal.,
FC001380,,"Turkey, whole, breast, meat only, cooked, roasted",Good,Matched reference source with all tracked nutrients available.,1.0,Reference evidence and completeness; not an accuracy percentage or guarantee for your meal.,
FC001381,,"Pork, cured, ham, low sodium, lean and fat, cooked",Good,Matched reference source with all tracked nutrients available.,1.0,Reference evidence and completeness; not an accuracy percentage or guarantee for your meal.,
FC001382,,"Pork, ground, 72% lean / 28% fat, cooked, crumbles",Good,Matched reference source with all tracked nutrients available.,1.0,Reference evidence and completeness; not an accuracy percentage or guarantee for your meal.,
FC001383,,"Pork, ground, 84% lean / 16% fat, cooked, crumbles",Good,Matched reference source with all tracked nutrients available.,1.0,Reference evidence and completeness; not an accuracy percentage or guarantee for your meal.,
FC001384,,"Pork, ground, 96% lean / 4% fat, cooked, pan-broiled",Good,Matched reference source with all tracked nutrients available.,1.0,Reference evidence and completeness; not an accuracy percentage or guarantee for your meal.,
FC001385,,"Chicken, broilers or fryers, meat only, cooked, fried",Good,Matched reference source with all tracked nutrients available.,1.0,Reference evidence and completeness; not an accuracy percentage or guarantee for your meal.,
FC001386,,"Pork, ground, 72% lean / 28% fat, cooked, pan-broiled",Good,Matched reference source with all tracked nutrients available.,1.0,Reference evidence and completeness; not an accuracy percentage or guarantee for your meal.,
FC001387,,"Pork, ground, 84% lean / 16% fat, cooked, pan-broiled",Good,Matched reference source with all tracked nutrients available.,1.0,Reference evidence and completeness; not an accuracy percentage or guarantee for your meal.,
FC001388,,"Turkey, wing, smoked, cooked, with skin, bone removed",Good,Matched reference source with all tracked nutrients available.,1.0,Reference evidence and completeness; not an accuracy percentage or guarantee for your meal.,
FC001389,,"Chicken, broilers or fryers, meat only, cooked, stewed",Good,Matched reference source with all tracked nutrients available.,1.0,Reference evidence and completeness; not an accuracy percentage or guarantee for your meal.,
FC001390,,"Chicken, broilers or fryers, skin only, cooked, stewed",Medium,Matched reference source; some tracked nutrients are unknown.,1.0,Reference evidence and completeness; not an accuracy percentage or guarantee for your meal.,sugar_g_100g
FC001391,,"Chicken, skin (drumsticks and thighs), cooked, braised",Good,Matched reference source with all tracked nutrients available.,1.0,Reference evidence and completeness; not an accuracy percentage or guarantee for your meal.,
FC001392,,"Chicken, skin (drumsticks and thighs), cooked, roasted",Good,Matched reference source with all tracked nutrients available.,1.0,Reference evidence and completeness; not an accuracy percentage or guarantee for your meal.,
FC001393,,"Chicken, stewing, dark meat, meat only, cooked, stewed",Medium,Matched reference source; some tracked nutrients are unknown.,1.0,Reference evidence and completeness; not an accuracy percentage or guarantee for your meal.,sugar_g_100g
FC001394,,"Turkey, fryer-roasters, meat and skin, cooked, roasted",Good,Matched reference source with all tracked nutrients available.,1.0,Reference evidence and completeness; not an accuracy percentage or guarantee for your meal.,
FC001395,,"Turkey, retail parts, wing, meat only, cooked, roasted",Good,Matched reference source with all tracked nutrients available.,1.0,Reference evidence and completeness; not an accuracy percentage or guarantee for your meal.,
FC001396,,"Chicken, broilers or fryers, meat only, cooked, roasted",Good,Matched reference source with all tracked nutrients available.,1.0,Reference evidence and completeness; not an accuracy percentage or guarantee for your meal.,
FC001397,,"Chicken, broilers or fryers, skin only, cooked, roasted",Good,Matched reference source with all tracked nutrients available.,1.0,Reference evidence and completeness; not an accuracy percentage or guarantee for your meal.,
FC001398,,"Chicken, stewing, light meat, meat only, cooked, stewed",Medium,Matched reference source; some tracked nutrients are unknown.,1.0,Reference evidence and completeness; not an accuracy percentage or guarantee for your meal.,sugar_g_100g
FC001399,,"Turkey, retail parts, thigh, meat only, cooked, roasted",Good,Matched reference source with all tracked nutrients available.,1.0,Reference evidence and completeness; not an accuracy percentage or guarantee for your meal.,
FC001400,,"Chicken, roasting, dark meat, meat only, cooked, roasted",Medium,Matched reference source; some tracked nutrients are unknown.,1.0,Reference evidence and completeness; not an accuracy percentage or guarantee for your meal.,sugar_g_100g
FC001401,,"Turkey, all classes, leg, meat and skin, cooked, roasted",Good,Matched reference source with all tracked nutrients available.,1.0,Reference evidence and completeness; not an accuracy percentage or guarantee for your meal.,
FC001402,,"Turkey, retail parts, breast, meat only, cooked, roasted",Good,Matched reference source with all tracked nutrients available.,1.0,Reference evidence and completeness; not an accuracy percentage or guarantee for your meal.,
FC001403,,"Turkey, whole, dark meat, meat and skin, cooked, roasted",Good,Matched reference source with all tracked nutrients available.,1.0,Reference evidence and completeness; not an accuracy percentage or guarantee for your meal.,
FC001404,,"Beef, ground, 93% lean meat / 7% fat, loaf, cooked, baked",Good,Matched reference source with all tracked nutrients available.,1.0,Reference evidence and completeness; not an accuracy percentage or guarantee for your meal.,
FC001405,,"Beef, ground, 95% lean meat / 5% fat, loaf, cooked, baked",Good,Matched reference source with all tracked nutrients available.,1.0,Reference evidence and completeness; not an accuracy percentage or guarantee for your meal.,
FC001406,,"Beef, ground, 97% lean meat / 3% fat, loaf, cooked, baked",Good,Matched reference source with all tracked nutrients available.,1.0,Reference evidence and completeness; not an accuracy percentage or guarantee for your meal.,
FC001407,,"Chicken, roasting, light meat, meat only, cooked, roasted",Good,Matched reference source with all tracked nutrients available.,1.0,Reference evidence and completeness; not an accuracy percentage or guarantee for your meal.,
FC001408,,"Turkey, all classes, back, meat and skin, cooked, roasted",Good,Matched reference source with all tracked nutrients available.,1.0,Reference evidence and completeness; not an accuracy percentage or guarantee for your meal.,
FC001409,,"Turkey, all classes, wing, meat and skin, cooked, roasted",Good,Matched reference source with all tracked nutrients available.,1.0,Reference evidence and completeness; not an accuracy percentage or guarantee for your meal.,
FC001410,,"Turkey, whole, light meat, meat and skin, cooked, roasted",Good,Matched reference source with all tracked nutrients available.,1.0,Reference evidence and completeness; not an accuracy percentage or guarantee for your meal.,
FC001411,,"Beef, ground, 70% lean meat / 30% fat, loaf, cooked, baked",Good,Matched reference source with all tracked nutrients available.,1.0,Reference evidence and completeness; not an accuracy percentage or guarantee for your meal.,
FC001412,,"Beef, ground, 75% lean meat / 25% fat, loaf, cooked, baked",Good,Matched reference source with all tracked nutrients available.,1.0,Reference evidence and completeness; not an accuracy percentage or guarantee for your meal.,
FC001413,,"Beef, ground, 80% lean meat / 20% fat, loaf, cooked, baked",Good,Matched reference source with all tracked nutrients available.,1.0,Reference evidence and completeness; not an accuracy percentage or guarantee for your meal.,
FC001414,,"Beef, ground, 85% lean meat / 15% fat, loaf, cooked, baked",Good,Matched reference source with all tracked nutrients available.,1.0,Reference evidence and completeness; not an accuracy percentage or guarantee for your meal.,
FC001415,,"Beef, ground, 90% lean meat / 10% fat, loaf, cooked, baked",Good,Matched reference source with all tracked nutrients available.,1.0,Reference evidence and completeness; not an accuracy percentage or guarantee for your meal.,
FC001416,,"Chicken, broilers or fryers, leg, meat only, cooked, fried",Medium,Matched reference source; some tracked nutrients are unknown.,1.0,Reference evidence and completeness; not an accuracy percentage or guarantee for your meal.,sugar_g_100g
FC001417,,"Chicken, broilers or fryers, meat and skin, cooked, stewed",Good,Matched reference source with all tracked nutrients available.,1.0,Reference evidence and completeness; not an accuracy percentage or guarantee for your meal.,
FC001418,,"Turkey, drumstick, smoked, cooked, with skin, bone removed",Good,Matched reference source with all tracked nutrients available.,1.0,Reference evidence and completeness; not an accuracy percentage or guarantee for your meal.,
FC001419,,"Turkey, retail parts, wing, meat and skin, cooked, roasted",Good,Matched reference source with all tracked nutrients available.,1.0,Reference evidence and completeness; not an accuracy percentage or guarantee for your meal.,
FC001420,,"Beef, variety meats and by-products, lungs, cooked, braised",Medium,Matched reference source; some tracked nutrients are unknown.,1.0,Reference evidence and completeness; not an accuracy percentage or guarantee for your meal.,sugar_g_100g
FC001421,,"Chicken, broilers or fryers, back, meat only, cooked, fried",Medium,Matched reference source; some tracked nutrients are unknown.,1.0,Reference evidence and completeness; not an accuracy percentage or guarantee for your meal.,sugar_g_100g
FC001422,,"Chicken, broilers or fryers, leg, meat only, cooked, stewed",Good,Matched reference source with all tracked nutrients available.,1.0,Reference evidence and completeness; not an accuracy percentage or guarantee for your meal.,
FC001423,,"Chicken, broilers or fryers, meat and skin, cooked, roasted",Good,Matched reference source with all tracked nutrients available.,1.0,Reference evidence and completeness; not an accuracy percentage or guarantee for your meal.,
FC001424,,"Chicken, broilers or fryers, wing, meat only, cooked, fried",Medium,Matched reference source; some tracked nutrients are unknown.,1.0,Reference evidence and completeness; not an accuracy percentage or guarantee for your meal.,sugar_g_100g
FC001425,,"Turkey, all classes, breast, meat and skin, cooked, roasted",Medium,Matched reference source; some tracked nutrients are unknown.,1.0,Reference evidence and completeness; not an accuracy percentage or guarantee for your meal.,sugar_g_100g
FC001426,,"Turkey, retail parts, drumstick, meat only, cooked, roasted",Good,Matched reference source with all tracked nutrients available.,1.0,Reference evidence and completeness; not an accuracy percentage or guarantee for your meal.,
FC001427,,"Turkey, retail parts, thigh, meat and skin, cooked, roasted",Good,Matched reference source with all tracked nutrients available.,1.0,Reference evidence and completeness; not an accuracy percentage or guarantee for your meal.,
FC001428,,"Beef, ground, 93% lean meat / 7% fat, patty, cooked, broiled",Good,Matched reference source with all tracked nutrients available.,1.0,Reference evidence and completeness; not an accuracy percentage or guarantee for your meal.,
FC001429,,"Beef, ground, 95% lean meat / 5% fat, patty, cooked, broiled",Good,Matched reference source with all tracked nutrients available.,1.0,Reference evidence and completeness; not an accuracy percentage or guarantee for your meal.,
FC001430,,"Crustaceans, shrimp, cooked",Medium,Matched reference source; some tracked nutrients are unknown.,1.0,Reference evidence and completeness; not an accuracy percentage or guarantee for your meal.,fiber_g_100g;sugar_g_100g
FC001431,,"Fish, carp, cooked, dry heat",Medium,Matched reference source; some tracked nutrients are unknown.,1.0,Reference evidence and completeness; not an accuracy percentage or guarantee for your meal.,sugar_g_100g
FC001432,,"Fish, cusk, cooked, dry heat",Medium,Matched reference source; some tracked nutrients are unknown.,1.0,Reference evidence and completeness; not an accuracy percentage or guarantee for your meal.,sugar_g_100g
FC001433,,"Fish, ling, cooked, dry heat",Medium,Matched reference source; some tracked nutrients are unknown.,1.0,Reference evidence and completeness; not an accuracy percentage or guarantee for your meal.,sugar_g_100g
FC001434,,"Fish, scup, cooked, dry heat",Medium,Matched reference source; some tracked nutrients are unknown.,1.0,Reference evidence and completeness; not an accuracy percentage or guarantee for your meal.,sugar_g_100g
FC001435,,"Fish, spot, cooked, dry heat",Medium,Matched reference source; some tracked nutrients are unknown.,1.0,Reference evidence and completeness; not an accuracy percentage or guarantee for your meal.,sugar_g_100g
FC001436,,"Fish, burbot, cooked, dry heat",Medium,Matched reference source; some tracked nutrients are unknown.,1.0,Reference evidence and completeness; not an accuracy percentage or guarantee for your meal.,sugar_g_100g
FC001437,,"Fish, lingcod, cooked, dry heat",Medium,Matched reference source; some tracked nutrients are unknown.,1.0,Reference evidence and completeness; not an accuracy percentage or guarantee for your meal.,sugar_g_100g
FC001438,,"Fish, tilapia, cooked, dry heat",Good,Matched reference source with all tracked nutrients available.,1.0,Reference evidence and completeness; not an accuracy percentage or guarantee for your meal.,
FC001439,,"Fish, bluefish, cooked, dry heat",Medium,Matched reference source; some tracked nutrients are unknown.,1.0,Reference evidence and completeness; not an accuracy percentage or guarantee for your meal.,sugar_g_100g
FC001440,,"Fish, mahimahi, cooked, dry heat",Medium,Matched reference source; some tracked nutrients are unknown.,1.0,Reference evidence and completeness; not an accuracy percentage or guarantee for your meal.,sugar_g_100g
FC001441,,"Fish, milkfish, cooked, dry heat",Medium,Matched reference source; some tracked nutrients are unknown.,1.0,Reference evidence and completeness; not an accuracy percentage or guarantee for your meal.,sugar_g_100g
FC001442,,"Fish, monkfish, cooked, dry heat",Medium,Matched reference source; some tracked nutrients are unknown.,1.0,Reference evidence and completeness; not an accuracy percentage or guarantee for your meal.,sugar_g_100g
FC001443,,"Fish, tilefish, cooked, dry heat",Medium,Matched reference source; some tracked nutrients are unknown.,1.0,Reference evidence and completeness; not an accuracy percentage or guarantee for your meal.,sugar_g_100g
FC001444,,"Fish, sablefish, cooked, dry heat",Medium,Matched reference source; some tracked nutrients are unknown.,1.0,Reference evidence and completeness; not an accuracy percentage or guarantee for your meal.,sugar_g_100g
FC001445,,"Fish, swordfish, cooked, dry heat",Good,Matched reference source with all tracked nutrients available.,1.0,Reference evidence and completeness; not an accuracy percentage or guarantee for your meal.,
FC001446,,"Fish, butterfish, cooked, dry heat",Medium,Matched reference source; some tracked nutrients are unknown.,1.0,Reference evidence and completeness; not an accuracy percentage or guarantee for your meal.,sugar_g_100g
FC001447,,"Fish, sheepshead, cooked, dry heat",Medium,Matched reference source; some tracked nutrients are unknown.,1.0,Reference evidence and completeness; not an accuracy percentage or guarantee for your meal.,sugar_g_100g
FC001448,,"Fish, pout, ocean, cooked, dry heat",Medium,Matched reference source; some tracked nutrients are unknown.,1.0,Reference evidence and completeness; not an accuracy percentage or guarantee for your meal.,sugar_g_100g
FC001449,,"Fish, salmon, chum, cooked, dry heat",Medium,Matched reference source; some tracked nutrients are unknown.,1.0,Reference evidence and completeness; not an accuracy percentage or guarantee for your meal.,sugar_g_100g
FC001450,,"Fish, pike, walleye, cooked, dry heat",Medium,Matched reference source; some tracked nutrients are unknown.,1.0,Reference evidence and completeness; not an accuracy percentage or guarantee for your meal.,sugar_g_100g
FC001451,,"Fish, sucker, white, cooked, dry heat",Medium,Matched reference source; some tracked nutrients are unknown.,1.0,Reference evidence and completeness; not an accuracy percentage or guarantee for your meal.,sugar_g_100g
FC001452,,"Fish, mackerel, king, cooked, dry heat",Medium,Matched reference source; some tracked nutrients are unknown.,1.0,Reference evidence and completeness; not an accuracy percentage or guarantee for your meal.,sugar_g_100g
FC001453,,"Fish, pike, northern, cooked, dry heat",Medium,Matched reference source; some tracked nutrients are unknown.,1.0,Reference evidence and completeness; not an accuracy percentage or guarantee for your meal.,sugar_g_100g
FC001454,,"Fish, roughy, orange, cooked, dry heat",Good,Matched reference source with all tracked nutrients available.,1.0,Reference evidence and completeness; not an accuracy percentage or guarantee for your meal.,
FC001455,,"Fish, shad, american, cooked, dry heat",Medium,Matched reference source; some tracked nutrients are unknown.,1.0,Reference evidence and completeness; not an accuracy percentage or guarantee for your meal.,sugar_g_100g
FC001456,,"Fish, smelt, rainbow, cooked, dry heat",Medium,Matched reference source; some tracked nutrients are unknown.,1.0,Reference evidence and completeness; not an accuracy percentage or guarantee for your meal.,sugar_g_100g
FC001457,,"Fish, salmon, chinook, cooked, dry heat",Medium,Matched reference source; some tracked nutrients are unknown.,1.0,Reference evidence and completeness; not an accuracy percentage or guarantee for your meal.,sugar_g_100g
FC001458,,"Fish, drum, freshwater, cooked, dry heat",Medium,Matched reference source; some tracked nutrients are unknown.,1.0,Reference evidence and completeness; not an accuracy percentage or guarantee for your meal.,sugar_g_100g
FC001459,,"Fish, herring, Pacific, cooked, dry heat",Medium,Matched reference source; some tracked nutrients are unknown.,1.0,Reference evidence and completeness; not an accuracy percentage or guarantee for your meal.,sugar_g_100g
FC001460,,"Fish, pompano, florida, cooked, dry heat",Medium,Matched reference source; some tracked nutrients are unknown.,1.0,Reference evidence and completeness; not an accuracy percentage or guarantee for your meal.,sugar_g_100g
FC001461,,"Fish, turbot, european, cooked, dry heat",Medium,Matched reference source; some tracked nutrients are unknown.,1.0,Reference evidence and completeness; not an accuracy percentage or guarantee for your meal.,sugar_g_100g
FC001462,,"Fish, herring, Atlantic, cooked, dry heat",Good,Matched reference source with all tracked nutrients available.,1.0,Reference evidence and completeness; not an accuracy percentage or guarantee for your meal.,
FC001463,,"Fish, mackerel, spanish, cooked, dry heat",Medium,Matched reference source; some tracked nutrients are unknown.,1.0,Reference evidence and completeness; not an accuracy percentage or guarantee for your meal.,sugar_g_100g
FC001464,,"Fish, pollock, Atlantic, cooked, dry heat",Medium,Matched reference source; some tracked nutrients are unknown.,1.0,Reference evidence and completeness; not an accuracy percentage or guarantee for your meal.,sugar_g_100g
FC001465,,"Yogurt, plain, low fat",Good,Matched reference source with all tracked nutrients available.,1.0,Reference evidence and completeness; not an accuracy percentage or guarantee for your meal.,
FC001466,,"Yogurt, plain, skim milk",Good,Matched reference source with all tracked nutrients available.,1.0,Reference evidence and completeness; not an accuracy percentage or guarantee for your meal.,
FC001467,,"Yogurt, vanilla, non-fat",Good,Matched reference source with all tracked nutrients available.,1.0,Reference evidence and completeness; not an accuracy percentage or guarantee for your meal.,
FC001468,,"Yogurt, vanilla, low fat.",Good,Matched reference source with all tracked nutrients available.,1.0,Reference evidence and completeness; not an accuracy percentage or guarantee for your meal.,
FC001469,,"Yogurt, Greek, vanilla, lowfat",Good,Matched reference source with all tracked nutrients available.,1.0,Reference evidence and completeness; not an accuracy percentage or guarantee for your meal.,
FC001470,,"Yogurt, Greek, vanilla, nonfat",Good,Matched reference source with all tracked nutrients available.,1.0,Reference evidence and completeness; not an accuracy percentage or guarantee for your meal.,
FC001471,,"Yogurt, Greek, fruit, whole milk",Good,Matched reference source with all tracked nutrients available.,1.0,Reference evidence and completeness; not an accuracy percentage or guarantee for your meal.,
FC001472,,"Yogurt, Greek, strawberry, nonfat",Good,Matched reference source with all tracked nutrients available.,1.0,Reference evidence and completeness; not an accuracy percentage or guarantee for your meal.,
FC001473,,"Cheese, blue",Good,Matched reference source with all tracked nutrients available.,1.0,Reference evidence and completeness; not an accuracy percentage or guarantee for your meal.,
FC001474,,"Cheese, brie",Good,Matched reference source with all tracked nutrients available.,1.0,Reference evidence and completeness; not an accuracy percentage or guarantee for your meal.,
FC001475,,"Cheese, edam",Good,Matched reference source with all tracked nutrients available.,1.0,Reference evidence and completeness; not an accuracy percentage or guarantee for your meal.,
FC001476,,"Cheese, feta",Good,Matched reference source with all tracked nutrients available.,1.0,Reference evidence and completeness; not an accuracy percentage or guarantee for your meal.,
FC001477,,"Cheese, brick",Good,Matched reference source with all tracked nutrients available.,1.0,Reference evidence and completeness; not an accuracy percentage or guarantee for your meal.,
FC001478,,"Cheese, colby",Good,Matched reference source with all tracked nutrients available.,1.0,Reference evidence and completeness; not an accuracy percentage or guarantee for your meal.,
FC001479,,"Cheese, cream",Good,Matched reference source with all tracked nutrients available.,1.0,Reference evidence and completeness; not an accuracy percentage or guarantee for your meal.,
FC001480,,"Cheese, gouda",Good,Matched reference source with all tracked nutrients available.,1.0,Reference evidence and completeness; not an accuracy percentage or guarantee for your meal.,
FC001481,,"Cheese, swiss",Good,Matched reference source with all tracked nutrients available.,1.0,Reference evidence and completeness; not an accuracy percentage or guarantee for your meal.,
FC001482,,"Cheese, romano",Good,Matched reference source with all tracked nutrients available.,1.0,Reference evidence and completeness; not an accuracy percentage or guarantee for your meal.,
FC001483,,"Cheese, tilsit",Medium,Matched reference source; some tracked nutrients are unknown.,1.0,Reference evidence and completeness; not an accuracy percentage or guarantee for your meal.,sugar_g_100g
FC001484,,"Cheese, caraway",Medium,Matched reference source; some tracked nutrients are unknown.,1.0,Reference evidence and completeness; not an accuracy percentage or guarantee for your meal.,sugar_g_100g
FC001485,,"Cheese, fontina",Good,Matched reference source with all tracked nutrients available.,1.0,Reference evidence and completeness; not an accuracy percentage or guarantee for your meal.,
FC001486,,"Cheese, gjetost",Medium,Matched reference source; some tracked nutrients are unknown.,1.0,Reference evidence and completeness; not an accuracy percentage or guarantee for your meal.,sugar_g_100g
FC001487,,"Cheese, gruyere",Good,Matched reference source with all tracked nutrients available.,1.0,Reference evidence and completeness; not an accuracy percentage or guarantee for your meal.,
FC001488,,"Cheese, cheshire",Medium,Matched reference source; some tracked nutrients are unknown.,1.0,Reference evidence and completeness; not an accuracy percentage or guarantee for your meal.,sugar_g_100g
FC001489,,"Cheese, monterey",Good,Matched reference source with all tracked nutrients available.,1.0,Reference evidence and completeness; not an accuracy percentage or guarantee for your meal.,
FC001490,,"Cheese, muenster",Good,Matched reference source with all tracked nutrients available.,1.0,Reference evidence and completeness; not an accuracy percentage or guarantee for your meal.,
FC001491,,"Cheese, camembert",Good,Matched reference source with all tracked nutrients available.,1.0,Reference evidence and completeness; not an accuracy percentage or guarantee for your meal.,
FC001492,,"Cheese, limburger",Good,Matched reference source with all tracked nutrients available.,1.0,Reference evidence and completeness; not an accuracy percentage or guarantee for your meal.,
FC001493,,"Cheese, provolone",Good,Matched reference source with all tracked nutrients available.,1.0,Reference evidence and completeness; not an accuracy percentage or guarantee for your meal.,
FC001494,,"Cheese, roquefort",Medium,Matched reference source; some tracked nutrients are unknown.,1.0,Reference evidence and completeness; not an accuracy percentage or guarantee for your meal.,sugar_g_100g
FC001495,,"Cheese, neufchatel",Good,Matched reference source with all tracked nutrients available.,1.0,Reference evidence and completeness; not an accuracy percentage or guarantee for your meal.,
FC001496,,"Milk, sheep, fluid",Medium,Matched reference source; some tracked nutrients are unknown.,1.0,Reference evidence and completeness; not an accuracy percentage or guarantee for your meal.,sugar_g_100g
FC001497,,"Cheese, Mexican blend",Good,Matched reference source with all tracked nutrients available.,1.0,Reference evidence and completeness; not an accuracy percentage or guarantee for your meal.,
FC001498,,"Cheese, port de salut",Good,Matched reference source with all tracked nutrients available.,1.0,Reference evidence and completeness; not an accuracy percentage or guarantee for your meal.,
FC001499,,"Cream, sour, cultured",Good,Matched reference source with all tracked nutrients available.,1.0,Reference evidence and completeness; not an accuracy percentage or guarantee for your meal.,
FC001500,,"Cheese, cream, low fat",Good,Matched reference source with all tracked nutrients available.,1.0,Reference evidence and completeness; not an accuracy percentage or guarantee for your meal.,
FC001501,,"Cheese, parmesan, hard",Good,Matched reference source with all tracked nutrients available.,1.0,Reference evidence and completeness; not an accuracy percentage or guarantee for your meal.,
FC001502,,"Cheese, swiss, low fat",Good,Matched reference source with all tracked nutrients available.,1.0,Reference evidence and completeness; not an accuracy percentage or guarantee for your meal.,
FC001503,,"Cheese, cream, fat free",Good,Matched reference source with all tracked nutrients available.,1.0,Reference evidence and completeness; not an accuracy percentage or guarantee for your meal.,
FC001504,,"Egg, whole, cooked, scrambled",Good,Matched reference source with all tracked nutrients available.,1.0,Reference evidence and completeness; not an accuracy percentage or guarantee for your meal.,
FC001505,,"Rice, brown, long-grain, cooked (Includes foods for USDA's Food Distribution Program)",Good,Matched reference source with all tracked nutrients available.,1.0,Reference evidence and completeness; not an accuracy percentage or guarantee for your meal.,
FC001506,,"Millet, cooked",Good,Matched reference source with all tracked nutrients available.,1.0,Reference evidence and completeness; not an accuracy percentage or guarantee for your meal.,
FC001507,,"Spaghetti, spinach, cooked",Medium,Matched reference source; some tracked nutrients are unknown.,1.0,Reference evidence and completeness; not an accuracy percentage or guarantee for your meal.,fiber_g_100g;sugar_g_100g
FC001508,,"Pasta, gluten-free, corn, cooked",Medium,Matched reference source; some tracked nutrients are unknown.,1.0,Reference evidence and completeness; not an accuracy percentage or guarantee for your meal.,sugar_g_100g
FC001509,,"Macaroni, vegetable, enriched, cooked",Good,Matched reference source with all tracked nutrients available.,1.0,Reference evidence and completeness; not an accuracy percentage or guarantee for your meal.,
FC001510,,"Pasta, homemade, made with egg, cooked",Medium,Matched reference source; some tracked nutrients are unknown.,1.0,Reference evidence and completeness; not an accuracy percentage or guarantee for your meal.,fiber_g_100g;sugar_g_100g
FC001511,,"Pasta, cooked, enriched, with added salt",Good,Matched reference source with all tracked nutrients available.,1.0,Reference evidence and completeness; not an accuracy percentage or guarantee for your meal.,
FC001512,,"Pasta, fresh-refrigerated, plain, cooked",Medium,Matched reference source; some tracked nutrients are unknown.,1.0,Reference evidence and completeness; not an accuracy percentage or guarantee for your meal.,fiber_g_100g;sugar_g_100g
FC001513,,"Pasta, homemade, made without egg, cooked",Medium,Matched reference source; some tracked nutrients are unknown.,1.0,Reference evidence and completeness; not an accuracy percentage or guarantee for your meal.,fiber_g_100g;sugar_g_100g
FC001514,,"Pasta, cooked, unenriched, with added salt",Good,Matched reference source with all tracked nutrients available.,1.0,Reference evidence and completeness; not an accuracy percentage or guarantee for your meal.,
FC001515,,"Pasta, fresh-refrigerated, spinach, cooked",Medium,Matched reference source; some tracked nutrients are unknown.,1.0,Reference evidence and completeness; not an accuracy percentage or guarantee for your meal.,fiber_g_100g;sugar_g_100g
FC001516,,"Rice, white, glutinous, unenriched, cooked",Good,Matched reference source with all tracked nutrients available.,1.0,Reference evidence and completeness; not an accuracy percentage or guarantee for your meal.,
FC001517,,"Rice, white, short-grain, enriched, cooked",Medium,Matched reference source; some tracked nutrients are unknown.,1.0,Reference evidence and completeness; not an accuracy percentage or guarantee for your meal.,fiber_g_100g;sugar_g_100g
FC001518,,"Pasta, cooked, enriched, without added salt",Good,Matched reference source with all tracked nutrients available.,1.0,Reference evidence and completeness; not an accuracy percentage or guarantee for your meal.,
FC001519,,"Rice, white, medium-grain, enriched, cooked",Medium,Matched reference source; some tracked nutrients are unknown.,1.0,Reference evidence and completeness; not an accuracy percentage or guarantee for your meal.,sugar_g_100g
FC001520,,"Rice, white, glutinous, unenriched, uncooked",Medium,Matched reference source; some tracked nutrients are unknown.,1.0,Reference evidence and completeness; not an accuracy percentage or guarantee for your meal.,sugar_g_100g
FC001521,,"Rice, white, short-grain, cooked, unenriched",Medium,Matched reference source; some tracked nutrients are unknown.,1.0,Reference evidence and completeness; not an accuracy percentage or guarantee for your meal.,fiber_g_100g;sugar_g_100g
FC001522,,"Rice, white, short-grain, enriched, uncooked",Medium,Matched reference source; some tracked nutrients are unknown.,1.0,Reference evidence and completeness; not an accuracy percentage or guarantee for your meal.,sugar_g_100g
FC001523,,"Pasta, cooked, unenriched, without added salt",Good,Matched reference source with all tracked nutrients available.,1.0,Reference evidence and completeness; not an accuracy percentage or guarantee for your meal.,
FC001524,,"Rice, white, medium-grain, cooked, unenriched",Medium,Matched reference source; some tracked nutrients are unknown.,1.0,Reference evidence and completeness; not an accuracy percentage or guarantee for your meal.,fiber_g_100g;sugar_g_100g
FC001525,,"Pasta, gluten-free, corn and rice flour, cooked",Good,Matched reference source with all tracked nutrients available.,1.0,Reference evidence and completeness; not an accuracy percentage or guarantee for your meal.,
FC001526,,"Rice, white, long-grain, regular, enriched, cooked",Good,Matched reference source with all tracked nutrients available.,1.0,Reference evidence and completeness; not an accuracy percentage or guarantee for your meal.,
FC001527,,"Rice, white, long-grain, parboiled, enriched, cooked",Good,Matched reference source with all tracked nutrients available.,1.0,Reference evidence and completeness; not an accuracy percentage or guarantee for your meal.,
FC001528,,"Rice, white, long-grain, parboiled, unenriched, cooked",Good,Matched reference source with all tracked nutrients available.,1.0,Reference evidence and completeness; not an accuracy percentage or guarantee for your meal.,
FC001529,,"Cereals, farina, enriched, cooked with water, with salt",Good,Matched reference source with all tracked nutrients available.,1.0,Reference evidence and completeness; not an accuracy percentage or guarantee for your meal.,
FC001530,,"Spaghetti, protein-fortified, cooked, enriched (n x 6.25)",Medium,Matched reference source; some tracked nutrients are unknown.,1.0,Reference evidence and completeness; not an accuracy percentage or guarantee for your meal.,sugar_g_100g
FC001531,,"Rice, white, long-grain, precooked or instant, enriched, dry",Good,Matched reference source with all tracked nutrients available.,1.0,Reference evidence and completeness; not an accuracy percentage or guarantee for your meal.,
FC001532,,"Rice, white, long-grain, regular, cooked, enriched, with salt",Good,Matched reference source with all tracked nutrients available.,1.0,Reference evidence and completeness; not an accuracy percentage or guarantee for your meal.,
FC001533,,"Rice, white, long-grain, regular, cooked, unenriched, with salt",Good,Matched reference source with all tracked nutrients available.,1.0,Reference evidence and completeness; not an accuracy percentage or guarantee for your meal.,
FC001534,,"Rice, white, long-grain, precooked or instant, enriched, prepared",Good,Matched reference source with all tracked nutrients available.,1.0,Reference evidence and completeness; not an accuracy percentage or guarantee for your meal.,
FC001535,,"Rice, white, long-grain, regular, unenriched, cooked without salt",Good,Matched reference source with all tracked nutrients available.,1.0,Reference evidence and completeness; not an accuracy percentage or guarantee for your meal.,
FC001536,,"Cereals, whole wheat hot natural cereal, cooked with water, with salt",Good,Matched reference source with all tracked nutrients available.,1.0,Reference evidence and completeness; not an accuracy percentage or guarantee for your meal.,
FC001537,,"Cereals, whole wheat hot natural cereal, cooked with water, without salt",Good,Matched reference source with all tracked nutrients available.,1.0,Reference evidence and completeness; not an accuracy percentage or guarantee for your meal.,
FC001538,,"Pasta, whole grain, 51% whole wheat, remaining unenriched semolina, cooked",Medium,Matched reference source; some tracked nutrients are unknown.,1.0,Reference evidence and completeness; not an accuracy percentage or guarantee for your meal.,cholesterol_mg_100g
FC001539,,"Cereals, corn grits, yellow, regular, quick, enriched, cooked with water, with salt",Good,Matched reference source with all tracked nutrients available.,1.0,Reference evidence and completeness; not an accuracy percentage or guarantee for your meal.,
FC001540,,"Cereals, corn grits, white, regular and quick, enriched, cooked with water, with salt",Good,Matched reference source with all tracked nutrients available.,1.0,Reference evidence and completeness; not an accuracy percentage or guarantee for your meal.,
FC001541,,"Cereals, corn grits, white, regular and quick, enriched, cooked with water, without salt",Good,Matched reference source with all tracked nutrients available.,1.0,Reference evidence and completeness; not an accuracy percentage or guarantee for your meal.,
FC001542,,"Cereals, corn grits, yellow, regular and quick, enriched, cooked with water, without salt",Good,Matched reference source with all tracked nutrients available.,1.0,Reference evidence and completeness; not an accuracy percentage or guarantee for your meal.,
FC001543,,"Cereals, oats, regular and quick, unenriched, cooked with water (includes boiling and microwaving), without salt",Good,Matched reference source with all tracked nutrients available.,1.0,Reference evidence and completeness; not an accuracy percentage or guarantee for your meal.,
FC001544,,"Cereals, oats, regular and quick and instant, unenriched, cooked with water (includes boiling and microwaving), with salt",Good,Matched reference source with all tracked nutrients available.,1.0,Reference evidence and completeness; not an accuracy percentage or guarantee for your meal.,
FC001545,,Buckwheat,Medium,Matched reference source; some tracked nutrients are unknown.,1.0,Reference evidence and completeness; not an accuracy percentage or guarantee for your meal.,sugar_g_100g
FC001546,,"Millet, raw",Medium,Matched reference source; some tracked nutrients are unknown.,1.0,Reference evidence and completeness; not an accuracy percentage or guarantee for your meal.,sugar_g_100g
FC001547,,"Barley, hulled",Good,Matched reference source with all tracked nutrients available.,1.0,Reference evidence and completeness; not an accuracy percentage or guarantee for your meal.,
FC001548,,"Millet, puffed",Good,Matched reference source with all tracked nutrients available.,1.0,Reference evidence and completeness; not an accuracy percentage or guarantee for your meal.,
FC001549,,"Rye flour, dark",Good,Matched reference source with all tracked nutrients available.,1.0,Reference evidence and completeness; not an accuracy percentage or guarantee for your meal.,
FC001550,,"Rye flour, light",Good,Matched reference source with all tracked nutrients available.,1.0,Reference evidence and completeness; not an accuracy percentage or guarantee for your meal.,
FC001551,,"Rye flour, medium",Good,Matched reference source with all tracked nutrients available.,1.0,Reference evidence and completeness; not an accuracy percentage or guarantee for your meal.,
FC001552,,"Pasta, dry, enriched",Good,Matched reference source with all tracked nutrients available.,1.0,Reference evidence and completeness; not an accuracy percentage or guarantee for your meal.,
FC001553,,"Pasta, dry, unenriched",Good,Matched reference source with all tracked nutrients available.,1.0,Reference evidence and completeness; not an accuracy percentage or guarantee for your meal.,
FC001554,,"Cornmeal, blue (Navajo)",Medium,Matched reference source; some tracked nutrients are unknown.,1.0,Reference evidence and completeness; not an accuracy percentage or guarantee for your meal.,cholesterol_mg_100g
FC001555,,"Spaghetti, spinach, dry",Good,Matched reference source with all tracked nutrients available.,1.0,Reference evidence and completeness; not an accuracy percentage or guarantee for your meal.,
FC001556,,"Cornmeal, white (Navajo)",Medium,Matched reference source; some tracked nutrients are unknown.,1.0,Reference evidence and completeness; not an accuracy percentage or guarantee for your meal.,cholesterol_mg_100g
FC001557,,"Cornmeal, yellow (Navajo)",Medium,Matched reference source; some tracked nutrients are unknown.,1.0,Reference evidence and completeness; not an accuracy percentage or guarantee for your meal.,cholesterol_mg_100g
FC001558,,"Cornmeal, whole-grain, white",Good,Matched reference source with all tracked nutrients available.,1.0,Reference evidence and completeness; not an accuracy percentage or guarantee for your meal.,
FC001559,,"Cornmeal, whole-grain, yellow",Good,Matched reference source with all tracked nutrients available.,1.0,Reference evidence and completeness; not an accuracy percentage or guarantee for your meal.,
FC001560,,"Pasta, gluten-free, corn, dry",Medium,Matched reference source; some tracked nutrients are unknown.,1.0,Reference evidence and completeness; not an accuracy percentage or guarantee for your meal.,sugar_g_100g
FC001561,,"Corn flour, whole-grain, white",Good,Matched reference source with all tracked nutrients available.,1.0,Reference evidence and completeness; not an accuracy percentage or guarantee for your meal.,
FC001562,,"Oat flour, partially debranned",Good,Matched reference source with all tracked nutrients available.,1.0,Reference evidence and completeness; not an accuracy percentage or guarantee for your meal.,
FC001563,,"Corn flour, whole-grain, yellow",Good,Matched reference source with all tracked nutrients available.,1.0,Reference evidence and completeness; not an accuracy percentage or guarantee for your meal.,
FC001564,,"Cereals, farina, unenriched, dry",Medium,Matched reference source; some tracked nutrients are unknown.,1.0,Reference evidence and completeness; not an accuracy percentage or guarantee for your meal.,sugar_g_100g
FC001565,,"Corn flour, masa, enriched, white",Good,Matched reference source with all tracked nutrients available.,1.0,Reference evidence and completeness; not an accuracy percentage or guarantee for your meal.,
FC001566,,"Corn flour, yellow, masa, enriched",Medium,Matched reference source; some tracked nutrients are unknown.,1.0,Reference evidence and completeness; not an accuracy percentage or guarantee for your meal.,sugar_g_100g
FC001567,,"Macaroni, vegetable, enriched, dry",Medium,Matched reference source; some tracked nutrients are unknown.,1.0,Reference evidence and completeness; not an accuracy percentage or guarantee for your meal.,sugar_g_100g
FC001568,,"Wheat flour, white, cake, enriched",Good,Matched reference source with all tracked nutrients available.,1.0,Reference evidence and completeness; not an accuracy percentage or guarantee for your meal.,
FC001569,,"Corn flour, masa, unenriched, white",Good,Matched reference source with all tracked nutrients available.,1.0,Reference evidence and completeness; not an accuracy percentage or guarantee for your meal.,
FC001570,,"Beans, chili, barbecue, ranch style, cooked",Good,Matched reference source with all tracked nutrients available.,1.0,Reference evidence and completeness; not an accuracy percentage or guarantee for your meal.,
FC001571,,"Peanuts, all types, cooked, boiled, with salt",Good,Matched reference source with all tracked nutrients available.,1.0,Reference evidence and completeness; not an accuracy percentage or guarantee for your meal.,
FC001572,,"Soybeans, mature cooked, boiled, without salt",Good,Matched reference source with all tracked nutrients available.,1.0,Reference evidence and completeness; not an accuracy percentage or guarantee for your meal.,
FC001573,,"Peas, green, cooked, boiled, drained, with salt",Good,Matched reference source with all tracked nutrients available.,1.0,Reference evidence and completeness; not an accuracy percentage or guarantee for your meal.,
FC001574,,"Lentils, mature seeds, cooked, boiled, with salt",Good,Matched reference source with all tracked nutrients available.,1.0,Reference evidence and completeness; not an accuracy percentage or guarantee for your meal.,
FC001575,,"Lentils, sprouted, cooked, stir-fried, with salt",Medium,Matched reference source; some tracked nutrients are unknown.,1.0,Reference evidence and completeness; not an accuracy percentage or guarantee for your meal.,fiber_g_100g;sugar_g_100g
FC001576,,"Soybeans, mature seeds, cooked, boiled, with salt",Good,Matched reference source with all tracked nutrients available.,1.0,Reference evidence and completeness; not an accuracy percentage or guarantee for your meal.,
FC001577,,"Soybeans, mature seeds, sprouted, cooked, steamed",Good,Matched reference source with all tracked nutrients available.,1.0,Reference evidence and completeness; not an accuracy percentage or guarantee for your meal.,
FC001578,,"Peas, green, cooked, boiled, drained, without salt",Good,Matched reference source with all tracked nutrients available.,1.0,Reference evidence and completeness; not an accuracy percentage or guarantee for your meal.,
FC001579,,"Lentils, sprouted, cooked, stir-fried, without salt",Medium,Matched reference source; some tracked nutrients are unknown.,1.0,Reference evidence and completeness; not an accuracy percentage or guarantee for your meal.,fiber_g_100g;sugar_g_100g
FC001580,,"Soybeans, green, cooked, boiled, drained, with salt",Medium,Matched reference source; some tracked nutrients are unknown.,1.0,Reference evidence and completeness; not an accuracy percentage or guarantee for your meal.,sugar_g_100g
FC001581,,"Beans, navy, mature seeds, cooked, boiled, with salt",Good,Matched reference source with all tracked nutrients available.,1.0,Reference evidence and completeness; not an accuracy percentage or guarantee for your meal.,
FC001582,,"Beans, pink, mature seeds, cooked, boiled, with salt",Good,Matched reference source with all tracked nutrients available.,1.0,Reference evidence and completeness; not an accuracy percentage or guarantee for your meal.,
FC001583,,"Peas, split, mature seeds, cooked, boiled, with salt",Good,Matched reference source with all tracked nutrients available.,1.0,Reference evidence and completeness; not an accuracy percentage or guarantee for your meal.,
FC001584,,"Soybeans, mature seeds, sprouted, cooked, stir-fried",Medium,Matched reference source; some tracked nutrients are unknown.,1.0,Reference evidence and completeness; not an accuracy percentage or guarantee for your meal.,sugar_g_100g
FC001585,,"Beans, adzuki, mature seed, cooked, boiled, with salt",Medium,Matched reference source; some tracked nutrients are unknown.,1.0,Reference evidence and completeness; not an accuracy percentage or guarantee for your meal.,sugar_g_100g
FC001586,,"Beans, black, mature seeds, cooked, boiled, with salt",Good,Matched reference source with all tracked nutrients available.,1.0,Reference evidence and completeness; not an accuracy percentage or guarantee for your meal.,
FC001587,,"Beans, pinto, mature seeds, cooked, boiled, with salt",Good,Matched reference source with all tracked nutrients available.,1.0,Reference evidence and completeness; not an accuracy percentage or guarantee for your meal.,
FC001588,,"Beans, white, mature seeds, cooked, boiled, with salt",Good,Matched reference source with all tracked nutrients available.,1.0,Reference evidence and completeness; not an accuracy percentage or guarantee for your meal.,
FC001589,,"Beans, french, mature seeds, cooked, boiled, with salt",Medium,Matched reference source; some tracked nutrients are unknown.,1.0,Reference evidence and completeness; not an accuracy percentage or guarantee for your meal.,sugar_g_100g
FC001590,,"Beans, snap, green, cooked, boiled, drained, with salt",Good,Matched reference source with all tracked nutrients available.,1.0,Reference evidence and completeness; not an accuracy percentage or guarantee for your meal.,
FC001591,,"Beans, yellow, mature seeds, cooked, boiled, with salt",Good,Matched reference source with all tracked nutrients available.,1.0,Reference evidence and completeness; not an accuracy percentage or guarantee for your meal.,
FC001592,,"Soybeans, green, cooked, boiled, drained, without salt",Medium,Matched reference source; some tracked nutrients are unknown.,1.0,Reference evidence and completeness; not an accuracy percentage or guarantee for your meal.,sugar_g_100g
FC001593,,"Beans, navy, mature seeds, cooked, boiled, without salt",Medium,Matched reference source; some tracked nutrients are unknown.,1.0,Reference evidence and completeness; not an accuracy percentage or guarantee for your meal.,cholesterol_mg_100g
FC001594,,"Beans, pink, mature seeds, cooked, boiled, without salt",Good,Matched reference source with all tracked nutrients available.,1.0,Reference evidence and completeness; not an accuracy percentage or guarantee for your meal.,
FC001595,,"Beans, snap, yellow, cooked, boiled, drained, with salt",Good,Matched reference source with all tracked nutrients available.,1.0,Reference evidence and completeness; not an accuracy percentage or guarantee for your meal.,
FC001596,,"Peas, edible-podded, cooked, boiled, drained, with salt",Good,Matched reference source with all tracked nutrients available.,1.0,Reference evidence and completeness; not an accuracy percentage or guarantee for your meal.,
FC001597,,"Peas, green, frozen, cooked, boiled, drained, with salt",Good,Matched reference source with all tracked nutrients available.,1.0,Reference evidence and completeness; not an accuracy percentage or guarantee for your meal.,
FC001598,,"Peas, split, mature seeds, cooked, boiled, without salt",Good,Matched reference source with all tracked nutrients available.,1.0,Reference evidence and completeness; not an accuracy percentage or guarantee for your meal.,
FC001599,,"Beans, black, mature seeds, cooked, boiled, without salt",Good,Matched reference source with all tracked nutrients available.,1.0,Reference evidence and completeness; not an accuracy percentage or guarantee for your meal.,
FC001600,,"Beans, pinto, mature seeds, cooked, boiled, without salt",Good,Matched reference source with all tracked nutrients available.,1.0,Reference evidence and completeness; not an accuracy percentage or guarantee for your meal.,
FC001601,,"Beans, white, mature seeds, cooked, boiled, without salt",Good,Matched reference source with all tracked nutrients available.,1.0,Reference evidence and completeness; not an accuracy percentage or guarantee for your meal.,
FC001602,,"Beans, adzuki, mature seeds, cooked, boiled, without salt",Medium,Matched reference source; some tracked nutrients are unknown.,1.0,Reference evidence and completeness; not an accuracy percentage or guarantee for your meal.,sugar_g_100g
FC001603,,"Beans, french, mature seeds, cooked, boiled, without salt",Medium,Matched reference source; some tracked nutrients are unknown.,1.0,Reference evidence and completeness; not an accuracy percentage or guarantee for your meal.,sugar_g_100g
FC001604,,"Beans, snap, green, cooked, boiled, drained, without salt",Good,Matched reference source with all tracked nutrients available.,1.0,Reference evidence and completeness; not an accuracy percentage or guarantee for your meal.,
FC001605,,"Cabbage, kimchi",Good,Matched reference source with all tracked nutrients available.,1.0,Reference evidence and completeness; not an accuracy percentage or guarantee for your meal.,
FC001606,,"Sweet potato, frozen, cooked, baked, with salt",Medium,Matched reference source; some tracked nutrients are unknown.,1.0,Reference evidence and completeness; not an accuracy percentage or guarantee for your meal.,sugar_g_100g
FC001607,,"Squash, winter, acorn, cooked, baked, with salt",Medium,Matched reference source; some tracked nutrients are unknown.,1.0,Reference evidence and completeness; not an accuracy percentage or guarantee for your meal.,sugar_g_100g
FC001608,,"Okra, frozen, cooked, boiled, drained, with salt",Good,Matched reference source with all tracked nutrients available.,1.0,Reference evidence and completeness; not an accuracy percentage or guarantee for your meal.,
FC001609,,"Sweet potato, frozen, cooked, baked, without salt",Good,Matched reference source with all tracked nutrients available.,1.0,Reference evidence and completeness; not an accuracy percentage or guarantee for your meal.,
FC001610,,"Squash, winter, acorn, cooked, baked, without salt",Medium,Matched reference source; some tracked nutrients are unknown.,1.0,Reference evidence and completeness; not an accuracy percentage or guarantee for your meal.,sugar_g_100g
FC001611,,"Carrots, frozen, cooked, boiled, drained, with salt",Good,Matched reference source with all tracked nutrients available.,1.0,Reference evidence and completeness; not an accuracy percentage or guarantee for your meal.,
FC001612,,"Okra, frozen, cooked, boiled, drained, without salt",Good,Matched reference source with all tracked nutrients available.,1.0,Reference evidence and completeness; not an accuracy percentage or guarantee for your meal.,
FC001613,,"Squash, winter, butternut, cooked, baked, with salt",Good,Matched reference source with all tracked nutrients available.,1.0,Reference evidence and completeness; not an accuracy percentage or guarantee for your meal.,
FC001614,,"Turnips, frozen, cooked, boiled, drained, with salt",Good,Matched reference source with all tracked nutrients available.,1.0,Reference evidence and completeness; not an accuracy percentage or guarantee for your meal.,
FC001615,,"Asparagus, frozen, cooked, boiled, drained, with salt",Good,Matched reference source with all tracked nutrients available.,1.0,Reference evidence and completeness; not an accuracy percentage or guarantee for your meal.,
FC001616,,"Sweet potato, cooked, baked in skin, flesh, with salt",Good,Matched reference source with all tracked nutrients available.,1.0,Reference evidence and completeness; not an accuracy percentage or guarantee for your meal.,
FC001617,,"Carrots, frozen, cooked, boiled, drained, without salt",Good,Matched reference source with all tracked nutrients available.,1.0,Reference evidence and completeness; not an accuracy percentage or guarantee for your meal.,
FC001618,,"Squash, winter, butternut, cooked, baked, without salt",Good,Matched reference source with all tracked nutrients available.,1.0,Reference evidence and completeness; not an accuracy percentage or guarantee for your meal.,
FC001619,,"Turnips, frozen, cooked, boiled, drained, without salt",Good,Matched reference source with all tracked nutrients available.,1.0,Reference evidence and completeness; not an accuracy percentage or guarantee for your meal.,
FC001620,,"Cauliflower, frozen, cooked, boiled, drained, with salt",Good,Matched reference source with all tracked nutrients available.,1.0,Reference evidence and completeness; not an accuracy percentage or guarantee for your meal.,
FC001621,,"Squash, winter, all varieties, cooked, baked, with salt",Good,Matched reference source with all tracked nutrients available.,1.0,Reference evidence and completeness; not an accuracy percentage or guarantee for your meal.,
FC001622,,"Squash, winter, acorn, cooked, boiled, mashed, with salt",Medium,Matched reference source; some tracked nutrients are unknown.,1.0,Reference evidence and completeness; not an accuracy percentage or guarantee for your meal.,sugar_g_100g
FC001623,,"Sweet potato, cooked, baked in skin, flesh, without salt",Good,Matched reference source with all tracked nutrients available.,1.0,Reference evidence and completeness; not an accuracy percentage or guarantee for your meal.,
FC001624,,"Onions, frozen, whole, cooked, boiled, drained, with salt",Good,Matched reference source with all tracked nutrients available.,1.0,Reference evidence and completeness; not an accuracy percentage or guarantee for your meal.,
FC001625,,"Cauliflower, frozen, cooked, boiled, drained, without salt",Good,Matched reference source with all tracked nutrients available.,1.0,Reference evidence and completeness; not an accuracy percentage or guarantee for your meal.,
FC001626,,"Squash, winter, all varieties, cooked, baked, without salt",Good,Matched reference source with all tracked nutrients available.,1.0,Reference evidence and completeness; not an accuracy percentage or guarantee for your meal.,
FC001627,,"Squash, winter, hubbard, cooked, boiled, mashed, with salt",Good,Matched reference source with all tracked nutrients available.,1.0,Reference evidence and completeness; not an accuracy percentage or guarantee for your meal.,
FC001628,,"Onions, frozen, chopped, cooked, boiled, drained, with salt",Good,Matched reference source with all tracked nutrients available.,1.0,Reference evidence and completeness; not an accuracy percentage or guarantee for your meal.,
FC001629,,"Potatoes, frozen, whole, cooked, boiled, drained, with salt",Medium,Matched reference source; some tracked nutrients are unknown.,1.0,Reference evidence and completeness; not an accuracy percentage or guarantee for your meal.,sugar_g_100g
FC001630,,"Squash, winter, acorn, cooked, boiled, mashed, without salt",Medium,Matched reference source; some tracked nutrients are unknown.,1.0,Reference evidence and completeness; not an accuracy percentage or guarantee for your meal.,sugar_g_100g
FC001631,,"Onions, frozen, whole, cooked, boiled, drained, without salt",Good,Matched reference source with all tracked nutrients available.,1.0,Reference evidence and completeness; not an accuracy percentage or guarantee for your meal.,
FC001632,,"Squash, winter, butternut, frozen, cooked, boiled, with salt",Medium,Matched reference source; some tracked nutrients are unknown.,1.0,Reference evidence and completeness; not an accuracy percentage or guarantee for your meal.,fiber_g_100g;sugar_g_100g
FC001633,,"Squash, winter, hubbard, cooked, boiled, mashed, without salt",Good,Matched reference source with all tracked nutrients available.,1.0,Reference evidence and completeness; not an accuracy percentage or guarantee for your meal.,
FC001634,,"Onions, frozen, chopped, cooked, boiled, drained, without salt",Good,Matched reference source with all tracked nutrients available.,1.0,Reference evidence and completeness; not an accuracy percentage or guarantee for your meal.,
FC001635,,"Potatoes, frozen, whole, cooked, boiled, drained, without salt",Medium,Matched reference source; some tracked nutrients are unknown.,1.0,Reference evidence and completeness; not an accuracy percentage or guarantee for your meal.,sugar_g_100g
FC001636,,"Squash, winter, butternut, frozen, cooked, boiled, without salt",Medium,Matched reference source; some tracked nutrients are unknown.,1.0,Reference evidence and completeness; not an accuracy percentage or guarantee for your meal.,fiber_g_100g;sugar_g_100g
FC001637,,"Squash, winter, spaghetti, cooked, boiled, drained, or baked, with salt",Good,Matched reference source with all tracked nutrients available.,1.0,Reference evidence and completeness; not an accuracy percentage or guarantee for your meal.,
FC001638,,"Artichokes, (globe or french), frozen, cooked, boiled, drained, with salt",Good,Matched reference source with all tracked nutrients available.,1.0,Reference evidence and completeness; not an accuracy percentage or guarantee for your meal.,
FC001639,,"Peppers, sweet, green, frozen, chopped, cooked, boiled, drained, with salt",Medium,Matched reference source; some tracked nutrients are unknown.,1.0,Reference evidence and completeness; not an accuracy percentage or guarantee for your meal.,sugar_g_100g
FC001640,,"Squash, winter, spaghetti, cooked, boiled, drained, or baked, without salt",Good,Matched reference source with all tracked nutrients available.,1.0,Reference evidence and completeness; not an accuracy percentage or guarantee for your meal.,
FC001641,,"Corn, sweet, white, frozen, kernels on cob, cooked, boiled, drained, with salt",Medium,Matched reference source; some tracked nutrients are unknown.,1.0,Reference evidence and completeness; not an accuracy percentage or guarantee for your meal.,sugar_g_100g
FC001642,,"Corn, sweet, yellow, frozen, kernels on cob, cooked, boiled, drained, with salt",Good,Matched reference source with all tracked nutrients available.,1.0,Reference evidence and completeness; not an accuracy percentage or guarantee for your meal.,
FC001643,,"Corn, sweet, white, frozen, kernels on cob, cooked, boiled, drained, without salt",Medium,Matched reference source; some tracked nutrients are unknown.,1.0,Reference evidence and completeness; not an accuracy percentage or guarantee for your meal.,sugar_g_100g
FC001644,,"Corn, sweet, yellow, frozen, kernels on cob, cooked, boiled, drained, without salt",Good,Matched reference source with all tracked nutrients available.,1.0,Reference evidence and completeness; not an accuracy percentage or guarantee for your meal.,
FC001645,,"Squash, summer, zucchini, includes skin, frozen, cooked, boiled, drained, with salt",Good,Matched reference source with all tracked nutrients available.,1.0,Reference evidence and completeness; not an accuracy percentage or guarantee for your meal.,
FC001646,,"Squash, summer, zucchini, includes skin, frozen, cooked, boiled, drained, without salt",Good,Matched reference source with all tracked nutrients available.,1.0,Reference evidence and completeness; not an accuracy percentage or guarantee for your meal.,
FC001647,,"Tomatoes, sun-dried",Good,Matched reference source with all tracked nutrients available.,1.0,Reference evidence and completeness; not an accuracy percentage or guarantee for your meal.,
FC001648,,"Corn, dried (Navajo)",Medium,Matched reference source; some tracked nutrients are unknown.,1.0,Reference evidence and completeness; not an accuracy percentage or guarantee for your meal.,fiber_g_100g;cholesterol_mg_100g
FC001649,,"Peppers, ancho, dried",Medium,Matched reference source; some tracked nutrients are unknown.,1.0,Reference evidence and completeness; not an accuracy percentage or guarantee for your meal.,sugar_g_100g
FC001650,,"Peppers, pasilla, dried",Medium,Matched reference source; some tracked nutrients are unknown.,1.0,Reference evidence and completeness; not an accuracy percentage or guarantee for your meal.,sugar_g_100g
FC001651,,"Pickles, cucumber, sour",Good,Matched reference source with all tracked nutrients available.,1.0,Reference evidence and completeness; not an accuracy percentage or guarantee for your meal.,
FC001652,,"Okra, frozen, unprepared",Good,Matched reference source with all tracked nutrients available.,1.0,Reference evidence and completeness; not an accuracy percentage or guarantee for your meal.,
FC001653,,"Onions, dehydrated flakes",Good,Matched reference source with all tracked nutrients available.,1.0,Reference evidence and completeness; not an accuracy percentage or guarantee for your meal.,
FC001654,,"Radishes, oriental, dried",Good,Matched reference source with all tracked nutrients available.,1.0,Reference evidence and completeness; not an accuracy percentage or guarantee for your meal.,
FC001655,,"Figs, dried, uncooked",Good,Matched reference source with all tracked nutrients available.,1.0,Reference evidence and completeness; not an accuracy percentage or guarantee for your meal.,
FC001656,,"Plums, dried (prunes), uncooked",Good,Matched reference source with all tracked nutrients available.,1.0,Reference evidence and completeness; not an accuracy percentage or guarantee for your meal.,
FC001657,,"Pears, dried, sulfured, uncooked",Good,Matched reference source with all tracked nutrients available.,1.0,Reference evidence and completeness; not an accuracy percentage or guarantee for your meal.,
FC001658,,"Apples, dried, sulfured, uncooked",Good,Matched reference source with all tracked nutrients available.,1.0,Reference evidence and completeness; not an accuracy percentage or guarantee for your meal.,
FC001659,,"Peaches, dried, sulfured, uncooked",Good,Matched reference source with all tracked nutrients available.,1.0,Reference evidence and completeness; not an accuracy percentage or guarantee for your meal.,
FC001660,,"Prunes, dehydrated (low-moisture), uncooked",Medium,Matched reference source; some tracked nutrients are unknown.,1.0,Reference evidence and completeness; not an accuracy percentage or guarantee for your meal.,fiber_g_100g;sugar_g_100g
FC001661,,"Apples, dehydrated (low moisture), sulfured, uncooked",Good,Matched reference source with all tracked nutrients available.,1.0,Reference evidence and completeness; not an accuracy percentage or guarantee for your meal.,
FC001662,,"Peaches, dehydrated (low-moisture), sulfured, uncooked",Medium,Matched reference source; some tracked nutrients are unknown.,1.0,Reference evidence and completeness; not an accuracy percentage or guarantee for your meal.,fiber_g_100g;sugar_g_100g
FC001663,,"Apricots, dehydrated (low-moisture), sulfured, uncooked",Medium,Matched reference source; some tracked nutrients are unknown.,1.0,Reference evidence and completeness; not an accuracy percentage or guarantee for your meal.,fiber_g_100g;sugar_g_100g
FC001664,,"Figs, dried, stewed",Good,Matched reference source with all tracked nutrients available.,1.0,Reference evidence and completeness; not an accuracy percentage or guarantee for your meal.,
FC001665,,"Mango nectar, canned",Good,Matched reference source with all tracked nutrients available.,1.0,Reference evidence and completeness; not an accuracy percentage or guarantee for your meal.,
FC001666,,"Apricots, frozen, sweetened",Medium,Matched reference source; some tracked nutrients are unknown.,1.0,Reference evidence and completeness; not an accuracy percentage or guarantee for your meal.,sugar_g_100g
FC001667,,"Blueberries, dried, sweetened",Good,Matched reference source with all tracked nutrients available.,1.0,Reference evidence and completeness; not an accuracy percentage or guarantee for your meal.,
FC001668,,"Blueberries, frozen, sweetened",Good,Matched reference source with all tracked nutrients available.,1.0,Reference evidence and completeness; not an accuracy percentage or guarantee for your meal.,
FC001669,,"Orange juice, canned, unsweetened",Good,Matched reference source with all tracked nutrients available.,1.0,Reference evidence and completeness; not an accuracy percentage or guarantee for your meal.,
FC001670,,"Peaches, frozen, sliced, sweetened",Good,Matched reference source with all tracked nutrients available.,1.0,Reference evidence and completeness; not an accuracy percentage or guarantee for your meal.,
FC001671,,"Pears, canned, heavy syrup, drained",Good,Matched reference source with all tracked nutrients available.,1.0,Reference evidence and completeness; not an accuracy percentage or guarantee for your meal.,
FC001672,,"Plums, canned, heavy syrup, drained",Good,Matched reference source with all tracked nutrients available.,1.0,Reference evidence and completeness; not an accuracy percentage or guarantee for your meal.,
FC001673,,"Raspberries, frozen, red, sweetened",Good,Matched reference source with all tracked nutrients available.,1.0,Reference evidence and completeness; not an accuracy percentage or guarantee for your meal.,
FC001674,,"Pineapple, frozen, chunks, sweetened",Good,Matched reference source with all tracked nutrients available.,1.0,Reference evidence and completeness; not an accuracy percentage or guarantee for your meal.,
FC001675,,"Peaches, canned, heavy syrup, drained",Good,Matched reference source with all tracked nutrients available.,1.0,Reference evidence and completeness; not an accuracy percentage or guarantee for your meal.,
FC001676,,"Apricots, canned, heavy syrup, drained",Good,Matched reference source with all tracked nutrients available.,1.0,Reference evidence and completeness; not an accuracy percentage or guarantee for your meal.,
FC001677,,"Pineapple, canned, juice pack, drained",Good,Matched reference source with all tracked nutrients available.,1.0,Reference evidence and completeness; not an accuracy percentage or guarantee for your meal.,
FC001678,,"Strawberries, frozen, sweetened, sliced",Good,Matched reference source with all tracked nutrients available.,1.0,Reference evidence and completeness; not an accuracy percentage or guarantee for your meal.,
FC001679,,"Olives, ripe, canned (small-extra large)",Good,Matched reference source with all tracked nutrients available.,1.0,Reference evidence and completeness; not an accuracy percentage or guarantee for your meal.,
FC001680,,"Blueberries, canned, light syrup, drained",Good,Matched reference source with all tracked nutrients available.,1.0,Reference evidence and completeness; not an accuracy percentage or guarantee for your meal.,
FC001681,,"Blueberries, wild, frozen (Alaska Native)",Medium,Matched reference source; some tracked nutrients are unknown.,1.0,Reference evidence and completeness; not an accuracy percentage or guarantee for your meal.,fiber_g_100g;sugar_g_100g;sodium_mg_100g;cholesterol_mg_100g
FC001682,,"Olives, pickled, canned or bottled, green",Good,Matched reference source with all tracked nutrients available.,1.0,Reference evidence and completeness; not an accuracy percentage or guarantee for your meal.,
FC001683,,"Prunes, dehydrated (low-moisture), stewed",Medium,Matched reference source; some tracked nutrients are unknown.,1.0,Reference evidence and completeness; not an accuracy percentage or guarantee for your meal.,fiber_g_100g;sugar_g_100g
FC001684,,"Cherries, sour, canned, water pack, drained",Medium,Matched reference source; some tracked nutrients are unknown.,1.0,Reference evidence and completeness; not an accuracy percentage or guarantee for your meal.,cholesterol_mg_100g
FC001685,,"Bread, egg",Good,Matched reference source with all tracked nutrients available.,1.0,Reference evidence and completeness; not an accuracy percentage or guarantee for your meal.,
FC001686,,"Bagels, egg",Medium,Matched reference source; some tracked nutrients are unknown.,1.0,Reference evidence and completeness; not an accuracy percentage or guarantee for your meal.,sugar_g_100g
FC001687,,"Bread, wheat",Good,Matched reference source with all tracked nutrients available.,1.0,Reference evidence and completeness; not an accuracy percentage or guarantee for your meal.,
FC001688,,"Bagels, wheat",Good,Matched reference source with all tracked nutrients available.,1.0,Reference evidence and completeness; not an accuracy percentage or guarantee for your meal.,
FC001689,,"Bread, cheese",Good,Matched reference source with all tracked nutrients available.,1.0,Reference evidence and completeness; not an accuracy percentage or guarantee for your meal.,
FC001690,,"Bread, potato",Good,Matched reference source with all tracked nutrients available.,1.0,Reference evidence and completeness; not an accuracy percentage or guarantee for your meal.,
FC001691,,"Rolls, french",Good,Matched reference source with all tracked nutrients available.,1.0,Reference evidence and completeness; not an accuracy percentage or guarantee for your meal.,
FC001692,,"Bread, Italian",Good,Matched reference source with all tracked nutrients available.,1.0,Reference evidence and completeness; not an accuracy percentage or guarantee for your meal.,
FC001693,,"Bread, oatmeal",Good,Matched reference source with all tracked nutrients available.,1.0,Reference evidence and completeness; not an accuracy percentage or guarantee for your meal.,
FC001694,,"Crackers, milk",Good,Matched reference source with all tracked nutrients available.,1.0,Reference evidence and completeness; not an accuracy percentage or guarantee for your meal.,
FC001695,,"Bread, cinnamon",Good,Matched reference source with all tracked nutrients available.,1.0,Reference evidence and completeness; not an accuracy percentage or guarantee for your meal.,
FC001696,,"Bread, oat bran",Good,Matched reference source with all tracked nutrients available.,1.0,Reference evidence and completeness; not an accuracy percentage or guarantee for your meal.,
FC001697,,"Bagels, oat bran",Good,Matched reference source with all tracked nutrients available.,1.0,Reference evidence and completeness; not an accuracy percentage or guarantee for your meal.,
FC001698,,"Bread, rice bran",Good,Matched reference source with all tracked nutrients available.,1.0,Reference evidence and completeness; not an accuracy percentage or guarantee for your meal.,
FC001699,,"Cookies, fortune",Good,Matched reference source with all tracked nutrients available.,1.0,Reference evidence and completeness; not an accuracy percentage or guarantee for your meal.,
FC001700,,"Cookies, fig bars",Good,Matched reference source with all tracked nutrients available.,1.0,Reference evidence and completeness; not an accuracy percentage or guarantee for your meal.,
FC001701,,"Cookies, molasses",Good,Matched reference source with all tracked nutrients available.,1.0,Reference evidence and completeness; not an accuracy percentage or guarantee for your meal.,
FC001702,,"Muffins, oat bran",Good,Matched reference source with all tracked nutrients available.,1.0,Reference evidence and completeness; not an accuracy percentage or guarantee for your meal.,
FC001703,,"Bagels, multigrain",Good,Matched reference source with all tracked nutrients available.,1.0,Reference evidence and completeness; not an accuracy percentage or guarantee for your meal.,
FC001704,,"Bread, white wheat",Good,Matched reference source with all tracked nutrients available.,1.0,Reference evidence and completeness; not an accuracy percentage or guarantee for your meal.,
FC001705,,"Rolls, dinner, egg",Good,Matched reference source with all tracked nutrients available.,1.0,Reference evidence and completeness; not an accuracy percentage or guarantee for your meal.,
FC001706,,"Rolls, dinner, rye",Good,Matched reference source with all tracked nutrients available.,1.0,Reference evidence and completeness; not an accuracy percentage or guarantee for your meal.,
FC001707,,"Bread, egg, toasted",Good,Matched reference source with all tracked nutrients available.,1.0,Reference evidence and completeness; not an accuracy percentage or guarantee for your meal.,
FC001708,,"Bread, pumpernickel",Good,Matched reference source with all tracked nutrients available.,1.0,Reference evidence and completeness; not an accuracy percentage or guarantee for your meal.,
FC001709,,"Bread, rye, toasted",Good,Matched reference source with all tracked nutrients available.,1.0,Reference evidence and completeness; not an accuracy percentage or guarantee for your meal.,
FC001710,,"Rolls, pumpernickel",Good,Matched reference source with all tracked nutrients available.,1.0,Reference evidence and completeness; not an accuracy percentage or guarantee for your meal.,
FC001711,,"Bread, cracked-wheat",Medium,Matched reference source; some tracked nutrients are unknown.,1.0,Reference evidence and completeness; not an accuracy percentage or guarantee for your meal.,sugar_g_100g
FC001712,,"Bread, sticks, plain",Good,Matched reference source with all tracked nutrients available.,1.0,Reference evidence and completeness; not an accuracy percentage or guarantee for your meal.,
FC001713,,"Cookies, gingersnaps",Good,Matched reference source with all tracked nutrients available.,1.0,Reference evidence and completeness; not an accuracy percentage or guarantee for your meal.,
FC001714,,"Crackers, matzo, egg",Medium,Matched reference source; some tracked nutrients are unknown.,1.0,Reference evidence and completeness; not an accuracy percentage or guarantee for your meal.,sugar_g_100g
FC001715,,"Crackers, multigrain",Good,Matched reference source with all tracked nutrients available.,1.0,Reference evidence and completeness; not an accuracy percentage or guarantee for your meal.,
FC001716,,"Crackers, rusk toast",Medium,Matched reference source; some tracked nutrients are unknown.,1.0,Reference evidence and completeness; not an accuracy percentage or guarantee for your meal.,fiber_g_100g;sugar_g_100g
FC001717,,"Rolls, dinner, sweet",Good,Matched reference source with all tracked nutrients available.,1.0,Reference evidence and completeness; not an accuracy percentage or guarantee for your meal.,
FC001718,,"Rolls, dinner, wheat",Good,Matched reference source with all tracked nutrients available.,1.0,Reference evidence and completeness; not an accuracy percentage or guarantee for your meal.,
FC001719,,"Bread, wheat, toasted",Good,Matched reference source with all tracked nutrients available.,1.0,Reference evidence and completeness; not an accuracy percentage or guarantee for your meal.,
FC001720,,"Crackers, whole-wheat",Good,Matched reference source with all tracked nutrients available.,1.0,Reference evidence and completeness; not an accuracy percentage or guarantee for your meal.,
FC001721,,"Bread, wheat, sprouted",Good,Matched reference source with all tracked nutrients available.,1.0,Reference evidence and completeness; not an accuracy percentage or guarantee for your meal.,
FC001722,,"Cookies, Marie biscuit",Good,Matched reference source with all tracked nutrients available.,1.0,Reference evidence and completeness; not an accuracy percentage or guarantee for your meal.,
FC001723,,"Crackers, matzo, plain",Good,Matched reference source with all tracked nutrients available.,1.0,Reference evidence and completeness; not an accuracy percentage or guarantee for your meal.,
FC001724,,"Bagels, cinnamon-raisin",Good,Matched reference source with all tracked nutrients available.,1.0,Reference evidence and completeness; not an accuracy percentage or guarantee for your meal.,
FC001725,,"Bread, oatmeal, toasted",Good,Matched reference source with all tracked nutrients available.,1.0,Reference evidence and completeness; not an accuracy percentage or guarantee for your meal.,
FC001726,,"Bread, raisin, enriched",Good,Matched reference source with all tracked nutrients available.,1.0,Reference evidence and completeness; not an accuracy percentage or guarantee for your meal.,
FC001727,,"Muffins, English, wheat",Good,Matched reference source with all tracked nutrients available.,1.0,Reference evidence and completeness; not an accuracy percentage or guarantee for your meal.,
FC001728,,"Rolls, dinner, oat bran",Good,Matched reference source with all tracked nutrients available.,1.0,Reference evidence and completeness; not an accuracy percentage or guarantee for your meal.,
FC001729,,"Bread, oat bran, toasted",Good,Matched reference source with all tracked nutrients available.,1.0,Reference evidence and completeness; not an accuracy percentage or guarantee for your meal.,
FC001730,,"Bread, pita, whole-wheat",Good,Matched reference source with all tracked nutrients available.,1.0,Reference evidence and completeness; not an accuracy percentage or guarantee for your meal.,
FC001731,,"Bread, stuffing, dry mix",Good,Matched reference source with all tracked nutrients available.,1.0,Reference evidence and completeness; not an accuracy percentage or guarantee for your meal.,
FC001732,,"Crackers, water biscuits",Good,Matched reference source with all tracked nutrients available.,1.0,Reference evidence and completeness; not an accuracy percentage or guarantee for your meal.,
FC001733,,"Crackers, wheat, regular",Good,Matched reference source with all tracked nutrients available.,1.0,Reference evidence and completeness; not an accuracy percentage or guarantee for your meal.,
FC001734,,"Bagels, whole grain white",Good,Matched reference source with all tracked nutrients available.,1.0,Reference evidence and completeness; not an accuracy percentage or guarantee for your meal.,
FC001735,,"Bread, raisin, unenriched",Medium,Matched reference source; some tracked nutrients are unknown.,1.0,Reference evidence and completeness; not an accuracy percentage or guarantee for your meal.,sugar_g_100g
FC001736,,"Bread, rice bran, toasted",Good,Matched reference source with all tracked nutrients available.,1.0,Reference evidence and completeness; not an accuracy percentage or guarantee for your meal.,
FC001737,,"Cookies, chocolate wafers",Good,Matched reference source with all tracked nutrients available.,1.0,Reference evidence and completeness; not an accuracy percentage or guarantee for your meal.,
FC001738,,"Cookies, coconut macaroon",Good,Matched reference source with all tracked nutrients available.,1.0,Reference evidence and completeness; not an accuracy percentage or guarantee for your meal.,
FC001739,,"Cookies, oatmeal, dry mix",Medium,Matched reference source; some tracked nutrients are unknown.,1.0,Reference evidence and completeness; not an accuracy percentage or guarantee for your meal.,fiber_g_100g;sugar_g_100g
FC001740,,"Crackers, cheese, regular",Good,Matched reference source with all tracked nutrients available.,1.0,Reference evidence and completeness; not an accuracy percentage or guarantee for your meal.,
FC001741,,"Crackers, crispbread, rye",Good,Matched reference source with all tracked nutrients available.,1.0,Reference evidence and completeness; not an accuracy percentage or guarantee for your meal.,
FC001742,,"Crackers, wheat, low salt",Good,Matched reference source with all tracked nutrients available.,1.0,Reference evidence and completeness; not an accuracy percentage or guarantee for your meal.,
FC001743,,"Bread, kneel down (Navajo)",Medium,Matched reference source; some tracked nutrients are unknown.,1.0,Reference evidence and completeness; not an accuracy percentage or guarantee for your meal.,fiber_g_100g;cholesterol_mg_100g
FC001744,,"Cookies, raisin, soft-type",Good,Matched reference source with all tracked nutrients available.,1.0,Reference evidence and completeness; not an accuracy percentage or guarantee for your meal.,
FC001745,,"Rolls, dinner, whole-wheat",Good,Matched reference source with all tracked nutrients available.,1.0,Reference evidence and completeness; not an accuracy percentage or guarantee for your meal.,
FC001746,,"Bread, boston brown, canned",Good,Matched reference source with all tracked nutrients available.,1.0,Reference evidence and completeness; not an accuracy percentage or guarantee for your meal.,
FC001747,,"Bread, reduced-calorie, rye",Good,Matched reference source with all tracked nutrients available.,1.0,Reference evidence and completeness; not an accuracy percentage or guarantee for your meal.,
FC001748,,"Muffins, blueberry, dry mix",Good,Matched reference source with all tracked nutrients available.,1.0,Reference evidence and completeness; not an accuracy percentage or guarantee for your meal.,
FC001749,,"Muffins, corn, toaster-type",Medium,Matched reference source; some tracked nutrients are unknown.,1.0,Reference evidence and completeness; not an accuracy percentage or guarantee for your meal.,sugar_g_100g
FC001750,,"Gravy, mushroom, canned",Medium,Matched reference source; some tracked nutrients are unknown.,1.0,Reference evidence and completeness; not an accuracy percentage or guarantee for your meal.,sugar_g_100g
FC001751,,Catsup,Good,Matched reference source with all tracked nutrients available.,1.0,Reference evidence and completeness; not an accuracy percentage or guarantee for your meal.,
FC001752,,"Syrups, malt",Good,Matched reference source with all tracked nutrients available.,1.0,Reference evidence and completeness; not an accuracy percentage or guarantee for your meal.,
FC001753,,"Syrups, maple",Good,Matched reference source with all tracked nutrients available.,1.0,Reference evidence and completeness; not an accuracy percentage or guarantee for your meal.,
FC001754,,"Vinegar, cider",Good,Matched reference source with all tracked nutrients available.,1.0,Reference evidence and completeness; not an accuracy percentage or guarantee for your meal.,
FC001755,,"Sauce, barbecue",Good,Matched reference source with all tracked nutrients available.,1.0,Reference evidence and completeness; not an accuracy percentage or guarantee for your meal.,
FC001756,,"Spices, paprika",Good,Matched reference source with all tracked nutrients available.,1.0,Reference evidence and completeness; not an accuracy percentage or guarantee for your meal.,
FC001757,,"Spices, saffron",Medium,Matched reference source; some tracked nutrients are unknown.,1.0,Reference evidence and completeness; not an accuracy percentage or guarantee for your meal.,sugar_g_100g
FC001758,,"Syrups, sorghum",Good,Matched reference source with all tracked nutrients available.,1.0,Reference evidence and completeness; not an accuracy percentage or guarantee for your meal.,
FC001759,,"Spices, bay leaf",Medium,Matched reference source; some tracked nutrients are unknown.,1.0,Reference evidence and completeness; not an accuracy percentage or guarantee for your meal.,sugar_g_100g
FC001760,,"Spices, cardamom",Medium,Matched reference source; some tracked nutrients are unknown.,1.0,Reference evidence and completeness; not an accuracy percentage or guarantee for your meal.,sugar_g_100g
FC001761,,"Gravy, brown, dry",Medium,Matched reference source; some tracked nutrients are unknown.,1.0,Reference evidence and completeness; not an accuracy percentage or guarantee for your meal.,sugar_g_100g
FC001762,,"Spices, dill seed",Medium,Matched reference source; some tracked nutrients are unknown.,1.0,Reference evidence and completeness; not an accuracy percentage or guarantee for your meal.,sugar_g_100g
FC001763,,"Syrups, grenadine",Good,Matched reference source with all tracked nutrients available.,1.0,Reference evidence and completeness; not an accuracy percentage or guarantee for your meal.,
FC001764,,"Vinegar, balsamic",Medium,Matched reference source; some tracked nutrients are unknown.,1.0,Reference evidence and completeness; not an accuracy percentage or guarantee for your meal.,fiber_g_100g;cholesterol_mg_100g
FC001765,,"Vinegar, red wine",Medium,Matched reference source; some tracked nutrients are unknown.,1.0,Reference evidence and completeness; not an accuracy percentage or guarantee for your meal.,cholesterol_mg_100g
FC001766,,"Catsup, low sodium",Good,Matched reference source with all tracked nutrients available.,1.0,Reference evidence and completeness; not an accuracy percentage or guarantee for your meal.,
FC001767,,"Gravy, au jus, dry",Medium,Matched reference source; some tracked nutrients are unknown.,1.0,Reference evidence and completeness; not an accuracy percentage or guarantee for your meal.,fiber_g_100g;sugar_g_100g
FC001768,,"Gravy, turkey, dry",Medium,Matched reference source; some tracked nutrients are unknown.,1.0,Reference evidence and completeness; not an accuracy percentage or guarantee for your meal.,fiber_g_100g;sugar_g_100g
FC001769,,"Sauce, horseradish",Good,Matched reference source with all tracked nutrients available.,1.0,Reference evidence and completeness; not an accuracy percentage or guarantee for your meal.,
FC001770,,"Spices, anise seed",Medium,Matched reference source; some tracked nutrients are unknown.,1.0,Reference evidence and completeness; not an accuracy percentage or guarantee for your meal.,sugar_g_100g
FC001771,,"Spices, cumin seed",Good,Matched reference source with all tracked nutrients available.,1.0,Reference evidence and completeness; not an accuracy percentage or guarantee for your meal.,
FC001772,,"Spices, poppy seed",Good,Matched reference source with all tracked nutrients available.,1.0,Reference evidence and completeness; not an accuracy percentage or guarantee for your meal.,
FC001773,,"Syrups, corn, dark",Good,Matched reference source with all tracked nutrients available.,1.0,Reference evidence and completeness; not an accuracy percentage or guarantee for your meal.,
FC001774,,"Syrups, sugar free",Good,Matched reference source with all tracked nutrients available.,1.0,Reference evidence and completeness; not an accuracy percentage or guarantee for your meal.,
FC001775,,"Vinegar, distilled",Good,Matched reference source with all tracked nutrients available.,1.0,Reference evidence and completeness; not an accuracy percentage or guarantee for your meal.,
FC001776,,"Gravy, chicken, dry",Medium,Matched reference source; some tracked nutrients are unknown.,1.0,Reference evidence and completeness; not an accuracy percentage or guarantee for your meal.,fiber_g_100g;sugar_g_100g
FC001777,,"Spices, celery seed",Good,Matched reference source with all tracked nutrients available.,1.0,Reference evidence and completeness; not an accuracy percentage or guarantee for your meal.,
FC001778,,"Spices, fennel seed",Medium,Matched reference source; some tracked nutrients are unknown.,1.0,Reference evidence and completeness; not an accuracy percentage or guarantee for your meal.,sugar_g_100g
FC001779,,"Syrups, corn, light",Good,Matched reference source with all tracked nutrients available.,1.0,Reference evidence and completeness; not an accuracy percentage or guarantee for your meal.,
FC001780,,"Spices, basil, dried",Good,Matched reference source with all tracked nutrients available.,1.0,Reference evidence and completeness; not an accuracy percentage or guarantee for your meal.,
FC001781,,"Spices, caraway seed",Good,Matched reference source with all tracked nutrients available.,1.0,Reference evidence and completeness; not an accuracy percentage or guarantee for your meal.,
FC001782,,"Spices, chili powder",Good,Matched reference source with all tracked nutrients available.,1.0,Reference evidence and completeness; not an accuracy percentage or guarantee for your meal.,
FC001783,,"Spices, curry powder",Good,Matched reference source with all tracked nutrients available.,1.0,Reference evidence and completeness; not an accuracy percentage or guarantee for your meal.,
FC001784,,"Spices, mace, ground",Medium,Matched reference source; some tracked nutrients are unknown.,1.0,Reference evidence and completeness; not an accuracy percentage or guarantee for your meal.,sugar_g_100g
FC001785,,"Spices, onion powder",Good,Matched reference source with all tracked nutrients available.,1.0,Reference evidence and completeness; not an accuracy percentage or guarantee for your meal.,
FC001786,,"Spices, sage, ground",Good,Matched reference source with all tracked nutrients available.,1.0,Reference evidence and completeness; not an accuracy percentage or guarantee for your meal.,
FC001787,,"Spices, thyme, dried",Good,Matched reference source with all tracked nutrients available.,1.0,Reference evidence and completeness; not an accuracy percentage or guarantee for your meal.,
FC001788,,"Gravy, au jus, canned",Medium,Matched reference source; some tracked nutrients are unknown.,1.0,Reference evidence and completeness; not an accuracy percentage or guarantee for your meal.,sugar_g_100g
FC001789,,"Sauce, worcestershire",Good,Matched reference source with all tracked nutrients available.,1.0,Reference evidence and completeness; not an accuracy percentage or guarantee for your meal.,
FC001790,,"Blue marlin (Makaira nigricans), Hawaii-caught, fresh",Good,Matched reference source with all tracked nutrients available.,1.0,Reference evidence and completeness; not an accuracy percentage or guarantee for your meal.,
FC001791,,"Athlene ACTIVE Pure Isolate, Chocolate, dry powder (estimate)",Low,Estimate available only by explicit selection; default nutrition unavailable.,1.0,Reference evidence and completeness; not an accuracy percentage or guarantee for your meal.,kcal_100g;protein_g_100g;carbs_g_100g;fat_g_100g;fiber_g_100g;sugar_g_100g;sodium_mg_100g;cholesterol_mg_100g
FC001792,,"Athlene ACTIVE Pure Isolate, Strawberry Milkshake, dry powder (estimate)",Low,Estimate available only by explicit selection; default nutrition unavailable.,1.0,Reference evidence and completeness; not an accuracy percentage or guarantee for your meal.,kcal_100g;protein_g_100g;carbs_g_100g;fat_g_100g;fiber_g_100g;sugar_g_100g;sodium_mg_100g;cholesterol_mg_100g
FC001793,,"Seared sirloin steak, 100 g pan-fried meat plus 5 g butter (estimate)",Low,Estimate available only by explicit selection; default nutrition unavailable.,1.0,Reference evidence and completeness; not an accuracy percentage or guarantee for your meal.,kcal_100g;protein_g_100g;carbs_g_100g;fat_g_100g;fiber_g_100g;sugar_g_100g;sodium_mg_100g;cholesterol_mg_100g
FC001794,,"Seared Atlantic farmed salmon, 100 g cooked fish plus 5 g oil (estimate)",Low,Estimate available only by explicit selection; default nutrition unavailable.,1.0,Reference evidence and completeness; not an accuracy percentage or guarantee for your meal.,kcal_100g;protein_g_100g;carbs_g_100g;fat_g_100g;fiber_g_100g;sugar_g_100g;sodium_mg_100g;cholesterol_mg_100g
FC001795,,"Seared blue marlin, fresh-fish yield model with oil (estimate)",Low,Estimate available only by explicit selection; default nutrition unavailable.,1.0,Reference evidence and completeness; not an accuracy percentage or guarantee for your meal.,kcal_100g;protein_g_100g;carbs_g_100g;fat_g_100g;fiber_g_100g;sugar_g_100g;sodium_mg_100g;cholesterol_mg_100g
FC001796,,"Home-fried chicken Pinoy-style, white meat, soy-calamansi (estimate)",Low,Estimate available only by explicit selection; default nutrition unavailable.,1.0,Reference evidence and completeness; not an accuracy percentage or guarantee for your meal.,kcal_100g;protein_g_100g;carbs_g_100g;fat_g_100g;fiber_g_100g;sugar_g_100g;sodium_mg_100g;cholesterol_mg_100g
FC001797,,"Home-fried chicken Pinoy-style, flour-coated meat and skin (estimate)",Low,Estimate available only by explicit selection; default nutrition unavailable.,1.0,Reference evidence and completeness; not an accuracy percentage or guarantee for your meal.,kcal_100g;protein_g_100g;carbs_g_100g;fat_g_100g;fiber_g_100g;sugar_g_100g;sodium_mg_100g;cholesterol_mg_100g
FC001798,,"Chooks-to-Go Sweet Roast, edible meat and skin, no extra sauce (estimate)",Low,Estimate available only by explicit selection; default nutrition unavailable.,1.0,Reference evidence and completeness; not an accuracy percentage or guarantee for your meal.,kcal_100g;protein_g_100g;carbs_g_100g;fat_g_100g;fiber_g_100g;sugar_g_100g;sodium_mg_100g;cholesterol_mg_100g
FC001799,,"Chooks-to-Go Pepper Roast, edible meat and skin, no extra sauce (estimate)",Low,Estimate available only by explicit selection; default nutrition unavailable.,1.0,Reference evidence and completeness; not an accuracy percentage or guarantee for your meal.,kcal_100g;protein_g_100g;carbs_g_100g;fat_g_100g;fiber_g_100g;sugar_g_100g;sodium_mg_100g;cholesterol_mg_100g
FC001800,,"Kenny Rogers Philippines Classic Roasted Chicken, edible meat and skin (estimate)",Low,Estimate available only by explicit selection; default nutrition unavailable.,1.0,Reference evidence and completeness; not an accuracy percentage or guarantee for your meal.,kcal_100g;protein_g_100g;carbs_g_100g;fat_g_100g;fiber_g_100g;sugar_g_100g;sodium_mg_100g;cholesterol_mg_100g
FC001801,,"Kenny Rogers Philippines Classic Roasted Chicken, skin and visible fat removed (estimate)",Low,Estimate available only by explicit selection; default nutrition unavailable.,1.0,Reference evidence and completeness; not an accuracy percentage or guarantee for your meal.,kcal_100g;protein_g_100g;carbs_g_100g;fat_g_100g;fiber_g_100g;sugar_g_100g;sodium_mg_100g;cholesterol_mg_100g
FC001802,,"Kenny Rogers Philippines Grilled Salmon, fish and lemon-butter-style sauce only (estimate)",Low,Estimate available only by explicit selection; default nutrition unavailable.,1.0,Reference evidence and completeness; not an accuracy percentage or guarantee for your meal.,kcal_100g;protein_g_100g;carbs_g_100g;fat_g_100g;fiber_g_100g;sugar_g_100g;sodium_mg_100g;cholesterol_mg_100g
FC001803,,"Kenny Rogers Philippines Burger Steak, patty and mushroom gravy only (estimate)",Low,Estimate available only by explicit selection; default nutrition unavailable.,1.0,Reference evidence and completeness; not an accuracy percentage or guarantee for your meal.,kcal_100g;protein_g_100g;carbs_g_100g;fat_g_100g;fiber_g_100g;sugar_g_100g;sodium_mg_100g;cholesterol_mg_100g
FC001804,,Kenny Rogers Philippines Spinach Mashed Potato side (estimate),Low,Estimate available only by explicit selection; default nutrition unavailable.,1.0,Reference evidence and completeness; not an accuracy percentage or guarantee for your meal.,kcal_100g;protein_g_100g;carbs_g_100g;fat_g_100g;fiber_g_100g;sugar_g_100g;sodium_mg_100g;cholesterol_mg_100g
FC001805,,Kenny Rogers Philippines Macaroni and Cheese side (estimate),Low,Estimate available only by explicit selection; default nutrition unavailable.,1.0,Reference evidence and completeness; not an accuracy percentage or guarantee for your meal.,kcal_100g;protein_g_100g;carbs_g_100g;fat_g_100g;fiber_g_100g;sugar_g_100g;sodium_mg_100g;cholesterol_mg_100g
FC001806,,Kenny Rogers Philippines Corn and Carrots side (estimate),Low,Estimate available only by explicit selection; default nutrition unavailable.,1.0,Reference evidence and completeness; not an accuracy percentage or guarantee for your meal.,kcal_100g;protein_g_100g;carbs_g_100g;fat_g_100g;fiber_g_100g;sugar_g_100g;sodium_mg_100g;cholesterol_mg_100g
FC001807,,Kenny Rogers Philippines Steamed Vegetables side (estimate),Low,Estimate available only by explicit selection; default nutrition unavailable.,1.0,Reference evidence and completeness; not an accuracy percentage or guarantee for your meal.,kcal_100g;protein_g_100g;carbs_g_100g;fat_g_100g;fiber_g_100g;sugar_g_100g;sodium_mg_100g;cholesterol_mg_100g
FC001808,,Kenny Rogers Philippines Coleslaw side (estimate),Low,Estimate available only by explicit selection; default nutrition unavailable.,1.0,Reference evidence and completeness; not an accuracy percentage or guarantee for your meal.,kcal_100g;protein_g_100g;carbs_g_100g;fat_g_100g;fiber_g_100g;sugar_g_100g;sodium_mg_100g;cholesterol_mg_100g
FC001809,,Kenny Rogers Philippines Corn Muffin (estimate),Low,Estimate available only by explicit selection; default nutrition unavailable.,1.0,Reference evidence and completeness; not an accuracy percentage or guarantee for your meal.,kcal_100g;protein_g_100g;carbs_g_100g;fat_g_100g;fiber_g_100g;sugar_g_100g;sodium_mg_100g;cholesterol_mg_100g
FC001810,,"Biscuit, cocohoney",Good,Matched reference source with all tracked nutrients available.,1.0,Reference evidence and completeness; not an accuracy percentage or guarantee for your meal.,
FC001811,,Coconut cotyledon,Good,Matched reference source with all tracked nutrients available.,1.0,Reference evidence and completeness; not an accuracy percentage or guarantee for your meal.,
FC001812,,"Coconut, heart of palm",Medium,Matched reference source; some tracked nutrients are unknown.,1.0,Reference evidence and completeness; not an accuracy percentage or guarantee for your meal.,sugar_g_100g
FC001813,,Himbaba-o flower,Good,Matched reference source with all tracked nutrients available.,1.0,Reference evidence and completeness; not an accuracy percentage or guarantee for your meal.,
FC001814,,"Himbaba-o flower, boiled",Good,Matched reference source with all tracked nutrients available.,1.0,Reference evidence and completeness; not an accuracy percentage or guarantee for your meal.,
FC001815,,"Mustard lvs, pickled",Medium,Matched reference source; some tracked nutrients are unknown.,1.0,Reference evidence and completeness; not an accuracy percentage or guarantee for your meal.,sugar_g_100g
FC001816,,"Mustard lvs, salted",Medium,Matched reference source; some tracked nutrients are unknown.,1.0,Reference evidence and completeness; not an accuracy percentage or guarantee for your meal.,sugar_g_100g
FC001817,,"Olive, green, in brine",Medium,Matched reference source; some tracked nutrients are unknown.,1.0,Reference evidence and completeness; not an accuracy percentage or guarantee for your meal.,sugar_g_100g
FC001818,,"Olive, ripe, in brine",Good,Matched reference source with all tracked nutrients available.,1.0,Reference evidence and completeness; not an accuracy percentage or guarantee for your meal.,
FC001819,,Pickle relish,Good,Matched reference source with all tracked nutrients available.,1.0,Reference evidence and completeness; not an accuracy percentage or guarantee for your meal.,
FC001820,,"Pickles, mixed",Good,Matched reference source with all tracked nutrients available.,1.0,Reference evidence and completeness; not an accuracy percentage or guarantee for your meal.,
FC001821,,"Pickles, whole, gherkins",Good,Matched reference source with all tracked nutrients available.,1.0,Reference evidence and completeness; not an accuracy percentage or guarantee for your meal.,
FC001822,,"Pimiento, cnd",Good,Matched reference source with all tracked nutrients available.,1.0,Reference evidence and completeness; not an accuracy percentage or guarantee for your meal.,
FC001823,,"Radish, salted, cnd",Medium,Matched reference source; some tracked nutrients are unknown.,1.0,Reference evidence and completeness; not an accuracy percentage or guarantee for your meal.,sugar_g_100g
FC001824,,"Batwan, immature fruit, raw",Good,Matched reference source with all tracked nutrients available.,1.0,Reference evidence and completeness; not an accuracy percentage or guarantee for your meal.,
FC001825,,"Banana cracker, sweetn",Medium,Matched reference source; some tracked nutrients are unknown.,1.0,Reference evidence and completeness; not an accuracy percentage or guarantee for your meal.,fiber_g_100g;sugar_g_100g;sodium_mg_100g;cholesterol_mg_100g
FC001826,,Dikyam,Medium,Matched reference source; some tracked nutrients are unknown.,1.0,Reference evidence and completeness; not an accuracy percentage or guarantee for your meal.,fiber_g_100g;sugar_g_100g;sodium_mg_100g
FC001827,,"Beef blood, bbq",Medium,Matched reference source; some tracked nutrients are unknown.,1.0,Reference evidence and completeness; not an accuracy percentage or guarantee for your meal.,fiber_g_100g;sugar_g_100g;sodium_mg_100g;cholesterol_mg_100g
FC001828,,"Chicken head, bbq",Medium,Matched reference source; some tracked nutrients are unknown.,1.0,Reference evidence and completeness; not an accuracy percentage or guarantee for your meal.,sugar_g_100g;sodium_mg_100g;cholesterol_mg_100g
FC001829,,Beef spread,Good,Matched reference source with all tracked nutrients available.,1.0,Reference evidence and completeness; not an accuracy percentage or guarantee for your meal.,
FC001830,,"Beef, sweet cured",Medium,Matched reference source; some tracked nutrients are unknown.,1.0,Reference evidence and completeness; not an accuracy percentage or guarantee for your meal.,sugar_g_100g;cholesterol_mg_100g
FC001831,,"Ham, deviled spread",Good,Matched reference source with all tracked nutrients available.,1.0,Reference evidence and completeness; not an accuracy percentage or guarantee for your meal.,
FC001832,,"Luncheon meat, deviled spread",Good,Matched reference source with all tracked nutrients available.,1.0,Reference evidence and completeness; not an accuracy percentage or guarantee for your meal.,
FC001833,,"Potted meat spread, w/ cereal, cnd",Good,Matched reference source with all tracked nutrients available.,1.0,Reference evidence and completeness; not an accuracy percentage or guarantee for your meal.,
FC001834,,"Sausage, bologna",Good,Matched reference source with all tracked nutrients available.,1.0,Reference evidence and completeness; not an accuracy percentage or guarantee for your meal.,
FC001835,,"Sausage, frankfurter",Good,Matched reference source with all tracked nutrients available.,1.0,Reference evidence and completeness; not an accuracy percentage or guarantee for your meal.,
FC001836,,"Sausage, ham",Good,Matched reference source with all tracked nutrients available.,1.0,Reference evidence and completeness; not an accuracy percentage or guarantee for your meal.,
FC001837,,"Sausage, mortadella",Good,Matched reference source with all tracked nutrients available.,1.0,Reference evidence and completeness; not an accuracy percentage or guarantee for your meal.,
FC001838,,"Sausage, salami",Good,Matched reference source with all tracked nutrients available.,1.0,Reference evidence and completeness; not an accuracy percentage or guarantee for your meal.,
FC001839,,"Sausage, Vienna, tidbits",Good,Matched reference source with all tracked nutrients available.,1.0,Reference evidence and completeness; not an accuracy percentage or guarantee for your meal.,
FC001840,,"Chicken blood, bbq",Medium,Matched reference source; some tracked nutrients are unknown.,1.0,Reference evidence and completeness; not an accuracy percentage or guarantee for your meal.,sugar_g_100g
FC001841,,"Pork skin, seasoned, roasted",Unrated,"Identity unresolved, source conflict, or no usable nutrition.",1.0,Reference evidence and completeness; not an accuracy percentage or guarantee for your meal.,kcal_100g;protein_g_100g;carbs_g_100g;fat_g_100g;fiber_g_100g;sugar_g_100g;sodium_mg_100g;cholesterol_mg_100g
FC001842,,"Tuna spread, cnd",Unrated,"Identity unresolved, source conflict, or no usable nutrition.",1.0,Reference evidence and completeness; not an accuracy percentage or guarantee for your meal.,kcal_100g;protein_g_100g;carbs_g_100g;fat_g_100g;fiber_g_100g;sugar_g_100g;sodium_mg_100g;cholesterol_mg_100g
FC001843,,"Breadfruit, candied",Medium,Matched reference source; some tracked nutrients are unknown.,1.0,Reference evidence and completeness; not an accuracy percentage or guarantee for your meal.,fiber_g_100g
FC001844,,"Candy bar, pili nut",Good,Matched reference source with all tracked nutrients available.,1.0,Reference evidence and completeness; not an accuracy percentage or guarantee for your meal.,
FC001845,,"Candy, pili nut",Medium,Matched reference source; some tracked nutrients are unknown.,1.0,Reference evidence and completeness; not an accuracy percentage or guarantee for your meal.,fiber_g_100g;sugar_g_100g
FC001846,,"Candy, pulled",Good,Matched reference source with all tracked nutrients available.,1.0,Reference evidence and completeness; not an accuracy percentage or guarantee for your meal.,
FC001847,,"Carageenan gel, assorted fruit-flvr",Good,Matched reference source with all tracked nutrients available.,1.0,Reference evidence and completeness; not an accuracy percentage or guarantee for your meal.,
FC001848,,Caramelo,Good,Matched reference source with all tracked nutrients available.,1.0,Reference evidence and completeness; not an accuracy percentage or guarantee for your meal.,
FC001849,,"Fudge, durian",Good,Matched reference source with all tracked nutrients available.,1.0,Reference evidence and completeness; not an accuracy percentage or guarantee for your meal.,
FC001850,,"Fudge, jackfruit",Good,Matched reference source with all tracked nutrients available.,1.0,Reference evidence and completeness; not an accuracy percentage or guarantee for your meal.,
FC001851,,"Jam, jackfruit & pineapple, cnd",Good,Matched reference source with all tracked nutrients available.,1.0,Reference evidence and completeness; not an accuracy percentage or guarantee for your meal.,
FC001852,,"Jelly, pineapple",Good,Matched reference source with all tracked nutrients available.,1.0,Reference evidence and completeness; not an accuracy percentage or guarantee for your meal.,
FC001853,,Masareal,Good,Matched reference source with all tracked nutrients available.,1.0,Reference evidence and completeness; not an accuracy percentage or guarantee for your meal.,
FC001854,,"Milk choc bar, orange crunch",Good,Matched reference source with all tracked nutrients available.,1.0,Reference evidence and completeness; not an accuracy percentage or guarantee for your meal.,
FC001855,,"Nata de piña, sweetn",Good,Matched reference source with all tracked nutrients available.,1.0,Reference evidence and completeness; not an accuracy percentage or guarantee for your meal.,
FC001856,,Syrup,Good,Matched reference source with all tracked nutrients available.,1.0,Reference evidence and completeness; not an accuracy percentage or guarantee for your meal.,
FC001857,,"Wax gourd, candied",Good,Matched reference source with all tracked nutrients available.,1.0,Reference evidence and completeness; not an accuracy percentage or guarantee for your meal.,
FC001858,,"Coconut meat, grated, sweetn",Good,Matched reference source with all tracked nutrients available.,1.0,Reference evidence and completeness; not an accuracy percentage or guarantee for your meal.,
FC001859,,Jellies,Good,Matched reference source with all tracked nutrients available.,1.0,Reference evidence and completeness; not an accuracy percentage or guarantee for your meal.,
FC001860,,Molasses,Good,Matched reference source with all tracked nutrients available.,1.0,Reference evidence and completeness; not an accuracy percentage or guarantee for your meal.,
FC001861,,"Syrup, Cane",Good,Matched reference source with all tracked nutrients available.,1.0,Reference evidence and completeness; not an accuracy percentage or guarantee for your meal.,
FC001862,,"Candies, hard",Good,Matched reference source with all tracked nutrients available.,1.0,Reference evidence and completeness; not an accuracy percentage or guarantee for your meal.,
FC001863,,"Sherbet, orange",Good,Matched reference source with all tracked nutrients available.,1.0,Reference evidence and completeness; not an accuracy percentage or guarantee for your meal.,
FC001864,,"Candies, Tamarind",Good,Matched reference source with all tracked nutrients available.,1.0,Reference evidence and completeness; not an accuracy percentage or guarantee for your meal.,
FC001865,,"Candies, caramels",Good,Matched reference source with all tracked nutrients available.,1.0,Reference evidence and completeness; not an accuracy percentage or guarantee for your meal.,
FC001866,,"Marmalade, orange",Good,Matched reference source with all tracked nutrients available.,1.0,Reference evidence and completeness; not an accuracy percentage or guarantee for your meal.,
FC001867,,"Candies, jellybeans",Good,Matched reference source with all tracked nutrients available.,1.0,Reference evidence and completeness; not an accuracy percentage or guarantee for your meal.,
FC001868,,"Candies, peanut bar",Good,Matched reference source with all tracked nutrients available.,1.0,Reference evidence and completeness; not an accuracy percentage or guarantee for your meal.,
FC001869,,"Ice creams, vanilla",Good,Matched reference source with all tracked nutrients available.,1.0,Reference evidence and completeness; not an accuracy percentage or guarantee for your meal.,
FC001870,,"Toppings, pineapple",Good,Matched reference source with all tracked nutrients available.,1.0,Reference evidence and completeness; not an accuracy percentage or guarantee for your meal.,
FC001871,,"Toppings, strawberry",Good,Matched reference source with all tracked nutrients available.,1.0,Reference evidence and completeness; not an accuracy percentage or guarantee for your meal.,
FC001872,,"Candies, butterscotch",Good,Matched reference source with all tracked nutrients available.,1.0,Reference evidence and completeness; not an accuracy percentage or guarantee for your meal.,
FC001873,,"Ice creams, chocolate",Good,Matched reference source with all tracked nutrients available.,1.0,Reference evidence and completeness; not an accuracy percentage or guarantee for your meal.,
FC001874,,"Syrup, fruit flavored",Good,Matched reference source with all tracked nutrients available.,1.0,Reference evidence and completeness; not an accuracy percentage or guarantee for your meal.,
FC001875,,"Candies, sesame crunch",Good,Matched reference source with all tracked nutrients available.,1.0,Reference evidence and completeness; not an accuracy percentage or guarantee for your meal.,
FC001876,,"Ice creams, strawberry",Medium,Matched reference source; some tracked nutrients are unknown.,1.0,Reference evidence and completeness; not an accuracy percentage or guarantee for your meal.,sugar_g_100g
FC001877,,"Syrup, maple, Canadian",Good,Matched reference source with all tracked nutrients available.,1.0,Reference evidence and completeness; not an accuracy percentage or guarantee for your meal.,
FC001878,,"Candies, milk chocolate",Good,Matched reference source with all tracked nutrients available.,1.0,Reference evidence and completeness; not an accuracy percentage or guarantee for your meal.,
FC001879,,"Toppings, nuts in syrup",Good,Matched reference source with all tracked nutrients available.,1.0,Reference evidence and completeness; not an accuracy percentage or guarantee for your meal.,
FC001880,,"Candies, sweet chocolate",Good,Matched reference source with all tracked nutrients available.,1.0,Reference evidence and completeness; not an accuracy percentage or guarantee for your meal.,
FC001881,,"Candies, white chocolate",Good,Matched reference source with all tracked nutrients available.,1.0,Reference evidence and completeness; not an accuracy percentage or guarantee for your meal.,
FC001882,,"Frozen yogurts, chocolate",Good,Matched reference source with all tracked nutrients available.,1.0,Reference evidence and completeness; not an accuracy percentage or guarantee for your meal.,
FC001883,,"Ice creams, vanilla, rich",Good,Matched reference source with all tracked nutrients available.,1.0,Reference evidence and completeness; not an accuracy percentage or guarantee for your meal.,
FC001884,,"Ice creams, vanilla, light",Good,Matched reference source with all tracked nutrients available.,1.0,Reference evidence and completeness; not an accuracy percentage or guarantee for your meal.,
FC001885,,"Candies, carob, unsweetened",Good,Matched reference source with all tracked nutrients available.,1.0,Reference evidence and completeness; not an accuracy percentage or guarantee for your meal.,
FC001886,,"Ice creams, chocolate, rich",Good,Matched reference source with all tracked nutrients available.,1.0,Reference evidence and completeness; not an accuracy percentage or guarantee for your meal.,
FC001887,,"Pie fillings, apple, canned",Good,Matched reference source with all tracked nutrients available.,1.0,Reference evidence and completeness; not an accuracy percentage or guarantee for your meal.,
FC001888,,"Syrups, corn, high-fructose",Good,Matched reference source with all tracked nutrients available.,1.0,Reference evidence and completeness; not an accuracy percentage or guarantee for your meal.,
FC001889,,"Candies, semisweet chocolate",Good,Matched reference source with all tracked nutrients available.,1.0,Reference evidence and completeness; not an accuracy percentage or guarantee for your meal.,
FC001890,,"Ice creams, chocolate, light",Good,Matched reference source with all tracked nutrients available.,1.0,Reference evidence and completeness; not an accuracy percentage or guarantee for your meal.,
FC001891,,"Pie fillings, canned, cherry",Medium,Matched reference source; some tracked nutrients are unknown.,1.0,Reference evidence and completeness; not an accuracy percentage or guarantee for your meal.,sugar_g_100g
FC001892,,"Puddings, rice, ready-to-eat",Good,Matched reference source with all tracked nutrients available.,1.0,Reference evidence and completeness; not an accuracy percentage or guarantee for your meal.,
FC001893,,"Snacks, fruit leather, rolls",Good,Matched reference source with all tracked nutrients available.,1.0,Reference evidence and completeness; not an accuracy percentage or guarantee for your meal.,
FC001894,,"Candies, nougat, with almonds",Good,Matched reference source with all tracked nutrients available.,1.0,Reference evidence and completeness; not an accuracy percentage or guarantee for your meal.,
FC001895,,"Candies, sugar-coated almonds",Good,Matched reference source with all tracked nutrients available.,1.0,Reference evidence and completeness; not an accuracy percentage or guarantee for your meal.,
FC001896,,"Snacks, fruit leather, pieces",Good,Matched reference source with all tracked nutrients available.,1.0,Reference evidence and completeness; not an accuracy percentage or guarantee for your meal.,
FC001897,,"Syrups, chocolate, fudge-type",Good,Matched reference source with all tracked nutrients available.,1.0,Reference evidence and completeness; not an accuracy percentage or guarantee for your meal.,
FC001898,,"Syrups, table blends, pancake",Good,Matched reference source with all tracked nutrients available.,1.0,Reference evidence and completeness; not an accuracy percentage or guarantee for your meal.,
FC001899,,"Frozen novelties, ice type, pop",Good,Matched reference source with all tracked nutrients available.,1.0,Reference evidence and completeness; not an accuracy percentage or guarantee for your meal.,
FC001900,,"Pie fillings, blueberry, canned",Good,Matched reference source with all tracked nutrients available.,1.0,Reference evidence and completeness; not an accuracy percentage or guarantee for your meal.,
FC001901,,"Puddings, tapioca, ready-to-eat",Good,Matched reference source with all tracked nutrients available.,1.0,Reference evidence and completeness; not an accuracy percentage or guarantee for your meal.,
FC001902,,"Puddings, vanilla, ready-to-eat",Good,Matched reference source with all tracked nutrients available.,1.0,Reference evidence and completeness; not an accuracy percentage or guarantee for your meal.,
FC001903,,"Frozen novelties, ice type, lime",Good,Matched reference source with all tracked nutrients available.,1.0,Reference evidence and completeness; not an accuracy percentage or guarantee for your meal.,
FC001904,,"Candies, fudge, vanilla with nuts",Good,Matched reference source with all tracked nutrients available.,1.0,Reference evidence and completeness; not an accuracy percentage or guarantee for your meal.,
FC001905,,"Puddings, chocolate, ready-to-eat",Good,Matched reference source with all tracked nutrients available.,1.0,Reference evidence and completeness; not an accuracy percentage or guarantee for your meal.,
FC001906,,"Toppings, butterscotch or caramel",Good,Matched reference source with all tracked nutrients available.,1.0,Reference evidence and completeness; not an accuracy percentage or guarantee for your meal.,
FC001907,,Chocolate-flavored hazelnut spread,Good,Matched reference source with all tracked nutrients available.,1.0,Reference evidence and completeness; not an accuracy percentage or guarantee for your meal.,
FC001908,,"Candies, soft fruit and nut squares",Good,Matched reference source with all tracked nutrients available.,1.0,Reference evidence and completeness; not an accuracy percentage or guarantee for your meal.,
FC001909,,"Frozen yogurts, vanilla, soft-serve",Good,Matched reference source with all tracked nutrients available.,1.0,Reference evidence and completeness; not an accuracy percentage or guarantee for your meal.,
FC001910,,"Candies, taffy, prepared-from-recipe",Good,Matched reference source with all tracked nutrients available.,1.0,Reference evidence and completeness; not an accuracy percentage or guarantee for your meal.,
FC001911,,"Frostings, coconut-nut, ready-to-eat",Good,Matched reference source with all tracked nutrients available.,1.0,Reference evidence and completeness; not an accuracy percentage or guarantee for your meal.,
FC001912,,"Frozen novelties, juice type, orange",Good,Matched reference source with all tracked nutrients available.,1.0,Reference evidence and completeness; not an accuracy percentage or guarantee for your meal.,
FC001913,,"Baking chocolate, unsweetened, liquid",Good,Matched reference source with all tracked nutrients available.,1.0,Reference evidence and completeness; not an accuracy percentage or guarantee for your meal.,
FC001914,,"Candies, milk chocolate, with almonds",Good,Matched reference source with all tracked nutrients available.,1.0,Reference evidence and completeness; not an accuracy percentage or guarantee for your meal.,
FC001915,,"Candies, toffee, prepared-from-recipe",Good,Matched reference source with all tracked nutrients available.,1.0,Reference evidence and completeness; not an accuracy percentage or guarantee for your meal.,
FC001916,,"Frozen yogurts, chocolate, soft-serve",Medium,Matched reference source; some tracked nutrients are unknown.,1.0,Reference evidence and completeness; not an accuracy percentage or guarantee for your meal.,sugar_g_100g
FC001917,,"Baking chocolate, unsweetened, squares",Good,Matched reference source with all tracked nutrients available.,1.0,Reference evidence and completeness; not an accuracy percentage or guarantee for your meal.,
FC001918,,"Candies, fondant, prepared-from-recipe",Good,Matched reference source with all tracked nutrients available.,1.0,Reference evidence and completeness; not an accuracy percentage or guarantee for your meal.,
FC001919,,"Candies, gumdrops, starch jelly pieces",Good,Matched reference source with all tracked nutrients available.,1.0,Reference evidence and completeness; not an accuracy percentage or guarantee for your meal.,
FC001920,,"Candies, milk chocolate coated peanuts",Good,Matched reference source with all tracked nutrients available.,1.0,Reference evidence and completeness; not an accuracy percentage or guarantee for your meal.,
FC001921,,"Candies, milk chocolate coated raisins",Good,Matched reference source with all tracked nutrients available.,1.0,Reference evidence and completeness; not an accuracy percentage or guarantee for your meal.,
FC001922,,"Candies, praline, prepared-from-recipe",Good,Matched reference source with all tracked nutrients available.,1.0,Reference evidence and completeness; not an accuracy percentage or guarantee for your meal.,
FC001923,,"Frostings, glaze, prepared-from-recipe",Good,Matched reference source with all tracked nutrients available.,1.0,Reference evidence and completeness; not an accuracy percentage or guarantee for your meal.,
FC001924,,"Frozen novelties, fruit and juice bars",Good,Matched reference source with all tracked nutrients available.,1.0,Reference evidence and completeness; not an accuracy percentage or guarantee for your meal.,
FC001925,,"Ice creams, french vanilla, soft-serve",Good,Matched reference source with all tracked nutrients available.,1.0,Reference evidence and completeness; not an accuracy percentage or guarantee for your meal.,
FC001926,,"Ice creams, vanilla, light, soft-serve",Good,Matched reference source with all tracked nutrients available.,1.0,Reference evidence and completeness; not an accuracy percentage or guarantee for your meal.,
FC001927,,"Sweeteners, tabletop, fructose, liquid",Good,Matched reference source with all tracked nutrients available.,1.0,Reference evidence and completeness; not an accuracy percentage or guarantee for your meal.,
FC001928,,"Candies, confectioner's coating, yogurt",Good,Matched reference source with all tracked nutrients available.,1.0,Reference evidence and completeness; not an accuracy percentage or guarantee for your meal.,
FC001929,,"Candies, divinity, prepared-from-recipe",Good,Matched reference source with all tracked nutrients available.,1.0,Reference evidence and completeness; not an accuracy percentage or guarantee for your meal.,
FC001930,,"Candies, sweet chocolate coated fondant",Good,Matched reference source with all tracked nutrients available.,1.0,Reference evidence and completeness; not an accuracy percentage or guarantee for your meal.,
FC001931,,"Candies, truffles, prepared-from-recipe",Good,Matched reference source with all tracked nutrients available.,1.0,Reference evidence and completeness; not an accuracy percentage or guarantee for your meal.,
FC001932,,"Candies, caramels, chocolate-flavor roll",Good,Matched reference source with all tracked nutrients available.,1.0,Reference evidence and completeness; not an accuracy percentage or guarantee for your meal.,
FC001933,,"Frostings, vanilla, creamy, ready-to-eat",Good,Matched reference source with all tracked nutrients available.,1.0,Reference evidence and completeness; not an accuracy percentage or guarantee for your meal.,
FC001934,,"Candies, honey-combed, with peanut butter",Good,Matched reference source with all tracked nutrients available.,1.0,Reference evidence and completeness; not an accuracy percentage or guarantee for your meal.,
FC001935,,"Candies, milk chocolate, with rice cereal",Good,Matched reference source with all tracked nutrients available.,1.0,Reference evidence and completeness; not an accuracy percentage or guarantee for your meal.,
FC001936,,"Candies, fruit snacks, with high vitamin C",Good,Matched reference source with all tracked nutrients available.,1.0,Reference evidence and completeness; not an accuracy percentage or guarantee for your meal.,
FC001937,,"Frostings, chocolate, creamy, ready-to-eat",Good,Matched reference source with all tracked nutrients available.,1.0,Reference evidence and completeness; not an accuracy percentage or guarantee for your meal.,
FC001938,,"Ice creams, vanilla, light, no sugar added",Good,Matched reference source with all tracked nutrients available.,1.0,Reference evidence and completeness; not an accuracy percentage or guarantee for your meal.,
FC001939,,"Syrups, table blends, pancake, with butter",Good,Matched reference source with all tracked nutrients available.,1.0,Reference evidence and completeness; not an accuracy percentage or guarantee for your meal.,
FC001940,,"Candies, coconut bar, not chocolate covered",Good,Matched reference source with all tracked nutrients available.,1.0,Reference evidence and completeness; not an accuracy percentage or guarantee for your meal.,
FC001941,,"Candies, dark chocolate coated coffee beans",Good,Matched reference source with all tracked nutrients available.,1.0,Reference evidence and completeness; not an accuracy percentage or guarantee for your meal.,
FC001942,,"Candies, milk chocolate coated coffee beans",Good,Matched reference source with all tracked nutrients available.,1.0,Reference evidence and completeness; not an accuracy percentage or guarantee for your meal.,
FC001943,,"Desserts, apple crisp, prepared-from-recipe",Good,Matched reference source with all tracked nutrients available.,1.0,Reference evidence and completeness; not an accuracy percentage or guarantee for your meal.,
FC001944,,"Frostings, cream cheese-flavor, ready-to-eat",Good,Matched reference source with all tracked nutrients available.,1.0,Reference evidence and completeness; not an accuracy percentage or guarantee for your meal.,
FC001945,,"Frozen yogurts, flavors other than chocolate",Good,Matched reference source with all tracked nutrients available.,1.0,Reference evidence and completeness; not an accuracy percentage or guarantee for your meal.,
FC001946,,"Ice creams, chocolate, light, no sugar added",Good,Matched reference source with all tracked nutrients available.,1.0,Reference evidence and completeness; not an accuracy percentage or guarantee for your meal.,
FC001947,,"Syrups, table blends, pancake, with 2% maple",Good,Matched reference source with all tracked nutrients available.,1.0,Reference evidence and completeness; not an accuracy percentage or guarantee for your meal.,
FC001948,,"Candies, chocolate covered, caramel with nuts",Good,Matched reference source with all tracked nutrients available.,1.0,Reference evidence and completeness; not an accuracy percentage or guarantee for your meal.,
FC001949,,"Candies, confectioner's coating, butterscotch",Good,Matched reference source with all tracked nutrients available.,1.0,Reference evidence and completeness; not an accuracy percentage or guarantee for your meal.,
FC001950,,"Candies, fudge, vanilla, prepared-from-recipe",Good,Matched reference source with all tracked nutrients available.,1.0,Reference evidence and completeness; not an accuracy percentage or guarantee for your meal.,
FC001951,,"Candies, peanut brittle, prepared-from-recipe",Good,Matched reference source with all tracked nutrients available.,1.0,Reference evidence and completeness; not an accuracy percentage or guarantee for your meal.,
FC001952,,"Frozen novelties, ice type, pineapple-coconut",Medium,Matched reference source; some tracked nutrients are unknown.,1.0,Reference evidence and completeness; not an accuracy percentage or guarantee for your meal.,sugar_g_100g
FC001953,,"Candies, confectioner's coating, peanut butter",Good,Matched reference source with all tracked nutrients available.,1.0,Reference evidence and completeness; not an accuracy percentage or guarantee for your meal.,
FC001954,,"Candies, crispy bar with peanut butter filling",Good,Matched reference source with all tracked nutrients available.,1.0,Reference evidence and completeness; not an accuracy percentage or guarantee for your meal.,
FC001955,,"Candies, semisweet chocolate, made with butter",Medium,Matched reference source; some tracked nutrients are unknown.,1.0,Reference evidence and completeness; not an accuracy percentage or guarantee for your meal.,sugar_g_100g
FC001956,,"Frozen novelties, juice type, juice with cream",Good,Matched reference source with all tracked nutrients available.,1.0,Reference evidence and completeness; not an accuracy percentage or guarantee for your meal.,
FC001957,,"Syrups, table blends, corn, refiner, and sugar",Medium,Matched reference source; some tracked nutrients are unknown.,1.0,Reference evidence and completeness; not an accuracy percentage or guarantee for your meal.,sugar_g_100g
FC001958,,"Candies, fudge, chocolate, prepared-from-recipe",Good,Matched reference source with all tracked nutrients available.,1.0,Reference evidence and completeness; not an accuracy percentage or guarantee for your meal.,
FC001959,,"Pie, peach",Good,Matched reference source with all tracked nutrients available.,1.0,Reference evidence and completeness; not an accuracy percentage or guarantee for your meal.,
FC001960,,"Strudel, apple",Good,Matched reference source with all tracked nutrients available.,1.0,Reference evidence and completeness; not an accuracy percentage or guarantee for your meal.,
FC001961,,"Croissants, apple",Medium,Matched reference source; some tracked nutrients are unknown.,1.0,Reference evidence and completeness; not an accuracy percentage or guarantee for your meal.,sugar_g_100g
FC001962,,"Croissants, butter",Good,Matched reference source with all tracked nutrients available.,1.0,Reference evidence and completeness; not an accuracy percentage or guarantee for your meal.,
FC001963,,"Croissants, cheese",Good,Matched reference source with all tracked nutrients available.,1.0,Reference evidence and completeness; not an accuracy percentage or guarantee for your meal.,
FC001964,,"Sweet rolls, cheese",Medium,Matched reference source; some tracked nutrients are unknown.,1.0,Reference evidence and completeness; not an accuracy percentage or guarantee for your meal.,sugar_g_100g
FC001965,,"Danish pastry, cheese",Good,Matched reference source with all tracked nutrients available.,1.0,Reference evidence and completeness; not an accuracy percentage or guarantee for your meal.,
FC001966,,"Pie, fried pies, fruit",Good,Matched reference source with all tracked nutrients available.,1.0,Reference evidence and completeness; not an accuracy percentage or guarantee for your meal.,
FC001967,,"Pie, fried pies, lemon",Medium,Matched reference source; some tracked nutrients are unknown.,1.0,Reference evidence and completeness; not an accuracy percentage or guarantee for your meal.,sugar_g_100g
FC001968,,"Cake, coffeecake, fruit",Medium,Matched reference source; some tracked nutrients are unknown.,1.0,Reference evidence and completeness; not an accuracy percentage or guarantee for your meal.,sugar_g_100g
FC001969,,"Pie, fried pies, cherry",Medium,Matched reference source; some tracked nutrients are unknown.,1.0,Reference evidence and completeness; not an accuracy percentage or guarantee for your meal.,sugar_g_100g
FC001970,,"Cake, coffeecake, cheese",Medium,Matched reference source; some tracked nutrients are unknown.,1.0,Reference evidence and completeness; not an accuracy percentage or guarantee for your meal.,sugar_g_100g
FC001971,,"Bread, pita, white, enriched",Good,Matched reference source with all tracked nutrients available.,1.0,Reference evidence and completeness; not an accuracy percentage or guarantee for your meal.,
FC001972,,"Crackers, matzo, whole-wheat",Medium,Matched reference source; some tracked nutrients are unknown.,1.0,Reference evidence and completeness; not an accuracy percentage or guarantee for your meal.,sugar_g_100g
FC001973,,"Crackers, melba toast, plain",Good,Matched reference source with all tracked nutrients available.,1.0,Reference evidence and completeness; not an accuracy percentage or guarantee for your meal.,
FC001974,,"Crackers, melba toast, wheat",Medium,Matched reference source; some tracked nutrients are unknown.,1.0,Reference evidence and completeness; not an accuracy percentage or guarantee for your meal.,sugar_g_100g
FC001975,,"Crackers, rye, wafers, plain",Good,Matched reference source with all tracked nutrients available.,1.0,Reference evidence and completeness; not an accuracy percentage or guarantee for your meal.,
FC001976,,"Crackers, cheese, whole grain",Good,Matched reference source with all tracked nutrients available.,1.0,Reference evidence and completeness; not an accuracy percentage or guarantee for your meal.,
FC001977,,"Muffins, English, whole-wheat",Good,Matched reference source with all tracked nutrients available.,1.0,Reference evidence and completeness; not an accuracy percentage or guarantee for your meal.,
FC001978,,"Rolls, hard (includes kaiser)",Good,Matched reference source with all tracked nutrients available.,1.0,Reference evidence and completeness; not an accuracy percentage or guarantee for your meal.,
FC001979,,"Cookies, oatmeal, with raisins",Medium,Matched reference source; some tracked nutrients are unknown.,1.0,Reference evidence and completeness; not an accuracy percentage or guarantee for your meal.,cholesterol_mg_100g
FC001980,,"Crackers, matzo, egg and onion",Medium,Matched reference source; some tracked nutrients are unknown.,1.0,Reference evidence and completeness; not an accuracy percentage or guarantee for your meal.,sugar_g_100g
FC001981,,"Crackers, snack, Goya Crackers",Medium,Matched reference source; some tracked nutrients are unknown.,1.0,Reference evidence and completeness; not an accuracy percentage or guarantee for your meal.,cholesterol_mg_100g
FC001982,,"Bread, wheat, sprouted, toasted",Good,Matched reference source with all tracked nutrients available.,1.0,Reference evidence and completeness; not an accuracy percentage or guarantee for your meal.,
FC001983,,"Crackers, flavored, fish-shaped",Medium,Matched reference source; some tracked nutrients are unknown.,1.0,Reference evidence and completeness; not an accuracy percentage or guarantee for your meal.,cholesterol_mg_100g
FC001984,,"Crackers, rye, wafers, seasoned",Medium,Matched reference source; some tracked nutrients are unknown.,1.0,Reference evidence and completeness; not an accuracy percentage or guarantee for your meal.,sugar_g_100g
FC001985,,"Bread, protein (includes gluten)",Good,Matched reference source with all tracked nutrients available.,1.0,Reference evidence and completeness; not an accuracy percentage or guarantee for your meal.,
FC001986,,"Bread, raisin, enriched, toasted",Good,Matched reference source with all tracked nutrients available.,1.0,Reference evidence and completeness; not an accuracy percentage or guarantee for your meal.,
FC001987,,"Crackers, cream, Gamesa Sabrosas",Medium,Matched reference source; some tracked nutrients are unknown.,1.0,Reference evidence and completeness; not an accuracy percentage or guarantee for your meal.,cholesterol_mg_100g
FC001988,,"Muffins, blueberry, toaster-type",Good,Matched reference source with all tracked nutrients available.,1.0,Reference evidence and completeness; not an accuracy percentage or guarantee for your meal.,
FC001989,,"Pie, apple, prepared from recipe",Medium,Matched reference source; some tracked nutrients are unknown.,1.0,Reference evidence and completeness; not an accuracy percentage or guarantee for your meal.,fiber_g_100g;sugar_g_100g
FC001990,,"Pie, mince, prepared from recipe",Good,Matched reference source with all tracked nutrients available.,1.0,Reference evidence and completeness; not an accuracy percentage or guarantee for your meal.,
FC001991,,"Pie, pecan, prepared from recipe",Medium,Matched reference source; some tracked nutrients are unknown.,1.0,Reference evidence and completeness; not an accuracy percentage or guarantee for your meal.,fiber_g_100g;sugar_g_100g
FC001992,,"Danish pastry, cinnamon, enriched",Good,Matched reference source with all tracked nutrients available.,1.0,Reference evidence and completeness; not an accuracy percentage or guarantee for your meal.,
FC001993,,"Pie, cherry, prepared from recipe",Medium,Matched reference source; some tracked nutrients are unknown.,1.0,Reference evidence and completeness; not an accuracy percentage or guarantee for your meal.,fiber_g_100g;sugar_g_100g
FC001994,,"Pie, pecan, commercially prepared",Good,Matched reference source with all tracked nutrients available.,1.0,Reference evidence and completeness; not an accuracy percentage or guarantee for your meal.,
FC001995,,"Rolls, hamburger or hotdog, plain",Good,Matched reference source with all tracked nutrients available.,1.0,Reference evidence and completeness; not an accuracy percentage or guarantee for your meal.,
FC001996,,"Cake, sponge, prepared from recipe",Medium,Matched reference source; some tracked nutrients are unknown.,1.0,Reference evidence and completeness; not an accuracy percentage or guarantee for your meal.,fiber_g_100g;sugar_g_100g
FC001997,,"Cookies, sugar, refrigerated dough",Good,Matched reference source with all tracked nutrients available.,1.0,Reference evidence and completeness; not an accuracy percentage or guarantee for your meal.,
FC001998,,"Doughnuts, french crullers, glazed",Good,Matched reference source with all tracked nutrients available.,1.0,Reference evidence and completeness; not an accuracy percentage or guarantee for your meal.,
FC001999,,"Pie, cherry, commercially prepared",Good,Matched reference source with all tracked nutrients available.,1.0,Reference evidence and completeness; not an accuracy percentage or guarantee for your meal.,
FC002000,,"Pie, pumpkin, prepared from recipe",Medium,Matched reference source; some tracked nutrients are unknown.,1.0,Reference evidence and completeness; not an accuracy percentage or guarantee for your meal.,fiber_g_100g;sugar_g_100g
FC002001,,"Bread, pan dulce, sweet yeast bread",Good,Matched reference source with all tracked nutrients available.,1.0,Reference evidence and completeness; not an accuracy percentage or guarantee for your meal.,
FC002002,,"Cake, sponge, commercially prepared",Good,Matched reference source with all tracked nutrients available.,1.0,Reference evidence and completeness; not an accuracy percentage or guarantee for your meal.,
FC002003,,"Cookies, vanilla wafers, higher fat",Good,Matched reference source with all tracked nutrients available.,1.0,Reference evidence and completeness; not an accuracy percentage or guarantee for your meal.,
FC002004,,"French toast, frozen, ready-to-heat",Medium,Matched reference source; some tracked nutrients are unknown.,1.0,Reference evidence and completeness; not an accuracy percentage or guarantee for your meal.,sugar_g_100g
FC002005,,"Pie, pumpkin, commercially prepared",Good,Matched reference source with all tracked nutrients available.,1.0,Reference evidence and completeness; not an accuracy percentage or guarantee for your meal.,
FC002006,,"Bread, french or vienna, whole wheat",Good,Matched reference source with all tracked nutrients available.,1.0,Reference evidence and completeness; not an accuracy percentage or guarantee for your meal.,
FC002007,,"Cookies, oatmeal, refrigerated dough",Medium,Matched reference source; some tracked nutrients are unknown.,1.0,Reference evidence and completeness; not an accuracy percentage or guarantee for your meal.,sugar_g_100g
FC002008,,"Muffins, corn, commercially prepared",Good,Matched reference source with all tracked nutrients available.,1.0,Reference evidence and completeness; not an accuracy percentage or guarantee for your meal.,
FC002009,,"Pie, blueberry, prepared from recipe",Medium,Matched reference source; some tracked nutrients are unknown.,1.0,Reference evidence and completeness; not an accuracy percentage or guarantee for your meal.,fiber_g_100g;sugar_g_100g
FC002010,,"Waffles, plain, prepared from recipe",Medium,Matched reference source; some tracked nutrients are unknown.,1.0,Reference evidence and completeness; not an accuracy percentage or guarantee for your meal.,fiber_g_100g;sugar_g_100g
FC002011,,"Pancakes, plain, prepared from recipe",Medium,Matched reference source; some tracked nutrients are unknown.,1.0,Reference evidence and completeness; not an accuracy percentage or guarantee for your meal.,fiber_g_100g;sugar_g_100g
FC002012,,"Pie, blueberry, commercially prepared",Good,Matched reference source with all tracked nutrients available.,1.0,Reference evidence and completeness; not an accuracy percentage or guarantee for your meal.,
FC002013,,"Waffles, plain, frozen, ready-to-heat",Good,Matched reference source with all tracked nutrients available.,1.0,Reference evidence and completeness; not an accuracy percentage or guarantee for your meal.,
FC002014,,"Cake, angelfood, commercially prepared",Medium,Matched reference source; some tracked nutrients are unknown.,1.0,Reference evidence and completeness; not an accuracy percentage or guarantee for your meal.,sugar_g_100g
FC002015,,"Cake, fruitcake, commercially prepared",Good,Matched reference source with all tracked nutrients available.,1.0,Reference evidence and completeness; not an accuracy percentage or guarantee for your meal.,
FC002016,,"Crackers, standard snack-type, regular",Good,Matched reference source with all tracked nutrients available.,1.0,Reference evidence and completeness; not an accuracy percentage or guarantee for your meal.,
FC002017,,"Cream puff shell, prepared from recipe",Good,Matched reference source with all tracked nutrients available.,1.0,Reference evidence and completeness; not an accuracy percentage or guarantee for your meal.,
FC002018,,"Bread, irish soda, prepared from recipe",Medium,Matched reference source; some tracked nutrients are unknown.,1.0,Reference evidence and completeness; not an accuracy percentage or guarantee for your meal.,sugar_g_100g
FC002019,,"Cake, cheesecake, commercially prepared",Good,Matched reference source with all tracked nutrients available.,1.0,Reference evidence and completeness; not an accuracy percentage or guarantee for your meal.,
FC002020,,"Cake, gingerbread, prepared from recipe",Medium,Matched reference source; some tracked nutrients are unknown.,1.0,Reference evidence and completeness; not an accuracy percentage or guarantee for your meal.,fiber_g_100g;sugar_g_100g
FC002021,,"Cake, snack cakes, creme-filled, sponge",Good,Matched reference source with all tracked nutrients available.,1.0,Reference evidence and completeness; not an accuracy percentage or guarantee for your meal.,
FC002022,,"Cookies, animal, with frosting or icing",Good,Matched reference source with all tracked nutrients available.,1.0,Reference evidence and completeness; not an accuracy percentage or guarantee for your meal.,
FC002023,,"Cookies, brownies, prepared from recipe",Medium,Matched reference source; some tracked nutrients are unknown.,1.0,Reference evidence and completeness; not an accuracy percentage or guarantee for your meal.,fiber_g_100g;sugar_g_100g
FC002024,,"Cookies, sugar wafer, chocolate-covered",Good,Matched reference source with all tracked nutrients available.,1.0,Reference evidence and completeness; not an accuracy percentage or guarantee for your meal.,
FC002025,,"Pie, Dutch Apple, Commercially Prepared",Good,Matched reference source with all tracked nutrients available.,1.0,Reference evidence and completeness; not an accuracy percentage or guarantee for your meal.,
FC002026,,"Pie, banana cream, prepared from recipe",Good,Matched reference source with all tracked nutrients available.,1.0,Reference evidence and completeness; not an accuracy percentage or guarantee for your meal.,
FC002027,,"Pie, egg custard, commercially prepared",Good,Matched reference source with all tracked nutrients available.,1.0,Reference evidence and completeness; not an accuracy percentage or guarantee for your meal.,
FC002028,,"Rolls, hamburger or hotdog, mixed-grain",Good,Matched reference source with all tracked nutrients available.,1.0,Reference evidence and completeness; not an accuracy percentage or guarantee for your meal.,
FC002029,,"Bread, whole-wheat, prepared from recipe",Good,Matched reference source with all tracked nutrients available.,1.0,Reference evidence and completeness; not an accuracy percentage or guarantee for your meal.,
FC002030,,"Cookie, chocolate, with icing or coating",Good,Matched reference source with all tracked nutrients available.,1.0,Reference evidence and completeness; not an accuracy percentage or guarantee for your meal.,
FC002031,,"Cookies, brownies, commercially prepared",Good,Matched reference source with all tracked nutrients available.,1.0,Reference evidence and completeness; not an accuracy percentage or guarantee for your meal.,
FC002032,,"Cookies, peanut butter sandwich, regular",Good,Matched reference source with all tracked nutrients available.,1.0,Reference evidence and completeness; not an accuracy percentage or guarantee for your meal.,
FC002033,,"Pie, vanilla cream, prepared from recipe",Good,Matched reference source with all tracked nutrients available.,1.0,Reference evidence and completeness; not an accuracy percentage or guarantee for your meal.,
FC002034,,"Rolls, hamburger or hot dog, whole wheat",Good,Matched reference source with all tracked nutrients available.,1.0,Reference evidence and completeness; not an accuracy percentage or guarantee for your meal.,
FC002035,,"Biscuits, mixed grain, refrigerated dough",Medium,Matched reference source; some tracked nutrients are unknown.,1.0,Reference evidence and completeness; not an accuracy percentage or guarantee for your meal.,fiber_g_100g;sugar_g_100g
FC002036,,"Bread, multi-grain (includes whole-grain)",Good,Matched reference source with all tracked nutrients available.,1.0,Reference evidence and completeness; not an accuracy percentage or guarantee for your meal.,
FC002037,,"Bread, whole-wheat, commercially prepared",Good,Matched reference source with all tracked nutrients available.,1.0,Reference evidence and completeness; not an accuracy percentage or guarantee for your meal.,
FC002038,,"Cookies, chocolate, made with rice cereal",Good,Matched reference source with all tracked nutrients available.,1.0,Reference evidence and completeness; not an accuracy percentage or guarantee for your meal.,
FC002039,,"Muffins, blueberry, toaster-type, toasted",Good,Matched reference source with all tracked nutrients available.,1.0,Reference evidence and completeness; not an accuracy percentage or guarantee for your meal.,
FC002040,,"Pancakes, blueberry, prepared from recipe",Medium,Matched reference source; some tracked nutrients are unknown.,1.0,Reference evidence and completeness; not an accuracy percentage or guarantee for your meal.,fiber_g_100g;sugar_g_100g
FC002041,,"Pie, coconut creme, commercially prepared",Good,Matched reference source with all tracked nutrients available.,1.0,Reference evidence and completeness; not an accuracy percentage or guarantee for your meal.,
FC002042,,"Pie, lemon meringue, prepared from recipe",Medium,Matched reference source; some tracked nutrients are unknown.,1.0,Reference evidence and completeness; not an accuracy percentage or guarantee for your meal.,fiber_g_100g;sugar_g_100g
FC002043,,"Bread, protein, (includes gluten), toasted",Good,Matched reference source with all tracked nutrients available.,1.0,Reference evidence and completeness; not an accuracy percentage or guarantee for your meal.,
FC002044,,"Cake, cherry fudge with chocolate frosting",Good,Matched reference source with all tracked nutrients available.,1.0,Reference evidence and completeness; not an accuracy percentage or guarantee for your meal.,
FC002045,,"Cookies, graham crackers, chocolate-coated",Good,Matched reference source with all tracked nutrients available.,1.0,Reference evidence and completeness; not an accuracy percentage or guarantee for your meal.,
FC002046,,"Cookies, peanut butter, refrigerated dough",Medium,Matched reference source; some tracked nutrients are unknown.,1.0,Reference evidence and completeness; not an accuracy percentage or guarantee for your meal.,sugar_g_100g
FC002047,,"Crackers, melba toast, plain, without salt",Medium,Matched reference source; some tracked nutrients are unknown.,1.0,Reference evidence and completeness; not an accuracy percentage or guarantee for your meal.,sugar_g_100g
FC002048,,"Pancakes, buttermilk, prepared from recipe",Medium,Matched reference source; some tracked nutrients are unknown.,1.0,Reference evidence and completeness; not an accuracy percentage or guarantee for your meal.,fiber_g_100g;sugar_g_100g
FC002049,,"Pie, lemon meringue, commercially prepared",Good,Matched reference source with all tracked nutrients available.,1.0,Reference evidence and completeness; not an accuracy percentage or guarantee for your meal.,
FC002050,,"Waffles, buttermilk, frozen, ready-to-heat",Good,Matched reference source with all tracked nutrients available.,1.0,Reference evidence and completeness; not an accuracy percentage or guarantee for your meal.,
FC002051,,"Cookies, chocolate chip, refrigerated dough",Good,Matched reference source with all tracked nutrients available.,1.0,Reference evidence and completeness; not an accuracy percentage or guarantee for your meal.,
FC002052,,"Pie, chocolate creme, commercially prepared",Good,Matched reference source with all tracked nutrients available.,1.0,Reference evidence and completeness; not an accuracy percentage or guarantee for your meal.,
FC002053,,"Pie, coconut custard, commercially prepared",Medium,Matched reference source; some tracked nutrients are unknown.,1.0,Reference evidence and completeness; not an accuracy percentage or guarantee for your meal.,sugar_g_100g
FC002054,,"Biscuits, plain or buttermilk, frozen, baked",Good,Matched reference source with all tracked nutrients available.,1.0,Reference evidence and completeness; not an accuracy percentage or guarantee for your meal.,
FC002055,,"Bread, french or vienna (includes sourdough)",Good,Matched reference source with all tracked nutrients available.,1.0,Reference evidence and completeness; not an accuracy percentage or guarantee for your meal.,
FC002056,,"Bread, white, commercially prepared, toasted",Good,Matched reference source with all tracked nutrients available.,1.0,Reference evidence and completeness; not an accuracy percentage or guarantee for your meal.,
FC002057,,"Cookies, peanut butter, prepared from recipe",Medium,Matched reference source; some tracked nutrients are unknown.,1.0,Reference evidence and completeness; not an accuracy percentage or guarantee for your meal.,fiber_g_100g;sugar_g_100g
FC002058,,"Cookies, vanilla sandwich with creme filling",Good,Matched reference source with all tracked nutrients available.,1.0,Reference evidence and completeness; not an accuracy percentage or guarantee for your meal.,
FC002059,,"Pretzels, soft",Good,Matched reference source with all tracked nutrients available.,1.0,Reference evidence and completeness; not an accuracy percentage or guarantee for your meal.,
FC002060,,"Snacks, corn cakes",Good,Matched reference source with all tracked nutrients available.,1.0,Reference evidence and completeness; not an accuracy percentage or guarantee for your meal.,
FC002061,,"Snacks, taro chips",Good,Matched reference source with all tracked nutrients available.,1.0,Reference evidence and completeness; not an accuracy percentage or guarantee for your meal.,
FC002062,,"Snacks, banana chips",Good,Matched reference source with all tracked nutrients available.,1.0,Reference evidence and completeness; not an accuracy percentage or guarantee for your meal.,
FC002063,,"Snacks, potato sticks",Good,Matched reference source with all tracked nutrients available.,1.0,Reference evidence and completeness; not an accuracy percentage or guarantee for your meal.,
FC002064,,"Snacks, popcorn, cakes",Good,Matched reference source with all tracked nutrients available.,1.0,Reference evidence and completeness; not an accuracy percentage or guarantee for your meal.,
FC002065,,"Snacks, shrimp cracker",Good,Matched reference source with all tracked nutrients available.,1.0,Reference evidence and completeness; not an accuracy percentage or guarantee for your meal.,
FC002066,,"Pretzels, soft, unsalted",Good,Matched reference source with all tracked nutrients available.,1.0,Reference evidence and completeness; not an accuracy percentage or guarantee for your meal.,
FC002067,,"Snacks, brown rice chips",Good,Matched reference source with all tracked nutrients available.,1.0,Reference evidence and completeness; not an accuracy percentage or guarantee for your meal.,
FC002068,,"Snacks, pork skins, plain",Good,Matched reference source with all tracked nutrients available.,1.0,Reference evidence and completeness; not an accuracy percentage or guarantee for your meal.,
FC002069,,"Snacks, bagel chips, plain",Good,Matched reference source with all tracked nutrients available.,1.0,Reference evidence and completeness; not an accuracy percentage or guarantee for your meal.,
FC002070,,"Snacks, pita chips, salted",Good,Matched reference source with all tracked nutrients available.,1.0,Reference evidence and completeness; not an accuracy percentage or guarantee for your meal.,
FC002071,,"Snacks, trail mix, regular",Medium,Matched reference source; some tracked nutrients are unknown.,1.0,Reference evidence and completeness; not an accuracy percentage or guarantee for your meal.,fiber_g_100g;sugar_g_100g
FC002072,,"Snacks, beef sticks, smoked",Medium,Matched reference source; some tracked nutrients are unknown.,1.0,Reference evidence and completeness; not an accuracy percentage or guarantee for your meal.,fiber_g_100g;sugar_g_100g
FC002073,,"Snacks, popcorn, air-popped",Good,Matched reference source with all tracked nutrients available.,1.0,Reference evidence and completeness; not an accuracy percentage or guarantee for your meal.,
FC002074,,"Snacks, trail mix, tropical",Medium,Matched reference source; some tracked nutrients are unknown.,1.0,Reference evidence and completeness; not an accuracy percentage or guarantee for your meal.,fiber_g_100g;sugar_g_100g
FC002075,,"Snacks, plantain chips, salted",Good,Matched reference source with all tracked nutrients available.,1.0,Reference evidence and completeness; not an accuracy percentage or guarantee for your meal.,
FC002076,,"Snacks, popcorn, cheese-flavor",Good,Matched reference source with all tracked nutrients available.,1.0,Reference evidence and completeness; not an accuracy percentage or guarantee for your meal.,
FC002077,,"Snacks, crisped rice bar, almond",Medium,Matched reference source; some tracked nutrients are unknown.,1.0,Reference evidence and completeness; not an accuracy percentage or guarantee for your meal.,sugar_g_100g
FC002078,,"Snacks, oriental mix, rice-based",Good,Matched reference source with all tracked nutrients available.,1.0,Reference evidence and completeness; not an accuracy percentage or guarantee for your meal.,
FC002079,,"Snacks, cornnuts, barbecue-flavor",Medium,Matched reference source; some tracked nutrients are unknown.,1.0,Reference evidence and completeness; not an accuracy percentage or guarantee for your meal.,sugar_g_100g
FC002080,,"Snacks, granola bars, hard, plain",Good,Matched reference source with all tracked nutrients available.,1.0,Reference evidence and completeness; not an accuracy percentage or guarantee for your meal.,
FC002081,,"Snacks, granola bars, hard, almond",Medium,Matched reference source; some tracked nutrients are unknown.,1.0,Reference evidence and completeness; not an accuracy percentage or guarantee for your meal.,sugar_g_100g
FC002082,,"Snacks, pork skins, barbecue-flavor",Medium,Matched reference source; some tracked nutrients are unknown.,1.0,Reference evidence and completeness; not an accuracy percentage or guarantee for your meal.,fiber_g_100g;sugar_g_100g
FC002083,,"Snacks, potato chips, cheese-flavor",Medium,Matched reference source; some tracked nutrients are unknown.,1.0,Reference evidence and completeness; not an accuracy percentage or guarantee for your meal.,sugar_g_100g
FC002084,,"Snacks, potato chips, plain, salted",Good,Matched reference source with all tracked nutrients available.,1.0,Reference evidence and completeness; not an accuracy percentage or guarantee for your meal.,
FC002085,,"Snacks, rice cakes, brown rice, rye",Medium,Matched reference source; some tracked nutrients are unknown.,1.0,Reference evidence and completeness; not an accuracy percentage or guarantee for your meal.,sugar_g_100g
FC002086,,"Snacks, soy chips or crisps, salted",Good,Matched reference source with all tracked nutrients available.,1.0,Reference evidence and completeness; not an accuracy percentage or guarantee for your meal.,
FC002087,,"Snacks, tortilla chips, taco-flavor",Medium,Matched reference source; some tracked nutrients are unknown.,1.0,Reference evidence and completeness; not an accuracy percentage or guarantee for your meal.,sugar_g_100g
FC002088,,"Snacks, granola bites, mixed flavors",Good,Matched reference source with all tracked nutrients available.,1.0,Reference evidence and completeness; not an accuracy percentage or guarantee for your meal.,
FC002089,,"Snacks, potato chips, lightly salted",Good,Matched reference source with all tracked nutrients available.,1.0,Reference evidence and completeness; not an accuracy percentage or guarantee for your meal.,
FC002090,,"Snacks, rice cakes, brown rice, corn",Medium,Matched reference source; some tracked nutrients are unknown.,1.0,Reference evidence and completeness; not an accuracy percentage or guarantee for your meal.,sugar_g_100g
FC002091,,"Snacks, sweet potato chips, unsalted",Good,Matched reference source with all tracked nutrients available.,1.0,Reference evidence and completeness; not an accuracy percentage or guarantee for your meal.,
FC002092,,"Snacks, tortilla chips, nacho cheese",Good,Matched reference source with all tracked nutrients available.,1.0,Reference evidence and completeness; not an accuracy percentage or guarantee for your meal.,
FC002093,,"Snacks, tortilla chips, ranch-flavor",Medium,Matched reference source; some tracked nutrients are unknown.,1.0,Reference evidence and completeness; not an accuracy percentage or guarantee for your meal.,cholesterol_mg_100g
FC002094,,"Snacks, trail mix, regular, unsalted",Medium,Matched reference source; some tracked nutrients are unknown.,1.0,Reference evidence and completeness; not an accuracy percentage or guarantee for your meal.,fiber_g_100g;sugar_g_100g
FC002095,,"Snacks, potato chips, barbecue-flavor",Good,Matched reference source with all tracked nutrients available.,1.0,Reference evidence and completeness; not an accuracy percentage or guarantee for your meal.,
FC002096,,"Snacks, potato chips, plain, unsalted",Good,Matched reference source with all tracked nutrients available.,1.0,Reference evidence and completeness; not an accuracy percentage or guarantee for your meal.,
FC002097,,"Snacks, pretzels, hard, plain, salted",Good,Matched reference source with all tracked nutrients available.,1.0,Reference evidence and completeness; not an accuracy percentage or guarantee for your meal.,
FC002098,,"Snacks, yucca (cassava) chips, salted",Medium,Matched reference source; some tracked nutrients are unknown.,1.0,Reference evidence and completeness; not an accuracy percentage or guarantee for your meal.,cholesterol_mg_100g
FC002099,,"Snacks, beef jerky, chopped and formed",Good,Matched reference source with all tracked nutrients available.,1.0,Reference evidence and completeness; not an accuracy percentage or guarantee for your meal.,
FC002100,,"Snacks, peas, roasted, wasabi-flavored",Good,Matched reference source with all tracked nutrients available.,1.0,Reference evidence and completeness; not an accuracy percentage or guarantee for your meal.,
FC002101,,"Snacks, popcorn, air-popped (Unsalted)",Medium,Matched reference source; some tracked nutrients are unknown.,1.0,Reference evidence and completeness; not an accuracy percentage or guarantee for your meal.,sugar_g_100g
FC002102,,"Snacks, rice cracker brown rice, plain",Good,Matched reference source with all tracked nutrients available.,1.0,Reference evidence and completeness; not an accuracy percentage or guarantee for your meal.,
FC002103,,"Snacks, crisped rice bar, chocolate chip",Medium,Matched reference source; some tracked nutrients are unknown.,1.0,Reference evidence and completeness; not an accuracy percentage or guarantee for your meal.,sugar_g_100g
FC002104,,"Snacks, granola bar, fruit-filled, nonfat",Good,Matched reference source with all tracked nutrients available.,1.0,Reference evidence and completeness; not an accuracy percentage or guarantee for your meal.,
FC002105,,"Snacks, granola bars, hard, peanut butter",Medium,Matched reference source; some tracked nutrients are unknown.,1.0,Reference evidence and completeness; not an accuracy percentage or guarantee for your meal.,sugar_g_100g
FC002106,,"Snacks, rice cakes, brown rice, buckwheat",Medium,Matched reference source; some tracked nutrients are unknown.,1.0,Reference evidence and completeness; not an accuracy percentage or guarantee for your meal.,sugar_g_100g
FC002107,,"Snacks, corn-based, extruded, chips, plain",Good,Matched reference source with all tracked nutrients available.,1.0,Reference evidence and completeness; not an accuracy percentage or guarantee for your meal.,
FC002108,,"Snacks, corn-based, extruded, cones, plain",Medium,Matched reference source; some tracked nutrients are unknown.,1.0,Reference evidence and completeness; not an accuracy percentage or guarantee for your meal.,sugar_g_100g
FC002109,,"Snacks, corn-based, extruded, onion-flavor",Good,Matched reference source with all tracked nutrients available.,1.0,Reference evidence and completeness; not an accuracy percentage or guarantee for your meal.,
FC002110,,"Snacks, granola bars, hard, chocolate chip",Medium,Matched reference source; some tracked nutrients are unknown.,1.0,Reference evidence and completeness; not an accuracy percentage or guarantee for your meal.,sugar_g_100g
FC002111,,"Snacks, rice cakes, brown rice, multigrain",Medium,Matched reference source; some tracked nutrients are unknown.,1.0,Reference evidence and completeness; not an accuracy percentage or guarantee for your meal.,sugar_g_100g
FC002112,,"Snacks, sesame sticks, wheat-based, salted",Good,Matched reference source with all tracked nutrients available.,1.0,Reference evidence and completeness; not an accuracy percentage or guarantee for your meal.,
FC002113,,"Snacks, granola bars, soft, uncoated, plain",Medium,Matched reference source; some tracked nutrients are unknown.,1.0,Reference evidence and completeness; not an accuracy percentage or guarantee for your meal.,sugar_g_100g
FC002114,,"Snacks, rice cakes, brown rice, sesame seed",Medium,Matched reference source; some tracked nutrients are unknown.,1.0,Reference evidence and completeness; not an accuracy percentage or guarantee for your meal.,sugar_g_100g
FC002115,,"Snacks, granola bars, soft, uncoated, raisin",Medium,Matched reference source; some tracked nutrients are unknown.,1.0,Reference evidence and completeness; not an accuracy percentage or guarantee for your meal.,sugar_g_100g
FC002116,,"Snacks, sesame sticks, wheat-based, unsalted",Medium,Matched reference source; some tracked nutrients are unknown.,1.0,Reference evidence and completeness; not an accuracy percentage or guarantee for your meal.,fiber_g_100g;sugar_g_100g
FC002117,,"Snacks, tortilla chips, unsalted, white corn",Good,Matched reference source with all tracked nutrients available.,1.0,Reference evidence and completeness; not an accuracy percentage or guarantee for your meal.,
FC002118,,"Snacks, corn-based, extruded, chips, unsalted",Good,Matched reference source with all tracked nutrients available.,1.0,Reference evidence and completeness; not an accuracy percentage or guarantee for your meal.,
FC002119,,"Cheese, goat, hard type",Good,Matched reference source with all tracked nutrients available.,1.0,Reference evidence and completeness; not an accuracy percentage or guarantee for your meal.,
FC002120,,"Cheese, goat, soft type",Good,Matched reference source with all tracked nutrients available.,1.0,Reference evidence and completeness; not an accuracy percentage or guarantee for your meal.,
FC002121,,"Cheese, parmesan, grated",Good,Matched reference source with all tracked nutrients available.,1.0,Reference evidence and completeness; not an accuracy percentage or guarantee for your meal.,
FC002122,,"Cheese, mozzarella, nonfat",Good,Matched reference source with all tracked nutrients available.,1.0,Reference evidence and completeness; not an accuracy percentage or guarantee for your meal.,
FC002123,,"Cheese, parmesan, shredded",Good,Matched reference source with all tracked nutrients available.,1.0,Reference evidence and completeness; not an accuracy percentage or guarantee for your meal.,
FC002124,,"Cheese, fresh, queso fresco",Good,Matched reference source with all tracked nutrients available.,1.0,Reference evidence and completeness; not an accuracy percentage or guarantee for your meal.,
FC002125,,"Cheese, goat, semisoft type",Good,Matched reference source with all tracked nutrients available.,1.0,Reference evidence and completeness; not an accuracy percentage or guarantee for your meal.,
FC002126,,"Cheese, ricotta, whole milk",Good,Matched reference source with all tracked nutrients available.,1.0,Reference evidence and completeness; not an accuracy percentage or guarantee for your meal.,
FC002127,,"Cheese, white, queso blanco",Medium,Matched reference source; some tracked nutrients are unknown.,1.0,Reference evidence and completeness; not an accuracy percentage or guarantee for your meal.,fiber_g_100g
FC002128,,"Cream, fluid, half and half",Good,Matched reference source with all tracked nutrients available.,1.0,Reference evidence and completeness; not an accuracy percentage or guarantee for your meal.,
FC002129,,"Cream, fluid, heavy whipping",Good,Matched reference source with all tracked nutrients available.,1.0,Reference evidence and completeness; not an accuracy percentage or guarantee for your meal.,
FC002130,,"Cream, fluid, light whipping",Good,Matched reference source with all tracked nutrients available.,1.0,Reference evidence and completeness; not an accuracy percentage or guarantee for your meal.,
FC002131,,"Cheese, dry white, queso seco",Medium,Matched reference source; some tracked nutrients are unknown.,1.0,Reference evidence and completeness; not an accuracy percentage or guarantee for your meal.,fiber_g_100g
FC002132,,"Cheese, cheddar, sharp, sliced",Good,Matched reference source with all tracked nutrients available.,1.0,Reference evidence and completeness; not an accuracy percentage or guarantee for your meal.,
FC002133,,"Cheese, mozzarella, whole milk",Good,Matched reference source with all tracked nutrients available.,1.0,Reference evidence and completeness; not an accuracy percentage or guarantee for your meal.,
FC002134,,"Cheese, ricotta, part skim milk",Good,Matched reference source with all tracked nutrients available.,1.0,Reference evidence and completeness; not an accuracy percentage or guarantee for your meal.,
FC002135,,"Cheese, cottage, with vegetables",Good,Matched reference source with all tracked nutrients available.,1.0,Reference evidence and completeness; not an accuracy percentage or guarantee for your meal.,
FC002136,,"Ice cream, soft serve, chocolate",Good,Matched reference source with all tracked nutrients available.,1.0,Reference evidence and completeness; not an accuracy percentage or guarantee for your meal.,
FC002137,,"Cheese, mozzarella, part skim milk",Good,Matched reference source with all tracked nutrients available.,1.0,Reference evidence and completeness; not an accuracy percentage or guarantee for your meal.,
FC002138,,"Cheese, pasteurized process, swiss",Good,Matched reference source with all tracked nutrients available.,1.0,Reference evidence and completeness; not an accuracy percentage or guarantee for your meal.,
FC002139,,"Cheese, american cheddar, imitation",Good,Matched reference source with all tracked nutrients available.,1.0,Reference evidence and completeness; not an accuracy percentage or guarantee for your meal.,
FC002140,,"Cheese, cottage, creamed, with fruit",Good,Matched reference source with all tracked nutrients available.,1.0,Reference evidence and completeness; not an accuracy percentage or guarantee for your meal.,
FC002141,,"Cheese, pasteurized process, pimento",Good,Matched reference source with all tracked nutrients available.,1.0,Reference evidence and completeness; not an accuracy percentage or guarantee for your meal.,
FC002142,,"Ice cream, light, soft serve, chocolate",Good,Matched reference source with all tracked nutrients available.,1.0,Reference evidence and completeness; not an accuracy percentage or guarantee for your meal.,
FC002143,,"Cream, whipped, cream topping, pressurized",Good,Matched reference source with all tracked nutrients available.,1.0,Reference evidence and completeness; not an accuracy percentage or guarantee for your meal.,
FC002144,,"Ice cream, bar or stick, chocolate covered",Good,Matched reference source with all tracked nutrients available.,1.0,Reference evidence and completeness; not an accuracy percentage or guarantee for your meal.,
FC002145,,"Cheese, cottage, creamed, large or small curd",Good,Matched reference source with all tracked nutrients available.,1.0,Reference evidence and completeness; not an accuracy percentage or guarantee for your meal.,
FC002146,,"Cream, fluid, light (coffee cream or table cream)",Good,Matched reference source with all tracked nutrients available.,1.0,Reference evidence and completeness; not an accuracy percentage or guarantee for your meal.,
FC002147,,"Cheese, pasteurized process, American, without added vitamin D",Good,Matched reference source with all tracked nutrients available.,1.0,Reference evidence and completeness; not an accuracy percentage or guarantee for your meal.,
FC002148,,"Cheese, pasteurized process, American, fortified with vitamin D",Good,Matched reference source with all tracked nutrients available.,1.0,Reference evidence and completeness; not an accuracy percentage or guarantee for your meal.,
FC002149,,"Salad dressing, coleslaw",Good,Matched reference source with all tracked nutrients available.,1.0,Reference evidence and completeness; not an accuracy percentage or guarantee for your meal.,
FC002150,,"Salad dressing, sweet and sour",Good,Matched reference source with all tracked nutrients available.,1.0,Reference evidence and completeness; not an accuracy percentage or guarantee for your meal.,
FC002151,,"Butter, light, stick, with salt",Good,Matched reference source with all tracked nutrients available.,1.0,Reference evidence and completeness; not an accuracy percentage or guarantee for your meal.,
FC002152,,"Salad dressing, bacon and tomato",Good,Matched reference source with all tracked nutrients available.,1.0,Reference evidence and completeness; not an accuracy percentage or guarantee for your meal.,
FC002153,,"Salad dressing, buttermilk, lite",Good,Matched reference source with all tracked nutrients available.,1.0,Reference evidence and completeness; not an accuracy percentage or guarantee for your meal.,
FC002154,,"Salad dressing, russian dressing",Good,Matched reference source with all tracked nutrients available.,1.0,Reference evidence and completeness; not an accuracy percentage or guarantee for your meal.,
FC002155,,"Margarine,spread, 35-39% fat, tub",Good,Matched reference source with all tracked nutrients available.,1.0,Reference evidence and completeness; not an accuracy percentage or guarantee for your meal.,
FC002156,,"Salad dressing, mayonnaise, light",Good,Matched reference source with all tracked nutrients available.,1.0,Reference evidence and completeness; not an accuracy percentage or guarantee for your meal.,
FC002157,,"Salad dressing, poppyseed, creamy",Good,Matched reference source with all tracked nutrients available.,1.0,Reference evidence and completeness; not an accuracy percentage or guarantee for your meal.,
FC002158,,"Butter, light, stick, without salt",Good,Matched reference source with all tracked nutrients available.,1.0,Reference evidence and completeness; not an accuracy percentage or guarantee for your meal.,
FC002159,,"Salad dressing, french, home recipe",Medium,Matched reference source; some tracked nutrients are unknown.,1.0,Reference evidence and completeness; not an accuracy percentage or guarantee for your meal.,sugar_g_100g
FC002160,,"Salad dressing, mayonnaise, regular",Good,Matched reference source with all tracked nutrients available.,1.0,Reference evidence and completeness; not an accuracy percentage or guarantee for your meal.,
FC002161,,"Salad dressing, green goddess, regular",Good,Matched reference source with all tracked nutrients available.,1.0,Reference evidence and completeness; not an accuracy percentage or guarantee for your meal.,
FC002162,,"Salad dressing, honey mustard, regular",Good,Matched reference source with all tracked nutrients available.,1.0,Reference evidence and completeness; not an accuracy percentage or guarantee for your meal.,
FC002163,,"Salad dressing, mayonnaise-type, light",Good,Matched reference source with all tracked nutrients available.,1.0,Reference evidence and completeness; not an accuracy percentage or guarantee for your meal.,
FC002164,,"Salad dressing, ranch dressing, regular",Good,Matched reference source with all tracked nutrients available.,1.0,Reference evidence and completeness; not an accuracy percentage or guarantee for your meal.,
FC002165,,"Salad dressing, caesar dressing, regular",Good,Matched reference source with all tracked nutrients available.,1.0,Reference evidence and completeness; not an accuracy percentage or guarantee for your meal.,
FC002166,,"Salad dressing, home recipe, vinegar and oil",Good,Matched reference source with all tracked nutrients available.,1.0,Reference evidence and completeness; not an accuracy percentage or guarantee for your meal.,
FC002167,,"Salad dressing, sesame seed dressing, regular",Good,Matched reference source with all tracked nutrients available.,1.0,Reference evidence and completeness; not an accuracy percentage or guarantee for your meal.,
FC002168,,"Salad dressing, mayonnaise, imitation, soybean",Good,Matched reference source with all tracked nutrients available.,1.0,Reference evidence and completeness; not an accuracy percentage or guarantee for your meal.,
FC002169,,"Restaurant, Chinese, lemon chicken",Good,Matched reference source with all tracked nutrients available.,1.0,Reference evidence and completeness; not an accuracy percentage or guarantee for your meal.,
FC002170,,"Restaurant, family style, coleslaw",Good,Matched reference source with all tracked nutrients available.,1.0,Reference evidence and completeness; not an accuracy percentage or guarantee for your meal.,
FC002171,,"Restaurant, Chinese, orange chicken",Good,Matched reference source with all tracked nutrients available.,1.0,Reference evidence and completeness; not an accuracy percentage or guarantee for your meal.,
FC002172,,"Restaurant, Chinese, sesame chicken",Good,Matched reference source with all tracked nutrients available.,1.0,Reference evidence and completeness; not an accuracy percentage or guarantee for your meal.,
FC002173,,"Restaurant, Chinese, kung pao chicken",Good,Matched reference source with all tracked nutrients available.,1.0,Reference evidence and completeness; not an accuracy percentage or guarantee for your meal.,
FC002174,,"Restaurant, family style, hash browns",Medium,Matched reference source; some tracked nutrients are unknown.,1.0,Reference evidence and completeness; not an accuracy percentage or guarantee for your meal.,cholesterol_mg_100g
FC002175,,"Restaurant, family style, onion rings",Medium,Matched reference source; some tracked nutrients are unknown.,1.0,Reference evidence and completeness; not an accuracy percentage or guarantee for your meal.,cholesterol_mg_100g
FC002176,,"Restaurant, Chinese, chicken chow mein",Good,Matched reference source with all tracked nutrients available.,1.0,Reference evidence and completeness; not an accuracy percentage or guarantee for your meal.,
FC002177,,"Restaurant, Italian, lasagna with meat",Good,Matched reference source with all tracked nutrients available.,1.0,Reference evidence and completeness; not an accuracy percentage or guarantee for your meal.,
FC002178,,"Restaurant, family style, french fries",Good,Matched reference source with all tracked nutrients available.,1.0,Reference evidence and completeness; not an accuracy percentage or guarantee for your meal.,
FC002179,,"Restaurant, Chinese, beef and vegetables",Good,Matched reference source with all tracked nutrients available.,1.0,Reference evidence and completeness; not an accuracy percentage or guarantee for your meal.,
FC002180,,"Restaurant, Chinese, egg rolls, assorted",Medium,Matched reference source; some tracked nutrients are unknown.,1.0,Reference evidence and completeness; not an accuracy percentage or guarantee for your meal.,sugar_g_100g
FC002181,,"Restaurant, Chinese, sweet and sour pork",Good,Matched reference source with all tracked nutrients available.,1.0,Reference evidence and completeness; not an accuracy percentage or guarantee for your meal.,
FC002182,,"Restaurant, family style, chicken tenders",Good,Matched reference source with all tracked nutrients available.,1.0,Reference evidence and completeness; not an accuracy percentage or guarantee for your meal.,
FC002183,,"Restaurant, Chinese, shrimp and vegetables",Good,Matched reference source with all tracked nutrients available.,1.0,Reference evidence and completeness; not an accuracy percentage or guarantee for your meal.,
FC002184,,"Restaurant, Chinese, chicken and vegetables",Good,Matched reference source with all tracked nutrients available.,1.0,Reference evidence and completeness; not an accuracy percentage or guarantee for your meal.,
FC002185,,"Restaurant, Chinese, sweet and sour chicken",Good,Matched reference source with all tracked nutrients available.,1.0,Reference evidence and completeness; not an accuracy percentage or guarantee for your meal.,
FC002186,,"Restaurant, Chinese, fried rice, without meat",Good,Matched reference source with all tracked nutrients available.,1.0,Reference evidence and completeness; not an accuracy percentage or guarantee for your meal.,
FC002187,,"Restaurant, Italian, spaghetti with meat sauce",Good,Matched reference source with all tracked nutrients available.,1.0,Reference evidence and completeness; not an accuracy percentage or guarantee for your meal.,
FC002188,,"Restaurant, family style, fried mozzarella sticks",Good,Matched reference source with all tracked nutrients available.,1.0,Reference evidence and completeness; not an accuracy percentage or guarantee for your meal.,
FC002189,,"Restaurant, family style, spaghetti and meatballs",Good,Matched reference source with all tracked nutrients available.,1.0,Reference evidence and completeness; not an accuracy percentage or guarantee for your meal.,
FC002190,,"Restaurant, Italian, chicken parmesan without pasta",Good,Matched reference source with all tracked nutrients available.,1.0,Reference evidence and completeness; not an accuracy percentage or guarantee for your meal.,
FC002191,,"Restaurant, family style, chili with meat and beans",Good,Matched reference source with all tracked nutrients available.,1.0,Reference evidence and completeness; not an accuracy percentage or guarantee for your meal.,
FC002192,,"Restaurant, family style, shrimp, breaded and fried",Good,Matched reference source with all tracked nutrients available.,1.0,Reference evidence and completeness; not an accuracy percentage or guarantee for your meal.,
FC002193,,"Restaurant, Chinese, vegetable lo mein, without meat",Good,Matched reference source with all tracked nutrients available.,1.0,Reference evidence and completeness; not an accuracy percentage or guarantee for your meal.,
FC002194,,"Sauce, alfredo mix, dry",Good,Matched reference source with all tracked nutrients available.,1.0,Reference evidence and completeness; not an accuracy percentage or guarantee for your meal.,
FC002195,,"Sauce, hot chile, sriracha",Medium,Matched reference source; some tracked nutrients are unknown.,1.0,Reference evidence and completeness; not an accuracy percentage or guarantee for your meal.,cholesterol_mg_100g
FC002196,,"Sauce, steak, tomato based",Good,Matched reference source with all tracked nutrients available.,1.0,Reference evidence and completeness; not an accuracy percentage or guarantee for your meal.,
FC002197,,"Sauce, duck, ready-to-serve",Good,Matched reference source with all tracked nutrients available.,1.0,Reference evidence and completeness; not an accuracy percentage or guarantee for your meal.,
FC002198,,"Sauce, plum, ready-to-serve",Medium,Matched reference source; some tracked nutrients are unknown.,1.0,Reference evidence and completeness; not an accuracy percentage or guarantee for your meal.,sugar_g_100g
FC002199,,"Sauce, cheese sauce mix, dry",Good,Matched reference source with all tracked nutrients available.,1.0,Reference evidence and completeness; not an accuracy percentage or guarantee for your meal.,
FC002200,,"Sauce, salsa, ready-to-serve",Good,Matched reference source with all tracked nutrients available.,1.0,Reference evidence and completeness; not an accuracy percentage or guarantee for your meal.,
FC002201,,"Soup, beef broth, cubed, dry",Good,Matched reference source with all tracked nutrients available.,1.0,Reference evidence and completeness; not an accuracy percentage or guarantee for your meal.,
FC002202,,"Sauce, cheese, ready-to-serve",Good,Matched reference source with all tracked nutrients available.,1.0,Reference evidence and completeness; not an accuracy percentage or guarantee for your meal.,
FC002203,,"Sauce, hoisin, ready-to-serve",Good,Matched reference source with all tracked nutrients available.,1.0,Reference evidence and completeness; not an accuracy percentage or guarantee for your meal.,
FC002204,,"Sauce, homemade, white, thick",Good,Matched reference source with all tracked nutrients available.,1.0,Reference evidence and completeness; not an accuracy percentage or guarantee for your meal.,
FC002205,,"Sauce, oyster, ready-to-serve",Good,Matched reference source with all tracked nutrients available.,1.0,Reference evidence and completeness; not an accuracy percentage or guarantee for your meal.,
FC002206,,"Sauce, tartar, ready-to-serve",Good,Matched reference source with all tracked nutrients available.,1.0,Reference evidence and completeness; not an accuracy percentage or guarantee for your meal.,
FC002207,,"Sauce, homemade, white, medium",Good,Matched reference source with all tracked nutrients available.,1.0,Reference evidence and completeness; not an accuracy percentage or guarantee for your meal.,
FC002208,,"Soup, chicken broth cubes, dry",Good,Matched reference source with all tracked nutrients available.,1.0,Reference evidence and completeness; not an accuracy percentage or guarantee for your meal.,
FC002209,,"Soup, onion, canned, condensed",Good,Matched reference source with all tracked nutrients available.,1.0,Reference evidence and completeness; not an accuracy percentage or guarantee for your meal.,
FC002210,,"Jollibee Philippines Chickenjoy, original, edible chicken only (estimate)",Low,Estimate available only by explicit selection; default nutrition unavailable.,1.0,Reference evidence and completeness; not an accuracy percentage or guarantee for your meal.,kcal_100g;protein_g_100g;carbs_g_100g;fat_g_100g;fiber_g_100g;sugar_g_100g;sodium_mg_100g;cholesterol_mg_100g
FC002211,,"Jollibee Philippines Chickenjoy, spicy, edible chicken only (estimate)",Low,Estimate available only by explicit selection; default nutrition unavailable.,1.0,Reference evidence and completeness; not an accuracy percentage or guarantee for your meal.,kcal_100g;protein_g_100g;carbs_g_100g;fat_g_100g;fiber_g_100g;sugar_g_100g;sodium_mg_100g;cholesterol_mg_100g
FC002212,,"Jollibee Philippines Yumburger, sandwich only (estimate)",Low,Estimate available only by explicit selection; default nutrition unavailable.,1.0,Reference evidence and completeness; not an accuracy percentage or guarantee for your meal.,kcal_100g;protein_g_100g;carbs_g_100g;fat_g_100g;fiber_g_100g;sugar_g_100g;sodium_mg_100g;cholesterol_mg_100g
FC002213,,"Jollibee Philippines Cheesy Yumburger, sandwich only (estimate)",Low,Estimate available only by explicit selection; default nutrition unavailable.,1.0,Reference evidence and completeness; not an accuracy percentage or guarantee for your meal.,kcal_100g;protein_g_100g;carbs_g_100g;fat_g_100g;fiber_g_100g;sugar_g_100g;sodium_mg_100g;cholesterol_mg_100g
FC002214,,"Jollibee Philippines Double Cheesy Yumburger, sandwich only (estimate)",Low,Estimate available only by explicit selection; default nutrition unavailable.,1.0,Reference evidence and completeness; not an accuracy percentage or guarantee for your meal.,kcal_100g;protein_g_100g;carbs_g_100g;fat_g_100g;fiber_g_100g;sugar_g_100g;sodium_mg_100g;cholesterol_mg_100g
FC002215,,"Jollibee Philippines Bacon Cheesy Yumburger, sandwich only (estimate)",Low,Estimate available only by explicit selection; default nutrition unavailable.,1.0,Reference evidence and completeness; not an accuracy percentage or guarantee for your meal.,kcal_100g;protein_g_100g;carbs_g_100g;fat_g_100g;fiber_g_100g;sugar_g_100g;sodium_mg_100g;cholesterol_mg_100g
FC002216,,"Jollibee Philippines Champ, sandwich only (estimate)",Low,Estimate available only by explicit selection; default nutrition unavailable.,1.0,Reference evidence and completeness; not an accuracy percentage or guarantee for your meal.,kcal_100g;protein_g_100g;carbs_g_100g;fat_g_100g;fiber_g_100g;sugar_g_100g;sodium_mg_100g;cholesterol_mg_100g
FC002217,,"Jollibee Philippines Champ Jr., sandwich only (estimate)",Low,Estimate available only by explicit selection; default nutrition unavailable.,1.0,Reference evidence and completeness; not an accuracy percentage or guarantee for your meal.,kcal_100g;protein_g_100g;carbs_g_100g;fat_g_100g;fiber_g_100g;sugar_g_100g;sodium_mg_100g;cholesterol_mg_100g
FC002218,,"Jollibee Philippines Amazing Aloha Champ Jr., sandwich only (estimate)",Low,Estimate available only by explicit selection; default nutrition unavailable.,1.0,Reference evidence and completeness; not an accuracy percentage or guarantee for your meal.,kcal_100g;protein_g_100g;carbs_g_100g;fat_g_100g;fiber_g_100g;sugar_g_100g;sodium_mg_100g;cholesterol_mg_100g
FC002219,,"Jollibee Philippines Jolly Spaghetti, pasta and sauce only (estimate)",Low,Estimate available only by explicit selection; default nutrition unavailable.,1.0,Reference evidence and completeness; not an accuracy percentage or guarantee for your meal.,kcal_100g;protein_g_100g;carbs_g_100g;fat_g_100g;fiber_g_100g;sugar_g_100g;sodium_mg_100g;cholesterol_mg_100g
FC002220,,"Jollibee Philippines Palabok, noodles and toppings only (estimate)",Low,Estimate available only by explicit selection; default nutrition unavailable.,1.0,Reference evidence and completeness; not an accuracy percentage or guarantee for your meal.,kcal_100g;protein_g_100g;carbs_g_100g;fat_g_100g;fiber_g_100g;sugar_g_100g;sodium_mg_100g;cholesterol_mg_100g
FC002221,,"Jollibee Philippines Burger Steak, patty and gravy only (estimate)",Low,Estimate available only by explicit selection; default nutrition unavailable.,1.0,Reference evidence and completeness; not an accuracy percentage or guarantee for your meal.,kcal_100g;protein_g_100g;carbs_g_100g;fat_g_100g;fiber_g_100g;sugar_g_100g;sodium_mg_100g;cholesterol_mg_100g
FC002222,,"Jollibee Philippines Pepper Cream Chicken Fillet, fillet and sauce only (estimate)",Low,Estimate available only by explicit selection; default nutrition unavailable.,1.0,Reference evidence and completeness; not an accuracy percentage or guarantee for your meal.,kcal_100g;protein_g_100g;carbs_g_100g;fat_g_100g;fiber_g_100g;sugar_g_100g;sodium_mg_100g;cholesterol_mg_100g
FC002223,,"Jollibee Philippines Crunchy Chicken Sandwich, sandwich only (estimate)",Low,Estimate available only by explicit selection; default nutrition unavailable.,1.0,Reference evidence and completeness; not an accuracy percentage or guarantee for your meal.,kcal_100g;protein_g_100g;carbs_g_100g;fat_g_100g;fiber_g_100g;sugar_g_100g;sodium_mg_100g;cholesterol_mg_100g
FC002224,,"Jollibee Philippines Cheesy Classic Jolly Hotdog, sandwich only (estimate)",Low,Estimate available only by explicit selection; default nutrition unavailable.,1.0,Reference evidence and completeness; not an accuracy percentage or guarantee for your meal.,kcal_100g;protein_g_100g;carbs_g_100g;fat_g_100g;fiber_g_100g;sugar_g_100g;sodium_mg_100g;cholesterol_mg_100g
FC002225,,Jollibee Philippines Peach Mango Pie (estimate),Low,Estimate available only by explicit selection; default nutrition unavailable.,1.0,Reference evidence and completeness; not an accuracy percentage or guarantee for your meal.,kcal_100g;protein_g_100g;carbs_g_100g;fat_g_100g;fiber_g_100g;sugar_g_100g;sodium_mg_100g;cholesterol_mg_100g
FC002226,,"Jollibee Philippines Chicken Nuggets, no dipping sauce (estimate)",Low,Estimate available only by explicit selection; default nutrition unavailable.,1.0,Reference evidence and completeness; not an accuracy percentage or guarantee for your meal.,kcal_100g;protein_g_100g;carbs_g_100g;fat_g_100g;fiber_g_100g;sugar_g_100g;sodium_mg_100g;cholesterol_mg_100g
FC002227,,"Jollibee Philippines Jolly Crispy Fries, no dipping sauce (estimate)",Low,Estimate available only by explicit selection; default nutrition unavailable.,1.0,Reference evidence and completeness; not an accuracy percentage or guarantee for your meal.,kcal_100g;protein_g_100g;carbs_g_100g;fat_g_100g;fiber_g_100g;sugar_g_100g;sodium_mg_100g;cholesterol_mg_100g
FC002228,,Jollibee Philippines Mashed Potato with gravy (estimate),Low,Estimate available only by explicit selection; default nutrition unavailable.,1.0,Reference evidence and completeness; not an accuracy percentage or guarantee for your meal.,kcal_100g;protein_g_100g;carbs_g_100g;fat_g_100g;fiber_g_100g;sugar_g_100g;sodium_mg_100g;cholesterol_mg_100g
FC002229,,Jollibee Philippines Chicken Macaroni Soup (estimate),Low,Estimate available only by explicit selection; default nutrition unavailable.,1.0,Reference evidence and completeness; not an accuracy percentage or guarantee for your meal.,kcal_100g;protein_g_100g;carbs_g_100g;fat_g_100g;fiber_g_100g;sugar_g_100g;sodium_mg_100g;cholesterol_mg_100g
FC002230,,Jollibee Philippines Chocolate Sundae (estimate),Low,Estimate available only by explicit selection; default nutrition unavailable.,1.0,Reference evidence and completeness; not an accuracy percentage or guarantee for your meal.,kcal_100g;protein_g_100g;carbs_g_100g;fat_g_100g;fiber_g_100g;sugar_g_100g;sodium_mg_100g;cholesterol_mg_100g
FC002231,,Jollibee Philippines Cookies and Cream Sundae (estimate),Low,Estimate available only by explicit selection; default nutrition unavailable.,1.0,Reference evidence and completeness; not an accuracy percentage or guarantee for your meal.,kcal_100g;protein_g_100g;carbs_g_100g;fat_g_100g;fiber_g_100g;sugar_g_100g;sodium_mg_100g;cholesterol_mg_100g
FC002232,,"Jollibee Philippines Iced Latte, modeled milk-coffee mixture (estimate)",Low,Estimate available only by explicit selection; default nutrition unavailable.,1.0,Reference evidence and completeness; not an accuracy percentage or guarantee for your meal.,kcal_100g;protein_g_100g;carbs_g_100g;fat_g_100g;fiber_g_100g;sugar_g_100g;sodium_mg_100g;cholesterol_mg_100g
FC002233,,"Jollibee Philippines Iced Mocha, modeled milk-coffee mixture (estimate)",Low,Estimate available only by explicit selection; default nutrition unavailable.,1.0,Reference evidence and completeness; not an accuracy percentage or guarantee for your meal.,kcal_100g;protein_g_100g;carbs_g_100g;fat_g_100g;fiber_g_100g;sugar_g_100g;sodium_mg_100g;cholesterol_mg_100g
FC002234,,"Jollibee Philippines Iced Caramel, modeled milk-coffee mixture (estimate)",Low,Estimate available only by explicit selection; default nutrition unavailable.,1.0,Reference evidence and completeness; not an accuracy percentage or guarantee for your meal.,kcal_100g;protein_g_100g;carbs_g_100g;fat_g_100g;fiber_g_100g;sugar_g_100g;sodium_mg_100g;cholesterol_mg_100g
FC002235,,"McDonald's Philippines Hamburger, sandwich only (estimate)",Low,Estimate available only by explicit selection; default nutrition unavailable.,1.0,Reference evidence and completeness; not an accuracy percentage or guarantee for your meal.,kcal_100g;protein_g_100g;carbs_g_100g;fat_g_100g;fiber_g_100g;sugar_g_100g;sodium_mg_100g;cholesterol_mg_100g
FC002236,,"McDonald's Philippines Cheeseburger, sandwich only (estimate)",Low,Estimate available only by explicit selection; default nutrition unavailable.,1.0,Reference evidence and completeness; not an accuracy percentage or guarantee for your meal.,kcal_100g;protein_g_100g;carbs_g_100g;fat_g_100g;fiber_g_100g;sugar_g_100g;sodium_mg_100g;cholesterol_mg_100g
FC002237,,"McDonald's Philippines Big Mac, sandwich only (estimate)",Low,Estimate available only by explicit selection; default nutrition unavailable.,1.0,Reference evidence and completeness; not an accuracy percentage or guarantee for your meal.,kcal_100g;protein_g_100g;carbs_g_100g;fat_g_100g;fiber_g_100g;sugar_g_100g;sodium_mg_100g;cholesterol_mg_100g
FC002238,,"McDonald's Philippines Quarter Pounder with Cheese, sandwich only (estimate)",Low,Estimate available only by explicit selection; default nutrition unavailable.,1.0,Reference evidence and completeness; not an accuracy percentage or guarantee for your meal.,kcal_100g;protein_g_100g;carbs_g_100g;fat_g_100g;fiber_g_100g;sugar_g_100g;sodium_mg_100g;cholesterol_mg_100g
FC002239,,"McDonald's Philippines Burger McDo, sandwich only (estimate)",Low,Estimate available only by explicit selection; default nutrition unavailable.,1.0,Reference evidence and completeness; not an accuracy percentage or guarantee for your meal.,kcal_100g;protein_g_100g;carbs_g_100g;fat_g_100g;fiber_g_100g;sugar_g_100g;sodium_mg_100g;cholesterol_mg_100g
FC002240,,"McDonald's Philippines Cheesy Burger McDo, sandwich only (estimate)",Low,Estimate available only by explicit selection; default nutrition unavailable.,1.0,Reference evidence and completeness; not an accuracy percentage or guarantee for your meal.,kcal_100g;protein_g_100g;carbs_g_100g;fat_g_100g;fiber_g_100g;sugar_g_100g;sodium_mg_100g;cholesterol_mg_100g
FC002241,,"McDonald's Philippines Crispy Chicken Sandwich, sandwich only (estimate)",Low,Estimate available only by explicit selection; default nutrition unavailable.,1.0,Reference evidence and completeness; not an accuracy percentage or guarantee for your meal.,kcal_100g;protein_g_100g;carbs_g_100g;fat_g_100g;fiber_g_100g;sugar_g_100g;sodium_mg_100g;cholesterol_mg_100g
FC002242,,"McDonald's Philippines Chicken McDo, edible chicken only (estimate)",Low,Estimate available only by explicit selection; default nutrition unavailable.,1.0,Reference evidence and completeness; not an accuracy percentage or guarantee for your meal.,kcal_100g;protein_g_100g;carbs_g_100g;fat_g_100g;fiber_g_100g;sugar_g_100g;sodium_mg_100g;cholesterol_mg_100g
FC002243,,"McDonald's Philippines Crispy Chicken Fillet, fillet only (estimate)",Low,Estimate available only by explicit selection; default nutrition unavailable.,1.0,Reference evidence and completeness; not an accuracy percentage or guarantee for your meal.,kcal_100g;protein_g_100g;carbs_g_100g;fat_g_100g;fiber_g_100g;sugar_g_100g;sodium_mg_100g;cholesterol_mg_100g
FC002244,,"McDonald's Philippines Crispy Chicken Fillet Ala King, fillet and sauce only (estimate)",Low,Estimate available only by explicit selection; default nutrition unavailable.,1.0,Reference evidence and completeness; not an accuracy percentage or guarantee for your meal.,kcal_100g;protein_g_100g;carbs_g_100g;fat_g_100g;fiber_g_100g;sugar_g_100g;sodium_mg_100g;cholesterol_mg_100g
FC002245,,"McDonald's Philippines Mushroom Pepper Steak, patty and sauce only (estimate)",Low,Estimate available only by explicit selection; default nutrition unavailable.,1.0,Reference evidence and completeness; not an accuracy percentage or guarantee for your meal.,kcal_100g;protein_g_100g;carbs_g_100g;fat_g_100g;fiber_g_100g;sugar_g_100g;sodium_mg_100g;cholesterol_mg_100g
FC002246,,"McDonald's Philippines Chicken McNuggets, without dip (estimate)",Low,Estimate available only by explicit selection; default nutrition unavailable.,1.0,Reference evidence and completeness; not an accuracy percentage or guarantee for your meal.,kcal_100g;protein_g_100g;carbs_g_100g;fat_g_100g;fiber_g_100g;sugar_g_100g;sodium_mg_100g;cholesterol_mg_100g
FC002247,,"McDonald's Philippines Fries, without dip (estimate)",Low,Estimate available only by explicit selection; default nutrition unavailable.,1.0,Reference evidence and completeness; not an accuracy percentage or guarantee for your meal.,kcal_100g;protein_g_100g;carbs_g_100g;fat_g_100g;fiber_g_100g;sugar_g_100g;sodium_mg_100g;cholesterol_mg_100g
FC002248,,McDonald's Philippines Hash Browns (estimate),Low,Estimate available only by explicit selection; default nutrition unavailable.,1.0,Reference evidence and completeness; not an accuracy percentage or guarantee for your meal.,kcal_100g;protein_g_100g;carbs_g_100g;fat_g_100g;fiber_g_100g;sugar_g_100g;sodium_mg_100g;cholesterol_mg_100g
FC002249,,"McDonald's Philippines Hotcakes, without syrup or butter (estimate)",Low,Estimate available only by explicit selection; default nutrition unavailable.,1.0,Reference evidence and completeness; not an accuracy percentage or guarantee for your meal.,kcal_100g;protein_g_100g;carbs_g_100g;fat_g_100g;fiber_g_100g;sugar_g_100g;sodium_mg_100g;cholesterol_mg_100g
FC002250,,"McDonald's Philippines Sausage McMuffin, sandwich only (estimate)",Low,Estimate available only by explicit selection; default nutrition unavailable.,1.0,Reference evidence and completeness; not an accuracy percentage or guarantee for your meal.,kcal_100g;protein_g_100g;carbs_g_100g;fat_g_100g;fiber_g_100g;sugar_g_100g;sodium_mg_100g;cholesterol_mg_100g
FC002251,,"McDonald's Philippines Sausage McMuffin with Egg, sandwich only (estimate)",Low,Estimate available only by explicit selection; default nutrition unavailable.,1.0,Reference evidence and completeness; not an accuracy percentage or guarantee for your meal.,kcal_100g;protein_g_100g;carbs_g_100g;fat_g_100g;fiber_g_100g;sugar_g_100g;sodium_mg_100g;cholesterol_mg_100g
FC002252,,"McDonald's Philippines Cheesy Eggdesal, sandwich only (estimate)",Low,Estimate available only by explicit selection; default nutrition unavailable.,1.0,Reference evidence and completeness; not an accuracy percentage or guarantee for your meal.,kcal_100g;protein_g_100g;carbs_g_100g;fat_g_100g;fiber_g_100g;sugar_g_100g;sodium_mg_100g;cholesterol_mg_100g
FC002253,,"McDonald's Philippines Cheesy Eggdesal with Sausage, sandwich only (estimate)",Low,Estimate available only by explicit selection; default nutrition unavailable.,1.0,Reference evidence and completeness; not an accuracy percentage or guarantee for your meal.,kcal_100g;protein_g_100g;carbs_g_100g;fat_g_100g;fiber_g_100g;sugar_g_100g;sodium_mg_100g;cholesterol_mg_100g
FC002254,,McDonald's Philippines Plain Sundae (estimate),Low,Estimate available only by explicit selection; default nutrition unavailable.,1.0,Reference evidence and completeness; not an accuracy percentage or guarantee for your meal.,kcal_100g;protein_g_100g;carbs_g_100g;fat_g_100g;fiber_g_100g;sugar_g_100g;sodium_mg_100g;cholesterol_mg_100g
FC002255,,McDonald's Philippines Hot Fudge Sundae (estimate),Low,Estimate available only by explicit selection; default nutrition unavailable.,1.0,Reference evidence and completeness; not an accuracy percentage or guarantee for your meal.,kcal_100g;protein_g_100g;carbs_g_100g;fat_g_100g;fiber_g_100g;sugar_g_100g;sodium_mg_100g;cholesterol_mg_100g
FC002256,,McDonald's Philippines Hot Caramel Sundae (estimate),Low,Estimate available only by explicit selection; default nutrition unavailable.,1.0,Reference evidence and completeness; not an accuracy percentage or guarantee for your meal.,kcal_100g;protein_g_100g;carbs_g_100g;fat_g_100g;fiber_g_100g;sugar_g_100g;sodium_mg_100g;cholesterol_mg_100g
FC002257,,McDonald's Philippines McFlurry with Oreo (estimate),Low,Estimate available only by explicit selection; default nutrition unavailable.,1.0,Reference evidence and completeness; not an accuracy percentage or guarantee for your meal.,kcal_100g;protein_g_100g;carbs_g_100g;fat_g_100g;fiber_g_100g;sugar_g_100g;sodium_mg_100g;cholesterol_mg_100g
FC002258,,McDonald's Philippines McFlurry Strawberry with Oreo (estimate),Low,Estimate available only by explicit selection; default nutrition unavailable.,1.0,Reference evidence and completeness; not an accuracy percentage or guarantee for your meal.,kcal_100g;protein_g_100g;carbs_g_100g;fat_g_100g;fiber_g_100g;sugar_g_100g;sodium_mg_100g;cholesterol_mg_100g
FC002259,,McDonald's Philippines McCafe Coffee McFloat (estimate),Low,Estimate available only by explicit selection; default nutrition unavailable.,1.0,Reference evidence and completeness; not an accuracy percentage or guarantee for your meal.,kcal_100g;protein_g_100g;carbs_g_100g;fat_g_100g;fiber_g_100g;sugar_g_100g;sodium_mg_100g;cholesterol_mg_100g
FC002260,,"KFC Philippines Original Recipe Chicken, edible chicken only (estimate)",Low,Estimate available only by explicit selection; default nutrition unavailable.,1.0,Reference evidence and completeness; not an accuracy percentage or guarantee for your meal.,kcal_100g;protein_g_100g;carbs_g_100g;fat_g_100g;fiber_g_100g;sugar_g_100g;sodium_mg_100g;cholesterol_mg_100g
FC002261,,"KFC Philippines Zinger Burger, sandwich only (estimate)",Low,Estimate available only by explicit selection; default nutrition unavailable.,1.0,Reference evidence and completeness; not an accuracy percentage or guarantee for your meal.,kcal_100g;protein_g_100g;carbs_g_100g;fat_g_100g;fiber_g_100g;sugar_g_100g;sodium_mg_100g;cholesterol_mg_100g
FC002262,,"KFC Philippines Chicken Burger, sandwich only (estimate)",Low,Estimate available only by explicit selection; default nutrition unavailable.,1.0,Reference evidence and completeness; not an accuracy percentage or guarantee for your meal.,kcal_100g;protein_g_100g;carbs_g_100g;fat_g_100g;fiber_g_100g;sugar_g_100g;sodium_mg_100g;cholesterol_mg_100g
FC002263,,"KFC Philippines Flavor Shots, chicken bites only (estimate)",Low,Estimate available only by explicit selection; default nutrition unavailable.,1.0,Reference evidence and completeness; not an accuracy percentage or guarantee for your meal.,kcal_100g;protein_g_100g;carbs_g_100g;fat_g_100g;fiber_g_100g;sugar_g_100g;sodium_mg_100g;cholesterol_mg_100g
FC002264,,KFC Philippines Famous Bowl (estimate),Low,Estimate available only by explicit selection; default nutrition unavailable.,1.0,Reference evidence and completeness; not an accuracy percentage or guarantee for your meal.,kcal_100g;protein_g_100g;carbs_g_100g;fat_g_100g;fiber_g_100g;sugar_g_100g;sodium_mg_100g;cholesterol_mg_100g
FC002265,,"KFC Philippines Ala King Zinger Steak, fillet and sauce only (estimate)",Low,Estimate available only by explicit selection; default nutrition unavailable.,1.0,Reference evidence and completeness; not an accuracy percentage or guarantee for your meal.,kcal_100g;protein_g_100g;carbs_g_100g;fat_g_100g;fiber_g_100g;sugar_g_100g;sodium_mg_100g;cholesterol_mg_100g
FC002266,,KFC Philippines Ala King Rice Bowl (estimate),Low,Estimate available only by explicit selection; default nutrition unavailable.,1.0,Reference evidence and completeness; not an accuracy percentage or guarantee for your meal.,kcal_100g;protein_g_100g;carbs_g_100g;fat_g_100g;fiber_g_100g;sugar_g_100g;sodium_mg_100g;cholesterol_mg_100g
FC002267,,"KFC Philippines Spaghetti, pasta and sauce only (estimate)",Low,Estimate available only by explicit selection; default nutrition unavailable.,1.0,Reference evidence and completeness; not an accuracy percentage or guarantee for your meal.,kcal_100g;protein_g_100g;carbs_g_100g;fat_g_100g;fiber_g_100g;sugar_g_100g;sodium_mg_100g;cholesterol_mg_100g
FC002268,,KFC Philippines Mashed Potato with gravy (estimate),Low,Estimate available only by explicit selection; default nutrition unavailable.,1.0,Reference evidence and completeness; not an accuracy percentage or guarantee for your meal.,kcal_100g;protein_g_100g;carbs_g_100g;fat_g_100g;fiber_g_100g;sugar_g_100g;sodium_mg_100g;cholesterol_mg_100g
FC002269,,KFC Philippines Buttered Corn (estimate),Low,Estimate available only by explicit selection; default nutrition unavailable.,1.0,Reference evidence and completeness; not an accuracy percentage or guarantee for your meal.,kcal_100g;protein_g_100g;carbs_g_100g;fat_g_100g;fiber_g_100g;sugar_g_100g;sodium_mg_100g;cholesterol_mg_100g
FC002270,,KFC Philippines Mushroom Soup (estimate),Low,Estimate available only by explicit selection; default nutrition unavailable.,1.0,Reference evidence and completeness; not an accuracy percentage or guarantee for your meal.,kcal_100g;protein_g_100g;carbs_g_100g;fat_g_100g;fiber_g_100g;sugar_g_100g;sodium_mg_100g;cholesterol_mg_100g
FC002271,,"KFC Philippines Zinger Double Down, sandwich only (estimate)",Low,Estimate available only by explicit selection; default nutrition unavailable.,1.0,Reference evidence and completeness; not an accuracy percentage or guarantee for your meal.,kcal_100g;protein_g_100g;carbs_g_100g;fat_g_100g;fiber_g_100g;sugar_g_100g;sodium_mg_100g;cholesterol_mg_100g
FC002272,,"KFC Philippines Original Recipe Double Down, sandwich only (estimate)",Low,Estimate available only by explicit selection; default nutrition unavailable.,1.0,Reference evidence and completeness; not an accuracy percentage or guarantee for your meal.,kcal_100g;protein_g_100g;carbs_g_100g;fat_g_100g;fiber_g_100g;sugar_g_100g;sodium_mg_100g;cholesterol_mg_100g
FC002273,,"KFC Philippines AM Egg Pandesal, sandwich only (estimate)",Low,Estimate available only by explicit selection; default nutrition unavailable.,1.0,Reference evidence and completeness; not an accuracy percentage or guarantee for your meal.,kcal_100g;protein_g_100g;carbs_g_100g;fat_g_100g;fiber_g_100g;sugar_g_100g;sodium_mg_100g;cholesterol_mg_100g
FC002274,,KFC Philippines AM Steak Rice Bowl (estimate),Low,Estimate available only by explicit selection; default nutrition unavailable.,1.0,Reference evidence and completeness; not an accuracy percentage or guarantee for your meal.,kcal_100g;protein_g_100g;carbs_g_100g;fat_g_100g;fiber_g_100g;sugar_g_100g;sodium_mg_100g;cholesterol_mg_100g
FC002275,,KFC Philippines AM Cheese Hotdog Rice Bowl (estimate),Low,Estimate available only by explicit selection; default nutrition unavailable.,1.0,Reference evidence and completeness; not an accuracy percentage or guarantee for your meal.,kcal_100g;protein_g_100g;carbs_g_100g;fat_g_100g;fiber_g_100g;sugar_g_100g;sodium_mg_100g;cholesterol_mg_100g
FC002276,,"Mang Inasal Philippines Chicken Inasal Paa, edible chicken only (estimate)",Low,Estimate available only by explicit selection; default nutrition unavailable.,1.0,Reference evidence and completeness; not an accuracy percentage or guarantee for your meal.,kcal_100g;protein_g_100g;carbs_g_100g;fat_g_100g;fiber_g_100g;sugar_g_100g;sodium_mg_100g;cholesterol_mg_100g
FC002277,,"Mang Inasal Philippines Chicken Inasal Pecho, edible chicken only (estimate)",Low,Estimate available only by explicit selection; default nutrition unavailable.,1.0,Reference evidence and completeness; not an accuracy percentage or guarantee for your meal.,kcal_100g;protein_g_100g;carbs_g_100g;fat_g_100g;fiber_g_100g;sugar_g_100g;sodium_mg_100g;cholesterol_mg_100g
FC002278,,"Mang Inasal Philippines Pork BBQ, meat only (estimate)",Low,Estimate available only by explicit selection; default nutrition unavailable.,1.0,Reference evidence and completeness; not an accuracy percentage or guarantee for your meal.,kcal_100g;protein_g_100g;carbs_g_100g;fat_g_100g;fiber_g_100g;sugar_g_100g;sodium_mg_100g;cholesterol_mg_100g
FC002279,,"Mang Inasal Philippines Spicy Pork BBQ, meat only (estimate)",Low,Estimate available only by explicit selection; default nutrition unavailable.,1.0,Reference evidence and completeness; not an accuracy percentage or guarantee for your meal.,kcal_100g;protein_g_100g;carbs_g_100g;fat_g_100g;fiber_g_100g;sugar_g_100g;sodium_mg_100g;cholesterol_mg_100g
FC002280,,"Mang Inasal Philippines Grilled Liempo, meat only (estimate)",Low,Estimate available only by explicit selection; default nutrition unavailable.,1.0,Reference evidence and completeness; not an accuracy percentage or guarantee for your meal.,kcal_100g;protein_g_100g;carbs_g_100g;fat_g_100g;fiber_g_100g;sugar_g_100g;sodium_mg_100g;cholesterol_mg_100g
FC002281,,"Mang Inasal Philippines Sizzling Liempo, meat and assumed sauce only (estimate)",Low,Estimate available only by explicit selection; default nutrition unavailable.,1.0,Reference evidence and completeness; not an accuracy percentage or guarantee for your meal.,kcal_100g;protein_g_100g;carbs_g_100g;fat_g_100g;fiber_g_100g;sugar_g_100g;sodium_mg_100g;cholesterol_mg_100g
FC002282,,"Mang Inasal Philippines Pork Sisig, dish only (estimate)",Low,Estimate available only by explicit selection; default nutrition unavailable.,1.0,Reference evidence and completeness; not an accuracy percentage or guarantee for your meal.,kcal_100g;protein_g_100g;carbs_g_100g;fat_g_100g;fiber_g_100g;sugar_g_100g;sodium_mg_100g;cholesterol_mg_100g
FC002283,,"Mang Inasal Philippines Bangus Sisig, dish only (estimate)",Low,Estimate available only by explicit selection; default nutrition unavailable.,1.0,Reference evidence and completeness; not an accuracy percentage or guarantee for your meal.,kcal_100g;protein_g_100g;carbs_g_100g;fat_g_100g;fiber_g_100g;sugar_g_100g;sodium_mg_100g;cholesterol_mg_100g
FC002284,,"Mang Inasal Philippines Palabok, noodles and toppings only (estimate)",Low,Estimate available only by explicit selection; default nutrition unavailable.,1.0,Reference evidence and completeness; not an accuracy percentage or guarantee for your meal.,kcal_100g;protein_g_100g;carbs_g_100g;fat_g_100g;fiber_g_100g;sugar_g_100g;sodium_mg_100g;cholesterol_mg_100g
FC002285,,"Mang Inasal Philippines Lumpiang Togue, roll only (estimate)",Low,Estimate available only by explicit selection; default nutrition unavailable.,1.0,Reference evidence and completeness; not an accuracy percentage or guarantee for your meal.,kcal_100g;protein_g_100g;carbs_g_100g;fat_g_100g;fiber_g_100g;sugar_g_100g;sodium_mg_100g;cholesterol_mg_100g
FC002286,,Mang Inasal Philippines Extra Creamy Halo-Halo (estimate),Low,Estimate available only by explicit selection; default nutrition unavailable.,1.0,Reference evidence and completeness; not an accuracy percentage or guarantee for your meal.,kcal_100g;protein_g_100g;carbs_g_100g;fat_g_100g;fiber_g_100g;sugar_g_100g;sodium_mg_100g;cholesterol_mg_100g
FC002287,,Mang Inasal Philippines Crema de Leche Halo-Halo (estimate),Low,Estimate available only by explicit selection; default nutrition unavailable.,1.0,Reference evidence and completeness; not an accuracy percentage or guarantee for your meal.,kcal_100g;protein_g_100g;carbs_g_100g;fat_g_100g;fiber_g_100g;sugar_g_100g;sodium_mg_100g;cholesterol_mg_100g
FC002288,,"Chowking Philippines Pork Chao Fan, rice only (estimate)",Low,Estimate available only by explicit selection; default nutrition unavailable.,1.0,Reference evidence and completeness; not an accuracy percentage or guarantee for your meal.,kcal_100g;protein_g_100g;carbs_g_100g;fat_g_100g;fiber_g_100g;sugar_g_100g;sodium_mg_100g;cholesterol_mg_100g
FC002289,,"Chowking Philippines Beef Chao Fan, rice only (estimate)",Low,Estimate available only by explicit selection; default nutrition unavailable.,1.0,Reference evidence and completeness; not an accuracy percentage or guarantee for your meal.,kcal_100g;protein_g_100g;carbs_g_100g;fat_g_100g;fiber_g_100g;sugar_g_100g;sodium_mg_100g;cholesterol_mg_100g
FC002290,,"Chowking Philippines Spicy Chao Fan, rice only (estimate)",Low,Estimate available only by explicit selection; default nutrition unavailable.,1.0,Reference evidence and completeness; not an accuracy percentage or guarantee for your meal.,kcal_100g;protein_g_100g;carbs_g_100g;fat_g_100g;fiber_g_100g;sugar_g_100g;sodium_mg_100g;cholesterol_mg_100g
FC002291,,"Chowking Philippines Chinese-Style Fried Chicken, edible chicken only (estimate)",Low,Estimate available only by explicit selection; default nutrition unavailable.,1.0,Reference evidence and completeness; not an accuracy percentage or guarantee for your meal.,kcal_100g;protein_g_100g;carbs_g_100g;fat_g_100g;fiber_g_100g;sugar_g_100g;sodium_mg_100g;cholesterol_mg_100g
FC002292,,Chowking Philippines Chunky Asado Siopao (estimate),Low,Estimate available only by explicit selection; default nutrition unavailable.,1.0,Reference evidence and completeness; not an accuracy percentage or guarantee for your meal.,kcal_100g;protein_g_100g;carbs_g_100g;fat_g_100g;fiber_g_100g;sugar_g_100g;sodium_mg_100g;cholesterol_mg_100g
FC002293,,Chowking Philippines Bola-Bola Siopao (estimate),Low,Estimate available only by explicit selection; default nutrition unavailable.,1.0,Reference evidence and completeness; not an accuracy percentage or guarantee for your meal.,kcal_100g;protein_g_100g;carbs_g_100g;fat_g_100g;fiber_g_100g;sugar_g_100g;sodium_mg_100g;cholesterol_mg_100g
FC002294,,"Chowking Philippines Pork Siomai, no dipping sauce (estimate)",Low,Estimate available only by explicit selection; default nutrition unavailable.,1.0,Reference evidence and completeness; not an accuracy percentage or guarantee for your meal.,kcal_100g;protein_g_100g;carbs_g_100g;fat_g_100g;fiber_g_100g;sugar_g_100g;sodium_mg_100g;cholesterol_mg_100g
FC002295,,"Chowking Philippines Beef Siomai, no dipping sauce (estimate)",Low,Estimate available only by explicit selection; default nutrition unavailable.,1.0,Reference evidence and completeness; not an accuracy percentage or guarantee for your meal.,kcal_100g;protein_g_100g;carbs_g_100g;fat_g_100g;fiber_g_100g;sugar_g_100g;sodium_mg_100g;cholesterol_mg_100g
FC002296,,Chowking Philippines Pancit Canton (estimate),Low,Estimate available only by explicit selection; default nutrition unavailable.,1.0,Reference evidence and completeness; not an accuracy percentage or guarantee for your meal.,kcal_100g;protein_g_100g;carbs_g_100g;fat_g_100g;fiber_g_100g;sugar_g_100g;sodium_mg_100g;cholesterol_mg_100g
FC002297,,Chowking Philippines Wonton Soup (estimate),Low,Estimate available only by explicit selection; default nutrition unavailable.,1.0,Reference evidence and completeness; not an accuracy percentage or guarantee for your meal.,kcal_100g;protein_g_100g;carbs_g_100g;fat_g_100g;fiber_g_100g;sugar_g_100g;sodium_mg_100g;cholesterol_mg_100g
FC002298,,"Chowking Philippines Sweet and Sour Chicken, dish only (estimate)",Low,Estimate available only by explicit selection; default nutrition unavailable.,1.0,Reference evidence and completeness; not an accuracy percentage or guarantee for your meal.,kcal_100g;protein_g_100g;carbs_g_100g;fat_g_100g;fiber_g_100g;sugar_g_100g;sodium_mg_100g;cholesterol_mg_100g
FC002299,,"Chowking Philippines Sweet and Sour Pork, dish only (estimate)",Low,Estimate available only by explicit selection; default nutrition unavailable.,1.0,Reference evidence and completeness; not an accuracy percentage or guarantee for your meal.,kcal_100g;protein_g_100g;carbs_g_100g;fat_g_100g;fiber_g_100g;sugar_g_100g;sodium_mg_100g;cholesterol_mg_100g
FC002300,,Chowking Philippines Halo-Halo Supreme (estimate),Low,Estimate available only by explicit selection; default nutrition unavailable.,1.0,Reference evidence and completeness; not an accuracy percentage or guarantee for your meal.,kcal_100g;protein_g_100g;carbs_g_100g;fat_g_100g;fiber_g_100g;sugar_g_100g;sodium_mg_100g;cholesterol_mg_100g
FC002301,,Chowking Philippines Chicharap (estimate),Low,Estimate available only by explicit selection; default nutrition unavailable.,1.0,Reference evidence and completeness; not an accuracy percentage or guarantee for your meal.,kcal_100g;protein_g_100g;carbs_g_100g;fat_g_100g;fiber_g_100g;sugar_g_100g;sodium_mg_100g;cholesterol_mg_100g
FC002302,,Chowking Philippines Lotus Buchi (estimate),Low,Estimate available only by explicit selection; default nutrition unavailable.,1.0,Reference evidence and completeness; not an accuracy percentage or guarantee for your meal.,kcal_100g;protein_g_100g;carbs_g_100g;fat_g_100g;fiber_g_100g;sugar_g_100g;sodium_mg_100g;cholesterol_mg_100g
FC002303,,Chowking Philippines Choco Buchi (estimate),Low,Estimate available only by explicit selection; default nutrition unavailable.,1.0,Reference evidence and completeness; not an accuracy percentage or guarantee for your meal.,kcal_100g;protein_g_100g;carbs_g_100g;fat_g_100g;fiber_g_100g;sugar_g_100g;sodium_mg_100g;cholesterol_mg_100g
FC002304,,"Ramen Kuroda Philippines Shiro Ramen, noodles pork and broth (estimate)",Low,Estimate available only by explicit selection; default nutrition unavailable.,1.0,Reference evidence and completeness; not an accuracy percentage or guarantee for your meal.,kcal_100g;protein_g_100g;carbs_g_100g;fat_g_100g;fiber_g_100g;sugar_g_100g;sodium_mg_100g;cholesterol_mg_100g
FC002305,,"Ramen Kuroda Philippines Kuro Ramen, noodles pork and broth (estimate)",Low,Estimate available only by explicit selection; default nutrition unavailable.,1.0,Reference evidence and completeness; not an accuracy percentage or guarantee for your meal.,kcal_100g;protein_g_100g;carbs_g_100g;fat_g_100g;fiber_g_100g;sugar_g_100g;sodium_mg_100g;cholesterol_mg_100g
FC002306,,"Ramen Kuroda Philippines Aka Ramen, noodles pork and broth (estimate)",Low,Estimate available only by explicit selection; default nutrition unavailable.,1.0,Reference evidence and completeness; not an accuracy percentage or guarantee for your meal.,kcal_100g;protein_g_100g;carbs_g_100g;fat_g_100g;fiber_g_100g;sugar_g_100g;sodium_mg_100g;cholesterol_mg_100g
FC002307,,"Ramen Kuroda Philippines Shiro Chashumen, noodles extra pork and broth (estimate)",Low,Estimate available only by explicit selection; default nutrition unavailable.,1.0,Reference evidence and completeness; not an accuracy percentage or guarantee for your meal.,kcal_100g;protein_g_100g;carbs_g_100g;fat_g_100g;fiber_g_100g;sugar_g_100g;sodium_mg_100g;cholesterol_mg_100g
FC002308,,"Ramen Kuroda Philippines Kuro Chashumen, noodles extra pork and broth (estimate)",Low,Estimate available only by explicit selection; default nutrition unavailable.,1.0,Reference evidence and completeness; not an accuracy percentage or guarantee for your meal.,kcal_100g;protein_g_100g;carbs_g_100g;fat_g_100g;fiber_g_100g;sugar_g_100g;sodium_mg_100g;cholesterol_mg_100g
FC002309,,"Ramen Kuroda Philippines Aka Chashumen, noodles extra pork and broth (estimate)",Low,Estimate available only by explicit selection; default nutrition unavailable.,1.0,Reference evidence and completeness; not an accuracy percentage or guarantee for your meal.,kcal_100g;protein_g_100g;carbs_g_100g;fat_g_100g;fiber_g_100g;sugar_g_100g;sodium_mg_100g;cholesterol_mg_100g
FC002310,,"Ramen Kuroda Philippines Tan Tan Men, noodles pork and broth (estimate)",Low,Estimate available only by explicit selection; default nutrition unavailable.,1.0,Reference evidence and completeness; not an accuracy percentage or guarantee for your meal.,kcal_100g;protein_g_100g;carbs_g_100g;fat_g_100g;fiber_g_100g;sugar_g_100g;sodium_mg_100g;cholesterol_mg_100g
FC002311,,"Ramen Kuroda Philippines Curry Ramen, noodles pork and broth (estimate)",Low,Estimate available only by explicit selection; default nutrition unavailable.,1.0,Reference evidence and completeness; not an accuracy percentage or guarantee for your meal.,kcal_100g;protein_g_100g;carbs_g_100g;fat_g_100g;fiber_g_100g;sugar_g_100g;sodium_mg_100g;cholesterol_mg_100g
FC002312,,"Ramen Kuroda Philippines Chicken Karaage, chicken only (estimate)",Low,Estimate available only by explicit selection; default nutrition unavailable.,1.0,Reference evidence and completeness; not an accuracy percentage or guarantee for your meal.,kcal_100g;protein_g_100g;carbs_g_100g;fat_g_100g;fiber_g_100g;sugar_g_100g;sodium_mg_100g;cholesterol_mg_100g
FC002313,,"Ramen Kuroda Philippines Chicken Nanban, chicken and sauce (estimate)",Low,Estimate available only by explicit selection; default nutrition unavailable.,1.0,Reference evidence and completeness; not an accuracy percentage or guarantee for your meal.,kcal_100g;protein_g_100g;carbs_g_100g;fat_g_100g;fiber_g_100g;sugar_g_100g;sodium_mg_100g;cholesterol_mg_100g
FC002314,,"Ramen Kuroda Philippines Gyoza, no dipping sauce (estimate)",Low,Estimate available only by explicit selection; default nutrition unavailable.,1.0,Reference evidence and completeness; not an accuracy percentage or guarantee for your meal.,kcal_100g;protein_g_100g;carbs_g_100g;fat_g_100g;fiber_g_100g;sugar_g_100g;sodium_mg_100g;cholesterol_mg_100g
FC002315,,"Ramen Kuroda Philippines Teriyaki Chicken, chicken and sauce only (estimate)",Low,Estimate available only by explicit selection; default nutrition unavailable.,1.0,Reference evidence and completeness; not an accuracy percentage or guarantee for your meal.,kcal_100g;protein_g_100g;carbs_g_100g;fat_g_100g;fiber_g_100g;sugar_g_100g;sodium_mg_100g;cholesterol_mg_100g
FC002316,,"Ramen Nagi Philippines Butao Original King, noodles pork and broth (estimate)",Low,Estimate available only by explicit selection; default nutrition unavailable.,1.0,Reference evidence and completeness; not an accuracy percentage or guarantee for your meal.,kcal_100g;protein_g_100g;carbs_g_100g;fat_g_100g;fiber_g_100g;sugar_g_100g;sodium_mg_100g;cholesterol_mg_100g
FC002317,,"Ramen Nagi Philippines Akao Red King, noodles pork and broth (estimate)",Low,Estimate available only by explicit selection; default nutrition unavailable.,1.0,Reference evidence and completeness; not an accuracy percentage or guarantee for your meal.,kcal_100g;protein_g_100g;carbs_g_100g;fat_g_100g;fiber_g_100g;sugar_g_100g;sodium_mg_100g;cholesterol_mg_100g
FC002318,,"Ramen Nagi Philippines Kuroo Black King, noodles pork and broth (estimate)",Low,Estimate available only by explicit selection; default nutrition unavailable.,1.0,Reference evidence and completeness; not an accuracy percentage or guarantee for your meal.,kcal_100g;protein_g_100g;carbs_g_100g;fat_g_100g;fiber_g_100g;sugar_g_100g;sodium_mg_100g;cholesterol_mg_100g
FC002319,,"Ramen Nagi Philippines Midorio Green King, noodles pork and broth (estimate)",Low,Estimate available only by explicit selection; default nutrition unavailable.,1.0,Reference evidence and completeness; not an accuracy percentage or guarantee for your meal.,kcal_100g;protein_g_100g;carbs_g_100g;fat_g_100g;fiber_g_100g;sugar_g_100g;sodium_mg_100g;cholesterol_mg_100g
FC002320,,"Bago lvs, boiled",Good,Matched reference source with all tracked nutrients available.,1.0,Reference evidence and completeness; not an accuracy percentage or guarantee for your meal.,
FC002321,,"Bago bagin fruit, boiled",Medium,Matched reference source; some tracked nutrients are unknown.,1.0,Reference evidence and completeness; not an accuracy percentage or guarantee for your meal.,fiber_g_100g;sugar_g_100g;sodium_mg_100g
FC002322,,"Cashew, young lvs, boiled",Medium,Matched reference source; some tracked nutrients are unknown.,1.0,Reference evidence and completeness; not an accuracy percentage or guarantee for your meal.,fiber_g_100g;sugar_g_100g;sodium_mg_100g
FC002323,,"Cassava lvs, boiled",Good,Matched reference source with all tracked nutrients available.,1.0,Reference evidence and completeness; not an accuracy percentage or guarantee for your meal.,
FC002324,,"Cowpea lvs, boiled",Medium,Matched reference source; some tracked nutrients are unknown.,1.0,Reference evidence and completeness; not an accuracy percentage or guarantee for your meal.,fiber_g_100g;sugar_g_100g
FC002325,,"East Indian lotus lvs, boiled",Medium,Matched reference source; some tracked nutrients are unknown.,1.0,Reference evidence and completeness; not an accuracy percentage or guarantee for your meal.,fiber_g_100g;sugar_g_100g;sodium_mg_100g
FC002326,,"Fragrant premna lvs, boiled",Medium,Matched reference source; some tracked nutrients are unknown.,1.0,Reference evidence and completeness; not an accuracy percentage or guarantee for your meal.,fiber_g_100g;sugar_g_100g
FC002327,,"Galo pulp, boiled",Medium,Matched reference source; some tracked nutrients are unknown.,1.0,Reference evidence and completeness; not an accuracy percentage or guarantee for your meal.,fiber_g_100g;sugar_g_100g;sodium_mg_100g
FC002328,,"Galo seed, boiled",Medium,Matched reference source; some tracked nutrients are unknown.,1.0,Reference evidence and completeness; not an accuracy percentage or guarantee for your meal.,fiber_g_100g;sugar_g_100g;sodium_mg_100g
FC002329,,"Himbaba-o lvs, boiled",Medium,Matched reference source; some tracked nutrients are unknown.,1.0,Reference evidence and completeness; not an accuracy percentage or guarantee for your meal.,fiber_g_100g
FC002330,,"Lagikway lvs, boiled",Medium,Matched reference source; some tracked nutrients are unknown.,1.0,Reference evidence and completeness; not an accuracy percentage or guarantee for your meal.,fiber_g_100g
FC002331,,"Lettuce tree, young lvs, boiled",Medium,Matched reference source; some tracked nutrients are unknown.,1.0,Reference evidence and completeness; not an accuracy percentage or guarantee for your meal.,fiber_g_100g;sugar_g_100g;sodium_mg_100g
FC002332,,"Mango, young lvs, boiled",Good,Matched reference source with all tracked nutrients available.,1.0,Reference evidence and completeness; not an accuracy percentage or guarantee for your meal.,
FC002333,,"Mexican lilac flowers, boiled",Medium,Matched reference source; some tracked nutrients are unknown.,1.0,Reference evidence and completeness; not an accuracy percentage or guarantee for your meal.,sugar_g_100g
FC002334,,"Palm-like fig, young lvs, boiled",Medium,Matched reference source; some tracked nutrients are unknown.,1.0,Reference evidence and completeness; not an accuracy percentage or guarantee for your meal.,fiber_g_100g;sugar_g_100g;sodium_mg_100g
FC002335,,"Papaya, young lvs, boiled",Medium,Matched reference source; some tracked nutrients are unknown.,1.0,Reference evidence and completeness; not an accuracy percentage or guarantee for your meal.,fiber_g_100g;sugar_g_100g
FC002336,,"Papaya petioles, boiled",Good,Matched reference source with all tracked nutrients available.,1.0,Reference evidence and completeness; not an accuracy percentage or guarantee for your meal.,
FC002337,,"Sea purslane lvs, boiled",Good,Matched reference source with all tracked nutrients available.,1.0,Reference evidence and completeness; not an accuracy percentage or guarantee for your meal.,
FC002338,,"Sesbania lvs, boiled",Medium,Matched reference source; some tracked nutrients are unknown.,1.0,Reference evidence and completeness; not an accuracy percentage or guarantee for your meal.,fiber_g_100g;sugar_g_100g
FC002339,,"Spanish plum, young lvs, boiled",Medium,Matched reference source; some tracked nutrients are unknown.,1.0,Reference evidence and completeness; not an accuracy percentage or guarantee for your meal.,fiber_g_100g;sugar_g_100g
FC002340,,"Spiny pigweed/Thorny amaranth lvs, boiled",Good,Matched reference source with all tracked nutrients available.,1.0,Reference evidence and completeness; not an accuracy percentage or guarantee for your meal.,
FC002341,,"Tamarind lvs, boiled",Good,Matched reference source with all tracked nutrients available.,1.0,Reference evidence and completeness; not an accuracy percentage or guarantee for your meal.,
FC002342,,"Ivy gourd lvs, boiled",Good,Matched reference source with all tracked nutrients available.,1.0,Reference evidence and completeness; not an accuracy percentage or guarantee for your meal.,
FC002343,,"Water caltrop, boiled",Medium,Matched reference source; some tracked nutrients are unknown.,1.0,Reference evidence and completeness; not an accuracy percentage or guarantee for your meal.,fiber_g_100g;sugar_g_100g;sodium_mg_100g
FC002344,,American black nightshade lvs,Good,Matched reference source with all tracked nutrients available.,1.0,Reference evidence and completeness; not an accuracy percentage or guarantee for your meal.,
FC002345,,Apat-apat fern lvs,Medium,Matched reference source; some tracked nutrients are unknown.,1.0,Reference evidence and completeness; not an accuracy percentage or guarantee for your meal.,fiber_g_100g;sugar_g_100g;sodium_mg_100g
FC002346,,Aragan lvs,Medium,Matched reference source; some tracked nutrients are unknown.,1.0,Reference evidence and completeness; not an accuracy percentage or guarantee for your meal.,fiber_g_100g;sugar_g_100g;sodium_mg_100g
FC002347,,Asystasia lvs & stems,Good,Matched reference source with all tracked nutrients available.,1.0,Reference evidence and completeness; not an accuracy percentage or guarantee for your meal.,
FC002348,,Aurora lvs & stems,Good,Matched reference source with all tracked nutrients available.,1.0,Reference evidence and completeness; not an accuracy percentage or guarantee for your meal.,
FC002349,,Bago lvs,Good,Matched reference source with all tracked nutrients available.,1.0,Reference evidence and completeness; not an accuracy percentage or guarantee for your meal.,
FC002350,,Banana stem,Good,Matched reference source with all tracked nutrients available.,1.0,Reference evidence and completeness; not an accuracy percentage or guarantee for your meal.,
FC002351,,Bayuno fruit,Good,Matched reference source with all tracked nutrients available.,1.0,Reference evidence and completeness; not an accuracy percentage or guarantee for your meal.,
FC002352,,Blue pea pod,Good,Matched reference source with all tracked nutrients available.,1.0,Reference evidence and completeness; not an accuracy percentage or guarantee for your meal.,
FC002353,,Borreria lvs & stems,Medium,Matched reference source; some tracked nutrients are unknown.,1.0,Reference evidence and completeness; not an accuracy percentage or guarantee for your meal.,fiber_g_100g;sugar_g_100g;sodium_mg_100g;cholesterol_mg_100g
FC002354,,Breadnut fruit,Good,Matched reference source with all tracked nutrients available.,1.0,Reference evidence and completeness; not an accuracy percentage or guarantee for your meal.,
FC002355,,Breadnut seed,Medium,Matched reference source; some tracked nutrients are unknown.,1.0,Reference evidence and completeness; not an accuracy percentage or guarantee for your meal.,fiber_g_100g;sugar_g_100g
FC002356,,Bulak-bulakan pod,Medium,Matched reference source; some tracked nutrients are unknown.,1.0,Reference evidence and completeness; not an accuracy percentage or guarantee for your meal.,fiber_g_100g;sugar_g_100g;sodium_mg_100g
FC002357,,Busi-busi lvs,Medium,Matched reference source; some tracked nutrients are unknown.,1.0,Reference evidence and completeness; not an accuracy percentage or guarantee for your meal.,fiber_g_100g;sugar_g_100g;sodium_mg_100g
FC002358,,"Cashew, young lvs",Medium,Matched reference source; some tracked nutrients are unknown.,1.0,Reference evidence and completeness; not an accuracy percentage or guarantee for your meal.,fiber_g_100g;sugar_g_100g;sodium_mg_100g
FC002359,,Cassava lvs,Good,Matched reference source with all tracked nutrients available.,1.0,Reference evidence and completeness; not an accuracy percentage or guarantee for your meal.,
FC002360,,Fragrant manjack lvs,Medium,Matched reference source; some tracked nutrients are unknown.,1.0,Reference evidence and completeness; not an accuracy percentage or guarantee for your meal.,fiber_g_100g;sugar_g_100g;sodium_mg_100g
FC002361,,Cowpea lvs,Medium,Matched reference source; some tracked nutrients are unknown.,1.0,Reference evidence and completeness; not an accuracy percentage or guarantee for your meal.,fiber_g_100g;sugar_g_100g
FC002362,,Crown daisy lvs,Medium,Matched reference source; some tracked nutrients are unknown.,1.0,Reference evidence and completeness; not an accuracy percentage or guarantee for your meal.,sugar_g_100g
FC002363,,"Kutcharitas lvs, green",Medium,Matched reference source; some tracked nutrients are unknown.,1.0,Reference evidence and completeness; not an accuracy percentage or guarantee for your meal.,fiber_g_100g;sugar_g_100g;sodium_mg_100g
FC002364,,"Kutcharitas lvs, red",Medium,Matched reference source; some tracked nutrients are unknown.,1.0,Reference evidence and completeness; not an accuracy percentage or guarantee for your meal.,fiber_g_100g;sugar_g_100g;sodium_mg_100g
FC002365,,East Indian lotus fruit,Medium,Matched reference source; some tracked nutrients are unknown.,1.0,Reference evidence and completeness; not an accuracy percentage or guarantee for your meal.,fiber_g_100g;sugar_g_100g;sodium_mg_100g
FC002366,,East Indian lotus lvs,Medium,Matched reference source; some tracked nutrients are unknown.,1.0,Reference evidence and completeness; not an accuracy percentage or guarantee for your meal.,fiber_g_100g;sugar_g_100g;sodium_mg_100g
FC002367,,"Flowering fern, lvs",Medium,Matched reference source; some tracked nutrients are unknown.,1.0,Reference evidence and completeness; not an accuracy percentage or guarantee for your meal.,fiber_g_100g;sugar_g_100g;sodium_mg_100g
FC002368,,Foetid cassia lvs,Medium,Matched reference source; some tracked nutrients are unknown.,1.0,Reference evidence and completeness; not an accuracy percentage or guarantee for your meal.,fiber_g_100g;sugar_g_100g;sodium_mg_100g
FC002369,,Fragrant premna lvs,Medium,Matched reference source; some tracked nutrients are unknown.,1.0,Reference evidence and completeness; not an accuracy percentage or guarantee for your meal.,fiber_g_100g;sugar_g_100g
FC002370,,"Galo fruit, whole",Medium,Matched reference source; some tracked nutrients are unknown.,1.0,Reference evidence and completeness; not an accuracy percentage or guarantee for your meal.,fiber_g_100g;sugar_g_100g;sodium_mg_100g
FC002371,,Glynus lvs,Good,Matched reference source with all tracked nutrients available.,1.0,Reference evidence and completeness; not an accuracy percentage or guarantee for your meal.,
FC002372,,Guava lvs,Good,Matched reference source with all tracked nutrients available.,1.0,Reference evidence and completeness; not an accuracy percentage or guarantee for your meal.,
FC002373,,Himbaba-o lvs,Medium,Matched reference source; some tracked nutrients are unknown.,1.0,Reference evidence and completeness; not an accuracy percentage or guarantee for your meal.,fiber_g_100g
FC002374,,Lagikway lvs,Medium,Matched reference source; some tracked nutrients are unknown.,1.0,Reference evidence and completeness; not an accuracy percentage or guarantee for your meal.,fiber_g_100g
FC002375,,"Lettuce tree, young lvs",Medium,Matched reference source; some tracked nutrients are unknown.,1.0,Reference evidence and completeness; not an accuracy percentage or guarantee for your meal.,fiber_g_100g;sugar_g_100g;sodium_mg_100g
FC002376,,"Limang sugat, young lvs",Medium,Matched reference source; some tracked nutrients are unknown.,1.0,Reference evidence and completeness; not an accuracy percentage or guarantee for your meal.,fiber_g_100g;sugar_g_100g;sodium_mg_100g
FC002377,,Malibaddu,Medium,Matched reference source; some tracked nutrients are unknown.,1.0,Reference evidence and completeness; not an accuracy percentage or guarantee for your meal.,fiber_g_100g;sugar_g_100g
FC002378,,"Mango, young lvs",Good,Matched reference source with all tracked nutrients available.,1.0,Reference evidence and completeness; not an accuracy percentage or guarantee for your meal.,
FC002379,,Mexican lilac flower,Medium,Matched reference source; some tracked nutrients are unknown.,1.0,Reference evidence and completeness; not an accuracy percentage or guarantee for your meal.,sugar_g_100g
FC002380,,Morning glory lvs,Good,Matched reference source with all tracked nutrients available.,1.0,Reference evidence and completeness; not an accuracy percentage or guarantee for your meal.,
FC002381,,"Palm-like fig, young lvs",Medium,Matched reference source; some tracked nutrients are unknown.,1.0,Reference evidence and completeness; not an accuracy percentage or guarantee for your meal.,fiber_g_100g;sugar_g_100g;sodium_mg_100g
FC002382,,Pansit-pansitan,Good,Matched reference source with all tracked nutrients available.,1.0,Reference evidence and completeness; not an accuracy percentage or guarantee for your meal.,
FC002383,,"Papaya, young lvs",Medium,Matched reference source; some tracked nutrients are unknown.,1.0,Reference evidence and completeness; not an accuracy percentage or guarantee for your meal.,fiber_g_100g;sugar_g_100g
FC002384,,Papaya petioles,Good,Matched reference source with all tracked nutrients available.,1.0,Reference evidence and completeness; not an accuracy percentage or guarantee for your meal.,
FC002385,,Malabar bauhinia lvs,Medium,Matched reference source; some tracked nutrients are unknown.,1.0,Reference evidence and completeness; not an accuracy percentage or guarantee for your meal.,fiber_g_100g;sugar_g_100g
FC002386,,"Prickly chaff-flower, lvs",Medium,Matched reference source; some tracked nutrients are unknown.,1.0,Reference evidence and completeness; not an accuracy percentage or guarantee for your meal.,sugar_g_100g
FC002387,,Racaba lvs,Medium,Matched reference source; some tracked nutrients are unknown.,1.0,Reference evidence and completeness; not an accuracy percentage or guarantee for your meal.,fiber_g_100g;sugar_g_100g;sodium_mg_100g
FC002388,,"Rhubarb, young petioles",Medium,Matched reference source; some tracked nutrients are unknown.,1.0,Reference evidence and completeness; not an accuracy percentage or guarantee for your meal.,fiber_g_100g;sugar_g_100g;sodium_mg_100g;cholesterol_mg_100g
FC002389,,Roselle lvs,Good,Matched reference source with all tracked nutrients available.,1.0,Reference evidence and completeness; not an accuracy percentage or guarantee for your meal.,
FC002390,,"Sabitan, lvs",Medium,Matched reference source; some tracked nutrients are unknown.,1.0,Reference evidence and completeness; not an accuracy percentage or guarantee for your meal.,fiber_g_100g;sugar_g_100g;sodium_mg_100g
FC002391,,"Seaweed, gut weed, dried",Medium,Matched reference source; some tracked nutrients are unknown.,1.0,Reference evidence and completeness; not an accuracy percentage or guarantee for your meal.,fiber_g_100g;sugar_g_100g;sodium_mg_100g
FC002392,,Sea purslane lvs,Good,Matched reference source with all tracked nutrients available.,1.0,Reference evidence and completeness; not an accuracy percentage or guarantee for your meal.,
FC002393,,"Seaweed, balbalulang",Medium,Matched reference source; some tracked nutrients are unknown.,1.0,Reference evidence and completeness; not an accuracy percentage or guarantee for your meal.,fiber_g_100g;sugar_g_100g;sodium_mg_100g
FC002394,,"Seaweed, kawkawayan",Medium,Matched reference source; some tracked nutrients are unknown.,1.0,Reference evidence and completeness; not an accuracy percentage or guarantee for your meal.,fiber_g_100g;sugar_g_100g;sodium_mg_100g
FC002395,,"Seaweed, kulot",Medium,Matched reference source; some tracked nutrients are unknown.,1.0,Reference evidence and completeness; not an accuracy percentage or guarantee for your meal.,fiber_g_100g;sugar_g_100g;sodium_mg_100g
FC002396,,Sesbania lvs,Medium,Matched reference source; some tracked nutrients are unknown.,1.0,Reference evidence and completeness; not an accuracy percentage or guarantee for your meal.,fiber_g_100g;sugar_g_100g
FC002397,,"Snap bean seed, black & brown, fresh",Medium,Matched reference source; some tracked nutrients are unknown.,1.0,Reference evidence and completeness; not an accuracy percentage or guarantee for your meal.,fiber_g_100g;sugar_g_100g
FC002398,,"Spanish plum, young lvs",Medium,Matched reference source; some tracked nutrients are unknown.,1.0,Reference evidence and completeness; not an accuracy percentage or guarantee for your meal.,fiber_g_100g;sugar_g_100g
FC002399,,Spiny pigweed/Thorny amaranth lvs,Good,Matched reference source with all tracked nutrients available.,1.0,Reference evidence and completeness; not an accuracy percentage or guarantee for your meal.,
FC002400,,"Sugar palm, heart of palm",Good,Matched reference source with all tracked nutrients available.,1.0,Reference evidence and completeness; not an accuracy percentage or guarantee for your meal.,
FC002401,,Swamp amaranth lvs,Good,Matched reference source with all tracked nutrients available.,1.0,Reference evidence and completeness; not an accuracy percentage or guarantee for your meal.,
FC002402,,Tamarind flower,Good,Matched reference source with all tracked nutrients available.,1.0,Reference evidence and completeness; not an accuracy percentage or guarantee for your meal.,
FC002403,,Tamarind lvs,Good,Matched reference source with all tracked nutrients available.,1.0,Reference evidence and completeness; not an accuracy percentage or guarantee for your meal.,
FC002404,,Ivy gourd lvs,Good,Matched reference source with all tracked nutrients available.,1.0,Reference evidence and completeness; not an accuracy percentage or guarantee for your meal.,
FC002405,,Wild ginger,Good,Matched reference source with all tracked nutrients available.,1.0,Reference evidence and completeness; not an accuracy percentage or guarantee for your meal.,
FC002406,,"Papaya fruit, unripe, dried",Good,Matched reference source with all tracked nutrients available.,1.0,Reference evidence and completeness; not an accuracy percentage or guarantee for your meal.,
FC002407,,"Bagbagkong flower, raw",Good,Matched reference source with all tracked nutrients available.,1.0,Reference evidence and completeness; not an accuracy percentage or guarantee for your meal.,
FC002408,,"Mangrove apple, raw",Good,Matched reference source with all tracked nutrients available.,1.0,Reference evidence and completeness; not an accuracy percentage or guarantee for your meal.,
FC002409,,"Ivy gourd, immature fruit, raw",Medium,Matched reference source; some tracked nutrients are unknown.,1.0,Reference evidence and completeness; not an accuracy percentage or guarantee for your meal.,sugar_g_100g
FC002410,,"Libas, mature lvs",Good,Matched reference source with all tracked nutrients available.,1.0,Reference evidence and completeness; not an accuracy percentage or guarantee for your meal.,
FC002411,,"Libas, young lvs",Good,Matched reference source with all tracked nutrients available.,1.0,Reference evidence and completeness; not an accuracy percentage or guarantee for your meal.,
FC002412,,"Thyme, fresh",Good,Matched reference source with all tracked nutrients available.,1.0,Reference evidence and completeness; not an accuracy percentage or guarantee for your meal.,
FC002413,,Atemoya,Good,Matched reference source with all tracked nutrients available.,1.0,Reference evidence and completeness; not an accuracy percentage or guarantee for your meal.,
FC002414,,Barbados gooseberry,Medium,Matched reference source; some tracked nutrients are unknown.,1.0,Reference evidence and completeness; not an accuracy percentage or guarantee for your meal.,sugar_g_100g
FC002415,,Buri palm,Good,Matched reference source with all tracked nutrients available.,1.0,Reference evidence and completeness; not an accuracy percentage or guarantee for your meal.,
FC002416,,Johey oak,Good,Matched reference source with all tracked nutrients available.,1.0,Reference evidence and completeness; not an accuracy percentage or guarantee for your meal.,
FC002417,,Kalumpit,Good,Matched reference source with all tracked nutrients available.,1.0,Reference evidence and completeness; not an accuracy percentage or guarantee for your meal.,
FC002418,,Lemon peel,Good,Matched reference source with all tracked nutrients available.,1.0,Reference evidence and completeness; not an accuracy percentage or guarantee for your meal.,
FC002419,,Lime peel,Good,Matched reference source with all tracked nutrients available.,1.0,Reference evidence and completeness; not an accuracy percentage or guarantee for your meal.,
FC002420,,Lipoti,Medium,Matched reference source; some tracked nutrients are unknown.,1.0,Reference evidence and completeness; not an accuracy percentage or guarantee for your meal.,fiber_g_100g;sugar_g_100g
FC002421,,Madras thorn,Medium,Matched reference source; some tracked nutrients are unknown.,1.0,Reference evidence and completeness; not an accuracy percentage or guarantee for your meal.,fiber_g_100g;cholesterol_mg_100g
FC002422,,Malay gooseberry,Medium,Matched reference source; some tracked nutrients are unknown.,1.0,Reference evidence and completeness; not an accuracy percentage or guarantee for your meal.,sugar_g_100g
FC002423,,Many-spiked flacourtia,Good,Matched reference source with all tracked nutrients available.,1.0,Reference evidence and completeness; not an accuracy percentage or guarantee for your meal.,
FC002424,,Marmalade plum,Good,Matched reference source with all tracked nutrients available.,1.0,Reference evidence and completeness; not an accuracy percentage or guarantee for your meal.,
FC002425,,Philippine dillenia,Medium,Matched reference source; some tracked nutrients are unknown.,1.0,Reference evidence and completeness; not an accuracy percentage or guarantee for your meal.,fiber_g_100g;sugar_g_100g;sodium_mg_100g
FC002426,,Rattan fruit,Medium,Matched reference source; some tracked nutrients are unknown.,1.0,Reference evidence and completeness; not an accuracy percentage or guarantee for your meal.,fiber_g_100g;sugar_g_100g;sodium_mg_100g
FC002427,,Susong-kalabaw,Medium,Matched reference source; some tracked nutrients are unknown.,1.0,Reference evidence and completeness; not an accuracy percentage or guarantee for your meal.,fiber_g_100g;sugar_g_100g;sodium_mg_100g;cholesterol_mg_100g
FC002428,,"Kandis, flesh",Good,Matched reference source with all tracked nutrients available.,1.0,Reference evidence and completeness; not an accuracy percentage or guarantee for your meal.,
FC002429,,"Kandis, pulp",Good,Matched reference source with all tracked nutrients available.,1.0,Reference evidence and completeness; not an accuracy percentage or guarantee for your meal.,
FC002430,,"Libas fruit, ripe",Good,Matched reference source with all tracked nutrients available.,1.0,Reference evidence and completeness; not an accuracy percentage or guarantee for your meal.,
FC002431,,"Libas fruit, unripe",Good,Matched reference source with all tracked nutrients available.,1.0,Reference evidence and completeness; not an accuracy percentage or guarantee for your meal.,
FC002432,,Maraitum,Good,Matched reference source with all tracked nutrients available.,1.0,Reference evidence and completeness; not an accuracy percentage or guarantee for your meal.,
FC002433,,Palau-biyok,Good,Matched reference source with all tracked nutrients available.,1.0,Reference evidence and completeness; not an accuracy percentage or guarantee for your meal.,
FC002434,,Sapinit,Good,Matched reference source with all tracked nutrients available.,1.0,Reference evidence and completeness; not an accuracy percentage or guarantee for your meal.,
FC002435,,Tabo,Good,Matched reference source with all tracked nutrients available.,1.0,Reference evidence and completeness; not an accuracy percentage or guarantee for your meal.,
FC002436,,"Clam, rayed shell",Good,Matched reference source with all tracked nutrients available.,1.0,Reference evidence and completeness; not an accuracy percentage or guarantee for your meal.,
FC002437,,"Clam, tongue",Medium,Matched reference source; some tracked nutrients are unknown.,1.0,Reference evidence and completeness; not an accuracy percentage or guarantee for your meal.,cholesterol_mg_100g
FC002438,,"Clam, tongue, head, blanched",Medium,Matched reference source; some tracked nutrients are unknown.,1.0,Reference evidence and completeness; not an accuracy percentage or guarantee for your meal.,sodium_mg_100g;cholesterol_mg_100g
FC002439,,"Clam, tongue, tail",Medium,Matched reference source; some tracked nutrients are unknown.,1.0,Reference evidence and completeness; not an accuracy percentage or guarantee for your meal.,cholesterol_mg_100g
FC002440,,"Clam, wedge shell/bean",Good,Matched reference source with all tracked nutrients available.,1.0,Reference evidence and completeness; not an accuracy percentage or guarantee for your meal.,
FC002441,,"Croaker, tigertooth",Medium,Matched reference source; some tracked nutrients are unknown.,1.0,Reference evidence and completeness; not an accuracy percentage or guarantee for your meal.,cholesterol_mg_100g
FC002442,,"Croaker, plain",Good,Matched reference source with all tracked nutrients available.,1.0,Reference evidence and completeness; not an accuracy percentage or guarantee for your meal.,
FC002443,,"Croaker, smooth-scaled whiskered",Medium,Matched reference source; some tracked nutrients are unknown.,1.0,Reference evidence and completeness; not an accuracy percentage or guarantee for your meal.,cholesterol_mg_100g
FC002444,,"Drepane, speckled",Medium,Matched reference source; some tracked nutrients are unknown.,1.0,Reference evidence and completeness; not an accuracy percentage or guarantee for your meal.,cholesterol_mg_100g
FC002445,,"Flatfish/Brill, rough-scaled",Medium,Matched reference source; some tracked nutrients are unknown.,1.0,Reference evidence and completeness; not an accuracy percentage or guarantee for your meal.,cholesterol_mg_100g
FC002446,,"Flatfish/Brill, smooth-scaled",Medium,Matched reference source; some tracked nutrients are unknown.,1.0,Reference evidence and completeness; not an accuracy percentage or guarantee for your meal.,cholesterol_mg_100g
FC002447,,"Flatfish/Turbot, Indian",Medium,Matched reference source; some tracked nutrients are unknown.,1.0,Reference evidence and completeness; not an accuracy percentage or guarantee for your meal.,cholesterol_mg_100g
FC002448,,"Flathead, Indian",Good,Matched reference source with all tracked nutrients available.,1.0,Reference evidence and completeness; not an accuracy percentage or guarantee for your meal.,
FC002449,,"Halfbeak, long billed",Medium,Matched reference source; some tracked nutrients are unknown.,1.0,Reference evidence and completeness; not an accuracy percentage or guarantee for your meal.,sodium_mg_100g
FC002450,,"Mojarra, longfin",Medium,Matched reference source; some tracked nutrients are unknown.,1.0,Reference evidence and completeness; not an accuracy percentage or guarantee for your meal.,cholesterol_mg_100g
FC002451,,"Mojarra, whipfin",Medium,Matched reference source; some tracked nutrients are unknown.,1.0,Reference evidence and completeness; not an accuracy percentage or guarantee for your meal.,cholesterol_mg_100g
FC002452,,Moray,Good,Matched reference source with all tracked nutrients available.,1.0,Reference evidence and completeness; not an accuracy percentage or guarantee for your meal.,
FC002453,,"Parrot fish, daisy",Medium,Matched reference source; some tracked nutrients are unknown.,1.0,Reference evidence and completeness; not an accuracy percentage or guarantee for your meal.,cholesterol_mg_100g
FC002454,,"Threadfish, Indian",Medium,Matched reference source; some tracked nutrients are unknown.,1.0,Reference evidence and completeness; not an accuracy percentage or guarantee for your meal.,cholesterol_mg_100g
FC002455,,"Silvergrunt, bluecheek",Medium,Matched reference source; some tracked nutrients are unknown.,1.0,Reference evidence and completeness; not an accuracy percentage or guarantee for your meal.,cholesterol_mg_100g
FC002456,,"Emperor, pink ear",Medium,Matched reference source; some tracked nutrients are unknown.,1.0,Reference evidence and completeness; not an accuracy percentage or guarantee for your meal.,cholesterol_mg_100g
FC002457,,"Runner, rainbow",Medium,Matched reference source; some tracked nutrients are unknown.,1.0,Reference evidence and completeness; not an accuracy percentage or guarantee for your meal.,cholesterol_mg_100g
FC002458,,Silver-bar fish,Medium,Matched reference source; some tracked nutrients are unknown.,1.0,Reference evidence and completeness; not an accuracy percentage or guarantee for your meal.,cholesterol_mg_100g
FC002459,,"Slipmouth, black-finned",Medium,Matched reference source; some tracked nutrients are unknown.,1.0,Reference evidence and completeness; not an accuracy percentage or guarantee for your meal.,cholesterol_mg_100g
FC002460,,"Snail, black",Medium,Matched reference source; some tracked nutrients are unknown.,1.0,Reference evidence and completeness; not an accuracy percentage or guarantee for your meal.,cholesterol_mg_100g
FC002461,,Spadefish,Medium,Matched reference source; some tracked nutrients are unknown.,1.0,Reference evidence and completeness; not an accuracy percentage or guarantee for your meal.,cholesterol_mg_100g
FC002462,,"Sting ray, blue-spotted",Good,Matched reference source with all tracked nutrients available.,1.0,Reference evidence and completeness; not an accuracy percentage or guarantee for your meal.,
FC002463,,"Sting ray, honeycomb",Good,Matched reference source with all tracked nutrients available.,1.0,Reference evidence and completeness; not an accuracy percentage or guarantee for your meal.,
FC002464,,"Surgeonfish, blue-lined",Medium,Matched reference source; some tracked nutrients are unknown.,1.0,Reference evidence and completeness; not an accuracy percentage or guarantee for your meal.,sodium_mg_100g;cholesterol_mg_100g
FC002465,,Tarpon,Medium,Matched reference source; some tracked nutrients are unknown.,1.0,Reference evidence and completeness; not an accuracy percentage or guarantee for your meal.,cholesterol_mg_100g
FC002466,,"Ten-pounder, Hawaiian",Medium,Matched reference source; some tracked nutrients are unknown.,1.0,Reference evidence and completeness; not an accuracy percentage or guarantee for your meal.,cholesterol_mg_100g
FC002467,,"Therapon, convex-lined",Medium,Matched reference source; some tracked nutrients are unknown.,1.0,Reference evidence and completeness; not an accuracy percentage or guarantee for your meal.,cholesterol_mg_100g
FC002468,,"Theraponid, silvery",Medium,Matched reference source; some tracked nutrients are unknown.,1.0,Reference evidence and completeness; not an accuracy percentage or guarantee for your meal.,cholesterol_mg_100g
FC002469,,"Terapon, largescaled",Medium,Matched reference source; some tracked nutrients are unknown.,1.0,Reference evidence and completeness; not an accuracy percentage or guarantee for your meal.,cholesterol_mg_100g
FC002470,,Threadfin fish,Good,Matched reference source with all tracked nutrients available.,1.0,Reference evidence and completeness; not an accuracy percentage or guarantee for your meal.,
FC002471,,"Threadfin, fourfinger",Medium,Matched reference source; some tracked nutrients are unknown.,1.0,Reference evidence and completeness; not an accuracy percentage or guarantee for your meal.,cholesterol_mg_100g
FC002472,,"Threadfin, small-mouth",Medium,Matched reference source; some tracked nutrients are unknown.,1.0,Reference evidence and completeness; not an accuracy percentage or guarantee for your meal.,cholesterol_mg_100g
FC002473,,"Amber fish, dried",Medium,Matched reference source; some tracked nutrients are unknown.,1.0,Reference evidence and completeness; not an accuracy percentage or guarantee for your meal.,cholesterol_mg_100g
FC002474,,"Fusilier, goldband, dried",Medium,Matched reference source; some tracked nutrients are unknown.,1.0,Reference evidence and completeness; not an accuracy percentage or guarantee for your meal.,cholesterol_mg_100g
FC002475,,"Cavalla, banded, dried",Good,Matched reference source with all tracked nutrients available.,1.0,Reference evidence and completeness; not an accuracy percentage or guarantee for your meal.,
FC002476,,"Crevalle, deep-bellied, dried",Medium,Matched reference source; some tracked nutrients are unknown.,1.0,Reference evidence and completeness; not an accuracy percentage or guarantee for your meal.,cholesterol_mg_100g
FC002477,,"Croaker, plain, dried",Medium,Matched reference source; some tracked nutrients are unknown.,1.0,Reference evidence and completeness; not an accuracy percentage or guarantee for your meal.,cholesterol_mg_100g
FC002478,,"Eel, swamp, dried",Good,Matched reference source with all tracked nutrients available.,1.0,Reference evidence and completeness; not an accuracy percentage or guarantee for your meal.,
FC002479,,"Gizzard shad, short-finned, dried",Medium,Matched reference source; some tracked nutrients are unknown.,1.0,Reference evidence and completeness; not an accuracy percentage or guarantee for your meal.,cholesterol_mg_100g
FC002480,,"Gizzard shad, short-finned, smoked",Medium,Matched reference source; some tracked nutrients are unknown.,1.0,Reference evidence and completeness; not an accuracy percentage or guarantee for your meal.,cholesterol_mg_100g
FC002481,,"Goby, flat-headed, dried",Medium,Matched reference source; some tracked nutrients are unknown.,1.0,Reference evidence and completeness; not an accuracy percentage or guarantee for your meal.,cholesterol_mg_100g
FC002482,,"Sinarapan, dried",Medium,Matched reference source; some tracked nutrients are unknown.,1.0,Reference evidence and completeness; not an accuracy percentage or guarantee for your meal.,sodium_mg_100g;cholesterol_mg_100g
FC002483,,"Hard-tail, dried",Medium,Matched reference source; some tracked nutrients are unknown.,1.0,Reference evidence and completeness; not an accuracy percentage or guarantee for your meal.,cholesterol_mg_100g
FC002484,,"Jellyfish, dried",Good,Matched reference source with all tracked nutrients available.,1.0,Reference evidence and completeness; not an accuracy percentage or guarantee for your meal.,
FC002485,,"Lizard fish, common, dried",Good,Matched reference source with all tracked nutrients available.,1.0,Reference evidence and completeness; not an accuracy percentage or guarantee for your meal.,
FC002486,,"Mullet, black-finned, dried",Good,Matched reference source with all tracked nutrients available.,1.0,Reference evidence and completeness; not an accuracy percentage or guarantee for your meal.,
FC002487,,"Mullet, large-scaled, dried",Good,Matched reference source with all tracked nutrients available.,1.0,Reference evidence and completeness; not an accuracy percentage or guarantee for your meal.,
FC002488,,"Bream, doublewhip threadfin, dried",Good,Matched reference source with all tracked nutrients available.,1.0,Reference evidence and completeness; not an accuracy percentage or guarantee for your meal.,
FC002489,,"Parrot fish, daisy, dried",Medium,Matched reference source; some tracked nutrients are unknown.,1.0,Reference evidence and completeness; not an accuracy percentage or guarantee for your meal.,cholesterol_mg_100g
FC002490,,"Emperor, pink ear, dried",Medium,Matched reference source; some tracked nutrients are unknown.,1.0,Reference evidence and completeness; not an accuracy percentage or guarantee for your meal.,cholesterol_mg_100g
FC002491,,"Seabream, goldsilk, dried",Medium,Matched reference source; some tracked nutrients are unknown.,1.0,Reference evidence and completeness; not an accuracy percentage or guarantee for your meal.,cholesterol_mg_100g
FC002492,,"Runner, rainbow, in oil, cnd",Good,Matched reference source with all tracked nutrients available.,1.0,Reference evidence and completeness; not an accuracy percentage or guarantee for your meal.,
FC002493,,"Siganid, javan, dried",Medium,Matched reference source; some tracked nutrients are unknown.,1.0,Reference evidence and completeness; not an accuracy percentage or guarantee for your meal.,cholesterol_mg_100g
FC002494,,"Sting ray, honeycomb, dried",Medium,Matched reference source; some tracked nutrients are unknown.,1.0,Reference evidence and completeness; not an accuracy percentage or guarantee for your meal.,sodium_mg_100g;cholesterol_mg_100g
FC002495,,"Surgeonfish, blue-lined, dried",Medium,Matched reference source; some tracked nutrients are unknown.,1.0,Reference evidence and completeness; not an accuracy percentage or guarantee for your meal.,cholesterol_mg_100g
FC002496,,"Swordfish, dried",Good,Matched reference source with all tracked nutrients available.,1.0,Reference evidence and completeness; not an accuracy percentage or guarantee for your meal.,
FC002497,,"Theraponid, silvery, dried",Medium,Matched reference source; some tracked nutrients are unknown.,1.0,Reference evidence and completeness; not an accuracy percentage or guarantee for your meal.,sodium_mg_100g;cholesterol_mg_100g
FC002498,,"Beef w/chickpeas, cnd",Medium,Matched reference source; some tracked nutrients are unknown.,1.0,Reference evidence and completeness; not an accuracy percentage or guarantee for your meal.,cholesterol_mg_100g
FC002499,,"Meat ball & quail egg, sw & sr sce, cnd",Medium,Matched reference source; some tracked nutrients are unknown.,1.0,Reference evidence and completeness; not an accuracy percentage or guarantee for your meal.,cholesterol_mg_100g
FC002500,,"Pork leg w/ mushroom sce, cnd",Medium,Matched reference source; some tracked nutrients are unknown.,1.0,Reference evidence and completeness; not an accuracy percentage or guarantee for your meal.,cholesterol_mg_100g
FC002501,,"Pork leg, mushroom & chestnut, cnd",Medium,Matched reference source; some tracked nutrients are unknown.,1.0,Reference evidence and completeness; not an accuracy percentage or guarantee for your meal.,cholesterol_mg_100g
FC002502,,"Pork w/ black beans, cnd",Medium,Matched reference source; some tracked nutrients are unknown.,1.0,Reference evidence and completeness; not an accuracy percentage or guarantee for your meal.,cholesterol_mg_100g
FC002503,,"Roast beef hash, cnd",Good,Matched reference source with all tracked nutrients available.,1.0,Reference evidence and completeness; not an accuracy percentage or guarantee for your meal.,
FC002504,,"Soup, beans w/ bacon, cond, cnd",Good,Matched reference source with all tracked nutrients available.,1.0,Reference evidence and completeness; not an accuracy percentage or guarantee for your meal.,
FC002505,,"Soup, bird's nest (nido), cond, cnd",Medium,Matched reference source; some tracked nutrients are unknown.,1.0,Reference evidence and completeness; not an accuracy percentage or guarantee for your meal.,cholesterol_mg_100g
FC002506,,"Soup, chicken & veg, cond, cnd",Good,Matched reference source with all tracked nutrients available.,1.0,Reference evidence and completeness; not an accuracy percentage or guarantee for your meal.,
FC002507,,"Soup, corn potage, cond, cnd",Good,Matched reference source with all tracked nutrients available.,1.0,Reference evidence and completeness; not an accuracy percentage or guarantee for your meal.,
FC002508,,"Soup, cream of asparagus, cond, cnd",Good,Matched reference source with all tracked nutrients available.,1.0,Reference evidence and completeness; not an accuracy percentage or guarantee for your meal.,
FC002509,,"Soup, cream of chicken, cond, cnd",Good,Matched reference source with all tracked nutrients available.,1.0,Reference evidence and completeness; not an accuracy percentage or guarantee for your meal.,
FC002510,,"Soup, noodles & beef, cond, cnd",Good,Matched reference source with all tracked nutrients available.,1.0,Reference evidence and completeness; not an accuracy percentage or guarantee for your meal.,
FC002511,,"Soup, turkey noodle, cnd",Good,Matched reference source with all tracked nutrients available.,1.0,Reference evidence and completeness; not an accuracy percentage or guarantee for your meal.,
FC002512,,"Soup, veg alphabet, cnd",Good,Matched reference source with all tracked nutrients available.,1.0,Reference evidence and completeness; not an accuracy percentage or guarantee for your meal.,
FC002513,,"Soup, veg, cond, cnd",Good,Matched reference source with all tracked nutrients available.,1.0,Reference evidence and completeness; not an accuracy percentage or guarantee for your meal.,
FC002514,,"Soup, vermicelli & chicken, cond, cnd",Medium,Matched reference source; some tracked nutrients are unknown.,1.0,Reference evidence and completeness; not an accuracy percentage or guarantee for your meal.,cholesterol_mg_100g
FC002515,,"Hotcake, prep, w/ MLP",Good,Matched reference source with all tracked nutrients available.,1.0,Reference evidence and completeness; not an accuracy percentage or guarantee for your meal.,
FC002516,,"Polvoron, prep, w/ MLP",Good,Matched reference source with all tracked nutrients available.,1.0,Reference evidence and completeness; not an accuracy percentage or guarantee for your meal.,
FC002517,,"Ice candy, prep, w/ MLP",Good,Matched reference source with all tracked nutrients available.,1.0,Reference evidence and completeness; not an accuracy percentage or guarantee for your meal.,
FC002518,,"Yacon shake, prep",Good,Matched reference source with all tracked nutrients available.,1.0,Reference evidence and completeness; not an accuracy percentage or guarantee for your meal.,
FC002519,,"Carbonara, prep, w/ MLP",Good,Matched reference source with all tracked nutrients available.,1.0,Reference evidence and completeness; not an accuracy percentage or guarantee for your meal.,
FC002520,,"Fruit salad, prep, w/ yacon",Good,Matched reference source with all tracked nutrients available.,1.0,Reference evidence and completeness; not an accuracy percentage or guarantee for your meal.,
FC002521,,"Macaroni salad, prep, w/ yacon",Good,Matched reference source with all tracked nutrients available.,1.0,Reference evidence and completeness; not an accuracy percentage or guarantee for your meal.,
FC002522,,"Waldorf salad, prep, w/ yacon",Good,Matched reference source with all tracked nutrients available.,1.0,Reference evidence and completeness; not an accuracy percentage or guarantee for your meal.,
FC002523,,"Anchovy fry omelet, prep, w/ MLP",Good,Matched reference source with all tracked nutrients available.,1.0,Reference evidence and completeness; not an accuracy percentage or guarantee for your meal.,
FC002524,,"Red snapper fritata, prep, w/ MLP",Good,Matched reference source with all tracked nutrients available.,1.0,Reference evidence and completeness; not an accuracy percentage or guarantee for your meal.,
FC002525,,"Chopsuey, prep, w/ yacon",Good,Matched reference source with all tracked nutrients available.,1.0,Reference evidence and completeness; not an accuracy percentage or guarantee for your meal.,
FC002526,,"Wonton soup, prep, w/ MLP",Good,Matched reference source with all tracked nutrients available.,1.0,Reference evidence and completeness; not an accuracy percentage or guarantee for your meal.,
FC002527,,"Pork wonton, prep, w/ MLP",Good,Matched reference source with all tracked nutrients available.,1.0,Reference evidence and completeness; not an accuracy percentage or guarantee for your meal.,
FC002528,,"Scrambled egg, prep, w/ MLP",Good,Matched reference source with all tracked nutrients available.,1.0,Reference evidence and completeness; not an accuracy percentage or guarantee for your meal.,
FC002529,,"Shanghai pork roll, prep, w/ yacon",Good,Matched reference source with all tracked nutrients available.,1.0,Reference evidence and completeness; not an accuracy percentage or guarantee for your meal.,
FC002530,,"Fried rice mix, w/ yacon",Good,Matched reference source with all tracked nutrients available.,1.0,Reference evidence and completeness; not an accuracy percentage or guarantee for your meal.,
FC002531,,"Vegetable stir-fry w/ quail eggs, prep, w/ yacon",Good,Matched reference source with all tracked nutrients available.,1.0,Reference evidence and completeness; not an accuracy percentage or guarantee for your meal.,
FC002532,,"Vegetable soup, prep, w/ yacon",Good,Matched reference source with all tracked nutrients available.,1.0,Reference evidence and completeness; not an accuracy percentage or guarantee for your meal.,
FC002533,,"Vegetable spring roll, fresh, w/ yacon",Good,Matched reference source with all tracked nutrients available.,1.0,Reference evidence and completeness; not an accuracy percentage or guarantee for your meal.,
FC002534,,"Marang seed, dried, boiled",Medium,Matched reference source; some tracked nutrients are unknown.,1.0,Reference evidence and completeness; not an accuracy percentage or guarantee for your meal.,sugar_g_100g
FC002535,,"Davao wonder bean seed, dried",Medium,Matched reference source; some tracked nutrients are unknown.,1.0,Reference evidence and completeness; not an accuracy percentage or guarantee for your meal.,cholesterol_mg_100g
FC002536,,"Java olive seed, dried",Good,Matched reference source with all tracked nutrients available.,1.0,Reference evidence and completeness; not an accuracy percentage or guarantee for your meal.,
FC002537,,"Kaatoan bangkal  seed, dried",Medium,Matched reference source; some tracked nutrients are unknown.,1.0,Reference evidence and completeness; not an accuracy percentage or guarantee for your meal.,fiber_g_100g;sugar_g_100g;sodium_mg_100g;cholesterol_mg_100g
FC002538,,"Marang seed, dried",Medium,Matched reference source; some tracked nutrients are unknown.,1.0,Reference evidence and completeness; not an accuracy percentage or guarantee for your meal.,sugar_g_100g
FC002539,,"Negro coffee seed, dried",Medium,Matched reference source; some tracked nutrients are unknown.,1.0,Reference evidence and completeness; not an accuracy percentage or guarantee for your meal.,fiber_g_100g;sugar_g_100g;sodium_mg_100g;cholesterol_mg_100g
FC002540,,Yautia,Good,Matched reference source with all tracked nutrients available.,1.0,Reference evidence and completeness; not an accuracy percentage or guarantee for your meal.,
FC002541,,"Beef brain, boiled",Good,Matched reference source with all tracked nutrients available.,1.0,Reference evidence and completeness; not an accuracy percentage or guarantee for your meal.,
FC002542,,"Beef omasum, boiled",Good,Matched reference source with all tracked nutrients available.,1.0,Reference evidence and completeness; not an accuracy percentage or guarantee for your meal.,
FC002543,,"Beef reticulum, boiled",Medium,Matched reference source; some tracked nutrients are unknown.,1.0,Reference evidence and completeness; not an accuracy percentage or guarantee for your meal.,cholesterol_mg_100g
FC002544,,"Beef spleen, boiled",Medium,Matched reference source; some tracked nutrients are unknown.,1.0,Reference evidence and completeness; not an accuracy percentage or guarantee for your meal.,cholesterol_mg_100g
FC002545,,"Pork spleen, boiled",Medium,Matched reference source; some tracked nutrients are unknown.,1.0,Reference evidence and completeness; not an accuracy percentage or guarantee for your meal.,cholesterol_mg_100g
FC002546,,Beef blood,Medium,Matched reference source; some tracked nutrients are unknown.,1.0,Reference evidence and completeness; not an accuracy percentage or guarantee for your meal.,fiber_g_100g;sugar_g_100g;cholesterol_mg_100g
FC002547,,Beef brain,Good,Matched reference source with all tracked nutrients available.,1.0,Reference evidence and completeness; not an accuracy percentage or guarantee for your meal.,
FC002548,,Beef head,Medium,Matched reference source; some tracked nutrients are unknown.,1.0,Reference evidence and completeness; not an accuracy percentage or guarantee for your meal.,fiber_g_100g;sugar_g_100g;sodium_mg_100g;cholesterol_mg_100g
FC002549,,"Beef intestine, large",Medium,Matched reference source; some tracked nutrients are unknown.,1.0,Reference evidence and completeness; not an accuracy percentage or guarantee for your meal.,cholesterol_mg_100g
FC002550,,"Beef intestine, small",Medium,Matched reference source; some tracked nutrients are unknown.,1.0,Reference evidence and completeness; not an accuracy percentage or guarantee for your meal.,cholesterol_mg_100g
FC002551,,Beef lung,Good,Matched reference source with all tracked nutrients available.,1.0,Reference evidence and completeness; not an accuracy percentage or guarantee for your meal.,
FC002552,,Beef mammary,Medium,Matched reference source; some tracked nutrients are unknown.,1.0,Reference evidence and completeness; not an accuracy percentage or guarantee for your meal.,fiber_g_100g;sugar_g_100g;cholesterol_mg_100g
FC002553,,Beef omasum,Good,Matched reference source with all tracked nutrients available.,1.0,Reference evidence and completeness; not an accuracy percentage or guarantee for your meal.,
FC002554,,Beef reticulum,Medium,Matched reference source; some tracked nutrients are unknown.,1.0,Reference evidence and completeness; not an accuracy percentage or guarantee for your meal.,cholesterol_mg_100g
FC002555,,Beef spleen,Good,Matched reference source with all tracked nutrients available.,1.0,Reference evidence and completeness; not an accuracy percentage or guarantee for your meal.,
FC002556,,Beef uterus,Medium,Matched reference source; some tracked nutrients are unknown.,1.0,Reference evidence and completeness; not an accuracy percentage or guarantee for your meal.,cholesterol_mg_100g
FC002557,,Carabeef blood,Medium,Matched reference source; some tracked nutrients are unknown.,1.0,Reference evidence and completeness; not an accuracy percentage or guarantee for your meal.,fiber_g_100g;sugar_g_100g;sodium_mg_100g;cholesterol_mg_100g
FC002558,,Carabeef brain,Good,Matched reference source with all tracked nutrients available.,1.0,Reference evidence and completeness; not an accuracy percentage or guarantee for your meal.,
FC002559,,Carabeef heart,Good,Matched reference source with all tracked nutrients available.,1.0,Reference evidence and completeness; not an accuracy percentage or guarantee for your meal.,
FC002560,,"Carabeef intestine, large",Medium,Matched reference source; some tracked nutrients are unknown.,1.0,Reference evidence and completeness; not an accuracy percentage or guarantee for your meal.,cholesterol_mg_100g
FC002561,,"Carabeef intestine, small",Medium,Matched reference source; some tracked nutrients are unknown.,1.0,Reference evidence and completeness; not an accuracy percentage or guarantee for your meal.,cholesterol_mg_100g
FC002562,,Carabeef kidney,Good,Matched reference source with all tracked nutrients available.,1.0,Reference evidence and completeness; not an accuracy percentage or guarantee for your meal.,
FC002563,,Carabeef liver,Good,Matched reference source with all tracked nutrients available.,1.0,Reference evidence and completeness; not an accuracy percentage or guarantee for your meal.,
FC002564,,Carabeef lung,Good,Matched reference source with all tracked nutrients available.,1.0,Reference evidence and completeness; not an accuracy percentage or guarantee for your meal.,
FC002565,,Carabeef omasum,Medium,Matched reference source; some tracked nutrients are unknown.,1.0,Reference evidence and completeness; not an accuracy percentage or guarantee for your meal.,cholesterol_mg_100g
FC002566,,Carabeef reticulum,Medium,Matched reference source; some tracked nutrients are unknown.,1.0,Reference evidence and completeness; not an accuracy percentage or guarantee for your meal.,cholesterol_mg_100g
FC002567,,Carabeef spleen,Good,Matched reference source with all tracked nutrients available.,1.0,Reference evidence and completeness; not an accuracy percentage or guarantee for your meal.,
FC002568,,Carabeef stomach,Medium,Matched reference source; some tracked nutrients are unknown.,1.0,Reference evidence and completeness; not an accuracy percentage or guarantee for your meal.,cholesterol_mg_100g
FC002569,,Chevon heart,Good,Matched reference source with all tracked nutrients available.,1.0,Reference evidence and completeness; not an accuracy percentage or guarantee for your meal.,
FC002570,,"Amaranth leaves, cooked, boiled, drained, with salt",Medium,Matched reference source; some tracked nutrients are unknown.,1.0,Reference evidence and completeness; not an accuracy percentage or guarantee for your meal.,fiber_g_100g;sugar_g_100g
FC002571,,"Apples, raw, without skin, cooked, boiled",Good,Matched reference source with all tracked nutrients available.,1.0,Reference evidence and completeness; not an accuracy percentage or guarantee for your meal.,
FC002572,,"Crustaceans, crab, alaska king, cooked, moist heat",Medium,Matched reference source; some tracked nutrients are unknown.,1.0,Reference evidence and completeness; not an accuracy percentage or guarantee for your meal.,sugar_g_100g
FC002573,,"Beans, kidney, all types, mature seeds, cooked, boiled, with salt",Good,Matched reference source with all tracked nutrients available.,1.0,Reference evidence and completeness; not an accuracy percentage or guarantee for your meal.,
FC002574,,"Amaranth grain, cooked",Medium,Matched reference source; some tracked nutrients are unknown.,1.0,Reference evidence and completeness; not an accuracy percentage or guarantee for your meal.,sugar_g_100g;cholesterol_mg_100g
FC002575,,"Nuts, acorn flour, full fat",Medium,Matched reference source; some tracked nutrients are unknown.,1.0,Reference evidence and completeness; not an accuracy percentage or guarantee for your meal.,fiber_g_100g;sugar_g_100g
FC002576,,"Amaranth leaves, cooked, boiled, drained, without salt",Medium,Matched reference source; some tracked nutrients are unknown.,1.0,Reference evidence and completeness; not an accuracy percentage or guarantee for your meal.,fiber_g_100g;sugar_g_100g
FC002577,,"Apples, raw, without skin, cooked, microwave",Good,Matched reference source with all tracked nutrients available.,1.0,Reference evidence and completeness; not an accuracy percentage or guarantee for your meal.,
FC002578,,"Crustaceans, crab, blue, cooked, moist heat",Good,Matched reference source with all tracked nutrients available.,1.0,Reference evidence and completeness; not an accuracy percentage or guarantee for your meal.,
FC002579,,"Beans, kidney, all types, mature seeds, cooked, boiled, without salt",Good,Matched reference source with all tracked nutrients available.,1.0,Reference evidence and completeness; not an accuracy percentage or guarantee for your meal.,
FC002580,,"Amaranth grain, uncooked",Good,Matched reference source with all tracked nutrients available.,1.0,Reference evidence and completeness; not an accuracy percentage or guarantee for your meal.,
FC002581,,"Nuts, acorns, dried",Medium,Matched reference source; some tracked nutrients are unknown.,1.0,Reference evidence and completeness; not an accuracy percentage or guarantee for your meal.,fiber_g_100g;sugar_g_100g
FC002582,,"Balsam-pear (bitter gourd), leafy tips, cooked, boiled, drained, with salt",Good,Matched reference source with all tracked nutrients available.,1.0,Reference evidence and completeness; not an accuracy percentage or guarantee for your meal.,
FC002583,,"Guava sauce, cooked",Good,Matched reference source with all tracked nutrients available.,1.0,Reference evidence and completeness; not an accuracy percentage or guarantee for your meal.,
FC002584,,"Crustaceans, crab, dungeness, cooked, moist heat",Medium,Matched reference source; some tracked nutrients are unknown.,1.0,Reference evidence and completeness; not an accuracy percentage or guarantee for your meal.,sugar_g_100g
FC002585,,"Beans, kidney, california red, mature seeds, cooked, boiled, with salt",Medium,Matched reference source; some tracked nutrients are unknown.,1.0,Reference evidence and completeness; not an accuracy percentage or guarantee for your meal.,sugar_g_100g
FC002586,,"Buckwheat groats, roasted, cooked",Good,Matched reference source with all tracked nutrients available.,1.0,Reference evidence and completeness; not an accuracy percentage or guarantee for your meal.,
FC002587,,"Nuts, acorns, raw",Medium,Matched reference source; some tracked nutrients are unknown.,1.0,Reference evidence and completeness; not an accuracy percentage or guarantee for your meal.,fiber_g_100g;sugar_g_100g
FC002588,,"Balsam-pear (bitter gourd), leafy tips, cooked, boiled, drained, without salt",Good,Matched reference source with all tracked nutrients available.,1.0,Reference evidence and completeness; not an accuracy percentage or guarantee for your meal.,
FC002589,,"Apple juice, canned or bottled, unsweetened, with added ascorbic acid",Good,Matched reference source with all tracked nutrients available.,1.0,Reference evidence and completeness; not an accuracy percentage or guarantee for your meal.,
FC002590,,"Crustaceans, crab, queen, cooked, moist heat",Medium,Matched reference source; some tracked nutrients are unknown.,1.0,Reference evidence and completeness; not an accuracy percentage or guarantee for your meal.,sugar_g_100g
FC002591,,"Beans, kidney, california red, mature seeds, cooked, boiled, without salt",Medium,Matched reference source; some tracked nutrients are unknown.,1.0,Reference evidence and completeness; not an accuracy percentage or guarantee for your meal.,sugar_g_100g
FC002592,,"Noodles, egg, enriched, cooked",Good,Matched reference source with all tracked nutrients available.,1.0,Reference evidence and completeness; not an accuracy percentage or guarantee for your meal.,
FC002593,,"Nuts, cashew butter, plain, with salt added",Good,Matched reference source with all tracked nutrients available.,1.0,Reference evidence and completeness; not an accuracy percentage or guarantee for your meal.,
FC002594,,"Balsam-pear (bitter gourd), pods, cooked, boiled, drained, with salt",Good,Matched reference source with all tracked nutrients available.,1.0,Reference evidence and completeness; not an accuracy percentage or guarantee for your meal.,
FC002595,,"Apple juice, canned or bottled, unsweetened, with added ascorbic acid, calcium, and potassium",Good,Matched reference source with all tracked nutrients available.,1.0,Reference evidence and completeness; not an accuracy percentage or guarantee for your meal.,
FC002596,,"Crustaceans, shrimp, mixed species, cooked, breaded and fried",Good,Matched reference source with all tracked nutrients available.,1.0,Reference evidence and completeness; not an accuracy percentage or guarantee for your meal.,
FC002597,,"Beans, kidney, red, mature seeds, cooked, boiled, with salt",Good,Matched reference source with all tracked nutrients available.,1.0,Reference evidence and completeness; not an accuracy percentage or guarantee for your meal.,
FC002598,,"Noodles, egg, spinach, enriched, cooked",Good,Matched reference source with all tracked nutrients available.,1.0,Reference evidence and completeness; not an accuracy percentage or guarantee for your meal.,
FC002599,,"Nuts, cashew butter, plain, without salt added",Medium,Matched reference source; some tracked nutrients are unknown.,1.0,Reference evidence and completeness; not an accuracy percentage or guarantee for your meal.,sugar_g_100g
FC002600,,"Balsam-pear (bitter gourd), pods, cooked, boiled, drained, without salt",Good,Matched reference source with all tracked nutrients available.,1.0,Reference evidence and completeness; not an accuracy percentage or guarantee for your meal.,
FC002601,,"Apple juice, canned or bottled, unsweetened, without added ascorbic acid",Good,Matched reference source with all tracked nutrients available.,1.0,Reference evidence and completeness; not an accuracy percentage or guarantee for your meal.,
FC002602,,"Crustaceans, shrimp, mixed species, cooked, moist heat (may contain additives to retain moisture)",Good,Matched reference source with all tracked nutrients available.,1.0,Reference evidence and completeness; not an accuracy percentage or guarantee for your meal.,
FC002603,,"Beans, kidney, red, mature seeds, cooked, boiled, without salt",Good,Matched reference source with all tracked nutrients available.,1.0,Reference evidence and completeness; not an accuracy percentage or guarantee for your meal.,
FC002604,,"Noodles, egg, unenriched, cooked, without added salt",Good,Matched reference source with all tracked nutrients available.,1.0,Reference evidence and completeness; not an accuracy percentage or guarantee for your meal.,
FC002605,,"Nuts, cashew nuts, dry roasted, with salt added",Good,Matched reference source with all tracked nutrients available.,1.0,Reference evidence and completeness; not an accuracy percentage or guarantee for your meal.,
FC002606,,"Bamboo shoots, cooked, boiled, drained, with salt",Medium,Matched reference source; some tracked nutrients are unknown.,1.0,Reference evidence and completeness; not an accuracy percentage or guarantee for your meal.,sugar_g_100g
FC002607,,"Apple juice, frozen concentrate, unsweetened, diluted with 3 volume water without added ascorbic acid",Good,Matched reference source with all tracked nutrients available.,1.0,Reference evidence and completeness; not an accuracy percentage or guarantee for your meal.,
FC002608,,"Fish, mackerel, Atlantic, cooked, dry heat",Medium,Matched reference source; some tracked nutrients are unknown.,1.0,Reference evidence and completeness; not an accuracy percentage or guarantee for your meal.,sugar_g_100g
FC002609,,"Beans, kidney, royal red, mature seeds, cooked, boiled with salt",Medium,Matched reference source; some tracked nutrients are unknown.,1.0,Reference evidence and completeness; not an accuracy percentage or guarantee for your meal.,sugar_g_100g
FC002610,,"Noodles, japanese, soba, cooked",Medium,Matched reference source; some tracked nutrients are unknown.,1.0,Reference evidence and completeness; not an accuracy percentage or guarantee for your meal.,fiber_g_100g;sugar_g_100g
FC002611,,"Nuts, cashew nuts, dry roasted, without salt added",Good,Matched reference source with all tracked nutrients available.,1.0,Reference evidence and completeness; not an accuracy percentage or guarantee for your meal.,
FC002612,,"Bamboo shoots, cooked, boiled, drained, without salt",Medium,Matched reference source; some tracked nutrients are unknown.,1.0,Reference evidence and completeness; not an accuracy percentage or guarantee for your meal.,sugar_g_100g
FC002613,,"Apple juice, frozen concentrate, unsweetened, diluted with 3 volume water, with added ascorbic acid",Medium,Matched reference source; some tracked nutrients are unknown.,1.0,Reference evidence and completeness; not an accuracy percentage or guarantee for your meal.,sugar_g_100g
FC002614,,"Fish, mackerel, Pacific and jack, mixed species, cooked, dry heat",Good,Matched reference source with all tracked nutrients available.,1.0,Reference evidence and completeness; not an accuracy percentage or guarantee for your meal.,
FC002615,,"Beans, kidney, royal red, mature seeds, cooked, boiled, without salt",Medium,Matched reference source; some tracked nutrients are unknown.,1.0,Reference evidence and completeness; not an accuracy percentage or guarantee for your meal.,sugar_g_100g
FC002616,,"Noodles, japanese, somen, cooked",Medium,Matched reference source; some tracked nutrients are unknown.,1.0,Reference evidence and completeness; not an accuracy percentage or guarantee for your meal.,fiber_g_100g;sugar_g_100g
FC002617,,"Nuts, cashew nuts, oil roasted, with salt added",Good,Matched reference source with all tracked nutrients available.,1.0,Reference evidence and completeness; not an accuracy percentage or guarantee for your meal.,
FC002618,,"Beans, kidney, mature seeds, sprouted, cooked, boiled, drained, with salt",Medium,Matched reference source; some tracked nutrients are unknown.,1.0,Reference evidence and completeness; not an accuracy percentage or guarantee for your meal.,fiber_g_100g;sugar_g_100g
FC002619,,"Apple juice, frozen concentrate, unsweetened, undiluted, with added ascorbic acid",Medium,Matched reference source; some tracked nutrients are unknown.,1.0,Reference evidence and completeness; not an accuracy percentage or guarantee for your meal.,fiber_g_100g
FC002620,,"Fish, salmon, coho, farmed, cooked, dry heat",Medium,Matched reference source; some tracked nutrients are unknown.,1.0,Reference evidence and completeness; not an accuracy percentage or guarantee for your meal.,sugar_g_100g
FC002621,,"Chickpeas (garbanzo beans, bengal gram), mature seeds, cooked, boiled, with salt",Good,Matched reference source with all tracked nutrients available.,1.0,Reference evidence and completeness; not an accuracy percentage or guarantee for your meal.,
FC002622,,"Oat bran, cooked",Medium,Matched reference source; some tracked nutrients are unknown.,1.0,Reference evidence and completeness; not an accuracy percentage or guarantee for your meal.,sugar_g_100g
FC002623,,"Nuts, cashew nuts, oil roasted, without salt added",Good,Matched reference source with all tracked nutrients available.,1.0,Reference evidence and completeness; not an accuracy percentage or guarantee for your meal.,
FC002624,,"Beans, kidney, mature seeds, sprouted, cooked, boiled, drained, without salt",Medium,Matched reference source; some tracked nutrients are unknown.,1.0,Reference evidence and completeness; not an accuracy percentage or guarantee for your meal.,fiber_g_100g;sugar_g_100g
FC002625,,"Apple juice, frozen concentrate, unsweetened, undiluted, without added ascorbic acid",Good,Matched reference source with all tracked nutrients available.,1.0,Reference evidence and completeness; not an accuracy percentage or guarantee for your meal.,
FC002626,,"Fish, salmon, coho, wild, cooked, moist heat",Medium,Matched reference source; some tracked nutrients are unknown.,1.0,Reference evidence and completeness; not an accuracy percentage or guarantee for your meal.,sugar_g_100g
FC002627,,"Chickpeas (garbanzo beans, bengal gram), mature seeds, cooked, boiled, without salt",Good,Matched reference source with all tracked nutrients available.,1.0,Reference evidence and completeness; not an accuracy percentage or guarantee for your meal.,
FC002628,,"Wild rice, cooked",Good,Matched reference source with all tracked nutrients available.,1.0,Reference evidence and completeness; not an accuracy percentage or guarantee for your meal.,
FC002629,,"Nuts, cashew nuts, raw",Good,Matched reference source with all tracked nutrients available.,1.0,Reference evidence and completeness; not an accuracy percentage or guarantee for your meal.,
FC002630,,"Cabbage, chinese (pak-choi), cooked, boiled, drained, with salt",Good,Matched reference source with all tracked nutrients available.,1.0,Reference evidence and completeness; not an accuracy percentage or guarantee for your meal.,
FC002631,,"Apples, canned, sweetened, sliced, drained, heated",Good,Matched reference source with all tracked nutrients available.,1.0,Reference evidence and completeness; not an accuracy percentage or guarantee for your meal.,
FC002632,,"Fish, sunfish, pumpkin seed, cooked, dry heat",Medium,Matched reference source; some tracked nutrients are unknown.,1.0,Reference evidence and completeness; not an accuracy percentage or guarantee for your meal.,sugar_g_100g
FC002633,,"Mung beans, mature seeds, cooked, boiled, with salt",Good,Matched reference source with all tracked nutrients available.,1.0,Reference evidence and completeness; not an accuracy percentage or guarantee for your meal.,
FC002634,,"Buckwheat flour, whole-groat",Good,Matched reference source with all tracked nutrients available.,1.0,Reference evidence and completeness; not an accuracy percentage or guarantee for your meal.,
FC002635,,"Nuts, coconut cream, canned, sweetened",Good,Matched reference source with all tracked nutrients available.,1.0,Reference evidence and completeness; not an accuracy percentage or guarantee for your meal.,
FC002636,,"Cabbage, chinese (pe-tsai), cooked, boiled, drained, with salt",Medium,Matched reference source; some tracked nutrients are unknown.,1.0,Reference evidence and completeness; not an accuracy percentage or guarantee for your meal.,sugar_g_100g
FC002637,,"Apples, dehydrated (low moisture), sulfured, stewed",Medium,Matched reference source; some tracked nutrients are unknown.,1.0,Reference evidence and completeness; not an accuracy percentage or guarantee for your meal.,sugar_g_100g
FC002638,,"Fish, tuna, fresh, bluefin, cooked, dry heat",Medium,Matched reference source; some tracked nutrients are unknown.,1.0,Reference evidence and completeness; not an accuracy percentage or guarantee for your meal.,sugar_g_100g
FC002639,,"Mung beans, mature seeds, cooked, boiled, without salt",Good,Matched reference source with all tracked nutrients available.,1.0,Reference evidence and completeness; not an accuracy percentage or guarantee for your meal.,
FC002640,,"Buckwheat groats, roasted, dry",Medium,Matched reference source; some tracked nutrients are unknown.,1.0,Reference evidence and completeness; not an accuracy percentage or guarantee for your meal.,sugar_g_100g
FC002641,,"Nuts, coconut cream, raw (liquid expressed from grated meat)",Medium,Matched reference source; some tracked nutrients are unknown.,1.0,Reference evidence and completeness; not an accuracy percentage or guarantee for your meal.,sugar_g_100g
FC002642,,"Cabbage, chinese (pe-tsai), cooked, boiled, drained, without salt",Medium,Matched reference source; some tracked nutrients are unknown.,1.0,Reference evidence and completeness; not an accuracy percentage or guarantee for your meal.,sugar_g_100g
FC002643,,"Apples, dried, sulfured, stewed, with added sugar",Medium,Matched reference source; some tracked nutrients are unknown.,1.0,Reference evidence and completeness; not an accuracy percentage or guarantee for your meal.,sugar_g_100g
FC002644,,"Fish, tuna, yellowfin, fresh, cooked, dry heat",Good,Matched reference source with all tracked nutrients available.,1.0,Reference evidence and completeness; not an accuracy percentage or guarantee for your meal.,
FC002645,,"Mungo beans, mature seeds, cooked, boiled, with salt",Good,Matched reference source with all tracked nutrients available.,1.0,Reference evidence and completeness; not an accuracy percentage or guarantee for your meal.,
FC002646,,"Corn bran, crude",Good,Matched reference source with all tracked nutrients available.,1.0,Reference evidence and completeness; not an accuracy percentage or guarantee for your meal.,
FC002647,,"Nuts, coconut meat, dried (desiccated), creamed",Medium,Matched reference source; some tracked nutrients are unknown.,1.0,Reference evidence and completeness; not an accuracy percentage or guarantee for your meal.,fiber_g_100g;sugar_g_100g
FC002648,,"Cabbage, common, cooked, boiled, drained, with salt",Good,Matched reference source with all tracked nutrients available.,1.0,Reference evidence and completeness; not an accuracy percentage or guarantee for your meal.,
FC002649,,"Apples, dried, sulfured, stewed, without added sugar",Good,Matched reference source with all tracked nutrients available.,1.0,Reference evidence and completeness; not an accuracy percentage or guarantee for your meal.,
FC002650,,"Mollusks, clam, mixed species, cooked, breaded and fried",Medium,Matched reference source; some tracked nutrients are unknown.,1.0,Reference evidence and completeness; not an accuracy percentage or guarantee for your meal.,fiber_g_100g;sugar_g_100g
FC002651,,"Mungo beans, mature seeds, cooked, boiled, without salt",Good,Matched reference source with all tracked nutrients available.,1.0,Reference evidence and completeness; not an accuracy percentage or guarantee for your meal.,
FC002652,,"Corn flour, whole-grain, blue (harina de maiz morado)",Medium,Matched reference source; some tracked nutrients are unknown.,1.0,Reference evidence and completeness; not an accuracy percentage or guarantee for your meal.,sugar_g_100g;cholesterol_mg_100g
FC002653,,"Nuts, coconut meat, dried (desiccated), not sweetened",Good,Matched reference source with all tracked nutrients available.,1.0,Reference evidence and completeness; not an accuracy percentage or guarantee for your meal.,
FC002654,,"Cabbage, cooked, boiled, drained, without salt",Good,Matched reference source with all tracked nutrients available.,1.0,Reference evidence and completeness; not an accuracy percentage or guarantee for your meal.,
FC002655,,"Apples, raw, golden delicious, with skin",Medium,Matched reference source; some tracked nutrients are unknown.,1.0,Reference evidence and completeness; not an accuracy percentage or guarantee for your meal.,cholesterol_mg_100g
FC002656,,"Mollusks, clam, mixed species, cooked, moist heat",Medium,Matched reference source; some tracked nutrients are unknown.,1.0,Reference evidence and completeness; not an accuracy percentage or guarantee for your meal.,sugar_g_100g
FC002657,,"Beans, baked, canned, with pork and tomato sauce",Good,Matched reference source with all tracked nutrients available.,1.0,Reference evidence and completeness; not an accuracy percentage or guarantee for your meal.,
FC002658,,"Corn flour, yellow, degermed, unenriched",Good,Matched reference source with all tracked nutrients available.,1.0,Reference evidence and completeness; not an accuracy percentage or guarantee for your meal.,
FC002659,,"Nuts, coconut meat, dried (desiccated), sweetened, flaked, canned",Medium,Matched reference source; some tracked nutrients are unknown.,1.0,Reference evidence and completeness; not an accuracy percentage or guarantee for your meal.,sugar_g_100g
FC002660,,"Cabbage, napa, cooked",Medium,Matched reference source; some tracked nutrients are unknown.,1.0,Reference evidence and completeness; not an accuracy percentage or guarantee for your meal.,fiber_g_100g;sugar_g_100g
FC002661,,"Apples, raw, without skin",Good,Matched reference source with all tracked nutrients available.,1.0,Reference evidence and completeness; not an accuracy percentage or guarantee for your meal.,
FC002662,,"Mollusks, mussel, blue, cooked, moist heat",Medium,Matched reference source; some tracked nutrients are unknown.,1.0,Reference evidence and completeness; not an accuracy percentage or guarantee for your meal.,sugar_g_100g
FC002663,,"Beans, kidney, all types, mature seeds, canned",Good,Matched reference source with all tracked nutrients available.,1.0,Reference evidence and completeness; not an accuracy percentage or guarantee for your meal.,
FC002664,,"Corn grain, white",Medium,Matched reference source; some tracked nutrients are unknown.,1.0,Reference evidence and completeness; not an accuracy percentage or guarantee for your meal.,fiber_g_100g;sugar_g_100g
FC002665,,"Nuts, coconut meat, dried (desiccated), sweetened, flaked, packaged",Good,Matched reference source with all tracked nutrients available.,1.0,Reference evidence and completeness; not an accuracy percentage or guarantee for your meal.,
FC002666,,"Cabbage, red, cooked, boiled, drained, with salt",Good,Matched reference source with all tracked nutrients available.,1.0,Reference evidence and completeness; not an accuracy percentage or guarantee for your meal.,
FC002667,,"Applesauce, canned, sweetened, with salt",Medium,Matched reference source; some tracked nutrients are unknown.,1.0,Reference evidence and completeness; not an accuracy percentage or guarantee for your meal.,sugar_g_100g
FC002668,,"Mollusks, octopus, common, cooked, moist heat",Good,Matched reference source with all tracked nutrients available.,1.0,Reference evidence and completeness; not an accuracy percentage or guarantee for your meal.,
FC002669,,"Beans, kidney, all types, mature seeds, raw",Good,Matched reference source with all tracked nutrients available.,1.0,Reference evidence and completeness; not an accuracy percentage or guarantee for your meal.,
FC002670,,"Corn grain, yellow",Good,Matched reference source with all tracked nutrients available.,1.0,Reference evidence and completeness; not an accuracy percentage or guarantee for your meal.,
FC002671,,"Nuts, coconut meat, dried (desiccated), sweetened, shredded",Good,Matched reference source with all tracked nutrients available.,1.0,Reference evidence and completeness; not an accuracy percentage or guarantee for your meal.,
FC002672,,"Cabbage, red, cooked, boiled, drained, without salt",Good,Matched reference source with all tracked nutrients available.,1.0,Reference evidence and completeness; not an accuracy percentage or guarantee for your meal.,
FC002673,,"Applesauce, canned, sweetened, without salt",Good,Matched reference source with all tracked nutrients available.,1.0,Reference evidence and completeness; not an accuracy percentage or guarantee for your meal.,
FC002674,,"Mollusks, oyster, Pacific, cooked, moist heat",Good,Matched reference source with all tracked nutrients available.,1.0,Reference evidence and completeness; not an accuracy percentage or guarantee for your meal.,
FC002675,,"Beans, kidney, california red, mature seeds, raw",Medium,Matched reference source; some tracked nutrients are unknown.,1.0,Reference evidence and completeness; not an accuracy percentage or guarantee for your meal.,sugar_g_100g
FC002676,,"Cornmeal, degermed, enriched, white",Good,Matched reference source with all tracked nutrients available.,1.0,Reference evidence and completeness; not an accuracy percentage or guarantee for your meal.,
FC002677,,"Nuts, coconut meat, dried (desiccated), toasted",Medium,Matched reference source; some tracked nutrients are unknown.,1.0,Reference evidence and completeness; not an accuracy percentage or guarantee for your meal.,fiber_g_100g;sugar_g_100g
FC002678,,"Cabbage, savoy, cooked, boiled, drained, with salt",Medium,Matched reference source; some tracked nutrients are unknown.,1.0,Reference evidence and completeness; not an accuracy percentage or guarantee for your meal.,sugar_g_100g
FC002679,,"Applesauce, canned, unsweetened, with added ascorbic acid",Good,Matched reference source with all tracked nutrients available.,1.0,Reference evidence and completeness; not an accuracy percentage or guarantee for your meal.,
FC002680,,"Mollusks, oyster, eastern, cooked, breaded and fried",Medium,Matched reference source; some tracked nutrients are unknown.,1.0,Reference evidence and completeness; not an accuracy percentage or guarantee for your meal.,fiber_g_100g;sugar_g_100g
FC002681,,"Beans, kidney, red, mature seeds, canned, drained solids",Good,Matched reference source with all tracked nutrients available.,1.0,Reference evidence and completeness; not an accuracy percentage or guarantee for your meal.,
FC002682,,"Cornmeal, degermed, enriched, yellow",Good,Matched reference source with all tracked nutrients available.,1.0,Reference evidence and completeness; not an accuracy percentage or guarantee for your meal.,
FC002683,,"Nuts, coconut meat, raw",Good,Matched reference source with all tracked nutrients available.,1.0,Reference evidence and completeness; not an accuracy percentage or guarantee for your meal.,
FC002684,,"Cabbage, savoy, cooked, boiled, drained, without salt",Medium,Matched reference source; some tracked nutrients are unknown.,1.0,Reference evidence and completeness; not an accuracy percentage or guarantee for your meal.,sugar_g_100g
FC002685,,"Bananas, dehydrated, or banana powder",Good,Matched reference source with all tracked nutrients available.,1.0,Reference evidence and completeness; not an accuracy percentage or guarantee for your meal.,
FC002686,,"Mollusks, oyster, eastern, farmed, cooked, dry heat",Medium,Matched reference source; some tracked nutrients are unknown.,1.0,Reference evidence and completeness; not an accuracy percentage or guarantee for your meal.,sugar_g_100g
FC002687,,"Beans, kidney, red, mature seeds, canned, drained solids, rinsed in tap water",Medium,Matched reference source; some tracked nutrients are unknown.,1.0,Reference evidence and completeness; not an accuracy percentage or guarantee for your meal.,sugar_g_100g
FC002688,,"Cornmeal, degermed, unenriched, white",Good,Matched reference source with all tracked nutrients available.,1.0,Reference evidence and completeness; not an accuracy percentage or guarantee for your meal.,
FC002689,,"Nuts, coconut milk, frozen (liquid expressed from grated meat and water)",Medium,Matched reference source; some tracked nutrients are unknown.,1.0,Reference evidence and completeness; not an accuracy percentage or guarantee for your meal.,fiber_g_100g;sugar_g_100g
FC002690,,"Carrots, cooked, boiled, drained, with salt",Good,Matched reference source with all tracked nutrients available.,1.0,Reference evidence and completeness; not an accuracy percentage or guarantee for your meal.,
FC002691,,"Bananas, raw",Good,Matched reference source with all tracked nutrients available.,1.0,Reference evidence and completeness; not an accuracy percentage or guarantee for your meal.,
FC002692,,"Mollusks, oyster, eastern, wild, cooked, dry heat",Good,Matched reference source with all tracked nutrients available.,1.0,Reference evidence and completeness; not an accuracy percentage or guarantee for your meal.,
FC002693,,"Beans, kidney, red, mature seeds, canned, solids and liquid, low sodium",Good,Matched reference source with all tracked nutrients available.,1.0,Reference evidence and completeness; not an accuracy percentage or guarantee for your meal.,
FC002694,,"Cornmeal, degermed, unenriched, yellow",Good,Matched reference source with all tracked nutrients available.,1.0,Reference evidence and completeness; not an accuracy percentage or guarantee for your meal.,
FC002695,,"Nuts, coconut water (liquid from coconuts)",Good,Matched reference source with all tracked nutrients available.,1.0,Reference evidence and completeness; not an accuracy percentage or guarantee for your meal.,
FC002696,,"Carrots, cooked, boiled, drained, without salt",Good,Matched reference source with all tracked nutrients available.,1.0,Reference evidence and completeness; not an accuracy percentage or guarantee for your meal.,
FC002697,,"Crabapples, raw",Medium,Matched reference source; some tracked nutrients are unknown.,1.0,Reference evidence and completeness; not an accuracy percentage or guarantee for your meal.,fiber_g_100g;sugar_g_100g
FC002698,,"Mollusks, oyster, eastern, wild, cooked, moist heat",Good,Matched reference source with all tracked nutrients available.,1.0,Reference evidence and completeness; not an accuracy percentage or guarantee for your meal.,
FC002699,,"Beans, kidney, red, mature seeds, canned, solids and liquids",Good,Matched reference source with all tracked nutrients available.,1.0,Reference evidence and completeness; not an accuracy percentage or guarantee for your meal.,
FC002700,,"Cornmeal, white, self-rising, bolted, plain, enriched",Medium,Matched reference source; some tracked nutrients are unknown.,1.0,Reference evidence and completeness; not an accuracy percentage or guarantee for your meal.,sugar_g_100g
FC002701,,"Nuts, mixed nuts, dry roasted, with peanuts, with salt added",Good,Matched reference source with all tracked nutrients available.,1.0,Reference evidence and completeness; not an accuracy percentage or guarantee for your meal.,
FC002702,,"Cauliflower, cooked, boiled, drained, with salt",Good,Matched reference source with all tracked nutrients available.,1.0,Reference evidence and completeness; not an accuracy percentage or guarantee for your meal.,
FC002703,,"Cranberry-orange relish, canned",Medium,Matched reference source; some tracked nutrients are unknown.,1.0,Reference evidence and completeness; not an accuracy percentage or guarantee for your meal.,sugar_g_100g
FC002704,,"Mollusks, squid, mixed species, cooked, fried",Medium,Matched reference source; some tracked nutrients are unknown.,1.0,Reference evidence and completeness; not an accuracy percentage or guarantee for your meal.,sugar_g_100g
FC002705,,"Beans, kidney, red, mature seeds, raw",Good,Matched reference source with all tracked nutrients available.,1.0,Reference evidence and completeness; not an accuracy percentage or guarantee for your meal.,
FC002706,,"Cornmeal, white, self-rising, bolted, with wheat flour added, enriched",Medium,Matched reference source; some tracked nutrients are unknown.,1.0,Reference evidence and completeness; not an accuracy percentage or guarantee for your meal.,sugar_g_100g
FC002707,,"Nuts, mixed nuts, dry roasted, with peanuts, without salt added",Good,Matched reference source with all tracked nutrients available.,1.0,Reference evidence and completeness; not an accuracy percentage or guarantee for your meal.,
FC002708,,"Cauliflower, cooked, boiled, drained, without salt",Good,Matched reference source with all tracked nutrients available.,1.0,Reference evidence and completeness; not an accuracy percentage or guarantee for your meal.,
FC002709,,"Custard-apple, (bullock's-heart), raw",Medium,Matched reference source; some tracked nutrients are unknown.,1.0,Reference evidence and completeness; not an accuracy percentage or guarantee for your meal.,sugar_g_100g
FC002710,,"Salmon nuggets, cooked as purchased, unheated",Medium,Matched reference source; some tracked nutrients are unknown.,1.0,Reference evidence and completeness; not an accuracy percentage or guarantee for your meal.,sugar_g_100g
FC002711,,"Beans, kidney, royal red, mature seeds, raw",Medium,Matched reference source; some tracked nutrients are unknown.,1.0,Reference evidence and completeness; not an accuracy percentage or guarantee for your meal.,sugar_g_100g
FC002712,,"Cornmeal, white, self-rising, degermed, enriched",Medium,Matched reference source; some tracked nutrients are unknown.,1.0,Reference evidence and completeness; not an accuracy percentage or guarantee for your meal.,sugar_g_100g
FC002713,,"Nuts, mixed nuts, oil roasted, with peanuts, lightly salted",Good,Matched reference source with all tracked nutrients available.,1.0,Reference evidence and completeness; not an accuracy percentage or guarantee for your meal.,
FC002714,,"Cauliflower, green, cooked, no salt added",Good,Matched reference source with all tracked nutrients available.,1.0,Reference evidence and completeness; not an accuracy percentage or guarantee for your meal.,
FC002715,,"Durian, raw or frozen",Medium,Matched reference source; some tracked nutrients are unknown.,1.0,Reference evidence and completeness; not an accuracy percentage or guarantee for your meal.,sugar_g_100g
FC002716,,"Crustaceans, crab, alaska king, imitation, made from surimi",Good,Matched reference source with all tracked nutrients available.,1.0,Reference evidence and completeness; not an accuracy percentage or guarantee for your meal.,
FC002717,,"Beans, liquid from stewed kidney beans",Good,Matched reference source with all tracked nutrients available.,1.0,Reference evidence and completeness; not an accuracy percentage or guarantee for your meal.,
FC002718,,"Cornmeal, yellow, self-rising, bolted, plain, enriched",Medium,Matched reference source; some tracked nutrients are unknown.,1.0,Reference evidence and completeness; not an accuracy percentage or guarantee for your meal.,sugar_g_100g
FC002719,,"Nuts, mixed nuts, oil roasted, with peanuts, with salt added",Good,Matched reference source with all tracked nutrients available.,1.0,Reference evidence and completeness; not an accuracy percentage or guarantee for your meal.,
FC002720,,"Poqui-poqui, eggplant and egg (Ilocos) (estimate)",Low,Estimate available only by explicit selection; default nutrition unavailable.,1.0,Reference evidence and completeness; not an accuracy percentage or guarantee for your meal.,kcal_100g;protein_g_100g;carbs_g_100g;fat_g_100g;fiber_g_100g;sugar_g_100g;sodium_mg_100g;cholesterol_mg_100g
FC002721,,"Dinengdeng, mixed vegetables with grilled milkfish (Ilocos) (estimate)",Low,Estimate available only by explicit selection; default nutrition unavailable.,1.0,Reference evidence and completeness; not an accuracy percentage or guarantee for your meal.,kcal_100g;protein_g_100g;carbs_g_100g;fat_g_100g;fiber_g_100g;sugar_g_100g;sodium_mg_100g;cholesterol_mg_100g
FC002722,,Bagnet with tomato and fish-paste relish (Ilocos) (estimate),Low,Estimate available only by explicit selection; default nutrition unavailable.,1.0,Reference evidence and completeness; not an accuracy percentage or guarantee for your meal.,kcal_100g;protein_g_100g;carbs_g_100g;fat_g_100g;fiber_g_100g;sugar_g_100g;sodium_mg_100g;cholesterol_mg_100g
FC002723,,"Pancit batil patung, beef-proxy noodles with egg and broth (Cagayan Valley) (estimate)",Low,Estimate available only by explicit selection; default nutrition unavailable.,1.0,Reference evidence and completeness; not an accuracy percentage or guarantee for your meal.,kcal_100g;protein_g_100g;carbs_g_100g;fat_g_100g;fiber_g_100g;sugar_g_100g;sodium_mg_100g;cholesterol_mg_100g
FC002724,,"Pancit Cabagan, pork noodles with egg and sauce (Cagayan Valley) (estimate)",Low,Estimate available only by explicit selection; default nutrition unavailable.,1.0,Reference evidence and completeness; not an accuracy percentage or guarantee for your meal.,kcal_100g;protein_g_100g;carbs_g_100g;fat_g_100g;fiber_g_100g;sugar_g_100g;sodium_mg_100g;cholesterol_mg_100g
FC002725,,"Sinanta, mixed-noodle seafood soup (Cagayan Valley) (estimate)",Low,Estimate available only by explicit selection; default nutrition unavailable.,1.0,Reference evidence and completeness; not an accuracy percentage or guarantee for your meal.,kcal_100g;protein_g_100g;carbs_g_100g;fat_g_100g;fiber_g_100g;sugar_g_100g;sodium_mg_100g;cholesterol_mg_100g
FC002726,,"Patupat, sticky rice with sugarcane reduction (Cagayan Valley) (estimate)",Low,Estimate available only by explicit selection; default nutrition unavailable.,1.0,Reference evidence and completeness; not an accuracy percentage or guarantee for your meal.,kcal_100g;protein_g_100g;carbs_g_100g;fat_g_100g;fiber_g_100g;sugar_g_100g;sodium_mg_100g;cholesterol_mg_100g
FC002727,,"La Paz batchoy, pork-liver noodles and cracklings (Iloilo and Negros) (estimate)",Low,Estimate available only by explicit selection; default nutrition unavailable.,1.0,Reference evidence and completeness; not an accuracy percentage or guarantee for your meal.,kcal_100g;protein_g_100g;carbs_g_100g;fat_g_100g;fiber_g_100g;sugar_g_100g;sodium_mg_100g;cholesterol_mg_100g
FC002728,,"Pancit Molo, pork-shrimp dumpling soup (Iloilo and Negros) (estimate)",Low,Estimate available only by explicit selection; default nutrition unavailable.,1.0,Reference evidence and completeness; not an accuracy percentage or guarantee for your meal.,kcal_100g;protein_g_100g;carbs_g_100g;fat_g_100g;fiber_g_100g;sugar_g_100g;sodium_mg_100g;cholesterol_mg_100g
FC002729,,"KBL, kadyos baboy langka soup (Iloilo and Negros) (estimate)",Low,Estimate available only by explicit selection; default nutrition unavailable.,1.0,Reference evidence and completeness; not an accuracy percentage or guarantee for your meal.,kcal_100g;protein_g_100g;carbs_g_100g;fat_g_100g;fiber_g_100g;sugar_g_100g;sodium_mg_100g;cholesterol_mg_100g
FC002730,,"Kansi, beef-shank and young-jackfruit soup (Iloilo and Negros) (estimate)",Low,Estimate available only by explicit selection; default nutrition unavailable.,1.0,Reference evidence and completeness; not an accuracy percentage or guarantee for your meal.,kcal_100g;protein_g_100g;carbs_g_100g;fat_g_100g;fiber_g_100g;sugar_g_100g;sodium_mg_100g;cholesterol_mg_100g
FC002731,,"Pinangat, taro-leaf parcels with pork (Bicol) (estimate)",Low,Estimate available only by explicit selection; default nutrition unavailable.,1.0,Reference evidence and completeness; not an accuracy percentage or guarantee for your meal.,kcal_100g;protein_g_100g;carbs_g_100g;fat_g_100g;fiber_g_100g;sugar_g_100g;sodium_mg_100g;cholesterol_mg_100g
FC002732,,"Pinangat, taro-leaf parcels with fish (Bicol) (estimate)",Low,Estimate available only by explicit selection; default nutrition unavailable.,1.0,Reference evidence and completeness; not an accuracy percentage or guarantee for your meal.,kcal_100g;protein_g_100g;carbs_g_100g;fat_g_100g;fiber_g_100g;sugar_g_100g;sodium_mg_100g;cholesterol_mg_100g
FC002733,,"Kinalas, beef noodle soup with heart proxy (Bicol) (estimate)",Low,Estimate available only by explicit selection; default nutrition unavailable.,1.0,Reference evidence and completeness; not an accuracy percentage or guarantee for your meal.,kcal_100g;protein_g_100g;carbs_g_100g;fat_g_100g;fiber_g_100g;sugar_g_100g;sodium_mg_100g;cholesterol_mg_100g
FC002734,,"Sinantolan, santol and coconut milk (Bicol) (estimate)",Low,Estimate available only by explicit selection; default nutrition unavailable.,1.0,Reference evidence and completeness; not an accuracy percentage or guarantee for your meal.,kcal_100g;protein_g_100g;carbs_g_100g;fat_g_100g;fiber_g_100g;sugar_g_100g;sodium_mg_100g;cholesterol_mg_100g
FC002735,,"Kinunot, tuna and malunggay variant (Bicol) (estimate)",Low,Estimate available only by explicit selection; default nutrition unavailable.,1.0,Reference evidence and completeness; not an accuracy percentage or guarantee for your meal.,kcal_100g;protein_g_100g;carbs_g_100g;fat_g_100g;fiber_g_100g;sugar_g_100g;sodium_mg_100g;cholesterol_mg_100g
FC002736,,"Kinaluko, taro with coconut milk (Bicol) (estimate)",Low,Estimate available only by explicit selection; default nutrition unavailable.,1.0,Reference evidence and completeness; not an accuracy percentage or guarantee for your meal.,kcal_100g;protein_g_100g;carbs_g_100g;fat_g_100g;fiber_g_100g;sugar_g_100g;sodium_mg_100g;cholesterol_mg_100g
FC002737,,"Catandungan latik, rice cake with coconut-sugar topping (Bicol) (estimate)",Low,Estimate available only by explicit selection; default nutrition unavailable.,1.0,Reference evidence and completeness; not an accuracy percentage or guarantee for your meal.,kcal_100g;protein_g_100g;carbs_g_100g;fat_g_100g;fiber_g_100g;sugar_g_100g;sodium_mg_100g;cholesterol_mg_100g
FC002738,,"Pili ice cream, generic dairy variant (Bicol) (estimate)",Low,Estimate available only by explicit selection; default nutrition unavailable.,1.0,Reference evidence and completeness; not an accuracy percentage or guarantee for your meal.,kcal_100g;protein_g_100g;carbs_g_100g;fat_g_100g;fiber_g_100g;sugar_g_100g;sodium_mg_100g;cholesterol_mg_100g
FC002739,,"Pastil, rice with chicken kagikit (Mindanao) (estimate)",Low,Estimate available only by explicit selection; default nutrition unavailable.,1.0,Reference evidence and completeness; not an accuracy percentage or guarantee for your meal.,kcal_100g;protein_g_100g;carbs_g_100g;fat_g_100g;fiber_g_100g;sugar_g_100g;sodium_mg_100g;cholesterol_mg_100g
FC002740,,"Pastil, rice with fish kagikit (Mindanao) (estimate)",Low,Estimate available only by explicit selection; default nutrition unavailable.,1.0,Reference evidence and completeness; not an accuracy percentage or guarantee for your meal.,kcal_100g;protein_g_100g;carbs_g_100g;fat_g_100g;fiber_g_100g;sugar_g_100g;sodium_mg_100g;cholesterol_mg_100g
FC002741,,"Pastil, rice with beef kagikit (Mindanao) (estimate)",Low,Estimate available only by explicit selection; default nutrition unavailable.,1.0,Reference evidence and completeness; not an accuracy percentage or guarantee for your meal.,kcal_100g;protein_g_100g;carbs_g_100g;fat_g_100g;fiber_g_100g;sugar_g_100g;sodium_mg_100g;cholesterol_mg_100g
FC002742,,"Piaparan a manok, chicken-coconut mixture (Mindanao) (estimate)",Low,Estimate available only by explicit selection; default nutrition unavailable.,1.0,Reference evidence and completeness; not an accuracy percentage or guarantee for your meal.,kcal_100g;protein_g_100g;carbs_g_100g;fat_g_100g;fiber_g_100g;sugar_g_100g;sodium_mg_100g;cholesterol_mg_100g
FC002743,,"Linigid na manok, chicken in coconut milk (Mindanao) (estimate)",Low,Estimate available only by explicit selection; default nutrition unavailable.,1.0,Reference evidence and completeness; not an accuracy percentage or guarantee for your meal.,kcal_100g;protein_g_100g;carbs_g_100g;fat_g_100g;fiber_g_100g;sugar_g_100g;sodium_mg_100g;cholesterol_mg_100g
FC002744,,"Beef rendang, Mindanao coconut-spice variant (Mindanao) (estimate)",Low,Estimate available only by explicit selection; default nutrition unavailable.,1.0,Reference evidence and completeness; not an accuracy percentage or guarantee for your meal.,kcal_100g;protein_g_100g;carbs_g_100g;fat_g_100g;fiber_g_100g;sugar_g_100g;sodium_mg_100g;cholesterol_mg_100g
FC002745,,"Palapa, spring-onion ginger chili proxy (Mindanao) (estimate)",Low,Estimate available only by explicit selection; default nutrition unavailable.,1.0,Reference evidence and completeness; not an accuracy percentage or guarantee for your meal.,kcal_100g;protein_g_100g;carbs_g_100g;fat_g_100g;fiber_g_100g;sugar_g_100g;sodium_mg_100g;cholesterol_mg_100g
FC002746,,"Dodol, coconut sticky-rice sweet (Mindanao) (estimate)",Low,Estimate available only by explicit selection; default nutrition unavailable.,1.0,Reference evidence and completeness; not an accuracy percentage or guarantee for your meal.,kcal_100g;protein_g_100g;carbs_g_100g;fat_g_100g;fiber_g_100g;sugar_g_100g;sodium_mg_100g;cholesterol_mg_100g
FC002747,,"Pinikpikan, chicken soup with salted-pork proxy (Cordillera) (estimate)",Low,Estimate available only by explicit selection; default nutrition unavailable.,1.0,Reference evidence and completeness; not an accuracy percentage or guarantee for your meal.,kcal_100g;protein_g_100g;carbs_g_100g;fat_g_100g;fiber_g_100g;sugar_g_100g;sodium_mg_100g;cholesterol_mg_100g
FC002748,,"Humba, home-style pork belly and sweet soy sauce (Visayas) (estimate)",Low,Estimate available only by explicit selection; default nutrition unavailable.,1.0,Reference evidence and completeness; not an accuracy percentage or guarantee for your meal.,kcal_100g;protein_g_100g;carbs_g_100g;fat_g_100g;fiber_g_100g;sugar_g_100g;sodium_mg_100g;cholesterol_mg_100g
FC002749,,"Bam-i, mixed noodles with pork and shrimp (Visayas) (estimate)",Low,Estimate available only by explicit selection; default nutrition unavailable.,1.0,Reference evidence and completeness; not an accuracy percentage or guarantee for your meal.,kcal_100g;protein_g_100g;carbs_g_100g;fat_g_100g;fiber_g_100g;sugar_g_100g;sodium_mg_100g;cholesterol_mg_100g
FC002750,,Gerry's Grill Philippines Calamares (estimate),Low,Estimate available only by explicit selection; default nutrition unavailable.,1.0,Reference evidence and completeness; not an accuracy percentage or guarantee for your meal.,kcal_100g;protein_g_100g;carbs_g_100g;fat_g_100g;fiber_g_100g;sugar_g_100g;sodium_mg_100g;cholesterol_mg_100g
FC002751,,Gerry's Grill Philippines Crispy Kangkong (estimate),Low,Estimate available only by explicit selection; default nutrition unavailable.,1.0,Reference evidence and completeness; not an accuracy percentage or guarantee for your meal.,kcal_100g;protein_g_100g;carbs_g_100g;fat_g_100g;fiber_g_100g;sugar_g_100g;sodium_mg_100g;cholesterol_mg_100g
FC002752,,Gerry's Grill Philippines Lumpiang Shanghai (estimate),Low,Estimate available only by explicit selection; default nutrition unavailable.,1.0,Reference evidence and completeness; not an accuracy percentage or guarantee for your meal.,kcal_100g;protein_g_100g;carbs_g_100g;fat_g_100g;fiber_g_100g;sugar_g_100g;sodium_mg_100g;cholesterol_mg_100g
FC002753,,Gerry's Grill Philippines Tokwat Lechon Kawali (estimate),Low,Estimate available only by explicit selection; default nutrition unavailable.,1.0,Reference evidence and completeness; not an accuracy percentage or guarantee for your meal.,kcal_100g;protein_g_100g;carbs_g_100g;fat_g_100g;fiber_g_100g;sugar_g_100g;sodium_mg_100g;cholesterol_mg_100g
FC002754,,Gerry's Grill Philippines Chili Cheese Sticks (estimate),Low,Estimate available only by explicit selection; default nutrition unavailable.,1.0,Reference evidence and completeness; not an accuracy percentage or guarantee for your meal.,kcal_100g;protein_g_100g;carbs_g_100g;fat_g_100g;fiber_g_100g;sugar_g_100g;sodium_mg_100g;cholesterol_mg_100g
FC002755,,Gerry's Grill Philippines Garlic Adobo Shreds (estimate),Low,Estimate available only by explicit selection; default nutrition unavailable.,1.0,Reference evidence and completeness; not an accuracy percentage or guarantee for your meal.,kcal_100g;protein_g_100g;carbs_g_100g;fat_g_100g;fiber_g_100g;sugar_g_100g;sodium_mg_100g;cholesterol_mg_100g
FC002756,,Gerry's Grill Philippines Sinigang na Baboy (estimate),Low,Estimate available only by explicit selection; default nutrition unavailable.,1.0,Reference evidence and completeness; not an accuracy percentage or guarantee for your meal.,kcal_100g;protein_g_100g;carbs_g_100g;fat_g_100g;fiber_g_100g;sugar_g_100g;sodium_mg_100g;cholesterol_mg_100g
FC002757,,Gerry's Grill Philippines Sinigang na Boneless Bangus (estimate),Low,Estimate available only by explicit selection; default nutrition unavailable.,1.0,Reference evidence and completeness; not an accuracy percentage or guarantee for your meal.,kcal_100g;protein_g_100g;carbs_g_100g;fat_g_100g;fiber_g_100g;sugar_g_100g;sodium_mg_100g;cholesterol_mg_100g
FC002758,,Gerry's Grill Philippines Sinigang na Hipon (estimate),Low,Estimate available only by explicit selection; default nutrition unavailable.,1.0,Reference evidence and completeness; not an accuracy percentage or guarantee for your meal.,kcal_100g;protein_g_100g;carbs_g_100g;fat_g_100g;fiber_g_100g;sugar_g_100g;sodium_mg_100g;cholesterol_mg_100g
FC002759,,Gerry's Grill Philippines Nilagang Bulalo (estimate),Low,Estimate available only by explicit selection; default nutrition unavailable.,1.0,Reference evidence and completeness; not an accuracy percentage or guarantee for your meal.,kcal_100g;protein_g_100g;carbs_g_100g;fat_g_100g;fiber_g_100g;sugar_g_100g;sodium_mg_100g;cholesterol_mg_100g
FC002760,,Gerry's Grill Philippines Ampalaya Guisado (estimate),Low,Estimate available only by explicit selection; default nutrition unavailable.,1.0,Reference evidence and completeness; not an accuracy percentage or guarantee for your meal.,kcal_100g;protein_g_100g;carbs_g_100g;fat_g_100g;fiber_g_100g;sugar_g_100g;sodium_mg_100g;cholesterol_mg_100g
FC002761,,Gerry's Grill Philippines Chopsuey (estimate),Low,Estimate available only by explicit selection; default nutrition unavailable.,1.0,Reference evidence and completeness; not an accuracy percentage or guarantee for your meal.,kcal_100g;protein_g_100g;carbs_g_100g;fat_g_100g;fiber_g_100g;sugar_g_100g;sodium_mg_100g;cholesterol_mg_100g
FC002762,,Gerry's Grill Philippines Ginataang Gulay (estimate),Low,Estimate available only by explicit selection; default nutrition unavailable.,1.0,Reference evidence and completeness; not an accuracy percentage or guarantee for your meal.,kcal_100g;protein_g_100g;carbs_g_100g;fat_g_100g;fiber_g_100g;sugar_g_100g;sodium_mg_100g;cholesterol_mg_100g
FC002763,,Gerry's Grill Philippines Pinakbet (estimate),Low,Estimate available only by explicit selection; default nutrition unavailable.,1.0,Reference evidence and completeness; not an accuracy percentage or guarantee for your meal.,kcal_100g;protein_g_100g;carbs_g_100g;fat_g_100g;fiber_g_100g;sugar_g_100g;sodium_mg_100g;cholesterol_mg_100g
FC002764,,Gerry's Grill Philippines Tortang Talong (estimate),Low,Estimate available only by explicit selection; default nutrition unavailable.,1.0,Reference evidence and completeness; not an accuracy percentage or guarantee for your meal.,kcal_100g;protein_g_100g;carbs_g_100g;fat_g_100g;fiber_g_100g;sugar_g_100g;sodium_mg_100g;cholesterol_mg_100g
FC002765,,Gerry's Grill Philippines Inihaw na Pusit (estimate),Low,Estimate available only by explicit selection; default nutrition unavailable.,1.0,Reference evidence and completeness; not an accuracy percentage or guarantee for your meal.,kcal_100g;protein_g_100g;carbs_g_100g;fat_g_100g;fiber_g_100g;sugar_g_100g;sodium_mg_100g;cholesterol_mg_100g
FC002766,,Gerry's Grill Philippines Sizzling Bangus Sisig (estimate),Low,Estimate available only by explicit selection; default nutrition unavailable.,1.0,Reference evidence and completeness; not an accuracy percentage or guarantee for your meal.,kcal_100g;protein_g_100g;carbs_g_100g;fat_g_100g;fiber_g_100g;sugar_g_100g;sodium_mg_100g;cholesterol_mg_100g
FC002767,,Gerry's Grill Philippines Sizzling Gambas (estimate),Low,Estimate available only by explicit selection; default nutrition unavailable.,1.0,Reference evidence and completeness; not an accuracy percentage or guarantee for your meal.,kcal_100g;protein_g_100g;carbs_g_100g;fat_g_100g;fiber_g_100g;sugar_g_100g;sodium_mg_100g;cholesterol_mg_100g
FC002768,,Gerry's Grill Philippines Chicken Kebab (estimate),Low,Estimate available only by explicit selection; default nutrition unavailable.,1.0,Reference evidence and completeness; not an accuracy percentage or guarantee for your meal.,kcal_100g;protein_g_100g;carbs_g_100g;fat_g_100g;fiber_g_100g;sugar_g_100g;sodium_mg_100g;cholesterol_mg_100g
FC002769,,Gerry's Grill Philippines Garlic Mushroom Chicken (estimate),Low,Estimate available only by explicit selection; default nutrition unavailable.,1.0,Reference evidence and completeness; not an accuracy percentage or guarantee for your meal.,kcal_100g;protein_g_100g;carbs_g_100g;fat_g_100g;fiber_g_100g;sugar_g_100g;sodium_mg_100g;cholesterol_mg_100g
FC002770,,Gerry's Grill Philippines Classic Fried Chicken (estimate),Low,Estimate available only by explicit selection; default nutrition unavailable.,1.0,Reference evidence and completeness; not an accuracy percentage or guarantee for your meal.,kcal_100g;protein_g_100g;carbs_g_100g;fat_g_100g;fiber_g_100g;sugar_g_100g;sodium_mg_100g;cholesterol_mg_100g
FC002771,,Gerry's Grill Philippines Pancit Bihon (estimate),Low,Estimate available only by explicit selection; default nutrition unavailable.,1.0,Reference evidence and completeness; not an accuracy percentage or guarantee for your meal.,kcal_100g;protein_g_100g;carbs_g_100g;fat_g_100g;fiber_g_100g;sugar_g_100g;sodium_mg_100g;cholesterol_mg_100g
FC002772,,Gerry's Grill Philippines Pancit Canton (estimate),Low,Estimate available only by explicit selection; default nutrition unavailable.,1.0,Reference evidence and completeness; not an accuracy percentage or guarantee for your meal.,kcal_100g;protein_g_100g;carbs_g_100g;fat_g_100g;fiber_g_100g;sugar_g_100g;sodium_mg_100g;cholesterol_mg_100g
FC002773,,Gerry's Grill Philippines Pancit Palabok (estimate),Low,Estimate available only by explicit selection; default nutrition unavailable.,1.0,Reference evidence and completeness; not an accuracy percentage or guarantee for your meal.,kcal_100g;protein_g_100g;carbs_g_100g;fat_g_100g;fiber_g_100g;sugar_g_100g;sodium_mg_100g;cholesterol_mg_100g
FC002774,,Gerry's Grill Philippines Banana con Leche (estimate),Low,Estimate available only by explicit selection; default nutrition unavailable.,1.0,Reference evidence and completeness; not an accuracy percentage or guarantee for your meal.,kcal_100g;protein_g_100g;carbs_g_100g;fat_g_100g;fiber_g_100g;sugar_g_100g;sodium_mg_100g;cholesterol_mg_100g
FC002775,,Max's Restaurant Philippines Fried Chicken (estimate),Low,Estimate available only by explicit selection; default nutrition unavailable.,1.0,Reference evidence and completeness; not an accuracy percentage or guarantee for your meal.,kcal_100g;protein_g_100g;carbs_g_100g;fat_g_100g;fiber_g_100g;sugar_g_100g;sodium_mg_100g;cholesterol_mg_100g
FC002776,,Max's Restaurant Philippines Crispy Pata (estimate),Low,Estimate available only by explicit selection; default nutrition unavailable.,1.0,Reference evidence and completeness; not an accuracy percentage or guarantee for your meal.,kcal_100g;protein_g_100g;carbs_g_100g;fat_g_100g;fiber_g_100g;sugar_g_100g;sodium_mg_100g;cholesterol_mg_100g
FC002777,,Max's Restaurant Philippines All Beef Kare-Kare (estimate),Low,Estimate available only by explicit selection; default nutrition unavailable.,1.0,Reference evidence and completeness; not an accuracy percentage or guarantee for your meal.,kcal_100g;protein_g_100g;carbs_g_100g;fat_g_100g;fiber_g_100g;sugar_g_100g;sodium_mg_100g;cholesterol_mg_100g
FC002778,,Max's Restaurant Philippines Sizzling Tofu (estimate),Low,Estimate available only by explicit selection; default nutrition unavailable.,1.0,Reference evidence and completeness; not an accuracy percentage or guarantee for your meal.,kcal_100g;protein_g_100g;carbs_g_100g;fat_g_100g;fiber_g_100g;sugar_g_100g;sodium_mg_100g;cholesterol_mg_100g
FC002779,,Max's Restaurant Philippines Lumpiang Shanghai (estimate),Low,Estimate available only by explicit selection; default nutrition unavailable.,1.0,Reference evidence and completeness; not an accuracy percentage or guarantee for your meal.,kcal_100g;protein_g_100g;carbs_g_100g;fat_g_100g;fiber_g_100g;sugar_g_100g;sodium_mg_100g;cholesterol_mg_100g
FC002780,,Max's Restaurant Philippines Chicken Sisig (estimate),Low,Estimate available only by explicit selection; default nutrition unavailable.,1.0,Reference evidence and completeness; not an accuracy percentage or guarantee for your meal.,kcal_100g;protein_g_100g;carbs_g_100g;fat_g_100g;fiber_g_100g;sugar_g_100g;sodium_mg_100g;cholesterol_mg_100g
FC002781,,Max's Restaurant Philippines Sizzling Crispy Pork Sisig (estimate),Low,Estimate available only by explicit selection; default nutrition unavailable.,1.0,Reference evidence and completeness; not an accuracy percentage or guarantee for your meal.,kcal_100g;protein_g_100g;carbs_g_100g;fat_g_100g;fiber_g_100g;sugar_g_100g;sodium_mg_100g;cholesterol_mg_100g
FC002782,,Max's Restaurant Philippines Sinigang na Tiyan ng Bangus (estimate),Low,Estimate available only by explicit selection; default nutrition unavailable.,1.0,Reference evidence and completeness; not an accuracy percentage or guarantee for your meal.,kcal_100g;protein_g_100g;carbs_g_100g;fat_g_100g;fiber_g_100g;sugar_g_100g;sodium_mg_100g;cholesterol_mg_100g
FC002783,,Max's Restaurant Philippines Sinigang na Tiyan ng Bangus sa Miso (estimate),Low,Estimate available only by explicit selection; default nutrition unavailable.,1.0,Reference evidence and completeness; not an accuracy percentage or guarantee for your meal.,kcal_100g;protein_g_100g;carbs_g_100g;fat_g_100g;fiber_g_100g;sugar_g_100g;sodium_mg_100g;cholesterol_mg_100g
FC002784,,Max's Restaurant Philippines Sinigang na Baboy (estimate),Low,Estimate available only by explicit selection; default nutrition unavailable.,1.0,Reference evidence and completeness; not an accuracy percentage or guarantee for your meal.,kcal_100g;protein_g_100g;carbs_g_100g;fat_g_100g;fiber_g_100g;sugar_g_100g;sodium_mg_100g;cholesterol_mg_100g
FC002785,,Max's Restaurant Philippines Sinigang na Hipon (estimate),Low,Estimate available only by explicit selection; default nutrition unavailable.,1.0,Reference evidence and completeness; not an accuracy percentage or guarantee for your meal.,kcal_100g;protein_g_100g;carbs_g_100g;fat_g_100g;fiber_g_100g;sugar_g_100g;sodium_mg_100g;cholesterol_mg_100g
FC002786,,Max's Restaurant Philippines Lechon Kawali Kare-kare (estimate),Low,Estimate available only by explicit selection; default nutrition unavailable.,1.0,Reference evidence and completeness; not an accuracy percentage or guarantee for your meal.,kcal_100g;protein_g_100g;carbs_g_100g;fat_g_100g;fiber_g_100g;sugar_g_100g;sodium_mg_100g;cholesterol_mg_100g
FC002787,,Max's Restaurant Philippines Vegetable Kare-Kare (estimate),Low,Estimate available only by explicit selection; default nutrition unavailable.,1.0,Reference evidence and completeness; not an accuracy percentage or guarantee for your meal.,kcal_100g;protein_g_100g;carbs_g_100g;fat_g_100g;fiber_g_100g;sugar_g_100g;sodium_mg_100g;cholesterol_mg_100g
FC002788,,Max's Restaurant Philippines Seafood Kare-Kare (estimate),Low,Estimate available only by explicit selection; default nutrition unavailable.,1.0,Reference evidence and completeness; not an accuracy percentage or guarantee for your meal.,kcal_100g;protein_g_100g;carbs_g_100g;fat_g_100g;fiber_g_100g;sugar_g_100g;sodium_mg_100g;cholesterol_mg_100g
FC002789,,Max's Restaurant Philippines Chopsuey (estimate),Low,Estimate available only by explicit selection; default nutrition unavailable.,1.0,Reference evidence and completeness; not an accuracy percentage or guarantee for your meal.,kcal_100g;protein_g_100g;carbs_g_100g;fat_g_100g;fiber_g_100g;sugar_g_100g;sodium_mg_100g;cholesterol_mg_100g
FC002790,,Max's Restaurant Philippines Lechon Kawali (estimate),Low,Estimate available only by explicit selection; default nutrition unavailable.,1.0,Reference evidence and completeness; not an accuracy percentage or guarantee for your meal.,kcal_100g;protein_g_100g;carbs_g_100g;fat_g_100g;fiber_g_100g;sugar_g_100g;sodium_mg_100g;cholesterol_mg_100g
FC002791,,Max's Restaurant Philippines Pocherong Baka (estimate),Low,Estimate available only by explicit selection; default nutrition unavailable.,1.0,Reference evidence and completeness; not an accuracy percentage or guarantee for your meal.,kcal_100g;protein_g_100g;carbs_g_100g;fat_g_100g;fiber_g_100g;sugar_g_100g;sodium_mg_100g;cholesterol_mg_100g
FC002792,,Max's Restaurant Philippines Bulalo (estimate),Low,Estimate available only by explicit selection; default nutrition unavailable.,1.0,Reference evidence and completeness; not an accuracy percentage or guarantee for your meal.,kcal_100g;protein_g_100g;carbs_g_100g;fat_g_100g;fiber_g_100g;sugar_g_100g;sodium_mg_100g;cholesterol_mg_100g
FC002793,,Max's Restaurant Philippines Beef Caldereta (estimate),Low,Estimate available only by explicit selection; default nutrition unavailable.,1.0,Reference evidence and completeness; not an accuracy percentage or guarantee for your meal.,kcal_100g;protein_g_100g;carbs_g_100g;fat_g_100g;fiber_g_100g;sugar_g_100g;sodium_mg_100g;cholesterol_mg_100g
FC002794,,Max's Restaurant Philippines Sweet and Sour Fish Fillet (estimate),Low,Estimate available only by explicit selection; default nutrition unavailable.,1.0,Reference evidence and completeness; not an accuracy percentage or guarantee for your meal.,kcal_100g;protein_g_100g;carbs_g_100g;fat_g_100g;fiber_g_100g;sugar_g_100g;sodium_mg_100g;cholesterol_mg_100g
FC002795,,Max's Restaurant Philippines Boneless Bangus (estimate),Low,Estimate available only by explicit selection; default nutrition unavailable.,1.0,Reference evidence and completeness; not an accuracy percentage or guarantee for your meal.,kcal_100g;protein_g_100g;carbs_g_100g;fat_g_100g;fiber_g_100g;sugar_g_100g;sodium_mg_100g;cholesterol_mg_100g
FC002796,,Max's Restaurant Philippines Pinakbet (estimate),Low,Estimate available only by explicit selection; default nutrition unavailable.,1.0,Reference evidence and completeness; not an accuracy percentage or guarantee for your meal.,kcal_100g;protein_g_100g;carbs_g_100g;fat_g_100g;fiber_g_100g;sugar_g_100g;sodium_mg_100g;cholesterol_mg_100g
FC002797,,Max's Restaurant Philippines Pancit Canton (estimate),Low,Estimate available only by explicit selection; default nutrition unavailable.,1.0,Reference evidence and completeness; not an accuracy percentage or guarantee for your meal.,kcal_100g;protein_g_100g;carbs_g_100g;fat_g_100g;fiber_g_100g;sugar_g_100g;sodium_mg_100g;cholesterol_mg_100g
FC002798,,Max's Restaurant Philippines Pancit Bam-I (estimate),Low,Estimate available only by explicit selection; default nutrition unavailable.,1.0,Reference evidence and completeness; not an accuracy percentage or guarantee for your meal.,kcal_100g;protein_g_100g;carbs_g_100g;fat_g_100g;fiber_g_100g;sugar_g_100g;sodium_mg_100g;cholesterol_mg_100g
FC002799,,Max's Restaurant Philippines Arroz Caldo (estimate),Low,Estimate available only by explicit selection; default nutrition unavailable.,1.0,Reference evidence and completeness; not an accuracy percentage or guarantee for your meal.,kcal_100g;protein_g_100g;carbs_g_100g;fat_g_100g;fiber_g_100g;sugar_g_100g;sodium_mg_100g;cholesterol_mg_100g
FC002800,,Giligan's Philippines Kare-kare Gulay (estimate),Low,Estimate available only by explicit selection; default nutrition unavailable.,1.0,Reference evidence and completeness; not an accuracy percentage or guarantee for your meal.,kcal_100g;protein_g_100g;carbs_g_100g;fat_g_100g;fiber_g_100g;sugar_g_100g;sodium_mg_100g;cholesterol_mg_100g
FC002801,,Giligan's Philippines Fried Chicken (estimate),Low,Estimate available only by explicit selection; default nutrition unavailable.,1.0,Reference evidence and completeness; not an accuracy percentage or guarantee for your meal.,kcal_100g;protein_g_100g;carbs_g_100g;fat_g_100g;fiber_g_100g;sugar_g_100g;sodium_mg_100g;cholesterol_mg_100g
FC002802,,Giligan's Philippines Bangus Salpicao (estimate),Low,Estimate available only by explicit selection; default nutrition unavailable.,1.0,Reference evidence and completeness; not an accuracy percentage or guarantee for your meal.,kcal_100g;protein_g_100g;carbs_g_100g;fat_g_100g;fiber_g_100g;sugar_g_100g;sodium_mg_100g;cholesterol_mg_100g
FC002803,,Giligan's Philippines Beef Caldereta (estimate),Low,Estimate available only by explicit selection; default nutrition unavailable.,1.0,Reference evidence and completeness; not an accuracy percentage or guarantee for your meal.,kcal_100g;protein_g_100g;carbs_g_100g;fat_g_100g;fiber_g_100g;sugar_g_100g;sodium_mg_100g;cholesterol_mg_100g
FC002804,,Giligan's Philippines Bihon Guisado (estimate),Low,Estimate available only by explicit selection; default nutrition unavailable.,1.0,Reference evidence and completeness; not an accuracy percentage or guarantee for your meal.,kcal_100g;protein_g_100g;carbs_g_100g;fat_g_100g;fiber_g_100g;sugar_g_100g;sodium_mg_100g;cholesterol_mg_100g
FC002805,,Giligan's Philippines Binagoongang Kangkong (estimate),Low,Estimate available only by explicit selection; default nutrition unavailable.,1.0,Reference evidence and completeness; not an accuracy percentage or guarantee for your meal.,kcal_100g;protein_g_100g;carbs_g_100g;fat_g_100g;fiber_g_100g;sugar_g_100g;sodium_mg_100g;cholesterol_mg_100g
FC002806,,Giligan's Philippines Binagoongang Lechon Kawali (estimate),Low,Estimate available only by explicit selection; default nutrition unavailable.,1.0,Reference evidence and completeness; not an accuracy percentage or guarantee for your meal.,kcal_100g;protein_g_100g;carbs_g_100g;fat_g_100g;fiber_g_100g;sugar_g_100g;sodium_mg_100g;cholesterol_mg_100g
FC002807,,Giligan's Philippines Binagoongang Talong (estimate),Low,Estimate available only by explicit selection; default nutrition unavailable.,1.0,Reference evidence and completeness; not an accuracy percentage or guarantee for your meal.,kcal_100g;protein_g_100g;carbs_g_100g;fat_g_100g;fiber_g_100g;sugar_g_100g;sodium_mg_100g;cholesterol_mg_100g
FC002808,,Giligan's Philippines Boneless Cajun Chicken (estimate),Low,Estimate available only by explicit selection; default nutrition unavailable.,1.0,Reference evidence and completeness; not an accuracy percentage or guarantee for your meal.,kcal_100g;protein_g_100g;carbs_g_100g;fat_g_100g;fiber_g_100g;sugar_g_100g;sodium_mg_100g;cholesterol_mg_100g
FC002809,,Giligan's Philippines Boneless Chicken BBQ (estimate),Low,Estimate available only by explicit selection; default nutrition unavailable.,1.0,Reference evidence and completeness; not an accuracy percentage or guarantee for your meal.,kcal_100g;protein_g_100g;carbs_g_100g;fat_g_100g;fiber_g_100g;sugar_g_100g;sodium_mg_100g;cholesterol_mg_100g
FC002810,,Giligan's Philippines Boneless Chicken Inasal (estimate),Low,Estimate available only by explicit selection; default nutrition unavailable.,1.0,Reference evidence and completeness; not an accuracy percentage or guarantee for your meal.,kcal_100g;protein_g_100g;carbs_g_100g;fat_g_100g;fiber_g_100g;sugar_g_100g;sodium_mg_100g;cholesterol_mg_100g
FC002811,,Giligan's Philippines Boneless Chicken Teriyaki (estimate),Low,Estimate available only by explicit selection; default nutrition unavailable.,1.0,Reference evidence and completeness; not an accuracy percentage or guarantee for your meal.,kcal_100g;protein_g_100g;carbs_g_100g;fat_g_100g;fiber_g_100g;sugar_g_100g;sodium_mg_100g;cholesterol_mg_100g
FC002812,,Giligan's Philippines Boneless Garlic Chicken (estimate),Low,Estimate available only by explicit selection; default nutrition unavailable.,1.0,Reference evidence and completeness; not an accuracy percentage or guarantee for your meal.,kcal_100g;protein_g_100g;carbs_g_100g;fat_g_100g;fiber_g_100g;sugar_g_100g;sodium_mg_100g;cholesterol_mg_100g
FC002813,,Giligan's Philippines Boneless Soy Honey Chicken (estimate),Low,Estimate available only by explicit selection; default nutrition unavailable.,1.0,Reference evidence and completeness; not an accuracy percentage or guarantee for your meal.,kcal_100g;protein_g_100g;carbs_g_100g;fat_g_100g;fiber_g_100g;sugar_g_100g;sodium_mg_100g;cholesterol_mg_100g
FC002814,,Giligan's Philippines Boneless Sweet and Spicy Chicken (estimate),Low,Estimate available only by explicit selection; default nutrition unavailable.,1.0,Reference evidence and completeness; not an accuracy percentage or guarantee for your meal.,kcal_100g;protein_g_100g;carbs_g_100g;fat_g_100g;fiber_g_100g;sugar_g_100g;sodium_mg_100g;cholesterol_mg_100g
FC002815,,Giligan's Philippines Bulalo Soup (estimate),Low,Estimate available only by explicit selection; default nutrition unavailable.,1.0,Reference evidence and completeness; not an accuracy percentage or guarantee for your meal.,kcal_100g;protein_g_100g;carbs_g_100g;fat_g_100g;fiber_g_100g;sugar_g_100g;sodium_mg_100g;cholesterol_mg_100g
FC002816,,Giligan's Philippines Cajun Shrimp (estimate),Low,Estimate available only by explicit selection; default nutrition unavailable.,1.0,Reference evidence and completeness; not an accuracy percentage or guarantee for your meal.,kcal_100g;protein_g_100g;carbs_g_100g;fat_g_100g;fiber_g_100g;sugar_g_100g;sodium_mg_100g;cholesterol_mg_100g
FC002817,,Giligan's Philippines Calamares Fritos (estimate),Low,Estimate available only by explicit selection; default nutrition unavailable.,1.0,Reference evidence and completeness; not an accuracy percentage or guarantee for your meal.,kcal_100g;protein_g_100g;carbs_g_100g;fat_g_100g;fiber_g_100g;sugar_g_100g;sodium_mg_100g;cholesterol_mg_100g
FC002818,,Giligan's Philippines Canton Guisado (estimate),Low,Estimate available only by explicit selection; default nutrition unavailable.,1.0,Reference evidence and completeness; not an accuracy percentage or guarantee for your meal.,kcal_100g;protein_g_100g;carbs_g_100g;fat_g_100g;fiber_g_100g;sugar_g_100g;sodium_mg_100g;cholesterol_mg_100g
FC002819,,Giligan's Philippines Chopsuey (estimate),Low,Estimate available only by explicit selection; default nutrition unavailable.,1.0,Reference evidence and completeness; not an accuracy percentage or guarantee for your meal.,kcal_100g;protein_g_100g;carbs_g_100g;fat_g_100g;fiber_g_100g;sugar_g_100g;sodium_mg_100g;cholesterol_mg_100g
FC002820,,"Restaurant, Chinese, general tso's chicken",Good,Matched reference source with all tracked nutrients available.,1.0,Reference evidence and completeness; not an accuracy percentage or guarantee for your meal.,
FC002821,,"Restaurant, Chinese, vegetable chow mein, without meat or noodles",Good,Matched reference source with all tracked nutrients available.,1.0,Reference evidence and completeness; not an accuracy percentage or guarantee for your meal.,
FC002822,,"Noodles, chinese, chow mein",Good,Matched reference source with all tracked nutrients available.,1.0,Reference evidence and completeness; not an accuracy percentage or guarantee for your meal.,
FC002823,,"Noodles, japanese, soba, dry",Medium,Matched reference source; some tracked nutrients are unknown.,1.0,Reference evidence and completeness; not an accuracy percentage or guarantee for your meal.,fiber_g_100g;sugar_g_100g
FC002824,,"Noodles, japanese, somen, dry",Medium,Matched reference source; some tracked nutrients are unknown.,1.0,Reference evidence and completeness; not an accuracy percentage or guarantee for your meal.,sugar_g_100g
FC002825,,"Broccoli, chinese, cooked",Good,Matched reference source with all tracked nutrients available.,1.0,Reference evidence and completeness; not an accuracy percentage or guarantee for your meal.,
FC002826,,"Rice, white, steamed, Chinese restaurant",Medium,Matched reference source; some tracked nutrients are unknown.,1.0,Reference evidence and completeness; not an accuracy percentage or guarantee for your meal.,sugar_g_100g;cholesterol_mg_100g
FC002827,,"Noodles, flat, crunchy, Chinese restaurant",Good,Matched reference source with all tracked nutrients available.,1.0,Reference evidence and completeness; not an accuracy percentage or guarantee for your meal.,
FC002828,,"Cabbage, japanese style, fresh, pickled",Good,Matched reference source with all tracked nutrients available.,1.0,Reference evidence and completeness; not an accuracy percentage or guarantee for your meal.,
FC002829,,"Sauce, teriyaki, ready-to-serve",Good,Matched reference source with all tracked nutrients available.,1.0,Reference evidence and completeness; not an accuracy percentage or guarantee for your meal.,
FC002830,,"Soup, wonton, Chinese restaurant",Good,Matched reference source with all tracked nutrients available.,1.0,Reference evidence and completeness; not an accuracy percentage or guarantee for your meal.,
FC002831,,"Bread, naan, plain, commercially prepared, refrigerated",Medium,Matched reference source; some tracked nutrients are unknown.,1.0,Reference evidence and completeness; not an accuracy percentage or guarantee for your meal.,cholesterol_mg_100g
FC002832,,"Hummus, home prepared",Good,Matched reference source with all tracked nutrients available.,1.0,Reference evidence and completeness; not an accuracy percentage or guarantee for your meal.,
FC002833,,"Falafel, home-prepared",Medium,Matched reference source; some tracked nutrients are unknown.,1.0,Reference evidence and completeness; not an accuracy percentage or guarantee for your meal.,fiber_g_100g;sugar_g_100g
FC002834,,"Bread, pita, white, unenriched",Medium,Matched reference source; some tracked nutrients are unknown.,1.0,Reference evidence and completeness; not an accuracy percentage or guarantee for your meal.,sugar_g_100g
FC002835,,"Sauce, teriyaki, ready-to-serve, reduced sodium",Good,Matched reference source with all tracked nutrients available.,1.0,Reference evidence and completeness; not an accuracy percentage or guarantee for your meal.,
FC002836,,"Bread, naan, whole wheat, commercially prepared, refrigerated",Good,Matched reference source with all tracked nutrients available.,1.0,Reference evidence and completeness; not an accuracy percentage or guarantee for your meal.,
FC002837,,Chickpea flour (besan),Good,Matched reference source with all tracked nutrients available.,1.0,Reference evidence and completeness; not an accuracy percentage or guarantee for your meal.,
FC002838,,"Hummus, commercial",Good,Matched reference source with all tracked nutrients available.,1.0,Reference evidence and completeness; not an accuracy percentage or guarantee for your meal.,
FC002839,,"Soup, egg drop, Chinese restaurant",Good,Matched reference source with all tracked nutrients available.,1.0,Reference evidence and completeness; not an accuracy percentage or guarantee for your meal.,
FC002840,,Botejyu Philippines Teriyaki Chicken Salad (estimate),Low,Estimate available only by explicit selection; default nutrition unavailable.,1.0,Reference evidence and completeness; not an accuracy percentage or guarantee for your meal.,kcal_100g;protein_g_100g;carbs_g_100g;fat_g_100g;fiber_g_100g;sugar_g_100g;sodium_mg_100g;cholesterol_mg_100g
FC002841,,Botejyu Philippines Chawanmushi Egg Custard (estimate),Low,Estimate available only by explicit selection; default nutrition unavailable.,1.0,Reference evidence and completeness; not an accuracy percentage or guarantee for your meal.,kcal_100g;protein_g_100g;carbs_g_100g;fat_g_100g;fiber_g_100g;sugar_g_100g;sodium_mg_100g;cholesterol_mg_100g
FC002842,,Botejyu Philippines Cheesy Pork Belly Tonpei (estimate),Low,Estimate available only by explicit selection; default nutrition unavailable.,1.0,Reference evidence and completeness; not an accuracy percentage or guarantee for your meal.,kcal_100g;protein_g_100g;carbs_g_100g;fat_g_100g;fiber_g_100g;sugar_g_100g;sodium_mg_100g;cholesterol_mg_100g
FC002843,,Botejyu Philippines Tamagoyaki (estimate),Low,Estimate available only by explicit selection; default nutrition unavailable.,1.0,Reference evidence and completeness; not an accuracy percentage or guarantee for your meal.,kcal_100g;protein_g_100g;carbs_g_100g;fat_g_100g;fiber_g_100g;sugar_g_100g;sodium_mg_100g;cholesterol_mg_100g
FC002844,,"Panda Express Philippines Orange Chicken, entree only (estimate)",Low,Estimate available only by explicit selection; default nutrition unavailable.,1.0,Reference evidence and completeness; not an accuracy percentage or guarantee for your meal.,kcal_100g;protein_g_100g;carbs_g_100g;fat_g_100g;fiber_g_100g;sugar_g_100g;sodium_mg_100g;cholesterol_mg_100g
FC002845,,"Panda Express Philippines Kung Pao Chicken, entree only (estimate)",Low,Estimate available only by explicit selection; default nutrition unavailable.,1.0,Reference evidence and completeness; not an accuracy percentage or guarantee for your meal.,kcal_100g;protein_g_100g;carbs_g_100g;fat_g_100g;fiber_g_100g;sugar_g_100g;sodium_mg_100g;cholesterol_mg_100g
FC002846,,"Panda Express Philippines Chow Mein, noodles only (estimate)",Low,Estimate available only by explicit selection; default nutrition unavailable.,1.0,Reference evidence and completeness; not an accuracy percentage or guarantee for your meal.,kcal_100g;protein_g_100g;carbs_g_100g;fat_g_100g;fiber_g_100g;sugar_g_100g;sodium_mg_100g;cholesterol_mg_100g
FC002847,,"Panda Express Philippines Fried Rice, rice only (estimate)",Low,Estimate available only by explicit selection; default nutrition unavailable.,1.0,Reference evidence and completeness; not an accuracy percentage or guarantee for your meal.,kcal_100g;protein_g_100g;carbs_g_100g;fat_g_100g;fiber_g_100g;sugar_g_100g;sodium_mg_100g;cholesterol_mg_100g
FC002848,,"Royal Indian Curry House by Swaadisht Philippines Murg Makhani Butter Chicken, curry only (estimate)",Low,Estimate available only by explicit selection; default nutrition unavailable.,1.0,Reference evidence and completeness; not an accuracy percentage or guarantee for your meal.,kcal_100g;protein_g_100g;carbs_g_100g;fat_g_100g;fiber_g_100g;sugar_g_100g;sodium_mg_100g;cholesterol_mg_100g
FC002849,,"Royal Indian Curry House by Swaadisht Philippines Chicken Biryani, rice and boneless chicken (estimate)",Low,Estimate available only by explicit selection; default nutrition unavailable.,1.0,Reference evidence and completeness; not an accuracy percentage or guarantee for your meal.,kcal_100g;protein_g_100g;carbs_g_100g;fat_g_100g;fiber_g_100g;sugar_g_100g;sodium_mg_100g;cholesterol_mg_100g
FC002850,,"Royal Indian Curry House by Swaadisht Philippines Egg Biryani, rice and egg (estimate)",Low,Estimate available only by explicit selection; default nutrition unavailable.,1.0,Reference evidence and completeness; not an accuracy percentage or guarantee for your meal.,kcal_100g;protein_g_100g;carbs_g_100g;fat_g_100g;fiber_g_100g;sugar_g_100g;sodium_mg_100g;cholesterol_mg_100g
FC002851,,"Royal Indian Curry House by Swaadisht Philippines Prawn Curry, curry only (estimate)",Low,Estimate available only by explicit selection; default nutrition unavailable.,1.0,Reference evidence and completeness; not an accuracy percentage or guarantee for your meal.,kcal_100g;protein_g_100g;carbs_g_100g;fat_g_100g;fiber_g_100g;sugar_g_100g;sodium_mg_100g;cholesterol_mg_100g
FC002852,,"Mister Kabab Philippines Beef Special Chelo Kabab, modeled rice and beef (estimate)",Low,Estimate available only by explicit selection; default nutrition unavailable.,1.0,Reference evidence and completeness; not an accuracy percentage or guarantee for your meal.,kcal_100g;protein_g_100g;carbs_g_100g;fat_g_100g;fiber_g_100g;sugar_g_100g;sodium_mg_100g;cholesterol_mg_100g
FC002853,,"Mister Kabab Philippines Chicken Special Chelo Kabab, modeled rice and chicken (estimate)",Low,Estimate available only by explicit selection; default nutrition unavailable.,1.0,Reference evidence and completeness; not an accuracy percentage or guarantee for your meal.,kcal_100g;protein_g_100g;carbs_g_100g;fat_g_100g;fiber_g_100g;sugar_g_100g;sodium_mg_100g;cholesterol_mg_100g
FC002854,,Mister Kabab Philippines Shawarma Sandwich (estimate),Low,Estimate available only by explicit selection; default nutrition unavailable.,1.0,Reference evidence and completeness; not an accuracy percentage or guarantee for your meal.,kcal_100g;protein_g_100g;carbs_g_100g;fat_g_100g;fiber_g_100g;sugar_g_100g;sodium_mg_100g;cholesterol_mg_100g
FC002855,,"Mister Kabab Philippines Chicken Barbecue, edible chicken only (estimate)",Low,Estimate available only by explicit selection; default nutrition unavailable.,1.0,Reference evidence and completeness; not an accuracy percentage or guarantee for your meal.,kcal_100g;protein_g_100g;carbs_g_100g;fat_g_100g;fiber_g_100g;sugar_g_100g;sodium_mg_100g;cholesterol_mg_100g
FC002856,,Banana Leaf Philippines Malayan Seafood Laksa (estimate),Low,Estimate available only by explicit selection; default nutrition unavailable.,1.0,Reference evidence and completeness; not an accuracy percentage or guarantee for your meal.,kcal_100g;protein_g_100g;carbs_g_100g;fat_g_100g;fiber_g_100g;sugar_g_100g;sodium_mg_100g;cholesterol_mg_100g
FC002857,,"Banana Leaf Philippines Hainanese Chicken Set Meal, modeled chicken and rice (estimate)",Low,Estimate available only by explicit selection; default nutrition unavailable.,1.0,Reference evidence and completeness; not an accuracy percentage or guarantee for your meal.,kcal_100g;protein_g_100g;carbs_g_100g;fat_g_100g;fiber_g_100g;sugar_g_100g;sodium_mg_100g;cholesterol_mg_100g
FC002858,,Banana Leaf Philippines Malayan Chicken Curry with Potatoes (estimate),Low,Estimate available only by explicit selection; default nutrition unavailable.,1.0,Reference evidence and completeness; not an accuracy percentage or guarantee for your meal.,kcal_100g;protein_g_100g;carbs_g_100g;fat_g_100g;fiber_g_100g;sugar_g_100g;sodium_mg_100g;cholesterol_mg_100g
FC002859,,Banana Leaf Philippines Penang Char Kway Teow (estimate),Low,Estimate available only by explicit selection; default nutrition unavailable.,1.0,Reference evidence and completeness; not an accuracy percentage or guarantee for your meal.,kcal_100g;protein_g_100g;carbs_g_100g;fat_g_100g;fiber_g_100g;sugar_g_100g;sodium_mg_100g;cholesterol_mg_100g
FC002860,,"Shake Shack Philippines ShackBurger, single sandwich (estimate)",Low,Estimate available only by explicit selection; default nutrition unavailable.,1.0,Reference evidence and completeness; not an accuracy percentage or guarantee for your meal.,kcal_100g;protein_g_100g;carbs_g_100g;fat_g_100g;fiber_g_100g;sugar_g_100g;sodium_mg_100g;cholesterol_mg_100g
FC002861,,"Shake Shack Philippines SmokeShack, single sandwich (estimate)",Low,Estimate available only by explicit selection; default nutrition unavailable.,1.0,Reference evidence and completeness; not an accuracy percentage or guarantee for your meal.,kcal_100g;protein_g_100g;carbs_g_100g;fat_g_100g;fiber_g_100g;sugar_g_100g;sodium_mg_100g;cholesterol_mg_100g
FC002862,,"Shake Shack Philippines Hamburger, single sandwich with lettuce and tomato (estimate)",Low,Estimate available only by explicit selection; default nutrition unavailable.,1.0,Reference evidence and completeness; not an accuracy percentage or guarantee for your meal.,kcal_100g;protein_g_100g;carbs_g_100g;fat_g_100g;fiber_g_100g;sugar_g_100g;sodium_mg_100g;cholesterol_mg_100g
FC002863,,"Shake Shack Philippines Grilled Cheese, sandwich only (estimate)",Low,Estimate available only by explicit selection; default nutrition unavailable.,1.0,Reference evidence and completeness; not an accuracy percentage or guarantee for your meal.,kcal_100g;protein_g_100g;carbs_g_100g;fat_g_100g;fiber_g_100g;sugar_g_100g;sodium_mg_100g;cholesterol_mg_100g
FC002864,,"Oyakodon, chicken and egg over rice (Japanese) (estimate)",Low,Estimate available only by explicit selection; default nutrition unavailable.,1.0,Reference evidence and completeness; not an accuracy percentage or guarantee for your meal.,kcal_100g;protein_g_100g;carbs_g_100g;fat_g_100g;fiber_g_100g;sugar_g_100g;sodium_mg_100g;cholesterol_mg_100g
FC002865,,"Gyudon, beef and onion over rice (Japanese) (estimate)",Low,Estimate available only by explicit selection; default nutrition unavailable.,1.0,Reference evidence and completeness; not an accuracy percentage or guarantee for your meal.,kcal_100g;protein_g_100g;carbs_g_100g;fat_g_100g;fiber_g_100g;sugar_g_100g;sodium_mg_100g;cholesterol_mg_100g
FC002866,,"Mapo tofu, pork version, no rice (Chinese) (estimate)",Low,Estimate available only by explicit selection; default nutrition unavailable.,1.0,Reference evidence and completeness; not an accuracy percentage or guarantee for your meal.,kcal_100g;protein_g_100g;carbs_g_100g;fat_g_100g;fiber_g_100g;sugar_g_100g;sodium_mg_100g;cholesterol_mg_100g
FC002867,,Shrimp and egg fried rice (Chinese) (estimate),Low,Estimate available only by explicit selection; default nutrition unavailable.,1.0,Reference evidence and completeness; not an accuracy percentage or guarantee for your meal.,kcal_100g;protein_g_100g;carbs_g_100g;fat_g_100g;fiber_g_100g;sugar_g_100g;sodium_mg_100g;cholesterol_mg_100g
FC002868,,"Chana masala, chickpea curry, no rice (Indian) (estimate)",Low,Estimate available only by explicit selection; default nutrition unavailable.,1.0,Reference evidence and completeness; not an accuracy percentage or guarantee for your meal.,kcal_100g;protein_g_100g;carbs_g_100g;fat_g_100g;fiber_g_100g;sugar_g_100g;sodium_mg_100g;cholesterol_mg_100g
FC002869,,"Chicken biryani, modeled boneless rice mixture (Indian) (estimate)",Low,Estimate available only by explicit selection; default nutrition unavailable.,1.0,Reference evidence and completeness; not an accuracy percentage or guarantee for your meal.,kcal_100g;protein_g_100g;carbs_g_100g;fat_g_100g;fiber_g_100g;sugar_g_100g;sodium_mg_100g;cholesterol_mg_100g
FC002870,,"Chicken shawarma, meat only (Middle Eastern) (estimate)",Low,Estimate available only by explicit selection; default nutrition unavailable.,1.0,Reference evidence and completeness; not an accuracy percentage or guarantee for your meal.,kcal_100g;protein_g_100g;carbs_g_100g;fat_g_100g;fiber_g_100g;sugar_g_100g;sodium_mg_100g;cholesterol_mg_100g
FC002871,,"Chicken kofta kebab, meat only (Middle Eastern) (estimate)",Low,Estimate available only by explicit selection; default nutrition unavailable.,1.0,Reference evidence and completeness; not an accuracy percentage or guarantee for your meal.,kcal_100g;protein_g_100g;carbs_g_100g;fat_g_100g;fiber_g_100g;sugar_g_100g;sodium_mg_100g;cholesterol_mg_100g
FC002872,,"Hainanese chicken rice, modeled boneless mixture (Singaporean) (estimate)",Low,Estimate available only by explicit selection; default nutrition unavailable.,1.0,Reference evidence and completeness; not an accuracy percentage or guarantee for your meal.,kcal_100g;protein_g_100g;carbs_g_100g;fat_g_100g;fiber_g_100g;sugar_g_100g;sodium_mg_100g;cholesterol_mg_100g
FC002873,,"Laksa, shrimp coconut noodle soup (Singaporean) (estimate)",Low,Estimate available only by explicit selection; default nutrition unavailable.,1.0,Reference evidence and completeness; not an accuracy percentage or guarantee for your meal.,kcal_100g;protein_g_100g;carbs_g_100g;fat_g_100g;fiber_g_100g;sugar_g_100g;sodium_mg_100g;cholesterol_mg_100g
FC002874,,"Athlene ACTIVE Whey Protein, Chocolate, dry powder",Medium,Matched reference source; some tracked nutrients are unknown.,1.0,Reference evidence and completeness; not an accuracy percentage or guarantee for your meal.,fiber_g_100g
FC002875,,"NESCAFE Original, dry coffee mix (estimate)",Low,Estimate available only by explicit selection; default nutrition unavailable.,1.0,Reference evidence and completeness; not an accuracy percentage or guarantee for your meal.,kcal_100g;protein_g_100g;carbs_g_100g;fat_g_100g;fiber_g_100g;sugar_g_100g;sodium_mg_100g;cholesterol_mg_100g
FC002876,,"NESCAFE Creamy White, dry coffee mix (estimate)",Low,Estimate available only by explicit selection; default nutrition unavailable.,1.0,Reference evidence and completeness; not an accuracy percentage or guarantee for your meal.,kcal_100g;protein_g_100g;carbs_g_100g;fat_g_100g;fiber_g_100g;sugar_g_100g;sodium_mg_100g;cholesterol_mg_100g
FC002877,,"NESCAFE Creamy Latte, dry coffee mix (estimate)",Low,Estimate available only by explicit selection; default nutrition unavailable.,1.0,Reference evidence and completeness; not an accuracy percentage or guarantee for your meal.,kcal_100g;protein_g_100g;carbs_g_100g;fat_g_100g;fiber_g_100g;sugar_g_100g;sodium_mg_100g;cholesterol_mg_100g
FC002878,,"Lucky Me Pancit Canton Original, dry noodles and seasoning (estimate)",Low,Estimate available only by explicit selection; default nutrition unavailable.,1.0,Reference evidence and completeness; not an accuracy percentage or guarantee for your meal.,kcal_100g;protein_g_100g;carbs_g_100g;fat_g_100g;fiber_g_100g;sugar_g_100g;sodium_mg_100g;cholesterol_mg_100g
FC002879,,"Lucky Me Pancit Canton Original, prepared 2.5x dry-mass yield (estimate)",Low,Estimate available only by explicit selection; default nutrition unavailable.,1.0,Reference evidence and completeness; not an accuracy percentage or guarantee for your meal.,kcal_100g;protein_g_100g;carbs_g_100g;fat_g_100g;fiber_g_100g;sugar_g_100g;sodium_mg_100g;cholesterol_mg_100g
FC002880,,"Lucky Me Pancit Canton Chilimansi, dry noodles and seasoning (estimate)",Low,Estimate available only by explicit selection; default nutrition unavailable.,1.0,Reference evidence and completeness; not an accuracy percentage or guarantee for your meal.,kcal_100g;protein_g_100g;carbs_g_100g;fat_g_100g;fiber_g_100g;sugar_g_100g;sodium_mg_100g;cholesterol_mg_100g
FC002881,,"Lucky Me Pancit Canton Chilimansi, prepared 2.5x dry-mass yield (estimate)",Low,Estimate available only by explicit selection; default nutrition unavailable.,1.0,Reference evidence and completeness; not an accuracy percentage or guarantee for your meal.,kcal_100g;protein_g_100g;carbs_g_100g;fat_g_100g;fiber_g_100g;sugar_g_100g;sodium_mg_100g;cholesterol_mg_100g
FC002882,,SkyFlakes Original crackers (estimate),Low,Estimate available only by explicit selection; default nutrition unavailable.,1.0,Reference evidence and completeness; not an accuracy percentage or guarantee for your meal.,kcal_100g;protein_g_100g;carbs_g_100g;fat_g_100g;fiber_g_100g;sugar_g_100g;sodium_mg_100g;cholesterol_mg_100g
FC002883,,Fita Original crackers (estimate),Low,Estimate available only by explicit selection; default nutrition unavailable.,1.0,Reference evidence and completeness; not an accuracy percentage or guarantee for your meal.,kcal_100g;protein_g_100g;carbs_g_100g;fat_g_100g;fiber_g_100g;sugar_g_100g;sodium_mg_100g;cholesterol_mg_100g
FC002884,,M.Y. San Grahams (estimate),Low,Estimate available only by explicit selection; default nutrition unavailable.,1.0,Reference evidence and completeness; not an accuracy percentage or guarantee for your meal.,kcal_100g;protein_g_100g;carbs_g_100g;fat_g_100g;fiber_g_100g;sugar_g_100g;sodium_mg_100g;cholesterol_mg_100g
FC002885,,"Jack n Jill Piattos, cheese flavor (estimate)",Low,Estimate available only by explicit selection; default nutrition unavailable.,1.0,Reference evidence and completeness; not an accuracy percentage or guarantee for your meal.,kcal_100g;protein_g_100g;carbs_g_100g;fat_g_100g;fiber_g_100g;sugar_g_100g;sodium_mg_100g;cholesterol_mg_100g
FC002886,,"Jack n Jill Chippy, barbecue flavor (estimate)",Low,Estimate available only by explicit selection; default nutrition unavailable.,1.0,Reference evidence and completeness; not an accuracy percentage or guarantee for your meal.,kcal_100g;protein_g_100g;carbs_g_100g;fat_g_100g;fiber_g_100g;sugar_g_100g;sodium_mg_100g;cholesterol_mg_100g
FC002887,,"Jack n Jill Nova, modeled multigrain chips (estimate)",Low,Estimate available only by explicit selection; default nutrition unavailable.,1.0,Reference evidence and completeness; not an accuracy percentage or guarantee for your meal.,kcal_100g;protein_g_100g;carbs_g_100g;fat_g_100g;fiber_g_100g;sugar_g_100g;sodium_mg_100g;cholesterol_mg_100g
FC002888,,"Jack n Jill Cream-O, chocolate sandwich cookies (estimate)",Low,Estimate available only by explicit selection; default nutrition unavailable.,1.0,Reference evidence and completeness; not an accuracy percentage or guarantee for your meal.,kcal_100g;protein_g_100g;carbs_g_100g;fat_g_100g;fiber_g_100g;sugar_g_100g;sodium_mg_100g;cholesterol_mg_100g
FC002889,,"Jack n Jill Cloud 9, chocolate caramel peanut bar (estimate)",Low,Estimate available only by explicit selection; default nutrition unavailable.,1.0,Reference evidence and completeness; not an accuracy percentage or guarantee for your meal.,kcal_100g;protein_g_100g;carbs_g_100g;fat_g_100g;fiber_g_100g;sugar_g_100g;sodium_mg_100g;cholesterol_mg_100g
FC002890,,"Oishi Prawn Crackers, original (estimate)",Low,Estimate available only by explicit selection; default nutrition unavailable.,1.0,Reference evidence and completeness; not an accuracy percentage or guarantee for your meal.,kcal_100g;protein_g_100g;carbs_g_100g;fat_g_100g;fiber_g_100g;sugar_g_100g;sodium_mg_100g;cholesterol_mg_100g
FC002891,,"Century Tuna Flakes in Oil, undrained (estimate)",Low,Estimate available only by explicit selection; default nutrition unavailable.,1.0,Reference evidence and completeness; not an accuracy percentage or guarantee for your meal.,kcal_100g;protein_g_100g;carbs_g_100g;fat_g_100g;fiber_g_100g;sugar_g_100g;sodium_mg_100g;cholesterol_mg_100g
FC002892,,"Century Tuna Flakes in Brine, undrained (estimate)",Low,Estimate available only by explicit selection; default nutrition unavailable.,1.0,Reference evidence and completeness; not an accuracy percentage or guarantee for your meal.,kcal_100g;protein_g_100g;carbs_g_100g;fat_g_100g;fiber_g_100g;sugar_g_100g;sodium_mg_100g;cholesterol_mg_100g
FC002893,,"555 Sardines in Tomato Sauce, undrained (estimate)",Low,Estimate available only by explicit selection; default nutrition unavailable.,1.0,Reference evidence and completeness; not an accuracy percentage or guarantee for your meal.,kcal_100g;protein_g_100g;carbs_g_100g;fat_g_100g;fiber_g_100g;sugar_g_100g;sodium_mg_100g;cholesterol_mg_100g
FC002894,,"Argentina Corned Beef, as canned (estimate)",Low,Estimate available only by explicit selection; default nutrition unavailable.,1.0,Reference evidence and completeness; not an accuracy percentage or guarantee for your meal.,kcal_100g;protein_g_100g;carbs_g_100g;fat_g_100g;fiber_g_100g;sugar_g_100g;sodium_mg_100g;cholesterol_mg_100g
FC002895,,"Argentina Beef Loaf, as canned (estimate)",Low,Estimate available only by explicit selection; default nutrition unavailable.,1.0,Reference evidence and completeness; not an accuracy percentage or guarantee for your meal.,kcal_100g;protein_g_100g;carbs_g_100g;fat_g_100g;fiber_g_100g;sugar_g_100g;sodium_mg_100g;cholesterol_mg_100g
FC002896,,"555 Carne Norte, as canned (estimate)",Low,Estimate available only by explicit selection; default nutrition unavailable.,1.0,Reference evidence and completeness; not an accuracy percentage or guarantee for your meal.,kcal_100g;protein_g_100g;carbs_g_100g;fat_g_100g;fiber_g_100g;sugar_g_100g;sodium_mg_100g;cholesterol_mg_100g
FC002897,,"Maling Chicken Luncheon Meat, as canned (estimate)",Low,Estimate available only by explicit selection; default nutrition unavailable.,1.0,Reference evidence and completeness; not an accuracy percentage or guarantee for your meal.,kcal_100g;protein_g_100g;carbs_g_100g;fat_g_100g;fiber_g_100g;sugar_g_100g;sodium_mg_100g;cholesterol_mg_100g
FC002898,,UFC Tamis Anghang Banana Catsup (estimate),Low,Estimate available only by explicit selection; default nutrition unavailable.,1.0,Reference evidence and completeness; not an accuracy percentage or guarantee for your meal.,kcal_100g;protein_g_100g;carbs_g_100g;fat_g_100g;fiber_g_100g;sugar_g_100g;sodium_mg_100g;cholesterol_mg_100g
FC002899,,Datu Puti Soy Sauce (estimate),Low,Estimate available only by explicit selection; default nutrition unavailable.,1.0,Reference evidence and completeness; not an accuracy percentage or guarantee for your meal.,kcal_100g;protein_g_100g;carbs_g_100g;fat_g_100g;fiber_g_100g;sugar_g_100g;sodium_mg_100g;cholesterol_mg_100g
FC002900,,Silver Swan Soy Sauce (estimate),Low,Estimate available only by explicit selection; default nutrition unavailable.,1.0,Reference evidence and completeness; not an accuracy percentage or guarantee for your meal.,kcal_100g;protein_g_100g;carbs_g_100g;fat_g_100g;fiber_g_100g;sugar_g_100g;sodium_mg_100g;cholesterol_mg_100g
FC002901,,Datu Puti White Vinegar (estimate),Low,Estimate available only by explicit selection; default nutrition unavailable.,1.0,Reference evidence and completeness; not an accuracy percentage or guarantee for your meal.,kcal_100g;protein_g_100g;carbs_g_100g;fat_g_100g;fiber_g_100g;sugar_g_100g;sodium_mg_100g;cholesterol_mg_100g
FC002902,,Datu Puti Fish Sauce (estimate),Low,Estimate available only by explicit selection; default nutrition unavailable.,1.0,Reference evidence and completeness; not an accuracy percentage or guarantee for your meal.,kcal_100g;protein_g_100g;carbs_g_100g;fat_g_100g;fiber_g_100g;sugar_g_100g;sodium_mg_100g;cholesterol_mg_100g
FC002903,,Goldilocks Classic Polvoron (estimate),Low,Estimate available only by explicit selection; default nutrition unavailable.,1.0,Reference evidence and completeness; not an accuracy percentage or guarantee for your meal.,kcal_100g;protein_g_100g;carbs_g_100g;fat_g_100g;fiber_g_100g;sugar_g_100g;sodium_mg_100g;cholesterol_mg_100g
FC002904,,Goldilocks Cookies and Cream Polvoron (estimate),Low,Estimate available only by explicit selection; default nutrition unavailable.,1.0,Reference evidence and completeness; not an accuracy percentage or guarantee for your meal.,kcal_100g;protein_g_100g;carbs_g_100g;fat_g_100g;fiber_g_100g;sugar_g_100g;sodium_mg_100g;cholesterol_mg_100g
FC002905,,Goldilocks Classic Puto (estimate),Low,Estimate available only by explicit selection; default nutrition unavailable.,1.0,Reference evidence and completeness; not an accuracy percentage or guarantee for your meal.,kcal_100g;protein_g_100g;carbs_g_100g;fat_g_100g;fiber_g_100g;sugar_g_100g;sodium_mg_100g;cholesterol_mg_100g
FC002906,,Goldilocks Butter Puto (estimate),Low,Estimate available only by explicit selection; default nutrition unavailable.,1.0,Reference evidence and completeness; not an accuracy percentage or guarantee for your meal.,kcal_100g;protein_g_100g;carbs_g_100g;fat_g_100g;fiber_g_100g;sugar_g_100g;sodium_mg_100g;cholesterol_mg_100g
FC002907,,Goldilocks Leche Flan (estimate),Low,Estimate available only by explicit selection; default nutrition unavailable.,1.0,Reference evidence and completeness; not an accuracy percentage or guarantee for your meal.,kcal_100g;protein_g_100g;carbs_g_100g;fat_g_100g;fiber_g_100g;sugar_g_100g;sodium_mg_100g;cholesterol_mg_100g
FC002908,,Biko with condensed milk topping (estimate),Low,Estimate available only by explicit selection; default nutrition unavailable.,1.0,Reference evidence and completeness; not an accuracy percentage or guarantee for your meal.,kcal_100g;protein_g_100g;carbs_g_100g;fat_g_100g;fiber_g_100g;sugar_g_100g;sodium_mg_100g;cholesterol_mg_100g
FC002909,,Suman sa ibos with ripe mango (estimate),Low,Estimate available only by explicit selection; default nutrition unavailable.,1.0,Reference evidence and completeness; not an accuracy percentage or guarantee for your meal.,kcal_100g;protein_g_100g;carbs_g_100g;fat_g_100g;fiber_g_100g;sugar_g_100g;sodium_mg_100g;cholesterol_mg_100g
FC002910,,Kutsinta with condensed milk topping (estimate),Low,Estimate available only by explicit selection; default nutrition unavailable.,1.0,Reference evidence and completeness; not an accuracy percentage or guarantee for your meal.,kcal_100g;protein_g_100g;carbs_g_100g;fat_g_100g;fiber_g_100g;sugar_g_100g;sodium_mg_100g;cholesterol_mg_100g
FC002911,,Palitaw with condensed milk topping (estimate),Low,Estimate available only by explicit selection; default nutrition unavailable.,1.0,Reference evidence and completeness; not an accuracy percentage or guarantee for your meal.,kcal_100g;protein_g_100g;carbs_g_100g;fat_g_100g;fiber_g_100g;sugar_g_100g;sodium_mg_100g;cholesterol_mg_100g
FC002912,,Turon with vanilla ice cream (estimate),Low,Estimate available only by explicit selection; default nutrition unavailable.,1.0,Reference evidence and completeness; not an accuracy percentage or guarantee for your meal.,kcal_100g;protein_g_100g;carbs_g_100g;fat_g_100g;fiber_g_100g;sugar_g_100g;sodium_mg_100g;cholesterol_mg_100g
FC002913,,Banana cue with vanilla ice cream (estimate),Low,Estimate available only by explicit selection; default nutrition unavailable.,1.0,Reference evidence and completeness; not an accuracy percentage or guarantee for your meal.,kcal_100g;protein_g_100g;carbs_g_100g;fat_g_100g;fiber_g_100g;sugar_g_100g;sodium_mg_100g;cholesterol_mg_100g
FC002914,,Starbucks Philippines Iced Caffe Latte (estimate),Low,Estimate available only by explicit selection; default nutrition unavailable.,1.0,Reference evidence and completeness; not an accuracy percentage or guarantee for your meal.,kcal_100g;protein_g_100g;carbs_g_100g;fat_g_100g;fiber_g_100g;sugar_g_100g;sodium_mg_100g;cholesterol_mg_100g
FC002915,,Starbucks Philippines Iced Caramel Macchiato (estimate),Low,Estimate available only by explicit selection; default nutrition unavailable.,1.0,Reference evidence and completeness; not an accuracy percentage or guarantee for your meal.,kcal_100g;protein_g_100g;carbs_g_100g;fat_g_100g;fiber_g_100g;sugar_g_100g;sodium_mg_100g;cholesterol_mg_100g
FC002916,,"Starbucks Philippines Caffe Mocha, modeled milk and chocolate (estimate)",Low,Estimate available only by explicit selection; default nutrition unavailable.,1.0,Reference evidence and completeness; not an accuracy percentage or guarantee for your meal.,kcal_100g;protein_g_100g;carbs_g_100g;fat_g_100g;fiber_g_100g;sugar_g_100g;sodium_mg_100g;cholesterol_mg_100g
FC002917,,"Starbucks Philippines Cappuccino, hot (estimate)",Low,Estimate available only by explicit selection; default nutrition unavailable.,1.0,Reference evidence and completeness; not an accuracy percentage or guarantee for your meal.,kcal_100g;protein_g_100g;carbs_g_100g;fat_g_100g;fiber_g_100g;sugar_g_100g;sodium_mg_100g;cholesterol_mg_100g
FC002918,,"Starbucks Philippines Hot Brewed Coffee, unsweetened (estimate)",Low,Estimate available only by explicit selection; default nutrition unavailable.,1.0,Reference evidence and completeness; not an accuracy percentage or guarantee for your meal.,kcal_100g;protein_g_100g;carbs_g_100g;fat_g_100g;fiber_g_100g;sugar_g_100g;sodium_mg_100g;cholesterol_mg_100g
FC002919,,"Starbucks Philippines Coffee Frappuccino, modeled blended drink (estimate)",Low,Estimate available only by explicit selection; default nutrition unavailable.,1.0,Reference evidence and completeness; not an accuracy percentage or guarantee for your meal.,kcal_100g;protein_g_100g;carbs_g_100g;fat_g_100g;fiber_g_100g;sugar_g_100g;sodium_mg_100g;cholesterol_mg_100g
FC002920,,"Starbucks Philippines Caramel Frappuccino, modeled blended drink (estimate)",Low,Estimate available only by explicit selection; default nutrition unavailable.,1.0,Reference evidence and completeness; not an accuracy percentage or guarantee for your meal.,kcal_100g;protein_g_100g;carbs_g_100g;fat_g_100g;fiber_g_100g;sugar_g_100g;sodium_mg_100g;cholesterol_mg_100g
FC002921,,"Starbucks Philippines Chocolate Cream Frappuccino, modeled blended drink (estimate)",Low,Estimate available only by explicit selection; default nutrition unavailable.,1.0,Reference evidence and completeness; not an accuracy percentage or guarantee for your meal.,kcal_100g;protein_g_100g;carbs_g_100g;fat_g_100g;fiber_g_100g;sugar_g_100g;sodium_mg_100g;cholesterol_mg_100g
FC002922,,"PICKUP COFFEE Kape Kastila, iced (estimate)",Low,Estimate available only by explicit selection; default nutrition unavailable.,1.0,Reference evidence and completeness; not an accuracy percentage or guarantee for your meal.,kcal_100g;protein_g_100g;carbs_g_100g;fat_g_100g;fiber_g_100g;sugar_g_100g;sodium_mg_100g;cholesterol_mg_100g
FC002923,,PICKUP COFFEE Iced Caramel Macchiato (estimate),Low,Estimate available only by explicit selection; default nutrition unavailable.,1.0,Reference evidence and completeness; not an accuracy percentage or guarantee for your meal.,kcal_100g;protein_g_100g;carbs_g_100g;fat_g_100g;fiber_g_100g;sugar_g_100g;sodium_mg_100g;cholesterol_mg_100g
FC002924,,PICKUP COFFEE Iced White Mocha Latte (estimate),Low,Estimate available only by explicit selection; default nutrition unavailable.,1.0,Reference evidence and completeness; not an accuracy percentage or guarantee for your meal.,kcal_100g;protein_g_100g;carbs_g_100g;fat_g_100g;fiber_g_100g;sugar_g_100g;sodium_mg_100g;cholesterol_mg_100g
FC002925,,PICKUP COFFEE Iced Latte (estimate),Low,Estimate available only by explicit selection; default nutrition unavailable.,1.0,Reference evidence and completeness; not an accuracy percentage or guarantee for your meal.,kcal_100g;protein_g_100g;carbs_g_100g;fat_g_100g;fiber_g_100g;sugar_g_100g;sodium_mg_100g;cholesterol_mg_100g
FC002926,,"PICKUP COFFEE Cappuccino, hot (estimate)",Low,Estimate available only by explicit selection; default nutrition unavailable.,1.0,Reference evidence and completeness; not an accuracy percentage or guarantee for your meal.,kcal_100g;protein_g_100g;carbs_g_100g;fat_g_100g;fiber_g_100g;sugar_g_100g;sodium_mg_100g;cholesterol_mg_100g
FC002927,,PICKUP COFFEE Iced Dark Chocolate Latte (estimate),Low,Estimate available only by explicit selection; default nutrition unavailable.,1.0,Reference evidence and completeness; not an accuracy percentage or guarantee for your meal.,kcal_100g;protein_g_100g;carbs_g_100g;fat_g_100g;fiber_g_100g;sugar_g_100g;sodium_mg_100g;cholesterol_mg_100g
FC002928,,"Cobra Energy Drink, original modeled sweetened liquid (estimate)",Low,Estimate available only by explicit selection; default nutrition unavailable.,1.0,Reference evidence and completeness; not an accuracy percentage or guarantee for your meal.,kcal_100g;protein_g_100g;carbs_g_100g;fat_g_100g;fiber_g_100g;sugar_g_100g;sodium_mg_100g;cholesterol_mg_100g
FC002929,,"Sting Energy Drink Strawberry, modeled sweetened liquid (estimate)",Low,Estimate available only by explicit selection; default nutrition unavailable.,1.0,Reference evidence and completeness; not an accuracy percentage or guarantee for your meal.,kcal_100g;protein_g_100g;carbs_g_100g;fat_g_100g;fiber_g_100g;sugar_g_100g;sodium_mg_100g;cholesterol_mg_100g
FC002930,,"C2 lemon green tea, modeled sweetened drink (estimate)",Low,Estimate available only by explicit selection; default nutrition unavailable.,1.0,Reference evidence and completeness; not an accuracy percentage or guarantee for your meal.,kcal_100g;protein_g_100g;carbs_g_100g;fat_g_100g;fiber_g_100g;sugar_g_100g;sodium_mg_100g;cholesterol_mg_100g
FC002931,,"Athlene ACTIVE Whey Chocolate shake, 32.4 g powder plus 250 g water (estimate)",Low,Estimate available only by explicit selection; default nutrition unavailable.,1.0,Reference evidence and completeness; not an accuracy percentage or guarantee for your meal.,kcal_100g;protein_g_100g;carbs_g_100g;fat_g_100g;fiber_g_100g;sugar_g_100g;sodium_mg_100g;cholesterol_mg_100g
FC002932,,"Athlene ACTIVE Whey Chocolate shake, 32.4 g powder plus 250 g whole milk (estimate)",Low,Estimate available only by explicit selection; default nutrition unavailable.,1.0,Reference evidence and completeness; not an accuracy percentage or guarantee for your meal.,kcal_100g;protein_g_100g;carbs_g_100g;fat_g_100g;fiber_g_100g;sugar_g_100g;sodium_mg_100g;cholesterol_mg_100g
FC002933,,"Coca-Cola Original Taste Philippines, label-derived density approximation (estimate)",Low,Estimate available only by explicit selection; default nutrition unavailable.,1.0,Reference evidence and completeness; not an accuracy percentage or guarantee for your meal.,kcal_100g;protein_g_100g;carbs_g_100g;fat_g_100g;fiber_g_100g;sugar_g_100g;sodium_mg_100g;cholesterol_mg_100g
FC002934,,"Coca-Cola Light Taste Philippines, label-derived density approximation (estimate)",Low,Estimate available only by explicit selection; default nutrition unavailable.,1.0,Reference evidence and completeness; not an accuracy percentage or guarantee for your meal.,kcal_100g;protein_g_100g;carbs_g_100g;fat_g_100g;fiber_g_100g;sugar_g_100g;sodium_mg_100g;cholesterol_mg_100g
FC002935,,"Coca-Cola Zero Sugar Philippines, label-derived density approximation (estimate)",Low,Estimate available only by explicit selection; default nutrition unavailable.,1.0,Reference evidence and completeness; not an accuracy percentage or guarantee for your meal.,kcal_100g;protein_g_100g;carbs_g_100g;fat_g_100g;fiber_g_100g;sugar_g_100g;sodium_mg_100g;cholesterol_mg_100g
FC002936,,"Sprite, 240 mL label formulation Philippines, label-derived density approximation (estimate)",Low,Estimate available only by explicit selection; default nutrition unavailable.,1.0,Reference evidence and completeness; not an accuracy percentage or guarantee for your meal.,kcal_100g;protein_g_100g;carbs_g_100g;fat_g_100g;fiber_g_100g;sugar_g_100g;sodium_mg_100g;cholesterol_mg_100g
FC002937,,"Sprite Zero Philippines, label-derived density approximation (estimate)",Low,Estimate available only by explicit selection; default nutrition unavailable.,1.0,Reference evidence and completeness; not an accuracy percentage or guarantee for your meal.,kcal_100g;protein_g_100g;carbs_g_100g;fat_g_100g;fiber_g_100g;sugar_g_100g;sodium_mg_100g;cholesterol_mg_100g
FC002938,,"Royal Tru-Orange Philippines, label-derived density approximation (estimate)",Low,Estimate available only by explicit selection; default nutrition unavailable.,1.0,Reference evidence and completeness; not an accuracy percentage or guarantee for your meal.,kcal_100g;protein_g_100g;carbs_g_100g;fat_g_100g;fiber_g_100g;sugar_g_100g;sodium_mg_100g;cholesterol_mg_100g
FC002939,,"Royal Zero Sugar Philippines, label-derived density approximation (estimate)",Low,Estimate available only by explicit selection; default nutrition unavailable.,1.0,Reference evidence and completeness; not an accuracy percentage or guarantee for your meal.,kcal_100g;protein_g_100g;carbs_g_100g;fat_g_100g;fiber_g_100g;sugar_g_100g;sodium_mg_100g;cholesterol_mg_100g
FC002940,,"Royal Tru-Grape Philippines, label-derived density approximation (estimate)",Low,Estimate available only by explicit selection; default nutrition unavailable.,1.0,Reference evidence and completeness; not an accuracy percentage or guarantee for your meal.,kcal_100g;protein_g_100g;carbs_g_100g;fat_g_100g;fiber_g_100g;sugar_g_100g;sodium_mg_100g;cholesterol_mg_100g
FC002941,,"Royal Tru-Lemon Philippines, label-derived density approximation (estimate)",Low,Estimate available only by explicit selection; default nutrition unavailable.,1.0,Reference evidence and completeness; not an accuracy percentage or guarantee for your meal.,kcal_100g;protein_g_100g;carbs_g_100g;fat_g_100g;fiber_g_100g;sugar_g_100g;sodium_mg_100g;cholesterol_mg_100g
