estimate_id,ingredient_food_id,ingredient_name,edible_grams,kcal_100g,protein_g_100g,carbs_g_100g,fat_g_100g,fiber_g_100g,sugar_g_100g,sodium_mg_100g,cholesterol_mg_100g,nutrient_provenance_json
EST_PANTRY_20260918_001_V1,FC000645,"Coffee, creamer & sugar (3 in 1)",100,392.0,3.6,92.5,0.8,0.0,46.5,65.0,0.0,"{""carbs_g_100g"": {""label"": ""Verified"", ""source_name"": ""DOST-FNRI PhilFCT"", ""source_record_id"": ""Q011"", ""source_url"": ""https://i.fnri.dost.gov.ph/fct/library/report/4370"", ""value_for_portion"": 92.5, ""value_per_100g"": 92.5}, ""cholesterol_mg_100g"": {""label"": ""Verified"", ""source_name"": ""DOST-FNRI PhilFCT"", ""source_record_id"": ""Q011"", ""source_url"": ""https://i.fnri.dost.gov.ph/fct/library/report/4370"", ""value_for_portion"": 0.0, ""value_per_100g"": 0.0}, ""fat_g_100g"": {""label"": ""Verified"", ""source_name"": ""DOST-FNRI PhilFCT"", ""source_record_id"": ""Q011"", ""source_url"": ""https://i.fnri.dost.gov.ph/fct/library/report/4370"", ""value_for_portion"": 0.8, ""value_per_100g"": 0.8}, ""fiber_g_100g"": {""label"": ""Verified"", ""source_name"": ""DOST-FNRI PhilFCT"", ""source_record_id"": ""Q011"", ""source_url"": ""https://i.fnri.dost.gov.ph/fct/library/report/4370"", ""value_for_portion"": 0.0, ""value_per_100g"": 0.0}, ""kcal_100g"": {""label"": ""Verified"", ""source_name"": ""DOST-FNRI PhilFCT"", ""source_record_id"": ""Q011"", ""source_url"": ""https://i.fnri.dost.gov.ph/fct/library/report/4370"", ""value_for_portion"": 392.0, ""value_per_100g"": 392.0}, ""protein_g_100g"": {""label"": ""Verified"", ""source_name"": ""DOST-FNRI PhilFCT"", ""source_record_id"": ""Q011"", ""source_url"": ""https://i.fnri.dost.gov.ph/fct/library/report/4370"", ""value_for_portion"": 3.6, ""value_per_100g"": 3.6}, ""sodium_mg_100g"": {""label"": ""Verified"", ""source_name"": ""DOST-FNRI PhilFCT"", ""source_record_id"": ""Q011"", ""source_url"": ""https://i.fnri.dost.gov.ph/fct/library/report/4370"", ""value_for_portion"": 65.0, ""value_per_100g"": 65.0}, ""sugar_g_100g"": {""label"": ""Verified"", ""source_name"": ""DOST-FNRI PhilFCT"", ""source_record_id"": ""Q011"", ""source_url"": ""https://i.fnri.dost.gov.ph/fct/library/report/4370"", ""value_for_portion"": 46.5, ""value_per_100g"": 46.5}}"
EST_PANTRY_20260918_002_V1,FC000645,"Coffee, creamer & sugar (3 in 1)",100,392.0,3.6,92.5,0.8,0.0,46.5,65.0,0.0,"{""carbs_g_100g"": {""label"": ""Verified"", ""source_name"": ""DOST-FNRI PhilFCT"", ""source_record_id"": ""Q011"", ""source_url"": ""https://i.fnri.dost.gov.ph/fct/library/report/4370"", ""value_for_portion"": 92.5, ""value_per_100g"": 92.5}, ""cholesterol_mg_100g"": {""label"": ""Verified"", ""source_name"": ""DOST-FNRI PhilFCT"", ""source_record_id"": ""Q011"", ""source_url"": ""https://i.fnri.dost.gov.ph/fct/library/report/4370"", ""value_for_portion"": 0.0, ""value_per_100g"": 0.0}, ""fat_g_100g"": {""label"": ""Verified"", ""source_name"": ""DOST-FNRI PhilFCT"", ""source_record_id"": ""Q011"", ""source_url"": ""https://i.fnri.dost.gov.ph/fct/library/report/4370"", ""value_for_portion"": 0.8, ""value_per_100g"": 0.8}, ""fiber_g_100g"": {""label"": ""Verified"", ""source_name"": ""DOST-FNRI PhilFCT"", ""source_record_id"": ""Q011"", ""source_url"": ""https://i.fnri.dost.gov.ph/fct/library/report/4370"", ""value_for_portion"": 0.0, ""value_per_100g"": 0.0}, ""kcal_100g"": {""label"": ""Verified"", ""source_name"": ""DOST-FNRI PhilFCT"", ""source_record_id"": ""Q011"", ""source_url"": ""https://i.fnri.dost.gov.ph/fct/library/report/4370"", ""value_for_portion"": 392.0, ""value_per_100g"": 392.0}, ""protein_g_100g"": {""label"": ""Verified"", ""source_name"": ""DOST-FNRI PhilFCT"", ""source_record_id"": ""Q011"", ""source_url"": ""https://i.fnri.dost.gov.ph/fct/library/report/4370"", ""value_for_portion"": 3.6, ""value_per_100g"": 3.6}, ""sodium_mg_100g"": {""label"": ""Verified"", ""source_name"": ""DOST-FNRI PhilFCT"", ""source_record_id"": ""Q011"", ""source_url"": ""https://i.fnri.dost.gov.ph/fct/library/report/4370"", ""value_for_portion"": 65.0, ""value_per_100g"": 65.0}, ""sugar_g_100g"": {""label"": ""Verified"", ""source_name"": ""DOST-FNRI PhilFCT"", ""source_record_id"": ""Q011"", ""source_url"": ""https://i.fnri.dost.gov.ph/fct/library/report/4370"", ""value_for_portion"": 46.5, ""value_per_100g"": 46.5}}"
EST_PANTRY_20260918_003_V1,FC000645,"Coffee, creamer & sugar (3 in 1)",100,392.0,3.6,92.5,0.8,0.0,46.5,65.0,0.0,"{""carbs_g_100g"": {""label"": ""Verified"", ""source_name"": ""DOST-FNRI PhilFCT"", ""source_record_id"": ""Q011"", ""source_url"": ""https://i.fnri.dost.gov.ph/fct/library/report/4370"", ""value_for_portion"": 92.5, ""value_per_100g"": 92.5}, ""cholesterol_mg_100g"": {""label"": ""Verified"", ""source_name"": ""DOST-FNRI PhilFCT"", ""source_record_id"": ""Q011"", ""source_url"": ""https://i.fnri.dost.gov.ph/fct/library/report/4370"", ""value_for_portion"": 0.0, ""value_per_100g"": 0.0}, ""fat_g_100g"": {""label"": ""Verified"", ""source_name"": ""DOST-FNRI PhilFCT"", ""source_record_id"": ""Q011"", ""source_url"": ""https://i.fnri.dost.gov.ph/fct/library/report/4370"", ""value_for_portion"": 0.8, ""value_per_100g"": 0.8}, ""fiber_g_100g"": {""label"": ""Verified"", ""source_name"": ""DOST-FNRI PhilFCT"", ""source_record_id"": ""Q011"", ""source_url"": ""https://i.fnri.dost.gov.ph/fct/library/report/4370"", ""value_for_portion"": 0.0, ""value_per_100g"": 0.0}, ""kcal_100g"": {""label"": ""Verified"", ""source_name"": ""DOST-FNRI PhilFCT"", ""source_record_id"": ""Q011"", ""source_url"": ""https://i.fnri.dost.gov.ph/fct/library/report/4370"", ""value_for_portion"": 392.0, ""value_per_100g"": 392.0}, ""protein_g_100g"": {""label"": ""Verified"", ""source_name"": ""DOST-FNRI PhilFCT"", ""source_record_id"": ""Q011"", ""source_url"": ""https://i.fnri.dost.gov.ph/fct/library/report/4370"", ""value_for_portion"": 3.6, ""value_per_100g"": 3.6}, ""sodium_mg_100g"": {""label"": ""Verified"", ""source_name"": ""DOST-FNRI PhilFCT"", ""source_record_id"": ""Q011"", ""source_url"": ""https://i.fnri.dost.gov.ph/fct/library/report/4370"", ""value_for_portion"": 65.0, ""value_per_100g"": 65.0}, ""sugar_g_100g"": {""label"": ""Verified"", ""source_name"": ""DOST-FNRI PhilFCT"", ""source_record_id"": ""Q011"", ""source_url"": ""https://i.fnri.dost.gov.ph/fct/library/report/4370"", ""value_for_portion"": 46.5, ""value_per_100g"": 46.5}}"
EST_PANTRY_20260918_004_V1,FC000691,"Noodles, wheat, inst, w/ flvr",100,433.0,10.4,57.1,18.1,2.9,2.0,1956.0,0.0,"{""carbs_g_100g"": {""label"": ""Verified"", ""source_name"": ""DOST-FNRI PhilFCT"", ""source_record_id"": ""A142"", ""source_url"": ""https://i.fnri.dost.gov.ph/fct/library/report/3104"", ""value_for_portion"": 57.1, ""value_per_100g"": 57.1}, ""cholesterol_mg_100g"": {""label"": ""Verified"", ""source_name"": ""DOST-FNRI PhilFCT"", ""source_record_id"": ""A142"", ""source_url"": ""https://i.fnri.dost.gov.ph/fct/library/report/3104"", ""value_for_portion"": 0.0, ""value_per_100g"": 0.0}, ""fat_g_100g"": {""label"": ""Verified"", ""source_name"": ""DOST-FNRI PhilFCT"", ""source_record_id"": ""A142"", ""source_url"": ""https://i.fnri.dost.gov.ph/fct/library/report/3104"", ""value_for_portion"": 18.1, ""value_per_100g"": 18.1}, ""fiber_g_100g"": {""label"": ""Verified"", ""source_name"": ""DOST-FNRI PhilFCT"", ""source_record_id"": ""A142"", ""source_url"": ""https://i.fnri.dost.gov.ph/fct/library/report/3104"", ""value_for_portion"": 2.9, ""value_per_100g"": 2.9}, ""kcal_100g"": {""label"": ""Verified"", ""source_name"": ""DOST-FNRI PhilFCT"", ""source_record_id"": ""A142"", ""source_url"": ""https://i.fnri.dost.gov.ph/fct/library/report/3104"", ""value_for_portion"": 433.0, ""value_per_100g"": 433.0}, ""protein_g_100g"": {""label"": ""Verified"", ""source_name"": ""DOST-FNRI PhilFCT"", ""source_record_id"": ""A142"", ""source_url"": ""https://i.fnri.dost.gov.ph/fct/library/report/3104"", ""value_for_portion"": 10.4, ""value_per_100g"": 10.4}, ""sodium_mg_100g"": {""label"": ""Verified"", ""source_name"": ""DOST-FNRI PhilFCT"", ""source_record_id"": ""A142"", ""source_url"": ""https://i.fnri.dost.gov.ph/fct/library/report/3104"", ""value_for_portion"": 1956.0, ""value_per_100g"": 1956.0}, ""sugar_g_100g"": {""label"": ""Verified"", ""source_name"": ""DOST-FNRI PhilFCT"", ""source_record_id"": ""A142"", ""source_url"": ""https://i.fnri.dost.gov.ph/fct/library/report/3104"", ""value_for_portion"": 2.0, ""value_per_100g"": 2.0}}"
EST_PANTRY_20260918_005_V1,FC000691,"Noodles, wheat, inst, w/ flvr",100,433.0,10.4,57.1,18.1,2.9,2.0,1956.0,0.0,"{""carbs_g_100g"": {""label"": ""Verified"", ""source_name"": ""DOST-FNRI PhilFCT"", ""source_record_id"": ""A142"", ""source_url"": ""https://i.fnri.dost.gov.ph/fct/library/report/3104"", ""value_for_portion"": 57.1, ""value_per_100g"": 57.1}, ""cholesterol_mg_100g"": {""label"": ""Verified"", ""source_name"": ""DOST-FNRI PhilFCT"", ""source_record_id"": ""A142"", ""source_url"": ""https://i.fnri.dost.gov.ph/fct/library/report/3104"", ""value_for_portion"": 0.0, ""value_per_100g"": 0.0}, ""fat_g_100g"": {""label"": ""Verified"", ""source_name"": ""DOST-FNRI PhilFCT"", ""source_record_id"": ""A142"", ""source_url"": ""https://i.fnri.dost.gov.ph/fct/library/report/3104"", ""value_for_portion"": 18.1, ""value_per_100g"": 18.1}, ""fiber_g_100g"": {""label"": ""Verified"", ""source_name"": ""DOST-FNRI PhilFCT"", ""source_record_id"": ""A142"", ""source_url"": ""https://i.fnri.dost.gov.ph/fct/library/report/3104"", ""value_for_portion"": 2.9, ""value_per_100g"": 2.9}, ""kcal_100g"": {""label"": ""Verified"", ""source_name"": ""DOST-FNRI PhilFCT"", ""source_record_id"": ""A142"", ""source_url"": ""https://i.fnri.dost.gov.ph/fct/library/report/3104"", ""value_for_portion"": 433.0, ""value_per_100g"": 433.0}, ""protein_g_100g"": {""label"": ""Verified"", ""source_name"": ""DOST-FNRI PhilFCT"", ""source_record_id"": ""A142"", ""source_url"": ""https://i.fnri.dost.gov.ph/fct/library/report/3104"", ""value_for_portion"": 10.4, ""value_per_100g"": 10.4}, ""sodium_mg_100g"": {""label"": ""Verified"", ""source_name"": ""DOST-FNRI PhilFCT"", ""source_record_id"": ""A142"", ""source_url"": ""https://i.fnri.dost.gov.ph/fct/library/report/3104"", ""value_for_portion"": 1956.0, ""value_per_100g"": 1956.0}, ""sugar_g_100g"": {""label"": ""Verified"", ""source_name"": ""DOST-FNRI PhilFCT"", ""source_record_id"": ""A142"", ""source_url"": ""https://i.fnri.dost.gov.ph/fct/library/report/3104"", ""value_for_portion"": 2.0, ""value_per_100g"": 2.0}}"
EST_PANTRY_20260918_005_V1,FC001237,"Beverages, water, tap, drinking",150,0.0,0.0,0.0,0.0,0.0,0.0,4.0,0.0,"{""carbs_g_100g"": {""label"": ""Other source"", ""source_name"": ""USDA FoodData Central SR Legacy"", ""source_record_id"": ""USDA_FC001237_173647"", ""source_url"": ""https://fdc.nal.usda.gov/food-details/173647/nutrients"", ""value_for_portion"": 0.0, ""value_per_100g"": 0.0}, ""cholesterol_mg_100g"": {""label"": ""Other source"", ""source_name"": ""USDA FoodData Central SR Legacy"", ""source_record_id"": ""USDA_FC001237_173647"", ""source_url"": ""https://fdc.nal.usda.gov/food-details/173647/nutrients"", ""value_for_portion"": 0.0, ""value_per_100g"": 0.0}, ""fat_g_100g"": {""label"": ""Other source"", ""source_name"": ""USDA FoodData Central SR Legacy"", ""source_record_id"": ""USDA_FC001237_173647"", ""source_url"": ""https://fdc.nal.usda.gov/food-details/173647/nutrients"", ""value_for_portion"": 0.0, ""value_per_100g"": 0.0}, ""fiber_g_100g"": {""label"": ""Other source"", ""source_name"": ""USDA FoodData Central SR Legacy"", ""source_record_id"": ""USDA_FC001237_173647"", ""source_url"": ""https://fdc.nal.usda.gov/food-details/173647/nutrients"", ""value_for_portion"": 0.0, ""value_per_100g"": 0.0}, ""kcal_100g"": {""label"": ""Other source"", ""source_name"": ""USDA FoodData Central SR Legacy"", ""source_record_id"": ""USDA_FC001237_173647"", ""source_url"": ""https://fdc.nal.usda.gov/food-details/173647/nutrients"", ""value_for_portion"": 0.0, ""value_per_100g"": 0.0}, ""protein_g_100g"": {""label"": ""Other source"", ""source_name"": ""USDA FoodData Central SR Legacy"", ""source_record_id"": ""USDA_FC001237_173647"", ""source_url"": ""https://fdc.nal.usda.gov/food-details/173647/nutrients"", ""value_for_portion"": 0.0, ""value_per_100g"": 0.0}, ""sodium_mg_100g"": {""label"": ""Other source"", ""source_name"": ""USDA FoodData Central SR Legacy"", ""source_record_id"": ""USDA_FC001237_173647"", ""source_url"": ""https://fdc.nal.usda.gov/food-details/173647/nutrients"", ""value_for_portion"": 4.0, ""value_per_100g"": 4.0}, ""sugar_g_100g"": {""label"": ""Other source"", ""source_name"": ""USDA FoodData Central SR Legacy"", ""source_record_id"": ""USDA_FC001237_173647"", ""source_url"": ""https://fdc.nal.usda.gov/food-details/173647/nutrients"", ""value_for_portion"": 0.0, ""value_per_100g"": 0.0}}"
EST_PANTRY_20260918_006_V1,FC000691,"Noodles, wheat, inst, w/ flvr",100,433.0,10.4,57.1,18.1,2.9,2.0,1956.0,0.0,"{""carbs_g_100g"": {""label"": ""Verified"", ""source_name"": ""DOST-FNRI PhilFCT"", ""source_record_id"": ""A142"", ""source_url"": ""https://i.fnri.dost.gov.ph/fct/library/report/3104"", ""value_for_portion"": 57.1, ""value_per_100g"": 57.1}, ""cholesterol_mg_100g"": {""label"": ""Verified"", ""source_name"": ""DOST-FNRI PhilFCT"", ""source_record_id"": ""A142"", ""source_url"": ""https://i.fnri.dost.gov.ph/fct/library/report/3104"", ""value_for_portion"": 0.0, ""value_per_100g"": 0.0}, ""fat_g_100g"": {""label"": ""Verified"", ""source_name"": ""DOST-FNRI PhilFCT"", ""source_record_id"": ""A142"", ""source_url"": ""https://i.fnri.dost.gov.ph/fct/library/report/3104"", ""value_for_portion"": 18.1, ""value_per_100g"": 18.1}, ""fiber_g_100g"": {""label"": ""Verified"", ""source_name"": ""DOST-FNRI PhilFCT"", ""source_record_id"": ""A142"", ""source_url"": ""https://i.fnri.dost.gov.ph/fct/library/report/3104"", ""value_for_portion"": 2.9, ""value_per_100g"": 2.9}, ""kcal_100g"": {""label"": ""Verified"", ""source_name"": ""DOST-FNRI PhilFCT"", ""source_record_id"": ""A142"", ""source_url"": ""https://i.fnri.dost.gov.ph/fct/library/report/3104"", ""value_for_portion"": 433.0, ""value_per_100g"": 433.0}, ""protein_g_100g"": {""label"": ""Verified"", ""source_name"": ""DOST-FNRI PhilFCT"", ""source_record_id"": ""A142"", ""source_url"": ""https://i.fnri.dost.gov.ph/fct/library/report/3104"", ""value_for_portion"": 10.4, ""value_per_100g"": 10.4}, ""sodium_mg_100g"": {""label"": ""Verified"", ""source_name"": ""DOST-FNRI PhilFCT"", ""source_record_id"": ""A142"", ""source_url"": ""https://i.fnri.dost.gov.ph/fct/library/report/3104"", ""value_for_portion"": 1956.0, ""value_per_100g"": 1956.0}, ""sugar_g_100g"": {""label"": ""Verified"", ""source_name"": ""DOST-FNRI PhilFCT"", ""source_record_id"": ""A142"", ""source_url"": ""https://i.fnri.dost.gov.ph/fct/library/report/3104"", ""value_for_portion"": 2.0, ""value_per_100g"": 2.0}}"
EST_PANTRY_20260918_007_V1,FC000691,"Noodles, wheat, inst, w/ flvr",100,433.0,10.4,57.1,18.1,2.9,2.0,1956.0,0.0,"{""carbs_g_100g"": {""label"": ""Verified"", ""source_name"": ""DOST-FNRI PhilFCT"", ""source_record_id"": ""A142"", ""source_url"": ""https://i.fnri.dost.gov.ph/fct/library/report/3104"", ""value_for_portion"": 57.1, ""value_per_100g"": 57.1}, ""cholesterol_mg_100g"": {""label"": ""Verified"", ""source_name"": ""DOST-FNRI PhilFCT"", ""source_record_id"": ""A142"", ""source_url"": ""https://i.fnri.dost.gov.ph/fct/library/report/3104"", ""value_for_portion"": 0.0, ""value_per_100g"": 0.0}, ""fat_g_100g"": {""label"": ""Verified"", ""source_name"": ""DOST-FNRI PhilFCT"", ""source_record_id"": ""A142"", ""source_url"": ""https://i.fnri.dost.gov.ph/fct/library/report/3104"", ""value_for_portion"": 18.1, ""value_per_100g"": 18.1}, ""fiber_g_100g"": {""label"": ""Verified"", ""source_name"": ""DOST-FNRI PhilFCT"", ""source_record_id"": ""A142"", ""source_url"": ""https://i.fnri.dost.gov.ph/fct/library/report/3104"", ""value_for_portion"": 2.9, ""value_per_100g"": 2.9}, ""kcal_100g"": {""label"": ""Verified"", ""source_name"": ""DOST-FNRI PhilFCT"", ""source_record_id"": ""A142"", ""source_url"": ""https://i.fnri.dost.gov.ph/fct/library/report/3104"", ""value_for_portion"": 433.0, ""value_per_100g"": 433.0}, ""protein_g_100g"": {""label"": ""Verified"", ""source_name"": ""DOST-FNRI PhilFCT"", ""source_record_id"": ""A142"", ""source_url"": ""https://i.fnri.dost.gov.ph/fct/library/report/3104"", ""value_for_portion"": 10.4, ""value_per_100g"": 10.4}, ""sodium_mg_100g"": {""label"": ""Verified"", ""source_name"": ""DOST-FNRI PhilFCT"", ""source_record_id"": ""A142"", ""source_url"": ""https://i.fnri.dost.gov.ph/fct/library/report/3104"", ""value_for_portion"": 1956.0, ""value_per_100g"": 1956.0}, ""sugar_g_100g"": {""label"": ""Verified"", ""source_name"": ""DOST-FNRI PhilFCT"", ""source_record_id"": ""A142"", ""source_url"": ""https://i.fnri.dost.gov.ph/fct/library/report/3104"", ""value_for_portion"": 2.0, ""value_per_100g"": 2.0}}"
EST_PANTRY_20260918_007_V1,FC001237,"Beverages, water, tap, drinking",150,0.0,0.0,0.0,0.0,0.0,0.0,4.0,0.0,"{""carbs_g_100g"": {""label"": ""Other source"", ""source_name"": ""USDA FoodData Central SR Legacy"", ""source_record_id"": ""USDA_FC001237_173647"", ""source_url"": ""https://fdc.nal.usda.gov/food-details/173647/nutrients"", ""value_for_portion"": 0.0, ""value_per_100g"": 0.0}, ""cholesterol_mg_100g"": {""label"": ""Other source"", ""source_name"": ""USDA FoodData Central SR Legacy"", ""source_record_id"": ""USDA_FC001237_173647"", ""source_url"": ""https://fdc.nal.usda.gov/food-details/173647/nutrients"", ""value_for_portion"": 0.0, ""value_per_100g"": 0.0}, ""fat_g_100g"": {""label"": ""Other source"", ""source_name"": ""USDA FoodData Central SR Legacy"", ""source_record_id"": ""USDA_FC001237_173647"", ""source_url"": ""https://fdc.nal.usda.gov/food-details/173647/nutrients"", ""value_for_portion"": 0.0, ""value_per_100g"": 0.0}, ""fiber_g_100g"": {""label"": ""Other source"", ""source_name"": ""USDA FoodData Central SR Legacy"", ""source_record_id"": ""USDA_FC001237_173647"", ""source_url"": ""https://fdc.nal.usda.gov/food-details/173647/nutrients"", ""value_for_portion"": 0.0, ""value_per_100g"": 0.0}, ""kcal_100g"": {""label"": ""Other source"", ""source_name"": ""USDA FoodData Central SR Legacy"", ""source_record_id"": ""USDA_FC001237_173647"", ""source_url"": ""https://fdc.nal.usda.gov/food-details/173647/nutrients"", ""value_for_portion"": 0.0, ""value_per_100g"": 0.0}, ""protein_g_100g"": {""label"": ""Other source"", ""source_name"": ""USDA FoodData Central SR Legacy"", ""source_record_id"": ""USDA_FC001237_173647"", ""source_url"": ""https://fdc.nal.usda.gov/food-details/173647/nutrients"", ""value_for_portion"": 0.0, ""value_per_100g"": 0.0}, ""sodium_mg_100g"": {""label"": ""Other source"", ""source_name"": ""USDA FoodData Central SR Legacy"", ""source_record_id"": ""USDA_FC001237_173647"", ""source_url"": ""https://fdc.nal.usda.gov/food-details/173647/nutrients"", ""value_for_portion"": 4.0, ""value_per_100g"": 4.0}, ""sugar_g_100g"": {""label"": ""Other source"", ""source_name"": ""USDA FoodData Central SR Legacy"", ""source_record_id"": ""USDA_FC001237_173647"", ""source_url"": ""https://fdc.nal.usda.gov/food-details/173647/nutrients"", ""value_for_portion"": 0.0, ""value_per_100g"": 0.0}}"
EST_PANTRY_20260918_008_V1,FC000685,"Cracker, salted",100,480.0,9.6,65.5,19.9,2.9,1.3,961.0,0.0,"{""carbs_g_100g"": {""label"": ""Verified"", ""source_name"": ""DOST-FNRI PhilFCT"", ""source_record_id"": ""A114"", ""source_url"": ""https://i.fnri.dost.gov.ph/fct/library/report/3076"", ""value_for_portion"": 65.5, ""value_per_100g"": 65.5}, ""cholesterol_mg_100g"": {""label"": ""Verified"", ""source_name"": ""DOST-FNRI PhilFCT"", ""source_record_id"": ""A114"", ""source_url"": ""https://i.fnri.dost.gov.ph/fct/library/report/3076"", ""value_for_portion"": 0.0, ""value_per_100g"": 0.0}, ""fat_g_100g"": {""label"": ""Verified"", ""source_name"": ""DOST-FNRI PhilFCT"", ""source_record_id"": ""A114"", ""source_url"": ""https://i.fnri.dost.gov.ph/fct/library/report/3076"", ""value_for_portion"": 19.9, ""value_per_100g"": 19.9}, ""fiber_g_100g"": {""label"": ""Verified"", ""source_name"": ""DOST-FNRI PhilFCT"", ""source_record_id"": ""A114"", ""source_url"": ""https://i.fnri.dost.gov.ph/fct/library/report/3076"", ""value_for_portion"": 2.9, ""value_per_100g"": 2.9}, ""kcal_100g"": {""label"": ""Verified"", ""source_name"": ""DOST-FNRI PhilFCT"", ""source_record_id"": ""A114"", ""source_url"": ""https://i.fnri.dost.gov.ph/fct/library/report/3076"", ""value_for_portion"": 480.0, ""value_per_100g"": 480.0}, ""protein_g_100g"": {""label"": ""Verified"", ""source_name"": ""DOST-FNRI PhilFCT"", ""source_record_id"": ""A114"", ""source_url"": ""https://i.fnri.dost.gov.ph/fct/library/report/3076"", ""value_for_portion"": 9.6, ""value_per_100g"": 9.6}, ""sodium_mg_100g"": {""label"": ""Verified"", ""source_name"": ""DOST-FNRI PhilFCT"", ""source_record_id"": ""A114"", ""source_url"": ""https://i.fnri.dost.gov.ph/fct/library/report/3076"", ""value_for_portion"": 961.0, ""value_per_100g"": 961.0}, ""sugar_g_100g"": {""label"": ""Verified"", ""source_name"": ""DOST-FNRI PhilFCT"", ""source_record_id"": ""A114"", ""source_url"": ""https://i.fnri.dost.gov.ph/fct/library/report/3076"", ""value_for_portion"": 1.3, ""value_per_100g"": 1.3}}"
EST_PANTRY_20260918_009_V1,FC000686,"Cracker, salted, round",100,505.0,7.2,63.4,24.7,2.9,1.3,962.0,0.0,"{""carbs_g_100g"": {""label"": ""Verified"", ""source_name"": ""DOST-FNRI PhilFCT"", ""source_record_id"": ""A115"", ""source_url"": ""https://i.fnri.dost.gov.ph/fct/library/report/3077"", ""value_for_portion"": 63.4, ""value_per_100g"": 63.4}, ""cholesterol_mg_100g"": {""label"": ""Verified"", ""source_name"": ""DOST-FNRI PhilFCT"", ""source_record_id"": ""A115"", ""source_url"": ""https://i.fnri.dost.gov.ph/fct/library/report/3077"", ""value_for_portion"": 0.0, ""value_per_100g"": 0.0}, ""fat_g_100g"": {""label"": ""Verified"", ""source_name"": ""DOST-FNRI PhilFCT"", ""source_record_id"": ""A115"", ""source_url"": ""https://i.fnri.dost.gov.ph/fct/library/report/3077"", ""value_for_portion"": 24.7, ""value_per_100g"": 24.7}, ""fiber_g_100g"": {""label"": ""Verified"", ""source_name"": ""DOST-FNRI PhilFCT"", ""source_record_id"": ""A115"", ""source_url"": ""https://i.fnri.dost.gov.ph/fct/library/report/3077"", ""value_for_portion"": 2.9, ""value_per_100g"": 2.9}, ""kcal_100g"": {""label"": ""Verified"", ""source_name"": ""DOST-FNRI PhilFCT"", ""source_record_id"": ""A115"", ""source_url"": ""https://i.fnri.dost.gov.ph/fct/library/report/3077"", ""value_for_portion"": 505.0, ""value_per_100g"": 505.0}, ""protein_g_100g"": {""label"": ""Verified"", ""source_name"": ""DOST-FNRI PhilFCT"", ""source_record_id"": ""A115"", ""source_url"": ""https://i.fnri.dost.gov.ph/fct/library/report/3077"", ""value_for_portion"": 7.2, ""value_per_100g"": 7.2}, ""sodium_mg_100g"": {""label"": ""Verified"", ""source_name"": ""DOST-FNRI PhilFCT"", ""source_record_id"": ""A115"", ""source_url"": ""https://i.fnri.dost.gov.ph/fct/library/report/3077"", ""value_for_portion"": 962.0, ""value_per_100g"": 962.0}, ""sugar_g_100g"": {""label"": ""Verified"", ""source_name"": ""DOST-FNRI PhilFCT"", ""source_record_id"": ""A115"", ""source_url"": ""https://i.fnri.dost.gov.ph/fct/library/report/3077"", ""value_for_portion"": 1.3, ""value_per_100g"": 1.3}}"
EST_PANTRY_20260918_010_V1,FC000683,"Cracker, graham, honey-flvr",100,423.0,8.0,79.5,8.1,3.4,25.0,462.0,0.0,"{""carbs_g_100g"": {""label"": ""Verified"", ""source_name"": ""DOST-FNRI PhilFCT"", ""source_record_id"": ""A112"", ""source_url"": ""https://i.fnri.dost.gov.ph/fct/library/report/3074"", ""value_for_portion"": 79.5, ""value_per_100g"": 79.5}, ""cholesterol_mg_100g"": {""label"": ""Verified"", ""source_name"": ""DOST-FNRI PhilFCT"", ""source_record_id"": ""A112"", ""source_url"": ""https://i.fnri.dost.gov.ph/fct/library/report/3074"", ""value_for_portion"": 0.0, ""value_per_100g"": 0.0}, ""fat_g_100g"": {""label"": ""Verified"", ""source_name"": ""DOST-FNRI PhilFCT"", ""source_record_id"": ""A112"", ""source_url"": ""https://i.fnri.dost.gov.ph/fct/library/report/3074"", ""value_for_portion"": 8.1, ""value_per_100g"": 8.1}, ""fiber_g_100g"": {""label"": ""Verified"", ""source_name"": ""DOST-FNRI PhilFCT"", ""source_record_id"": ""A112"", ""source_url"": ""https://i.fnri.dost.gov.ph/fct/library/report/3074"", ""value_for_portion"": 3.4, ""value_per_100g"": 3.4}, ""kcal_100g"": {""label"": ""Verified"", ""source_name"": ""DOST-FNRI PhilFCT"", ""source_record_id"": ""A112"", ""source_url"": ""https://i.fnri.dost.gov.ph/fct/library/report/3074"", ""value_for_portion"": 423.0, ""value_per_100g"": 423.0}, ""protein_g_100g"": {""label"": ""Verified"", ""source_name"": ""DOST-FNRI PhilFCT"", ""source_record_id"": ""A112"", ""source_url"": ""https://i.fnri.dost.gov.ph/fct/library/report/3074"", ""value_for_portion"": 8.0, ""value_per_100g"": 8.0}, ""sodium_mg_100g"": {""label"": ""Verified"", ""source_name"": ""DOST-FNRI PhilFCT"", ""source_record_id"": ""A112"", ""source_url"": ""https://i.fnri.dost.gov.ph/fct/library/report/3074"", ""value_for_portion"": 462.0, ""value_per_100g"": 462.0}, ""sugar_g_100g"": {""label"": ""Verified"", ""source_name"": ""DOST-FNRI PhilFCT"", ""source_record_id"": ""A112"", ""source_url"": ""https://i.fnri.dost.gov.ph/fct/library/report/3074"", ""value_for_portion"": 25.0, ""value_per_100g"": 25.0}}"
EST_PANTRY_20260918_011_V1,FC000217,"Potato chips, cheese flvr",100,556.0,6.2,51.8,36.0,5.1,0.3,720.0,5.0,"{""carbs_g_100g"": {""label"": ""Verified"", ""source_name"": ""DOST-FNRI PhilFCT"", ""source_record_id"": ""B033"", ""source_url"": ""https://i.fnri.dost.gov.ph/fct/library/report/3200"", ""value_for_portion"": 51.8, ""value_per_100g"": 51.8}, ""cholesterol_mg_100g"": {""label"": ""Verified"", ""source_name"": ""DOST-FNRI PhilFCT"", ""source_record_id"": ""B033"", ""source_url"": ""https://i.fnri.dost.gov.ph/fct/library/report/3200"", ""value_for_portion"": 5.0, ""value_per_100g"": 5.0}, ""fat_g_100g"": {""label"": ""Verified"", ""source_name"": ""DOST-FNRI PhilFCT"", ""source_record_id"": ""B033"", ""source_url"": ""https://i.fnri.dost.gov.ph/fct/library/report/3200"", ""value_for_portion"": 36.0, ""value_per_100g"": 36.0}, ""fiber_g_100g"": {""label"": ""Verified"", ""source_name"": ""DOST-FNRI PhilFCT"", ""source_record_id"": ""B033"", ""source_url"": ""https://i.fnri.dost.gov.ph/fct/library/report/3200"", ""value_for_portion"": 5.1, ""value_per_100g"": 5.1}, ""kcal_100g"": {""label"": ""Verified"", ""source_name"": ""DOST-FNRI PhilFCT"", ""source_record_id"": ""B033"", ""source_url"": ""https://i.fnri.dost.gov.ph/fct/library/report/3200"", ""value_for_portion"": 556.0, ""value_per_100g"": 556.0}, ""protein_g_100g"": {""label"": ""Verified"", ""source_name"": ""DOST-FNRI PhilFCT"", ""source_record_id"": ""B033"", ""source_url"": ""https://i.fnri.dost.gov.ph/fct/library/report/3200"", ""value_for_portion"": 6.2, ""value_per_100g"": 6.2}, ""sodium_mg_100g"": {""label"": ""Verified"", ""source_name"": ""DOST-FNRI PhilFCT"", ""source_record_id"": ""B033"", ""source_url"": ""https://i.fnri.dost.gov.ph/fct/library/report/3200"", ""value_for_portion"": 720.0, ""value_per_100g"": 720.0}, ""sugar_g_100g"": {""label"": ""Verified"", ""source_name"": ""DOST-FNRI PhilFCT"", ""source_record_id"": ""B033"", ""source_url"": ""https://i.fnri.dost.gov.ph/fct/library/report/3200"", ""value_for_portion"": 0.3, ""value_per_100g"": 0.3}}"
EST_PANTRY_20260918_012_V1,FC001188,"Chips, corn, bbq flvr",100,535.0,6.5,58.1,30.7,5.2,0.3,758.0,0.0,"{""carbs_g_100g"": {""label"": ""Verified"", ""source_name"": ""DOST-FNRI PhilFCT"", ""source_record_id"": ""A067"", ""source_url"": ""https://i.fnri.dost.gov.ph/fct/library/report/3029"", ""value_for_portion"": 58.1, ""value_per_100g"": 58.1}, ""cholesterol_mg_100g"": {""label"": ""Verified"", ""source_name"": ""DOST-FNRI PhilFCT"", ""source_record_id"": ""A067"", ""source_url"": ""https://i.fnri.dost.gov.ph/fct/library/report/3029"", ""value_for_portion"": 0.0, ""value_per_100g"": 0.0}, ""fat_g_100g"": {""label"": ""Verified"", ""source_name"": ""DOST-FNRI PhilFCT"", ""source_record_id"": ""A067"", ""source_url"": ""https://i.fnri.dost.gov.ph/fct/library/report/3029"", ""value_for_portion"": 30.7, ""value_per_100g"": 30.7}, ""fiber_g_100g"": {""label"": ""Verified"", ""source_name"": ""DOST-FNRI PhilFCT"", ""source_record_id"": ""A067"", ""source_url"": ""https://i.fnri.dost.gov.ph/fct/library/report/3029"", ""value_for_portion"": 5.2, ""value_per_100g"": 5.2}, ""kcal_100g"": {""label"": ""Verified"", ""source_name"": ""DOST-FNRI PhilFCT"", ""source_record_id"": ""A067"", ""source_url"": ""https://i.fnri.dost.gov.ph/fct/library/report/3029"", ""value_for_portion"": 535.0, ""value_per_100g"": 535.0}, ""protein_g_100g"": {""label"": ""Verified"", ""source_name"": ""DOST-FNRI PhilFCT"", ""source_record_id"": ""A067"", ""source_url"": ""https://i.fnri.dost.gov.ph/fct/library/report/3029"", ""value_for_portion"": 6.5, ""value_per_100g"": 6.5}, ""sodium_mg_100g"": {""label"": ""Verified"", ""source_name"": ""DOST-FNRI PhilFCT"", ""source_record_id"": ""A067"", ""source_url"": ""https://i.fnri.dost.gov.ph/fct/library/report/3029"", ""value_for_portion"": 758.0, ""value_per_100g"": 758.0}, ""sugar_g_100g"": {""label"": ""Verified"", ""source_name"": ""DOST-FNRI PhilFCT"", ""source_record_id"": ""A067"", ""source_url"": ""https://i.fnri.dost.gov.ph/fct/library/report/3029"", ""value_for_portion"": 0.3, ""value_per_100g"": 0.3}}"
EST_PANTRY_20260918_013_V1,FC001715,"Crackers, multigrain",85,482.0,7.1,67.6,20.4,3.5,12.0,883.0,0.0,"{""carbs_g_100g"": {""label"": ""Other source"", ""source_name"": ""USDA FoodData Central SR Legacy"", ""source_record_id"": ""USDA_FC001715_171838"", ""source_url"": ""https://fdc.nal.usda.gov/food-details/171838/nutrients"", ""value_for_portion"": 67.6, ""value_per_100g"": 67.6}, ""cholesterol_mg_100g"": {""label"": ""Other source"", ""source_name"": ""USDA FoodData Central SR Legacy"", ""source_record_id"": ""USDA_FC001715_171838"", ""source_url"": ""https://fdc.nal.usda.gov/food-details/171838/nutrients"", ""value_for_portion"": 0.0, ""value_per_100g"": 0.0}, ""fat_g_100g"": {""label"": ""Other source"", ""source_name"": ""USDA FoodData Central SR Legacy"", ""source_record_id"": ""USDA_FC001715_171838"", ""source_url"": ""https://fdc.nal.usda.gov/food-details/171838/nutrients"", ""value_for_portion"": 20.4, ""value_per_100g"": 20.4}, ""fiber_g_100g"": {""label"": ""Other source"", ""source_name"": ""USDA FoodData Central SR Legacy"", ""source_record_id"": ""USDA_FC001715_171838"", ""source_url"": ""https://fdc.nal.usda.gov/food-details/171838/nutrients"", ""value_for_portion"": 3.5, ""value_per_100g"": 3.5}, ""kcal_100g"": {""label"": ""Other source"", ""source_name"": ""USDA FoodData Central SR Legacy"", ""source_record_id"": ""USDA_FC001715_171838"", ""source_url"": ""https://fdc.nal.usda.gov/food-details/171838/nutrients"", ""value_for_portion"": 482.0, ""value_per_100g"": 482.0}, ""protein_g_100g"": {""label"": ""Other source"", ""source_name"": ""USDA FoodData Central SR Legacy"", ""source_record_id"": ""USDA_FC001715_171838"", ""source_url"": ""https://fdc.nal.usda.gov/food-details/171838/nutrients"", ""value_for_portion"": 7.1, ""value_per_100g"": 7.1}, ""sodium_mg_100g"": {""label"": ""Other source"", ""source_name"": ""USDA FoodData Central SR Legacy"", ""source_record_id"": ""USDA_FC001715_171838"", ""source_url"": ""https://fdc.nal.usda.gov/food-details/171838/nutrients"", ""value_for_portion"": 883.0, ""value_per_100g"": 883.0}, ""sugar_g_100g"": {""label"": ""Other source"", ""source_name"": ""USDA FoodData Central SR Legacy"", ""source_record_id"": ""USDA_FC001715_171838"", ""source_url"": ""https://fdc.nal.usda.gov/food-details/171838/nutrients"", ""value_for_portion"": 12.0, ""value_per_100g"": 12.0}}"
EST_PANTRY_20260918_013_V1,FC000642,"Oil, corn",15,896.0,0.0,0.0,99.6,0.0,0.0,0.0,0.0,"{""carbs_g_100g"": {""label"": ""Verified"", ""source_name"": ""DOST-FNRI PhilFCT"", ""source_record_id"": ""K009"", ""source_url"": ""https://i.fnri.dost.gov.ph/fct/library/report/4269"", ""value_for_portion"": 0.0, ""value_per_100g"": 0.0}, ""cholesterol_mg_100g"": {""label"": ""Verified"", ""source_name"": ""DOST-FNRI PhilFCT"", ""source_record_id"": ""K009"", ""source_url"": ""https://i.fnri.dost.gov.ph/fct/library/report/4269"", ""value_for_portion"": 0.0, ""value_per_100g"": 0.0}, ""fat_g_100g"": {""label"": ""Verified"", ""source_name"": ""DOST-FNRI PhilFCT"", ""source_record_id"": ""K009"", ""source_url"": ""https://i.fnri.dost.gov.ph/fct/library/report/4269"", ""value_for_portion"": 99.6, ""value_per_100g"": 99.6}, ""fiber_g_100g"": {""label"": ""Verified"", ""source_name"": ""DOST-FNRI PhilFCT"", ""source_record_id"": ""K009"", ""source_url"": ""https://i.fnri.dost.gov.ph/fct/library/report/4269"", ""value_for_portion"": 0.0, ""value_per_100g"": 0.0}, ""kcal_100g"": {""label"": ""Verified"", ""source_name"": ""DOST-FNRI PhilFCT"", ""source_record_id"": ""K009"", ""source_url"": ""https://i.fnri.dost.gov.ph/fct/library/report/4269"", ""value_for_portion"": 896.0, ""value_per_100g"": 896.0}, ""protein_g_100g"": {""label"": ""Verified"", ""source_name"": ""DOST-FNRI PhilFCT"", ""source_record_id"": ""K009"", ""source_url"": ""https://i.fnri.dost.gov.ph/fct/library/report/4269"", ""value_for_portion"": 0.0, ""value_per_100g"": 0.0}, ""sodium_mg_100g"": {""label"": ""Verified"", ""source_name"": ""DOST-FNRI PhilFCT"", ""source_record_id"": ""K009"", ""source_url"": ""https://i.fnri.dost.gov.ph/fct/library/report/4269"", ""value_for_portion"": 0.0, ""value_per_100g"": 0.0}, ""sugar_g_100g"": {""label"": ""Verified"", ""source_name"": ""DOST-FNRI PhilFCT"", ""source_record_id"": ""K009"", ""source_url"": ""https://i.fnri.dost.gov.ph/fct/library/report/4269"", ""value_for_portion"": 0.0, ""value_per_100g"": 0.0}}"
EST_PANTRY_20260918_014_V1,FC001196,"Cookies, sandwich type, cream-filled",100,472.0,5.9,71.7,18.0,2.9,40.7,388.0,0.0,"{""carbs_g_100g"": {""label"": ""Verified"", ""source_name"": ""DOST-FNRI PhilFCT"", ""source_record_id"": ""A100"", ""source_url"": ""https://i.fnri.dost.gov.ph/fct/library/report/3062"", ""value_for_portion"": 71.7, ""value_per_100g"": 71.7}, ""cholesterol_mg_100g"": {""label"": ""Verified"", ""source_name"": ""DOST-FNRI PhilFCT"", ""source_record_id"": ""A100"", ""source_url"": ""https://i.fnri.dost.gov.ph/fct/library/report/3062"", ""value_for_portion"": 0.0, ""value_per_100g"": 0.0}, ""fat_g_100g"": {""label"": ""Verified"", ""source_name"": ""DOST-FNRI PhilFCT"", ""source_record_id"": ""A100"", ""source_url"": ""https://i.fnri.dost.gov.ph/fct/library/report/3062"", ""value_for_portion"": 18.0, ""value_per_100g"": 18.0}, ""fiber_g_100g"": {""label"": ""Verified"", ""source_name"": ""DOST-FNRI PhilFCT"", ""source_record_id"": ""A100"", ""source_url"": ""https://i.fnri.dost.gov.ph/fct/library/report/3062"", ""value_for_portion"": 2.9, ""value_per_100g"": 2.9}, ""kcal_100g"": {""label"": ""Verified"", ""source_name"": ""DOST-FNRI PhilFCT"", ""source_record_id"": ""A100"", ""source_url"": ""https://i.fnri.dost.gov.ph/fct/library/report/3062"", ""value_for_portion"": 472.0, ""value_per_100g"": 472.0}, ""protein_g_100g"": {""label"": ""Verified"", ""source_name"": ""DOST-FNRI PhilFCT"", ""source_record_id"": ""A100"", ""source_url"": ""https://i.fnri.dost.gov.ph/fct/library/report/3062"", ""value_for_portion"": 5.9, ""value_per_100g"": 5.9}, ""sodium_mg_100g"": {""label"": ""Verified"", ""source_name"": ""DOST-FNRI PhilFCT"", ""source_record_id"": ""A100"", ""source_url"": ""https://i.fnri.dost.gov.ph/fct/library/report/3062"", ""value_for_portion"": 388.0, ""value_per_100g"": 388.0}, ""sugar_g_100g"": {""label"": ""Verified"", ""source_name"": ""DOST-FNRI PhilFCT"", ""source_record_id"": ""A100"", ""source_url"": ""https://i.fnri.dost.gov.ph/fct/library/report/3062"", ""value_for_portion"": 40.7, ""value_per_100g"": 40.7}}"
EST_PANTRY_20260918_015_V1,FC001948,"Candies, chocolate covered, caramel with nuts",100,470.0,9.5,60.67,21.0,4.3,41.35,156.0,0.0,"{""carbs_g_100g"": {""label"": ""Other source"", ""source_name"": ""USDA FoodData Central SR Legacy"", ""source_record_id"": ""USDA_FC001948_169059"", ""source_url"": ""https://fdc.nal.usda.gov/food-details/169059/nutrients"", ""value_for_portion"": 60.67, ""value_per_100g"": 60.67}, ""cholesterol_mg_100g"": {""label"": ""Other source"", ""source_name"": ""USDA FoodData Central SR Legacy"", ""source_record_id"": ""USDA_FC001948_169059"", ""source_url"": ""https://fdc.nal.usda.gov/food-details/169059/nutrients"", ""value_for_portion"": 0.0, ""value_per_100g"": 0.0}, ""fat_g_100g"": {""label"": ""Other source"", ""source_name"": ""USDA FoodData Central SR Legacy"", ""source_record_id"": ""USDA_FC001948_169059"", ""source_url"": ""https://fdc.nal.usda.gov/food-details/169059/nutrients"", ""value_for_portion"": 21.0, ""value_per_100g"": 21.0}, ""fiber_g_100g"": {""label"": ""Other source"", ""source_name"": ""USDA FoodData Central SR Legacy"", ""source_record_id"": ""USDA_FC001948_169059"", ""source_url"": ""https://fdc.nal.usda.gov/food-details/169059/nutrients"", ""value_for_portion"": 4.3, ""value_per_100g"": 4.3}, ""kcal_100g"": {""label"": ""Other source"", ""source_name"": ""USDA FoodData Central SR Legacy"", ""source_record_id"": ""USDA_FC001948_169059"", ""source_url"": ""https://fdc.nal.usda.gov/food-details/169059/nutrients"", ""value_for_portion"": 470.0, ""value_per_100g"": 470.0}, ""protein_g_100g"": {""label"": ""Other source"", ""source_name"": ""USDA FoodData Central SR Legacy"", ""source_record_id"": ""USDA_FC001948_169059"", ""source_url"": ""https://fdc.nal.usda.gov/food-details/169059/nutrients"", ""value_for_portion"": 9.5, ""value_per_100g"": 9.5}, ""sodium_mg_100g"": {""label"": ""Other source"", ""source_name"": ""USDA FoodData Central SR Legacy"", ""source_record_id"": ""USDA_FC001948_169059"", ""source_url"": ""https://fdc.nal.usda.gov/food-details/169059/nutrients"", ""value_for_portion"": 156.0, ""value_per_100g"": 156.0}, ""sugar_g_100g"": {""label"": ""Other source"", ""source_name"": ""USDA FoodData Central SR Legacy"", ""source_record_id"": ""USDA_FC001948_169059"", ""source_url"": ""https://fdc.nal.usda.gov/food-details/169059/nutrients"", ""value_for_portion"": 41.35, ""value_per_100g"": 41.35}}"
EST_PANTRY_20260918_016_V1,FC001192,"Chips, prawn crackers",100,442.0,6.8,74.2,13.1,0.9,2.2,751.0,0.0,"{""carbs_g_100g"": {""label"": ""Verified"", ""source_name"": ""DOST-FNRI PhilFCT"", ""source_record_id"": ""A075"", ""source_url"": ""https://i.fnri.dost.gov.ph/fct/library/report/3037"", ""value_for_portion"": 74.2, ""value_per_100g"": 74.2}, ""cholesterol_mg_100g"": {""label"": ""Verified"", ""source_name"": ""DOST-FNRI PhilFCT"", ""source_record_id"": ""A075"", ""source_url"": ""https://i.fnri.dost.gov.ph/fct/library/report/3037"", ""value_for_portion"": 0.0, ""value_per_100g"": 0.0}, ""fat_g_100g"": {""label"": ""Verified"", ""source_name"": ""DOST-FNRI PhilFCT"", ""source_record_id"": ""A075"", ""source_url"": ""https://i.fnri.dost.gov.ph/fct/library/report/3037"", ""value_for_portion"": 13.1, ""value_per_100g"": 13.1}, ""fiber_g_100g"": {""label"": ""Verified"", ""source_name"": ""DOST-FNRI PhilFCT"", ""source_record_id"": ""A075"", ""source_url"": ""https://i.fnri.dost.gov.ph/fct/library/report/3037"", ""value_for_portion"": 0.9, ""value_per_100g"": 0.9}, ""kcal_100g"": {""label"": ""Verified"", ""source_name"": ""DOST-FNRI PhilFCT"", ""source_record_id"": ""A075"", ""source_url"": ""https://i.fnri.dost.gov.ph/fct/library/report/3037"", ""value_for_portion"": 442.0, ""value_per_100g"": 442.0}, ""protein_g_100g"": {""label"": ""Verified"", ""source_name"": ""DOST-FNRI PhilFCT"", ""source_record_id"": ""A075"", ""source_url"": ""https://i.fnri.dost.gov.ph/fct/library/report/3037"", ""value_for_portion"": 6.8, ""value_per_100g"": 6.8}, ""sodium_mg_100g"": {""label"": ""Verified"", ""source_name"": ""DOST-FNRI PhilFCT"", ""source_record_id"": ""A075"", ""source_url"": ""https://i.fnri.dost.gov.ph/fct/library/report/3037"", ""value_for_portion"": 751.0, ""value_per_100g"": 751.0}, ""sugar_g_100g"": {""label"": ""Verified"", ""source_name"": ""DOST-FNRI PhilFCT"", ""source_record_id"": ""A075"", ""source_url"": ""https://i.fnri.dost.gov.ph/fct/library/report/3037"", ""value_for_portion"": 2.2, ""value_per_100g"": 2.2}}"
EST_PANTRY_20260918_017_V1,FC000479,"Tuna flakes, in veg oil, cnd",100,309.0,15.4,1.7,26.7,0.0,0.0,503.0,38.0,"{""carbs_g_100g"": {""label"": ""Verified"", ""source_name"": ""DOST-FNRI PhilFCT"", ""source_record_id"": ""G227"", ""source_url"": ""https://i.fnri.dost.gov.ph/fct/library/report/4207"", ""value_for_portion"": 1.7, ""value_per_100g"": 1.7}, ""cholesterol_mg_100g"": {""label"": ""Verified"", ""source_name"": ""DOST-FNRI PhilFCT"", ""source_record_id"": ""G227"", ""source_url"": ""https://i.fnri.dost.gov.ph/fct/library/report/4207"", ""value_for_portion"": 38.0, ""value_per_100g"": 38.0}, ""fat_g_100g"": {""label"": ""Verified"", ""source_name"": ""DOST-FNRI PhilFCT"", ""source_record_id"": ""G227"", ""source_url"": ""https://i.fnri.dost.gov.ph/fct/library/report/4207"", ""value_for_portion"": 26.7, ""value_per_100g"": 26.7}, ""fiber_g_100g"": {""label"": ""Verified"", ""source_name"": ""DOST-FNRI PhilFCT"", ""source_record_id"": ""G227"", ""source_url"": ""https://i.fnri.dost.gov.ph/fct/library/report/4207"", ""value_for_portion"": 0.0, ""value_per_100g"": 0.0}, ""kcal_100g"": {""label"": ""Verified"", ""source_name"": ""DOST-FNRI PhilFCT"", ""source_record_id"": ""G227"", ""source_url"": ""https://i.fnri.dost.gov.ph/fct/library/report/4207"", ""value_for_portion"": 309.0, ""value_per_100g"": 309.0}, ""protein_g_100g"": {""label"": ""Verified"", ""source_name"": ""DOST-FNRI PhilFCT"", ""source_record_id"": ""G227"", ""source_url"": ""https://i.fnri.dost.gov.ph/fct/library/report/4207"", ""value_for_portion"": 15.4, ""value_per_100g"": 15.4}, ""sodium_mg_100g"": {""label"": ""Verified"", ""source_name"": ""DOST-FNRI PhilFCT"", ""source_record_id"": ""G227"", ""source_url"": ""https://i.fnri.dost.gov.ph/fct/library/report/4207"", ""value_for_portion"": 503.0, ""value_per_100g"": 503.0}, ""sugar_g_100g"": {""label"": ""Verified"", ""source_name"": ""DOST-FNRI PhilFCT"", ""source_record_id"": ""G227"", ""source_url"": ""https://i.fnri.dost.gov.ph/fct/library/report/4207"", ""value_for_portion"": 0.0, ""value_per_100g"": 0.0}}"
EST_PANTRY_20260918_018_V1,FC000478,"Tuna flakes, in brine, cnd",100,95.0,17.9,0.1,2.6,0.0,0.0,316.0,37.0,"{""carbs_g_100g"": {""label"": ""Verified"", ""source_name"": ""DOST-FNRI PhilFCT"", ""source_record_id"": ""G226"", ""source_url"": ""https://i.fnri.dost.gov.ph/fct/library/report/4206"", ""value_for_portion"": 0.1, ""value_per_100g"": 0.1}, ""cholesterol_mg_100g"": {""label"": ""Verified"", ""source_name"": ""DOST-FNRI PhilFCT"", ""source_record_id"": ""G226"", ""source_url"": ""https://i.fnri.dost.gov.ph/fct/library/report/4206"", ""value_for_portion"": 37.0, ""value_per_100g"": 37.0}, ""fat_g_100g"": {""label"": ""Verified"", ""source_name"": ""DOST-FNRI PhilFCT"", ""source_record_id"": ""G226"", ""source_url"": ""https://i.fnri.dost.gov.ph/fct/library/report/4206"", ""value_for_portion"": 2.6, ""value_per_100g"": 2.6}, ""fiber_g_100g"": {""label"": ""Verified"", ""source_name"": ""DOST-FNRI PhilFCT"", ""source_record_id"": ""G226"", ""source_url"": ""https://i.fnri.dost.gov.ph/fct/library/report/4206"", ""value_for_portion"": 0.0, ""value_per_100g"": 0.0}, ""kcal_100g"": {""label"": ""Verified"", ""source_name"": ""DOST-FNRI PhilFCT"", ""source_record_id"": ""G226"", ""source_url"": ""https://i.fnri.dost.gov.ph/fct/library/report/4206"", ""value_for_portion"": 95.0, ""value_per_100g"": 95.0}, ""protein_g_100g"": {""label"": ""Verified"", ""source_name"": ""DOST-FNRI PhilFCT"", ""source_record_id"": ""G226"", ""source_url"": ""https://i.fnri.dost.gov.ph/fct/library/report/4206"", ""value_for_portion"": 17.9, ""value_per_100g"": 17.9}, ""sodium_mg_100g"": {""label"": ""Verified"", ""source_name"": ""DOST-FNRI PhilFCT"", ""source_record_id"": ""G226"", ""source_url"": ""https://i.fnri.dost.gov.ph/fct/library/report/4206"", ""value_for_portion"": 316.0, ""value_per_100g"": 316.0}, ""sugar_g_100g"": {""label"": ""Verified"", ""source_name"": ""DOST-FNRI PhilFCT"", ""source_record_id"": ""G226"", ""source_url"": ""https://i.fnri.dost.gov.ph/fct/library/report/4206"", ""value_for_portion"": 0.0, ""value_per_100g"": 0.0}}"
EST_PANTRY_20260918_019_V1,FC000108,"Sardines, in tomato sce, cnd",100,88.0,9.7,2.7,4.3,0.4,0.3,311.0,48.0,"{""carbs_g_100g"": {""label"": ""Verified"", ""source_name"": ""DOST-FNRI PhilFCT"", ""source_record_id"": ""G203"", ""source_url"": ""https://i.fnri.dost.gov.ph/fct/library/report/4183"", ""value_for_portion"": 2.7, ""value_per_100g"": 2.7}, ""cholesterol_mg_100g"": {""label"": ""Verified"", ""source_name"": ""DOST-FNRI PhilFCT"", ""source_record_id"": ""G203"", ""source_url"": ""https://i.fnri.dost.gov.ph/fct/library/report/4183"", ""value_for_portion"": 48.0, ""value_per_100g"": 48.0}, ""fat_g_100g"": {""label"": ""Verified"", ""source_name"": ""DOST-FNRI PhilFCT"", ""source_record_id"": ""G203"", ""source_url"": ""https://i.fnri.dost.gov.ph/fct/library/report/4183"", ""value_for_portion"": 4.3, ""value_per_100g"": 4.3}, ""fiber_g_100g"": {""label"": ""Verified"", ""source_name"": ""DOST-FNRI PhilFCT"", ""source_record_id"": ""G203"", ""source_url"": ""https://i.fnri.dost.gov.ph/fct/library/report/4183"", ""value_for_portion"": 0.4, ""value_per_100g"": 0.4}, ""kcal_100g"": {""label"": ""Verified"", ""source_name"": ""DOST-FNRI PhilFCT"", ""source_record_id"": ""G203"", ""source_url"": ""https://i.fnri.dost.gov.ph/fct/library/report/4183"", ""value_for_portion"": 88.0, ""value_per_100g"": 88.0}, ""protein_g_100g"": {""label"": ""Verified"", ""source_name"": ""DOST-FNRI PhilFCT"", ""source_record_id"": ""G203"", ""source_url"": ""https://i.fnri.dost.gov.ph/fct/library/report/4183"", ""value_for_portion"": 9.7, ""value_per_100g"": 9.7}, ""sodium_mg_100g"": {""label"": ""Verified"", ""source_name"": ""DOST-FNRI PhilFCT"", ""source_record_id"": ""G203"", ""source_url"": ""https://i.fnri.dost.gov.ph/fct/library/report/4183"", ""value_for_portion"": 311.0, ""value_per_100g"": 311.0}, ""sugar_g_100g"": {""label"": ""Verified"", ""source_name"": ""DOST-FNRI PhilFCT"", ""source_record_id"": ""G203"", ""source_url"": ""https://i.fnri.dost.gov.ph/fct/library/report/4183"", ""value_for_portion"": 0.3, ""value_per_100g"": 0.3}}"
EST_PANTRY_20260918_020_V1,FC000354,"Corned beef, cnd",100,168.0,17.9,0.0,10.7,0.0,,567.0,68.0,"{""carbs_g_100g"": {""label"": ""Verified"", ""source_name"": ""DOST-FNRI PhilFCT"", ""source_record_id"": ""F226"", ""source_url"": ""https://i.fnri.dost.gov.ph/fct/library/report/3933"", ""value_for_portion"": 0.0, ""value_per_100g"": 0.0}, ""cholesterol_mg_100g"": {""label"": ""Verified"", ""source_name"": ""DOST-FNRI PhilFCT"", ""source_record_id"": ""F226"", ""source_url"": ""https://i.fnri.dost.gov.ph/fct/library/report/3933"", ""value_for_portion"": 68.0, ""value_per_100g"": 68.0}, ""fat_g_100g"": {""label"": ""Verified"", ""source_name"": ""DOST-FNRI PhilFCT"", ""source_record_id"": ""F226"", ""source_url"": ""https://i.fnri.dost.gov.ph/fct/library/report/3933"", ""value_for_portion"": 10.7, ""value_per_100g"": 10.7}, ""fiber_g_100g"": {""label"": ""Verified"", ""source_name"": ""DOST-FNRI PhilFCT"", ""source_record_id"": ""F226"", ""source_url"": ""https://i.fnri.dost.gov.ph/fct/library/report/3933"", ""value_for_portion"": 0.0, ""value_per_100g"": 0.0}, ""kcal_100g"": {""label"": ""Verified"", ""source_name"": ""DOST-FNRI PhilFCT"", ""source_record_id"": ""F226"", ""source_url"": ""https://i.fnri.dost.gov.ph/fct/library/report/3933"", ""value_for_portion"": 168.0, ""value_per_100g"": 168.0}, ""protein_g_100g"": {""label"": ""Verified"", ""source_name"": ""DOST-FNRI PhilFCT"", ""source_record_id"": ""F226"", ""source_url"": ""https://i.fnri.dost.gov.ph/fct/library/report/3933"", ""value_for_portion"": 17.9, ""value_per_100g"": 17.9}, ""sodium_mg_100g"": {""label"": ""Verified"", ""source_name"": ""DOST-FNRI PhilFCT"", ""source_record_id"": ""F226"", ""source_url"": ""https://i.fnri.dost.gov.ph/fct/library/report/3933"", ""value_for_portion"": 567.0, ""value_per_100g"": 567.0}, ""sugar_g_100g"": {""label"": ""Unknown"", ""source_name"": null, ""source_record_id"": null, ""source_url"": null, ""value_for_portion"": null, ""value_per_100g"": null}}"
EST_PANTRY_20260918_021_V1,FC000903,Corned beef loaf,100,227.0,13.3,3.1,17.9,0.0,1.8,689.0,114.0,"{""carbs_g_100g"": {""label"": ""Verified"", ""source_name"": ""DOST-FNRI PhilFCT"", ""source_record_id"": ""F225"", ""source_url"": ""https://i.fnri.dost.gov.ph/fct/library/report/3932"", ""value_for_portion"": 3.1, ""value_per_100g"": 3.1}, ""cholesterol_mg_100g"": {""label"": ""Verified"", ""source_name"": ""DOST-FNRI PhilFCT"", ""source_record_id"": ""F225"", ""source_url"": ""https://i.fnri.dost.gov.ph/fct/library/report/3932"", ""value_for_portion"": 114.0, ""value_per_100g"": 114.0}, ""fat_g_100g"": {""label"": ""Verified"", ""source_name"": ""DOST-FNRI PhilFCT"", ""source_record_id"": ""F225"", ""source_url"": ""https://i.fnri.dost.gov.ph/fct/library/report/3932"", ""value_for_portion"": 17.9, ""value_per_100g"": 17.9}, ""fiber_g_100g"": {""label"": ""Verified"", ""source_name"": ""DOST-FNRI PhilFCT"", ""source_record_id"": ""F225"", ""source_url"": ""https://i.fnri.dost.gov.ph/fct/library/report/3932"", ""value_for_portion"": 0.0, ""value_per_100g"": 0.0}, ""kcal_100g"": {""label"": ""Verified"", ""source_name"": ""DOST-FNRI PhilFCT"", ""source_record_id"": ""F225"", ""source_url"": ""https://i.fnri.dost.gov.ph/fct/library/report/3932"", ""value_for_portion"": 227.0, ""value_per_100g"": 227.0}, ""protein_g_100g"": {""label"": ""Verified"", ""source_name"": ""DOST-FNRI PhilFCT"", ""source_record_id"": ""F225"", ""source_url"": ""https://i.fnri.dost.gov.ph/fct/library/report/3932"", ""value_for_portion"": 13.3, ""value_per_100g"": 13.3}, ""sodium_mg_100g"": {""label"": ""Verified"", ""source_name"": ""DOST-FNRI PhilFCT"", ""source_record_id"": ""F225"", ""source_url"": ""https://i.fnri.dost.gov.ph/fct/library/report/3932"", ""value_for_portion"": 689.0, ""value_per_100g"": 689.0}, ""sugar_g_100g"": {""label"": ""Verified"", ""source_name"": ""DOST-FNRI PhilFCT"", ""source_record_id"": ""F225"", ""source_url"": ""https://i.fnri.dost.gov.ph/fct/library/report/3932"", ""value_for_portion"": 1.8, ""value_per_100g"": 1.8}}"
EST_PANTRY_20260918_022_V1,FC000354,"Corned beef, cnd",100,168.0,17.9,0.0,10.7,0.0,,567.0,68.0,"{""carbs_g_100g"": {""label"": ""Verified"", ""source_name"": ""DOST-FNRI PhilFCT"", ""source_record_id"": ""F226"", ""source_url"": ""https://i.fnri.dost.gov.ph/fct/library/report/3933"", ""value_for_portion"": 0.0, ""value_per_100g"": 0.0}, ""cholesterol_mg_100g"": {""label"": ""Verified"", ""source_name"": ""DOST-FNRI PhilFCT"", ""source_record_id"": ""F226"", ""source_url"": ""https://i.fnri.dost.gov.ph/fct/library/report/3933"", ""value_for_portion"": 68.0, ""value_per_100g"": 68.0}, ""fat_g_100g"": {""label"": ""Verified"", ""source_name"": ""DOST-FNRI PhilFCT"", ""source_record_id"": ""F226"", ""source_url"": ""https://i.fnri.dost.gov.ph/fct/library/report/3933"", ""value_for_portion"": 10.7, ""value_per_100g"": 10.7}, ""fiber_g_100g"": {""label"": ""Verified"", ""source_name"": ""DOST-FNRI PhilFCT"", ""source_record_id"": ""F226"", ""source_url"": ""https://i.fnri.dost.gov.ph/fct/library/report/3933"", ""value_for_portion"": 0.0, ""value_per_100g"": 0.0}, ""kcal_100g"": {""label"": ""Verified"", ""source_name"": ""DOST-FNRI PhilFCT"", ""source_record_id"": ""F226"", ""source_url"": ""https://i.fnri.dost.gov.ph/fct/library/report/3933"", ""value_for_portion"": 168.0, ""value_per_100g"": 168.0}, ""protein_g_100g"": {""label"": ""Verified"", ""source_name"": ""DOST-FNRI PhilFCT"", ""source_record_id"": ""F226"", ""source_url"": ""https://i.fnri.dost.gov.ph/fct/library/report/3933"", ""value_for_portion"": 17.9, ""value_per_100g"": 17.9}, ""sodium_mg_100g"": {""label"": ""Verified"", ""source_name"": ""DOST-FNRI PhilFCT"", ""source_record_id"": ""F226"", ""source_url"": ""https://i.fnri.dost.gov.ph/fct/library/report/3933"", ""value_for_portion"": 567.0, ""value_per_100g"": 567.0}, ""sugar_g_100g"": {""label"": ""Unknown"", ""source_name"": null, ""source_record_id"": null, ""source_url"": null, ""value_for_portion"": null, ""value_per_100g"": null}}"
EST_PANTRY_20260918_023_V1,FC000382,"Chicken, white meat, boiled",60,173.0,32.9,0.0,4.6,0.0,0.0,81.0,,"{""carbs_g_100g"": {""label"": ""Verified"", ""source_name"": ""DOST-FNRI PhilFCT"", ""source_record_id"": ""F111"", ""source_url"": ""https://i.fnri.dost.gov.ph/fct/library/report/3818"", ""value_for_portion"": 0.0, ""value_per_100g"": 0.0}, ""cholesterol_mg_100g"": {""label"": ""Unknown"", ""source_name"": null, ""source_record_id"": null, ""source_url"": null, ""value_for_portion"": null, ""value_per_100g"": null}, ""fat_g_100g"": {""label"": ""Verified"", ""source_name"": ""DOST-FNRI PhilFCT"", ""source_record_id"": ""F111"", ""source_url"": ""https://i.fnri.dost.gov.ph/fct/library/report/3818"", ""value_for_portion"": 4.6, ""value_per_100g"": 4.6}, ""fiber_g_100g"": {""label"": ""Verified"", ""source_name"": ""DOST-FNRI PhilFCT"", ""source_record_id"": ""F111"", ""source_url"": ""https://i.fnri.dost.gov.ph/fct/library/report/3818"", ""value_for_portion"": 0.0, ""value_per_100g"": 0.0}, ""kcal_100g"": {""label"": ""Verified"", ""source_name"": ""DOST-FNRI PhilFCT"", ""source_record_id"": ""F111"", ""source_url"": ""https://i.fnri.dost.gov.ph/fct/library/report/3818"", ""value_for_portion"": 173.0, ""value_per_100g"": 173.0}, ""protein_g_100g"": {""label"": ""Verified"", ""source_name"": ""DOST-FNRI PhilFCT"", ""source_record_id"": ""F111"", ""source_url"": ""https://i.fnri.dost.gov.ph/fct/library/report/3818"", ""value_for_portion"": 32.9, ""value_per_100g"": 32.9}, ""sodium_mg_100g"": {""label"": ""Verified"", ""source_name"": ""DOST-FNRI PhilFCT"", ""source_record_id"": ""F111"", ""source_url"": ""https://i.fnri.dost.gov.ph/fct/library/report/3818"", ""value_for_portion"": 81.0, ""value_per_100g"": 81.0}, ""sugar_g_100g"": {""label"": ""Verified"", ""source_name"": ""DOST-FNRI PhilFCT"", ""source_record_id"": ""F111"", ""source_url"": ""https://i.fnri.dost.gov.ph/fct/library/report/3818"", ""value_for_portion"": 0.0, ""value_per_100g"": 0.0}}"
EST_PANTRY_20260918_023_V1,FC001237,"Beverages, water, tap, drinking",20,0.0,0.0,0.0,0.0,0.0,0.0,4.0,0.0,"{""carbs_g_100g"": {""label"": ""Other source"", ""source_name"": ""USDA FoodData Central SR Legacy"", ""source_record_id"": ""USDA_FC001237_173647"", ""source_url"": ""https://fdc.nal.usda.gov/food-details/173647/nutrients"", ""value_for_portion"": 0.0, ""value_per_100g"": 0.0}, ""cholesterol_mg_100g"": {""label"": ""Other source"", ""source_name"": ""USDA FoodData Central SR Legacy"", ""source_record_id"": ""USDA_FC001237_173647"", ""source_url"": ""https://fdc.nal.usda.gov/food-details/173647/nutrients"", ""value_for_portion"": 0.0, ""value_per_100g"": 0.0}, ""fat_g_100g"": {""label"": ""Other source"", ""source_name"": ""USDA FoodData Central SR Legacy"", ""source_record_id"": ""USDA_FC001237_173647"", ""source_url"": ""https://fdc.nal.usda.gov/food-details/173647/nutrients"", ""value_for_portion"": 0.0, ""value_per_100g"": 0.0}, ""fiber_g_100g"": {""label"": ""Other source"", ""source_name"": ""USDA FoodData Central SR Legacy"", ""source_record_id"": ""USDA_FC001237_173647"", ""source_url"": ""https://fdc.nal.usda.gov/food-details/173647/nutrients"", ""value_for_portion"": 0.0, ""value_per_100g"": 0.0}, ""kcal_100g"": {""label"": ""Other source"", ""source_name"": ""USDA FoodData Central SR Legacy"", ""source_record_id"": ""USDA_FC001237_173647"", ""source_url"": ""https://fdc.nal.usda.gov/food-details/173647/nutrients"", ""value_for_portion"": 0.0, ""value_per_100g"": 0.0}, ""protein_g_100g"": {""label"": ""Other source"", ""source_name"": ""USDA FoodData Central SR Legacy"", ""source_record_id"": ""USDA_FC001237_173647"", ""source_url"": ""https://fdc.nal.usda.gov/food-details/173647/nutrients"", ""value_for_portion"": 0.0, ""value_per_100g"": 0.0}, ""sodium_mg_100g"": {""label"": ""Other source"", ""source_name"": ""USDA FoodData Central SR Legacy"", ""source_record_id"": ""USDA_FC001237_173647"", ""source_url"": ""https://fdc.nal.usda.gov/food-details/173647/nutrients"", ""value_for_portion"": 4.0, ""value_per_100g"": 4.0}, ""sugar_g_100g"": {""label"": ""Other source"", ""source_name"": ""USDA FoodData Central SR Legacy"", ""source_record_id"": ""USDA_FC001237_173647"", ""source_url"": ""https://fdc.nal.usda.gov/food-details/173647/nutrients"", ""value_for_portion"": 0.0, ""value_per_100g"": 0.0}}"
EST_PANTRY_20260918_023_V1,FC000642,"Oil, corn",10,896.0,0.0,0.0,99.6,0.0,0.0,0.0,0.0,"{""carbs_g_100g"": {""label"": ""Verified"", ""source_name"": ""DOST-FNRI PhilFCT"", ""source_record_id"": ""K009"", ""source_url"": ""https://i.fnri.dost.gov.ph/fct/library/report/4269"", ""value_for_portion"": 0.0, ""value_per_100g"": 0.0}, ""cholesterol_mg_100g"": {""label"": ""Verified"", ""source_name"": ""DOST-FNRI PhilFCT"", ""source_record_id"": ""K009"", ""source_url"": ""https://i.fnri.dost.gov.ph/fct/library/report/4269"", ""value_for_portion"": 0.0, ""value_per_100g"": 0.0}, ""fat_g_100g"": {""label"": ""Verified"", ""source_name"": ""DOST-FNRI PhilFCT"", ""source_record_id"": ""K009"", ""source_url"": ""https://i.fnri.dost.gov.ph/fct/library/report/4269"", ""value_for_portion"": 99.6, ""value_per_100g"": 99.6}, ""fiber_g_100g"": {""label"": ""Verified"", ""source_name"": ""DOST-FNRI PhilFCT"", ""source_record_id"": ""K009"", ""source_url"": ""https://i.fnri.dost.gov.ph/fct/library/report/4269"", ""value_for_portion"": 0.0, ""value_per_100g"": 0.0}, ""kcal_100g"": {""label"": ""Verified"", ""source_name"": ""DOST-FNRI PhilFCT"", ""source_record_id"": ""K009"", ""source_url"": ""https://i.fnri.dost.gov.ph/fct/library/report/4269"", ""value_for_portion"": 896.0, ""value_per_100g"": 896.0}, ""protein_g_100g"": {""label"": ""Verified"", ""source_name"": ""DOST-FNRI PhilFCT"", ""source_record_id"": ""K009"", ""source_url"": ""https://i.fnri.dost.gov.ph/fct/library/report/4269"", ""value_for_portion"": 0.0, ""value_per_100g"": 0.0}, ""sodium_mg_100g"": {""label"": ""Verified"", ""source_name"": ""DOST-FNRI PhilFCT"", ""source_record_id"": ""K009"", ""source_url"": ""https://i.fnri.dost.gov.ph/fct/library/report/4269"", ""value_for_portion"": 0.0, ""value_per_100g"": 0.0}, ""sugar_g_100g"": {""label"": ""Verified"", ""source_name"": ""DOST-FNRI PhilFCT"", ""source_record_id"": ""K009"", ""source_url"": ""https://i.fnri.dost.gov.ph/fct/library/report/4269"", ""value_for_portion"": 0.0, ""value_per_100g"": 0.0}}"
EST_PANTRY_20260918_023_V1,FC000681,Cornstarch,8,370.0,0.3,91.5,0.3,0.9,0.0,9.0,0.0,"{""carbs_g_100g"": {""label"": ""Verified"", ""source_name"": ""DOST-FNRI PhilFCT"", ""source_record_id"": ""A110"", ""source_url"": ""https://i.fnri.dost.gov.ph/fct/library/report/3072"", ""value_for_portion"": 91.5, ""value_per_100g"": 91.5}, ""cholesterol_mg_100g"": {""label"": ""Verified"", ""source_name"": ""DOST-FNRI PhilFCT"", ""source_record_id"": ""A110"", ""source_url"": ""https://i.fnri.dost.gov.ph/fct/library/report/3072"", ""value_for_portion"": 0.0, ""value_per_100g"": 0.0}, ""fat_g_100g"": {""label"": ""Verified"", ""source_name"": ""DOST-FNRI PhilFCT"", ""source_record_id"": ""A110"", ""source_url"": ""https://i.fnri.dost.gov.ph/fct/library/report/3072"", ""value_for_portion"": 0.3, ""value_per_100g"": 0.3}, ""fiber_g_100g"": {""label"": ""Verified"", ""source_name"": ""DOST-FNRI PhilFCT"", ""source_record_id"": ""A110"", ""source_url"": ""https://i.fnri.dost.gov.ph/fct/library/report/3072"", ""value_for_portion"": 0.9, ""value_per_100g"": 0.9}, ""kcal_100g"": {""label"": ""Verified"", ""source_name"": ""DOST-FNRI PhilFCT"", ""source_record_id"": ""A110"", ""source_url"": ""https://i.fnri.dost.gov.ph/fct/library/report/3072"", ""value_for_portion"": 370.0, ""value_per_100g"": 370.0}, ""protein_g_100g"": {""label"": ""Verified"", ""source_name"": ""DOST-FNRI PhilFCT"", ""source_record_id"": ""A110"", ""source_url"": ""https://i.fnri.dost.gov.ph/fct/library/report/3072"", ""value_for_portion"": 0.3, ""value_per_100g"": 0.3}, ""sodium_mg_100g"": {""label"": ""Verified"", ""source_name"": ""DOST-FNRI PhilFCT"", ""source_record_id"": ""A110"", ""source_url"": ""https://i.fnri.dost.gov.ph/fct/library/report/3072"", ""value_for_portion"": 9.0, ""value_per_100g"": 9.0}, ""sugar_g_100g"": {""label"": ""Verified"", ""source_name"": ""DOST-FNRI PhilFCT"", ""source_record_id"": ""A110"", ""source_url"": ""https://i.fnri.dost.gov.ph/fct/library/report/3072"", ""value_for_portion"": 0.0, ""value_per_100g"": 0.0}}"
EST_PANTRY_20260918_023_V1,FC000612,"Salt, coarse",2,0.0,0.0,0.0,0.0,0.0,0.0,34836.0,0.0,"{""carbs_g_100g"": {""label"": ""Verified"", ""source_name"": ""DOST-FNRI PhilFCT"", ""source_record_id"": ""N019"", ""source_url"": ""https://i.fnri.dost.gov.ph/fct/library/report/4342"", ""value_for_portion"": 0.0, ""value_per_100g"": 0.0}, ""cholesterol_mg_100g"": {""label"": ""Verified"", ""source_name"": ""DOST-FNRI PhilFCT"", ""source_record_id"": ""N019"", ""source_url"": ""https://i.fnri.dost.gov.ph/fct/library/report/4342"", ""value_for_portion"": 0.0, ""value_per_100g"": 0.0}, ""fat_g_100g"": {""label"": ""Verified"", ""source_name"": ""DOST-FNRI PhilFCT"", ""source_record_id"": ""N019"", ""source_url"": ""https://i.fnri.dost.gov.ph/fct/library/report/4342"", ""value_for_portion"": 0.0, ""value_per_100g"": 0.0}, ""fiber_g_100g"": {""label"": ""Verified"", ""source_name"": ""DOST-FNRI PhilFCT"", ""source_record_id"": ""N019"", ""source_url"": ""https://i.fnri.dost.gov.ph/fct/library/report/4342"", ""value_for_portion"": 0.0, ""value_per_100g"": 0.0}, ""kcal_100g"": {""label"": ""Verified"", ""source_name"": ""DOST-FNRI PhilFCT"", ""source_record_id"": ""N019"", ""source_url"": ""https://i.fnri.dost.gov.ph/fct/library/report/4342"", ""value_for_portion"": 0.0, ""value_per_100g"": 0.0}, ""protein_g_100g"": {""label"": ""Verified"", ""source_name"": ""DOST-FNRI PhilFCT"", ""source_record_id"": ""N019"", ""source_url"": ""https://i.fnri.dost.gov.ph/fct/library/report/4342"", ""value_for_portion"": 0.0, ""value_per_100g"": 0.0}, ""sodium_mg_100g"": {""label"": ""Verified"", ""source_name"": ""DOST-FNRI PhilFCT"", ""source_record_id"": ""N019"", ""source_url"": ""https://i.fnri.dost.gov.ph/fct/library/report/4342"", ""value_for_portion"": 34836.0, ""value_per_100g"": 34836.0}, ""sugar_g_100g"": {""label"": ""Verified"", ""source_name"": ""DOST-FNRI PhilFCT"", ""source_record_id"": ""N019"", ""source_url"": ""https://i.fnri.dost.gov.ph/fct/library/report/4342"", ""value_for_portion"": 0.0, ""value_per_100g"": 0.0}}"
EST_PANTRY_20260918_024_V1,FC000608,"Catsup, banana",100,221.0,0.7,54.0,0.2,0.6,39.1,1668.0,0.0,"{""carbs_g_100g"": {""label"": ""Verified"", ""source_name"": ""DOST-FNRI PhilFCT"", ""source_record_id"": ""N004"", ""source_url"": ""https://i.fnri.dost.gov.ph/fct/library/report/4327"", ""value_for_portion"": 54.0, ""value_per_100g"": 54.0}, ""cholesterol_mg_100g"": {""label"": ""Verified"", ""source_name"": ""DOST-FNRI PhilFCT"", ""source_record_id"": ""N004"", ""source_url"": ""https://i.fnri.dost.gov.ph/fct/library/report/4327"", ""value_for_portion"": 0.0, ""value_per_100g"": 0.0}, ""fat_g_100g"": {""label"": ""Verified"", ""source_name"": ""DOST-FNRI PhilFCT"", ""source_record_id"": ""N004"", ""source_url"": ""https://i.fnri.dost.gov.ph/fct/library/report/4327"", ""value_for_portion"": 0.2, ""value_per_100g"": 0.2}, ""fiber_g_100g"": {""label"": ""Verified"", ""source_name"": ""DOST-FNRI PhilFCT"", ""source_record_id"": ""N004"", ""source_url"": ""https://i.fnri.dost.gov.ph/fct/library/report/4327"", ""value_for_portion"": 0.6, ""value_per_100g"": 0.6}, ""kcal_100g"": {""label"": ""Verified"", ""source_name"": ""DOST-FNRI PhilFCT"", ""source_record_id"": ""N004"", ""source_url"": ""https://i.fnri.dost.gov.ph/fct/library/report/4327"", ""value_for_portion"": 221.0, ""value_per_100g"": 221.0}, ""protein_g_100g"": {""label"": ""Verified"", ""source_name"": ""DOST-FNRI PhilFCT"", ""source_record_id"": ""N004"", ""source_url"": ""https://i.fnri.dost.gov.ph/fct/library/report/4327"", ""value_for_portion"": 0.7, ""value_per_100g"": 0.7}, ""sodium_mg_100g"": {""label"": ""Verified"", ""source_name"": ""DOST-FNRI PhilFCT"", ""source_record_id"": ""N004"", ""source_url"": ""https://i.fnri.dost.gov.ph/fct/library/report/4327"", ""value_for_portion"": 1668.0, ""value_per_100g"": 1668.0}, ""sugar_g_100g"": {""label"": ""Verified"", ""source_name"": ""DOST-FNRI PhilFCT"", ""source_record_id"": ""N004"", ""source_url"": ""https://i.fnri.dost.gov.ph/fct/library/report/4327"", ""value_for_portion"": 39.1, ""value_per_100g"": 39.1}}"
EST_PANTRY_20260918_025_V1,FC000099,Soy sauce,100,75.0,3.5,15.0,0.1,1.0,0.5,2041.0,0.0,"{""carbs_g_100g"": {""label"": ""Verified"", ""source_name"": ""DOST-FNRI PhilFCT"", ""source_record_id"": ""N023"", ""source_url"": ""https://i.fnri.dost.gov.ph/fct/library/report/4346"", ""value_for_portion"": 15.0, ""value_per_100g"": 15.0}, ""cholesterol_mg_100g"": {""label"": ""Verified"", ""source_name"": ""DOST-FNRI PhilFCT"", ""source_record_id"": ""N023"", ""source_url"": ""https://i.fnri.dost.gov.ph/fct/library/report/4346"", ""value_for_portion"": 0.0, ""value_per_100g"": 0.0}, ""fat_g_100g"": {""label"": ""Verified"", ""source_name"": ""DOST-FNRI PhilFCT"", ""source_record_id"": ""N023"", ""source_url"": ""https://i.fnri.dost.gov.ph/fct/library/report/4346"", ""value_for_portion"": 0.1, ""value_per_100g"": 0.1}, ""fiber_g_100g"": {""label"": ""Verified"", ""source_name"": ""DOST-FNRI PhilFCT"", ""source_record_id"": ""N023"", ""source_url"": ""https://i.fnri.dost.gov.ph/fct/library/report/4346"", ""value_for_portion"": 1.0, ""value_per_100g"": 1.0}, ""kcal_100g"": {""label"": ""Verified"", ""source_name"": ""DOST-FNRI PhilFCT"", ""source_record_id"": ""N023"", ""source_url"": ""https://i.fnri.dost.gov.ph/fct/library/report/4346"", ""value_for_portion"": 75.0, ""value_per_100g"": 75.0}, ""protein_g_100g"": {""label"": ""Verified"", ""source_name"": ""DOST-FNRI PhilFCT"", ""source_record_id"": ""N023"", ""source_url"": ""https://i.fnri.dost.gov.ph/fct/library/report/4346"", ""value_for_portion"": 3.5, ""value_per_100g"": 3.5}, ""sodium_mg_100g"": {""label"": ""Verified"", ""source_name"": ""DOST-FNRI PhilFCT"", ""source_record_id"": ""N023"", ""source_url"": ""https://i.fnri.dost.gov.ph/fct/library/report/4346"", ""value_for_portion"": 2041.0, ""value_per_100g"": 2041.0}, ""sugar_g_100g"": {""label"": ""Verified"", ""source_name"": ""DOST-FNRI PhilFCT"", ""source_record_id"": ""N023"", ""source_url"": ""https://i.fnri.dost.gov.ph/fct/library/report/4346"", ""value_for_portion"": 0.5, ""value_per_100g"": 0.5}}"
EST_PANTRY_20260918_026_V1,FC000099,Soy sauce,100,75.0,3.5,15.0,0.1,1.0,0.5,2041.0,0.0,"{""carbs_g_100g"": {""label"": ""Verified"", ""source_name"": ""DOST-FNRI PhilFCT"", ""source_record_id"": ""N023"", ""source_url"": ""https://i.fnri.dost.gov.ph/fct/library/report/4346"", ""value_for_portion"": 15.0, ""value_per_100g"": 15.0}, ""cholesterol_mg_100g"": {""label"": ""Verified"", ""source_name"": ""DOST-FNRI PhilFCT"", ""source_record_id"": ""N023"", ""source_url"": ""https://i.fnri.dost.gov.ph/fct/library/report/4346"", ""value_for_portion"": 0.0, ""value_per_100g"": 0.0}, ""fat_g_100g"": {""label"": ""Verified"", ""source_name"": ""DOST-FNRI PhilFCT"", ""source_record_id"": ""N023"", ""source_url"": ""https://i.fnri.dost.gov.ph/fct/library/report/4346"", ""value_for_portion"": 0.1, ""value_per_100g"": 0.1}, ""fiber_g_100g"": {""label"": ""Verified"", ""source_name"": ""DOST-FNRI PhilFCT"", ""source_record_id"": ""N023"", ""source_url"": ""https://i.fnri.dost.gov.ph/fct/library/report/4346"", ""value_for_portion"": 1.0, ""value_per_100g"": 1.0}, ""kcal_100g"": {""label"": ""Verified"", ""source_name"": ""DOST-FNRI PhilFCT"", ""source_record_id"": ""N023"", ""source_url"": ""https://i.fnri.dost.gov.ph/fct/library/report/4346"", ""value_for_portion"": 75.0, ""value_per_100g"": 75.0}, ""protein_g_100g"": {""label"": ""Verified"", ""source_name"": ""DOST-FNRI PhilFCT"", ""source_record_id"": ""N023"", ""source_url"": ""https://i.fnri.dost.gov.ph/fct/library/report/4346"", ""value_for_portion"": 3.5, ""value_per_100g"": 3.5}, ""sodium_mg_100g"": {""label"": ""Verified"", ""source_name"": ""DOST-FNRI PhilFCT"", ""source_record_id"": ""N023"", ""source_url"": ""https://i.fnri.dost.gov.ph/fct/library/report/4346"", ""value_for_portion"": 2041.0, ""value_per_100g"": 2041.0}, ""sugar_g_100g"": {""label"": ""Verified"", ""source_name"": ""DOST-FNRI PhilFCT"", ""source_record_id"": ""N023"", ""source_url"": ""https://i.fnri.dost.gov.ph/fct/library/report/4346"", ""value_for_portion"": 0.5, ""value_per_100g"": 0.5}}"
EST_PANTRY_20260918_027_V1,FC000615,"Vinegar, coconut",100,7.0,0.0,1.4,0.1,0.0,0.0,1.0,0.0,"{""carbs_g_100g"": {""label"": ""Verified"", ""source_name"": ""DOST-FNRI PhilFCT"", ""source_record_id"": ""N027"", ""source_url"": ""https://i.fnri.dost.gov.ph/fct/library/report/4350"", ""value_for_portion"": 1.4, ""value_per_100g"": 1.4}, ""cholesterol_mg_100g"": {""label"": ""Verified"", ""source_name"": ""DOST-FNRI PhilFCT"", ""source_record_id"": ""N027"", ""source_url"": ""https://i.fnri.dost.gov.ph/fct/library/report/4350"", ""value_for_portion"": 0.0, ""value_per_100g"": 0.0}, ""fat_g_100g"": {""label"": ""Verified"", ""source_name"": ""DOST-FNRI PhilFCT"", ""source_record_id"": ""N027"", ""source_url"": ""https://i.fnri.dost.gov.ph/fct/library/report/4350"", ""value_for_portion"": 0.1, ""value_per_100g"": 0.1}, ""fiber_g_100g"": {""label"": ""Verified"", ""source_name"": ""DOST-FNRI PhilFCT"", ""source_record_id"": ""N027"", ""source_url"": ""https://i.fnri.dost.gov.ph/fct/library/report/4350"", ""value_for_portion"": 0.0, ""value_per_100g"": 0.0}, ""kcal_100g"": {""label"": ""Verified"", ""source_name"": ""DOST-FNRI PhilFCT"", ""source_record_id"": ""N027"", ""source_url"": ""https://i.fnri.dost.gov.ph/fct/library/report/4350"", ""value_for_portion"": 7.0, ""value_per_100g"": 7.0}, ""protein_g_100g"": {""label"": ""Verified"", ""source_name"": ""DOST-FNRI PhilFCT"", ""source_record_id"": ""N027"", ""source_url"": ""https://i.fnri.dost.gov.ph/fct/library/report/4350"", ""value_for_portion"": 0.0, ""value_per_100g"": 0.0}, ""sodium_mg_100g"": {""label"": ""Verified"", ""source_name"": ""DOST-FNRI PhilFCT"", ""source_record_id"": ""N027"", ""source_url"": ""https://i.fnri.dost.gov.ph/fct/library/report/4350"", ""value_for_portion"": 1.0, ""value_per_100g"": 1.0}, ""sugar_g_100g"": {""label"": ""Verified"", ""source_name"": ""DOST-FNRI PhilFCT"", ""source_record_id"": ""N027"", ""source_url"": ""https://i.fnri.dost.gov.ph/fct/library/report/4350"", ""value_for_portion"": 0.0, ""value_per_100g"": 0.0}}"
EST_PANTRY_20260918_028_V1,FC000100,Fish sauce,100,49.0,10.6,0.9,0.3,0.0,,5061.0,0.0,"{""carbs_g_100g"": {""label"": ""Verified"", ""source_name"": ""DOST-FNRI PhilFCT"", ""source_record_id"": ""N011"", ""source_url"": ""https://i.fnri.dost.gov.ph/fct/library/report/4334"", ""value_for_portion"": 0.9, ""value_per_100g"": 0.9}, ""cholesterol_mg_100g"": {""label"": ""Verified"", ""source_name"": ""DOST-FNRI PhilFCT"", ""source_record_id"": ""N011"", ""source_url"": ""https://i.fnri.dost.gov.ph/fct/library/report/4334"", ""value_for_portion"": 0.0, ""value_per_100g"": 0.0}, ""fat_g_100g"": {""label"": ""Verified"", ""source_name"": ""DOST-FNRI PhilFCT"", ""source_record_id"": ""N011"", ""source_url"": ""https://i.fnri.dost.gov.ph/fct/library/report/4334"", ""value_for_portion"": 0.3, ""value_per_100g"": 0.3}, ""fiber_g_100g"": {""label"": ""Verified"", ""source_name"": ""DOST-FNRI PhilFCT"", ""source_record_id"": ""N011"", ""source_url"": ""https://i.fnri.dost.gov.ph/fct/library/report/4334"", ""value_for_portion"": 0.0, ""value_per_100g"": 0.0}, ""kcal_100g"": {""label"": ""Verified"", ""source_name"": ""DOST-FNRI PhilFCT"", ""source_record_id"": ""N011"", ""source_url"": ""https://i.fnri.dost.gov.ph/fct/library/report/4334"", ""value_for_portion"": 49.0, ""value_per_100g"": 49.0}, ""protein_g_100g"": {""label"": ""Verified"", ""source_name"": ""DOST-FNRI PhilFCT"", ""source_record_id"": ""N011"", ""source_url"": ""https://i.fnri.dost.gov.ph/fct/library/report/4334"", ""value_for_portion"": 10.6, ""value_per_100g"": 10.6}, ""sodium_mg_100g"": {""label"": ""Verified"", ""source_name"": ""DOST-FNRI PhilFCT"", ""source_record_id"": ""N011"", ""source_url"": ""https://i.fnri.dost.gov.ph/fct/library/report/4334"", ""value_for_portion"": 5061.0, ""value_per_100g"": 5061.0}, ""sugar_g_100g"": {""label"": ""Unknown"", ""source_name"": null, ""source_record_id"": null, ""source_url"": null, ""value_for_portion"": null, ""value_per_100g"": null}}"
EST_PANTRY_20260918_029_V1,FC000968,Polvoron,100,469.0,6.8,73.6,16.4,1.2,46.2,194.0,65.0,"{""carbs_g_100g"": {""label"": ""Verified"", ""source_name"": ""DOST-FNRI PhilFCT"", ""source_record_id"": ""M040"", ""source_url"": ""https://i.fnri.dost.gov.ph/fct/library/report/4311"", ""value_for_portion"": 73.6, ""value_per_100g"": 73.6}, ""cholesterol_mg_100g"": {""label"": ""Verified"", ""source_name"": ""DOST-FNRI PhilFCT"", ""source_record_id"": ""M040"", ""source_url"": ""https://i.fnri.dost.gov.ph/fct/library/report/4311"", ""value_for_portion"": 65.0, ""value_per_100g"": 65.0}, ""fat_g_100g"": {""label"": ""Verified"", ""source_name"": ""DOST-FNRI PhilFCT"", ""source_record_id"": ""M040"", ""source_url"": ""https://i.fnri.dost.gov.ph/fct/library/report/4311"", ""value_for_portion"": 16.4, ""value_per_100g"": 16.4}, ""fiber_g_100g"": {""label"": ""Verified"", ""source_name"": ""DOST-FNRI PhilFCT"", ""source_record_id"": ""M040"", ""source_url"": ""https://i.fnri.dost.gov.ph/fct/library/report/4311"", ""value_for_portion"": 1.2, ""value_per_100g"": 1.2}, ""kcal_100g"": {""label"": ""Verified"", ""source_name"": ""DOST-FNRI PhilFCT"", ""source_record_id"": ""M040"", ""source_url"": ""https://i.fnri.dost.gov.ph/fct/library/report/4311"", ""value_for_portion"": 469.0, ""value_per_100g"": 469.0}, ""protein_g_100g"": {""label"": ""Verified"", ""source_name"": ""DOST-FNRI PhilFCT"", ""source_record_id"": ""M040"", ""source_url"": ""https://i.fnri.dost.gov.ph/fct/library/report/4311"", ""value_for_portion"": 6.8, ""value_per_100g"": 6.8}, ""sodium_mg_100g"": {""label"": ""Verified"", ""source_name"": ""DOST-FNRI PhilFCT"", ""source_record_id"": ""M040"", ""source_url"": ""https://i.fnri.dost.gov.ph/fct/library/report/4311"", ""value_for_portion"": 194.0, ""value_per_100g"": 194.0}, ""sugar_g_100g"": {""label"": ""Verified"", ""source_name"": ""DOST-FNRI PhilFCT"", ""source_record_id"": ""M040"", ""source_url"": ""https://i.fnri.dost.gov.ph/fct/library/report/4311"", ""value_for_portion"": 46.2, ""value_per_100g"": 46.2}}"
EST_PANTRY_20260918_030_V1,FC000968,Polvoron,80,469.0,6.8,73.6,16.4,1.2,46.2,194.0,65.0,"{""carbs_g_100g"": {""label"": ""Verified"", ""source_name"": ""DOST-FNRI PhilFCT"", ""source_record_id"": ""M040"", ""source_url"": ""https://i.fnri.dost.gov.ph/fct/library/report/4311"", ""value_for_portion"": 73.6, ""value_per_100g"": 73.6}, ""cholesterol_mg_100g"": {""label"": ""Verified"", ""source_name"": ""DOST-FNRI PhilFCT"", ""source_record_id"": ""M040"", ""source_url"": ""https://i.fnri.dost.gov.ph/fct/library/report/4311"", ""value_for_portion"": 65.0, ""value_per_100g"": 65.0}, ""fat_g_100g"": {""label"": ""Verified"", ""source_name"": ""DOST-FNRI PhilFCT"", ""source_record_id"": ""M040"", ""source_url"": ""https://i.fnri.dost.gov.ph/fct/library/report/4311"", ""value_for_portion"": 16.4, ""value_per_100g"": 16.4}, ""fiber_g_100g"": {""label"": ""Verified"", ""source_name"": ""DOST-FNRI PhilFCT"", ""source_record_id"": ""M040"", ""source_url"": ""https://i.fnri.dost.gov.ph/fct/library/report/4311"", ""value_for_portion"": 1.2, ""value_per_100g"": 1.2}, ""kcal_100g"": {""label"": ""Verified"", ""source_name"": ""DOST-FNRI PhilFCT"", ""source_record_id"": ""M040"", ""source_url"": ""https://i.fnri.dost.gov.ph/fct/library/report/4311"", ""value_for_portion"": 469.0, ""value_per_100g"": 469.0}, ""protein_g_100g"": {""label"": ""Verified"", ""source_name"": ""DOST-FNRI PhilFCT"", ""source_record_id"": ""M040"", ""source_url"": ""https://i.fnri.dost.gov.ph/fct/library/report/4311"", ""value_for_portion"": 6.8, ""value_per_100g"": 6.8}, ""sodium_mg_100g"": {""label"": ""Verified"", ""source_name"": ""DOST-FNRI PhilFCT"", ""source_record_id"": ""M040"", ""source_url"": ""https://i.fnri.dost.gov.ph/fct/library/report/4311"", ""value_for_portion"": 194.0, ""value_per_100g"": 194.0}, ""sugar_g_100g"": {""label"": ""Verified"", ""source_name"": ""DOST-FNRI PhilFCT"", ""source_record_id"": ""M040"", ""source_url"": ""https://i.fnri.dost.gov.ph/fct/library/report/4311"", ""value_for_portion"": 46.2, ""value_per_100g"": 46.2}}"
EST_PANTRY_20260918_030_V1,FC001196,"Cookies, sandwich type, cream-filled",20,472.0,5.9,71.7,18.0,2.9,40.7,388.0,0.0,"{""carbs_g_100g"": {""label"": ""Verified"", ""source_name"": ""DOST-FNRI PhilFCT"", ""source_record_id"": ""A100"", ""source_url"": ""https://i.fnri.dost.gov.ph/fct/library/report/3062"", ""value_for_portion"": 71.7, ""value_per_100g"": 71.7}, ""cholesterol_mg_100g"": {""label"": ""Verified"", ""source_name"": ""DOST-FNRI PhilFCT"", ""source_record_id"": ""A100"", ""source_url"": ""https://i.fnri.dost.gov.ph/fct/library/report/3062"", ""value_for_portion"": 0.0, ""value_per_100g"": 0.0}, ""fat_g_100g"": {""label"": ""Verified"", ""source_name"": ""DOST-FNRI PhilFCT"", ""source_record_id"": ""A100"", ""source_url"": ""https://i.fnri.dost.gov.ph/fct/library/report/3062"", ""value_for_portion"": 18.0, ""value_per_100g"": 18.0}, ""fiber_g_100g"": {""label"": ""Verified"", ""source_name"": ""DOST-FNRI PhilFCT"", ""source_record_id"": ""A100"", ""source_url"": ""https://i.fnri.dost.gov.ph/fct/library/report/3062"", ""value_for_portion"": 2.9, ""value_per_100g"": 2.9}, ""kcal_100g"": {""label"": ""Verified"", ""source_name"": ""DOST-FNRI PhilFCT"", ""source_record_id"": ""A100"", ""source_url"": ""https://i.fnri.dost.gov.ph/fct/library/report/3062"", ""value_for_portion"": 472.0, ""value_per_100g"": 472.0}, ""protein_g_100g"": {""label"": ""Verified"", ""source_name"": ""DOST-FNRI PhilFCT"", ""source_record_id"": ""A100"", ""source_url"": ""https://i.fnri.dost.gov.ph/fct/library/report/3062"", ""value_for_portion"": 5.9, ""value_per_100g"": 5.9}, ""sodium_mg_100g"": {""label"": ""Verified"", ""source_name"": ""DOST-FNRI PhilFCT"", ""source_record_id"": ""A100"", ""source_url"": ""https://i.fnri.dost.gov.ph/fct/library/report/3062"", ""value_for_portion"": 388.0, ""value_per_100g"": 388.0}, ""sugar_g_100g"": {""label"": ""Verified"", ""source_name"": ""DOST-FNRI PhilFCT"", ""source_record_id"": ""A100"", ""source_url"": ""https://i.fnri.dost.gov.ph/fct/library/report/3062"", ""value_for_portion"": 40.7, ""value_per_100g"": 40.7}}"
EST_PANTRY_20260918_031_V1,FC000165,"Rice cake, puto, white",100,214.0,2.8,49.9,0.3,1.5,19.2,225.0,12.0,"{""carbs_g_100g"": {""label"": ""Verified"", ""source_name"": ""DOST-FNRI PhilFCT"", ""source_record_id"": ""A177"", ""source_url"": ""https://i.fnri.dost.gov.ph/fct/library/report/3139"", ""value_for_portion"": 49.9, ""value_per_100g"": 49.9}, ""cholesterol_mg_100g"": {""label"": ""Verified"", ""source_name"": ""DOST-FNRI PhilFCT"", ""source_record_id"": ""A177"", ""source_url"": ""https://i.fnri.dost.gov.ph/fct/library/report/3139"", ""value_for_portion"": 12.0, ""value_per_100g"": 12.0}, ""fat_g_100g"": {""label"": ""Verified"", ""source_name"": ""DOST-FNRI PhilFCT"", ""source_record_id"": ""A177"", ""source_url"": ""https://i.fnri.dost.gov.ph/fct/library/report/3139"", ""value_for_portion"": 0.3, ""value_per_100g"": 0.3}, ""fiber_g_100g"": {""label"": ""Verified"", ""source_name"": ""DOST-FNRI PhilFCT"", ""source_record_id"": ""A177"", ""source_url"": ""https://i.fnri.dost.gov.ph/fct/library/report/3139"", ""value_for_portion"": 1.5, ""value_per_100g"": 1.5}, ""kcal_100g"": {""label"": ""Verified"", ""source_name"": ""DOST-FNRI PhilFCT"", ""source_record_id"": ""A177"", ""source_url"": ""https://i.fnri.dost.gov.ph/fct/library/report/3139"", ""value_for_portion"": 214.0, ""value_per_100g"": 214.0}, ""protein_g_100g"": {""label"": ""Verified"", ""source_name"": ""DOST-FNRI PhilFCT"", ""source_record_id"": ""A177"", ""source_url"": ""https://i.fnri.dost.gov.ph/fct/library/report/3139"", ""value_for_portion"": 2.8, ""value_per_100g"": 2.8}, ""sodium_mg_100g"": {""label"": ""Verified"", ""source_name"": ""DOST-FNRI PhilFCT"", ""source_record_id"": ""A177"", ""source_url"": ""https://i.fnri.dost.gov.ph/fct/library/report/3139"", ""value_for_portion"": 225.0, ""value_per_100g"": 225.0}, ""sugar_g_100g"": {""label"": ""Verified"", ""source_name"": ""DOST-FNRI PhilFCT"", ""source_record_id"": ""A177"", ""source_url"": ""https://i.fnri.dost.gov.ph/fct/library/report/3139"", ""value_for_portion"": 19.2, ""value_per_100g"": 19.2}}"
EST_PANTRY_20260918_032_V1,FC000165,"Rice cake, puto, white",95,214.0,2.8,49.9,0.3,1.5,19.2,225.0,12.0,"{""carbs_g_100g"": {""label"": ""Verified"", ""source_name"": ""DOST-FNRI PhilFCT"", ""source_record_id"": ""A177"", ""source_url"": ""https://i.fnri.dost.gov.ph/fct/library/report/3139"", ""value_for_portion"": 49.9, ""value_per_100g"": 49.9}, ""cholesterol_mg_100g"": {""label"": ""Verified"", ""source_name"": ""DOST-FNRI PhilFCT"", ""source_record_id"": ""A177"", ""source_url"": ""https://i.fnri.dost.gov.ph/fct/library/report/3139"", ""value_for_portion"": 12.0, ""value_per_100g"": 12.0}, ""fat_g_100g"": {""label"": ""Verified"", ""source_name"": ""DOST-FNRI PhilFCT"", ""source_record_id"": ""A177"", ""source_url"": ""https://i.fnri.dost.gov.ph/fct/library/report/3139"", ""value_for_portion"": 0.3, ""value_per_100g"": 0.3}, ""fiber_g_100g"": {""label"": ""Verified"", ""source_name"": ""DOST-FNRI PhilFCT"", ""source_record_id"": ""A177"", ""source_url"": ""https://i.fnri.dost.gov.ph/fct/library/report/3139"", ""value_for_portion"": 1.5, ""value_per_100g"": 1.5}, ""kcal_100g"": {""label"": ""Verified"", ""source_name"": ""DOST-FNRI PhilFCT"", ""source_record_id"": ""A177"", ""source_url"": ""https://i.fnri.dost.gov.ph/fct/library/report/3139"", ""value_for_portion"": 214.0, ""value_per_100g"": 214.0}, ""protein_g_100g"": {""label"": ""Verified"", ""source_name"": ""DOST-FNRI PhilFCT"", ""source_record_id"": ""A177"", ""source_url"": ""https://i.fnri.dost.gov.ph/fct/library/report/3139"", ""value_for_portion"": 2.8, ""value_per_100g"": 2.8}, ""sodium_mg_100g"": {""label"": ""Verified"", ""source_name"": ""DOST-FNRI PhilFCT"", ""source_record_id"": ""A177"", ""source_url"": ""https://i.fnri.dost.gov.ph/fct/library/report/3139"", ""value_for_portion"": 225.0, ""value_per_100g"": 225.0}, ""sugar_g_100g"": {""label"": ""Verified"", ""source_name"": ""DOST-FNRI PhilFCT"", ""source_record_id"": ""A177"", ""source_url"": ""https://i.fnri.dost.gov.ph/fct/library/report/3139"", ""value_for_portion"": 19.2, ""value_per_100g"": 19.2}}"
EST_PANTRY_20260918_032_V1,FC000096,Butter,5,772.0,0.5,0.0,85.5,0.0,0.0,550.0,227.0,"{""carbs_g_100g"": {""label"": ""Verified"", ""source_name"": ""DOST-FNRI PhilFCT"", ""source_record_id"": ""K001"", ""source_url"": ""https://i.fnri.dost.gov.ph/fct/library/report/4261"", ""value_for_portion"": 0.0, ""value_per_100g"": 0.0}, ""cholesterol_mg_100g"": {""label"": ""Verified"", ""source_name"": ""DOST-FNRI PhilFCT"", ""source_record_id"": ""K001"", ""source_url"": ""https://i.fnri.dost.gov.ph/fct/library/report/4261"", ""value_for_portion"": 227.0, ""value_per_100g"": 227.0}, ""fat_g_100g"": {""label"": ""Verified"", ""source_name"": ""DOST-FNRI PhilFCT"", ""source_record_id"": ""K001"", ""source_url"": ""https://i.fnri.dost.gov.ph/fct/library/report/4261"", ""value_for_portion"": 85.5, ""value_per_100g"": 85.5}, ""fiber_g_100g"": {""label"": ""Verified"", ""source_name"": ""DOST-FNRI PhilFCT"", ""source_record_id"": ""K001"", ""source_url"": ""https://i.fnri.dost.gov.ph/fct/library/report/4261"", ""value_for_portion"": 0.0, ""value_per_100g"": 0.0}, ""kcal_100g"": {""label"": ""Verified"", ""source_name"": ""DOST-FNRI PhilFCT"", ""source_record_id"": ""K001"", ""source_url"": ""https://i.fnri.dost.gov.ph/fct/library/report/4261"", ""value_for_portion"": 772.0, ""value_per_100g"": 772.0}, ""protein_g_100g"": {""label"": ""Verified"", ""source_name"": ""DOST-FNRI PhilFCT"", ""source_record_id"": ""K001"", ""source_url"": ""https://i.fnri.dost.gov.ph/fct/library/report/4261"", ""value_for_portion"": 0.5, ""value_per_100g"": 0.5}, ""sodium_mg_100g"": {""label"": ""Verified"", ""source_name"": ""DOST-FNRI PhilFCT"", ""source_record_id"": ""K001"", ""source_url"": ""https://i.fnri.dost.gov.ph/fct/library/report/4261"", ""value_for_portion"": 550.0, ""value_per_100g"": 550.0}, ""sugar_g_100g"": {""label"": ""Verified"", ""source_name"": ""DOST-FNRI PhilFCT"", ""source_record_id"": ""K001"", ""source_url"": ""https://i.fnri.dost.gov.ph/fct/library/report/4261"", ""value_for_portion"": 0.0, ""value_per_100g"": 0.0}}"
EST_PANTRY_20260918_033_V1,FC000955,Creme custard,100,228.0,5.9,41.4,4.3,0.0,38.1,87.0,57.0,"{""carbs_g_100g"": {""label"": ""Verified"", ""source_name"": ""DOST-FNRI PhilFCT"", ""source_record_id"": ""M016"", ""source_url"": ""https://i.fnri.dost.gov.ph/fct/library/report/4287"", ""value_for_portion"": 41.4, ""value_per_100g"": 41.4}, ""cholesterol_mg_100g"": {""label"": ""Verified"", ""source_name"": ""DOST-FNRI PhilFCT"", ""source_record_id"": ""M016"", ""source_url"": ""https://i.fnri.dost.gov.ph/fct/library/report/4287"", ""value_for_portion"": 57.0, ""value_per_100g"": 57.0}, ""fat_g_100g"": {""label"": ""Verified"", ""source_name"": ""DOST-FNRI PhilFCT"", ""source_record_id"": ""M016"", ""source_url"": ""https://i.fnri.dost.gov.ph/fct/library/report/4287"", ""value_for_portion"": 4.3, ""value_per_100g"": 4.3}, ""fiber_g_100g"": {""label"": ""Verified"", ""source_name"": ""DOST-FNRI PhilFCT"", ""source_record_id"": ""M016"", ""source_url"": ""https://i.fnri.dost.gov.ph/fct/library/report/4287"", ""value_for_portion"": 0.0, ""value_per_100g"": 0.0}, ""kcal_100g"": {""label"": ""Verified"", ""source_name"": ""DOST-FNRI PhilFCT"", ""source_record_id"": ""M016"", ""source_url"": ""https://i.fnri.dost.gov.ph/fct/library/report/4287"", ""value_for_portion"": 228.0, ""value_per_100g"": 228.0}, ""protein_g_100g"": {""label"": ""Verified"", ""source_name"": ""DOST-FNRI PhilFCT"", ""source_record_id"": ""M016"", ""source_url"": ""https://i.fnri.dost.gov.ph/fct/library/report/4287"", ""value_for_portion"": 5.9, ""value_per_100g"": 5.9}, ""sodium_mg_100g"": {""label"": ""Verified"", ""source_name"": ""DOST-FNRI PhilFCT"", ""source_record_id"": ""M016"", ""source_url"": ""https://i.fnri.dost.gov.ph/fct/library/report/4287"", ""value_for_portion"": 87.0, ""value_per_100g"": 87.0}, ""sugar_g_100g"": {""label"": ""Verified"", ""source_name"": ""DOST-FNRI PhilFCT"", ""source_record_id"": ""M016"", ""source_url"": ""https://i.fnri.dost.gov.ph/fct/library/report/4287"", ""value_for_portion"": 38.1, ""value_per_100g"": 38.1}}"
EST_PANTRY_20260918_034_V1,FC000162,"Rice cake (glutinous), biko",100,252.0,2.2,58.7,0.9,2.0,22.4,94.0,0.0,"{""carbs_g_100g"": {""label"": ""Verified"", ""source_name"": ""DOST-FNRI PhilFCT"", ""source_record_id"": ""A168"", ""source_url"": ""https://i.fnri.dost.gov.ph/fct/library/report/3130"", ""value_for_portion"": 58.7, ""value_per_100g"": 58.7}, ""cholesterol_mg_100g"": {""label"": ""Verified"", ""source_name"": ""DOST-FNRI PhilFCT"", ""source_record_id"": ""A168"", ""source_url"": ""https://i.fnri.dost.gov.ph/fct/library/report/3130"", ""value_for_portion"": 0.0, ""value_per_100g"": 0.0}, ""fat_g_100g"": {""label"": ""Verified"", ""source_name"": ""DOST-FNRI PhilFCT"", ""source_record_id"": ""A168"", ""source_url"": ""https://i.fnri.dost.gov.ph/fct/library/report/3130"", ""value_for_portion"": 0.9, ""value_per_100g"": 0.9}, ""fiber_g_100g"": {""label"": ""Verified"", ""source_name"": ""DOST-FNRI PhilFCT"", ""source_record_id"": ""A168"", ""source_url"": ""https://i.fnri.dost.gov.ph/fct/library/report/3130"", ""value_for_portion"": 2.0, ""value_per_100g"": 2.0}, ""kcal_100g"": {""label"": ""Verified"", ""source_name"": ""DOST-FNRI PhilFCT"", ""source_record_id"": ""A168"", ""source_url"": ""https://i.fnri.dost.gov.ph/fct/library/report/3130"", ""value_for_portion"": 252.0, ""value_per_100g"": 252.0}, ""protein_g_100g"": {""label"": ""Verified"", ""source_name"": ""DOST-FNRI PhilFCT"", ""source_record_id"": ""A168"", ""source_url"": ""https://i.fnri.dost.gov.ph/fct/library/report/3130"", ""value_for_portion"": 2.2, ""value_per_100g"": 2.2}, ""sodium_mg_100g"": {""label"": ""Verified"", ""source_name"": ""DOST-FNRI PhilFCT"", ""source_record_id"": ""A168"", ""source_url"": ""https://i.fnri.dost.gov.ph/fct/library/report/3130"", ""value_for_portion"": 94.0, ""value_per_100g"": 94.0}, ""sugar_g_100g"": {""label"": ""Verified"", ""source_name"": ""DOST-FNRI PhilFCT"", ""source_record_id"": ""A168"", ""source_url"": ""https://i.fnri.dost.gov.ph/fct/library/report/3130"", ""value_for_portion"": 22.4, ""value_per_100g"": 22.4}}"
EST_PANTRY_20260918_034_V1,FC000605,"Milk, sweetn, cond, filled",20,334.0,8.5,59.3,7.0,0.0,57.2,109.0,27.0,"{""carbs_g_100g"": {""label"": ""Verified"", ""source_name"": ""DOST-FNRI PhilFCT"", ""source_record_id"": ""J025"", ""source_url"": ""https://i.fnri.dost.gov.ph/fct/library/report/4259"", ""value_for_portion"": 59.3, ""value_per_100g"": 59.3}, ""cholesterol_mg_100g"": {""label"": ""Verified"", ""source_name"": ""DOST-FNRI PhilFCT"", ""source_record_id"": ""J025"", ""source_url"": ""https://i.fnri.dost.gov.ph/fct/library/report/4259"", ""value_for_portion"": 27.0, ""value_per_100g"": 27.0}, ""fat_g_100g"": {""label"": ""Verified"", ""source_name"": ""DOST-FNRI PhilFCT"", ""source_record_id"": ""J025"", ""source_url"": ""https://i.fnri.dost.gov.ph/fct/library/report/4259"", ""value_for_portion"": 7.0, ""value_per_100g"": 7.0}, ""fiber_g_100g"": {""label"": ""Verified"", ""source_name"": ""DOST-FNRI PhilFCT"", ""source_record_id"": ""J025"", ""source_url"": ""https://i.fnri.dost.gov.ph/fct/library/report/4259"", ""value_for_portion"": 0.0, ""value_per_100g"": 0.0}, ""kcal_100g"": {""label"": ""Verified"", ""source_name"": ""DOST-FNRI PhilFCT"", ""source_record_id"": ""J025"", ""source_url"": ""https://i.fnri.dost.gov.ph/fct/library/report/4259"", ""value_for_portion"": 334.0, ""value_per_100g"": 334.0}, ""protein_g_100g"": {""label"": ""Verified"", ""source_name"": ""DOST-FNRI PhilFCT"", ""source_record_id"": ""J025"", ""source_url"": ""https://i.fnri.dost.gov.ph/fct/library/report/4259"", ""value_for_portion"": 8.5, ""value_per_100g"": 8.5}, ""sodium_mg_100g"": {""label"": ""Verified"", ""source_name"": ""DOST-FNRI PhilFCT"", ""source_record_id"": ""J025"", ""source_url"": ""https://i.fnri.dost.gov.ph/fct/library/report/4259"", ""value_for_portion"": 109.0, ""value_per_100g"": 109.0}, ""sugar_g_100g"": {""label"": ""Verified"", ""source_name"": ""DOST-FNRI PhilFCT"", ""source_record_id"": ""J025"", ""source_url"": ""https://i.fnri.dost.gov.ph/fct/library/report/4259"", ""value_for_portion"": 57.2, ""value_per_100g"": 57.2}}"
EST_PANTRY_20260918_035_V1,FC000169,"Rice prep (glutinous), suman sa ibos",100,171.0,3.1,38.0,0.7,2.2,1.5,367.0,0.0,"{""carbs_g_100g"": {""label"": ""Verified"", ""source_name"": ""DOST-FNRI PhilFCT"", ""source_record_id"": ""A191"", ""source_url"": ""https://i.fnri.dost.gov.ph/fct/library/report/3153"", ""value_for_portion"": 38.0, ""value_per_100g"": 38.0}, ""cholesterol_mg_100g"": {""label"": ""Verified"", ""source_name"": ""DOST-FNRI PhilFCT"", ""source_record_id"": ""A191"", ""source_url"": ""https://i.fnri.dost.gov.ph/fct/library/report/3153"", ""value_for_portion"": 0.0, ""value_per_100g"": 0.0}, ""fat_g_100g"": {""label"": ""Verified"", ""source_name"": ""DOST-FNRI PhilFCT"", ""source_record_id"": ""A191"", ""source_url"": ""https://i.fnri.dost.gov.ph/fct/library/report/3153"", ""value_for_portion"": 0.7, ""value_per_100g"": 0.7}, ""fiber_g_100g"": {""label"": ""Verified"", ""source_name"": ""DOST-FNRI PhilFCT"", ""source_record_id"": ""A191"", ""source_url"": ""https://i.fnri.dost.gov.ph/fct/library/report/3153"", ""value_for_portion"": 2.2, ""value_per_100g"": 2.2}, ""kcal_100g"": {""label"": ""Verified"", ""source_name"": ""DOST-FNRI PhilFCT"", ""source_record_id"": ""A191"", ""source_url"": ""https://i.fnri.dost.gov.ph/fct/library/report/3153"", ""value_for_portion"": 171.0, ""value_per_100g"": 171.0}, ""protein_g_100g"": {""label"": ""Verified"", ""source_name"": ""DOST-FNRI PhilFCT"", ""source_record_id"": ""A191"", ""source_url"": ""https://i.fnri.dost.gov.ph/fct/library/report/3153"", ""value_for_portion"": 3.1, ""value_per_100g"": 3.1}, ""sodium_mg_100g"": {""label"": ""Verified"", ""source_name"": ""DOST-FNRI PhilFCT"", ""source_record_id"": ""A191"", ""source_url"": ""https://i.fnri.dost.gov.ph/fct/library/report/3153"", ""value_for_portion"": 367.0, ""value_per_100g"": 367.0}, ""sugar_g_100g"": {""label"": ""Verified"", ""source_name"": ""DOST-FNRI PhilFCT"", ""source_record_id"": ""A191"", ""source_url"": ""https://i.fnri.dost.gov.ph/fct/library/report/3153"", ""value_for_portion"": 1.5, ""value_per_100g"": 1.5}}"
EST_PANTRY_20260918_035_V1,FC000120,"Mango, Manila super, ripe",80,70.0,0.6,16.4,0.2,1.7,13.8,4.0,0.0,"{""carbs_g_100g"": {""label"": ""Verified"", ""source_name"": ""DOST-FNRI PhilFCT"", ""source_record_id"": ""E051"", ""source_url"": ""https://i.fnri.dost.gov.ph/fct/library/report/3633"", ""value_for_portion"": 16.4, ""value_per_100g"": 16.4}, ""cholesterol_mg_100g"": {""label"": ""Verified"", ""source_name"": ""DOST-FNRI PhilFCT"", ""source_record_id"": ""E051"", ""source_url"": ""https://i.fnri.dost.gov.ph/fct/library/report/3633"", ""value_for_portion"": 0.0, ""value_per_100g"": 0.0}, ""fat_g_100g"": {""label"": ""Verified"", ""source_name"": ""DOST-FNRI PhilFCT"", ""source_record_id"": ""E051"", ""source_url"": ""https://i.fnri.dost.gov.ph/fct/library/report/3633"", ""value_for_portion"": 0.2, ""value_per_100g"": 0.2}, ""fiber_g_100g"": {""label"": ""Verified"", ""source_name"": ""DOST-FNRI PhilFCT"", ""source_record_id"": ""E051"", ""source_url"": ""https://i.fnri.dost.gov.ph/fct/library/report/3633"", ""value_for_portion"": 1.7, ""value_per_100g"": 1.7}, ""kcal_100g"": {""label"": ""Verified"", ""source_name"": ""DOST-FNRI PhilFCT"", ""source_record_id"": ""E051"", ""source_url"": ""https://i.fnri.dost.gov.ph/fct/library/report/3633"", ""value_for_portion"": 70.0, ""value_per_100g"": 70.0}, ""protein_g_100g"": {""label"": ""Verified"", ""source_name"": ""DOST-FNRI PhilFCT"", ""source_record_id"": ""E051"", ""source_url"": ""https://i.fnri.dost.gov.ph/fct/library/report/3633"", ""value_for_portion"": 0.6, ""value_per_100g"": 0.6}, ""sodium_mg_100g"": {""label"": ""Verified"", ""source_name"": ""DOST-FNRI PhilFCT"", ""source_record_id"": ""E051"", ""source_url"": ""https://i.fnri.dost.gov.ph/fct/library/report/3633"", ""value_for_portion"": 4.0, ""value_per_100g"": 4.0}, ""sugar_g_100g"": {""label"": ""Verified"", ""source_name"": ""DOST-FNRI PhilFCT"", ""source_record_id"": ""E051"", ""source_url"": ""https://i.fnri.dost.gov.ph/fct/library/report/3633"", ""value_for_portion"": 13.8, ""value_per_100g"": 13.8}}"
EST_PANTRY_20260918_036_V1,FC000166,"Rice cake, cuchinta",100,166.0,1.4,38.4,0.8,0.7,18.0,86.0,0.0,"{""carbs_g_100g"": {""label"": ""Verified"", ""source_name"": ""DOST-FNRI PhilFCT"", ""source_record_id"": ""A179"", ""source_url"": ""https://i.fnri.dost.gov.ph/fct/library/report/3141"", ""value_for_portion"": 38.4, ""value_per_100g"": 38.4}, ""cholesterol_mg_100g"": {""label"": ""Verified"", ""source_name"": ""DOST-FNRI PhilFCT"", ""source_record_id"": ""A179"", ""source_url"": ""https://i.fnri.dost.gov.ph/fct/library/report/3141"", ""value_for_portion"": 0.0, ""value_per_100g"": 0.0}, ""fat_g_100g"": {""label"": ""Verified"", ""source_name"": ""DOST-FNRI PhilFCT"", ""source_record_id"": ""A179"", ""source_url"": ""https://i.fnri.dost.gov.ph/fct/library/report/3141"", ""value_for_portion"": 0.8, ""value_per_100g"": 0.8}, ""fiber_g_100g"": {""label"": ""Verified"", ""source_name"": ""DOST-FNRI PhilFCT"", ""source_record_id"": ""A179"", ""source_url"": ""https://i.fnri.dost.gov.ph/fct/library/report/3141"", ""value_for_portion"": 0.7, ""value_per_100g"": 0.7}, ""kcal_100g"": {""label"": ""Verified"", ""source_name"": ""DOST-FNRI PhilFCT"", ""source_record_id"": ""A179"", ""source_url"": ""https://i.fnri.dost.gov.ph/fct/library/report/3141"", ""value_for_portion"": 166.0, ""value_per_100g"": 166.0}, ""protein_g_100g"": {""label"": ""Verified"", ""source_name"": ""DOST-FNRI PhilFCT"", ""source_record_id"": ""A179"", ""source_url"": ""https://i.fnri.dost.gov.ph/fct/library/report/3141"", ""value_for_portion"": 1.4, ""value_per_100g"": 1.4}, ""sodium_mg_100g"": {""label"": ""Verified"", ""source_name"": ""DOST-FNRI PhilFCT"", ""source_record_id"": ""A179"", ""source_url"": ""https://i.fnri.dost.gov.ph/fct/library/report/3141"", ""value_for_portion"": 86.0, ""value_per_100g"": 86.0}, ""sugar_g_100g"": {""label"": ""Verified"", ""source_name"": ""DOST-FNRI PhilFCT"", ""source_record_id"": ""A179"", ""source_url"": ""https://i.fnri.dost.gov.ph/fct/library/report/3141"", ""value_for_portion"": 18.0, ""value_per_100g"": 18.0}}"
EST_PANTRY_20260918_036_V1,FC000605,"Milk, sweetn, cond, filled",20,334.0,8.5,59.3,7.0,0.0,57.2,109.0,27.0,"{""carbs_g_100g"": {""label"": ""Verified"", ""source_name"": ""DOST-FNRI PhilFCT"", ""source_record_id"": ""J025"", ""source_url"": ""https://i.fnri.dost.gov.ph/fct/library/report/4259"", ""value_for_portion"": 59.3, ""value_per_100g"": 59.3}, ""cholesterol_mg_100g"": {""label"": ""Verified"", ""source_name"": ""DOST-FNRI PhilFCT"", ""source_record_id"": ""J025"", ""source_url"": ""https://i.fnri.dost.gov.ph/fct/library/report/4259"", ""value_for_portion"": 27.0, ""value_per_100g"": 27.0}, ""fat_g_100g"": {""label"": ""Verified"", ""source_name"": ""DOST-FNRI PhilFCT"", ""source_record_id"": ""J025"", ""source_url"": ""https://i.fnri.dost.gov.ph/fct/library/report/4259"", ""value_for_portion"": 7.0, ""value_per_100g"": 7.0}, ""fiber_g_100g"": {""label"": ""Verified"", ""source_name"": ""DOST-FNRI PhilFCT"", ""source_record_id"": ""J025"", ""source_url"": ""https://i.fnri.dost.gov.ph/fct/library/report/4259"", ""value_for_portion"": 0.0, ""value_per_100g"": 0.0}, ""kcal_100g"": {""label"": ""Verified"", ""source_name"": ""DOST-FNRI PhilFCT"", ""source_record_id"": ""J025"", ""source_url"": ""https://i.fnri.dost.gov.ph/fct/library/report/4259"", ""value_for_portion"": 334.0, ""value_per_100g"": 334.0}, ""protein_g_100g"": {""label"": ""Verified"", ""source_name"": ""DOST-FNRI PhilFCT"", ""source_record_id"": ""J025"", ""source_url"": ""https://i.fnri.dost.gov.ph/fct/library/report/4259"", ""value_for_portion"": 8.5, ""value_per_100g"": 8.5}, ""sodium_mg_100g"": {""label"": ""Verified"", ""source_name"": ""DOST-FNRI PhilFCT"", ""source_record_id"": ""J025"", ""source_url"": ""https://i.fnri.dost.gov.ph/fct/library/report/4259"", ""value_for_portion"": 109.0, ""value_per_100g"": 109.0}, ""sugar_g_100g"": {""label"": ""Verified"", ""source_name"": ""DOST-FNRI PhilFCT"", ""source_record_id"": ""J025"", ""source_url"": ""https://i.fnri.dost.gov.ph/fct/library/report/4259"", ""value_for_portion"": 57.2, ""value_per_100g"": 57.2}}"
EST_PANTRY_20260918_037_V1,FC000167,"Rice prep (glutinous), palitaw",100,206.0,2.6,42.5,2.8,1.4,0.1,4.0,0.0,"{""carbs_g_100g"": {""label"": ""Verified"", ""source_name"": ""DOST-FNRI PhilFCT"", ""source_record_id"": ""A188"", ""source_url"": ""https://i.fnri.dost.gov.ph/fct/library/report/3150"", ""value_for_portion"": 42.5, ""value_per_100g"": 42.5}, ""cholesterol_mg_100g"": {""label"": ""Verified"", ""source_name"": ""DOST-FNRI PhilFCT"", ""source_record_id"": ""A188"", ""source_url"": ""https://i.fnri.dost.gov.ph/fct/library/report/3150"", ""value_for_portion"": 0.0, ""value_per_100g"": 0.0}, ""fat_g_100g"": {""label"": ""Verified"", ""source_name"": ""DOST-FNRI PhilFCT"", ""source_record_id"": ""A188"", ""source_url"": ""https://i.fnri.dost.gov.ph/fct/library/report/3150"", ""value_for_portion"": 2.8, ""value_per_100g"": 2.8}, ""fiber_g_100g"": {""label"": ""Verified"", ""source_name"": ""DOST-FNRI PhilFCT"", ""source_record_id"": ""A188"", ""source_url"": ""https://i.fnri.dost.gov.ph/fct/library/report/3150"", ""value_for_portion"": 1.4, ""value_per_100g"": 1.4}, ""kcal_100g"": {""label"": ""Verified"", ""source_name"": ""DOST-FNRI PhilFCT"", ""source_record_id"": ""A188"", ""source_url"": ""https://i.fnri.dost.gov.ph/fct/library/report/3150"", ""value_for_portion"": 206.0, ""value_per_100g"": 206.0}, ""protein_g_100g"": {""label"": ""Verified"", ""source_name"": ""DOST-FNRI PhilFCT"", ""source_record_id"": ""A188"", ""source_url"": ""https://i.fnri.dost.gov.ph/fct/library/report/3150"", ""value_for_portion"": 2.6, ""value_per_100g"": 2.6}, ""sodium_mg_100g"": {""label"": ""Verified"", ""source_name"": ""DOST-FNRI PhilFCT"", ""source_record_id"": ""A188"", ""source_url"": ""https://i.fnri.dost.gov.ph/fct/library/report/3150"", ""value_for_portion"": 4.0, ""value_per_100g"": 4.0}, ""sugar_g_100g"": {""label"": ""Verified"", ""source_name"": ""DOST-FNRI PhilFCT"", ""source_record_id"": ""A188"", ""source_url"": ""https://i.fnri.dost.gov.ph/fct/library/report/3150"", ""value_for_portion"": 0.1, ""value_per_100g"": 0.1}}"
EST_PANTRY_20260918_037_V1,FC000605,"Milk, sweetn, cond, filled",20,334.0,8.5,59.3,7.0,0.0,57.2,109.0,27.0,"{""carbs_g_100g"": {""label"": ""Verified"", ""source_name"": ""DOST-FNRI PhilFCT"", ""source_record_id"": ""J025"", ""source_url"": ""https://i.fnri.dost.gov.ph/fct/library/report/4259"", ""value_for_portion"": 59.3, ""value_per_100g"": 59.3}, ""cholesterol_mg_100g"": {""label"": ""Verified"", ""source_name"": ""DOST-FNRI PhilFCT"", ""source_record_id"": ""J025"", ""source_url"": ""https://i.fnri.dost.gov.ph/fct/library/report/4259"", ""value_for_portion"": 27.0, ""value_per_100g"": 27.0}, ""fat_g_100g"": {""label"": ""Verified"", ""source_name"": ""DOST-FNRI PhilFCT"", ""source_record_id"": ""J025"", ""source_url"": ""https://i.fnri.dost.gov.ph/fct/library/report/4259"", ""value_for_portion"": 7.0, ""value_per_100g"": 7.0}, ""fiber_g_100g"": {""label"": ""Verified"", ""source_name"": ""DOST-FNRI PhilFCT"", ""source_record_id"": ""J025"", ""source_url"": ""https://i.fnri.dost.gov.ph/fct/library/report/4259"", ""value_for_portion"": 0.0, ""value_per_100g"": 0.0}, ""kcal_100g"": {""label"": ""Verified"", ""source_name"": ""DOST-FNRI PhilFCT"", ""source_record_id"": ""J025"", ""source_url"": ""https://i.fnri.dost.gov.ph/fct/library/report/4259"", ""value_for_portion"": 334.0, ""value_per_100g"": 334.0}, ""protein_g_100g"": {""label"": ""Verified"", ""source_name"": ""DOST-FNRI PhilFCT"", ""source_record_id"": ""J025"", ""source_url"": ""https://i.fnri.dost.gov.ph/fct/library/report/4259"", ""value_for_portion"": 8.5, ""value_per_100g"": 8.5}, ""sodium_mg_100g"": {""label"": ""Verified"", ""source_name"": ""DOST-FNRI PhilFCT"", ""source_record_id"": ""J025"", ""source_url"": ""https://i.fnri.dost.gov.ph/fct/library/report/4259"", ""value_for_portion"": 109.0, ""value_per_100g"": 109.0}, ""sugar_g_100g"": {""label"": ""Verified"", ""source_name"": ""DOST-FNRI PhilFCT"", ""source_record_id"": ""J025"", ""source_url"": ""https://i.fnri.dost.gov.ph/fct/library/report/4259"", ""value_for_portion"": 57.2, ""value_per_100g"": 57.2}}"
EST_PANTRY_20260918_038_V1,FC000550,"Banana, saba, w/ sugar, wrapped, fried",100,259.0,2.4,48.0,6.4,1.6,28.8,89.0,0.0,"{""carbs_g_100g"": {""label"": ""Verified"", ""source_name"": ""DOST-FNRI PhilFCT"", ""source_record_id"": ""E102"", ""source_url"": ""https://i.fnri.dost.gov.ph/fct/library/report/3684"", ""value_for_portion"": 48.0, ""value_per_100g"": 48.0}, ""cholesterol_mg_100g"": {""label"": ""Verified"", ""source_name"": ""DOST-FNRI PhilFCT"", ""source_record_id"": ""E102"", ""source_url"": ""https://i.fnri.dost.gov.ph/fct/library/report/3684"", ""value_for_portion"": 0.0, ""value_per_100g"": 0.0}, ""fat_g_100g"": {""label"": ""Verified"", ""source_name"": ""DOST-FNRI PhilFCT"", ""source_record_id"": ""E102"", ""source_url"": ""https://i.fnri.dost.gov.ph/fct/library/report/3684"", ""value_for_portion"": 6.4, ""value_per_100g"": 6.4}, ""fiber_g_100g"": {""label"": ""Verified"", ""source_name"": ""DOST-FNRI PhilFCT"", ""source_record_id"": ""E102"", ""source_url"": ""https://i.fnri.dost.gov.ph/fct/library/report/3684"", ""value_for_portion"": 1.6, ""value_per_100g"": 1.6}, ""kcal_100g"": {""label"": ""Verified"", ""source_name"": ""DOST-FNRI PhilFCT"", ""source_record_id"": ""E102"", ""source_url"": ""https://i.fnri.dost.gov.ph/fct/library/report/3684"", ""value_for_portion"": 259.0, ""value_per_100g"": 259.0}, ""protein_g_100g"": {""label"": ""Verified"", ""source_name"": ""DOST-FNRI PhilFCT"", ""source_record_id"": ""E102"", ""source_url"": ""https://i.fnri.dost.gov.ph/fct/library/report/3684"", ""value_for_portion"": 2.4, ""value_per_100g"": 2.4}, ""sodium_mg_100g"": {""label"": ""Verified"", ""source_name"": ""DOST-FNRI PhilFCT"", ""source_record_id"": ""E102"", ""source_url"": ""https://i.fnri.dost.gov.ph/fct/library/report/3684"", ""value_for_portion"": 89.0, ""value_per_100g"": 89.0}, ""sugar_g_100g"": {""label"": ""Verified"", ""source_name"": ""DOST-FNRI PhilFCT"", ""source_record_id"": ""E102"", ""source_url"": ""https://i.fnri.dost.gov.ph/fct/library/report/3684"", ""value_for_portion"": 28.8, ""value_per_100g"": 28.8}}"
EST_PANTRY_20260918_038_V1,FC000600,Ice cream,60,157.0,4.2,13.7,9.5,0.5,12.9,58.0,33.0,"{""carbs_g_100g"": {""label"": ""Verified"", ""source_name"": ""DOST-FNRI PhilFCT"", ""source_record_id"": ""J008"", ""source_url"": ""https://i.fnri.dost.gov.ph/fct/library/report/4242"", ""value_for_portion"": 13.7, ""value_per_100g"": 13.7}, ""cholesterol_mg_100g"": {""label"": ""Verified"", ""source_name"": ""DOST-FNRI PhilFCT"", ""source_record_id"": ""J008"", ""source_url"": ""https://i.fnri.dost.gov.ph/fct/library/report/4242"", ""value_for_portion"": 33.0, ""value_per_100g"": 33.0}, ""fat_g_100g"": {""label"": ""Verified"", ""source_name"": ""DOST-FNRI PhilFCT"", ""source_record_id"": ""J008"", ""source_url"": ""https://i.fnri.dost.gov.ph/fct/library/report/4242"", ""value_for_portion"": 9.5, ""value_per_100g"": 9.5}, ""fiber_g_100g"": {""label"": ""Verified"", ""source_name"": ""DOST-FNRI PhilFCT"", ""source_record_id"": ""J008"", ""source_url"": ""https://i.fnri.dost.gov.ph/fct/library/report/4242"", ""value_for_portion"": 0.5, ""value_per_100g"": 0.5}, ""kcal_100g"": {""label"": ""Verified"", ""source_name"": ""DOST-FNRI PhilFCT"", ""source_record_id"": ""J008"", ""source_url"": ""https://i.fnri.dost.gov.ph/fct/library/report/4242"", ""value_for_portion"": 157.0, ""value_per_100g"": 157.0}, ""protein_g_100g"": {""label"": ""Verified"", ""source_name"": ""DOST-FNRI PhilFCT"", ""source_record_id"": ""J008"", ""source_url"": ""https://i.fnri.dost.gov.ph/fct/library/report/4242"", ""value_for_portion"": 4.2, ""value_per_100g"": 4.2}, ""sodium_mg_100g"": {""label"": ""Verified"", ""source_name"": ""DOST-FNRI PhilFCT"", ""source_record_id"": ""J008"", ""source_url"": ""https://i.fnri.dost.gov.ph/fct/library/report/4242"", ""value_for_portion"": 58.0, ""value_per_100g"": 58.0}, ""sugar_g_100g"": {""label"": ""Verified"", ""source_name"": ""DOST-FNRI PhilFCT"", ""source_record_id"": ""J008"", ""source_url"": ""https://i.fnri.dost.gov.ph/fct/library/report/4242"", ""value_for_portion"": 12.9, ""value_per_100g"": 12.9}}"
EST_PANTRY_20260918_039_V1,FC000549,"Banana, saba, w/ sugar, fried",100,183.0,2.0,37.8,2.6,1.6,36.2,6.0,0.0,"{""carbs_g_100g"": {""label"": ""Verified"", ""source_name"": ""DOST-FNRI PhilFCT"", ""source_record_id"": ""E101"", ""source_url"": ""https://i.fnri.dost.gov.ph/fct/library/report/3683"", ""value_for_portion"": 37.8, ""value_per_100g"": 37.8}, ""cholesterol_mg_100g"": {""label"": ""Verified"", ""source_name"": ""DOST-FNRI PhilFCT"", ""source_record_id"": ""E101"", ""source_url"": ""https://i.fnri.dost.gov.ph/fct/library/report/3683"", ""value_for_portion"": 0.0, ""value_per_100g"": 0.0}, ""fat_g_100g"": {""label"": ""Verified"", ""source_name"": ""DOST-FNRI PhilFCT"", ""source_record_id"": ""E101"", ""source_url"": ""https://i.fnri.dost.gov.ph/fct/library/report/3683"", ""value_for_portion"": 2.6, ""value_per_100g"": 2.6}, ""fiber_g_100g"": {""label"": ""Verified"", ""source_name"": ""DOST-FNRI PhilFCT"", ""source_record_id"": ""E101"", ""source_url"": ""https://i.fnri.dost.gov.ph/fct/library/report/3683"", ""value_for_portion"": 1.6, ""value_per_100g"": 1.6}, ""kcal_100g"": {""label"": ""Verified"", ""source_name"": ""DOST-FNRI PhilFCT"", ""source_record_id"": ""E101"", ""source_url"": ""https://i.fnri.dost.gov.ph/fct/library/report/3683"", ""value_for_portion"": 183.0, ""value_per_100g"": 183.0}, ""protein_g_100g"": {""label"": ""Verified"", ""source_name"": ""DOST-FNRI PhilFCT"", ""source_record_id"": ""E101"", ""source_url"": ""https://i.fnri.dost.gov.ph/fct/library/report/3683"", ""value_for_portion"": 2.0, ""value_per_100g"": 2.0}, ""sodium_mg_100g"": {""label"": ""Verified"", ""source_name"": ""DOST-FNRI PhilFCT"", ""source_record_id"": ""E101"", ""source_url"": ""https://i.fnri.dost.gov.ph/fct/library/report/3683"", ""value_for_portion"": 6.0, ""value_per_100g"": 6.0}, ""sugar_g_100g"": {""label"": ""Verified"", ""source_name"": ""DOST-FNRI PhilFCT"", ""source_record_id"": ""E101"", ""source_url"": ""https://i.fnri.dost.gov.ph/fct/library/report/3683"", ""value_for_portion"": 36.2, ""value_per_100g"": 36.2}}"
EST_PANTRY_20260918_039_V1,FC000600,Ice cream,60,157.0,4.2,13.7,9.5,0.5,12.9,58.0,33.0,"{""carbs_g_100g"": {""label"": ""Verified"", ""source_name"": ""DOST-FNRI PhilFCT"", ""source_record_id"": ""J008"", ""source_url"": ""https://i.fnri.dost.gov.ph/fct/library/report/4242"", ""value_for_portion"": 13.7, ""value_per_100g"": 13.7}, ""cholesterol_mg_100g"": {""label"": ""Verified"", ""source_name"": ""DOST-FNRI PhilFCT"", ""source_record_id"": ""J008"", ""source_url"": ""https://i.fnri.dost.gov.ph/fct/library/report/4242"", ""value_for_portion"": 33.0, ""value_per_100g"": 33.0}, ""fat_g_100g"": {""label"": ""Verified"", ""source_name"": ""DOST-FNRI PhilFCT"", ""source_record_id"": ""J008"", ""source_url"": ""https://i.fnri.dost.gov.ph/fct/library/report/4242"", ""value_for_portion"": 9.5, ""value_per_100g"": 9.5}, ""fiber_g_100g"": {""label"": ""Verified"", ""source_name"": ""DOST-FNRI PhilFCT"", ""source_record_id"": ""J008"", ""source_url"": ""https://i.fnri.dost.gov.ph/fct/library/report/4242"", ""value_for_portion"": 0.5, ""value_per_100g"": 0.5}, ""kcal_100g"": {""label"": ""Verified"", ""source_name"": ""DOST-FNRI PhilFCT"", ""source_record_id"": ""J008"", ""source_url"": ""https://i.fnri.dost.gov.ph/fct/library/report/4242"", ""value_for_portion"": 157.0, ""value_per_100g"": 157.0}, ""protein_g_100g"": {""label"": ""Verified"", ""source_name"": ""DOST-FNRI PhilFCT"", ""source_record_id"": ""J008"", ""source_url"": ""https://i.fnri.dost.gov.ph/fct/library/report/4242"", ""value_for_portion"": 4.2, ""value_per_100g"": 4.2}, ""sodium_mg_100g"": {""label"": ""Verified"", ""source_name"": ""DOST-FNRI PhilFCT"", ""source_record_id"": ""J008"", ""source_url"": ""https://i.fnri.dost.gov.ph/fct/library/report/4242"", ""value_for_portion"": 58.0, ""value_per_100g"": 58.0}, ""sugar_g_100g"": {""label"": ""Verified"", ""source_name"": ""DOST-FNRI PhilFCT"", ""source_record_id"": ""J008"", ""source_url"": ""https://i.fnri.dost.gov.ph/fct/library/report/4242"", ""value_for_portion"": 12.9, ""value_per_100g"": 12.9}}"
EST_PANTRY_20260918_040_V1,FC001232,"Beverages, coffee, brewed, espresso, restaurant-prepared",40,9.0,0.12,1.67,0.18,0.0,0.0,14.0,0.0,"{""carbs_g_100g"": {""label"": ""Other source"", ""source_name"": ""USDA FoodData Central SR Legacy"", ""source_record_id"": ""USDA_FC001232_171891"", ""source_url"": ""https://fdc.nal.usda.gov/food-details/171891/nutrients"", ""value_for_portion"": 1.67, ""value_per_100g"": 1.67}, ""cholesterol_mg_100g"": {""label"": ""Other source"", ""source_name"": ""USDA FoodData Central SR Legacy"", ""source_record_id"": ""USDA_FC001232_171891"", ""source_url"": ""https://fdc.nal.usda.gov/food-details/171891/nutrients"", ""value_for_portion"": 0.0, ""value_per_100g"": 0.0}, ""fat_g_100g"": {""label"": ""Other source"", ""source_name"": ""USDA FoodData Central SR Legacy"", ""source_record_id"": ""USDA_FC001232_171891"", ""source_url"": ""https://fdc.nal.usda.gov/food-details/171891/nutrients"", ""value_for_portion"": 0.18, ""value_per_100g"": 0.18}, ""fiber_g_100g"": {""label"": ""Other source"", ""source_name"": ""USDA FoodData Central SR Legacy"", ""source_record_id"": ""USDA_FC001232_171891"", ""source_url"": ""https://fdc.nal.usda.gov/food-details/171891/nutrients"", ""value_for_portion"": 0.0, ""value_per_100g"": 0.0}, ""kcal_100g"": {""label"": ""Other source"", ""source_name"": ""USDA FoodData Central SR Legacy"", ""source_record_id"": ""USDA_FC001232_171891"", ""source_url"": ""https://fdc.nal.usda.gov/food-details/171891/nutrients"", ""value_for_portion"": 9.0, ""value_per_100g"": 9.0}, ""protein_g_100g"": {""label"": ""Other source"", ""source_name"": ""USDA FoodData Central SR Legacy"", ""source_record_id"": ""USDA_FC001232_171891"", ""source_url"": ""https://fdc.nal.usda.gov/food-details/171891/nutrients"", ""value_for_portion"": 0.12, ""value_per_100g"": 0.12}, ""sodium_mg_100g"": {""label"": ""Other source"", ""source_name"": ""USDA FoodData Central SR Legacy"", ""source_record_id"": ""USDA_FC001232_171891"", ""source_url"": ""https://fdc.nal.usda.gov/food-details/171891/nutrients"", ""value_for_portion"": 14.0, ""value_per_100g"": 14.0}, ""sugar_g_100g"": {""label"": ""Other source"", ""source_name"": ""USDA FoodData Central SR Legacy"", ""source_record_id"": ""USDA_FC001232_171891"", ""source_url"": ""https://fdc.nal.usda.gov/food-details/171891/nutrients"", ""value_for_portion"": 0.0, ""value_per_100g"": 0.0}}"
EST_PANTRY_20260918_040_V1,FC000093,Fresh cow's milk,180,65.0,3.3,4.8,3.6,0.0,4.5,52.0,34.0,"{""carbs_g_100g"": {""label"": ""Verified"", ""source_name"": ""DOST-FNRI PhilFCT"", ""source_record_id"": ""J014"", ""source_url"": ""https://i.fnri.dost.gov.ph/fct/library/report/4248"", ""value_for_portion"": 4.8, ""value_per_100g"": 4.8}, ""cholesterol_mg_100g"": {""label"": ""Verified"", ""source_name"": ""DOST-FNRI PhilFCT"", ""source_record_id"": ""J014"", ""source_url"": ""https://i.fnri.dost.gov.ph/fct/library/report/4248"", ""value_for_portion"": 34.0, ""value_per_100g"": 34.0}, ""fat_g_100g"": {""label"": ""Verified"", ""source_name"": ""DOST-FNRI PhilFCT"", ""source_record_id"": ""J014"", ""source_url"": ""https://i.fnri.dost.gov.ph/fct/library/report/4248"", ""value_for_portion"": 3.6, ""value_per_100g"": 3.6}, ""fiber_g_100g"": {""label"": ""Verified"", ""source_name"": ""DOST-FNRI PhilFCT"", ""source_record_id"": ""J014"", ""source_url"": ""https://i.fnri.dost.gov.ph/fct/library/report/4248"", ""value_for_portion"": 0.0, ""value_per_100g"": 0.0}, ""kcal_100g"": {""label"": ""Verified"", ""source_name"": ""DOST-FNRI PhilFCT"", ""source_record_id"": ""J014"", ""source_url"": ""https://i.fnri.dost.gov.ph/fct/library/report/4248"", ""value_for_portion"": 65.0, ""value_per_100g"": 65.0}, ""protein_g_100g"": {""label"": ""Verified"", ""source_name"": ""DOST-FNRI PhilFCT"", ""source_record_id"": ""J014"", ""source_url"": ""https://i.fnri.dost.gov.ph/fct/library/report/4248"", ""value_for_portion"": 3.3, ""value_per_100g"": 3.3}, ""sodium_mg_100g"": {""label"": ""Verified"", ""source_name"": ""DOST-FNRI PhilFCT"", ""source_record_id"": ""J014"", ""source_url"": ""https://i.fnri.dost.gov.ph/fct/library/report/4248"", ""value_for_portion"": 52.0, ""value_per_100g"": 52.0}, ""sugar_g_100g"": {""label"": ""Verified"", ""source_name"": ""DOST-FNRI PhilFCT"", ""source_record_id"": ""J014"", ""source_url"": ""https://i.fnri.dost.gov.ph/fct/library/report/4248"", ""value_for_portion"": 4.5, ""value_per_100g"": 4.5}}"
EST_PANTRY_20260918_040_V1,FC001237,"Beverages, water, tap, drinking",100,0.0,0.0,0.0,0.0,0.0,0.0,4.0,0.0,"{""carbs_g_100g"": {""label"": ""Other source"", ""source_name"": ""USDA FoodData Central SR Legacy"", ""source_record_id"": ""USDA_FC001237_173647"", ""source_url"": ""https://fdc.nal.usda.gov/food-details/173647/nutrients"", ""value_for_portion"": 0.0, ""value_per_100g"": 0.0}, ""cholesterol_mg_100g"": {""label"": ""Other source"", ""source_name"": ""USDA FoodData Central SR Legacy"", ""source_record_id"": ""USDA_FC001237_173647"", ""source_url"": ""https://fdc.nal.usda.gov/food-details/173647/nutrients"", ""value_for_portion"": 0.0, ""value_per_100g"": 0.0}, ""fat_g_100g"": {""label"": ""Other source"", ""source_name"": ""USDA FoodData Central SR Legacy"", ""source_record_id"": ""USDA_FC001237_173647"", ""source_url"": ""https://fdc.nal.usda.gov/food-details/173647/nutrients"", ""value_for_portion"": 0.0, ""value_per_100g"": 0.0}, ""fiber_g_100g"": {""label"": ""Other source"", ""source_name"": ""USDA FoodData Central SR Legacy"", ""source_record_id"": ""USDA_FC001237_173647"", ""source_url"": ""https://fdc.nal.usda.gov/food-details/173647/nutrients"", ""value_for_portion"": 0.0, ""value_per_100g"": 0.0}, ""kcal_100g"": {""label"": ""Other source"", ""source_name"": ""USDA FoodData Central SR Legacy"", ""source_record_id"": ""USDA_FC001237_173647"", ""source_url"": ""https://fdc.nal.usda.gov/food-details/173647/nutrients"", ""value_for_portion"": 0.0, ""value_per_100g"": 0.0}, ""protein_g_100g"": {""label"": ""Other source"", ""source_name"": ""USDA FoodData Central SR Legacy"", ""source_record_id"": ""USDA_FC001237_173647"", ""source_url"": ""https://fdc.nal.usda.gov/food-details/173647/nutrients"", ""value_for_portion"": 0.0, ""value_per_100g"": 0.0}, ""sodium_mg_100g"": {""label"": ""Other source"", ""source_name"": ""USDA FoodData Central SR Legacy"", ""source_record_id"": ""USDA_FC001237_173647"", ""source_url"": ""https://fdc.nal.usda.gov/food-details/173647/nutrients"", ""value_for_portion"": 4.0, ""value_per_100g"": 4.0}, ""sugar_g_100g"": {""label"": ""Other source"", ""source_name"": ""USDA FoodData Central SR Legacy"", ""source_record_id"": ""USDA_FC001237_173647"", ""source_url"": ""https://fdc.nal.usda.gov/food-details/173647/nutrients"", ""value_for_portion"": 0.0, ""value_per_100g"": 0.0}}"
EST_PANTRY_20260918_041_V1,FC001232,"Beverages, coffee, brewed, espresso, restaurant-prepared",40,9.0,0.12,1.67,0.18,0.0,0.0,14.0,0.0,"{""carbs_g_100g"": {""label"": ""Other source"", ""source_name"": ""USDA FoodData Central SR Legacy"", ""source_record_id"": ""USDA_FC001232_171891"", ""source_url"": ""https://fdc.nal.usda.gov/food-details/171891/nutrients"", ""value_for_portion"": 1.67, ""value_per_100g"": 1.67}, ""cholesterol_mg_100g"": {""label"": ""Other source"", ""source_name"": ""USDA FoodData Central SR Legacy"", ""source_record_id"": ""USDA_FC001232_171891"", ""source_url"": ""https://fdc.nal.usda.gov/food-details/171891/nutrients"", ""value_for_portion"": 0.0, ""value_per_100g"": 0.0}, ""fat_g_100g"": {""label"": ""Other source"", ""source_name"": ""USDA FoodData Central SR Legacy"", ""source_record_id"": ""USDA_FC001232_171891"", ""source_url"": ""https://fdc.nal.usda.gov/food-details/171891/nutrients"", ""value_for_portion"": 0.18, ""value_per_100g"": 0.18}, ""fiber_g_100g"": {""label"": ""Other source"", ""source_name"": ""USDA FoodData Central SR Legacy"", ""source_record_id"": ""USDA_FC001232_171891"", ""source_url"": ""https://fdc.nal.usda.gov/food-details/171891/nutrients"", ""value_for_portion"": 0.0, ""value_per_100g"": 0.0}, ""kcal_100g"": {""label"": ""Other source"", ""source_name"": ""USDA FoodData Central SR Legacy"", ""source_record_id"": ""USDA_FC001232_171891"", ""source_url"": ""https://fdc.nal.usda.gov/food-details/171891/nutrients"", ""value_for_portion"": 9.0, ""value_per_100g"": 9.0}, ""protein_g_100g"": {""label"": ""Other source"", ""source_name"": ""USDA FoodData Central SR Legacy"", ""source_record_id"": ""USDA_FC001232_171891"", ""source_url"": ""https://fdc.nal.usda.gov/food-details/171891/nutrients"", ""value_for_portion"": 0.12, ""value_per_100g"": 0.12}, ""sodium_mg_100g"": {""label"": ""Other source"", ""source_name"": ""USDA FoodData Central SR Legacy"", ""source_record_id"": ""USDA_FC001232_171891"", ""source_url"": ""https://fdc.nal.usda.gov/food-details/171891/nutrients"", ""value_for_portion"": 14.0, ""value_per_100g"": 14.0}, ""sugar_g_100g"": {""label"": ""Other source"", ""source_name"": ""USDA FoodData Central SR Legacy"", ""source_record_id"": ""USDA_FC001232_171891"", ""source_url"": ""https://fdc.nal.usda.gov/food-details/171891/nutrients"", ""value_for_portion"": 0.0, ""value_per_100g"": 0.0}}"
EST_PANTRY_20260918_041_V1,FC000093,Fresh cow's milk,180,65.0,3.3,4.8,3.6,0.0,4.5,52.0,34.0,"{""carbs_g_100g"": {""label"": ""Verified"", ""source_name"": ""DOST-FNRI PhilFCT"", ""source_record_id"": ""J014"", ""source_url"": ""https://i.fnri.dost.gov.ph/fct/library/report/4248"", ""value_for_portion"": 4.8, ""value_per_100g"": 4.8}, ""cholesterol_mg_100g"": {""label"": ""Verified"", ""source_name"": ""DOST-FNRI PhilFCT"", ""source_record_id"": ""J014"", ""source_url"": ""https://i.fnri.dost.gov.ph/fct/library/report/4248"", ""value_for_portion"": 34.0, ""value_per_100g"": 34.0}, ""fat_g_100g"": {""label"": ""Verified"", ""source_name"": ""DOST-FNRI PhilFCT"", ""source_record_id"": ""J014"", ""source_url"": ""https://i.fnri.dost.gov.ph/fct/library/report/4248"", ""value_for_portion"": 3.6, ""value_per_100g"": 3.6}, ""fiber_g_100g"": {""label"": ""Verified"", ""source_name"": ""DOST-FNRI PhilFCT"", ""source_record_id"": ""J014"", ""source_url"": ""https://i.fnri.dost.gov.ph/fct/library/report/4248"", ""value_for_portion"": 0.0, ""value_per_100g"": 0.0}, ""kcal_100g"": {""label"": ""Verified"", ""source_name"": ""DOST-FNRI PhilFCT"", ""source_record_id"": ""J014"", ""source_url"": ""https://i.fnri.dost.gov.ph/fct/library/report/4248"", ""value_for_portion"": 65.0, ""value_per_100g"": 65.0}, ""protein_g_100g"": {""label"": ""Verified"", ""source_name"": ""DOST-FNRI PhilFCT"", ""source_record_id"": ""J014"", ""source_url"": ""https://i.fnri.dost.gov.ph/fct/library/report/4248"", ""value_for_portion"": 3.3, ""value_per_100g"": 3.3}, ""sodium_mg_100g"": {""label"": ""Verified"", ""source_name"": ""DOST-FNRI PhilFCT"", ""source_record_id"": ""J014"", ""source_url"": ""https://i.fnri.dost.gov.ph/fct/library/report/4248"", ""value_for_portion"": 52.0, ""value_per_100g"": 52.0}, ""sugar_g_100g"": {""label"": ""Verified"", ""source_name"": ""DOST-FNRI PhilFCT"", ""source_record_id"": ""J014"", ""source_url"": ""https://i.fnri.dost.gov.ph/fct/library/report/4248"", ""value_for_portion"": 4.5, ""value_per_100g"": 4.5}}"
EST_PANTRY_20260918_041_V1,FC001906,"Toppings, butterscotch or caramel",25,216.0,1.21,57.01,0.0,0.0,57.0,341.0,0.0,"{""carbs_g_100g"": {""label"": ""Other source"", ""source_name"": ""USDA FoodData Central SR Legacy"", ""source_record_id"": ""USDA_FC001906_168841"", ""source_url"": ""https://fdc.nal.usda.gov/food-details/168841/nutrients"", ""value_for_portion"": 57.01, ""value_per_100g"": 57.01}, ""cholesterol_mg_100g"": {""label"": ""Other source"", ""source_name"": ""USDA FoodData Central SR Legacy"", ""source_record_id"": ""USDA_FC001906_168841"", ""source_url"": ""https://fdc.nal.usda.gov/food-details/168841/nutrients"", ""value_for_portion"": 0.0, ""value_per_100g"": 0.0}, ""fat_g_100g"": {""label"": ""Other source"", ""source_name"": ""USDA FoodData Central SR Legacy"", ""source_record_id"": ""USDA_FC001906_168841"", ""source_url"": ""https://fdc.nal.usda.gov/food-details/168841/nutrients"", ""value_for_portion"": 0.0, ""value_per_100g"": 0.0}, ""fiber_g_100g"": {""label"": ""Other source"", ""source_name"": ""USDA FoodData Central SR Legacy"", ""source_record_id"": ""USDA_FC001906_168841"", ""source_url"": ""https://fdc.nal.usda.gov/food-details/168841/nutrients"", ""value_for_portion"": 0.0, ""value_per_100g"": 0.0}, ""kcal_100g"": {""label"": ""Other source"", ""source_name"": ""USDA FoodData Central SR Legacy"", ""source_record_id"": ""USDA_FC001906_168841"", ""source_url"": ""https://fdc.nal.usda.gov/food-details/168841/nutrients"", ""value_for_portion"": 216.0, ""value_per_100g"": 216.0}, ""protein_g_100g"": {""label"": ""Other source"", ""source_name"": ""USDA FoodData Central SR Legacy"", ""source_record_id"": ""USDA_FC001906_168841"", ""source_url"": ""https://fdc.nal.usda.gov/food-details/168841/nutrients"", ""value_for_portion"": 1.21, ""value_per_100g"": 1.21}, ""sodium_mg_100g"": {""label"": ""Other source"", ""source_name"": ""USDA FoodData Central SR Legacy"", ""source_record_id"": ""USDA_FC001906_168841"", ""source_url"": ""https://fdc.nal.usda.gov/food-details/168841/nutrients"", ""value_for_portion"": 341.0, ""value_per_100g"": 341.0}, ""sugar_g_100g"": {""label"": ""Other source"", ""source_name"": ""USDA FoodData Central SR Legacy"", ""source_record_id"": ""USDA_FC001906_168841"", ""source_url"": ""https://fdc.nal.usda.gov/food-details/168841/nutrients"", ""value_for_portion"": 57.0, ""value_per_100g"": 57.0}}"
EST_PANTRY_20260918_041_V1,FC000969,"Sugar, brown",10,398.0,0.1,98.7,0.3,0.0,97.6,15.0,0.0,"{""carbs_g_100g"": {""label"": ""Verified"", ""source_name"": ""DOST-FNRI PhilFCT"", ""source_record_id"": ""M042"", ""source_url"": ""https://i.fnri.dost.gov.ph/fct/library/report/4313"", ""value_for_portion"": 98.7, ""value_per_100g"": 98.7}, ""cholesterol_mg_100g"": {""label"": ""Verified"", ""source_name"": ""DOST-FNRI PhilFCT"", ""source_record_id"": ""M042"", ""source_url"": ""https://i.fnri.dost.gov.ph/fct/library/report/4313"", ""value_for_portion"": 0.0, ""value_per_100g"": 0.0}, ""fat_g_100g"": {""label"": ""Verified"", ""source_name"": ""DOST-FNRI PhilFCT"", ""source_record_id"": ""M042"", ""source_url"": ""https://i.fnri.dost.gov.ph/fct/library/report/4313"", ""value_for_portion"": 0.3, ""value_per_100g"": 0.3}, ""fiber_g_100g"": {""label"": ""Verified"", ""source_name"": ""DOST-FNRI PhilFCT"", ""source_record_id"": ""M042"", ""source_url"": ""https://i.fnri.dost.gov.ph/fct/library/report/4313"", ""value_for_portion"": 0.0, ""value_per_100g"": 0.0}, ""kcal_100g"": {""label"": ""Verified"", ""source_name"": ""DOST-FNRI PhilFCT"", ""source_record_id"": ""M042"", ""source_url"": ""https://i.fnri.dost.gov.ph/fct/library/report/4313"", ""value_for_portion"": 398.0, ""value_per_100g"": 398.0}, ""protein_g_100g"": {""label"": ""Verified"", ""source_name"": ""DOST-FNRI PhilFCT"", ""source_record_id"": ""M042"", ""source_url"": ""https://i.fnri.dost.gov.ph/fct/library/report/4313"", ""value_for_portion"": 0.1, ""value_per_100g"": 0.1}, ""sodium_mg_100g"": {""label"": ""Verified"", ""source_name"": ""DOST-FNRI PhilFCT"", ""source_record_id"": ""M042"", ""source_url"": ""https://i.fnri.dost.gov.ph/fct/library/report/4313"", ""value_for_portion"": 15.0, ""value_per_100g"": 15.0}, ""sugar_g_100g"": {""label"": ""Verified"", ""source_name"": ""DOST-FNRI PhilFCT"", ""source_record_id"": ""M042"", ""source_url"": ""https://i.fnri.dost.gov.ph/fct/library/report/4313"", ""value_for_portion"": 97.6, ""value_per_100g"": 97.6}}"
EST_PANTRY_20260918_041_V1,FC001237,"Beverages, water, tap, drinking",100,0.0,0.0,0.0,0.0,0.0,0.0,4.0,0.0,"{""carbs_g_100g"": {""label"": ""Other source"", ""source_name"": ""USDA FoodData Central SR Legacy"", ""source_record_id"": ""USDA_FC001237_173647"", ""source_url"": ""https://fdc.nal.usda.gov/food-details/173647/nutrients"", ""value_for_portion"": 0.0, ""value_per_100g"": 0.0}, ""cholesterol_mg_100g"": {""label"": ""Other source"", ""source_name"": ""USDA FoodData Central SR Legacy"", ""source_record_id"": ""USDA_FC001237_173647"", ""source_url"": ""https://fdc.nal.usda.gov/food-details/173647/nutrients"", ""value_for_portion"": 0.0, ""value_per_100g"": 0.0}, ""fat_g_100g"": {""label"": ""Other source"", ""source_name"": ""USDA FoodData Central SR Legacy"", ""source_record_id"": ""USDA_FC001237_173647"", ""source_url"": ""https://fdc.nal.usda.gov/food-details/173647/nutrients"", ""value_for_portion"": 0.0, ""value_per_100g"": 0.0}, ""fiber_g_100g"": {""label"": ""Other source"", ""source_name"": ""USDA FoodData Central SR Legacy"", ""source_record_id"": ""USDA_FC001237_173647"", ""source_url"": ""https://fdc.nal.usda.gov/food-details/173647/nutrients"", ""value_for_portion"": 0.0, ""value_per_100g"": 0.0}, ""kcal_100g"": {""label"": ""Other source"", ""source_name"": ""USDA FoodData Central SR Legacy"", ""source_record_id"": ""USDA_FC001237_173647"", ""source_url"": ""https://fdc.nal.usda.gov/food-details/173647/nutrients"", ""value_for_portion"": 0.0, ""value_per_100g"": 0.0}, ""protein_g_100g"": {""label"": ""Other source"", ""source_name"": ""USDA FoodData Central SR Legacy"", ""source_record_id"": ""USDA_FC001237_173647"", ""source_url"": ""https://fdc.nal.usda.gov/food-details/173647/nutrients"", ""value_for_portion"": 0.0, ""value_per_100g"": 0.0}, ""sodium_mg_100g"": {""label"": ""Other source"", ""source_name"": ""USDA FoodData Central SR Legacy"", ""source_record_id"": ""USDA_FC001237_173647"", ""source_url"": ""https://fdc.nal.usda.gov/food-details/173647/nutrients"", ""value_for_portion"": 4.0, ""value_per_100g"": 4.0}, ""sugar_g_100g"": {""label"": ""Other source"", ""source_name"": ""USDA FoodData Central SR Legacy"", ""source_record_id"": ""USDA_FC001237_173647"", ""source_url"": ""https://fdc.nal.usda.gov/food-details/173647/nutrients"", ""value_for_portion"": 0.0, ""value_per_100g"": 0.0}}"
EST_PANTRY_20260918_042_V1,FC001232,"Beverages, coffee, brewed, espresso, restaurant-prepared",40,9.0,0.12,1.67,0.18,0.0,0.0,14.0,0.0,"{""carbs_g_100g"": {""label"": ""Other source"", ""source_name"": ""USDA FoodData Central SR Legacy"", ""source_record_id"": ""USDA_FC001232_171891"", ""source_url"": ""https://fdc.nal.usda.gov/food-details/171891/nutrients"", ""value_for_portion"": 1.67, ""value_per_100g"": 1.67}, ""cholesterol_mg_100g"": {""label"": ""Other source"", ""source_name"": ""USDA FoodData Central SR Legacy"", ""source_record_id"": ""USDA_FC001232_171891"", ""source_url"": ""https://fdc.nal.usda.gov/food-details/171891/nutrients"", ""value_for_portion"": 0.0, ""value_per_100g"": 0.0}, ""fat_g_100g"": {""label"": ""Other source"", ""source_name"": ""USDA FoodData Central SR Legacy"", ""source_record_id"": ""USDA_FC001232_171891"", ""source_url"": ""https://fdc.nal.usda.gov/food-details/171891/nutrients"", ""value_for_portion"": 0.18, ""value_per_100g"": 0.18}, ""fiber_g_100g"": {""label"": ""Other source"", ""source_name"": ""USDA FoodData Central SR Legacy"", ""source_record_id"": ""USDA_FC001232_171891"", ""source_url"": ""https://fdc.nal.usda.gov/food-details/171891/nutrients"", ""value_for_portion"": 0.0, ""value_per_100g"": 0.0}, ""kcal_100g"": {""label"": ""Other source"", ""source_name"": ""USDA FoodData Central SR Legacy"", ""source_record_id"": ""USDA_FC001232_171891"", ""source_url"": ""https://fdc.nal.usda.gov/food-details/171891/nutrients"", ""value_for_portion"": 9.0, ""value_per_100g"": 9.0}, ""protein_g_100g"": {""label"": ""Other source"", ""source_name"": ""USDA FoodData Central SR Legacy"", ""source_record_id"": ""USDA_FC001232_171891"", ""source_url"": ""https://fdc.nal.usda.gov/food-details/171891/nutrients"", ""value_for_portion"": 0.12, ""value_per_100g"": 0.12}, ""sodium_mg_100g"": {""label"": ""Other source"", ""source_name"": ""USDA FoodData Central SR Legacy"", ""source_record_id"": ""USDA_FC001232_171891"", ""source_url"": ""https://fdc.nal.usda.gov/food-details/171891/nutrients"", ""value_for_portion"": 14.0, ""value_per_100g"": 14.0}, ""sugar_g_100g"": {""label"": ""Other source"", ""source_name"": ""USDA FoodData Central SR Legacy"", ""source_record_id"": ""USDA_FC001232_171891"", ""source_url"": ""https://fdc.nal.usda.gov/food-details/171891/nutrients"", ""value_for_portion"": 0.0, ""value_per_100g"": 0.0}}"
EST_PANTRY_20260918_042_V1,FC000093,Fresh cow's milk,200,65.0,3.3,4.8,3.6,0.0,4.5,52.0,34.0,"{""carbs_g_100g"": {""label"": ""Verified"", ""source_name"": ""DOST-FNRI PhilFCT"", ""source_record_id"": ""J014"", ""source_url"": ""https://i.fnri.dost.gov.ph/fct/library/report/4248"", ""value_for_portion"": 4.8, ""value_per_100g"": 4.8}, ""cholesterol_mg_100g"": {""label"": ""Verified"", ""source_name"": ""DOST-FNRI PhilFCT"", ""source_record_id"": ""J014"", ""source_url"": ""https://i.fnri.dost.gov.ph/fct/library/report/4248"", ""value_for_portion"": 34.0, ""value_per_100g"": 34.0}, ""fat_g_100g"": {""label"": ""Verified"", ""source_name"": ""DOST-FNRI PhilFCT"", ""source_record_id"": ""J014"", ""source_url"": ""https://i.fnri.dost.gov.ph/fct/library/report/4248"", ""value_for_portion"": 3.6, ""value_per_100g"": 3.6}, ""fiber_g_100g"": {""label"": ""Verified"", ""source_name"": ""DOST-FNRI PhilFCT"", ""source_record_id"": ""J014"", ""source_url"": ""https://i.fnri.dost.gov.ph/fct/library/report/4248"", ""value_for_portion"": 0.0, ""value_per_100g"": 0.0}, ""kcal_100g"": {""label"": ""Verified"", ""source_name"": ""DOST-FNRI PhilFCT"", ""source_record_id"": ""J014"", ""source_url"": ""https://i.fnri.dost.gov.ph/fct/library/report/4248"", ""value_for_portion"": 65.0, ""value_per_100g"": 65.0}, ""protein_g_100g"": {""label"": ""Verified"", ""source_name"": ""DOST-FNRI PhilFCT"", ""source_record_id"": ""J014"", ""source_url"": ""https://i.fnri.dost.gov.ph/fct/library/report/4248"", ""value_for_portion"": 3.3, ""value_per_100g"": 3.3}, ""sodium_mg_100g"": {""label"": ""Verified"", ""source_name"": ""DOST-FNRI PhilFCT"", ""source_record_id"": ""J014"", ""source_url"": ""https://i.fnri.dost.gov.ph/fct/library/report/4248"", ""value_for_portion"": 52.0, ""value_per_100g"": 52.0}, ""sugar_g_100g"": {""label"": ""Verified"", ""source_name"": ""DOST-FNRI PhilFCT"", ""source_record_id"": ""J014"", ""source_url"": ""https://i.fnri.dost.gov.ph/fct/library/report/4248"", ""value_for_portion"": 4.5, ""value_per_100g"": 4.5}}"
EST_PANTRY_20260918_042_V1,FC001897,"Syrups, chocolate, fudge-type",35,350.0,4.6,62.9,8.9,2.8,34.82,346.0,1.0,"{""carbs_g_100g"": {""label"": ""Other source"", ""source_name"": ""USDA FoodData Central SR Legacy"", ""source_record_id"": ""USDA_FC001897_168835"", ""source_url"": ""https://fdc.nal.usda.gov/food-details/168835/nutrients"", ""value_for_portion"": 62.9, ""value_per_100g"": 62.9}, ""cholesterol_mg_100g"": {""label"": ""Other source"", ""source_name"": ""USDA FoodData Central SR Legacy"", ""source_record_id"": ""USDA_FC001897_168835"", ""source_url"": ""https://fdc.nal.usda.gov/food-details/168835/nutrients"", ""value_for_portion"": 1.0, ""value_per_100g"": 1.0}, ""fat_g_100g"": {""label"": ""Other source"", ""source_name"": ""USDA FoodData Central SR Legacy"", ""source_record_id"": ""USDA_FC001897_168835"", ""source_url"": ""https://fdc.nal.usda.gov/food-details/168835/nutrients"", ""value_for_portion"": 8.9, ""value_per_100g"": 8.9}, ""fiber_g_100g"": {""label"": ""Other source"", ""source_name"": ""USDA FoodData Central SR Legacy"", ""source_record_id"": ""USDA_FC001897_168835"", ""source_url"": ""https://fdc.nal.usda.gov/food-details/168835/nutrients"", ""value_for_portion"": 2.8, ""value_per_100g"": 2.8}, ""kcal_100g"": {""label"": ""Other source"", ""source_name"": ""USDA FoodData Central SR Legacy"", ""source_record_id"": ""USDA_FC001897_168835"", ""source_url"": ""https://fdc.nal.usda.gov/food-details/168835/nutrients"", ""value_for_portion"": 350.0, ""value_per_100g"": 350.0}, ""protein_g_100g"": {""label"": ""Other source"", ""source_name"": ""USDA FoodData Central SR Legacy"", ""source_record_id"": ""USDA_FC001897_168835"", ""source_url"": ""https://fdc.nal.usda.gov/food-details/168835/nutrients"", ""value_for_portion"": 4.6, ""value_per_100g"": 4.6}, ""sodium_mg_100g"": {""label"": ""Other source"", ""source_name"": ""USDA FoodData Central SR Legacy"", ""source_record_id"": ""USDA_FC001897_168835"", ""source_url"": ""https://fdc.nal.usda.gov/food-details/168835/nutrients"", ""value_for_portion"": 346.0, ""value_per_100g"": 346.0}, ""sugar_g_100g"": {""label"": ""Other source"", ""source_name"": ""USDA FoodData Central SR Legacy"", ""source_record_id"": ""USDA_FC001897_168835"", ""source_url"": ""https://fdc.nal.usda.gov/food-details/168835/nutrients"", ""value_for_portion"": 34.82, ""value_per_100g"": 34.82}}"
EST_PANTRY_20260918_042_V1,FC000599,Cream,20,241.0,2.3,4.2,23.9,0.0,3.0,39.0,,"{""carbs_g_100g"": {""label"": ""Verified"", ""source_name"": ""DOST-FNRI PhilFCT"", ""source_record_id"": ""J007"", ""source_url"": ""https://i.fnri.dost.gov.ph/fct/library/report/4241"", ""value_for_portion"": 4.2, ""value_per_100g"": 4.2}, ""cholesterol_mg_100g"": {""label"": ""Unknown"", ""source_name"": null, ""source_record_id"": null, ""source_url"": null, ""value_for_portion"": null, ""value_per_100g"": null}, ""fat_g_100g"": {""label"": ""Verified"", ""source_name"": ""DOST-FNRI PhilFCT"", ""source_record_id"": ""J007"", ""source_url"": ""https://i.fnri.dost.gov.ph/fct/library/report/4241"", ""value_for_portion"": 23.9, ""value_per_100g"": 23.9}, ""fiber_g_100g"": {""label"": ""Verified"", ""source_name"": ""DOST-FNRI PhilFCT"", ""source_record_id"": ""J007"", ""source_url"": ""https://i.fnri.dost.gov.ph/fct/library/report/4241"", ""value_for_portion"": 0.0, ""value_per_100g"": 0.0}, ""kcal_100g"": {""label"": ""Verified"", ""source_name"": ""DOST-FNRI PhilFCT"", ""source_record_id"": ""J007"", ""source_url"": ""https://i.fnri.dost.gov.ph/fct/library/report/4241"", ""value_for_portion"": 241.0, ""value_per_100g"": 241.0}, ""protein_g_100g"": {""label"": ""Verified"", ""source_name"": ""DOST-FNRI PhilFCT"", ""source_record_id"": ""J007"", ""source_url"": ""https://i.fnri.dost.gov.ph/fct/library/report/4241"", ""value_for_portion"": 2.3, ""value_per_100g"": 2.3}, ""sodium_mg_100g"": {""label"": ""Verified"", ""source_name"": ""DOST-FNRI PhilFCT"", ""source_record_id"": ""J007"", ""source_url"": ""https://i.fnri.dost.gov.ph/fct/library/report/4241"", ""value_for_portion"": 39.0, ""value_per_100g"": 39.0}, ""sugar_g_100g"": {""label"": ""Verified"", ""source_name"": ""DOST-FNRI PhilFCT"", ""source_record_id"": ""J007"", ""source_url"": ""https://i.fnri.dost.gov.ph/fct/library/report/4241"", ""value_for_portion"": 3.0, ""value_per_100g"": 3.0}}"
EST_PANTRY_20260918_043_V1,FC001232,"Beverages, coffee, brewed, espresso, restaurant-prepared",40,9.0,0.12,1.67,0.18,0.0,0.0,14.0,0.0,"{""carbs_g_100g"": {""label"": ""Other source"", ""source_name"": ""USDA FoodData Central SR Legacy"", ""source_record_id"": ""USDA_FC001232_171891"", ""source_url"": ""https://fdc.nal.usda.gov/food-details/171891/nutrients"", ""value_for_portion"": 1.67, ""value_per_100g"": 1.67}, ""cholesterol_mg_100g"": {""label"": ""Other source"", ""source_name"": ""USDA FoodData Central SR Legacy"", ""source_record_id"": ""USDA_FC001232_171891"", ""source_url"": ""https://fdc.nal.usda.gov/food-details/171891/nutrients"", ""value_for_portion"": 0.0, ""value_per_100g"": 0.0}, ""fat_g_100g"": {""label"": ""Other source"", ""source_name"": ""USDA FoodData Central SR Legacy"", ""source_record_id"": ""USDA_FC001232_171891"", ""source_url"": ""https://fdc.nal.usda.gov/food-details/171891/nutrients"", ""value_for_portion"": 0.18, ""value_per_100g"": 0.18}, ""fiber_g_100g"": {""label"": ""Other source"", ""source_name"": ""USDA FoodData Central SR Legacy"", ""source_record_id"": ""USDA_FC001232_171891"", ""source_url"": ""https://fdc.nal.usda.gov/food-details/171891/nutrients"", ""value_for_portion"": 0.0, ""value_per_100g"": 0.0}, ""kcal_100g"": {""label"": ""Other source"", ""source_name"": ""USDA FoodData Central SR Legacy"", ""source_record_id"": ""USDA_FC001232_171891"", ""source_url"": ""https://fdc.nal.usda.gov/food-details/171891/nutrients"", ""value_for_portion"": 9.0, ""value_per_100g"": 9.0}, ""protein_g_100g"": {""label"": ""Other source"", ""source_name"": ""USDA FoodData Central SR Legacy"", ""source_record_id"": ""USDA_FC001232_171891"", ""source_url"": ""https://fdc.nal.usda.gov/food-details/171891/nutrients"", ""value_for_portion"": 0.12, ""value_per_100g"": 0.12}, ""sodium_mg_100g"": {""label"": ""Other source"", ""source_name"": ""USDA FoodData Central SR Legacy"", ""source_record_id"": ""USDA_FC001232_171891"", ""source_url"": ""https://fdc.nal.usda.gov/food-details/171891/nutrients"", ""value_for_portion"": 14.0, ""value_per_100g"": 14.0}, ""sugar_g_100g"": {""label"": ""Other source"", ""source_name"": ""USDA FoodData Central SR Legacy"", ""source_record_id"": ""USDA_FC001232_171891"", ""source_url"": ""https://fdc.nal.usda.gov/food-details/171891/nutrients"", ""value_for_portion"": 0.0, ""value_per_100g"": 0.0}}"
EST_PANTRY_20260918_043_V1,FC000093,Fresh cow's milk,160,65.0,3.3,4.8,3.6,0.0,4.5,52.0,34.0,"{""carbs_g_100g"": {""label"": ""Verified"", ""source_name"": ""DOST-FNRI PhilFCT"", ""source_record_id"": ""J014"", ""source_url"": ""https://i.fnri.dost.gov.ph/fct/library/report/4248"", ""value_for_portion"": 4.8, ""value_per_100g"": 4.8}, ""cholesterol_mg_100g"": {""label"": ""Verified"", ""source_name"": ""DOST-FNRI PhilFCT"", ""source_record_id"": ""J014"", ""source_url"": ""https://i.fnri.dost.gov.ph/fct/library/report/4248"", ""value_for_portion"": 34.0, ""value_per_100g"": 34.0}, ""fat_g_100g"": {""label"": ""Verified"", ""source_name"": ""DOST-FNRI PhilFCT"", ""source_record_id"": ""J014"", ""source_url"": ""https://i.fnri.dost.gov.ph/fct/library/report/4248"", ""value_for_portion"": 3.6, ""value_per_100g"": 3.6}, ""fiber_g_100g"": {""label"": ""Verified"", ""source_name"": ""DOST-FNRI PhilFCT"", ""source_record_id"": ""J014"", ""source_url"": ""https://i.fnri.dost.gov.ph/fct/library/report/4248"", ""value_for_portion"": 0.0, ""value_per_100g"": 0.0}, ""kcal_100g"": {""label"": ""Verified"", ""source_name"": ""DOST-FNRI PhilFCT"", ""source_record_id"": ""J014"", ""source_url"": ""https://i.fnri.dost.gov.ph/fct/library/report/4248"", ""value_for_portion"": 65.0, ""value_per_100g"": 65.0}, ""protein_g_100g"": {""label"": ""Verified"", ""source_name"": ""DOST-FNRI PhilFCT"", ""source_record_id"": ""J014"", ""source_url"": ""https://i.fnri.dost.gov.ph/fct/library/report/4248"", ""value_for_portion"": 3.3, ""value_per_100g"": 3.3}, ""sodium_mg_100g"": {""label"": ""Verified"", ""source_name"": ""DOST-FNRI PhilFCT"", ""source_record_id"": ""J014"", ""source_url"": ""https://i.fnri.dost.gov.ph/fct/library/report/4248"", ""value_for_portion"": 52.0, ""value_per_100g"": 52.0}, ""sugar_g_100g"": {""label"": ""Verified"", ""source_name"": ""DOST-FNRI PhilFCT"", ""source_record_id"": ""J014"", ""source_url"": ""https://i.fnri.dost.gov.ph/fct/library/report/4248"", ""value_for_portion"": 4.5, ""value_per_100g"": 4.5}}"
EST_PANTRY_20260918_044_V1,FC001231,"Beverages, coffee, brewed, prepared with tap water",100,1.0,0.12,0.0,0.02,0.0,0.0,2.0,0.0,"{""carbs_g_100g"": {""label"": ""Other source"", ""source_name"": ""USDA FoodData Central SR Legacy"", ""source_record_id"": ""USDA_FC001231_171890"", ""source_url"": ""https://fdc.nal.usda.gov/food-details/171890/nutrients"", ""value_for_portion"": 0.0, ""value_per_100g"": 0.0}, ""cholesterol_mg_100g"": {""label"": ""Other source"", ""source_name"": ""USDA FoodData Central SR Legacy"", ""source_record_id"": ""USDA_FC001231_171890"", ""source_url"": ""https://fdc.nal.usda.gov/food-details/171890/nutrients"", ""value_for_portion"": 0.0, ""value_per_100g"": 0.0}, ""fat_g_100g"": {""label"": ""Other source"", ""source_name"": ""USDA FoodData Central SR Legacy"", ""source_record_id"": ""USDA_FC001231_171890"", ""source_url"": ""https://fdc.nal.usda.gov/food-details/171890/nutrients"", ""value_for_portion"": 0.02, ""value_per_100g"": 0.02}, ""fiber_g_100g"": {""label"": ""Other source"", ""source_name"": ""USDA FoodData Central SR Legacy"", ""source_record_id"": ""USDA_FC001231_171890"", ""source_url"": ""https://fdc.nal.usda.gov/food-details/171890/nutrients"", ""value_for_portion"": 0.0, ""value_per_100g"": 0.0}, ""kcal_100g"": {""label"": ""Other source"", ""source_name"": ""USDA FoodData Central SR Legacy"", ""source_record_id"": ""USDA_FC001231_171890"", ""source_url"": ""https://fdc.nal.usda.gov/food-details/171890/nutrients"", ""value_for_portion"": 1.0, ""value_per_100g"": 1.0}, ""protein_g_100g"": {""label"": ""Other source"", ""source_name"": ""USDA FoodData Central SR Legacy"", ""source_record_id"": ""USDA_FC001231_171890"", ""source_url"": ""https://fdc.nal.usda.gov/food-details/171890/nutrients"", ""value_for_portion"": 0.12, ""value_per_100g"": 0.12}, ""sodium_mg_100g"": {""label"": ""Other source"", ""source_name"": ""USDA FoodData Central SR Legacy"", ""source_record_id"": ""USDA_FC001231_171890"", ""source_url"": ""https://fdc.nal.usda.gov/food-details/171890/nutrients"", ""value_for_portion"": 2.0, ""value_per_100g"": 2.0}, ""sugar_g_100g"": {""label"": ""Other source"", ""source_name"": ""USDA FoodData Central SR Legacy"", ""source_record_id"": ""USDA_FC001231_171890"", ""source_url"": ""https://fdc.nal.usda.gov/food-details/171890/nutrients"", ""value_for_portion"": 0.0, ""value_per_100g"": 0.0}}"
EST_PANTRY_20260918_045_V1,FC001231,"Beverages, coffee, brewed, prepared with tap water",60,1.0,0.12,0.0,0.02,0.0,0.0,2.0,0.0,"{""carbs_g_100g"": {""label"": ""Other source"", ""source_name"": ""USDA FoodData Central SR Legacy"", ""source_record_id"": ""USDA_FC001231_171890"", ""source_url"": ""https://fdc.nal.usda.gov/food-details/171890/nutrients"", ""value_for_portion"": 0.0, ""value_per_100g"": 0.0}, ""cholesterol_mg_100g"": {""label"": ""Other source"", ""source_name"": ""USDA FoodData Central SR Legacy"", ""source_record_id"": ""USDA_FC001231_171890"", ""source_url"": ""https://fdc.nal.usda.gov/food-details/171890/nutrients"", ""value_for_portion"": 0.0, ""value_per_100g"": 0.0}, ""fat_g_100g"": {""label"": ""Other source"", ""source_name"": ""USDA FoodData Central SR Legacy"", ""source_record_id"": ""USDA_FC001231_171890"", ""source_url"": ""https://fdc.nal.usda.gov/food-details/171890/nutrients"", ""value_for_portion"": 0.02, ""value_per_100g"": 0.02}, ""fiber_g_100g"": {""label"": ""Other source"", ""source_name"": ""USDA FoodData Central SR Legacy"", ""source_record_id"": ""USDA_FC001231_171890"", ""source_url"": ""https://fdc.nal.usda.gov/food-details/171890/nutrients"", ""value_for_portion"": 0.0, ""value_per_100g"": 0.0}, ""kcal_100g"": {""label"": ""Other source"", ""source_name"": ""USDA FoodData Central SR Legacy"", ""source_record_id"": ""USDA_FC001231_171890"", ""source_url"": ""https://fdc.nal.usda.gov/food-details/171890/nutrients"", ""value_for_portion"": 1.0, ""value_per_100g"": 1.0}, ""protein_g_100g"": {""label"": ""Other source"", ""source_name"": ""USDA FoodData Central SR Legacy"", ""source_record_id"": ""USDA_FC001231_171890"", ""source_url"": ""https://fdc.nal.usda.gov/food-details/171890/nutrients"", ""value_for_portion"": 0.12, ""value_per_100g"": 0.12}, ""sodium_mg_100g"": {""label"": ""Other source"", ""source_name"": ""USDA FoodData Central SR Legacy"", ""source_record_id"": ""USDA_FC001231_171890"", ""source_url"": ""https://fdc.nal.usda.gov/food-details/171890/nutrients"", ""value_for_portion"": 2.0, ""value_per_100g"": 2.0}, ""sugar_g_100g"": {""label"": ""Other source"", ""source_name"": ""USDA FoodData Central SR Legacy"", ""source_record_id"": ""USDA_FC001231_171890"", ""source_url"": ""https://fdc.nal.usda.gov/food-details/171890/nutrients"", ""value_for_portion"": 0.0, ""value_per_100g"": 0.0}}"
EST_PANTRY_20260918_045_V1,FC000093,Fresh cow's milk,120,65.0,3.3,4.8,3.6,0.0,4.5,52.0,34.0,"{""carbs_g_100g"": {""label"": ""Verified"", ""source_name"": ""DOST-FNRI PhilFCT"", ""source_record_id"": ""J014"", ""source_url"": ""https://i.fnri.dost.gov.ph/fct/library/report/4248"", ""value_for_portion"": 4.8, ""value_per_100g"": 4.8}, ""cholesterol_mg_100g"": {""label"": ""Verified"", ""source_name"": ""DOST-FNRI PhilFCT"", ""source_record_id"": ""J014"", ""source_url"": ""https://i.fnri.dost.gov.ph/fct/library/report/4248"", ""value_for_portion"": 34.0, ""value_per_100g"": 34.0}, ""fat_g_100g"": {""label"": ""Verified"", ""source_name"": ""DOST-FNRI PhilFCT"", ""source_record_id"": ""J014"", ""source_url"": ""https://i.fnri.dost.gov.ph/fct/library/report/4248"", ""value_for_portion"": 3.6, ""value_per_100g"": 3.6}, ""fiber_g_100g"": {""label"": ""Verified"", ""source_name"": ""DOST-FNRI PhilFCT"", ""source_record_id"": ""J014"", ""source_url"": ""https://i.fnri.dost.gov.ph/fct/library/report/4248"", ""value_for_portion"": 0.0, ""value_per_100g"": 0.0}, ""kcal_100g"": {""label"": ""Verified"", ""source_name"": ""DOST-FNRI PhilFCT"", ""source_record_id"": ""J014"", ""source_url"": ""https://i.fnri.dost.gov.ph/fct/library/report/4248"", ""value_for_portion"": 65.0, ""value_per_100g"": 65.0}, ""protein_g_100g"": {""label"": ""Verified"", ""source_name"": ""DOST-FNRI PhilFCT"", ""source_record_id"": ""J014"", ""source_url"": ""https://i.fnri.dost.gov.ph/fct/library/report/4248"", ""value_for_portion"": 3.3, ""value_per_100g"": 3.3}, ""sodium_mg_100g"": {""label"": ""Verified"", ""source_name"": ""DOST-FNRI PhilFCT"", ""source_record_id"": ""J014"", ""source_url"": ""https://i.fnri.dost.gov.ph/fct/library/report/4248"", ""value_for_portion"": 52.0, ""value_per_100g"": 52.0}, ""sugar_g_100g"": {""label"": ""Verified"", ""source_name"": ""DOST-FNRI PhilFCT"", ""source_record_id"": ""J014"", ""source_url"": ""https://i.fnri.dost.gov.ph/fct/library/report/4248"", ""value_for_portion"": 4.5, ""value_per_100g"": 4.5}}"
EST_PANTRY_20260918_045_V1,FC000969,"Sugar, brown",30,398.0,0.1,98.7,0.3,0.0,97.6,15.0,0.0,"{""carbs_g_100g"": {""label"": ""Verified"", ""source_name"": ""DOST-FNRI PhilFCT"", ""source_record_id"": ""M042"", ""source_url"": ""https://i.fnri.dost.gov.ph/fct/library/report/4313"", ""value_for_portion"": 98.7, ""value_per_100g"": 98.7}, ""cholesterol_mg_100g"": {""label"": ""Verified"", ""source_name"": ""DOST-FNRI PhilFCT"", ""source_record_id"": ""M042"", ""source_url"": ""https://i.fnri.dost.gov.ph/fct/library/report/4313"", ""value_for_portion"": 0.0, ""value_per_100g"": 0.0}, ""fat_g_100g"": {""label"": ""Verified"", ""source_name"": ""DOST-FNRI PhilFCT"", ""source_record_id"": ""M042"", ""source_url"": ""https://i.fnri.dost.gov.ph/fct/library/report/4313"", ""value_for_portion"": 0.3, ""value_per_100g"": 0.3}, ""fiber_g_100g"": {""label"": ""Verified"", ""source_name"": ""DOST-FNRI PhilFCT"", ""source_record_id"": ""M042"", ""source_url"": ""https://i.fnri.dost.gov.ph/fct/library/report/4313"", ""value_for_portion"": 0.0, ""value_per_100g"": 0.0}, ""kcal_100g"": {""label"": ""Verified"", ""source_name"": ""DOST-FNRI PhilFCT"", ""source_record_id"": ""M042"", ""source_url"": ""https://i.fnri.dost.gov.ph/fct/library/report/4313"", ""value_for_portion"": 398.0, ""value_per_100g"": 398.0}, ""protein_g_100g"": {""label"": ""Verified"", ""source_name"": ""DOST-FNRI PhilFCT"", ""source_record_id"": ""M042"", ""source_url"": ""https://i.fnri.dost.gov.ph/fct/library/report/4313"", ""value_for_portion"": 0.1, ""value_per_100g"": 0.1}, ""sodium_mg_100g"": {""label"": ""Verified"", ""source_name"": ""DOST-FNRI PhilFCT"", ""source_record_id"": ""M042"", ""source_url"": ""https://i.fnri.dost.gov.ph/fct/library/report/4313"", ""value_for_portion"": 15.0, ""value_per_100g"": 15.0}, ""sugar_g_100g"": {""label"": ""Verified"", ""source_name"": ""DOST-FNRI PhilFCT"", ""source_record_id"": ""M042"", ""source_url"": ""https://i.fnri.dost.gov.ph/fct/library/report/4313"", ""value_for_portion"": 97.6, ""value_per_100g"": 97.6}}"
EST_PANTRY_20260918_045_V1,FC001237,"Beverages, water, tap, drinking",130,0.0,0.0,0.0,0.0,0.0,0.0,4.0,0.0,"{""carbs_g_100g"": {""label"": ""Other source"", ""source_name"": ""USDA FoodData Central SR Legacy"", ""source_record_id"": ""USDA_FC001237_173647"", ""source_url"": ""https://fdc.nal.usda.gov/food-details/173647/nutrients"", ""value_for_portion"": 0.0, ""value_per_100g"": 0.0}, ""cholesterol_mg_100g"": {""label"": ""Other source"", ""source_name"": ""USDA FoodData Central SR Legacy"", ""source_record_id"": ""USDA_FC001237_173647"", ""source_url"": ""https://fdc.nal.usda.gov/food-details/173647/nutrients"", ""value_for_portion"": 0.0, ""value_per_100g"": 0.0}, ""fat_g_100g"": {""label"": ""Other source"", ""source_name"": ""USDA FoodData Central SR Legacy"", ""source_record_id"": ""USDA_FC001237_173647"", ""source_url"": ""https://fdc.nal.usda.gov/food-details/173647/nutrients"", ""value_for_portion"": 0.0, ""value_per_100g"": 0.0}, ""fiber_g_100g"": {""label"": ""Other source"", ""source_name"": ""USDA FoodData Central SR Legacy"", ""source_record_id"": ""USDA_FC001237_173647"", ""source_url"": ""https://fdc.nal.usda.gov/food-details/173647/nutrients"", ""value_for_portion"": 0.0, ""value_per_100g"": 0.0}, ""kcal_100g"": {""label"": ""Other source"", ""source_name"": ""USDA FoodData Central SR Legacy"", ""source_record_id"": ""USDA_FC001237_173647"", ""source_url"": ""https://fdc.nal.usda.gov/food-details/173647/nutrients"", ""value_for_portion"": 0.0, ""value_per_100g"": 0.0}, ""protein_g_100g"": {""label"": ""Other source"", ""source_name"": ""USDA FoodData Central SR Legacy"", ""source_record_id"": ""USDA_FC001237_173647"", ""source_url"": ""https://fdc.nal.usda.gov/food-details/173647/nutrients"", ""value_for_portion"": 0.0, ""value_per_100g"": 0.0}, ""sodium_mg_100g"": {""label"": ""Other source"", ""source_name"": ""USDA FoodData Central SR Legacy"", ""source_record_id"": ""USDA_FC001237_173647"", ""source_url"": ""https://fdc.nal.usda.gov/food-details/173647/nutrients"", ""value_for_portion"": 4.0, ""value_per_100g"": 4.0}, ""sugar_g_100g"": {""label"": ""Other source"", ""source_name"": ""USDA FoodData Central SR Legacy"", ""source_record_id"": ""USDA_FC001237_173647"", ""source_url"": ""https://fdc.nal.usda.gov/food-details/173647/nutrients"", ""value_for_portion"": 0.0, ""value_per_100g"": 0.0}}"
EST_PANTRY_20260918_046_V1,FC001231,"Beverages, coffee, brewed, prepared with tap water",60,1.0,0.12,0.0,0.02,0.0,0.0,2.0,0.0,"{""carbs_g_100g"": {""label"": ""Other source"", ""source_name"": ""USDA FoodData Central SR Legacy"", ""source_record_id"": ""USDA_FC001231_171890"", ""source_url"": ""https://fdc.nal.usda.gov/food-details/171890/nutrients"", ""value_for_portion"": 0.0, ""value_per_100g"": 0.0}, ""cholesterol_mg_100g"": {""label"": ""Other source"", ""source_name"": ""USDA FoodData Central SR Legacy"", ""source_record_id"": ""USDA_FC001231_171890"", ""source_url"": ""https://fdc.nal.usda.gov/food-details/171890/nutrients"", ""value_for_portion"": 0.0, ""value_per_100g"": 0.0}, ""fat_g_100g"": {""label"": ""Other source"", ""source_name"": ""USDA FoodData Central SR Legacy"", ""source_record_id"": ""USDA_FC001231_171890"", ""source_url"": ""https://fdc.nal.usda.gov/food-details/171890/nutrients"", ""value_for_portion"": 0.02, ""value_per_100g"": 0.02}, ""fiber_g_100g"": {""label"": ""Other source"", ""source_name"": ""USDA FoodData Central SR Legacy"", ""source_record_id"": ""USDA_FC001231_171890"", ""source_url"": ""https://fdc.nal.usda.gov/food-details/171890/nutrients"", ""value_for_portion"": 0.0, ""value_per_100g"": 0.0}, ""kcal_100g"": {""label"": ""Other source"", ""source_name"": ""USDA FoodData Central SR Legacy"", ""source_record_id"": ""USDA_FC001231_171890"", ""source_url"": ""https://fdc.nal.usda.gov/food-details/171890/nutrients"", ""value_for_portion"": 1.0, ""value_per_100g"": 1.0}, ""protein_g_100g"": {""label"": ""Other source"", ""source_name"": ""USDA FoodData Central SR Legacy"", ""source_record_id"": ""USDA_FC001231_171890"", ""source_url"": ""https://fdc.nal.usda.gov/food-details/171890/nutrients"", ""value_for_portion"": 0.12, ""value_per_100g"": 0.12}, ""sodium_mg_100g"": {""label"": ""Other source"", ""source_name"": ""USDA FoodData Central SR Legacy"", ""source_record_id"": ""USDA_FC001231_171890"", ""source_url"": ""https://fdc.nal.usda.gov/food-details/171890/nutrients"", ""value_for_portion"": 2.0, ""value_per_100g"": 2.0}, ""sugar_g_100g"": {""label"": ""Other source"", ""source_name"": ""USDA FoodData Central SR Legacy"", ""source_record_id"": ""USDA_FC001231_171890"", ""source_url"": ""https://fdc.nal.usda.gov/food-details/171890/nutrients"", ""value_for_portion"": 0.0, ""value_per_100g"": 0.0}}"
EST_PANTRY_20260918_046_V1,FC000093,Fresh cow's milk,120,65.0,3.3,4.8,3.6,0.0,4.5,52.0,34.0,"{""carbs_g_100g"": {""label"": ""Verified"", ""source_name"": ""DOST-FNRI PhilFCT"", ""source_record_id"": ""J014"", ""source_url"": ""https://i.fnri.dost.gov.ph/fct/library/report/4248"", ""value_for_portion"": 4.8, ""value_per_100g"": 4.8}, ""cholesterol_mg_100g"": {""label"": ""Verified"", ""source_name"": ""DOST-FNRI PhilFCT"", ""source_record_id"": ""J014"", ""source_url"": ""https://i.fnri.dost.gov.ph/fct/library/report/4248"", ""value_for_portion"": 34.0, ""value_per_100g"": 34.0}, ""fat_g_100g"": {""label"": ""Verified"", ""source_name"": ""DOST-FNRI PhilFCT"", ""source_record_id"": ""J014"", ""source_url"": ""https://i.fnri.dost.gov.ph/fct/library/report/4248"", ""value_for_portion"": 3.6, ""value_per_100g"": 3.6}, ""fiber_g_100g"": {""label"": ""Verified"", ""source_name"": ""DOST-FNRI PhilFCT"", ""source_record_id"": ""J014"", ""source_url"": ""https://i.fnri.dost.gov.ph/fct/library/report/4248"", ""value_for_portion"": 0.0, ""value_per_100g"": 0.0}, ""kcal_100g"": {""label"": ""Verified"", ""source_name"": ""DOST-FNRI PhilFCT"", ""source_record_id"": ""J014"", ""source_url"": ""https://i.fnri.dost.gov.ph/fct/library/report/4248"", ""value_for_portion"": 65.0, ""value_per_100g"": 65.0}, ""protein_g_100g"": {""label"": ""Verified"", ""source_name"": ""DOST-FNRI PhilFCT"", ""source_record_id"": ""J014"", ""source_url"": ""https://i.fnri.dost.gov.ph/fct/library/report/4248"", ""value_for_portion"": 3.3, ""value_per_100g"": 3.3}, ""sodium_mg_100g"": {""label"": ""Verified"", ""source_name"": ""DOST-FNRI PhilFCT"", ""source_record_id"": ""J014"", ""source_url"": ""https://i.fnri.dost.gov.ph/fct/library/report/4248"", ""value_for_portion"": 52.0, ""value_per_100g"": 52.0}, ""sugar_g_100g"": {""label"": ""Verified"", ""source_name"": ""DOST-FNRI PhilFCT"", ""source_record_id"": ""J014"", ""source_url"": ""https://i.fnri.dost.gov.ph/fct/library/report/4248"", ""value_for_portion"": 4.5, ""value_per_100g"": 4.5}}"
EST_PANTRY_20260918_046_V1,FC001906,"Toppings, butterscotch or caramel",35,216.0,1.21,57.01,0.0,0.0,57.0,341.0,0.0,"{""carbs_g_100g"": {""label"": ""Other source"", ""source_name"": ""USDA FoodData Central SR Legacy"", ""source_record_id"": ""USDA_FC001906_168841"", ""source_url"": ""https://fdc.nal.usda.gov/food-details/168841/nutrients"", ""value_for_portion"": 57.01, ""value_per_100g"": 57.01}, ""cholesterol_mg_100g"": {""label"": ""Other source"", ""source_name"": ""USDA FoodData Central SR Legacy"", ""source_record_id"": ""USDA_FC001906_168841"", ""source_url"": ""https://fdc.nal.usda.gov/food-details/168841/nutrients"", ""value_for_portion"": 0.0, ""value_per_100g"": 0.0}, ""fat_g_100g"": {""label"": ""Other source"", ""source_name"": ""USDA FoodData Central SR Legacy"", ""source_record_id"": ""USDA_FC001906_168841"", ""source_url"": ""https://fdc.nal.usda.gov/food-details/168841/nutrients"", ""value_for_portion"": 0.0, ""value_per_100g"": 0.0}, ""fiber_g_100g"": {""label"": ""Other source"", ""source_name"": ""USDA FoodData Central SR Legacy"", ""source_record_id"": ""USDA_FC001906_168841"", ""source_url"": ""https://fdc.nal.usda.gov/food-details/168841/nutrients"", ""value_for_portion"": 0.0, ""value_per_100g"": 0.0}, ""kcal_100g"": {""label"": ""Other source"", ""source_name"": ""USDA FoodData Central SR Legacy"", ""source_record_id"": ""USDA_FC001906_168841"", ""source_url"": ""https://fdc.nal.usda.gov/food-details/168841/nutrients"", ""value_for_portion"": 216.0, ""value_per_100g"": 216.0}, ""protein_g_100g"": {""label"": ""Other source"", ""source_name"": ""USDA FoodData Central SR Legacy"", ""source_record_id"": ""USDA_FC001906_168841"", ""source_url"": ""https://fdc.nal.usda.gov/food-details/168841/nutrients"", ""value_for_portion"": 1.21, ""value_per_100g"": 1.21}, ""sodium_mg_100g"": {""label"": ""Other source"", ""source_name"": ""USDA FoodData Central SR Legacy"", ""source_record_id"": ""USDA_FC001906_168841"", ""source_url"": ""https://fdc.nal.usda.gov/food-details/168841/nutrients"", ""value_for_portion"": 341.0, ""value_per_100g"": 341.0}, ""sugar_g_100g"": {""label"": ""Other source"", ""source_name"": ""USDA FoodData Central SR Legacy"", ""source_record_id"": ""USDA_FC001906_168841"", ""source_url"": ""https://fdc.nal.usda.gov/food-details/168841/nutrients"", ""value_for_portion"": 57.0, ""value_per_100g"": 57.0}}"
EST_PANTRY_20260918_046_V1,FC000969,"Sugar, brown",15,398.0,0.1,98.7,0.3,0.0,97.6,15.0,0.0,"{""carbs_g_100g"": {""label"": ""Verified"", ""source_name"": ""DOST-FNRI PhilFCT"", ""source_record_id"": ""M042"", ""source_url"": ""https://i.fnri.dost.gov.ph/fct/library/report/4313"", ""value_for_portion"": 98.7, ""value_per_100g"": 98.7}, ""cholesterol_mg_100g"": {""label"": ""Verified"", ""source_name"": ""DOST-FNRI PhilFCT"", ""source_record_id"": ""M042"", ""source_url"": ""https://i.fnri.dost.gov.ph/fct/library/report/4313"", ""value_for_portion"": 0.0, ""value_per_100g"": 0.0}, ""fat_g_100g"": {""label"": ""Verified"", ""source_name"": ""DOST-FNRI PhilFCT"", ""source_record_id"": ""M042"", ""source_url"": ""https://i.fnri.dost.gov.ph/fct/library/report/4313"", ""value_for_portion"": 0.3, ""value_per_100g"": 0.3}, ""fiber_g_100g"": {""label"": ""Verified"", ""source_name"": ""DOST-FNRI PhilFCT"", ""source_record_id"": ""M042"", ""source_url"": ""https://i.fnri.dost.gov.ph/fct/library/report/4313"", ""value_for_portion"": 0.0, ""value_per_100g"": 0.0}, ""kcal_100g"": {""label"": ""Verified"", ""source_name"": ""DOST-FNRI PhilFCT"", ""source_record_id"": ""M042"", ""source_url"": ""https://i.fnri.dost.gov.ph/fct/library/report/4313"", ""value_for_portion"": 398.0, ""value_per_100g"": 398.0}, ""protein_g_100g"": {""label"": ""Verified"", ""source_name"": ""DOST-FNRI PhilFCT"", ""source_record_id"": ""M042"", ""source_url"": ""https://i.fnri.dost.gov.ph/fct/library/report/4313"", ""value_for_portion"": 0.1, ""value_per_100g"": 0.1}, ""sodium_mg_100g"": {""label"": ""Verified"", ""source_name"": ""DOST-FNRI PhilFCT"", ""source_record_id"": ""M042"", ""source_url"": ""https://i.fnri.dost.gov.ph/fct/library/report/4313"", ""value_for_portion"": 15.0, ""value_per_100g"": 15.0}, ""sugar_g_100g"": {""label"": ""Verified"", ""source_name"": ""DOST-FNRI PhilFCT"", ""source_record_id"": ""M042"", ""source_url"": ""https://i.fnri.dost.gov.ph/fct/library/report/4313"", ""value_for_portion"": 97.6, ""value_per_100g"": 97.6}}"
EST_PANTRY_20260918_046_V1,FC000599,Cream,25,241.0,2.3,4.2,23.9,0.0,3.0,39.0,,"{""carbs_g_100g"": {""label"": ""Verified"", ""source_name"": ""DOST-FNRI PhilFCT"", ""source_record_id"": ""J007"", ""source_url"": ""https://i.fnri.dost.gov.ph/fct/library/report/4241"", ""value_for_portion"": 4.2, ""value_per_100g"": 4.2}, ""cholesterol_mg_100g"": {""label"": ""Unknown"", ""source_name"": null, ""source_record_id"": null, ""source_url"": null, ""value_for_portion"": null, ""value_per_100g"": null}, ""fat_g_100g"": {""label"": ""Verified"", ""source_name"": ""DOST-FNRI PhilFCT"", ""source_record_id"": ""J007"", ""source_url"": ""https://i.fnri.dost.gov.ph/fct/library/report/4241"", ""value_for_portion"": 23.9, ""value_per_100g"": 23.9}, ""fiber_g_100g"": {""label"": ""Verified"", ""source_name"": ""DOST-FNRI PhilFCT"", ""source_record_id"": ""J007"", ""source_url"": ""https://i.fnri.dost.gov.ph/fct/library/report/4241"", ""value_for_portion"": 0.0, ""value_per_100g"": 0.0}, ""kcal_100g"": {""label"": ""Verified"", ""source_name"": ""DOST-FNRI PhilFCT"", ""source_record_id"": ""J007"", ""source_url"": ""https://i.fnri.dost.gov.ph/fct/library/report/4241"", ""value_for_portion"": 241.0, ""value_per_100g"": 241.0}, ""protein_g_100g"": {""label"": ""Verified"", ""source_name"": ""DOST-FNRI PhilFCT"", ""source_record_id"": ""J007"", ""source_url"": ""https://i.fnri.dost.gov.ph/fct/library/report/4241"", ""value_for_portion"": 2.3, ""value_per_100g"": 2.3}, ""sodium_mg_100g"": {""label"": ""Verified"", ""source_name"": ""DOST-FNRI PhilFCT"", ""source_record_id"": ""J007"", ""source_url"": ""https://i.fnri.dost.gov.ph/fct/library/report/4241"", ""value_for_portion"": 39.0, ""value_per_100g"": 39.0}, ""sugar_g_100g"": {""label"": ""Verified"", ""source_name"": ""DOST-FNRI PhilFCT"", ""source_record_id"": ""J007"", ""source_url"": ""https://i.fnri.dost.gov.ph/fct/library/report/4241"", ""value_for_portion"": 3.0, ""value_per_100g"": 3.0}}"
EST_PANTRY_20260918_046_V1,FC001237,"Beverages, water, tap, drinking",130,0.0,0.0,0.0,0.0,0.0,0.0,4.0,0.0,"{""carbs_g_100g"": {""label"": ""Other source"", ""source_name"": ""USDA FoodData Central SR Legacy"", ""source_record_id"": ""USDA_FC001237_173647"", ""source_url"": ""https://fdc.nal.usda.gov/food-details/173647/nutrients"", ""value_for_portion"": 0.0, ""value_per_100g"": 0.0}, ""cholesterol_mg_100g"": {""label"": ""Other source"", ""source_name"": ""USDA FoodData Central SR Legacy"", ""source_record_id"": ""USDA_FC001237_173647"", ""source_url"": ""https://fdc.nal.usda.gov/food-details/173647/nutrients"", ""value_for_portion"": 0.0, ""value_per_100g"": 0.0}, ""fat_g_100g"": {""label"": ""Other source"", ""source_name"": ""USDA FoodData Central SR Legacy"", ""source_record_id"": ""USDA_FC001237_173647"", ""source_url"": ""https://fdc.nal.usda.gov/food-details/173647/nutrients"", ""value_for_portion"": 0.0, ""value_per_100g"": 0.0}, ""fiber_g_100g"": {""label"": ""Other source"", ""source_name"": ""USDA FoodData Central SR Legacy"", ""source_record_id"": ""USDA_FC001237_173647"", ""source_url"": ""https://fdc.nal.usda.gov/food-details/173647/nutrients"", ""value_for_portion"": 0.0, ""value_per_100g"": 0.0}, ""kcal_100g"": {""label"": ""Other source"", ""source_name"": ""USDA FoodData Central SR Legacy"", ""source_record_id"": ""USDA_FC001237_173647"", ""source_url"": ""https://fdc.nal.usda.gov/food-details/173647/nutrients"", ""value_for_portion"": 0.0, ""value_per_100g"": 0.0}, ""protein_g_100g"": {""label"": ""Other source"", ""source_name"": ""USDA FoodData Central SR Legacy"", ""source_record_id"": ""USDA_FC001237_173647"", ""source_url"": ""https://fdc.nal.usda.gov/food-details/173647/nutrients"", ""value_for_portion"": 0.0, ""value_per_100g"": 0.0}, ""sodium_mg_100g"": {""label"": ""Other source"", ""source_name"": ""USDA FoodData Central SR Legacy"", ""source_record_id"": ""USDA_FC001237_173647"", ""source_url"": ""https://fdc.nal.usda.gov/food-details/173647/nutrients"", ""value_for_portion"": 4.0, ""value_per_100g"": 4.0}, ""sugar_g_100g"": {""label"": ""Other source"", ""source_name"": ""USDA FoodData Central SR Legacy"", ""source_record_id"": ""USDA_FC001237_173647"", ""source_url"": ""https://fdc.nal.usda.gov/food-details/173647/nutrients"", ""value_for_portion"": 0.0, ""value_per_100g"": 0.0}}"
EST_PANTRY_20260918_047_V1,FC000093,Fresh cow's milk,160,65.0,3.3,4.8,3.6,0.0,4.5,52.0,34.0,"{""carbs_g_100g"": {""label"": ""Verified"", ""source_name"": ""DOST-FNRI PhilFCT"", ""source_record_id"": ""J014"", ""source_url"": ""https://i.fnri.dost.gov.ph/fct/library/report/4248"", ""value_for_portion"": 4.8, ""value_per_100g"": 4.8}, ""cholesterol_mg_100g"": {""label"": ""Verified"", ""source_name"": ""DOST-FNRI PhilFCT"", ""source_record_id"": ""J014"", ""source_url"": ""https://i.fnri.dost.gov.ph/fct/library/report/4248"", ""value_for_portion"": 34.0, ""value_per_100g"": 34.0}, ""fat_g_100g"": {""label"": ""Verified"", ""source_name"": ""DOST-FNRI PhilFCT"", ""source_record_id"": ""J014"", ""source_url"": ""https://i.fnri.dost.gov.ph/fct/library/report/4248"", ""value_for_portion"": 3.6, ""value_per_100g"": 3.6}, ""fiber_g_100g"": {""label"": ""Verified"", ""source_name"": ""DOST-FNRI PhilFCT"", ""source_record_id"": ""J014"", ""source_url"": ""https://i.fnri.dost.gov.ph/fct/library/report/4248"", ""value_for_portion"": 0.0, ""value_per_100g"": 0.0}, ""kcal_100g"": {""label"": ""Verified"", ""source_name"": ""DOST-FNRI PhilFCT"", ""source_record_id"": ""J014"", ""source_url"": ""https://i.fnri.dost.gov.ph/fct/library/report/4248"", ""value_for_portion"": 65.0, ""value_per_100g"": 65.0}, ""protein_g_100g"": {""label"": ""Verified"", ""source_name"": ""DOST-FNRI PhilFCT"", ""source_record_id"": ""J014"", ""source_url"": ""https://i.fnri.dost.gov.ph/fct/library/report/4248"", ""value_for_portion"": 3.3, ""value_per_100g"": 3.3}, ""sodium_mg_100g"": {""label"": ""Verified"", ""source_name"": ""DOST-FNRI PhilFCT"", ""source_record_id"": ""J014"", ""source_url"": ""https://i.fnri.dost.gov.ph/fct/library/report/4248"", ""value_for_portion"": 52.0, ""value_per_100g"": 52.0}, ""sugar_g_100g"": {""label"": ""Verified"", ""source_name"": ""DOST-FNRI PhilFCT"", ""source_record_id"": ""J014"", ""source_url"": ""https://i.fnri.dost.gov.ph/fct/library/report/4248"", ""value_for_portion"": 4.5, ""value_per_100g"": 4.5}}"
EST_PANTRY_20260918_047_V1,FC001897,"Syrups, chocolate, fudge-type",40,350.0,4.6,62.9,8.9,2.8,34.82,346.0,1.0,"{""carbs_g_100g"": {""label"": ""Other source"", ""source_name"": ""USDA FoodData Central SR Legacy"", ""source_record_id"": ""USDA_FC001897_168835"", ""source_url"": ""https://fdc.nal.usda.gov/food-details/168835/nutrients"", ""value_for_portion"": 62.9, ""value_per_100g"": 62.9}, ""cholesterol_mg_100g"": {""label"": ""Other source"", ""source_name"": ""USDA FoodData Central SR Legacy"", ""source_record_id"": ""USDA_FC001897_168835"", ""source_url"": ""https://fdc.nal.usda.gov/food-details/168835/nutrients"", ""value_for_portion"": 1.0, ""value_per_100g"": 1.0}, ""fat_g_100g"": {""label"": ""Other source"", ""source_name"": ""USDA FoodData Central SR Legacy"", ""source_record_id"": ""USDA_FC001897_168835"", ""source_url"": ""https://fdc.nal.usda.gov/food-details/168835/nutrients"", ""value_for_portion"": 8.9, ""value_per_100g"": 8.9}, ""fiber_g_100g"": {""label"": ""Other source"", ""source_name"": ""USDA FoodData Central SR Legacy"", ""source_record_id"": ""USDA_FC001897_168835"", ""source_url"": ""https://fdc.nal.usda.gov/food-details/168835/nutrients"", ""value_for_portion"": 2.8, ""value_per_100g"": 2.8}, ""kcal_100g"": {""label"": ""Other source"", ""source_name"": ""USDA FoodData Central SR Legacy"", ""source_record_id"": ""USDA_FC001897_168835"", ""source_url"": ""https://fdc.nal.usda.gov/food-details/168835/nutrients"", ""value_for_portion"": 350.0, ""value_per_100g"": 350.0}, ""protein_g_100g"": {""label"": ""Other source"", ""source_name"": ""USDA FoodData Central SR Legacy"", ""source_record_id"": ""USDA_FC001897_168835"", ""source_url"": ""https://fdc.nal.usda.gov/food-details/168835/nutrients"", ""value_for_portion"": 4.6, ""value_per_100g"": 4.6}, ""sodium_mg_100g"": {""label"": ""Other source"", ""source_name"": ""USDA FoodData Central SR Legacy"", ""source_record_id"": ""USDA_FC001897_168835"", ""source_url"": ""https://fdc.nal.usda.gov/food-details/168835/nutrients"", ""value_for_portion"": 346.0, ""value_per_100g"": 346.0}, ""sugar_g_100g"": {""label"": ""Other source"", ""source_name"": ""USDA FoodData Central SR Legacy"", ""source_record_id"": ""USDA_FC001897_168835"", ""source_url"": ""https://fdc.nal.usda.gov/food-details/168835/nutrients"", ""value_for_portion"": 34.82, ""value_per_100g"": 34.82}}"
EST_PANTRY_20260918_047_V1,FC000599,Cream,25,241.0,2.3,4.2,23.9,0.0,3.0,39.0,,"{""carbs_g_100g"": {""label"": ""Verified"", ""source_name"": ""DOST-FNRI PhilFCT"", ""source_record_id"": ""J007"", ""source_url"": ""https://i.fnri.dost.gov.ph/fct/library/report/4241"", ""value_for_portion"": 4.2, ""value_per_100g"": 4.2}, ""cholesterol_mg_100g"": {""label"": ""Unknown"", ""source_name"": null, ""source_record_id"": null, ""source_url"": null, ""value_for_portion"": null, ""value_per_100g"": null}, ""fat_g_100g"": {""label"": ""Verified"", ""source_name"": ""DOST-FNRI PhilFCT"", ""source_record_id"": ""J007"", ""source_url"": ""https://i.fnri.dost.gov.ph/fct/library/report/4241"", ""value_for_portion"": 23.9, ""value_per_100g"": 23.9}, ""fiber_g_100g"": {""label"": ""Verified"", ""source_name"": ""DOST-FNRI PhilFCT"", ""source_record_id"": ""J007"", ""source_url"": ""https://i.fnri.dost.gov.ph/fct/library/report/4241"", ""value_for_portion"": 0.0, ""value_per_100g"": 0.0}, ""kcal_100g"": {""label"": ""Verified"", ""source_name"": ""DOST-FNRI PhilFCT"", ""source_record_id"": ""J007"", ""source_url"": ""https://i.fnri.dost.gov.ph/fct/library/report/4241"", ""value_for_portion"": 241.0, ""value_per_100g"": 241.0}, ""protein_g_100g"": {""label"": ""Verified"", ""source_name"": ""DOST-FNRI PhilFCT"", ""source_record_id"": ""J007"", ""source_url"": ""https://i.fnri.dost.gov.ph/fct/library/report/4241"", ""value_for_portion"": 2.3, ""value_per_100g"": 2.3}, ""sodium_mg_100g"": {""label"": ""Verified"", ""source_name"": ""DOST-FNRI PhilFCT"", ""source_record_id"": ""J007"", ""source_url"": ""https://i.fnri.dost.gov.ph/fct/library/report/4241"", ""value_for_portion"": 39.0, ""value_per_100g"": 39.0}, ""sugar_g_100g"": {""label"": ""Verified"", ""source_name"": ""DOST-FNRI PhilFCT"", ""source_record_id"": ""J007"", ""source_url"": ""https://i.fnri.dost.gov.ph/fct/library/report/4241"", ""value_for_portion"": 3.0, ""value_per_100g"": 3.0}}"
EST_PANTRY_20260918_047_V1,FC001237,"Beverages, water, tap, drinking",130,0.0,0.0,0.0,0.0,0.0,0.0,4.0,0.0,"{""carbs_g_100g"": {""label"": ""Other source"", ""source_name"": ""USDA FoodData Central SR Legacy"", ""source_record_id"": ""USDA_FC001237_173647"", ""source_url"": ""https://fdc.nal.usda.gov/food-details/173647/nutrients"", ""value_for_portion"": 0.0, ""value_per_100g"": 0.0}, ""cholesterol_mg_100g"": {""label"": ""Other source"", ""source_name"": ""USDA FoodData Central SR Legacy"", ""source_record_id"": ""USDA_FC001237_173647"", ""source_url"": ""https://fdc.nal.usda.gov/food-details/173647/nutrients"", ""value_for_portion"": 0.0, ""value_per_100g"": 0.0}, ""fat_g_100g"": {""label"": ""Other source"", ""source_name"": ""USDA FoodData Central SR Legacy"", ""source_record_id"": ""USDA_FC001237_173647"", ""source_url"": ""https://fdc.nal.usda.gov/food-details/173647/nutrients"", ""value_for_portion"": 0.0, ""value_per_100g"": 0.0}, ""fiber_g_100g"": {""label"": ""Other source"", ""source_name"": ""USDA FoodData Central SR Legacy"", ""source_record_id"": ""USDA_FC001237_173647"", ""source_url"": ""https://fdc.nal.usda.gov/food-details/173647/nutrients"", ""value_for_portion"": 0.0, ""value_per_100g"": 0.0}, ""kcal_100g"": {""label"": ""Other source"", ""source_name"": ""USDA FoodData Central SR Legacy"", ""source_record_id"": ""USDA_FC001237_173647"", ""source_url"": ""https://fdc.nal.usda.gov/food-details/173647/nutrients"", ""value_for_portion"": 0.0, ""value_per_100g"": 0.0}, ""protein_g_100g"": {""label"": ""Other source"", ""source_name"": ""USDA FoodData Central SR Legacy"", ""source_record_id"": ""USDA_FC001237_173647"", ""source_url"": ""https://fdc.nal.usda.gov/food-details/173647/nutrients"", ""value_for_portion"": 0.0, ""value_per_100g"": 0.0}, ""sodium_mg_100g"": {""label"": ""Other source"", ""source_name"": ""USDA FoodData Central SR Legacy"", ""source_record_id"": ""USDA_FC001237_173647"", ""source_url"": ""https://fdc.nal.usda.gov/food-details/173647/nutrients"", ""value_for_portion"": 4.0, ""value_per_100g"": 4.0}, ""sugar_g_100g"": {""label"": ""Other source"", ""source_name"": ""USDA FoodData Central SR Legacy"", ""source_record_id"": ""USDA_FC001237_173647"", ""source_url"": ""https://fdc.nal.usda.gov/food-details/173647/nutrients"", ""value_for_portion"": 0.0, ""value_per_100g"": 0.0}}"
EST_PANTRY_20260918_048_V1,FC001232,"Beverages, coffee, brewed, espresso, restaurant-prepared",40,9.0,0.12,1.67,0.18,0.0,0.0,14.0,0.0,"{""carbs_g_100g"": {""label"": ""Other source"", ""source_name"": ""USDA FoodData Central SR Legacy"", ""source_record_id"": ""USDA_FC001232_171891"", ""source_url"": ""https://fdc.nal.usda.gov/food-details/171891/nutrients"", ""value_for_portion"": 1.67, ""value_per_100g"": 1.67}, ""cholesterol_mg_100g"": {""label"": ""Other source"", ""source_name"": ""USDA FoodData Central SR Legacy"", ""source_record_id"": ""USDA_FC001232_171891"", ""source_url"": ""https://fdc.nal.usda.gov/food-details/171891/nutrients"", ""value_for_portion"": 0.0, ""value_per_100g"": 0.0}, ""fat_g_100g"": {""label"": ""Other source"", ""source_name"": ""USDA FoodData Central SR Legacy"", ""source_record_id"": ""USDA_FC001232_171891"", ""source_url"": ""https://fdc.nal.usda.gov/food-details/171891/nutrients"", ""value_for_portion"": 0.18, ""value_per_100g"": 0.18}, ""fiber_g_100g"": {""label"": ""Other source"", ""source_name"": ""USDA FoodData Central SR Legacy"", ""source_record_id"": ""USDA_FC001232_171891"", ""source_url"": ""https://fdc.nal.usda.gov/food-details/171891/nutrients"", ""value_for_portion"": 0.0, ""value_per_100g"": 0.0}, ""kcal_100g"": {""label"": ""Other source"", ""source_name"": ""USDA FoodData Central SR Legacy"", ""source_record_id"": ""USDA_FC001232_171891"", ""source_url"": ""https://fdc.nal.usda.gov/food-details/171891/nutrients"", ""value_for_portion"": 9.0, ""value_per_100g"": 9.0}, ""protein_g_100g"": {""label"": ""Other source"", ""source_name"": ""USDA FoodData Central SR Legacy"", ""source_record_id"": ""USDA_FC001232_171891"", ""source_url"": ""https://fdc.nal.usda.gov/food-details/171891/nutrients"", ""value_for_portion"": 0.12, ""value_per_100g"": 0.12}, ""sodium_mg_100g"": {""label"": ""Other source"", ""source_name"": ""USDA FoodData Central SR Legacy"", ""source_record_id"": ""USDA_FC001232_171891"", ""source_url"": ""https://fdc.nal.usda.gov/food-details/171891/nutrients"", ""value_for_portion"": 14.0, ""value_per_100g"": 14.0}, ""sugar_g_100g"": {""label"": ""Other source"", ""source_name"": ""USDA FoodData Central SR Legacy"", ""source_record_id"": ""USDA_FC001232_171891"", ""source_url"": ""https://fdc.nal.usda.gov/food-details/171891/nutrients"", ""value_for_portion"": 0.0, ""value_per_100g"": 0.0}}"
EST_PANTRY_20260918_048_V1,FC000093,Fresh cow's milk,150,65.0,3.3,4.8,3.6,0.0,4.5,52.0,34.0,"{""carbs_g_100g"": {""label"": ""Verified"", ""source_name"": ""DOST-FNRI PhilFCT"", ""source_record_id"": ""J014"", ""source_url"": ""https://i.fnri.dost.gov.ph/fct/library/report/4248"", ""value_for_portion"": 4.8, ""value_per_100g"": 4.8}, ""cholesterol_mg_100g"": {""label"": ""Verified"", ""source_name"": ""DOST-FNRI PhilFCT"", ""source_record_id"": ""J014"", ""source_url"": ""https://i.fnri.dost.gov.ph/fct/library/report/4248"", ""value_for_portion"": 34.0, ""value_per_100g"": 34.0}, ""fat_g_100g"": {""label"": ""Verified"", ""source_name"": ""DOST-FNRI PhilFCT"", ""source_record_id"": ""J014"", ""source_url"": ""https://i.fnri.dost.gov.ph/fct/library/report/4248"", ""value_for_portion"": 3.6, ""value_per_100g"": 3.6}, ""fiber_g_100g"": {""label"": ""Verified"", ""source_name"": ""DOST-FNRI PhilFCT"", ""source_record_id"": ""J014"", ""source_url"": ""https://i.fnri.dost.gov.ph/fct/library/report/4248"", ""value_for_portion"": 0.0, ""value_per_100g"": 0.0}, ""kcal_100g"": {""label"": ""Verified"", ""source_name"": ""DOST-FNRI PhilFCT"", ""source_record_id"": ""J014"", ""source_url"": ""https://i.fnri.dost.gov.ph/fct/library/report/4248"", ""value_for_portion"": 65.0, ""value_per_100g"": 65.0}, ""protein_g_100g"": {""label"": ""Verified"", ""source_name"": ""DOST-FNRI PhilFCT"", ""source_record_id"": ""J014"", ""source_url"": ""https://i.fnri.dost.gov.ph/fct/library/report/4248"", ""value_for_portion"": 3.3, ""value_per_100g"": 3.3}, ""sodium_mg_100g"": {""label"": ""Verified"", ""source_name"": ""DOST-FNRI PhilFCT"", ""source_record_id"": ""J014"", ""source_url"": ""https://i.fnri.dost.gov.ph/fct/library/report/4248"", ""value_for_portion"": 52.0, ""value_per_100g"": 52.0}, ""sugar_g_100g"": {""label"": ""Verified"", ""source_name"": ""DOST-FNRI PhilFCT"", ""source_record_id"": ""J014"", ""source_url"": ""https://i.fnri.dost.gov.ph/fct/library/report/4248"", ""value_for_portion"": 4.5, ""value_per_100g"": 4.5}}"
EST_PANTRY_20260918_048_V1,FC000605,"Milk, sweetn, cond, filled",35,334.0,8.5,59.3,7.0,0.0,57.2,109.0,27.0,"{""carbs_g_100g"": {""label"": ""Verified"", ""source_name"": ""DOST-FNRI PhilFCT"", ""source_record_id"": ""J025"", ""source_url"": ""https://i.fnri.dost.gov.ph/fct/library/report/4259"", ""value_for_portion"": 59.3, ""value_per_100g"": 59.3}, ""cholesterol_mg_100g"": {""label"": ""Verified"", ""source_name"": ""DOST-FNRI PhilFCT"", ""source_record_id"": ""J025"", ""source_url"": ""https://i.fnri.dost.gov.ph/fct/library/report/4259"", ""value_for_portion"": 27.0, ""value_per_100g"": 27.0}, ""fat_g_100g"": {""label"": ""Verified"", ""source_name"": ""DOST-FNRI PhilFCT"", ""source_record_id"": ""J025"", ""source_url"": ""https://i.fnri.dost.gov.ph/fct/library/report/4259"", ""value_for_portion"": 7.0, ""value_per_100g"": 7.0}, ""fiber_g_100g"": {""label"": ""Verified"", ""source_name"": ""DOST-FNRI PhilFCT"", ""source_record_id"": ""J025"", ""source_url"": ""https://i.fnri.dost.gov.ph/fct/library/report/4259"", ""value_for_portion"": 0.0, ""value_per_100g"": 0.0}, ""kcal_100g"": {""label"": ""Verified"", ""source_name"": ""DOST-FNRI PhilFCT"", ""source_record_id"": ""J025"", ""source_url"": ""https://i.fnri.dost.gov.ph/fct/library/report/4259"", ""value_for_portion"": 334.0, ""value_per_100g"": 334.0}, ""protein_g_100g"": {""label"": ""Verified"", ""source_name"": ""DOST-FNRI PhilFCT"", ""source_record_id"": ""J025"", ""source_url"": ""https://i.fnri.dost.gov.ph/fct/library/report/4259"", ""value_for_portion"": 8.5, ""value_per_100g"": 8.5}, ""sodium_mg_100g"": {""label"": ""Verified"", ""source_name"": ""DOST-FNRI PhilFCT"", ""source_record_id"": ""J025"", ""source_url"": ""https://i.fnri.dost.gov.ph/fct/library/report/4259"", ""value_for_portion"": 109.0, ""value_per_100g"": 109.0}, ""sugar_g_100g"": {""label"": ""Verified"", ""source_name"": ""DOST-FNRI PhilFCT"", ""source_record_id"": ""J025"", ""source_url"": ""https://i.fnri.dost.gov.ph/fct/library/report/4259"", ""value_for_portion"": 57.2, ""value_per_100g"": 57.2}}"
EST_PANTRY_20260918_048_V1,FC001237,"Beverages, water, tap, drinking",100,0.0,0.0,0.0,0.0,0.0,0.0,4.0,0.0,"{""carbs_g_100g"": {""label"": ""Other source"", ""source_name"": ""USDA FoodData Central SR Legacy"", ""source_record_id"": ""USDA_FC001237_173647"", ""source_url"": ""https://fdc.nal.usda.gov/food-details/173647/nutrients"", ""value_for_portion"": 0.0, ""value_per_100g"": 0.0}, ""cholesterol_mg_100g"": {""label"": ""Other source"", ""source_name"": ""USDA FoodData Central SR Legacy"", ""source_record_id"": ""USDA_FC001237_173647"", ""source_url"": ""https://fdc.nal.usda.gov/food-details/173647/nutrients"", ""value_for_portion"": 0.0, ""value_per_100g"": 0.0}, ""fat_g_100g"": {""label"": ""Other source"", ""source_name"": ""USDA FoodData Central SR Legacy"", ""source_record_id"": ""USDA_FC001237_173647"", ""source_url"": ""https://fdc.nal.usda.gov/food-details/173647/nutrients"", ""value_for_portion"": 0.0, ""value_per_100g"": 0.0}, ""fiber_g_100g"": {""label"": ""Other source"", ""source_name"": ""USDA FoodData Central SR Legacy"", ""source_record_id"": ""USDA_FC001237_173647"", ""source_url"": ""https://fdc.nal.usda.gov/food-details/173647/nutrients"", ""value_for_portion"": 0.0, ""value_per_100g"": 0.0}, ""kcal_100g"": {""label"": ""Other source"", ""source_name"": ""USDA FoodData Central SR Legacy"", ""source_record_id"": ""USDA_FC001237_173647"", ""source_url"": ""https://fdc.nal.usda.gov/food-details/173647/nutrients"", ""value_for_portion"": 0.0, ""value_per_100g"": 0.0}, ""protein_g_100g"": {""label"": ""Other source"", ""source_name"": ""USDA FoodData Central SR Legacy"", ""source_record_id"": ""USDA_FC001237_173647"", ""source_url"": ""https://fdc.nal.usda.gov/food-details/173647/nutrients"", ""value_for_portion"": 0.0, ""value_per_100g"": 0.0}, ""sodium_mg_100g"": {""label"": ""Other source"", ""source_name"": ""USDA FoodData Central SR Legacy"", ""source_record_id"": ""USDA_FC001237_173647"", ""source_url"": ""https://fdc.nal.usda.gov/food-details/173647/nutrients"", ""value_for_portion"": 4.0, ""value_per_100g"": 4.0}, ""sugar_g_100g"": {""label"": ""Other source"", ""source_name"": ""USDA FoodData Central SR Legacy"", ""source_record_id"": ""USDA_FC001237_173647"", ""source_url"": ""https://fdc.nal.usda.gov/food-details/173647/nutrients"", ""value_for_portion"": 0.0, ""value_per_100g"": 0.0}}"
EST_PANTRY_20260918_049_V1,FC001232,"Beverages, coffee, brewed, espresso, restaurant-prepared",40,9.0,0.12,1.67,0.18,0.0,0.0,14.0,0.0,"{""carbs_g_100g"": {""label"": ""Other source"", ""source_name"": ""USDA FoodData Central SR Legacy"", ""source_record_id"": ""USDA_FC001232_171891"", ""source_url"": ""https://fdc.nal.usda.gov/food-details/171891/nutrients"", ""value_for_portion"": 1.67, ""value_per_100g"": 1.67}, ""cholesterol_mg_100g"": {""label"": ""Other source"", ""source_name"": ""USDA FoodData Central SR Legacy"", ""source_record_id"": ""USDA_FC001232_171891"", ""source_url"": ""https://fdc.nal.usda.gov/food-details/171891/nutrients"", ""value_for_portion"": 0.0, ""value_per_100g"": 0.0}, ""fat_g_100g"": {""label"": ""Other source"", ""source_name"": ""USDA FoodData Central SR Legacy"", ""source_record_id"": ""USDA_FC001232_171891"", ""source_url"": ""https://fdc.nal.usda.gov/food-details/171891/nutrients"", ""value_for_portion"": 0.18, ""value_per_100g"": 0.18}, ""fiber_g_100g"": {""label"": ""Other source"", ""source_name"": ""USDA FoodData Central SR Legacy"", ""source_record_id"": ""USDA_FC001232_171891"", ""source_url"": ""https://fdc.nal.usda.gov/food-details/171891/nutrients"", ""value_for_portion"": 0.0, ""value_per_100g"": 0.0}, ""kcal_100g"": {""label"": ""Other source"", ""source_name"": ""USDA FoodData Central SR Legacy"", ""source_record_id"": ""USDA_FC001232_171891"", ""source_url"": ""https://fdc.nal.usda.gov/food-details/171891/nutrients"", ""value_for_portion"": 9.0, ""value_per_100g"": 9.0}, ""protein_g_100g"": {""label"": ""Other source"", ""source_name"": ""USDA FoodData Central SR Legacy"", ""source_record_id"": ""USDA_FC001232_171891"", ""source_url"": ""https://fdc.nal.usda.gov/food-details/171891/nutrients"", ""value_for_portion"": 0.12, ""value_per_100g"": 0.12}, ""sodium_mg_100g"": {""label"": ""Other source"", ""source_name"": ""USDA FoodData Central SR Legacy"", ""source_record_id"": ""USDA_FC001232_171891"", ""source_url"": ""https://fdc.nal.usda.gov/food-details/171891/nutrients"", ""value_for_portion"": 14.0, ""value_per_100g"": 14.0}, ""sugar_g_100g"": {""label"": ""Other source"", ""source_name"": ""USDA FoodData Central SR Legacy"", ""source_record_id"": ""USDA_FC001232_171891"", ""source_url"": ""https://fdc.nal.usda.gov/food-details/171891/nutrients"", ""value_for_portion"": 0.0, ""value_per_100g"": 0.0}}"
EST_PANTRY_20260918_049_V1,FC000093,Fresh cow's milk,160,65.0,3.3,4.8,3.6,0.0,4.5,52.0,34.0,"{""carbs_g_100g"": {""label"": ""Verified"", ""source_name"": ""DOST-FNRI PhilFCT"", ""source_record_id"": ""J014"", ""source_url"": ""https://i.fnri.dost.gov.ph/fct/library/report/4248"", ""value_for_portion"": 4.8, ""value_per_100g"": 4.8}, ""cholesterol_mg_100g"": {""label"": ""Verified"", ""source_name"": ""DOST-FNRI PhilFCT"", ""source_record_id"": ""J014"", ""source_url"": ""https://i.fnri.dost.gov.ph/fct/library/report/4248"", ""value_for_portion"": 34.0, ""value_per_100g"": 34.0}, ""fat_g_100g"": {""label"": ""Verified"", ""source_name"": ""DOST-FNRI PhilFCT"", ""source_record_id"": ""J014"", ""source_url"": ""https://i.fnri.dost.gov.ph/fct/library/report/4248"", ""value_for_portion"": 3.6, ""value_per_100g"": 3.6}, ""fiber_g_100g"": {""label"": ""Verified"", ""source_name"": ""DOST-FNRI PhilFCT"", ""source_record_id"": ""J014"", ""source_url"": ""https://i.fnri.dost.gov.ph/fct/library/report/4248"", ""value_for_portion"": 0.0, ""value_per_100g"": 0.0}, ""kcal_100g"": {""label"": ""Verified"", ""source_name"": ""DOST-FNRI PhilFCT"", ""source_record_id"": ""J014"", ""source_url"": ""https://i.fnri.dost.gov.ph/fct/library/report/4248"", ""value_for_portion"": 65.0, ""value_per_100g"": 65.0}, ""protein_g_100g"": {""label"": ""Verified"", ""source_name"": ""DOST-FNRI PhilFCT"", ""source_record_id"": ""J014"", ""source_url"": ""https://i.fnri.dost.gov.ph/fct/library/report/4248"", ""value_for_portion"": 3.3, ""value_per_100g"": 3.3}, ""sodium_mg_100g"": {""label"": ""Verified"", ""source_name"": ""DOST-FNRI PhilFCT"", ""source_record_id"": ""J014"", ""source_url"": ""https://i.fnri.dost.gov.ph/fct/library/report/4248"", ""value_for_portion"": 52.0, ""value_per_100g"": 52.0}, ""sugar_g_100g"": {""label"": ""Verified"", ""source_name"": ""DOST-FNRI PhilFCT"", ""source_record_id"": ""J014"", ""source_url"": ""https://i.fnri.dost.gov.ph/fct/library/report/4248"", ""value_for_portion"": 4.5, ""value_per_100g"": 4.5}}"
EST_PANTRY_20260918_049_V1,FC001906,"Toppings, butterscotch or caramel",30,216.0,1.21,57.01,0.0,0.0,57.0,341.0,0.0,"{""carbs_g_100g"": {""label"": ""Other source"", ""source_name"": ""USDA FoodData Central SR Legacy"", ""source_record_id"": ""USDA_FC001906_168841"", ""source_url"": ""https://fdc.nal.usda.gov/food-details/168841/nutrients"", ""value_for_portion"": 57.01, ""value_per_100g"": 57.01}, ""cholesterol_mg_100g"": {""label"": ""Other source"", ""source_name"": ""USDA FoodData Central SR Legacy"", ""source_record_id"": ""USDA_FC001906_168841"", ""source_url"": ""https://fdc.nal.usda.gov/food-details/168841/nutrients"", ""value_for_portion"": 0.0, ""value_per_100g"": 0.0}, ""fat_g_100g"": {""label"": ""Other source"", ""source_name"": ""USDA FoodData Central SR Legacy"", ""source_record_id"": ""USDA_FC001906_168841"", ""source_url"": ""https://fdc.nal.usda.gov/food-details/168841/nutrients"", ""value_for_portion"": 0.0, ""value_per_100g"": 0.0}, ""fiber_g_100g"": {""label"": ""Other source"", ""source_name"": ""USDA FoodData Central SR Legacy"", ""source_record_id"": ""USDA_FC001906_168841"", ""source_url"": ""https://fdc.nal.usda.gov/food-details/168841/nutrients"", ""value_for_portion"": 0.0, ""value_per_100g"": 0.0}, ""kcal_100g"": {""label"": ""Other source"", ""source_name"": ""USDA FoodData Central SR Legacy"", ""source_record_id"": ""USDA_FC001906_168841"", ""source_url"": ""https://fdc.nal.usda.gov/food-details/168841/nutrients"", ""value_for_portion"": 216.0, ""value_per_100g"": 216.0}, ""protein_g_100g"": {""label"": ""Other source"", ""source_name"": ""USDA FoodData Central SR Legacy"", ""source_record_id"": ""USDA_FC001906_168841"", ""source_url"": ""https://fdc.nal.usda.gov/food-details/168841/nutrients"", ""value_for_portion"": 1.21, ""value_per_100g"": 1.21}, ""sodium_mg_100g"": {""label"": ""Other source"", ""source_name"": ""USDA FoodData Central SR Legacy"", ""source_record_id"": ""USDA_FC001906_168841"", ""source_url"": ""https://fdc.nal.usda.gov/food-details/168841/nutrients"", ""value_for_portion"": 341.0, ""value_per_100g"": 341.0}, ""sugar_g_100g"": {""label"": ""Other source"", ""source_name"": ""USDA FoodData Central SR Legacy"", ""source_record_id"": ""USDA_FC001906_168841"", ""source_url"": ""https://fdc.nal.usda.gov/food-details/168841/nutrients"", ""value_for_portion"": 57.0, ""value_per_100g"": 57.0}}"
EST_PANTRY_20260918_049_V1,FC001237,"Beverages, water, tap, drinking",100,0.0,0.0,0.0,0.0,0.0,0.0,4.0,0.0,"{""carbs_g_100g"": {""label"": ""Other source"", ""source_name"": ""USDA FoodData Central SR Legacy"", ""source_record_id"": ""USDA_FC001237_173647"", ""source_url"": ""https://fdc.nal.usda.gov/food-details/173647/nutrients"", ""value_for_portion"": 0.0, ""value_per_100g"": 0.0}, ""cholesterol_mg_100g"": {""label"": ""Other source"", ""source_name"": ""USDA FoodData Central SR Legacy"", ""source_record_id"": ""USDA_FC001237_173647"", ""source_url"": ""https://fdc.nal.usda.gov/food-details/173647/nutrients"", ""value_for_portion"": 0.0, ""value_per_100g"": 0.0}, ""fat_g_100g"": {""label"": ""Other source"", ""source_name"": ""USDA FoodData Central SR Legacy"", ""source_record_id"": ""USDA_FC001237_173647"", ""source_url"": ""https://fdc.nal.usda.gov/food-details/173647/nutrients"", ""value_for_portion"": 0.0, ""value_per_100g"": 0.0}, ""fiber_g_100g"": {""label"": ""Other source"", ""source_name"": ""USDA FoodData Central SR Legacy"", ""source_record_id"": ""USDA_FC001237_173647"", ""source_url"": ""https://fdc.nal.usda.gov/food-details/173647/nutrients"", ""value_for_portion"": 0.0, ""value_per_100g"": 0.0}, ""kcal_100g"": {""label"": ""Other source"", ""source_name"": ""USDA FoodData Central SR Legacy"", ""source_record_id"": ""USDA_FC001237_173647"", ""source_url"": ""https://fdc.nal.usda.gov/food-details/173647/nutrients"", ""value_for_portion"": 0.0, ""value_per_100g"": 0.0}, ""protein_g_100g"": {""label"": ""Other source"", ""source_name"": ""USDA FoodData Central SR Legacy"", ""source_record_id"": ""USDA_FC001237_173647"", ""source_url"": ""https://fdc.nal.usda.gov/food-details/173647/nutrients"", ""value_for_portion"": 0.0, ""value_per_100g"": 0.0}, ""sodium_mg_100g"": {""label"": ""Other source"", ""source_name"": ""USDA FoodData Central SR Legacy"", ""source_record_id"": ""USDA_FC001237_173647"", ""source_url"": ""https://fdc.nal.usda.gov/food-details/173647/nutrients"", ""value_for_portion"": 4.0, ""value_per_100g"": 4.0}, ""sugar_g_100g"": {""label"": ""Other source"", ""source_name"": ""USDA FoodData Central SR Legacy"", ""source_record_id"": ""USDA_FC001237_173647"", ""source_url"": ""https://fdc.nal.usda.gov/food-details/173647/nutrients"", ""value_for_portion"": 0.0, ""value_per_100g"": 0.0}}"
EST_PANTRY_20260918_050_V1,FC001232,"Beverages, coffee, brewed, espresso, restaurant-prepared",40,9.0,0.12,1.67,0.18,0.0,0.0,14.0,0.0,"{""carbs_g_100g"": {""label"": ""Other source"", ""source_name"": ""USDA FoodData Central SR Legacy"", ""source_record_id"": ""USDA_FC001232_171891"", ""source_url"": ""https://fdc.nal.usda.gov/food-details/171891/nutrients"", ""value_for_portion"": 1.67, ""value_per_100g"": 1.67}, ""cholesterol_mg_100g"": {""label"": ""Other source"", ""source_name"": ""USDA FoodData Central SR Legacy"", ""source_record_id"": ""USDA_FC001232_171891"", ""source_url"": ""https://fdc.nal.usda.gov/food-details/171891/nutrients"", ""value_for_portion"": 0.0, ""value_per_100g"": 0.0}, ""fat_g_100g"": {""label"": ""Other source"", ""source_name"": ""USDA FoodData Central SR Legacy"", ""source_record_id"": ""USDA_FC001232_171891"", ""source_url"": ""https://fdc.nal.usda.gov/food-details/171891/nutrients"", ""value_for_portion"": 0.18, ""value_per_100g"": 0.18}, ""fiber_g_100g"": {""label"": ""Other source"", ""source_name"": ""USDA FoodData Central SR Legacy"", ""source_record_id"": ""USDA_FC001232_171891"", ""source_url"": ""https://fdc.nal.usda.gov/food-details/171891/nutrients"", ""value_for_portion"": 0.0, ""value_per_100g"": 0.0}, ""kcal_100g"": {""label"": ""Other source"", ""source_name"": ""USDA FoodData Central SR Legacy"", ""source_record_id"": ""USDA_FC001232_171891"", ""source_url"": ""https://fdc.nal.usda.gov/food-details/171891/nutrients"", ""value_for_portion"": 9.0, ""value_per_100g"": 9.0}, ""protein_g_100g"": {""label"": ""Other source"", ""source_name"": ""USDA FoodData Central SR Legacy"", ""source_record_id"": ""USDA_FC001232_171891"", ""source_url"": ""https://fdc.nal.usda.gov/food-details/171891/nutrients"", ""value_for_portion"": 0.12, ""value_per_100g"": 0.12}, ""sodium_mg_100g"": {""label"": ""Other source"", ""source_name"": ""USDA FoodData Central SR Legacy"", ""source_record_id"": ""USDA_FC001232_171891"", ""source_url"": ""https://fdc.nal.usda.gov/food-details/171891/nutrients"", ""value_for_portion"": 14.0, ""value_per_100g"": 14.0}, ""sugar_g_100g"": {""label"": ""Other source"", ""source_name"": ""USDA FoodData Central SR Legacy"", ""source_record_id"": ""USDA_FC001232_171891"", ""source_url"": ""https://fdc.nal.usda.gov/food-details/171891/nutrients"", ""value_for_portion"": 0.0, ""value_per_100g"": 0.0}}"
EST_PANTRY_20260918_050_V1,FC000093,Fresh cow's milk,160,65.0,3.3,4.8,3.6,0.0,4.5,52.0,34.0,"{""carbs_g_100g"": {""label"": ""Verified"", ""source_name"": ""DOST-FNRI PhilFCT"", ""source_record_id"": ""J014"", ""source_url"": ""https://i.fnri.dost.gov.ph/fct/library/report/4248"", ""value_for_portion"": 4.8, ""value_per_100g"": 4.8}, ""cholesterol_mg_100g"": {""label"": ""Verified"", ""source_name"": ""DOST-FNRI PhilFCT"", ""source_record_id"": ""J014"", ""source_url"": ""https://i.fnri.dost.gov.ph/fct/library/report/4248"", ""value_for_portion"": 34.0, ""value_per_100g"": 34.0}, ""fat_g_100g"": {""label"": ""Verified"", ""source_name"": ""DOST-FNRI PhilFCT"", ""source_record_id"": ""J014"", ""source_url"": ""https://i.fnri.dost.gov.ph/fct/library/report/4248"", ""value_for_portion"": 3.6, ""value_per_100g"": 3.6}, ""fiber_g_100g"": {""label"": ""Verified"", ""source_name"": ""DOST-FNRI PhilFCT"", ""source_record_id"": ""J014"", ""source_url"": ""https://i.fnri.dost.gov.ph/fct/library/report/4248"", ""value_for_portion"": 0.0, ""value_per_100g"": 0.0}, ""kcal_100g"": {""label"": ""Verified"", ""source_name"": ""DOST-FNRI PhilFCT"", ""source_record_id"": ""J014"", ""source_url"": ""https://i.fnri.dost.gov.ph/fct/library/report/4248"", ""value_for_portion"": 65.0, ""value_per_100g"": 65.0}, ""protein_g_100g"": {""label"": ""Verified"", ""source_name"": ""DOST-FNRI PhilFCT"", ""source_record_id"": ""J014"", ""source_url"": ""https://i.fnri.dost.gov.ph/fct/library/report/4248"", ""value_for_portion"": 3.3, ""value_per_100g"": 3.3}, ""sodium_mg_100g"": {""label"": ""Verified"", ""source_name"": ""DOST-FNRI PhilFCT"", ""source_record_id"": ""J014"", ""source_url"": ""https://i.fnri.dost.gov.ph/fct/library/report/4248"", ""value_for_portion"": 52.0, ""value_per_100g"": 52.0}, ""sugar_g_100g"": {""label"": ""Verified"", ""source_name"": ""DOST-FNRI PhilFCT"", ""source_record_id"": ""J014"", ""source_url"": ""https://i.fnri.dost.gov.ph/fct/library/report/4248"", ""value_for_portion"": 4.5, ""value_per_100g"": 4.5}}"
EST_PANTRY_20260918_050_V1,FC001881,"Candies, white chocolate",30,539.0,5.87,59.24,32.09,0.2,59.0,90.0,21.0,"{""carbs_g_100g"": {""label"": ""Other source"", ""source_name"": ""USDA FoodData Central SR Legacy"", ""source_record_id"": ""USDA_FC001881_167571"", ""source_url"": ""https://fdc.nal.usda.gov/food-details/167571/nutrients"", ""value_for_portion"": 59.24, ""value_per_100g"": 59.24}, ""cholesterol_mg_100g"": {""label"": ""Other source"", ""source_name"": ""USDA FoodData Central SR Legacy"", ""source_record_id"": ""USDA_FC001881_167571"", ""source_url"": ""https://fdc.nal.usda.gov/food-details/167571/nutrients"", ""value_for_portion"": 21.0, ""value_per_100g"": 21.0}, ""fat_g_100g"": {""label"": ""Other source"", ""source_name"": ""USDA FoodData Central SR Legacy"", ""source_record_id"": ""USDA_FC001881_167571"", ""source_url"": ""https://fdc.nal.usda.gov/food-details/167571/nutrients"", ""value_for_portion"": 32.09, ""value_per_100g"": 32.09}, ""fiber_g_100g"": {""label"": ""Other source"", ""source_name"": ""USDA FoodData Central SR Legacy"", ""source_record_id"": ""USDA_FC001881_167571"", ""source_url"": ""https://fdc.nal.usda.gov/food-details/167571/nutrients"", ""value_for_portion"": 0.2, ""value_per_100g"": 0.2}, ""kcal_100g"": {""label"": ""Other source"", ""source_name"": ""USDA FoodData Central SR Legacy"", ""source_record_id"": ""USDA_FC001881_167571"", ""source_url"": ""https://fdc.nal.usda.gov/food-details/167571/nutrients"", ""value_for_portion"": 539.0, ""value_per_100g"": 539.0}, ""protein_g_100g"": {""label"": ""Other source"", ""source_name"": ""USDA FoodData Central SR Legacy"", ""source_record_id"": ""USDA_FC001881_167571"", ""source_url"": ""https://fdc.nal.usda.gov/food-details/167571/nutrients"", ""value_for_portion"": 5.87, ""value_per_100g"": 5.87}, ""sodium_mg_100g"": {""label"": ""Other source"", ""source_name"": ""USDA FoodData Central SR Legacy"", ""source_record_id"": ""USDA_FC001881_167571"", ""source_url"": ""https://fdc.nal.usda.gov/food-details/167571/nutrients"", ""value_for_portion"": 90.0, ""value_per_100g"": 90.0}, ""sugar_g_100g"": {""label"": ""Other source"", ""source_name"": ""USDA FoodData Central SR Legacy"", ""source_record_id"": ""USDA_FC001881_167571"", ""source_url"": ""https://fdc.nal.usda.gov/food-details/167571/nutrients"", ""value_for_portion"": 59.0, ""value_per_100g"": 59.0}}"
EST_PANTRY_20260918_050_V1,FC001237,"Beverages, water, tap, drinking",100,0.0,0.0,0.0,0.0,0.0,0.0,4.0,0.0,"{""carbs_g_100g"": {""label"": ""Other source"", ""source_name"": ""USDA FoodData Central SR Legacy"", ""source_record_id"": ""USDA_FC001237_173647"", ""source_url"": ""https://fdc.nal.usda.gov/food-details/173647/nutrients"", ""value_for_portion"": 0.0, ""value_per_100g"": 0.0}, ""cholesterol_mg_100g"": {""label"": ""Other source"", ""source_name"": ""USDA FoodData Central SR Legacy"", ""source_record_id"": ""USDA_FC001237_173647"", ""source_url"": ""https://fdc.nal.usda.gov/food-details/173647/nutrients"", ""value_for_portion"": 0.0, ""value_per_100g"": 0.0}, ""fat_g_100g"": {""label"": ""Other source"", ""source_name"": ""USDA FoodData Central SR Legacy"", ""source_record_id"": ""USDA_FC001237_173647"", ""source_url"": ""https://fdc.nal.usda.gov/food-details/173647/nutrients"", ""value_for_portion"": 0.0, ""value_per_100g"": 0.0}, ""fiber_g_100g"": {""label"": ""Other source"", ""source_name"": ""USDA FoodData Central SR Legacy"", ""source_record_id"": ""USDA_FC001237_173647"", ""source_url"": ""https://fdc.nal.usda.gov/food-details/173647/nutrients"", ""value_for_portion"": 0.0, ""value_per_100g"": 0.0}, ""kcal_100g"": {""label"": ""Other source"", ""source_name"": ""USDA FoodData Central SR Legacy"", ""source_record_id"": ""USDA_FC001237_173647"", ""source_url"": ""https://fdc.nal.usda.gov/food-details/173647/nutrients"", ""value_for_portion"": 0.0, ""value_per_100g"": 0.0}, ""protein_g_100g"": {""label"": ""Other source"", ""source_name"": ""USDA FoodData Central SR Legacy"", ""source_record_id"": ""USDA_FC001237_173647"", ""source_url"": ""https://fdc.nal.usda.gov/food-details/173647/nutrients"", ""value_for_portion"": 0.0, ""value_per_100g"": 0.0}, ""sodium_mg_100g"": {""label"": ""Other source"", ""source_name"": ""USDA FoodData Central SR Legacy"", ""source_record_id"": ""USDA_FC001237_173647"", ""source_url"": ""https://fdc.nal.usda.gov/food-details/173647/nutrients"", ""value_for_portion"": 4.0, ""value_per_100g"": 4.0}, ""sugar_g_100g"": {""label"": ""Other source"", ""source_name"": ""USDA FoodData Central SR Legacy"", ""source_record_id"": ""USDA_FC001237_173647"", ""source_url"": ""https://fdc.nal.usda.gov/food-details/173647/nutrients"", ""value_for_portion"": 0.0, ""value_per_100g"": 0.0}}"
EST_PANTRY_20260918_051_V1,FC001232,"Beverages, coffee, brewed, espresso, restaurant-prepared",40,9.0,0.12,1.67,0.18,0.0,0.0,14.0,0.0,"{""carbs_g_100g"": {""label"": ""Other source"", ""source_name"": ""USDA FoodData Central SR Legacy"", ""source_record_id"": ""USDA_FC001232_171891"", ""source_url"": ""https://fdc.nal.usda.gov/food-details/171891/nutrients"", ""value_for_portion"": 1.67, ""value_per_100g"": 1.67}, ""cholesterol_mg_100g"": {""label"": ""Other source"", ""source_name"": ""USDA FoodData Central SR Legacy"", ""source_record_id"": ""USDA_FC001232_171891"", ""source_url"": ""https://fdc.nal.usda.gov/food-details/171891/nutrients"", ""value_for_portion"": 0.0, ""value_per_100g"": 0.0}, ""fat_g_100g"": {""label"": ""Other source"", ""source_name"": ""USDA FoodData Central SR Legacy"", ""source_record_id"": ""USDA_FC001232_171891"", ""source_url"": ""https://fdc.nal.usda.gov/food-details/171891/nutrients"", ""value_for_portion"": 0.18, ""value_per_100g"": 0.18}, ""fiber_g_100g"": {""label"": ""Other source"", ""source_name"": ""USDA FoodData Central SR Legacy"", ""source_record_id"": ""USDA_FC001232_171891"", ""source_url"": ""https://fdc.nal.usda.gov/food-details/171891/nutrients"", ""value_for_portion"": 0.0, ""value_per_100g"": 0.0}, ""kcal_100g"": {""label"": ""Other source"", ""source_name"": ""USDA FoodData Central SR Legacy"", ""source_record_id"": ""USDA_FC001232_171891"", ""source_url"": ""https://fdc.nal.usda.gov/food-details/171891/nutrients"", ""value_for_portion"": 9.0, ""value_per_100g"": 9.0}, ""protein_g_100g"": {""label"": ""Other source"", ""source_name"": ""USDA FoodData Central SR Legacy"", ""source_record_id"": ""USDA_FC001232_171891"", ""source_url"": ""https://fdc.nal.usda.gov/food-details/171891/nutrients"", ""value_for_portion"": 0.12, ""value_per_100g"": 0.12}, ""sodium_mg_100g"": {""label"": ""Other source"", ""source_name"": ""USDA FoodData Central SR Legacy"", ""source_record_id"": ""USDA_FC001232_171891"", ""source_url"": ""https://fdc.nal.usda.gov/food-details/171891/nutrients"", ""value_for_portion"": 14.0, ""value_per_100g"": 14.0}, ""sugar_g_100g"": {""label"": ""Other source"", ""source_name"": ""USDA FoodData Central SR Legacy"", ""source_record_id"": ""USDA_FC001232_171891"", ""source_url"": ""https://fdc.nal.usda.gov/food-details/171891/nutrients"", ""value_for_portion"": 0.0, ""value_per_100g"": 0.0}}"
EST_PANTRY_20260918_051_V1,FC000093,Fresh cow's milk,170,65.0,3.3,4.8,3.6,0.0,4.5,52.0,34.0,"{""carbs_g_100g"": {""label"": ""Verified"", ""source_name"": ""DOST-FNRI PhilFCT"", ""source_record_id"": ""J014"", ""source_url"": ""https://i.fnri.dost.gov.ph/fct/library/report/4248"", ""value_for_portion"": 4.8, ""value_per_100g"": 4.8}, ""cholesterol_mg_100g"": {""label"": ""Verified"", ""source_name"": ""DOST-FNRI PhilFCT"", ""source_record_id"": ""J014"", ""source_url"": ""https://i.fnri.dost.gov.ph/fct/library/report/4248"", ""value_for_portion"": 34.0, ""value_per_100g"": 34.0}, ""fat_g_100g"": {""label"": ""Verified"", ""source_name"": ""DOST-FNRI PhilFCT"", ""source_record_id"": ""J014"", ""source_url"": ""https://i.fnri.dost.gov.ph/fct/library/report/4248"", ""value_for_portion"": 3.6, ""value_per_100g"": 3.6}, ""fiber_g_100g"": {""label"": ""Verified"", ""source_name"": ""DOST-FNRI PhilFCT"", ""source_record_id"": ""J014"", ""source_url"": ""https://i.fnri.dost.gov.ph/fct/library/report/4248"", ""value_for_portion"": 0.0, ""value_per_100g"": 0.0}, ""kcal_100g"": {""label"": ""Verified"", ""source_name"": ""DOST-FNRI PhilFCT"", ""source_record_id"": ""J014"", ""source_url"": ""https://i.fnri.dost.gov.ph/fct/library/report/4248"", ""value_for_portion"": 65.0, ""value_per_100g"": 65.0}, ""protein_g_100g"": {""label"": ""Verified"", ""source_name"": ""DOST-FNRI PhilFCT"", ""source_record_id"": ""J014"", ""source_url"": ""https://i.fnri.dost.gov.ph/fct/library/report/4248"", ""value_for_portion"": 3.3, ""value_per_100g"": 3.3}, ""sodium_mg_100g"": {""label"": ""Verified"", ""source_name"": ""DOST-FNRI PhilFCT"", ""source_record_id"": ""J014"", ""source_url"": ""https://i.fnri.dost.gov.ph/fct/library/report/4248"", ""value_for_portion"": 52.0, ""value_per_100g"": 52.0}, ""sugar_g_100g"": {""label"": ""Verified"", ""source_name"": ""DOST-FNRI PhilFCT"", ""source_record_id"": ""J014"", ""source_url"": ""https://i.fnri.dost.gov.ph/fct/library/report/4248"", ""value_for_portion"": 4.5, ""value_per_100g"": 4.5}}"
EST_PANTRY_20260918_051_V1,FC001237,"Beverages, water, tap, drinking",100,0.0,0.0,0.0,0.0,0.0,0.0,4.0,0.0,"{""carbs_g_100g"": {""label"": ""Other source"", ""source_name"": ""USDA FoodData Central SR Legacy"", ""source_record_id"": ""USDA_FC001237_173647"", ""source_url"": ""https://fdc.nal.usda.gov/food-details/173647/nutrients"", ""value_for_portion"": 0.0, ""value_per_100g"": 0.0}, ""cholesterol_mg_100g"": {""label"": ""Other source"", ""source_name"": ""USDA FoodData Central SR Legacy"", ""source_record_id"": ""USDA_FC001237_173647"", ""source_url"": ""https://fdc.nal.usda.gov/food-details/173647/nutrients"", ""value_for_portion"": 0.0, ""value_per_100g"": 0.0}, ""fat_g_100g"": {""label"": ""Other source"", ""source_name"": ""USDA FoodData Central SR Legacy"", ""source_record_id"": ""USDA_FC001237_173647"", ""source_url"": ""https://fdc.nal.usda.gov/food-details/173647/nutrients"", ""value_for_portion"": 0.0, ""value_per_100g"": 0.0}, ""fiber_g_100g"": {""label"": ""Other source"", ""source_name"": ""USDA FoodData Central SR Legacy"", ""source_record_id"": ""USDA_FC001237_173647"", ""source_url"": ""https://fdc.nal.usda.gov/food-details/173647/nutrients"", ""value_for_portion"": 0.0, ""value_per_100g"": 0.0}, ""kcal_100g"": {""label"": ""Other source"", ""source_name"": ""USDA FoodData Central SR Legacy"", ""source_record_id"": ""USDA_FC001237_173647"", ""source_url"": ""https://fdc.nal.usda.gov/food-details/173647/nutrients"", ""value_for_portion"": 0.0, ""value_per_100g"": 0.0}, ""protein_g_100g"": {""label"": ""Other source"", ""source_name"": ""USDA FoodData Central SR Legacy"", ""source_record_id"": ""USDA_FC001237_173647"", ""source_url"": ""https://fdc.nal.usda.gov/food-details/173647/nutrients"", ""value_for_portion"": 0.0, ""value_per_100g"": 0.0}, ""sodium_mg_100g"": {""label"": ""Other source"", ""source_name"": ""USDA FoodData Central SR Legacy"", ""source_record_id"": ""USDA_FC001237_173647"", ""source_url"": ""https://fdc.nal.usda.gov/food-details/173647/nutrients"", ""value_for_portion"": 4.0, ""value_per_100g"": 4.0}, ""sugar_g_100g"": {""label"": ""Other source"", ""source_name"": ""USDA FoodData Central SR Legacy"", ""source_record_id"": ""USDA_FC001237_173647"", ""source_url"": ""https://fdc.nal.usda.gov/food-details/173647/nutrients"", ""value_for_portion"": 0.0, ""value_per_100g"": 0.0}}"
EST_PANTRY_20260918_052_V1,FC001232,"Beverages, coffee, brewed, espresso, restaurant-prepared",40,9.0,0.12,1.67,0.18,0.0,0.0,14.0,0.0,"{""carbs_g_100g"": {""label"": ""Other source"", ""source_name"": ""USDA FoodData Central SR Legacy"", ""source_record_id"": ""USDA_FC001232_171891"", ""source_url"": ""https://fdc.nal.usda.gov/food-details/171891/nutrients"", ""value_for_portion"": 1.67, ""value_per_100g"": 1.67}, ""cholesterol_mg_100g"": {""label"": ""Other source"", ""source_name"": ""USDA FoodData Central SR Legacy"", ""source_record_id"": ""USDA_FC001232_171891"", ""source_url"": ""https://fdc.nal.usda.gov/food-details/171891/nutrients"", ""value_for_portion"": 0.0, ""value_per_100g"": 0.0}, ""fat_g_100g"": {""label"": ""Other source"", ""source_name"": ""USDA FoodData Central SR Legacy"", ""source_record_id"": ""USDA_FC001232_171891"", ""source_url"": ""https://fdc.nal.usda.gov/food-details/171891/nutrients"", ""value_for_portion"": 0.18, ""value_per_100g"": 0.18}, ""fiber_g_100g"": {""label"": ""Other source"", ""source_name"": ""USDA FoodData Central SR Legacy"", ""source_record_id"": ""USDA_FC001232_171891"", ""source_url"": ""https://fdc.nal.usda.gov/food-details/171891/nutrients"", ""value_for_portion"": 0.0, ""value_per_100g"": 0.0}, ""kcal_100g"": {""label"": ""Other source"", ""source_name"": ""USDA FoodData Central SR Legacy"", ""source_record_id"": ""USDA_FC001232_171891"", ""source_url"": ""https://fdc.nal.usda.gov/food-details/171891/nutrients"", ""value_for_portion"": 9.0, ""value_per_100g"": 9.0}, ""protein_g_100g"": {""label"": ""Other source"", ""source_name"": ""USDA FoodData Central SR Legacy"", ""source_record_id"": ""USDA_FC001232_171891"", ""source_url"": ""https://fdc.nal.usda.gov/food-details/171891/nutrients"", ""value_for_portion"": 0.12, ""value_per_100g"": 0.12}, ""sodium_mg_100g"": {""label"": ""Other source"", ""source_name"": ""USDA FoodData Central SR Legacy"", ""source_record_id"": ""USDA_FC001232_171891"", ""source_url"": ""https://fdc.nal.usda.gov/food-details/171891/nutrients"", ""value_for_portion"": 14.0, ""value_per_100g"": 14.0}, ""sugar_g_100g"": {""label"": ""Other source"", ""source_name"": ""USDA FoodData Central SR Legacy"", ""source_record_id"": ""USDA_FC001232_171891"", ""source_url"": ""https://fdc.nal.usda.gov/food-details/171891/nutrients"", ""value_for_portion"": 0.0, ""value_per_100g"": 0.0}}"
EST_PANTRY_20260918_052_V1,FC000093,Fresh cow's milk,150,65.0,3.3,4.8,3.6,0.0,4.5,52.0,34.0,"{""carbs_g_100g"": {""label"": ""Verified"", ""source_name"": ""DOST-FNRI PhilFCT"", ""source_record_id"": ""J014"", ""source_url"": ""https://i.fnri.dost.gov.ph/fct/library/report/4248"", ""value_for_portion"": 4.8, ""value_per_100g"": 4.8}, ""cholesterol_mg_100g"": {""label"": ""Verified"", ""source_name"": ""DOST-FNRI PhilFCT"", ""source_record_id"": ""J014"", ""source_url"": ""https://i.fnri.dost.gov.ph/fct/library/report/4248"", ""value_for_portion"": 34.0, ""value_per_100g"": 34.0}, ""fat_g_100g"": {""label"": ""Verified"", ""source_name"": ""DOST-FNRI PhilFCT"", ""source_record_id"": ""J014"", ""source_url"": ""https://i.fnri.dost.gov.ph/fct/library/report/4248"", ""value_for_portion"": 3.6, ""value_per_100g"": 3.6}, ""fiber_g_100g"": {""label"": ""Verified"", ""source_name"": ""DOST-FNRI PhilFCT"", ""source_record_id"": ""J014"", ""source_url"": ""https://i.fnri.dost.gov.ph/fct/library/report/4248"", ""value_for_portion"": 0.0, ""value_per_100g"": 0.0}, ""kcal_100g"": {""label"": ""Verified"", ""source_name"": ""DOST-FNRI PhilFCT"", ""source_record_id"": ""J014"", ""source_url"": ""https://i.fnri.dost.gov.ph/fct/library/report/4248"", ""value_for_portion"": 65.0, ""value_per_100g"": 65.0}, ""protein_g_100g"": {""label"": ""Verified"", ""source_name"": ""DOST-FNRI PhilFCT"", ""source_record_id"": ""J014"", ""source_url"": ""https://i.fnri.dost.gov.ph/fct/library/report/4248"", ""value_for_portion"": 3.3, ""value_per_100g"": 3.3}, ""sodium_mg_100g"": {""label"": ""Verified"", ""source_name"": ""DOST-FNRI PhilFCT"", ""source_record_id"": ""J014"", ""source_url"": ""https://i.fnri.dost.gov.ph/fct/library/report/4248"", ""value_for_portion"": 52.0, ""value_per_100g"": 52.0}, ""sugar_g_100g"": {""label"": ""Verified"", ""source_name"": ""DOST-FNRI PhilFCT"", ""source_record_id"": ""J014"", ""source_url"": ""https://i.fnri.dost.gov.ph/fct/library/report/4248"", ""value_for_portion"": 4.5, ""value_per_100g"": 4.5}}"
EST_PANTRY_20260918_053_V1,FC001232,"Beverages, coffee, brewed, espresso, restaurant-prepared",40,9.0,0.12,1.67,0.18,0.0,0.0,14.0,0.0,"{""carbs_g_100g"": {""label"": ""Other source"", ""source_name"": ""USDA FoodData Central SR Legacy"", ""source_record_id"": ""USDA_FC001232_171891"", ""source_url"": ""https://fdc.nal.usda.gov/food-details/171891/nutrients"", ""value_for_portion"": 1.67, ""value_per_100g"": 1.67}, ""cholesterol_mg_100g"": {""label"": ""Other source"", ""source_name"": ""USDA FoodData Central SR Legacy"", ""source_record_id"": ""USDA_FC001232_171891"", ""source_url"": ""https://fdc.nal.usda.gov/food-details/171891/nutrients"", ""value_for_portion"": 0.0, ""value_per_100g"": 0.0}, ""fat_g_100g"": {""label"": ""Other source"", ""source_name"": ""USDA FoodData Central SR Legacy"", ""source_record_id"": ""USDA_FC001232_171891"", ""source_url"": ""https://fdc.nal.usda.gov/food-details/171891/nutrients"", ""value_for_portion"": 0.18, ""value_per_100g"": 0.18}, ""fiber_g_100g"": {""label"": ""Other source"", ""source_name"": ""USDA FoodData Central SR Legacy"", ""source_record_id"": ""USDA_FC001232_171891"", ""source_url"": ""https://fdc.nal.usda.gov/food-details/171891/nutrients"", ""value_for_portion"": 0.0, ""value_per_100g"": 0.0}, ""kcal_100g"": {""label"": ""Other source"", ""source_name"": ""USDA FoodData Central SR Legacy"", ""source_record_id"": ""USDA_FC001232_171891"", ""source_url"": ""https://fdc.nal.usda.gov/food-details/171891/nutrients"", ""value_for_portion"": 9.0, ""value_per_100g"": 9.0}, ""protein_g_100g"": {""label"": ""Other source"", ""source_name"": ""USDA FoodData Central SR Legacy"", ""source_record_id"": ""USDA_FC001232_171891"", ""source_url"": ""https://fdc.nal.usda.gov/food-details/171891/nutrients"", ""value_for_portion"": 0.12, ""value_per_100g"": 0.12}, ""sodium_mg_100g"": {""label"": ""Other source"", ""source_name"": ""USDA FoodData Central SR Legacy"", ""source_record_id"": ""USDA_FC001232_171891"", ""source_url"": ""https://fdc.nal.usda.gov/food-details/171891/nutrients"", ""value_for_portion"": 14.0, ""value_per_100g"": 14.0}, ""sugar_g_100g"": {""label"": ""Other source"", ""source_name"": ""USDA FoodData Central SR Legacy"", ""source_record_id"": ""USDA_FC001232_171891"", ""source_url"": ""https://fdc.nal.usda.gov/food-details/171891/nutrients"", ""value_for_portion"": 0.0, ""value_per_100g"": 0.0}}"
EST_PANTRY_20260918_053_V1,FC000093,Fresh cow's milk,160,65.0,3.3,4.8,3.6,0.0,4.5,52.0,34.0,"{""carbs_g_100g"": {""label"": ""Verified"", ""source_name"": ""DOST-FNRI PhilFCT"", ""source_record_id"": ""J014"", ""source_url"": ""https://i.fnri.dost.gov.ph/fct/library/report/4248"", ""value_for_portion"": 4.8, ""value_per_100g"": 4.8}, ""cholesterol_mg_100g"": {""label"": ""Verified"", ""source_name"": ""DOST-FNRI PhilFCT"", ""source_record_id"": ""J014"", ""source_url"": ""https://i.fnri.dost.gov.ph/fct/library/report/4248"", ""value_for_portion"": 34.0, ""value_per_100g"": 34.0}, ""fat_g_100g"": {""label"": ""Verified"", ""source_name"": ""DOST-FNRI PhilFCT"", ""source_record_id"": ""J014"", ""source_url"": ""https://i.fnri.dost.gov.ph/fct/library/report/4248"", ""value_for_portion"": 3.6, ""value_per_100g"": 3.6}, ""fiber_g_100g"": {""label"": ""Verified"", ""source_name"": ""DOST-FNRI PhilFCT"", ""source_record_id"": ""J014"", ""source_url"": ""https://i.fnri.dost.gov.ph/fct/library/report/4248"", ""value_for_portion"": 0.0, ""value_per_100g"": 0.0}, ""kcal_100g"": {""label"": ""Verified"", ""source_name"": ""DOST-FNRI PhilFCT"", ""source_record_id"": ""J014"", ""source_url"": ""https://i.fnri.dost.gov.ph/fct/library/report/4248"", ""value_for_portion"": 65.0, ""value_per_100g"": 65.0}, ""protein_g_100g"": {""label"": ""Verified"", ""source_name"": ""DOST-FNRI PhilFCT"", ""source_record_id"": ""J014"", ""source_url"": ""https://i.fnri.dost.gov.ph/fct/library/report/4248"", ""value_for_portion"": 3.3, ""value_per_100g"": 3.3}, ""sodium_mg_100g"": {""label"": ""Verified"", ""source_name"": ""DOST-FNRI PhilFCT"", ""source_record_id"": ""J014"", ""source_url"": ""https://i.fnri.dost.gov.ph/fct/library/report/4248"", ""value_for_portion"": 52.0, ""value_per_100g"": 52.0}, ""sugar_g_100g"": {""label"": ""Verified"", ""source_name"": ""DOST-FNRI PhilFCT"", ""source_record_id"": ""J014"", ""source_url"": ""https://i.fnri.dost.gov.ph/fct/library/report/4248"", ""value_for_portion"": 4.5, ""value_per_100g"": 4.5}}"
EST_PANTRY_20260918_053_V1,FC001897,"Syrups, chocolate, fudge-type",30,350.0,4.6,62.9,8.9,2.8,34.82,346.0,1.0,"{""carbs_g_100g"": {""label"": ""Other source"", ""source_name"": ""USDA FoodData Central SR Legacy"", ""source_record_id"": ""USDA_FC001897_168835"", ""source_url"": ""https://fdc.nal.usda.gov/food-details/168835/nutrients"", ""value_for_portion"": 62.9, ""value_per_100g"": 62.9}, ""cholesterol_mg_100g"": {""label"": ""Other source"", ""source_name"": ""USDA FoodData Central SR Legacy"", ""source_record_id"": ""USDA_FC001897_168835"", ""source_url"": ""https://fdc.nal.usda.gov/food-details/168835/nutrients"", ""value_for_portion"": 1.0, ""value_per_100g"": 1.0}, ""fat_g_100g"": {""label"": ""Other source"", ""source_name"": ""USDA FoodData Central SR Legacy"", ""source_record_id"": ""USDA_FC001897_168835"", ""source_url"": ""https://fdc.nal.usda.gov/food-details/168835/nutrients"", ""value_for_portion"": 8.9, ""value_per_100g"": 8.9}, ""fiber_g_100g"": {""label"": ""Other source"", ""source_name"": ""USDA FoodData Central SR Legacy"", ""source_record_id"": ""USDA_FC001897_168835"", ""source_url"": ""https://fdc.nal.usda.gov/food-details/168835/nutrients"", ""value_for_portion"": 2.8, ""value_per_100g"": 2.8}, ""kcal_100g"": {""label"": ""Other source"", ""source_name"": ""USDA FoodData Central SR Legacy"", ""source_record_id"": ""USDA_FC001897_168835"", ""source_url"": ""https://fdc.nal.usda.gov/food-details/168835/nutrients"", ""value_for_portion"": 350.0, ""value_per_100g"": 350.0}, ""protein_g_100g"": {""label"": ""Other source"", ""source_name"": ""USDA FoodData Central SR Legacy"", ""source_record_id"": ""USDA_FC001897_168835"", ""source_url"": ""https://fdc.nal.usda.gov/food-details/168835/nutrients"", ""value_for_portion"": 4.6, ""value_per_100g"": 4.6}, ""sodium_mg_100g"": {""label"": ""Other source"", ""source_name"": ""USDA FoodData Central SR Legacy"", ""source_record_id"": ""USDA_FC001897_168835"", ""source_url"": ""https://fdc.nal.usda.gov/food-details/168835/nutrients"", ""value_for_portion"": 346.0, ""value_per_100g"": 346.0}, ""sugar_g_100g"": {""label"": ""Other source"", ""source_name"": ""USDA FoodData Central SR Legacy"", ""source_record_id"": ""USDA_FC001897_168835"", ""source_url"": ""https://fdc.nal.usda.gov/food-details/168835/nutrients"", ""value_for_portion"": 34.82, ""value_per_100g"": 34.82}}"
EST_PANTRY_20260918_053_V1,FC001237,"Beverages, water, tap, drinking",100,0.0,0.0,0.0,0.0,0.0,0.0,4.0,0.0,"{""carbs_g_100g"": {""label"": ""Other source"", ""source_name"": ""USDA FoodData Central SR Legacy"", ""source_record_id"": ""USDA_FC001237_173647"", ""source_url"": ""https://fdc.nal.usda.gov/food-details/173647/nutrients"", ""value_for_portion"": 0.0, ""value_per_100g"": 0.0}, ""cholesterol_mg_100g"": {""label"": ""Other source"", ""source_name"": ""USDA FoodData Central SR Legacy"", ""source_record_id"": ""USDA_FC001237_173647"", ""source_url"": ""https://fdc.nal.usda.gov/food-details/173647/nutrients"", ""value_for_portion"": 0.0, ""value_per_100g"": 0.0}, ""fat_g_100g"": {""label"": ""Other source"", ""source_name"": ""USDA FoodData Central SR Legacy"", ""source_record_id"": ""USDA_FC001237_173647"", ""source_url"": ""https://fdc.nal.usda.gov/food-details/173647/nutrients"", ""value_for_portion"": 0.0, ""value_per_100g"": 0.0}, ""fiber_g_100g"": {""label"": ""Other source"", ""source_name"": ""USDA FoodData Central SR Legacy"", ""source_record_id"": ""USDA_FC001237_173647"", ""source_url"": ""https://fdc.nal.usda.gov/food-details/173647/nutrients"", ""value_for_portion"": 0.0, ""value_per_100g"": 0.0}, ""kcal_100g"": {""label"": ""Other source"", ""source_name"": ""USDA FoodData Central SR Legacy"", ""source_record_id"": ""USDA_FC001237_173647"", ""source_url"": ""https://fdc.nal.usda.gov/food-details/173647/nutrients"", ""value_for_portion"": 0.0, ""value_per_100g"": 0.0}, ""protein_g_100g"": {""label"": ""Other source"", ""source_name"": ""USDA FoodData Central SR Legacy"", ""source_record_id"": ""USDA_FC001237_173647"", ""source_url"": ""https://fdc.nal.usda.gov/food-details/173647/nutrients"", ""value_for_portion"": 0.0, ""value_per_100g"": 0.0}, ""sodium_mg_100g"": {""label"": ""Other source"", ""source_name"": ""USDA FoodData Central SR Legacy"", ""source_record_id"": ""USDA_FC001237_173647"", ""source_url"": ""https://fdc.nal.usda.gov/food-details/173647/nutrients"", ""value_for_portion"": 4.0, ""value_per_100g"": 4.0}, ""sugar_g_100g"": {""label"": ""Other source"", ""source_name"": ""USDA FoodData Central SR Legacy"", ""source_record_id"": ""USDA_FC001237_173647"", ""source_url"": ""https://fdc.nal.usda.gov/food-details/173647/nutrients"", ""value_for_portion"": 0.0, ""value_per_100g"": 0.0}}"
EST_PANTRY_20260918_054_V1,FC001237,"Beverages, water, tap, drinking",87,0.0,0.0,0.0,0.0,0.0,0.0,4.0,0.0,"{""carbs_g_100g"": {""label"": ""Other source"", ""source_name"": ""USDA FoodData Central SR Legacy"", ""source_record_id"": ""USDA_FC001237_173647"", ""source_url"": ""https://fdc.nal.usda.gov/food-details/173647/nutrients"", ""value_for_portion"": 0.0, ""value_per_100g"": 0.0}, ""cholesterol_mg_100g"": {""label"": ""Other source"", ""source_name"": ""USDA FoodData Central SR Legacy"", ""source_record_id"": ""USDA_FC001237_173647"", ""source_url"": ""https://fdc.nal.usda.gov/food-details/173647/nutrients"", ""value_for_portion"": 0.0, ""value_per_100g"": 0.0}, ""fat_g_100g"": {""label"": ""Other source"", ""source_name"": ""USDA FoodData Central SR Legacy"", ""source_record_id"": ""USDA_FC001237_173647"", ""source_url"": ""https://fdc.nal.usda.gov/food-details/173647/nutrients"", ""value_for_portion"": 0.0, ""value_per_100g"": 0.0}, ""fiber_g_100g"": {""label"": ""Other source"", ""source_name"": ""USDA FoodData Central SR Legacy"", ""source_record_id"": ""USDA_FC001237_173647"", ""source_url"": ""https://fdc.nal.usda.gov/food-details/173647/nutrients"", ""value_for_portion"": 0.0, ""value_per_100g"": 0.0}, ""kcal_100g"": {""label"": ""Other source"", ""source_name"": ""USDA FoodData Central SR Legacy"", ""source_record_id"": ""USDA_FC001237_173647"", ""source_url"": ""https://fdc.nal.usda.gov/food-details/173647/nutrients"", ""value_for_portion"": 0.0, ""value_per_100g"": 0.0}, ""protein_g_100g"": {""label"": ""Other source"", ""source_name"": ""USDA FoodData Central SR Legacy"", ""source_record_id"": ""USDA_FC001237_173647"", ""source_url"": ""https://fdc.nal.usda.gov/food-details/173647/nutrients"", ""value_for_portion"": 0.0, ""value_per_100g"": 0.0}, ""sodium_mg_100g"": {""label"": ""Other source"", ""source_name"": ""USDA FoodData Central SR Legacy"", ""source_record_id"": ""USDA_FC001237_173647"", ""source_url"": ""https://fdc.nal.usda.gov/food-details/173647/nutrients"", ""value_for_portion"": 4.0, ""value_per_100g"": 4.0}, ""sugar_g_100g"": {""label"": ""Other source"", ""source_name"": ""USDA FoodData Central SR Legacy"", ""source_record_id"": ""USDA_FC001237_173647"", ""source_url"": ""https://fdc.nal.usda.gov/food-details/173647/nutrients"", ""value_for_portion"": 0.0, ""value_per_100g"": 0.0}}"
EST_PANTRY_20260918_054_V1,FC000969,"Sugar, brown",13,398.0,0.1,98.7,0.3,0.0,97.6,15.0,0.0,"{""carbs_g_100g"": {""label"": ""Verified"", ""source_name"": ""DOST-FNRI PhilFCT"", ""source_record_id"": ""M042"", ""source_url"": ""https://i.fnri.dost.gov.ph/fct/library/report/4313"", ""value_for_portion"": 98.7, ""value_per_100g"": 98.7}, ""cholesterol_mg_100g"": {""label"": ""Verified"", ""source_name"": ""DOST-FNRI PhilFCT"", ""source_record_id"": ""M042"", ""source_url"": ""https://i.fnri.dost.gov.ph/fct/library/report/4313"", ""value_for_portion"": 0.0, ""value_per_100g"": 0.0}, ""fat_g_100g"": {""label"": ""Verified"", ""source_name"": ""DOST-FNRI PhilFCT"", ""source_record_id"": ""M042"", ""source_url"": ""https://i.fnri.dost.gov.ph/fct/library/report/4313"", ""value_for_portion"": 0.3, ""value_per_100g"": 0.3}, ""fiber_g_100g"": {""label"": ""Verified"", ""source_name"": ""DOST-FNRI PhilFCT"", ""source_record_id"": ""M042"", ""source_url"": ""https://i.fnri.dost.gov.ph/fct/library/report/4313"", ""value_for_portion"": 0.0, ""value_per_100g"": 0.0}, ""kcal_100g"": {""label"": ""Verified"", ""source_name"": ""DOST-FNRI PhilFCT"", ""source_record_id"": ""M042"", ""source_url"": ""https://i.fnri.dost.gov.ph/fct/library/report/4313"", ""value_for_portion"": 398.0, ""value_per_100g"": 398.0}, ""protein_g_100g"": {""label"": ""Verified"", ""source_name"": ""DOST-FNRI PhilFCT"", ""source_record_id"": ""M042"", ""source_url"": ""https://i.fnri.dost.gov.ph/fct/library/report/4313"", ""value_for_portion"": 0.1, ""value_per_100g"": 0.1}, ""sodium_mg_100g"": {""label"": ""Verified"", ""source_name"": ""DOST-FNRI PhilFCT"", ""source_record_id"": ""M042"", ""source_url"": ""https://i.fnri.dost.gov.ph/fct/library/report/4313"", ""value_for_portion"": 15.0, ""value_per_100g"": 15.0}, ""sugar_g_100g"": {""label"": ""Verified"", ""source_name"": ""DOST-FNRI PhilFCT"", ""source_record_id"": ""M042"", ""source_url"": ""https://i.fnri.dost.gov.ph/fct/library/report/4313"", ""value_for_portion"": 97.6, ""value_per_100g"": 97.6}}"
EST_PANTRY_20260918_055_V1,FC001237,"Beverages, water, tap, drinking",88,0.0,0.0,0.0,0.0,0.0,0.0,4.0,0.0,"{""carbs_g_100g"": {""label"": ""Other source"", ""source_name"": ""USDA FoodData Central SR Legacy"", ""source_record_id"": ""USDA_FC001237_173647"", ""source_url"": ""https://fdc.nal.usda.gov/food-details/173647/nutrients"", ""value_for_portion"": 0.0, ""value_per_100g"": 0.0}, ""cholesterol_mg_100g"": {""label"": ""Other source"", ""source_name"": ""USDA FoodData Central SR Legacy"", ""source_record_id"": ""USDA_FC001237_173647"", ""source_url"": ""https://fdc.nal.usda.gov/food-details/173647/nutrients"", ""value_for_portion"": 0.0, ""value_per_100g"": 0.0}, ""fat_g_100g"": {""label"": ""Other source"", ""source_name"": ""USDA FoodData Central SR Legacy"", ""source_record_id"": ""USDA_FC001237_173647"", ""source_url"": ""https://fdc.nal.usda.gov/food-details/173647/nutrients"", ""value_for_portion"": 0.0, ""value_per_100g"": 0.0}, ""fiber_g_100g"": {""label"": ""Other source"", ""source_name"": ""USDA FoodData Central SR Legacy"", ""source_record_id"": ""USDA_FC001237_173647"", ""source_url"": ""https://fdc.nal.usda.gov/food-details/173647/nutrients"", ""value_for_portion"": 0.0, ""value_per_100g"": 0.0}, ""kcal_100g"": {""label"": ""Other source"", ""source_name"": ""USDA FoodData Central SR Legacy"", ""source_record_id"": ""USDA_FC001237_173647"", ""source_url"": ""https://fdc.nal.usda.gov/food-details/173647/nutrients"", ""value_for_portion"": 0.0, ""value_per_100g"": 0.0}, ""protein_g_100g"": {""label"": ""Other source"", ""source_name"": ""USDA FoodData Central SR Legacy"", ""source_record_id"": ""USDA_FC001237_173647"", ""source_url"": ""https://fdc.nal.usda.gov/food-details/173647/nutrients"", ""value_for_portion"": 0.0, ""value_per_100g"": 0.0}, ""sodium_mg_100g"": {""label"": ""Other source"", ""source_name"": ""USDA FoodData Central SR Legacy"", ""source_record_id"": ""USDA_FC001237_173647"", ""source_url"": ""https://fdc.nal.usda.gov/food-details/173647/nutrients"", ""value_for_portion"": 4.0, ""value_per_100g"": 4.0}, ""sugar_g_100g"": {""label"": ""Other source"", ""source_name"": ""USDA FoodData Central SR Legacy"", ""source_record_id"": ""USDA_FC001237_173647"", ""source_url"": ""https://fdc.nal.usda.gov/food-details/173647/nutrients"", ""value_for_portion"": 0.0, ""value_per_100g"": 0.0}}"
EST_PANTRY_20260918_055_V1,FC000969,"Sugar, brown",12,398.0,0.1,98.7,0.3,0.0,97.6,15.0,0.0,"{""carbs_g_100g"": {""label"": ""Verified"", ""source_name"": ""DOST-FNRI PhilFCT"", ""source_record_id"": ""M042"", ""source_url"": ""https://i.fnri.dost.gov.ph/fct/library/report/4313"", ""value_for_portion"": 98.7, ""value_per_100g"": 98.7}, ""cholesterol_mg_100g"": {""label"": ""Verified"", ""source_name"": ""DOST-FNRI PhilFCT"", ""source_record_id"": ""M042"", ""source_url"": ""https://i.fnri.dost.gov.ph/fct/library/report/4313"", ""value_for_portion"": 0.0, ""value_per_100g"": 0.0}, ""fat_g_100g"": {""label"": ""Verified"", ""source_name"": ""DOST-FNRI PhilFCT"", ""source_record_id"": ""M042"", ""source_url"": ""https://i.fnri.dost.gov.ph/fct/library/report/4313"", ""value_for_portion"": 0.3, ""value_per_100g"": 0.3}, ""fiber_g_100g"": {""label"": ""Verified"", ""source_name"": ""DOST-FNRI PhilFCT"", ""source_record_id"": ""M042"", ""source_url"": ""https://i.fnri.dost.gov.ph/fct/library/report/4313"", ""value_for_portion"": 0.0, ""value_per_100g"": 0.0}, ""kcal_100g"": {""label"": ""Verified"", ""source_name"": ""DOST-FNRI PhilFCT"", ""source_record_id"": ""M042"", ""source_url"": ""https://i.fnri.dost.gov.ph/fct/library/report/4313"", ""value_for_portion"": 398.0, ""value_per_100g"": 398.0}, ""protein_g_100g"": {""label"": ""Verified"", ""source_name"": ""DOST-FNRI PhilFCT"", ""source_record_id"": ""M042"", ""source_url"": ""https://i.fnri.dost.gov.ph/fct/library/report/4313"", ""value_for_portion"": 0.1, ""value_per_100g"": 0.1}, ""sodium_mg_100g"": {""label"": ""Verified"", ""source_name"": ""DOST-FNRI PhilFCT"", ""source_record_id"": ""M042"", ""source_url"": ""https://i.fnri.dost.gov.ph/fct/library/report/4313"", ""value_for_portion"": 15.0, ""value_per_100g"": 15.0}, ""sugar_g_100g"": {""label"": ""Verified"", ""source_name"": ""DOST-FNRI PhilFCT"", ""source_record_id"": ""M042"", ""source_url"": ""https://i.fnri.dost.gov.ph/fct/library/report/4313"", ""value_for_portion"": 97.6, ""value_per_100g"": 97.6}}"
EST_PANTRY_20260918_056_V1,FC001013,"Lemon tea drink, ttb",100,51.0,0.0,12.0,0.3,0.0,11.8,29.0,0.0,"{""carbs_g_100g"": {""label"": ""Verified"", ""source_name"": ""DOST-FNRI PhilFCT"", ""source_record_id"": ""Q051"", ""source_url"": ""https://i.fnri.dost.gov.ph/fct/library/report/4410"", ""value_for_portion"": 12.0, ""value_per_100g"": 12.0}, ""cholesterol_mg_100g"": {""label"": ""Verified"", ""source_name"": ""DOST-FNRI PhilFCT"", ""source_record_id"": ""Q051"", ""source_url"": ""https://i.fnri.dost.gov.ph/fct/library/report/4410"", ""value_for_portion"": 0.0, ""value_per_100g"": 0.0}, ""fat_g_100g"": {""label"": ""Verified"", ""source_name"": ""DOST-FNRI PhilFCT"", ""source_record_id"": ""Q051"", ""source_url"": ""https://i.fnri.dost.gov.ph/fct/library/report/4410"", ""value_for_portion"": 0.3, ""value_per_100g"": 0.3}, ""fiber_g_100g"": {""label"": ""Verified"", ""source_name"": ""DOST-FNRI PhilFCT"", ""source_record_id"": ""Q051"", ""source_url"": ""https://i.fnri.dost.gov.ph/fct/library/report/4410"", ""value_for_portion"": 0.0, ""value_per_100g"": 0.0}, ""kcal_100g"": {""label"": ""Verified"", ""source_name"": ""DOST-FNRI PhilFCT"", ""source_record_id"": ""Q051"", ""source_url"": ""https://i.fnri.dost.gov.ph/fct/library/report/4410"", ""value_for_portion"": 51.0, ""value_per_100g"": 51.0}, ""protein_g_100g"": {""label"": ""Verified"", ""source_name"": ""DOST-FNRI PhilFCT"", ""source_record_id"": ""Q051"", ""source_url"": ""https://i.fnri.dost.gov.ph/fct/library/report/4410"", ""value_for_portion"": 0.0, ""value_per_100g"": 0.0}, ""sodium_mg_100g"": {""label"": ""Verified"", ""source_name"": ""DOST-FNRI PhilFCT"", ""source_record_id"": ""Q051"", ""source_url"": ""https://i.fnri.dost.gov.ph/fct/library/report/4410"", ""value_for_portion"": 29.0, ""value_per_100g"": 29.0}, ""sugar_g_100g"": {""label"": ""Verified"", ""source_name"": ""DOST-FNRI PhilFCT"", ""source_record_id"": ""Q051"", ""source_url"": ""https://i.fnri.dost.gov.ph/fct/library/report/4410"", ""value_for_portion"": 11.8, ""value_per_100g"": 11.8}}"
EST_PANTRY_20260918_057_V1,FC002874,"Athlene ACTIVE Whey Protein, Chocolate, dry powder",32.4,382.716,74.0741,9.2593,6.1728,,3.0864,320.9877,179.0123,"{""carbs_g_100g"": {""label"": ""Other source"", ""source_name"": ""Athlene manufacturer nutrition panel"", ""source_record_id"": ""LABEL_FC002874"", ""source_url"": ""https://athlene.com.ph/cdn/shop/products/choco_small_3.png?v=1697512683&width=1946"", ""value_for_portion"": 9.2593, ""value_per_100g"": 9.2593}, ""cholesterol_mg_100g"": {""label"": ""Other source"", ""source_name"": ""Athlene manufacturer nutrition panel"", ""source_record_id"": ""LABEL_FC002874"", ""source_url"": ""https://athlene.com.ph/cdn/shop/products/choco_small_3.png?v=1697512683&width=1946"", ""value_for_portion"": 179.01229999999998, ""value_per_100g"": 179.0123}, ""fat_g_100g"": {""label"": ""Other source"", ""source_name"": ""Athlene manufacturer nutrition panel"", ""source_record_id"": ""LABEL_FC002874"", ""source_url"": ""https://athlene.com.ph/cdn/shop/products/choco_small_3.png?v=1697512683&width=1946"", ""value_for_portion"": 6.1728, ""value_per_100g"": 6.1728}, ""fiber_g_100g"": {""label"": ""Unknown"", ""source_name"": null, ""source_record_id"": null, ""source_url"": null, ""value_for_portion"": null, ""value_per_100g"": null}, ""kcal_100g"": {""label"": ""Other source"", ""source_name"": ""Athlene manufacturer nutrition panel"", ""source_record_id"": ""LABEL_FC002874"", ""source_url"": ""https://athlene.com.ph/cdn/shop/products/choco_small_3.png?v=1697512683&width=1946"", ""value_for_portion"": 382.716, ""value_per_100g"": 382.716}, ""protein_g_100g"": {""label"": ""Other source"", ""source_name"": ""Athlene manufacturer nutrition panel"", ""source_record_id"": ""LABEL_FC002874"", ""source_url"": ""https://athlene.com.ph/cdn/shop/products/choco_small_3.png?v=1697512683&width=1946"", ""value_for_portion"": 74.0741, ""value_per_100g"": 74.0741}, ""sodium_mg_100g"": {""label"": ""Other source"", ""source_name"": ""Athlene manufacturer nutrition panel"", ""source_record_id"": ""LABEL_FC002874"", ""source_url"": ""https://athlene.com.ph/cdn/shop/products/choco_small_3.png?v=1697512683&width=1946"", ""value_for_portion"": 320.9877, ""value_per_100g"": 320.9877}, ""sugar_g_100g"": {""label"": ""Other source"", ""source_name"": ""Athlene manufacturer nutrition panel"", ""source_record_id"": ""LABEL_FC002874"", ""source_url"": ""https://athlene.com.ph/cdn/shop/products/choco_small_3.png?v=1697512683&width=1946"", ""value_for_portion"": 3.0864, ""value_per_100g"": 3.0864}}"
EST_PANTRY_20260918_057_V1,FC001237,"Beverages, water, tap, drinking",250,0.0,0.0,0.0,0.0,0.0,0.0,4.0,0.0,"{""carbs_g_100g"": {""label"": ""Other source"", ""source_name"": ""USDA FoodData Central SR Legacy"", ""source_record_id"": ""USDA_FC001237_173647"", ""source_url"": ""https://fdc.nal.usda.gov/food-details/173647/nutrients"", ""value_for_portion"": 0.0, ""value_per_100g"": 0.0}, ""cholesterol_mg_100g"": {""label"": ""Other source"", ""source_name"": ""USDA FoodData Central SR Legacy"", ""source_record_id"": ""USDA_FC001237_173647"", ""source_url"": ""https://fdc.nal.usda.gov/food-details/173647/nutrients"", ""value_for_portion"": 0.0, ""value_per_100g"": 0.0}, ""fat_g_100g"": {""label"": ""Other source"", ""source_name"": ""USDA FoodData Central SR Legacy"", ""source_record_id"": ""USDA_FC001237_173647"", ""source_url"": ""https://fdc.nal.usda.gov/food-details/173647/nutrients"", ""value_for_portion"": 0.0, ""value_per_100g"": 0.0}, ""fiber_g_100g"": {""label"": ""Other source"", ""source_name"": ""USDA FoodData Central SR Legacy"", ""source_record_id"": ""USDA_FC001237_173647"", ""source_url"": ""https://fdc.nal.usda.gov/food-details/173647/nutrients"", ""value_for_portion"": 0.0, ""value_per_100g"": 0.0}, ""kcal_100g"": {""label"": ""Other source"", ""source_name"": ""USDA FoodData Central SR Legacy"", ""source_record_id"": ""USDA_FC001237_173647"", ""source_url"": ""https://fdc.nal.usda.gov/food-details/173647/nutrients"", ""value_for_portion"": 0.0, ""value_per_100g"": 0.0}, ""protein_g_100g"": {""label"": ""Other source"", ""source_name"": ""USDA FoodData Central SR Legacy"", ""source_record_id"": ""USDA_FC001237_173647"", ""source_url"": ""https://fdc.nal.usda.gov/food-details/173647/nutrients"", ""value_for_portion"": 0.0, ""value_per_100g"": 0.0}, ""sodium_mg_100g"": {""label"": ""Other source"", ""source_name"": ""USDA FoodData Central SR Legacy"", ""source_record_id"": ""USDA_FC001237_173647"", ""source_url"": ""https://fdc.nal.usda.gov/food-details/173647/nutrients"", ""value_for_portion"": 4.0, ""value_per_100g"": 4.0}, ""sugar_g_100g"": {""label"": ""Other source"", ""source_name"": ""USDA FoodData Central SR Legacy"", ""source_record_id"": ""USDA_FC001237_173647"", ""source_url"": ""https://fdc.nal.usda.gov/food-details/173647/nutrients"", ""value_for_portion"": 0.0, ""value_per_100g"": 0.0}}"
EST_PANTRY_20260918_058_V1,FC002874,"Athlene ACTIVE Whey Protein, Chocolate, dry powder",32.4,382.716,74.0741,9.2593,6.1728,,3.0864,320.9877,179.0123,"{""carbs_g_100g"": {""label"": ""Other source"", ""source_name"": ""Athlene manufacturer nutrition panel"", ""source_record_id"": ""LABEL_FC002874"", ""source_url"": ""https://athlene.com.ph/cdn/shop/products/choco_small_3.png?v=1697512683&width=1946"", ""value_for_portion"": 9.2593, ""value_per_100g"": 9.2593}, ""cholesterol_mg_100g"": {""label"": ""Other source"", ""source_name"": ""Athlene manufacturer nutrition panel"", ""source_record_id"": ""LABEL_FC002874"", ""source_url"": ""https://athlene.com.ph/cdn/shop/products/choco_small_3.png?v=1697512683&width=1946"", ""value_for_portion"": 179.01229999999998, ""value_per_100g"": 179.0123}, ""fat_g_100g"": {""label"": ""Other source"", ""source_name"": ""Athlene manufacturer nutrition panel"", ""source_record_id"": ""LABEL_FC002874"", ""source_url"": ""https://athlene.com.ph/cdn/shop/products/choco_small_3.png?v=1697512683&width=1946"", ""value_for_portion"": 6.1728, ""value_per_100g"": 6.1728}, ""fiber_g_100g"": {""label"": ""Unknown"", ""source_name"": null, ""source_record_id"": null, ""source_url"": null, ""value_for_portion"": null, ""value_per_100g"": null}, ""kcal_100g"": {""label"": ""Other source"", ""source_name"": ""Athlene manufacturer nutrition panel"", ""source_record_id"": ""LABEL_FC002874"", ""source_url"": ""https://athlene.com.ph/cdn/shop/products/choco_small_3.png?v=1697512683&width=1946"", ""value_for_portion"": 382.716, ""value_per_100g"": 382.716}, ""protein_g_100g"": {""label"": ""Other source"", ""source_name"": ""Athlene manufacturer nutrition panel"", ""source_record_id"": ""LABEL_FC002874"", ""source_url"": ""https://athlene.com.ph/cdn/shop/products/choco_small_3.png?v=1697512683&width=1946"", ""value_for_portion"": 74.0741, ""value_per_100g"": 74.0741}, ""sodium_mg_100g"": {""label"": ""Other source"", ""source_name"": ""Athlene manufacturer nutrition panel"", ""source_record_id"": ""LABEL_FC002874"", ""source_url"": ""https://athlene.com.ph/cdn/shop/products/choco_small_3.png?v=1697512683&width=1946"", ""value_for_portion"": 320.9877, ""value_per_100g"": 320.9877}, ""sugar_g_100g"": {""label"": ""Other source"", ""source_name"": ""Athlene manufacturer nutrition panel"", ""source_record_id"": ""LABEL_FC002874"", ""source_url"": ""https://athlene.com.ph/cdn/shop/products/choco_small_3.png?v=1697512683&width=1946"", ""value_for_portion"": 3.0864, ""value_per_100g"": 3.0864}}"
EST_PANTRY_20260918_058_V1,FC000093,Fresh cow's milk,250,65.0,3.3,4.8,3.6,0.0,4.5,52.0,34.0,"{""carbs_g_100g"": {""label"": ""Verified"", ""source_name"": ""DOST-FNRI PhilFCT"", ""source_record_id"": ""J014"", ""source_url"": ""https://i.fnri.dost.gov.ph/fct/library/report/4248"", ""value_for_portion"": 4.8, ""value_per_100g"": 4.8}, ""cholesterol_mg_100g"": {""label"": ""Verified"", ""source_name"": ""DOST-FNRI PhilFCT"", ""source_record_id"": ""J014"", ""source_url"": ""https://i.fnri.dost.gov.ph/fct/library/report/4248"", ""value_for_portion"": 34.0, ""value_per_100g"": 34.0}, ""fat_g_100g"": {""label"": ""Verified"", ""source_name"": ""DOST-FNRI PhilFCT"", ""source_record_id"": ""J014"", ""source_url"": ""https://i.fnri.dost.gov.ph/fct/library/report/4248"", ""value_for_portion"": 3.6, ""value_per_100g"": 3.6}, ""fiber_g_100g"": {""label"": ""Verified"", ""source_name"": ""DOST-FNRI PhilFCT"", ""source_record_id"": ""J014"", ""source_url"": ""https://i.fnri.dost.gov.ph/fct/library/report/4248"", ""value_for_portion"": 0.0, ""value_per_100g"": 0.0}, ""kcal_100g"": {""label"": ""Verified"", ""source_name"": ""DOST-FNRI PhilFCT"", ""source_record_id"": ""J014"", ""source_url"": ""https://i.fnri.dost.gov.ph/fct/library/report/4248"", ""value_for_portion"": 65.0, ""value_per_100g"": 65.0}, ""protein_g_100g"": {""label"": ""Verified"", ""source_name"": ""DOST-FNRI PhilFCT"", ""source_record_id"": ""J014"", ""source_url"": ""https://i.fnri.dost.gov.ph/fct/library/report/4248"", ""value_for_portion"": 3.3, ""value_per_100g"": 3.3}, ""sodium_mg_100g"": {""label"": ""Verified"", ""source_name"": ""DOST-FNRI PhilFCT"", ""source_record_id"": ""J014"", ""source_url"": ""https://i.fnri.dost.gov.ph/fct/library/report/4248"", ""value_for_portion"": 52.0, ""value_per_100g"": 52.0}, ""sugar_g_100g"": {""label"": ""Verified"", ""source_name"": ""DOST-FNRI PhilFCT"", ""source_record_id"": ""J014"", ""source_url"": ""https://i.fnri.dost.gov.ph/fct/library/report/4248"", ""value_for_portion"": 4.5, ""value_per_100g"": 4.5}}"
