recipe_id,estimate_id,ingredient_food_id,ingredient_name,edible_grams,weight_status,kcal_100g,protein_g_100g,carbs_g_100g,fat_g_100g,fiber_g_100g,sugar_g_100g,sodium_mg_100g,cholesterol_mg_100g,nutrient_provenance_json
PH_DISH_001,EST_PH_DISH_001_V1,FC000382,"Chicken, white meat, boiled",400,ASSUMED_REFERENCE_MIXTURE,173.0,32.9,0.0,4.6,0.0,0.0,81.0,,"{""kcal_100g"":{""value_per_100g"":173.0,""value_for_portion"":173.0,""label"":""Verified"",""source_url"":""https://i.fnri.dost.gov.ph/fct/library/report/3818"",""source_record_id"":""F111"",""source_name"":""DOST-FNRI PhilFCT""},""protein_g_100g"":{""value_per_100g"":32.9,""value_for_portion"":32.9,""label"":""Verified"",""source_url"":""https://i.fnri.dost.gov.ph/fct/library/report/3818"",""source_record_id"":""F111"",""source_name"":""DOST-FNRI PhilFCT""},""carbs_g_100g"":{""value_per_100g"":0.0,""value_for_portion"":0.0,""label"":""Verified"",""source_url"":""https://i.fnri.dost.gov.ph/fct/library/report/3818"",""source_record_id"":""F111"",""source_name"":""DOST-FNRI PhilFCT""},""fat_g_100g"":{""value_per_100g"":4.6,""value_for_portion"":4.6,""label"":""Verified"",""source_url"":""https://i.fnri.dost.gov.ph/fct/library/report/3818"",""source_record_id"":""F111"",""source_name"":""DOST-FNRI PhilFCT""},""fiber_g_100g"":{""value_per_100g"":0.0,""value_for_portion"":0.0,""label"":""Verified"",""source_url"":""https://i.fnri.dost.gov.ph/fct/library/report/3818"",""source_record_id"":""F111"",""source_name"":""DOST-FNRI PhilFCT""},""sugar_g_100g"":{""value_per_100g"":0.0,""value_for_portion"":0.0,""label"":""Verified"",""source_url"":""https://i.fnri.dost.gov.ph/fct/library/report/3818"",""source_record_id"":""F111"",""source_name"":""DOST-FNRI PhilFCT""},""sodium_mg_100g"":{""value_per_100g"":81.0,""value_for_portion"":81.0,""label"":""Verified"",""source_url"":""https://i.fnri.dost.gov.ph/fct/library/report/3818"",""source_record_id"":""F111"",""source_name"":""DOST-FNRI PhilFCT""},""cholesterol_mg_100g"":{""value_per_100g"":null,""value_for_portion"":null,""label"":""Unknown"",""source_url"":null,""source_record_id"":null,""source_name"":null}}"
PH_DISH_001,EST_PH_DISH_001_V1,FC000099,Soy sauce,35,ASSUMED_REFERENCE_MIXTURE,75.0,3.5,15.0,0.1,1.0,0.5,2041.0,0.0,"{""kcal_100g"":{""value_per_100g"":75.0,""value_for_portion"":75.0,""label"":""Verified"",""source_url"":""https://i.fnri.dost.gov.ph/fct/library/report/4346"",""source_record_id"":""N023"",""source_name"":""DOST-FNRI PhilFCT""},""protein_g_100g"":{""value_per_100g"":3.5,""value_for_portion"":3.5,""label"":""Verified"",""source_url"":""https://i.fnri.dost.gov.ph/fct/library/report/4346"",""source_record_id"":""N023"",""source_name"":""DOST-FNRI PhilFCT""},""carbs_g_100g"":{""value_per_100g"":15.0,""value_for_portion"":15.0,""label"":""Verified"",""source_url"":""https://i.fnri.dost.gov.ph/fct/library/report/4346"",""source_record_id"":""N023"",""source_name"":""DOST-FNRI PhilFCT""},""fat_g_100g"":{""value_per_100g"":0.1,""value_for_portion"":0.1,""label"":""Verified"",""source_url"":""https://i.fnri.dost.gov.ph/fct/library/report/4346"",""source_record_id"":""N023"",""source_name"":""DOST-FNRI PhilFCT""},""fiber_g_100g"":{""value_per_100g"":1.0,""value_for_portion"":1.0,""label"":""Verified"",""source_url"":""https://i.fnri.dost.gov.ph/fct/library/report/4346"",""source_record_id"":""N023"",""source_name"":""DOST-FNRI PhilFCT""},""sugar_g_100g"":{""value_per_100g"":0.5,""value_for_portion"":0.5,""label"":""Verified"",""source_url"":""https://i.fnri.dost.gov.ph/fct/library/report/4346"",""source_record_id"":""N023"",""source_name"":""DOST-FNRI PhilFCT""},""sodium_mg_100g"":{""value_per_100g"":2041.0,""value_for_portion"":2041.0,""label"":""Verified"",""source_url"":""https://i.fnri.dost.gov.ph/fct/library/report/4346"",""source_record_id"":""N023"",""source_name"":""DOST-FNRI PhilFCT""},""cholesterol_mg_100g"":{""value_per_100g"":0.0,""value_for_portion"":0.0,""label"":""Verified"",""source_url"":""https://i.fnri.dost.gov.ph/fct/library/report/4346"",""source_record_id"":""N023"",""source_name"":""DOST-FNRI PhilFCT""}}"
PH_DISH_001,EST_PH_DISH_001_V1,FC000615,"Vinegar, coconut",60,ASSUMED_REFERENCE_MIXTURE,7.0,0.0,1.4,0.1,0.0,0.0,1.0,0.0,"{""kcal_100g"":{""value_per_100g"":7.0,""value_for_portion"":7.0,""label"":""Verified"",""source_url"":""https://i.fnri.dost.gov.ph/fct/library/report/4350"",""source_record_id"":""N027"",""source_name"":""DOST-FNRI PhilFCT""},""protein_g_100g"":{""value_per_100g"":0.0,""value_for_portion"":0.0,""label"":""Verified"",""source_url"":""https://i.fnri.dost.gov.ph/fct/library/report/4350"",""source_record_id"":""N027"",""source_name"":""DOST-FNRI PhilFCT""},""carbs_g_100g"":{""value_per_100g"":1.4,""value_for_portion"":1.4,""label"":""Verified"",""source_url"":""https://i.fnri.dost.gov.ph/fct/library/report/4350"",""source_record_id"":""N027"",""source_name"":""DOST-FNRI PhilFCT""},""fat_g_100g"":{""value_per_100g"":0.1,""value_for_portion"":0.1,""label"":""Verified"",""source_url"":""https://i.fnri.dost.gov.ph/fct/library/report/4350"",""source_record_id"":""N027"",""source_name"":""DOST-FNRI PhilFCT""},""fiber_g_100g"":{""value_per_100g"":0.0,""value_for_portion"":0.0,""label"":""Verified"",""source_url"":""https://i.fnri.dost.gov.ph/fct/library/report/4350"",""source_record_id"":""N027"",""source_name"":""DOST-FNRI PhilFCT""},""sugar_g_100g"":{""value_per_100g"":0.0,""value_for_portion"":0.0,""label"":""Verified"",""source_url"":""https://i.fnri.dost.gov.ph/fct/library/report/4350"",""source_record_id"":""N027"",""source_name"":""DOST-FNRI PhilFCT""},""sodium_mg_100g"":{""value_per_100g"":1.0,""value_for_portion"":1.0,""label"":""Verified"",""source_url"":""https://i.fnri.dost.gov.ph/fct/library/report/4350"",""source_record_id"":""N027"",""source_name"":""DOST-FNRI PhilFCT""},""cholesterol_mg_100g"":{""value_per_100g"":0.0,""value_for_portion"":0.0,""label"":""Verified"",""source_url"":""https://i.fnri.dost.gov.ph/fct/library/report/4350"",""source_record_id"":""N027"",""source_name"":""DOST-FNRI PhilFCT""}}"
PH_DISH_001,EST_PH_DISH_001_V1,FC000070,Garlic bulb,15,ASSUMED_REFERENCE_MIXTURE,129.0,7.0,24.6,0.3,1.7,0.8,10.0,0.0,"{""kcal_100g"":{""value_per_100g"":129.0,""value_for_portion"":129.0,""label"":""Verified"",""source_url"":""https://i.fnri.dost.gov.ph/fct/library/report/3363"",""source_record_id"":""D084"",""source_name"":""DOST-FNRI PhilFCT""},""protein_g_100g"":{""value_per_100g"":7.0,""value_for_portion"":7.0,""label"":""Verified"",""source_url"":""https://i.fnri.dost.gov.ph/fct/library/report/3363"",""source_record_id"":""D084"",""source_name"":""DOST-FNRI PhilFCT""},""carbs_g_100g"":{""value_per_100g"":24.6,""value_for_portion"":24.6,""label"":""Verified"",""source_url"":""https://i.fnri.dost.gov.ph/fct/library/report/3363"",""source_record_id"":""D084"",""source_name"":""DOST-FNRI PhilFCT""},""fat_g_100g"":{""value_per_100g"":0.3,""value_for_portion"":0.3,""label"":""Verified"",""source_url"":""https://i.fnri.dost.gov.ph/fct/library/report/3363"",""source_record_id"":""D084"",""source_name"":""DOST-FNRI PhilFCT""},""fiber_g_100g"":{""value_per_100g"":1.7,""value_for_portion"":1.7,""label"":""Verified"",""source_url"":""https://i.fnri.dost.gov.ph/fct/library/report/3363"",""source_record_id"":""D084"",""source_name"":""DOST-FNRI PhilFCT""},""sugar_g_100g"":{""value_per_100g"":0.8,""value_for_portion"":0.8,""label"":""Verified"",""source_url"":""https://i.fnri.dost.gov.ph/fct/library/report/3363"",""source_record_id"":""D084"",""source_name"":""DOST-FNRI PhilFCT""},""sodium_mg_100g"":{""value_per_100g"":10.0,""value_for_portion"":10.0,""label"":""Verified"",""source_url"":""https://i.fnri.dost.gov.ph/fct/library/report/3363"",""source_record_id"":""D084"",""source_name"":""DOST-FNRI PhilFCT""},""cholesterol_mg_100g"":{""value_per_100g"":0.0,""value_for_portion"":0.0,""label"":""Verified"",""source_url"":""https://i.fnri.dost.gov.ph/fct/library/report/3363"",""source_record_id"":""D084"",""source_name"":""DOST-FNRI PhilFCT""}}"
PH_DISH_001,EST_PH_DISH_001_V1,FC000098,Coconut oil,10,ASSUMED_REFERENCE_MIXTURE,892.0,0.0,0.0,99.1,0.0,0.0,0.0,0.0,"{""kcal_100g"":{""value_per_100g"":892.0,""value_for_portion"":892.0,""label"":""Verified"",""source_url"":""https://i.fnri.dost.gov.ph/fct/library/report/4268"",""source_record_id"":""K008"",""source_name"":""DOST-FNRI PhilFCT""},""protein_g_100g"":{""value_per_100g"":0.0,""value_for_portion"":0.0,""label"":""Verified"",""source_url"":""https://i.fnri.dost.gov.ph/fct/library/report/4268"",""source_record_id"":""K008"",""source_name"":""DOST-FNRI PhilFCT""},""carbs_g_100g"":{""value_per_100g"":0.0,""value_for_portion"":0.0,""label"":""Verified"",""source_url"":""https://i.fnri.dost.gov.ph/fct/library/report/4268"",""source_record_id"":""K008"",""source_name"":""DOST-FNRI PhilFCT""},""fat_g_100g"":{""value_per_100g"":99.1,""value_for_portion"":99.1,""label"":""Verified"",""source_url"":""https://i.fnri.dost.gov.ph/fct/library/report/4268"",""source_record_id"":""K008"",""source_name"":""DOST-FNRI PhilFCT""},""fiber_g_100g"":{""value_per_100g"":0.0,""value_for_portion"":0.0,""label"":""Verified"",""source_url"":""https://i.fnri.dost.gov.ph/fct/library/report/4268"",""source_record_id"":""K008"",""source_name"":""DOST-FNRI PhilFCT""},""sugar_g_100g"":{""value_per_100g"":0.0,""value_for_portion"":0.0,""label"":""Verified"",""source_url"":""https://i.fnri.dost.gov.ph/fct/library/report/4268"",""source_record_id"":""K008"",""source_name"":""DOST-FNRI PhilFCT""},""sodium_mg_100g"":{""value_per_100g"":0.0,""value_for_portion"":0.0,""label"":""Verified"",""source_url"":""https://i.fnri.dost.gov.ph/fct/library/report/4268"",""source_record_id"":""K008"",""source_name"":""DOST-FNRI PhilFCT""},""cholesterol_mg_100g"":{""value_per_100g"":0.0,""value_for_portion"":0.0,""label"":""Verified"",""source_url"":""https://i.fnri.dost.gov.ph/fct/library/report/4268"",""source_record_id"":""K008"",""source_name"":""DOST-FNRI PhilFCT""}}"
PH_DISH_001,EST_PH_DISH_001_V1,FC001237,"Beverages, water, tap, drinking",180,ASSUMED_REFERENCE_MIXTURE,0.0,0.0,0.0,0.0,0.0,0.0,4.0,0.0,"{""kcal_100g"":{""value_per_100g"":0.0,""value_for_portion"":0.0,""label"":""Other source"",""source_url"":""https://fdc.nal.usda.gov/food-details/173647/nutrients"",""source_record_id"":""USDA_FC001237_173647"",""source_name"":""USDA FoodData Central SR Legacy""},""protein_g_100g"":{""value_per_100g"":0.0,""value_for_portion"":0.0,""label"":""Other source"",""source_url"":""https://fdc.nal.usda.gov/food-details/173647/nutrients"",""source_record_id"":""USDA_FC001237_173647"",""source_name"":""USDA FoodData Central SR Legacy""},""carbs_g_100g"":{""value_per_100g"":0.0,""value_for_portion"":0.0,""label"":""Other source"",""source_url"":""https://fdc.nal.usda.gov/food-details/173647/nutrients"",""source_record_id"":""USDA_FC001237_173647"",""source_name"":""USDA FoodData Central SR Legacy""},""fat_g_100g"":{""value_per_100g"":0.0,""value_for_portion"":0.0,""label"":""Other source"",""source_url"":""https://fdc.nal.usda.gov/food-details/173647/nutrients"",""source_record_id"":""USDA_FC001237_173647"",""source_name"":""USDA FoodData Central SR Legacy""},""fiber_g_100g"":{""value_per_100g"":0.0,""value_for_portion"":0.0,""label"":""Other source"",""source_url"":""https://fdc.nal.usda.gov/food-details/173647/nutrients"",""source_record_id"":""USDA_FC001237_173647"",""source_name"":""USDA FoodData Central SR Legacy""},""sugar_g_100g"":{""value_per_100g"":0.0,""value_for_portion"":0.0,""label"":""Other source"",""source_url"":""https://fdc.nal.usda.gov/food-details/173647/nutrients"",""source_record_id"":""USDA_FC001237_173647"",""source_name"":""USDA FoodData Central SR Legacy""},""sodium_mg_100g"":{""value_per_100g"":4.0,""value_for_portion"":4.0,""label"":""Other source"",""source_url"":""https://fdc.nal.usda.gov/food-details/173647/nutrients"",""source_record_id"":""USDA_FC001237_173647"",""source_name"":""USDA FoodData Central SR Legacy""},""cholesterol_mg_100g"":{""value_per_100g"":0.0,""value_for_portion"":0.0,""label"":""Other source"",""source_url"":""https://fdc.nal.usda.gov/food-details/173647/nutrients"",""source_record_id"":""USDA_FC001237_173647"",""source_name"":""USDA FoodData Central SR Legacy""}}"
PH_DISH_002,EST_PH_DISH_002_V1,FC000384,"Pork belly, boiled",400,ASSUMED_REFERENCE_MIXTURE,444.0,13.0,0.0,43.6,0.0,0.0,89.0,48.0,"{""kcal_100g"":{""value_per_100g"":444.0,""value_for_portion"":444.0,""label"":""Verified"",""source_url"":""https://i.fnri.dost.gov.ph/fct/library/report/3858"",""source_record_id"":""F151"",""source_name"":""DOST-FNRI PhilFCT""},""protein_g_100g"":{""value_per_100g"":13.0,""value_for_portion"":13.0,""label"":""Verified"",""source_url"":""https://i.fnri.dost.gov.ph/fct/library/report/3858"",""source_record_id"":""F151"",""source_name"":""DOST-FNRI PhilFCT""},""carbs_g_100g"":{""value_per_100g"":0.0,""value_for_portion"":0.0,""label"":""Verified"",""source_url"":""https://i.fnri.dost.gov.ph/fct/library/report/3858"",""source_record_id"":""F151"",""source_name"":""DOST-FNRI PhilFCT""},""fat_g_100g"":{""value_per_100g"":43.6,""value_for_portion"":43.6,""label"":""Verified"",""source_url"":""https://i.fnri.dost.gov.ph/fct/library/report/3858"",""source_record_id"":""F151"",""source_name"":""DOST-FNRI PhilFCT""},""fiber_g_100g"":{""value_per_100g"":0.0,""value_for_portion"":0.0,""label"":""Verified"",""source_url"":""https://i.fnri.dost.gov.ph/fct/library/report/3858"",""source_record_id"":""F151"",""source_name"":""DOST-FNRI PhilFCT""},""sugar_g_100g"":{""value_per_100g"":0.0,""value_for_portion"":0.0,""label"":""Verified"",""source_url"":""https://i.fnri.dost.gov.ph/fct/library/report/3858"",""source_record_id"":""F151"",""source_name"":""DOST-FNRI PhilFCT""},""sodium_mg_100g"":{""value_per_100g"":89.0,""value_for_portion"":89.0,""label"":""Verified"",""source_url"":""https://i.fnri.dost.gov.ph/fct/library/report/3858"",""source_record_id"":""F151"",""source_name"":""DOST-FNRI PhilFCT""},""cholesterol_mg_100g"":{""value_per_100g"":48.0,""value_for_portion"":48.0,""label"":""Verified"",""source_url"":""https://i.fnri.dost.gov.ph/fct/library/report/3858"",""source_record_id"":""F151"",""source_name"":""DOST-FNRI PhilFCT""}}"
PH_DISH_002,EST_PH_DISH_002_V1,FC000099,Soy sauce,35,ASSUMED_REFERENCE_MIXTURE,75.0,3.5,15.0,0.1,1.0,0.5,2041.0,0.0,"{""kcal_100g"":{""value_per_100g"":75.0,""value_for_portion"":75.0,""label"":""Verified"",""source_url"":""https://i.fnri.dost.gov.ph/fct/library/report/4346"",""source_record_id"":""N023"",""source_name"":""DOST-FNRI PhilFCT""},""protein_g_100g"":{""value_per_100g"":3.5,""value_for_portion"":3.5,""label"":""Verified"",""source_url"":""https://i.fnri.dost.gov.ph/fct/library/report/4346"",""source_record_id"":""N023"",""source_name"":""DOST-FNRI PhilFCT""},""carbs_g_100g"":{""value_per_100g"":15.0,""value_for_portion"":15.0,""label"":""Verified"",""source_url"":""https://i.fnri.dost.gov.ph/fct/library/report/4346"",""source_record_id"":""N023"",""source_name"":""DOST-FNRI PhilFCT""},""fat_g_100g"":{""value_per_100g"":0.1,""value_for_portion"":0.1,""label"":""Verified"",""source_url"":""https://i.fnri.dost.gov.ph/fct/library/report/4346"",""source_record_id"":""N023"",""source_name"":""DOST-FNRI PhilFCT""},""fiber_g_100g"":{""value_per_100g"":1.0,""value_for_portion"":1.0,""label"":""Verified"",""source_url"":""https://i.fnri.dost.gov.ph/fct/library/report/4346"",""source_record_id"":""N023"",""source_name"":""DOST-FNRI PhilFCT""},""sugar_g_100g"":{""value_per_100g"":0.5,""value_for_portion"":0.5,""label"":""Verified"",""source_url"":""https://i.fnri.dost.gov.ph/fct/library/report/4346"",""source_record_id"":""N023"",""source_name"":""DOST-FNRI PhilFCT""},""sodium_mg_100g"":{""value_per_100g"":2041.0,""value_for_portion"":2041.0,""label"":""Verified"",""source_url"":""https://i.fnri.dost.gov.ph/fct/library/report/4346"",""source_record_id"":""N023"",""source_name"":""DOST-FNRI PhilFCT""},""cholesterol_mg_100g"":{""value_per_100g"":0.0,""value_for_portion"":0.0,""label"":""Verified"",""source_url"":""https://i.fnri.dost.gov.ph/fct/library/report/4346"",""source_record_id"":""N023"",""source_name"":""DOST-FNRI PhilFCT""}}"
PH_DISH_002,EST_PH_DISH_002_V1,FC000615,"Vinegar, coconut",60,ASSUMED_REFERENCE_MIXTURE,7.0,0.0,1.4,0.1,0.0,0.0,1.0,0.0,"{""kcal_100g"":{""value_per_100g"":7.0,""value_for_portion"":7.0,""label"":""Verified"",""source_url"":""https://i.fnri.dost.gov.ph/fct/library/report/4350"",""source_record_id"":""N027"",""source_name"":""DOST-FNRI PhilFCT""},""protein_g_100g"":{""value_per_100g"":0.0,""value_for_portion"":0.0,""label"":""Verified"",""source_url"":""https://i.fnri.dost.gov.ph/fct/library/report/4350"",""source_record_id"":""N027"",""source_name"":""DOST-FNRI PhilFCT""},""carbs_g_100g"":{""value_per_100g"":1.4,""value_for_portion"":1.4,""label"":""Verified"",""source_url"":""https://i.fnri.dost.gov.ph/fct/library/report/4350"",""source_record_id"":""N027"",""source_name"":""DOST-FNRI PhilFCT""},""fat_g_100g"":{""value_per_100g"":0.1,""value_for_portion"":0.1,""label"":""Verified"",""source_url"":""https://i.fnri.dost.gov.ph/fct/library/report/4350"",""source_record_id"":""N027"",""source_name"":""DOST-FNRI PhilFCT""},""fiber_g_100g"":{""value_per_100g"":0.0,""value_for_portion"":0.0,""label"":""Verified"",""source_url"":""https://i.fnri.dost.gov.ph/fct/library/report/4350"",""source_record_id"":""N027"",""source_name"":""DOST-FNRI PhilFCT""},""sugar_g_100g"":{""value_per_100g"":0.0,""value_for_portion"":0.0,""label"":""Verified"",""source_url"":""https://i.fnri.dost.gov.ph/fct/library/report/4350"",""source_record_id"":""N027"",""source_name"":""DOST-FNRI PhilFCT""},""sodium_mg_100g"":{""value_per_100g"":1.0,""value_for_portion"":1.0,""label"":""Verified"",""source_url"":""https://i.fnri.dost.gov.ph/fct/library/report/4350"",""source_record_id"":""N027"",""source_name"":""DOST-FNRI PhilFCT""},""cholesterol_mg_100g"":{""value_per_100g"":0.0,""value_for_portion"":0.0,""label"":""Verified"",""source_url"":""https://i.fnri.dost.gov.ph/fct/library/report/4350"",""source_record_id"":""N027"",""source_name"":""DOST-FNRI PhilFCT""}}"
PH_DISH_002,EST_PH_DISH_002_V1,FC000070,Garlic bulb,15,ASSUMED_REFERENCE_MIXTURE,129.0,7.0,24.6,0.3,1.7,0.8,10.0,0.0,"{""kcal_100g"":{""value_per_100g"":129.0,""value_for_portion"":129.0,""label"":""Verified"",""source_url"":""https://i.fnri.dost.gov.ph/fct/library/report/3363"",""source_record_id"":""D084"",""source_name"":""DOST-FNRI PhilFCT""},""protein_g_100g"":{""value_per_100g"":7.0,""value_for_portion"":7.0,""label"":""Verified"",""source_url"":""https://i.fnri.dost.gov.ph/fct/library/report/3363"",""source_record_id"":""D084"",""source_name"":""DOST-FNRI PhilFCT""},""carbs_g_100g"":{""value_per_100g"":24.6,""value_for_portion"":24.6,""label"":""Verified"",""source_url"":""https://i.fnri.dost.gov.ph/fct/library/report/3363"",""source_record_id"":""D084"",""source_name"":""DOST-FNRI PhilFCT""},""fat_g_100g"":{""value_per_100g"":0.3,""value_for_portion"":0.3,""label"":""Verified"",""source_url"":""https://i.fnri.dost.gov.ph/fct/library/report/3363"",""source_record_id"":""D084"",""source_name"":""DOST-FNRI PhilFCT""},""fiber_g_100g"":{""value_per_100g"":1.7,""value_for_portion"":1.7,""label"":""Verified"",""source_url"":""https://i.fnri.dost.gov.ph/fct/library/report/3363"",""source_record_id"":""D084"",""source_name"":""DOST-FNRI PhilFCT""},""sugar_g_100g"":{""value_per_100g"":0.8,""value_for_portion"":0.8,""label"":""Verified"",""source_url"":""https://i.fnri.dost.gov.ph/fct/library/report/3363"",""source_record_id"":""D084"",""source_name"":""DOST-FNRI PhilFCT""},""sodium_mg_100g"":{""value_per_100g"":10.0,""value_for_portion"":10.0,""label"":""Verified"",""source_url"":""https://i.fnri.dost.gov.ph/fct/library/report/3363"",""source_record_id"":""D084"",""source_name"":""DOST-FNRI PhilFCT""},""cholesterol_mg_100g"":{""value_per_100g"":0.0,""value_for_portion"":0.0,""label"":""Verified"",""source_url"":""https://i.fnri.dost.gov.ph/fct/library/report/3363"",""source_record_id"":""D084"",""source_name"":""DOST-FNRI PhilFCT""}}"
PH_DISH_002,EST_PH_DISH_002_V1,FC001237,"Beverages, water, tap, drinking",160,ASSUMED_REFERENCE_MIXTURE,0.0,0.0,0.0,0.0,0.0,0.0,4.0,0.0,"{""kcal_100g"":{""value_per_100g"":0.0,""value_for_portion"":0.0,""label"":""Other source"",""source_url"":""https://fdc.nal.usda.gov/food-details/173647/nutrients"",""source_record_id"":""USDA_FC001237_173647"",""source_name"":""USDA FoodData Central SR Legacy""},""protein_g_100g"":{""value_per_100g"":0.0,""value_for_portion"":0.0,""label"":""Other source"",""source_url"":""https://fdc.nal.usda.gov/food-details/173647/nutrients"",""source_record_id"":""USDA_FC001237_173647"",""source_name"":""USDA FoodData Central SR Legacy""},""carbs_g_100g"":{""value_per_100g"":0.0,""value_for_portion"":0.0,""label"":""Other source"",""source_url"":""https://fdc.nal.usda.gov/food-details/173647/nutrients"",""source_record_id"":""USDA_FC001237_173647"",""source_name"":""USDA FoodData Central SR Legacy""},""fat_g_100g"":{""value_per_100g"":0.0,""value_for_portion"":0.0,""label"":""Other source"",""source_url"":""https://fdc.nal.usda.gov/food-details/173647/nutrients"",""source_record_id"":""USDA_FC001237_173647"",""source_name"":""USDA FoodData Central SR Legacy""},""fiber_g_100g"":{""value_per_100g"":0.0,""value_for_portion"":0.0,""label"":""Other source"",""source_url"":""https://fdc.nal.usda.gov/food-details/173647/nutrients"",""source_record_id"":""USDA_FC001237_173647"",""source_name"":""USDA FoodData Central SR Legacy""},""sugar_g_100g"":{""value_per_100g"":0.0,""value_for_portion"":0.0,""label"":""Other source"",""source_url"":""https://fdc.nal.usda.gov/food-details/173647/nutrients"",""source_record_id"":""USDA_FC001237_173647"",""source_name"":""USDA FoodData Central SR Legacy""},""sodium_mg_100g"":{""value_per_100g"":4.0,""value_for_portion"":4.0,""label"":""Other source"",""source_url"":""https://fdc.nal.usda.gov/food-details/173647/nutrients"",""source_record_id"":""USDA_FC001237_173647"",""source_name"":""USDA FoodData Central SR Legacy""},""cholesterol_mg_100g"":{""value_per_100g"":0.0,""value_for_portion"":0.0,""label"":""Other source"",""source_url"":""https://fdc.nal.usda.gov/food-details/173647/nutrients"",""source_record_id"":""USDA_FC001237_173647"",""source_name"":""USDA FoodData Central SR Legacy""}}"
PH_DISH_003,EST_PH_DISH_003_V1,FC000388,"Pork Boston butt, lean, boiled",400,ASSUMED_REFERENCE_MIXTURE,212.0,15.6,0.0,16.6,0.0,0.0,47.0,,"{""kcal_100g"":{""value_per_100g"":212.0,""value_for_portion"":212.0,""label"":""Verified"",""source_url"":""https://i.fnri.dost.gov.ph/fct/library/report/3865"",""source_record_id"":""F158"",""source_name"":""DOST-FNRI PhilFCT""},""protein_g_100g"":{""value_per_100g"":15.6,""value_for_portion"":15.6,""label"":""Verified"",""source_url"":""https://i.fnri.dost.gov.ph/fct/library/report/3865"",""source_record_id"":""F158"",""source_name"":""DOST-FNRI PhilFCT""},""carbs_g_100g"":{""value_per_100g"":0.0,""value_for_portion"":0.0,""label"":""Verified"",""source_url"":""https://i.fnri.dost.gov.ph/fct/library/report/3865"",""source_record_id"":""F158"",""source_name"":""DOST-FNRI PhilFCT""},""fat_g_100g"":{""value_per_100g"":16.6,""value_for_portion"":16.6,""label"":""Verified"",""source_url"":""https://i.fnri.dost.gov.ph/fct/library/report/3865"",""source_record_id"":""F158"",""source_name"":""DOST-FNRI PhilFCT""},""fiber_g_100g"":{""value_per_100g"":0.0,""value_for_portion"":0.0,""label"":""Verified"",""source_url"":""https://i.fnri.dost.gov.ph/fct/library/report/3865"",""source_record_id"":""F158"",""source_name"":""DOST-FNRI PhilFCT""},""sugar_g_100g"":{""value_per_100g"":0.0,""value_for_portion"":0.0,""label"":""Verified"",""source_url"":""https://i.fnri.dost.gov.ph/fct/library/report/3865"",""source_record_id"":""F158"",""source_name"":""DOST-FNRI PhilFCT""},""sodium_mg_100g"":{""value_per_100g"":47.0,""value_for_portion"":47.0,""label"":""Verified"",""source_url"":""https://i.fnri.dost.gov.ph/fct/library/report/3865"",""source_record_id"":""F158"",""source_name"":""DOST-FNRI PhilFCT""},""cholesterol_mg_100g"":{""value_per_100g"":null,""value_for_portion"":null,""label"":""Unknown"",""source_url"":null,""source_record_id"":null,""source_name"":null}}"
PH_DISH_003,EST_PH_DISH_003_V1,FC000099,Soy sauce,35,ASSUMED_REFERENCE_MIXTURE,75.0,3.5,15.0,0.1,1.0,0.5,2041.0,0.0,"{""kcal_100g"":{""value_per_100g"":75.0,""value_for_portion"":75.0,""label"":""Verified"",""source_url"":""https://i.fnri.dost.gov.ph/fct/library/report/4346"",""source_record_id"":""N023"",""source_name"":""DOST-FNRI PhilFCT""},""protein_g_100g"":{""value_per_100g"":3.5,""value_for_portion"":3.5,""label"":""Verified"",""source_url"":""https://i.fnri.dost.gov.ph/fct/library/report/4346"",""source_record_id"":""N023"",""source_name"":""DOST-FNRI PhilFCT""},""carbs_g_100g"":{""value_per_100g"":15.0,""value_for_portion"":15.0,""label"":""Verified"",""source_url"":""https://i.fnri.dost.gov.ph/fct/library/report/4346"",""source_record_id"":""N023"",""source_name"":""DOST-FNRI PhilFCT""},""fat_g_100g"":{""value_per_100g"":0.1,""value_for_portion"":0.1,""label"":""Verified"",""source_url"":""https://i.fnri.dost.gov.ph/fct/library/report/4346"",""source_record_id"":""N023"",""source_name"":""DOST-FNRI PhilFCT""},""fiber_g_100g"":{""value_per_100g"":1.0,""value_for_portion"":1.0,""label"":""Verified"",""source_url"":""https://i.fnri.dost.gov.ph/fct/library/report/4346"",""source_record_id"":""N023"",""source_name"":""DOST-FNRI PhilFCT""},""sugar_g_100g"":{""value_per_100g"":0.5,""value_for_portion"":0.5,""label"":""Verified"",""source_url"":""https://i.fnri.dost.gov.ph/fct/library/report/4346"",""source_record_id"":""N023"",""source_name"":""DOST-FNRI PhilFCT""},""sodium_mg_100g"":{""value_per_100g"":2041.0,""value_for_portion"":2041.0,""label"":""Verified"",""source_url"":""https://i.fnri.dost.gov.ph/fct/library/report/4346"",""source_record_id"":""N023"",""source_name"":""DOST-FNRI PhilFCT""},""cholesterol_mg_100g"":{""value_per_100g"":0.0,""value_for_portion"":0.0,""label"":""Verified"",""source_url"":""https://i.fnri.dost.gov.ph/fct/library/report/4346"",""source_record_id"":""N023"",""source_name"":""DOST-FNRI PhilFCT""}}"
PH_DISH_003,EST_PH_DISH_003_V1,FC000615,"Vinegar, coconut",60,ASSUMED_REFERENCE_MIXTURE,7.0,0.0,1.4,0.1,0.0,0.0,1.0,0.0,"{""kcal_100g"":{""value_per_100g"":7.0,""value_for_portion"":7.0,""label"":""Verified"",""source_url"":""https://i.fnri.dost.gov.ph/fct/library/report/4350"",""source_record_id"":""N027"",""source_name"":""DOST-FNRI PhilFCT""},""protein_g_100g"":{""value_per_100g"":0.0,""value_for_portion"":0.0,""label"":""Verified"",""source_url"":""https://i.fnri.dost.gov.ph/fct/library/report/4350"",""source_record_id"":""N027"",""source_name"":""DOST-FNRI PhilFCT""},""carbs_g_100g"":{""value_per_100g"":1.4,""value_for_portion"":1.4,""label"":""Verified"",""source_url"":""https://i.fnri.dost.gov.ph/fct/library/report/4350"",""source_record_id"":""N027"",""source_name"":""DOST-FNRI PhilFCT""},""fat_g_100g"":{""value_per_100g"":0.1,""value_for_portion"":0.1,""label"":""Verified"",""source_url"":""https://i.fnri.dost.gov.ph/fct/library/report/4350"",""source_record_id"":""N027"",""source_name"":""DOST-FNRI PhilFCT""},""fiber_g_100g"":{""value_per_100g"":0.0,""value_for_portion"":0.0,""label"":""Verified"",""source_url"":""https://i.fnri.dost.gov.ph/fct/library/report/4350"",""source_record_id"":""N027"",""source_name"":""DOST-FNRI PhilFCT""},""sugar_g_100g"":{""value_per_100g"":0.0,""value_for_portion"":0.0,""label"":""Verified"",""source_url"":""https://i.fnri.dost.gov.ph/fct/library/report/4350"",""source_record_id"":""N027"",""source_name"":""DOST-FNRI PhilFCT""},""sodium_mg_100g"":{""value_per_100g"":1.0,""value_for_portion"":1.0,""label"":""Verified"",""source_url"":""https://i.fnri.dost.gov.ph/fct/library/report/4350"",""source_record_id"":""N027"",""source_name"":""DOST-FNRI PhilFCT""},""cholesterol_mg_100g"":{""value_per_100g"":0.0,""value_for_portion"":0.0,""label"":""Verified"",""source_url"":""https://i.fnri.dost.gov.ph/fct/library/report/4350"",""source_record_id"":""N027"",""source_name"":""DOST-FNRI PhilFCT""}}"
PH_DISH_003,EST_PH_DISH_003_V1,FC000070,Garlic bulb,15,ASSUMED_REFERENCE_MIXTURE,129.0,7.0,24.6,0.3,1.7,0.8,10.0,0.0,"{""kcal_100g"":{""value_per_100g"":129.0,""value_for_portion"":129.0,""label"":""Verified"",""source_url"":""https://i.fnri.dost.gov.ph/fct/library/report/3363"",""source_record_id"":""D084"",""source_name"":""DOST-FNRI PhilFCT""},""protein_g_100g"":{""value_per_100g"":7.0,""value_for_portion"":7.0,""label"":""Verified"",""source_url"":""https://i.fnri.dost.gov.ph/fct/library/report/3363"",""source_record_id"":""D084"",""source_name"":""DOST-FNRI PhilFCT""},""carbs_g_100g"":{""value_per_100g"":24.6,""value_for_portion"":24.6,""label"":""Verified"",""source_url"":""https://i.fnri.dost.gov.ph/fct/library/report/3363"",""source_record_id"":""D084"",""source_name"":""DOST-FNRI PhilFCT""},""fat_g_100g"":{""value_per_100g"":0.3,""value_for_portion"":0.3,""label"":""Verified"",""source_url"":""https://i.fnri.dost.gov.ph/fct/library/report/3363"",""source_record_id"":""D084"",""source_name"":""DOST-FNRI PhilFCT""},""fiber_g_100g"":{""value_per_100g"":1.7,""value_for_portion"":1.7,""label"":""Verified"",""source_url"":""https://i.fnri.dost.gov.ph/fct/library/report/3363"",""source_record_id"":""D084"",""source_name"":""DOST-FNRI PhilFCT""},""sugar_g_100g"":{""value_per_100g"":0.8,""value_for_portion"":0.8,""label"":""Verified"",""source_url"":""https://i.fnri.dost.gov.ph/fct/library/report/3363"",""source_record_id"":""D084"",""source_name"":""DOST-FNRI PhilFCT""},""sodium_mg_100g"":{""value_per_100g"":10.0,""value_for_portion"":10.0,""label"":""Verified"",""source_url"":""https://i.fnri.dost.gov.ph/fct/library/report/3363"",""source_record_id"":""D084"",""source_name"":""DOST-FNRI PhilFCT""},""cholesterol_mg_100g"":{""value_per_100g"":0.0,""value_for_portion"":0.0,""label"":""Verified"",""source_url"":""https://i.fnri.dost.gov.ph/fct/library/report/3363"",""source_record_id"":""D084"",""source_name"":""DOST-FNRI PhilFCT""}}"
PH_DISH_003,EST_PH_DISH_003_V1,FC000098,Coconut oil,10,ASSUMED_REFERENCE_MIXTURE,892.0,0.0,0.0,99.1,0.0,0.0,0.0,0.0,"{""kcal_100g"":{""value_per_100g"":892.0,""value_for_portion"":892.0,""label"":""Verified"",""source_url"":""https://i.fnri.dost.gov.ph/fct/library/report/4268"",""source_record_id"":""K008"",""source_name"":""DOST-FNRI PhilFCT""},""protein_g_100g"":{""value_per_100g"":0.0,""value_for_portion"":0.0,""label"":""Verified"",""source_url"":""https://i.fnri.dost.gov.ph/fct/library/report/4268"",""source_record_id"":""K008"",""source_name"":""DOST-FNRI PhilFCT""},""carbs_g_100g"":{""value_per_100g"":0.0,""value_for_portion"":0.0,""label"":""Verified"",""source_url"":""https://i.fnri.dost.gov.ph/fct/library/report/4268"",""source_record_id"":""K008"",""source_name"":""DOST-FNRI PhilFCT""},""fat_g_100g"":{""value_per_100g"":99.1,""value_for_portion"":99.1,""label"":""Verified"",""source_url"":""https://i.fnri.dost.gov.ph/fct/library/report/4268"",""source_record_id"":""K008"",""source_name"":""DOST-FNRI PhilFCT""},""fiber_g_100g"":{""value_per_100g"":0.0,""value_for_portion"":0.0,""label"":""Verified"",""source_url"":""https://i.fnri.dost.gov.ph/fct/library/report/4268"",""source_record_id"":""K008"",""source_name"":""DOST-FNRI PhilFCT""},""sugar_g_100g"":{""value_per_100g"":0.0,""value_for_portion"":0.0,""label"":""Verified"",""source_url"":""https://i.fnri.dost.gov.ph/fct/library/report/4268"",""source_record_id"":""K008"",""source_name"":""DOST-FNRI PhilFCT""},""sodium_mg_100g"":{""value_per_100g"":0.0,""value_for_portion"":0.0,""label"":""Verified"",""source_url"":""https://i.fnri.dost.gov.ph/fct/library/report/4268"",""source_record_id"":""K008"",""source_name"":""DOST-FNRI PhilFCT""},""cholesterol_mg_100g"":{""value_per_100g"":0.0,""value_for_portion"":0.0,""label"":""Verified"",""source_url"":""https://i.fnri.dost.gov.ph/fct/library/report/4268"",""source_record_id"":""K008"",""source_name"":""DOST-FNRI PhilFCT""}}"
PH_DISH_003,EST_PH_DISH_003_V1,FC001237,"Beverages, water, tap, drinking",160,ASSUMED_REFERENCE_MIXTURE,0.0,0.0,0.0,0.0,0.0,0.0,4.0,0.0,"{""kcal_100g"":{""value_per_100g"":0.0,""value_for_portion"":0.0,""label"":""Other source"",""source_url"":""https://fdc.nal.usda.gov/food-details/173647/nutrients"",""source_record_id"":""USDA_FC001237_173647"",""source_name"":""USDA FoodData Central SR Legacy""},""protein_g_100g"":{""value_per_100g"":0.0,""value_for_portion"":0.0,""label"":""Other source"",""source_url"":""https://fdc.nal.usda.gov/food-details/173647/nutrients"",""source_record_id"":""USDA_FC001237_173647"",""source_name"":""USDA FoodData Central SR Legacy""},""carbs_g_100g"":{""value_per_100g"":0.0,""value_for_portion"":0.0,""label"":""Other source"",""source_url"":""https://fdc.nal.usda.gov/food-details/173647/nutrients"",""source_record_id"":""USDA_FC001237_173647"",""source_name"":""USDA FoodData Central SR Legacy""},""fat_g_100g"":{""value_per_100g"":0.0,""value_for_portion"":0.0,""label"":""Other source"",""source_url"":""https://fdc.nal.usda.gov/food-details/173647/nutrients"",""source_record_id"":""USDA_FC001237_173647"",""source_name"":""USDA FoodData Central SR Legacy""},""fiber_g_100g"":{""value_per_100g"":0.0,""value_for_portion"":0.0,""label"":""Other source"",""source_url"":""https://fdc.nal.usda.gov/food-details/173647/nutrients"",""source_record_id"":""USDA_FC001237_173647"",""source_name"":""USDA FoodData Central SR Legacy""},""sugar_g_100g"":{""value_per_100g"":0.0,""value_for_portion"":0.0,""label"":""Other source"",""source_url"":""https://fdc.nal.usda.gov/food-details/173647/nutrients"",""source_record_id"":""USDA_FC001237_173647"",""source_name"":""USDA FoodData Central SR Legacy""},""sodium_mg_100g"":{""value_per_100g"":4.0,""value_for_portion"":4.0,""label"":""Other source"",""source_url"":""https://fdc.nal.usda.gov/food-details/173647/nutrients"",""source_record_id"":""USDA_FC001237_173647"",""source_name"":""USDA FoodData Central SR Legacy""},""cholesterol_mg_100g"":{""value_per_100g"":0.0,""value_for_portion"":0.0,""label"":""Other source"",""source_url"":""https://fdc.nal.usda.gov/food-details/173647/nutrients"",""source_record_id"":""USDA_FC001237_173647"",""source_name"":""USDA FoodData Central SR Legacy""}}"
PH_DISH_004,EST_PH_DISH_004_V1,FC000382,"Chicken, white meat, boiled",250,ASSUMED_REFERENCE_MIXTURE,173.0,32.9,0.0,4.6,0.0,0.0,81.0,,"{""kcal_100g"":{""value_per_100g"":173.0,""value_for_portion"":173.0,""label"":""Verified"",""source_url"":""https://i.fnri.dost.gov.ph/fct/library/report/3818"",""source_record_id"":""F111"",""source_name"":""DOST-FNRI PhilFCT""},""protein_g_100g"":{""value_per_100g"":32.9,""value_for_portion"":32.9,""label"":""Verified"",""source_url"":""https://i.fnri.dost.gov.ph/fct/library/report/3818"",""source_record_id"":""F111"",""source_name"":""DOST-FNRI PhilFCT""},""carbs_g_100g"":{""value_per_100g"":0.0,""value_for_portion"":0.0,""label"":""Verified"",""source_url"":""https://i.fnri.dost.gov.ph/fct/library/report/3818"",""source_record_id"":""F111"",""source_name"":""DOST-FNRI PhilFCT""},""fat_g_100g"":{""value_per_100g"":4.6,""value_for_portion"":4.6,""label"":""Verified"",""source_url"":""https://i.fnri.dost.gov.ph/fct/library/report/3818"",""source_record_id"":""F111"",""source_name"":""DOST-FNRI PhilFCT""},""fiber_g_100g"":{""value_per_100g"":0.0,""value_for_portion"":0.0,""label"":""Verified"",""source_url"":""https://i.fnri.dost.gov.ph/fct/library/report/3818"",""source_record_id"":""F111"",""source_name"":""DOST-FNRI PhilFCT""},""sugar_g_100g"":{""value_per_100g"":0.0,""value_for_portion"":0.0,""label"":""Verified"",""source_url"":""https://i.fnri.dost.gov.ph/fct/library/report/3818"",""source_record_id"":""F111"",""source_name"":""DOST-FNRI PhilFCT""},""sodium_mg_100g"":{""value_per_100g"":81.0,""value_for_portion"":81.0,""label"":""Verified"",""source_url"":""https://i.fnri.dost.gov.ph/fct/library/report/3818"",""source_record_id"":""F111"",""source_name"":""DOST-FNRI PhilFCT""},""cholesterol_mg_100g"":{""value_per_100g"":null,""value_for_portion"":null,""label"":""Unknown"",""source_url"":null,""source_record_id"":null,""source_name"":null}}"
PH_DISH_004,EST_PH_DISH_004_V1,FC000384,"Pork belly, boiled",250,ASSUMED_REFERENCE_MIXTURE,444.0,13.0,0.0,43.6,0.0,0.0,89.0,48.0,"{""kcal_100g"":{""value_per_100g"":444.0,""value_for_portion"":444.0,""label"":""Verified"",""source_url"":""https://i.fnri.dost.gov.ph/fct/library/report/3858"",""source_record_id"":""F151"",""source_name"":""DOST-FNRI PhilFCT""},""protein_g_100g"":{""value_per_100g"":13.0,""value_for_portion"":13.0,""label"":""Verified"",""source_url"":""https://i.fnri.dost.gov.ph/fct/library/report/3858"",""source_record_id"":""F151"",""source_name"":""DOST-FNRI PhilFCT""},""carbs_g_100g"":{""value_per_100g"":0.0,""value_for_portion"":0.0,""label"":""Verified"",""source_url"":""https://i.fnri.dost.gov.ph/fct/library/report/3858"",""source_record_id"":""F151"",""source_name"":""DOST-FNRI PhilFCT""},""fat_g_100g"":{""value_per_100g"":43.6,""value_for_portion"":43.6,""label"":""Verified"",""source_url"":""https://i.fnri.dost.gov.ph/fct/library/report/3858"",""source_record_id"":""F151"",""source_name"":""DOST-FNRI PhilFCT""},""fiber_g_100g"":{""value_per_100g"":0.0,""value_for_portion"":0.0,""label"":""Verified"",""source_url"":""https://i.fnri.dost.gov.ph/fct/library/report/3858"",""source_record_id"":""F151"",""source_name"":""DOST-FNRI PhilFCT""},""sugar_g_100g"":{""value_per_100g"":0.0,""value_for_portion"":0.0,""label"":""Verified"",""source_url"":""https://i.fnri.dost.gov.ph/fct/library/report/3858"",""source_record_id"":""F151"",""source_name"":""DOST-FNRI PhilFCT""},""sodium_mg_100g"":{""value_per_100g"":89.0,""value_for_portion"":89.0,""label"":""Verified"",""source_url"":""https://i.fnri.dost.gov.ph/fct/library/report/3858"",""source_record_id"":""F151"",""source_name"":""DOST-FNRI PhilFCT""},""cholesterol_mg_100g"":{""value_per_100g"":48.0,""value_for_portion"":48.0,""label"":""Verified"",""source_url"":""https://i.fnri.dost.gov.ph/fct/library/report/3858"",""source_record_id"":""F151"",""source_name"":""DOST-FNRI PhilFCT""}}"
PH_DISH_004,EST_PH_DISH_004_V1,FC000099,Soy sauce,40,ASSUMED_REFERENCE_MIXTURE,75.0,3.5,15.0,0.1,1.0,0.5,2041.0,0.0,"{""kcal_100g"":{""value_per_100g"":75.0,""value_for_portion"":75.0,""label"":""Verified"",""source_url"":""https://i.fnri.dost.gov.ph/fct/library/report/4346"",""source_record_id"":""N023"",""source_name"":""DOST-FNRI PhilFCT""},""protein_g_100g"":{""value_per_100g"":3.5,""value_for_portion"":3.5,""label"":""Verified"",""source_url"":""https://i.fnri.dost.gov.ph/fct/library/report/4346"",""source_record_id"":""N023"",""source_name"":""DOST-FNRI PhilFCT""},""carbs_g_100g"":{""value_per_100g"":15.0,""value_for_portion"":15.0,""label"":""Verified"",""source_url"":""https://i.fnri.dost.gov.ph/fct/library/report/4346"",""source_record_id"":""N023"",""source_name"":""DOST-FNRI PhilFCT""},""fat_g_100g"":{""value_per_100g"":0.1,""value_for_portion"":0.1,""label"":""Verified"",""source_url"":""https://i.fnri.dost.gov.ph/fct/library/report/4346"",""source_record_id"":""N023"",""source_name"":""DOST-FNRI PhilFCT""},""fiber_g_100g"":{""value_per_100g"":1.0,""value_for_portion"":1.0,""label"":""Verified"",""source_url"":""https://i.fnri.dost.gov.ph/fct/library/report/4346"",""source_record_id"":""N023"",""source_name"":""DOST-FNRI PhilFCT""},""sugar_g_100g"":{""value_per_100g"":0.5,""value_for_portion"":0.5,""label"":""Verified"",""source_url"":""https://i.fnri.dost.gov.ph/fct/library/report/4346"",""source_record_id"":""N023"",""source_name"":""DOST-FNRI PhilFCT""},""sodium_mg_100g"":{""value_per_100g"":2041.0,""value_for_portion"":2041.0,""label"":""Verified"",""source_url"":""https://i.fnri.dost.gov.ph/fct/library/report/4346"",""source_record_id"":""N023"",""source_name"":""DOST-FNRI PhilFCT""},""cholesterol_mg_100g"":{""value_per_100g"":0.0,""value_for_portion"":0.0,""label"":""Verified"",""source_url"":""https://i.fnri.dost.gov.ph/fct/library/report/4346"",""source_record_id"":""N023"",""source_name"":""DOST-FNRI PhilFCT""}}"
PH_DISH_004,EST_PH_DISH_004_V1,FC000615,"Vinegar, coconut",70,ASSUMED_REFERENCE_MIXTURE,7.0,0.0,1.4,0.1,0.0,0.0,1.0,0.0,"{""kcal_100g"":{""value_per_100g"":7.0,""value_for_portion"":7.0,""label"":""Verified"",""source_url"":""https://i.fnri.dost.gov.ph/fct/library/report/4350"",""source_record_id"":""N027"",""source_name"":""DOST-FNRI PhilFCT""},""protein_g_100g"":{""value_per_100g"":0.0,""value_for_portion"":0.0,""label"":""Verified"",""source_url"":""https://i.fnri.dost.gov.ph/fct/library/report/4350"",""source_record_id"":""N027"",""source_name"":""DOST-FNRI PhilFCT""},""carbs_g_100g"":{""value_per_100g"":1.4,""value_for_portion"":1.4,""label"":""Verified"",""source_url"":""https://i.fnri.dost.gov.ph/fct/library/report/4350"",""source_record_id"":""N027"",""source_name"":""DOST-FNRI PhilFCT""},""fat_g_100g"":{""value_per_100g"":0.1,""value_for_portion"":0.1,""label"":""Verified"",""source_url"":""https://i.fnri.dost.gov.ph/fct/library/report/4350"",""source_record_id"":""N027"",""source_name"":""DOST-FNRI PhilFCT""},""fiber_g_100g"":{""value_per_100g"":0.0,""value_for_portion"":0.0,""label"":""Verified"",""source_url"":""https://i.fnri.dost.gov.ph/fct/library/report/4350"",""source_record_id"":""N027"",""source_name"":""DOST-FNRI PhilFCT""},""sugar_g_100g"":{""value_per_100g"":0.0,""value_for_portion"":0.0,""label"":""Verified"",""source_url"":""https://i.fnri.dost.gov.ph/fct/library/report/4350"",""source_record_id"":""N027"",""source_name"":""DOST-FNRI PhilFCT""},""sodium_mg_100g"":{""value_per_100g"":1.0,""value_for_portion"":1.0,""label"":""Verified"",""source_url"":""https://i.fnri.dost.gov.ph/fct/library/report/4350"",""source_record_id"":""N027"",""source_name"":""DOST-FNRI PhilFCT""},""cholesterol_mg_100g"":{""value_per_100g"":0.0,""value_for_portion"":0.0,""label"":""Verified"",""source_url"":""https://i.fnri.dost.gov.ph/fct/library/report/4350"",""source_record_id"":""N027"",""source_name"":""DOST-FNRI PhilFCT""}}"
PH_DISH_004,EST_PH_DISH_004_V1,FC000070,Garlic bulb,20,ASSUMED_REFERENCE_MIXTURE,129.0,7.0,24.6,0.3,1.7,0.8,10.0,0.0,"{""kcal_100g"":{""value_per_100g"":129.0,""value_for_portion"":129.0,""label"":""Verified"",""source_url"":""https://i.fnri.dost.gov.ph/fct/library/report/3363"",""source_record_id"":""D084"",""source_name"":""DOST-FNRI PhilFCT""},""protein_g_100g"":{""value_per_100g"":7.0,""value_for_portion"":7.0,""label"":""Verified"",""source_url"":""https://i.fnri.dost.gov.ph/fct/library/report/3363"",""source_record_id"":""D084"",""source_name"":""DOST-FNRI PhilFCT""},""carbs_g_100g"":{""value_per_100g"":24.6,""value_for_portion"":24.6,""label"":""Verified"",""source_url"":""https://i.fnri.dost.gov.ph/fct/library/report/3363"",""source_record_id"":""D084"",""source_name"":""DOST-FNRI PhilFCT""},""fat_g_100g"":{""value_per_100g"":0.3,""value_for_portion"":0.3,""label"":""Verified"",""source_url"":""https://i.fnri.dost.gov.ph/fct/library/report/3363"",""source_record_id"":""D084"",""source_name"":""DOST-FNRI PhilFCT""},""fiber_g_100g"":{""value_per_100g"":1.7,""value_for_portion"":1.7,""label"":""Verified"",""source_url"":""https://i.fnri.dost.gov.ph/fct/library/report/3363"",""source_record_id"":""D084"",""source_name"":""DOST-FNRI PhilFCT""},""sugar_g_100g"":{""value_per_100g"":0.8,""value_for_portion"":0.8,""label"":""Verified"",""source_url"":""https://i.fnri.dost.gov.ph/fct/library/report/3363"",""source_record_id"":""D084"",""source_name"":""DOST-FNRI PhilFCT""},""sodium_mg_100g"":{""value_per_100g"":10.0,""value_for_portion"":10.0,""label"":""Verified"",""source_url"":""https://i.fnri.dost.gov.ph/fct/library/report/3363"",""source_record_id"":""D084"",""source_name"":""DOST-FNRI PhilFCT""},""cholesterol_mg_100g"":{""value_per_100g"":0.0,""value_for_portion"":0.0,""label"":""Verified"",""source_url"":""https://i.fnri.dost.gov.ph/fct/library/report/3363"",""source_record_id"":""D084"",""source_name"":""DOST-FNRI PhilFCT""}}"
PH_DISH_004,EST_PH_DISH_004_V1,FC001237,"Beverages, water, tap, drinking",200,ASSUMED_REFERENCE_MIXTURE,0.0,0.0,0.0,0.0,0.0,0.0,4.0,0.0,"{""kcal_100g"":{""value_per_100g"":0.0,""value_for_portion"":0.0,""label"":""Other source"",""source_url"":""https://fdc.nal.usda.gov/food-details/173647/nutrients"",""source_record_id"":""USDA_FC001237_173647"",""source_name"":""USDA FoodData Central SR Legacy""},""protein_g_100g"":{""value_per_100g"":0.0,""value_for_portion"":0.0,""label"":""Other source"",""source_url"":""https://fdc.nal.usda.gov/food-details/173647/nutrients"",""source_record_id"":""USDA_FC001237_173647"",""source_name"":""USDA FoodData Central SR Legacy""},""carbs_g_100g"":{""value_per_100g"":0.0,""value_for_portion"":0.0,""label"":""Other source"",""source_url"":""https://fdc.nal.usda.gov/food-details/173647/nutrients"",""source_record_id"":""USDA_FC001237_173647"",""source_name"":""USDA FoodData Central SR Legacy""},""fat_g_100g"":{""value_per_100g"":0.0,""value_for_portion"":0.0,""label"":""Other source"",""source_url"":""https://fdc.nal.usda.gov/food-details/173647/nutrients"",""source_record_id"":""USDA_FC001237_173647"",""source_name"":""USDA FoodData Central SR Legacy""},""fiber_g_100g"":{""value_per_100g"":0.0,""value_for_portion"":0.0,""label"":""Other source"",""source_url"":""https://fdc.nal.usda.gov/food-details/173647/nutrients"",""source_record_id"":""USDA_FC001237_173647"",""source_name"":""USDA FoodData Central SR Legacy""},""sugar_g_100g"":{""value_per_100g"":0.0,""value_for_portion"":0.0,""label"":""Other source"",""source_url"":""https://fdc.nal.usda.gov/food-details/173647/nutrients"",""source_record_id"":""USDA_FC001237_173647"",""source_name"":""USDA FoodData Central SR Legacy""},""sodium_mg_100g"":{""value_per_100g"":4.0,""value_for_portion"":4.0,""label"":""Other source"",""source_url"":""https://fdc.nal.usda.gov/food-details/173647/nutrients"",""source_record_id"":""USDA_FC001237_173647"",""source_name"":""USDA FoodData Central SR Legacy""},""cholesterol_mg_100g"":{""value_per_100g"":0.0,""value_for_portion"":0.0,""label"":""Other source"",""source_url"":""https://fdc.nal.usda.gov/food-details/173647/nutrients"",""source_record_id"":""USDA_FC001237_173647"",""source_name"":""USDA FoodData Central SR Legacy""}}"
PH_DISH_005,EST_PH_DISH_005_V1,FC000456,"Squid, boiled",400,ASSUMED_REFERENCE_MIXTURE,80.0,17.4,0.0,1.2,0.0,0.0,40.0,,"{""kcal_100g"":{""value_per_100g"":80.0,""value_for_portion"":80.0,""label"":""Verified"",""source_url"":""https://i.fnri.dost.gov.ph/fct/library/report/4112"",""source_record_id"":""G132"",""source_name"":""DOST-FNRI PhilFCT""},""protein_g_100g"":{""value_per_100g"":17.4,""value_for_portion"":17.4,""label"":""Verified"",""source_url"":""https://i.fnri.dost.gov.ph/fct/library/report/4112"",""source_record_id"":""G132"",""source_name"":""DOST-FNRI PhilFCT""},""carbs_g_100g"":{""value_per_100g"":0.0,""value_for_portion"":0.0,""label"":""Verified"",""source_url"":""https://i.fnri.dost.gov.ph/fct/library/report/4112"",""source_record_id"":""G132"",""source_name"":""DOST-FNRI PhilFCT""},""fat_g_100g"":{""value_per_100g"":1.2,""value_for_portion"":1.2,""label"":""Verified"",""source_url"":""https://i.fnri.dost.gov.ph/fct/library/report/4112"",""source_record_id"":""G132"",""source_name"":""DOST-FNRI PhilFCT""},""fiber_g_100g"":{""value_per_100g"":0.0,""value_for_portion"":0.0,""label"":""Verified"",""source_url"":""https://i.fnri.dost.gov.ph/fct/library/report/4112"",""source_record_id"":""G132"",""source_name"":""DOST-FNRI PhilFCT""},""sugar_g_100g"":{""value_per_100g"":0.0,""value_for_portion"":0.0,""label"":""Verified"",""source_url"":""https://i.fnri.dost.gov.ph/fct/library/report/4112"",""source_record_id"":""G132"",""source_name"":""DOST-FNRI PhilFCT""},""sodium_mg_100g"":{""value_per_100g"":40.0,""value_for_portion"":40.0,""label"":""Verified"",""source_url"":""https://i.fnri.dost.gov.ph/fct/library/report/4112"",""source_record_id"":""G132"",""source_name"":""DOST-FNRI PhilFCT""},""cholesterol_mg_100g"":{""value_per_100g"":null,""value_for_portion"":null,""label"":""Unknown"",""source_url"":null,""source_record_id"":null,""source_name"":null}}"
PH_DISH_005,EST_PH_DISH_005_V1,FC000099,Soy sauce,25,ASSUMED_REFERENCE_MIXTURE,75.0,3.5,15.0,0.1,1.0,0.5,2041.0,0.0,"{""kcal_100g"":{""value_per_100g"":75.0,""value_for_portion"":75.0,""label"":""Verified"",""source_url"":""https://i.fnri.dost.gov.ph/fct/library/report/4346"",""source_record_id"":""N023"",""source_name"":""DOST-FNRI PhilFCT""},""protein_g_100g"":{""value_per_100g"":3.5,""value_for_portion"":3.5,""label"":""Verified"",""source_url"":""https://i.fnri.dost.gov.ph/fct/library/report/4346"",""source_record_id"":""N023"",""source_name"":""DOST-FNRI PhilFCT""},""carbs_g_100g"":{""value_per_100g"":15.0,""value_for_portion"":15.0,""label"":""Verified"",""source_url"":""https://i.fnri.dost.gov.ph/fct/library/report/4346"",""source_record_id"":""N023"",""source_name"":""DOST-FNRI PhilFCT""},""fat_g_100g"":{""value_per_100g"":0.1,""value_for_portion"":0.1,""label"":""Verified"",""source_url"":""https://i.fnri.dost.gov.ph/fct/library/report/4346"",""source_record_id"":""N023"",""source_name"":""DOST-FNRI PhilFCT""},""fiber_g_100g"":{""value_per_100g"":1.0,""value_for_portion"":1.0,""label"":""Verified"",""source_url"":""https://i.fnri.dost.gov.ph/fct/library/report/4346"",""source_record_id"":""N023"",""source_name"":""DOST-FNRI PhilFCT""},""sugar_g_100g"":{""value_per_100g"":0.5,""value_for_portion"":0.5,""label"":""Verified"",""source_url"":""https://i.fnri.dost.gov.ph/fct/library/report/4346"",""source_record_id"":""N023"",""source_name"":""DOST-FNRI PhilFCT""},""sodium_mg_100g"":{""value_per_100g"":2041.0,""value_for_portion"":2041.0,""label"":""Verified"",""source_url"":""https://i.fnri.dost.gov.ph/fct/library/report/4346"",""source_record_id"":""N023"",""source_name"":""DOST-FNRI PhilFCT""},""cholesterol_mg_100g"":{""value_per_100g"":0.0,""value_for_portion"":0.0,""label"":""Verified"",""source_url"":""https://i.fnri.dost.gov.ph/fct/library/report/4346"",""source_record_id"":""N023"",""source_name"":""DOST-FNRI PhilFCT""}}"
PH_DISH_005,EST_PH_DISH_005_V1,FC000615,"Vinegar, coconut",40,ASSUMED_REFERENCE_MIXTURE,7.0,0.0,1.4,0.1,0.0,0.0,1.0,0.0,"{""kcal_100g"":{""value_per_100g"":7.0,""value_for_portion"":7.0,""label"":""Verified"",""source_url"":""https://i.fnri.dost.gov.ph/fct/library/report/4350"",""source_record_id"":""N027"",""source_name"":""DOST-FNRI PhilFCT""},""protein_g_100g"":{""value_per_100g"":0.0,""value_for_portion"":0.0,""label"":""Verified"",""source_url"":""https://i.fnri.dost.gov.ph/fct/library/report/4350"",""source_record_id"":""N027"",""source_name"":""DOST-FNRI PhilFCT""},""carbs_g_100g"":{""value_per_100g"":1.4,""value_for_portion"":1.4,""label"":""Verified"",""source_url"":""https://i.fnri.dost.gov.ph/fct/library/report/4350"",""source_record_id"":""N027"",""source_name"":""DOST-FNRI PhilFCT""},""fat_g_100g"":{""value_per_100g"":0.1,""value_for_portion"":0.1,""label"":""Verified"",""source_url"":""https://i.fnri.dost.gov.ph/fct/library/report/4350"",""source_record_id"":""N027"",""source_name"":""DOST-FNRI PhilFCT""},""fiber_g_100g"":{""value_per_100g"":0.0,""value_for_portion"":0.0,""label"":""Verified"",""source_url"":""https://i.fnri.dost.gov.ph/fct/library/report/4350"",""source_record_id"":""N027"",""source_name"":""DOST-FNRI PhilFCT""},""sugar_g_100g"":{""value_per_100g"":0.0,""value_for_portion"":0.0,""label"":""Verified"",""source_url"":""https://i.fnri.dost.gov.ph/fct/library/report/4350"",""source_record_id"":""N027"",""source_name"":""DOST-FNRI PhilFCT""},""sodium_mg_100g"":{""value_per_100g"":1.0,""value_for_portion"":1.0,""label"":""Verified"",""source_url"":""https://i.fnri.dost.gov.ph/fct/library/report/4350"",""source_record_id"":""N027"",""source_name"":""DOST-FNRI PhilFCT""},""cholesterol_mg_100g"":{""value_per_100g"":0.0,""value_for_portion"":0.0,""label"":""Verified"",""source_url"":""https://i.fnri.dost.gov.ph/fct/library/report/4350"",""source_record_id"":""N027"",""source_name"":""DOST-FNRI PhilFCT""}}"
PH_DISH_005,EST_PH_DISH_005_V1,FC000070,Garlic bulb,15,ASSUMED_REFERENCE_MIXTURE,129.0,7.0,24.6,0.3,1.7,0.8,10.0,0.0,"{""kcal_100g"":{""value_per_100g"":129.0,""value_for_portion"":129.0,""label"":""Verified"",""source_url"":""https://i.fnri.dost.gov.ph/fct/library/report/3363"",""source_record_id"":""D084"",""source_name"":""DOST-FNRI PhilFCT""},""protein_g_100g"":{""value_per_100g"":7.0,""value_for_portion"":7.0,""label"":""Verified"",""source_url"":""https://i.fnri.dost.gov.ph/fct/library/report/3363"",""source_record_id"":""D084"",""source_name"":""DOST-FNRI PhilFCT""},""carbs_g_100g"":{""value_per_100g"":24.6,""value_for_portion"":24.6,""label"":""Verified"",""source_url"":""https://i.fnri.dost.gov.ph/fct/library/report/3363"",""source_record_id"":""D084"",""source_name"":""DOST-FNRI PhilFCT""},""fat_g_100g"":{""value_per_100g"":0.3,""value_for_portion"":0.3,""label"":""Verified"",""source_url"":""https://i.fnri.dost.gov.ph/fct/library/report/3363"",""source_record_id"":""D084"",""source_name"":""DOST-FNRI PhilFCT""},""fiber_g_100g"":{""value_per_100g"":1.7,""value_for_portion"":1.7,""label"":""Verified"",""source_url"":""https://i.fnri.dost.gov.ph/fct/library/report/3363"",""source_record_id"":""D084"",""source_name"":""DOST-FNRI PhilFCT""},""sugar_g_100g"":{""value_per_100g"":0.8,""value_for_portion"":0.8,""label"":""Verified"",""source_url"":""https://i.fnri.dost.gov.ph/fct/library/report/3363"",""source_record_id"":""D084"",""source_name"":""DOST-FNRI PhilFCT""},""sodium_mg_100g"":{""value_per_100g"":10.0,""value_for_portion"":10.0,""label"":""Verified"",""source_url"":""https://i.fnri.dost.gov.ph/fct/library/report/3363"",""source_record_id"":""D084"",""source_name"":""DOST-FNRI PhilFCT""},""cholesterol_mg_100g"":{""value_per_100g"":0.0,""value_for_portion"":0.0,""label"":""Verified"",""source_url"":""https://i.fnri.dost.gov.ph/fct/library/report/3363"",""source_record_id"":""D084"",""source_name"":""DOST-FNRI PhilFCT""}}"
PH_DISH_005,EST_PH_DISH_005_V1,FC000333,"Onion, Bombay bulb, boiled",60,ASSUMED_REFERENCE_MIXTURE,47.0,1.2,9.7,0.4,1.3,4.6,3.0,0.0,"{""kcal_100g"":{""value_per_100g"":47.0,""value_for_portion"":47.0,""label"":""Verified"",""source_url"":""https://i.fnri.dost.gov.ph/fct/library/report/3421"",""source_record_id"":""D142"",""source_name"":""DOST-FNRI PhilFCT""},""protein_g_100g"":{""value_per_100g"":1.2,""value_for_portion"":1.2,""label"":""Verified"",""source_url"":""https://i.fnri.dost.gov.ph/fct/library/report/3421"",""source_record_id"":""D142"",""source_name"":""DOST-FNRI PhilFCT""},""carbs_g_100g"":{""value_per_100g"":9.7,""value_for_portion"":9.7,""label"":""Verified"",""source_url"":""https://i.fnri.dost.gov.ph/fct/library/report/3421"",""source_record_id"":""D142"",""source_name"":""DOST-FNRI PhilFCT""},""fat_g_100g"":{""value_per_100g"":0.4,""value_for_portion"":0.4,""label"":""Verified"",""source_url"":""https://i.fnri.dost.gov.ph/fct/library/report/3421"",""source_record_id"":""D142"",""source_name"":""DOST-FNRI PhilFCT""},""fiber_g_100g"":{""value_per_100g"":1.3,""value_for_portion"":1.3,""label"":""Verified"",""source_url"":""https://i.fnri.dost.gov.ph/fct/library/report/3421"",""source_record_id"":""D142"",""source_name"":""DOST-FNRI PhilFCT""},""sugar_g_100g"":{""value_per_100g"":4.6,""value_for_portion"":4.6,""label"":""Verified"",""source_url"":""https://i.fnri.dost.gov.ph/fct/library/report/3421"",""source_record_id"":""D142"",""source_name"":""DOST-FNRI PhilFCT""},""sodium_mg_100g"":{""value_per_100g"":3.0,""value_for_portion"":3.0,""label"":""Verified"",""source_url"":""https://i.fnri.dost.gov.ph/fct/library/report/3421"",""source_record_id"":""D142"",""source_name"":""DOST-FNRI PhilFCT""},""cholesterol_mg_100g"":{""value_per_100g"":0.0,""value_for_portion"":0.0,""label"":""Verified"",""source_url"":""https://i.fnri.dost.gov.ph/fct/library/report/3421"",""source_record_id"":""D142"",""source_name"":""DOST-FNRI PhilFCT""}}"
PH_DISH_005,EST_PH_DISH_005_V1,FC000280,"Tomato, boiled",100,ASSUMED_REFERENCE_MIXTURE,25.0,0.4,5.6,0.1,0.3,3.6,11.0,0.0,"{""kcal_100g"":{""value_per_100g"":25.0,""value_for_portion"":25.0,""label"":""Verified"",""source_url"":""https://i.fnri.dost.gov.ph/fct/library/report/3537"",""source_record_id"":""D258"",""source_name"":""DOST-FNRI PhilFCT""},""protein_g_100g"":{""value_per_100g"":0.4,""value_for_portion"":0.4,""label"":""Verified"",""source_url"":""https://i.fnri.dost.gov.ph/fct/library/report/3537"",""source_record_id"":""D258"",""source_name"":""DOST-FNRI PhilFCT""},""carbs_g_100g"":{""value_per_100g"":5.6,""value_for_portion"":5.6,""label"":""Verified"",""source_url"":""https://i.fnri.dost.gov.ph/fct/library/report/3537"",""source_record_id"":""D258"",""source_name"":""DOST-FNRI PhilFCT""},""fat_g_100g"":{""value_per_100g"":0.1,""value_for_portion"":0.1,""label"":""Verified"",""source_url"":""https://i.fnri.dost.gov.ph/fct/library/report/3537"",""source_record_id"":""D258"",""source_name"":""DOST-FNRI PhilFCT""},""fiber_g_100g"":{""value_per_100g"":0.3,""value_for_portion"":0.3,""label"":""Verified"",""source_url"":""https://i.fnri.dost.gov.ph/fct/library/report/3537"",""source_record_id"":""D258"",""source_name"":""DOST-FNRI PhilFCT""},""sugar_g_100g"":{""value_per_100g"":3.6,""value_for_portion"":3.6,""label"":""Verified"",""source_url"":""https://i.fnri.dost.gov.ph/fct/library/report/3537"",""source_record_id"":""D258"",""source_name"":""DOST-FNRI PhilFCT""},""sodium_mg_100g"":{""value_per_100g"":11.0,""value_for_portion"":11.0,""label"":""Verified"",""source_url"":""https://i.fnri.dost.gov.ph/fct/library/report/3537"",""source_record_id"":""D258"",""source_name"":""DOST-FNRI PhilFCT""},""cholesterol_mg_100g"":{""value_per_100g"":0.0,""value_for_portion"":0.0,""label"":""Verified"",""source_url"":""https://i.fnri.dost.gov.ph/fct/library/report/3537"",""source_record_id"":""D258"",""source_name"":""DOST-FNRI PhilFCT""}}"
PH_DISH_005,EST_PH_DISH_005_V1,FC000098,Coconut oil,15,ASSUMED_REFERENCE_MIXTURE,892.0,0.0,0.0,99.1,0.0,0.0,0.0,0.0,"{""kcal_100g"":{""value_per_100g"":892.0,""value_for_portion"":892.0,""label"":""Verified"",""source_url"":""https://i.fnri.dost.gov.ph/fct/library/report/4268"",""source_record_id"":""K008"",""source_name"":""DOST-FNRI PhilFCT""},""protein_g_100g"":{""value_per_100g"":0.0,""value_for_portion"":0.0,""label"":""Verified"",""source_url"":""https://i.fnri.dost.gov.ph/fct/library/report/4268"",""source_record_id"":""K008"",""source_name"":""DOST-FNRI PhilFCT""},""carbs_g_100g"":{""value_per_100g"":0.0,""value_for_portion"":0.0,""label"":""Verified"",""source_url"":""https://i.fnri.dost.gov.ph/fct/library/report/4268"",""source_record_id"":""K008"",""source_name"":""DOST-FNRI PhilFCT""},""fat_g_100g"":{""value_per_100g"":99.1,""value_for_portion"":99.1,""label"":""Verified"",""source_url"":""https://i.fnri.dost.gov.ph/fct/library/report/4268"",""source_record_id"":""K008"",""source_name"":""DOST-FNRI PhilFCT""},""fiber_g_100g"":{""value_per_100g"":0.0,""value_for_portion"":0.0,""label"":""Verified"",""source_url"":""https://i.fnri.dost.gov.ph/fct/library/report/4268"",""source_record_id"":""K008"",""source_name"":""DOST-FNRI PhilFCT""},""sugar_g_100g"":{""value_per_100g"":0.0,""value_for_portion"":0.0,""label"":""Verified"",""source_url"":""https://i.fnri.dost.gov.ph/fct/library/report/4268"",""source_record_id"":""K008"",""source_name"":""DOST-FNRI PhilFCT""},""sodium_mg_100g"":{""value_per_100g"":0.0,""value_for_portion"":0.0,""label"":""Verified"",""source_url"":""https://i.fnri.dost.gov.ph/fct/library/report/4268"",""source_record_id"":""K008"",""source_name"":""DOST-FNRI PhilFCT""},""cholesterol_mg_100g"":{""value_per_100g"":0.0,""value_for_portion"":0.0,""label"":""Verified"",""source_url"":""https://i.fnri.dost.gov.ph/fct/library/report/4268"",""source_record_id"":""K008"",""source_name"":""DOST-FNRI PhilFCT""}}"
PH_DISH_005,EST_PH_DISH_005_V1,FC001237,"Beverages, water, tap, drinking",100,ASSUMED_REFERENCE_MIXTURE,0.0,0.0,0.0,0.0,0.0,0.0,4.0,0.0,"{""kcal_100g"":{""value_per_100g"":0.0,""value_for_portion"":0.0,""label"":""Other source"",""source_url"":""https://fdc.nal.usda.gov/food-details/173647/nutrients"",""source_record_id"":""USDA_FC001237_173647"",""source_name"":""USDA FoodData Central SR Legacy""},""protein_g_100g"":{""value_per_100g"":0.0,""value_for_portion"":0.0,""label"":""Other source"",""source_url"":""https://fdc.nal.usda.gov/food-details/173647/nutrients"",""source_record_id"":""USDA_FC001237_173647"",""source_name"":""USDA FoodData Central SR Legacy""},""carbs_g_100g"":{""value_per_100g"":0.0,""value_for_portion"":0.0,""label"":""Other source"",""source_url"":""https://fdc.nal.usda.gov/food-details/173647/nutrients"",""source_record_id"":""USDA_FC001237_173647"",""source_name"":""USDA FoodData Central SR Legacy""},""fat_g_100g"":{""value_per_100g"":0.0,""value_for_portion"":0.0,""label"":""Other source"",""source_url"":""https://fdc.nal.usda.gov/food-details/173647/nutrients"",""source_record_id"":""USDA_FC001237_173647"",""source_name"":""USDA FoodData Central SR Legacy""},""fiber_g_100g"":{""value_per_100g"":0.0,""value_for_portion"":0.0,""label"":""Other source"",""source_url"":""https://fdc.nal.usda.gov/food-details/173647/nutrients"",""source_record_id"":""USDA_FC001237_173647"",""source_name"":""USDA FoodData Central SR Legacy""},""sugar_g_100g"":{""value_per_100g"":0.0,""value_for_portion"":0.0,""label"":""Other source"",""source_url"":""https://fdc.nal.usda.gov/food-details/173647/nutrients"",""source_record_id"":""USDA_FC001237_173647"",""source_name"":""USDA FoodData Central SR Legacy""},""sodium_mg_100g"":{""value_per_100g"":4.0,""value_for_portion"":4.0,""label"":""Other source"",""source_url"":""https://fdc.nal.usda.gov/food-details/173647/nutrients"",""source_record_id"":""USDA_FC001237_173647"",""source_name"":""USDA FoodData Central SR Legacy""},""cholesterol_mg_100g"":{""value_per_100g"":0.0,""value_for_portion"":0.0,""label"":""Other source"",""source_url"":""https://fdc.nal.usda.gov/food-details/173647/nutrients"",""source_record_id"":""USDA_FC001237_173647"",""source_name"":""USDA FoodData Central SR Legacy""}}"
PH_DISH_006,EST_PH_DISH_006_V1,FC000275,"Swamp cabbage lvs, boiled",400,ASSUMED_REFERENCE_MIXTURE,28.0,1.5,4.7,0.4,2.6,0.4,78.0,0.0,"{""kcal_100g"":{""value_per_100g"":28.0,""value_for_portion"":28.0,""label"":""Verified"",""source_url"":""https://i.fnri.dost.gov.ph/fct/library/report/3522"",""source_record_id"":""D243"",""source_name"":""DOST-FNRI PhilFCT""},""protein_g_100g"":{""value_per_100g"":1.5,""value_for_portion"":1.5,""label"":""Verified"",""source_url"":""https://i.fnri.dost.gov.ph/fct/library/report/3522"",""source_record_id"":""D243"",""source_name"":""DOST-FNRI PhilFCT""},""carbs_g_100g"":{""value_per_100g"":4.7,""value_for_portion"":4.7,""label"":""Verified"",""source_url"":""https://i.fnri.dost.gov.ph/fct/library/report/3522"",""source_record_id"":""D243"",""source_name"":""DOST-FNRI PhilFCT""},""fat_g_100g"":{""value_per_100g"":0.4,""value_for_portion"":0.4,""label"":""Verified"",""source_url"":""https://i.fnri.dost.gov.ph/fct/library/report/3522"",""source_record_id"":""D243"",""source_name"":""DOST-FNRI PhilFCT""},""fiber_g_100g"":{""value_per_100g"":2.6,""value_for_portion"":2.6,""label"":""Verified"",""source_url"":""https://i.fnri.dost.gov.ph/fct/library/report/3522"",""source_record_id"":""D243"",""source_name"":""DOST-FNRI PhilFCT""},""sugar_g_100g"":{""value_per_100g"":0.4,""value_for_portion"":0.4,""label"":""Verified"",""source_url"":""https://i.fnri.dost.gov.ph/fct/library/report/3522"",""source_record_id"":""D243"",""source_name"":""DOST-FNRI PhilFCT""},""sodium_mg_100g"":{""value_per_100g"":78.0,""value_for_portion"":78.0,""label"":""Verified"",""source_url"":""https://i.fnri.dost.gov.ph/fct/library/report/3522"",""source_record_id"":""D243"",""source_name"":""DOST-FNRI PhilFCT""},""cholesterol_mg_100g"":{""value_per_100g"":0.0,""value_for_portion"":0.0,""label"":""Verified"",""source_url"":""https://i.fnri.dost.gov.ph/fct/library/report/3522"",""source_record_id"":""D243"",""source_name"":""DOST-FNRI PhilFCT""}}"
PH_DISH_006,EST_PH_DISH_006_V1,FC000099,Soy sauce,25,ASSUMED_REFERENCE_MIXTURE,75.0,3.5,15.0,0.1,1.0,0.5,2041.0,0.0,"{""kcal_100g"":{""value_per_100g"":75.0,""value_for_portion"":75.0,""label"":""Verified"",""source_url"":""https://i.fnri.dost.gov.ph/fct/library/report/4346"",""source_record_id"":""N023"",""source_name"":""DOST-FNRI PhilFCT""},""protein_g_100g"":{""value_per_100g"":3.5,""value_for_portion"":3.5,""label"":""Verified"",""source_url"":""https://i.fnri.dost.gov.ph/fct/library/report/4346"",""source_record_id"":""N023"",""source_name"":""DOST-FNRI PhilFCT""},""carbs_g_100g"":{""value_per_100g"":15.0,""value_for_portion"":15.0,""label"":""Verified"",""source_url"":""https://i.fnri.dost.gov.ph/fct/library/report/4346"",""source_record_id"":""N023"",""source_name"":""DOST-FNRI PhilFCT""},""fat_g_100g"":{""value_per_100g"":0.1,""value_for_portion"":0.1,""label"":""Verified"",""source_url"":""https://i.fnri.dost.gov.ph/fct/library/report/4346"",""source_record_id"":""N023"",""source_name"":""DOST-FNRI PhilFCT""},""fiber_g_100g"":{""value_per_100g"":1.0,""value_for_portion"":1.0,""label"":""Verified"",""source_url"":""https://i.fnri.dost.gov.ph/fct/library/report/4346"",""source_record_id"":""N023"",""source_name"":""DOST-FNRI PhilFCT""},""sugar_g_100g"":{""value_per_100g"":0.5,""value_for_portion"":0.5,""label"":""Verified"",""source_url"":""https://i.fnri.dost.gov.ph/fct/library/report/4346"",""source_record_id"":""N023"",""source_name"":""DOST-FNRI PhilFCT""},""sodium_mg_100g"":{""value_per_100g"":2041.0,""value_for_portion"":2041.0,""label"":""Verified"",""source_url"":""https://i.fnri.dost.gov.ph/fct/library/report/4346"",""source_record_id"":""N023"",""source_name"":""DOST-FNRI PhilFCT""},""cholesterol_mg_100g"":{""value_per_100g"":0.0,""value_for_portion"":0.0,""label"":""Verified"",""source_url"":""https://i.fnri.dost.gov.ph/fct/library/report/4346"",""source_record_id"":""N023"",""source_name"":""DOST-FNRI PhilFCT""}}"
PH_DISH_006,EST_PH_DISH_006_V1,FC000615,"Vinegar, coconut",30,ASSUMED_REFERENCE_MIXTURE,7.0,0.0,1.4,0.1,0.0,0.0,1.0,0.0,"{""kcal_100g"":{""value_per_100g"":7.0,""value_for_portion"":7.0,""label"":""Verified"",""source_url"":""https://i.fnri.dost.gov.ph/fct/library/report/4350"",""source_record_id"":""N027"",""source_name"":""DOST-FNRI PhilFCT""},""protein_g_100g"":{""value_per_100g"":0.0,""value_for_portion"":0.0,""label"":""Verified"",""source_url"":""https://i.fnri.dost.gov.ph/fct/library/report/4350"",""source_record_id"":""N027"",""source_name"":""DOST-FNRI PhilFCT""},""carbs_g_100g"":{""value_per_100g"":1.4,""value_for_portion"":1.4,""label"":""Verified"",""source_url"":""https://i.fnri.dost.gov.ph/fct/library/report/4350"",""source_record_id"":""N027"",""source_name"":""DOST-FNRI PhilFCT""},""fat_g_100g"":{""value_per_100g"":0.1,""value_for_portion"":0.1,""label"":""Verified"",""source_url"":""https://i.fnri.dost.gov.ph/fct/library/report/4350"",""source_record_id"":""N027"",""source_name"":""DOST-FNRI PhilFCT""},""fiber_g_100g"":{""value_per_100g"":0.0,""value_for_portion"":0.0,""label"":""Verified"",""source_url"":""https://i.fnri.dost.gov.ph/fct/library/report/4350"",""source_record_id"":""N027"",""source_name"":""DOST-FNRI PhilFCT""},""sugar_g_100g"":{""value_per_100g"":0.0,""value_for_portion"":0.0,""label"":""Verified"",""source_url"":""https://i.fnri.dost.gov.ph/fct/library/report/4350"",""source_record_id"":""N027"",""source_name"":""DOST-FNRI PhilFCT""},""sodium_mg_100g"":{""value_per_100g"":1.0,""value_for_portion"":1.0,""label"":""Verified"",""source_url"":""https://i.fnri.dost.gov.ph/fct/library/report/4350"",""source_record_id"":""N027"",""source_name"":""DOST-FNRI PhilFCT""},""cholesterol_mg_100g"":{""value_per_100g"":0.0,""value_for_portion"":0.0,""label"":""Verified"",""source_url"":""https://i.fnri.dost.gov.ph/fct/library/report/4350"",""source_record_id"":""N027"",""source_name"":""DOST-FNRI PhilFCT""}}"
PH_DISH_006,EST_PH_DISH_006_V1,FC000070,Garlic bulb,15,ASSUMED_REFERENCE_MIXTURE,129.0,7.0,24.6,0.3,1.7,0.8,10.0,0.0,"{""kcal_100g"":{""value_per_100g"":129.0,""value_for_portion"":129.0,""label"":""Verified"",""source_url"":""https://i.fnri.dost.gov.ph/fct/library/report/3363"",""source_record_id"":""D084"",""source_name"":""DOST-FNRI PhilFCT""},""protein_g_100g"":{""value_per_100g"":7.0,""value_for_portion"":7.0,""label"":""Verified"",""source_url"":""https://i.fnri.dost.gov.ph/fct/library/report/3363"",""source_record_id"":""D084"",""source_name"":""DOST-FNRI PhilFCT""},""carbs_g_100g"":{""value_per_100g"":24.6,""value_for_portion"":24.6,""label"":""Verified"",""source_url"":""https://i.fnri.dost.gov.ph/fct/library/report/3363"",""source_record_id"":""D084"",""source_name"":""DOST-FNRI PhilFCT""},""fat_g_100g"":{""value_per_100g"":0.3,""value_for_portion"":0.3,""label"":""Verified"",""source_url"":""https://i.fnri.dost.gov.ph/fct/library/report/3363"",""source_record_id"":""D084"",""source_name"":""DOST-FNRI PhilFCT""},""fiber_g_100g"":{""value_per_100g"":1.7,""value_for_portion"":1.7,""label"":""Verified"",""source_url"":""https://i.fnri.dost.gov.ph/fct/library/report/3363"",""source_record_id"":""D084"",""source_name"":""DOST-FNRI PhilFCT""},""sugar_g_100g"":{""value_per_100g"":0.8,""value_for_portion"":0.8,""label"":""Verified"",""source_url"":""https://i.fnri.dost.gov.ph/fct/library/report/3363"",""source_record_id"":""D084"",""source_name"":""DOST-FNRI PhilFCT""},""sodium_mg_100g"":{""value_per_100g"":10.0,""value_for_portion"":10.0,""label"":""Verified"",""source_url"":""https://i.fnri.dost.gov.ph/fct/library/report/3363"",""source_record_id"":""D084"",""source_name"":""DOST-FNRI PhilFCT""},""cholesterol_mg_100g"":{""value_per_100g"":0.0,""value_for_portion"":0.0,""label"":""Verified"",""source_url"":""https://i.fnri.dost.gov.ph/fct/library/report/3363"",""source_record_id"":""D084"",""source_name"":""DOST-FNRI PhilFCT""}}"
PH_DISH_006,EST_PH_DISH_006_V1,FC000333,"Onion, Bombay bulb, boiled",50,ASSUMED_REFERENCE_MIXTURE,47.0,1.2,9.7,0.4,1.3,4.6,3.0,0.0,"{""kcal_100g"":{""value_per_100g"":47.0,""value_for_portion"":47.0,""label"":""Verified"",""source_url"":""https://i.fnri.dost.gov.ph/fct/library/report/3421"",""source_record_id"":""D142"",""source_name"":""DOST-FNRI PhilFCT""},""protein_g_100g"":{""value_per_100g"":1.2,""value_for_portion"":1.2,""label"":""Verified"",""source_url"":""https://i.fnri.dost.gov.ph/fct/library/report/3421"",""source_record_id"":""D142"",""source_name"":""DOST-FNRI PhilFCT""},""carbs_g_100g"":{""value_per_100g"":9.7,""value_for_portion"":9.7,""label"":""Verified"",""source_url"":""https://i.fnri.dost.gov.ph/fct/library/report/3421"",""source_record_id"":""D142"",""source_name"":""DOST-FNRI PhilFCT""},""fat_g_100g"":{""value_per_100g"":0.4,""value_for_portion"":0.4,""label"":""Verified"",""source_url"":""https://i.fnri.dost.gov.ph/fct/library/report/3421"",""source_record_id"":""D142"",""source_name"":""DOST-FNRI PhilFCT""},""fiber_g_100g"":{""value_per_100g"":1.3,""value_for_portion"":1.3,""label"":""Verified"",""source_url"":""https://i.fnri.dost.gov.ph/fct/library/report/3421"",""source_record_id"":""D142"",""source_name"":""DOST-FNRI PhilFCT""},""sugar_g_100g"":{""value_per_100g"":4.6,""value_for_portion"":4.6,""label"":""Verified"",""source_url"":""https://i.fnri.dost.gov.ph/fct/library/report/3421"",""source_record_id"":""D142"",""source_name"":""DOST-FNRI PhilFCT""},""sodium_mg_100g"":{""value_per_100g"":3.0,""value_for_portion"":3.0,""label"":""Verified"",""source_url"":""https://i.fnri.dost.gov.ph/fct/library/report/3421"",""source_record_id"":""D142"",""source_name"":""DOST-FNRI PhilFCT""},""cholesterol_mg_100g"":{""value_per_100g"":0.0,""value_for_portion"":0.0,""label"":""Verified"",""source_url"":""https://i.fnri.dost.gov.ph/fct/library/report/3421"",""source_record_id"":""D142"",""source_name"":""DOST-FNRI PhilFCT""}}"
PH_DISH_006,EST_PH_DISH_006_V1,FC000098,Coconut oil,15,ASSUMED_REFERENCE_MIXTURE,892.0,0.0,0.0,99.1,0.0,0.0,0.0,0.0,"{""kcal_100g"":{""value_per_100g"":892.0,""value_for_portion"":892.0,""label"":""Verified"",""source_url"":""https://i.fnri.dost.gov.ph/fct/library/report/4268"",""source_record_id"":""K008"",""source_name"":""DOST-FNRI PhilFCT""},""protein_g_100g"":{""value_per_100g"":0.0,""value_for_portion"":0.0,""label"":""Verified"",""source_url"":""https://i.fnri.dost.gov.ph/fct/library/report/4268"",""source_record_id"":""K008"",""source_name"":""DOST-FNRI PhilFCT""},""carbs_g_100g"":{""value_per_100g"":0.0,""value_for_portion"":0.0,""label"":""Verified"",""source_url"":""https://i.fnri.dost.gov.ph/fct/library/report/4268"",""source_record_id"":""K008"",""source_name"":""DOST-FNRI PhilFCT""},""fat_g_100g"":{""value_per_100g"":99.1,""value_for_portion"":99.1,""label"":""Verified"",""source_url"":""https://i.fnri.dost.gov.ph/fct/library/report/4268"",""source_record_id"":""K008"",""source_name"":""DOST-FNRI PhilFCT""},""fiber_g_100g"":{""value_per_100g"":0.0,""value_for_portion"":0.0,""label"":""Verified"",""source_url"":""https://i.fnri.dost.gov.ph/fct/library/report/4268"",""source_record_id"":""K008"",""source_name"":""DOST-FNRI PhilFCT""},""sugar_g_100g"":{""value_per_100g"":0.0,""value_for_portion"":0.0,""label"":""Verified"",""source_url"":""https://i.fnri.dost.gov.ph/fct/library/report/4268"",""source_record_id"":""K008"",""source_name"":""DOST-FNRI PhilFCT""},""sodium_mg_100g"":{""value_per_100g"":0.0,""value_for_portion"":0.0,""label"":""Verified"",""source_url"":""https://i.fnri.dost.gov.ph/fct/library/report/4268"",""source_record_id"":""K008"",""source_name"":""DOST-FNRI PhilFCT""},""cholesterol_mg_100g"":{""value_per_100g"":0.0,""value_for_portion"":0.0,""label"":""Verified"",""source_url"":""https://i.fnri.dost.gov.ph/fct/library/report/4268"",""source_record_id"":""K008"",""source_name"":""DOST-FNRI PhilFCT""}}"
PH_DISH_006,EST_PH_DISH_006_V1,FC001237,"Beverages, water, tap, drinking",80,ASSUMED_REFERENCE_MIXTURE,0.0,0.0,0.0,0.0,0.0,0.0,4.0,0.0,"{""kcal_100g"":{""value_per_100g"":0.0,""value_for_portion"":0.0,""label"":""Other source"",""source_url"":""https://fdc.nal.usda.gov/food-details/173647/nutrients"",""source_record_id"":""USDA_FC001237_173647"",""source_name"":""USDA FoodData Central SR Legacy""},""protein_g_100g"":{""value_per_100g"":0.0,""value_for_portion"":0.0,""label"":""Other source"",""source_url"":""https://fdc.nal.usda.gov/food-details/173647/nutrients"",""source_record_id"":""USDA_FC001237_173647"",""source_name"":""USDA FoodData Central SR Legacy""},""carbs_g_100g"":{""value_per_100g"":0.0,""value_for_portion"":0.0,""label"":""Other source"",""source_url"":""https://fdc.nal.usda.gov/food-details/173647/nutrients"",""source_record_id"":""USDA_FC001237_173647"",""source_name"":""USDA FoodData Central SR Legacy""},""fat_g_100g"":{""value_per_100g"":0.0,""value_for_portion"":0.0,""label"":""Other source"",""source_url"":""https://fdc.nal.usda.gov/food-details/173647/nutrients"",""source_record_id"":""USDA_FC001237_173647"",""source_name"":""USDA FoodData Central SR Legacy""},""fiber_g_100g"":{""value_per_100g"":0.0,""value_for_portion"":0.0,""label"":""Other source"",""source_url"":""https://fdc.nal.usda.gov/food-details/173647/nutrients"",""source_record_id"":""USDA_FC001237_173647"",""source_name"":""USDA FoodData Central SR Legacy""},""sugar_g_100g"":{""value_per_100g"":0.0,""value_for_portion"":0.0,""label"":""Other source"",""source_url"":""https://fdc.nal.usda.gov/food-details/173647/nutrients"",""source_record_id"":""USDA_FC001237_173647"",""source_name"":""USDA FoodData Central SR Legacy""},""sodium_mg_100g"":{""value_per_100g"":4.0,""value_for_portion"":4.0,""label"":""Other source"",""source_url"":""https://fdc.nal.usda.gov/food-details/173647/nutrients"",""source_record_id"":""USDA_FC001237_173647"",""source_name"":""USDA FoodData Central SR Legacy""},""cholesterol_mg_100g"":{""value_per_100g"":0.0,""value_for_portion"":0.0,""label"":""Other source"",""source_url"":""https://fdc.nal.usda.gov/food-details/173647/nutrients"",""source_record_id"":""USDA_FC001237_173647"",""source_name"":""USDA FoodData Central SR Legacy""}}"
PH_DISH_007,EST_PH_DISH_007_V1,FC000272,"String/Yard long bean pod, green, boiled",350,ASSUMED_REFERENCE_MIXTURE,52.0,4.0,7.9,0.5,2.7,,4.0,0.0,"{""kcal_100g"":{""value_per_100g"":52.0,""value_for_portion"":52.0,""label"":""Verified"",""source_url"":""https://i.fnri.dost.gov.ph/fct/library/report/3512"",""source_record_id"":""D233"",""source_name"":""DOST-FNRI PhilFCT""},""protein_g_100g"":{""value_per_100g"":4.0,""value_for_portion"":4.0,""label"":""Verified"",""source_url"":""https://i.fnri.dost.gov.ph/fct/library/report/3512"",""source_record_id"":""D233"",""source_name"":""DOST-FNRI PhilFCT""},""carbs_g_100g"":{""value_per_100g"":7.9,""value_for_portion"":7.9,""label"":""Verified"",""source_url"":""https://i.fnri.dost.gov.ph/fct/library/report/3512"",""source_record_id"":""D233"",""source_name"":""DOST-FNRI PhilFCT""},""fat_g_100g"":{""value_per_100g"":0.5,""value_for_portion"":0.5,""label"":""Verified"",""source_url"":""https://i.fnri.dost.gov.ph/fct/library/report/3512"",""source_record_id"":""D233"",""source_name"":""DOST-FNRI PhilFCT""},""fiber_g_100g"":{""value_per_100g"":2.7,""value_for_portion"":2.7,""label"":""Verified"",""source_url"":""https://i.fnri.dost.gov.ph/fct/library/report/3512"",""source_record_id"":""D233"",""source_name"":""DOST-FNRI PhilFCT""},""sugar_g_100g"":{""value_per_100g"":null,""value_for_portion"":null,""label"":""Unknown"",""source_url"":null,""source_record_id"":null,""source_name"":null},""sodium_mg_100g"":{""value_per_100g"":4.0,""value_for_portion"":4.0,""label"":""Verified"",""source_url"":""https://i.fnri.dost.gov.ph/fct/library/report/3512"",""source_record_id"":""D233"",""source_name"":""DOST-FNRI PhilFCT""},""cholesterol_mg_100g"":{""value_per_100g"":0.0,""value_for_portion"":0.0,""label"":""Verified"",""source_url"":""https://i.fnri.dost.gov.ph/fct/library/report/3512"",""source_record_id"":""D233"",""source_name"":""DOST-FNRI PhilFCT""}}"
PH_DISH_007,EST_PH_DISH_007_V1,FC000388,"Pork Boston butt, lean, boiled",200,ASSUMED_REFERENCE_MIXTURE,212.0,15.6,0.0,16.6,0.0,0.0,47.0,,"{""kcal_100g"":{""value_per_100g"":212.0,""value_for_portion"":212.0,""label"":""Verified"",""source_url"":""https://i.fnri.dost.gov.ph/fct/library/report/3865"",""source_record_id"":""F158"",""source_name"":""DOST-FNRI PhilFCT""},""protein_g_100g"":{""value_per_100g"":15.6,""value_for_portion"":15.6,""label"":""Verified"",""source_url"":""https://i.fnri.dost.gov.ph/fct/library/report/3865"",""source_record_id"":""F158"",""source_name"":""DOST-FNRI PhilFCT""},""carbs_g_100g"":{""value_per_100g"":0.0,""value_for_portion"":0.0,""label"":""Verified"",""source_url"":""https://i.fnri.dost.gov.ph/fct/library/report/3865"",""source_record_id"":""F158"",""source_name"":""DOST-FNRI PhilFCT""},""fat_g_100g"":{""value_per_100g"":16.6,""value_for_portion"":16.6,""label"":""Verified"",""source_url"":""https://i.fnri.dost.gov.ph/fct/library/report/3865"",""source_record_id"":""F158"",""source_name"":""DOST-FNRI PhilFCT""},""fiber_g_100g"":{""value_per_100g"":0.0,""value_for_portion"":0.0,""label"":""Verified"",""source_url"":""https://i.fnri.dost.gov.ph/fct/library/report/3865"",""source_record_id"":""F158"",""source_name"":""DOST-FNRI PhilFCT""},""sugar_g_100g"":{""value_per_100g"":0.0,""value_for_portion"":0.0,""label"":""Verified"",""source_url"":""https://i.fnri.dost.gov.ph/fct/library/report/3865"",""source_record_id"":""F158"",""source_name"":""DOST-FNRI PhilFCT""},""sodium_mg_100g"":{""value_per_100g"":47.0,""value_for_portion"":47.0,""label"":""Verified"",""source_url"":""https://i.fnri.dost.gov.ph/fct/library/report/3865"",""source_record_id"":""F158"",""source_name"":""DOST-FNRI PhilFCT""},""cholesterol_mg_100g"":{""value_per_100g"":null,""value_for_portion"":null,""label"":""Unknown"",""source_url"":null,""source_record_id"":null,""source_name"":null}}"
PH_DISH_007,EST_PH_DISH_007_V1,FC000099,Soy sauce,30,ASSUMED_REFERENCE_MIXTURE,75.0,3.5,15.0,0.1,1.0,0.5,2041.0,0.0,"{""kcal_100g"":{""value_per_100g"":75.0,""value_for_portion"":75.0,""label"":""Verified"",""source_url"":""https://i.fnri.dost.gov.ph/fct/library/report/4346"",""source_record_id"":""N023"",""source_name"":""DOST-FNRI PhilFCT""},""protein_g_100g"":{""value_per_100g"":3.5,""value_for_portion"":3.5,""label"":""Verified"",""source_url"":""https://i.fnri.dost.gov.ph/fct/library/report/4346"",""source_record_id"":""N023"",""source_name"":""DOST-FNRI PhilFCT""},""carbs_g_100g"":{""value_per_100g"":15.0,""value_for_portion"":15.0,""label"":""Verified"",""source_url"":""https://i.fnri.dost.gov.ph/fct/library/report/4346"",""source_record_id"":""N023"",""source_name"":""DOST-FNRI PhilFCT""},""fat_g_100g"":{""value_per_100g"":0.1,""value_for_portion"":0.1,""label"":""Verified"",""source_url"":""https://i.fnri.dost.gov.ph/fct/library/report/4346"",""source_record_id"":""N023"",""source_name"":""DOST-FNRI PhilFCT""},""fiber_g_100g"":{""value_per_100g"":1.0,""value_for_portion"":1.0,""label"":""Verified"",""source_url"":""https://i.fnri.dost.gov.ph/fct/library/report/4346"",""source_record_id"":""N023"",""source_name"":""DOST-FNRI PhilFCT""},""sugar_g_100g"":{""value_per_100g"":0.5,""value_for_portion"":0.5,""label"":""Verified"",""source_url"":""https://i.fnri.dost.gov.ph/fct/library/report/4346"",""source_record_id"":""N023"",""source_name"":""DOST-FNRI PhilFCT""},""sodium_mg_100g"":{""value_per_100g"":2041.0,""value_for_portion"":2041.0,""label"":""Verified"",""source_url"":""https://i.fnri.dost.gov.ph/fct/library/report/4346"",""source_record_id"":""N023"",""source_name"":""DOST-FNRI PhilFCT""},""cholesterol_mg_100g"":{""value_per_100g"":0.0,""value_for_portion"":0.0,""label"":""Verified"",""source_url"":""https://i.fnri.dost.gov.ph/fct/library/report/4346"",""source_record_id"":""N023"",""source_name"":""DOST-FNRI PhilFCT""}}"
PH_DISH_007,EST_PH_DISH_007_V1,FC000615,"Vinegar, coconut",40,ASSUMED_REFERENCE_MIXTURE,7.0,0.0,1.4,0.1,0.0,0.0,1.0,0.0,"{""kcal_100g"":{""value_per_100g"":7.0,""value_for_portion"":7.0,""label"":""Verified"",""source_url"":""https://i.fnri.dost.gov.ph/fct/library/report/4350"",""source_record_id"":""N027"",""source_name"":""DOST-FNRI PhilFCT""},""protein_g_100g"":{""value_per_100g"":0.0,""value_for_portion"":0.0,""label"":""Verified"",""source_url"":""https://i.fnri.dost.gov.ph/fct/library/report/4350"",""source_record_id"":""N027"",""source_name"":""DOST-FNRI PhilFCT""},""carbs_g_100g"":{""value_per_100g"":1.4,""value_for_portion"":1.4,""label"":""Verified"",""source_url"":""https://i.fnri.dost.gov.ph/fct/library/report/4350"",""source_record_id"":""N027"",""source_name"":""DOST-FNRI PhilFCT""},""fat_g_100g"":{""value_per_100g"":0.1,""value_for_portion"":0.1,""label"":""Verified"",""source_url"":""https://i.fnri.dost.gov.ph/fct/library/report/4350"",""source_record_id"":""N027"",""source_name"":""DOST-FNRI PhilFCT""},""fiber_g_100g"":{""value_per_100g"":0.0,""value_for_portion"":0.0,""label"":""Verified"",""source_url"":""https://i.fnri.dost.gov.ph/fct/library/report/4350"",""source_record_id"":""N027"",""source_name"":""DOST-FNRI PhilFCT""},""sugar_g_100g"":{""value_per_100g"":0.0,""value_for_portion"":0.0,""label"":""Verified"",""source_url"":""https://i.fnri.dost.gov.ph/fct/library/report/4350"",""source_record_id"":""N027"",""source_name"":""DOST-FNRI PhilFCT""},""sodium_mg_100g"":{""value_per_100g"":1.0,""value_for_portion"":1.0,""label"":""Verified"",""source_url"":""https://i.fnri.dost.gov.ph/fct/library/report/4350"",""source_record_id"":""N027"",""source_name"":""DOST-FNRI PhilFCT""},""cholesterol_mg_100g"":{""value_per_100g"":0.0,""value_for_portion"":0.0,""label"":""Verified"",""source_url"":""https://i.fnri.dost.gov.ph/fct/library/report/4350"",""source_record_id"":""N027"",""source_name"":""DOST-FNRI PhilFCT""}}"
PH_DISH_007,EST_PH_DISH_007_V1,FC000070,Garlic bulb,15,ASSUMED_REFERENCE_MIXTURE,129.0,7.0,24.6,0.3,1.7,0.8,10.0,0.0,"{""kcal_100g"":{""value_per_100g"":129.0,""value_for_portion"":129.0,""label"":""Verified"",""source_url"":""https://i.fnri.dost.gov.ph/fct/library/report/3363"",""source_record_id"":""D084"",""source_name"":""DOST-FNRI PhilFCT""},""protein_g_100g"":{""value_per_100g"":7.0,""value_for_portion"":7.0,""label"":""Verified"",""source_url"":""https://i.fnri.dost.gov.ph/fct/library/report/3363"",""source_record_id"":""D084"",""source_name"":""DOST-FNRI PhilFCT""},""carbs_g_100g"":{""value_per_100g"":24.6,""value_for_portion"":24.6,""label"":""Verified"",""source_url"":""https://i.fnri.dost.gov.ph/fct/library/report/3363"",""source_record_id"":""D084"",""source_name"":""DOST-FNRI PhilFCT""},""fat_g_100g"":{""value_per_100g"":0.3,""value_for_portion"":0.3,""label"":""Verified"",""source_url"":""https://i.fnri.dost.gov.ph/fct/library/report/3363"",""source_record_id"":""D084"",""source_name"":""DOST-FNRI PhilFCT""},""fiber_g_100g"":{""value_per_100g"":1.7,""value_for_portion"":1.7,""label"":""Verified"",""source_url"":""https://i.fnri.dost.gov.ph/fct/library/report/3363"",""source_record_id"":""D084"",""source_name"":""DOST-FNRI PhilFCT""},""sugar_g_100g"":{""value_per_100g"":0.8,""value_for_portion"":0.8,""label"":""Verified"",""source_url"":""https://i.fnri.dost.gov.ph/fct/library/report/3363"",""source_record_id"":""D084"",""source_name"":""DOST-FNRI PhilFCT""},""sodium_mg_100g"":{""value_per_100g"":10.0,""value_for_portion"":10.0,""label"":""Verified"",""source_url"":""https://i.fnri.dost.gov.ph/fct/library/report/3363"",""source_record_id"":""D084"",""source_name"":""DOST-FNRI PhilFCT""},""cholesterol_mg_100g"":{""value_per_100g"":0.0,""value_for_portion"":0.0,""label"":""Verified"",""source_url"":""https://i.fnri.dost.gov.ph/fct/library/report/3363"",""source_record_id"":""D084"",""source_name"":""DOST-FNRI PhilFCT""}}"
PH_DISH_007,EST_PH_DISH_007_V1,FC000333,"Onion, Bombay bulb, boiled",50,ASSUMED_REFERENCE_MIXTURE,47.0,1.2,9.7,0.4,1.3,4.6,3.0,0.0,"{""kcal_100g"":{""value_per_100g"":47.0,""value_for_portion"":47.0,""label"":""Verified"",""source_url"":""https://i.fnri.dost.gov.ph/fct/library/report/3421"",""source_record_id"":""D142"",""source_name"":""DOST-FNRI PhilFCT""},""protein_g_100g"":{""value_per_100g"":1.2,""value_for_portion"":1.2,""label"":""Verified"",""source_url"":""https://i.fnri.dost.gov.ph/fct/library/report/3421"",""source_record_id"":""D142"",""source_name"":""DOST-FNRI PhilFCT""},""carbs_g_100g"":{""value_per_100g"":9.7,""value_for_portion"":9.7,""label"":""Verified"",""source_url"":""https://i.fnri.dost.gov.ph/fct/library/report/3421"",""source_record_id"":""D142"",""source_name"":""DOST-FNRI PhilFCT""},""fat_g_100g"":{""value_per_100g"":0.4,""value_for_portion"":0.4,""label"":""Verified"",""source_url"":""https://i.fnri.dost.gov.ph/fct/library/report/3421"",""source_record_id"":""D142"",""source_name"":""DOST-FNRI PhilFCT""},""fiber_g_100g"":{""value_per_100g"":1.3,""value_for_portion"":1.3,""label"":""Verified"",""source_url"":""https://i.fnri.dost.gov.ph/fct/library/report/3421"",""source_record_id"":""D142"",""source_name"":""DOST-FNRI PhilFCT""},""sugar_g_100g"":{""value_per_100g"":4.6,""value_for_portion"":4.6,""label"":""Verified"",""source_url"":""https://i.fnri.dost.gov.ph/fct/library/report/3421"",""source_record_id"":""D142"",""source_name"":""DOST-FNRI PhilFCT""},""sodium_mg_100g"":{""value_per_100g"":3.0,""value_for_portion"":3.0,""label"":""Verified"",""source_url"":""https://i.fnri.dost.gov.ph/fct/library/report/3421"",""source_record_id"":""D142"",""source_name"":""DOST-FNRI PhilFCT""},""cholesterol_mg_100g"":{""value_per_100g"":0.0,""value_for_portion"":0.0,""label"":""Verified"",""source_url"":""https://i.fnri.dost.gov.ph/fct/library/report/3421"",""source_record_id"":""D142"",""source_name"":""DOST-FNRI PhilFCT""}}"
PH_DISH_007,EST_PH_DISH_007_V1,FC000098,Coconut oil,15,ASSUMED_REFERENCE_MIXTURE,892.0,0.0,0.0,99.1,0.0,0.0,0.0,0.0,"{""kcal_100g"":{""value_per_100g"":892.0,""value_for_portion"":892.0,""label"":""Verified"",""source_url"":""https://i.fnri.dost.gov.ph/fct/library/report/4268"",""source_record_id"":""K008"",""source_name"":""DOST-FNRI PhilFCT""},""protein_g_100g"":{""value_per_100g"":0.0,""value_for_portion"":0.0,""label"":""Verified"",""source_url"":""https://i.fnri.dost.gov.ph/fct/library/report/4268"",""source_record_id"":""K008"",""source_name"":""DOST-FNRI PhilFCT""},""carbs_g_100g"":{""value_per_100g"":0.0,""value_for_portion"":0.0,""label"":""Verified"",""source_url"":""https://i.fnri.dost.gov.ph/fct/library/report/4268"",""source_record_id"":""K008"",""source_name"":""DOST-FNRI PhilFCT""},""fat_g_100g"":{""value_per_100g"":99.1,""value_for_portion"":99.1,""label"":""Verified"",""source_url"":""https://i.fnri.dost.gov.ph/fct/library/report/4268"",""source_record_id"":""K008"",""source_name"":""DOST-FNRI PhilFCT""},""fiber_g_100g"":{""value_per_100g"":0.0,""value_for_portion"":0.0,""label"":""Verified"",""source_url"":""https://i.fnri.dost.gov.ph/fct/library/report/4268"",""source_record_id"":""K008"",""source_name"":""DOST-FNRI PhilFCT""},""sugar_g_100g"":{""value_per_100g"":0.0,""value_for_portion"":0.0,""label"":""Verified"",""source_url"":""https://i.fnri.dost.gov.ph/fct/library/report/4268"",""source_record_id"":""K008"",""source_name"":""DOST-FNRI PhilFCT""},""sodium_mg_100g"":{""value_per_100g"":0.0,""value_for_portion"":0.0,""label"":""Verified"",""source_url"":""https://i.fnri.dost.gov.ph/fct/library/report/4268"",""source_record_id"":""K008"",""source_name"":""DOST-FNRI PhilFCT""},""cholesterol_mg_100g"":{""value_per_100g"":0.0,""value_for_portion"":0.0,""label"":""Verified"",""source_url"":""https://i.fnri.dost.gov.ph/fct/library/report/4268"",""source_record_id"":""K008"",""source_name"":""DOST-FNRI PhilFCT""}}"
PH_DISH_007,EST_PH_DISH_007_V1,FC001237,"Beverages, water, tap, drinking",120,ASSUMED_REFERENCE_MIXTURE,0.0,0.0,0.0,0.0,0.0,0.0,4.0,0.0,"{""kcal_100g"":{""value_per_100g"":0.0,""value_for_portion"":0.0,""label"":""Other source"",""source_url"":""https://fdc.nal.usda.gov/food-details/173647/nutrients"",""source_record_id"":""USDA_FC001237_173647"",""source_name"":""USDA FoodData Central SR Legacy""},""protein_g_100g"":{""value_per_100g"":0.0,""value_for_portion"":0.0,""label"":""Other source"",""source_url"":""https://fdc.nal.usda.gov/food-details/173647/nutrients"",""source_record_id"":""USDA_FC001237_173647"",""source_name"":""USDA FoodData Central SR Legacy""},""carbs_g_100g"":{""value_per_100g"":0.0,""value_for_portion"":0.0,""label"":""Other source"",""source_url"":""https://fdc.nal.usda.gov/food-details/173647/nutrients"",""source_record_id"":""USDA_FC001237_173647"",""source_name"":""USDA FoodData Central SR Legacy""},""fat_g_100g"":{""value_per_100g"":0.0,""value_for_portion"":0.0,""label"":""Other source"",""source_url"":""https://fdc.nal.usda.gov/food-details/173647/nutrients"",""source_record_id"":""USDA_FC001237_173647"",""source_name"":""USDA FoodData Central SR Legacy""},""fiber_g_100g"":{""value_per_100g"":0.0,""value_for_portion"":0.0,""label"":""Other source"",""source_url"":""https://fdc.nal.usda.gov/food-details/173647/nutrients"",""source_record_id"":""USDA_FC001237_173647"",""source_name"":""USDA FoodData Central SR Legacy""},""sugar_g_100g"":{""value_per_100g"":0.0,""value_for_portion"":0.0,""label"":""Other source"",""source_url"":""https://fdc.nal.usda.gov/food-details/173647/nutrients"",""source_record_id"":""USDA_FC001237_173647"",""source_name"":""USDA FoodData Central SR Legacy""},""sodium_mg_100g"":{""value_per_100g"":4.0,""value_for_portion"":4.0,""label"":""Other source"",""source_url"":""https://fdc.nal.usda.gov/food-details/173647/nutrients"",""source_record_id"":""USDA_FC001237_173647"",""source_name"":""USDA FoodData Central SR Legacy""},""cholesterol_mg_100g"":{""value_per_100g"":0.0,""value_for_portion"":0.0,""label"":""Other source"",""source_url"":""https://fdc.nal.usda.gov/food-details/173647/nutrients"",""source_record_id"":""USDA_FC001237_173647"",""source_name"":""USDA FoodData Central SR Legacy""}}"
PH_DISH_008,EST_PH_DISH_008_V1,FC000382,"Chicken, white meat, boiled",350,ASSUMED_REFERENCE_MIXTURE,173.0,32.9,0.0,4.6,0.0,0.0,81.0,,"{""kcal_100g"":{""value_per_100g"":173.0,""value_for_portion"":173.0,""label"":""Verified"",""source_url"":""https://i.fnri.dost.gov.ph/fct/library/report/3818"",""source_record_id"":""F111"",""source_name"":""DOST-FNRI PhilFCT""},""protein_g_100g"":{""value_per_100g"":32.9,""value_for_portion"":32.9,""label"":""Verified"",""source_url"":""https://i.fnri.dost.gov.ph/fct/library/report/3818"",""source_record_id"":""F111"",""source_name"":""DOST-FNRI PhilFCT""},""carbs_g_100g"":{""value_per_100g"":0.0,""value_for_portion"":0.0,""label"":""Verified"",""source_url"":""https://i.fnri.dost.gov.ph/fct/library/report/3818"",""source_record_id"":""F111"",""source_name"":""DOST-FNRI PhilFCT""},""fat_g_100g"":{""value_per_100g"":4.6,""value_for_portion"":4.6,""label"":""Verified"",""source_url"":""https://i.fnri.dost.gov.ph/fct/library/report/3818"",""source_record_id"":""F111"",""source_name"":""DOST-FNRI PhilFCT""},""fiber_g_100g"":{""value_per_100g"":0.0,""value_for_portion"":0.0,""label"":""Verified"",""source_url"":""https://i.fnri.dost.gov.ph/fct/library/report/3818"",""source_record_id"":""F111"",""source_name"":""DOST-FNRI PhilFCT""},""sugar_g_100g"":{""value_per_100g"":0.0,""value_for_portion"":0.0,""label"":""Verified"",""source_url"":""https://i.fnri.dost.gov.ph/fct/library/report/3818"",""source_record_id"":""F111"",""source_name"":""DOST-FNRI PhilFCT""},""sodium_mg_100g"":{""value_per_100g"":81.0,""value_for_portion"":81.0,""label"":""Verified"",""source_url"":""https://i.fnri.dost.gov.ph/fct/library/report/3818"",""source_record_id"":""F111"",""source_name"":""DOST-FNRI PhilFCT""},""cholesterol_mg_100g"":{""value_per_100g"":null,""value_for_portion"":null,""label"":""Unknown"",""source_url"":null,""source_record_id"":null,""source_name"":null}}"
PH_DISH_008,EST_PH_DISH_008_V1,FC000254,"Chayote fruit, boiled",300,ASSUMED_REFERENCE_MIXTURE,16.0,0.3,3.5,0.1,0.4,1.7,5.0,0.0,"{""kcal_100g"":{""value_per_100g"":16.0,""value_for_portion"":16.0,""label"":""Verified"",""source_url"":""https://i.fnri.dost.gov.ph/fct/library/report/3330"",""source_record_id"":""D051"",""source_name"":""DOST-FNRI PhilFCT""},""protein_g_100g"":{""value_per_100g"":0.3,""value_for_portion"":0.3,""label"":""Verified"",""source_url"":""https://i.fnri.dost.gov.ph/fct/library/report/3330"",""source_record_id"":""D051"",""source_name"":""DOST-FNRI PhilFCT""},""carbs_g_100g"":{""value_per_100g"":3.5,""value_for_portion"":3.5,""label"":""Verified"",""source_url"":""https://i.fnri.dost.gov.ph/fct/library/report/3330"",""source_record_id"":""D051"",""source_name"":""DOST-FNRI PhilFCT""},""fat_g_100g"":{""value_per_100g"":0.1,""value_for_portion"":0.1,""label"":""Verified"",""source_url"":""https://i.fnri.dost.gov.ph/fct/library/report/3330"",""source_record_id"":""D051"",""source_name"":""DOST-FNRI PhilFCT""},""fiber_g_100g"":{""value_per_100g"":0.4,""value_for_portion"":0.4,""label"":""Verified"",""source_url"":""https://i.fnri.dost.gov.ph/fct/library/report/3330"",""source_record_id"":""D051"",""source_name"":""DOST-FNRI PhilFCT""},""sugar_g_100g"":{""value_per_100g"":1.7,""value_for_portion"":1.7,""label"":""Verified"",""source_url"":""https://i.fnri.dost.gov.ph/fct/library/report/3330"",""source_record_id"":""D051"",""source_name"":""DOST-FNRI PhilFCT""},""sodium_mg_100g"":{""value_per_100g"":5.0,""value_for_portion"":5.0,""label"":""Verified"",""source_url"":""https://i.fnri.dost.gov.ph/fct/library/report/3330"",""source_record_id"":""D051"",""source_name"":""DOST-FNRI PhilFCT""},""cholesterol_mg_100g"":{""value_per_100g"":0.0,""value_for_portion"":0.0,""label"":""Verified"",""source_url"":""https://i.fnri.dost.gov.ph/fct/library/report/3330"",""source_record_id"":""D051"",""source_name"":""DOST-FNRI PhilFCT""}}"
PH_DISH_008,EST_PH_DISH_008_V1,FC000257,"Horseradish tree lvs, boiled",60,ASSUMED_REFERENCE_MIXTURE,63.0,3.1,10.6,0.9,1.7,0.8,8.0,0.0,"{""kcal_100g"":{""value_per_100g"":63.0,""value_for_portion"":63.0,""label"":""Verified"",""source_url"":""https://i.fnri.dost.gov.ph/fct/library/report/3374"",""source_record_id"":""D095"",""source_name"":""DOST-FNRI PhilFCT""},""protein_g_100g"":{""value_per_100g"":3.1,""value_for_portion"":3.1,""label"":""Verified"",""source_url"":""https://i.fnri.dost.gov.ph/fct/library/report/3374"",""source_record_id"":""D095"",""source_name"":""DOST-FNRI PhilFCT""},""carbs_g_100g"":{""value_per_100g"":10.6,""value_for_portion"":10.6,""label"":""Verified"",""source_url"":""https://i.fnri.dost.gov.ph/fct/library/report/3374"",""source_record_id"":""D095"",""source_name"":""DOST-FNRI PhilFCT""},""fat_g_100g"":{""value_per_100g"":0.9,""value_for_portion"":0.9,""label"":""Verified"",""source_url"":""https://i.fnri.dost.gov.ph/fct/library/report/3374"",""source_record_id"":""D095"",""source_name"":""DOST-FNRI PhilFCT""},""fiber_g_100g"":{""value_per_100g"":1.7,""value_for_portion"":1.7,""label"":""Verified"",""source_url"":""https://i.fnri.dost.gov.ph/fct/library/report/3374"",""source_record_id"":""D095"",""source_name"":""DOST-FNRI PhilFCT""},""sugar_g_100g"":{""value_per_100g"":0.8,""value_for_portion"":0.8,""label"":""Verified"",""source_url"":""https://i.fnri.dost.gov.ph/fct/library/report/3374"",""source_record_id"":""D095"",""source_name"":""DOST-FNRI PhilFCT""},""sodium_mg_100g"":{""value_per_100g"":8.0,""value_for_portion"":8.0,""label"":""Verified"",""source_url"":""https://i.fnri.dost.gov.ph/fct/library/report/3374"",""source_record_id"":""D095"",""source_name"":""DOST-FNRI PhilFCT""},""cholesterol_mg_100g"":{""value_per_100g"":0.0,""value_for_portion"":0.0,""label"":""Verified"",""source_url"":""https://i.fnri.dost.gov.ph/fct/library/report/3374"",""source_record_id"":""D095"",""source_name"":""DOST-FNRI PhilFCT""}}"
PH_DISH_008,EST_PH_DISH_008_V1,FC000317,Ginger,25,ASSUMED_REFERENCE_MIXTURE,46.0,1.1,8.5,0.8,1.1,0.9,3.0,0.0,"{""kcal_100g"":{""value_per_100g"":46.0,""value_for_portion"":46.0,""label"":""Verified"",""source_url"":""https://i.fnri.dost.gov.ph/fct/library/report/5005"",""source_record_id"":""D304"",""source_name"":""DOST-FNRI PhilFCT""},""protein_g_100g"":{""value_per_100g"":1.1,""value_for_portion"":1.1,""label"":""Verified"",""source_url"":""https://i.fnri.dost.gov.ph/fct/library/report/5005"",""source_record_id"":""D304"",""source_name"":""DOST-FNRI PhilFCT""},""carbs_g_100g"":{""value_per_100g"":8.5,""value_for_portion"":8.5,""label"":""Verified"",""source_url"":""https://i.fnri.dost.gov.ph/fct/library/report/5005"",""source_record_id"":""D304"",""source_name"":""DOST-FNRI PhilFCT""},""fat_g_100g"":{""value_per_100g"":0.8,""value_for_portion"":0.8,""label"":""Verified"",""source_url"":""https://i.fnri.dost.gov.ph/fct/library/report/5005"",""source_record_id"":""D304"",""source_name"":""DOST-FNRI PhilFCT""},""fiber_g_100g"":{""value_per_100g"":1.1,""value_for_portion"":1.1,""label"":""Verified"",""source_url"":""https://i.fnri.dost.gov.ph/fct/library/report/5005"",""source_record_id"":""D304"",""source_name"":""DOST-FNRI PhilFCT""},""sugar_g_100g"":{""value_per_100g"":0.9,""value_for_portion"":0.9,""label"":""Verified"",""source_url"":""https://i.fnri.dost.gov.ph/fct/library/report/5005"",""source_record_id"":""D304"",""source_name"":""DOST-FNRI PhilFCT""},""sodium_mg_100g"":{""value_per_100g"":3.0,""value_for_portion"":3.0,""label"":""Verified"",""source_url"":""https://i.fnri.dost.gov.ph/fct/library/report/5005"",""source_record_id"":""D304"",""source_name"":""DOST-FNRI PhilFCT""},""cholesterol_mg_100g"":{""value_per_100g"":0.0,""value_for_portion"":0.0,""label"":""Verified"",""source_url"":""https://i.fnri.dost.gov.ph/fct/library/report/5005"",""source_record_id"":""D304"",""source_name"":""DOST-FNRI PhilFCT""}}"
PH_DISH_008,EST_PH_DISH_008_V1,FC000333,"Onion, Bombay bulb, boiled",60,ASSUMED_REFERENCE_MIXTURE,47.0,1.2,9.7,0.4,1.3,4.6,3.0,0.0,"{""kcal_100g"":{""value_per_100g"":47.0,""value_for_portion"":47.0,""label"":""Verified"",""source_url"":""https://i.fnri.dost.gov.ph/fct/library/report/3421"",""source_record_id"":""D142"",""source_name"":""DOST-FNRI PhilFCT""},""protein_g_100g"":{""value_per_100g"":1.2,""value_for_portion"":1.2,""label"":""Verified"",""source_url"":""https://i.fnri.dost.gov.ph/fct/library/report/3421"",""source_record_id"":""D142"",""source_name"":""DOST-FNRI PhilFCT""},""carbs_g_100g"":{""value_per_100g"":9.7,""value_for_portion"":9.7,""label"":""Verified"",""source_url"":""https://i.fnri.dost.gov.ph/fct/library/report/3421"",""source_record_id"":""D142"",""source_name"":""DOST-FNRI PhilFCT""},""fat_g_100g"":{""value_per_100g"":0.4,""value_for_portion"":0.4,""label"":""Verified"",""source_url"":""https://i.fnri.dost.gov.ph/fct/library/report/3421"",""source_record_id"":""D142"",""source_name"":""DOST-FNRI PhilFCT""},""fiber_g_100g"":{""value_per_100g"":1.3,""value_for_portion"":1.3,""label"":""Verified"",""source_url"":""https://i.fnri.dost.gov.ph/fct/library/report/3421"",""source_record_id"":""D142"",""source_name"":""DOST-FNRI PhilFCT""},""sugar_g_100g"":{""value_per_100g"":4.6,""value_for_portion"":4.6,""label"":""Verified"",""source_url"":""https://i.fnri.dost.gov.ph/fct/library/report/3421"",""source_record_id"":""D142"",""source_name"":""DOST-FNRI PhilFCT""},""sodium_mg_100g"":{""value_per_100g"":3.0,""value_for_portion"":3.0,""label"":""Verified"",""source_url"":""https://i.fnri.dost.gov.ph/fct/library/report/3421"",""source_record_id"":""D142"",""source_name"":""DOST-FNRI PhilFCT""},""cholesterol_mg_100g"":{""value_per_100g"":0.0,""value_for_portion"":0.0,""label"":""Verified"",""source_url"":""https://i.fnri.dost.gov.ph/fct/library/report/3421"",""source_record_id"":""D142"",""source_name"":""DOST-FNRI PhilFCT""}}"
PH_DISH_008,EST_PH_DISH_008_V1,FC000070,Garlic bulb,10,ASSUMED_REFERENCE_MIXTURE,129.0,7.0,24.6,0.3,1.7,0.8,10.0,0.0,"{""kcal_100g"":{""value_per_100g"":129.0,""value_for_portion"":129.0,""label"":""Verified"",""source_url"":""https://i.fnri.dost.gov.ph/fct/library/report/3363"",""source_record_id"":""D084"",""source_name"":""DOST-FNRI PhilFCT""},""protein_g_100g"":{""value_per_100g"":7.0,""value_for_portion"":7.0,""label"":""Verified"",""source_url"":""https://i.fnri.dost.gov.ph/fct/library/report/3363"",""source_record_id"":""D084"",""source_name"":""DOST-FNRI PhilFCT""},""carbs_g_100g"":{""value_per_100g"":24.6,""value_for_portion"":24.6,""label"":""Verified"",""source_url"":""https://i.fnri.dost.gov.ph/fct/library/report/3363"",""source_record_id"":""D084"",""source_name"":""DOST-FNRI PhilFCT""},""fat_g_100g"":{""value_per_100g"":0.3,""value_for_portion"":0.3,""label"":""Verified"",""source_url"":""https://i.fnri.dost.gov.ph/fct/library/report/3363"",""source_record_id"":""D084"",""source_name"":""DOST-FNRI PhilFCT""},""fiber_g_100g"":{""value_per_100g"":1.7,""value_for_portion"":1.7,""label"":""Verified"",""source_url"":""https://i.fnri.dost.gov.ph/fct/library/report/3363"",""source_record_id"":""D084"",""source_name"":""DOST-FNRI PhilFCT""},""sugar_g_100g"":{""value_per_100g"":0.8,""value_for_portion"":0.8,""label"":""Verified"",""source_url"":""https://i.fnri.dost.gov.ph/fct/library/report/3363"",""source_record_id"":""D084"",""source_name"":""DOST-FNRI PhilFCT""},""sodium_mg_100g"":{""value_per_100g"":10.0,""value_for_portion"":10.0,""label"":""Verified"",""source_url"":""https://i.fnri.dost.gov.ph/fct/library/report/3363"",""source_record_id"":""D084"",""source_name"":""DOST-FNRI PhilFCT""},""cholesterol_mg_100g"":{""value_per_100g"":0.0,""value_for_portion"":0.0,""label"":""Verified"",""source_url"":""https://i.fnri.dost.gov.ph/fct/library/report/3363"",""source_record_id"":""D084"",""source_name"":""DOST-FNRI PhilFCT""}}"
PH_DISH_008,EST_PH_DISH_008_V1,FC000100,Fish sauce,20,ASSUMED_REFERENCE_MIXTURE,49.0,10.6,0.9,0.3,0.0,,5061.0,0.0,"{""kcal_100g"":{""value_per_100g"":49.0,""value_for_portion"":49.0,""label"":""Verified"",""source_url"":""https://i.fnri.dost.gov.ph/fct/library/report/4334"",""source_record_id"":""N011"",""source_name"":""DOST-FNRI PhilFCT""},""protein_g_100g"":{""value_per_100g"":10.6,""value_for_portion"":10.6,""label"":""Verified"",""source_url"":""https://i.fnri.dost.gov.ph/fct/library/report/4334"",""source_record_id"":""N011"",""source_name"":""DOST-FNRI PhilFCT""},""carbs_g_100g"":{""value_per_100g"":0.9,""value_for_portion"":0.9,""label"":""Verified"",""source_url"":""https://i.fnri.dost.gov.ph/fct/library/report/4334"",""source_record_id"":""N011"",""source_name"":""DOST-FNRI PhilFCT""},""fat_g_100g"":{""value_per_100g"":0.3,""value_for_portion"":0.3,""label"":""Verified"",""source_url"":""https://i.fnri.dost.gov.ph/fct/library/report/4334"",""source_record_id"":""N011"",""source_name"":""DOST-FNRI PhilFCT""},""fiber_g_100g"":{""value_per_100g"":0.0,""value_for_portion"":0.0,""label"":""Verified"",""source_url"":""https://i.fnri.dost.gov.ph/fct/library/report/4334"",""source_record_id"":""N011"",""source_name"":""DOST-FNRI PhilFCT""},""sugar_g_100g"":{""value_per_100g"":null,""value_for_portion"":null,""label"":""Unknown"",""source_url"":null,""source_record_id"":null,""source_name"":null},""sodium_mg_100g"":{""value_per_100g"":5061.0,""value_for_portion"":5061.0,""label"":""Verified"",""source_url"":""https://i.fnri.dost.gov.ph/fct/library/report/4334"",""source_record_id"":""N011"",""source_name"":""DOST-FNRI PhilFCT""},""cholesterol_mg_100g"":{""value_per_100g"":0.0,""value_for_portion"":0.0,""label"":""Verified"",""source_url"":""https://i.fnri.dost.gov.ph/fct/library/report/4334"",""source_record_id"":""N011"",""source_name"":""DOST-FNRI PhilFCT""}}"
PH_DISH_008,EST_PH_DISH_008_V1,FC000098,Coconut oil,10,ASSUMED_REFERENCE_MIXTURE,892.0,0.0,0.0,99.1,0.0,0.0,0.0,0.0,"{""kcal_100g"":{""value_per_100g"":892.0,""value_for_portion"":892.0,""label"":""Verified"",""source_url"":""https://i.fnri.dost.gov.ph/fct/library/report/4268"",""source_record_id"":""K008"",""source_name"":""DOST-FNRI PhilFCT""},""protein_g_100g"":{""value_per_100g"":0.0,""value_for_portion"":0.0,""label"":""Verified"",""source_url"":""https://i.fnri.dost.gov.ph/fct/library/report/4268"",""source_record_id"":""K008"",""source_name"":""DOST-FNRI PhilFCT""},""carbs_g_100g"":{""value_per_100g"":0.0,""value_for_portion"":0.0,""label"":""Verified"",""source_url"":""https://i.fnri.dost.gov.ph/fct/library/report/4268"",""source_record_id"":""K008"",""source_name"":""DOST-FNRI PhilFCT""},""fat_g_100g"":{""value_per_100g"":99.1,""value_for_portion"":99.1,""label"":""Verified"",""source_url"":""https://i.fnri.dost.gov.ph/fct/library/report/4268"",""source_record_id"":""K008"",""source_name"":""DOST-FNRI PhilFCT""},""fiber_g_100g"":{""value_per_100g"":0.0,""value_for_portion"":0.0,""label"":""Verified"",""source_url"":""https://i.fnri.dost.gov.ph/fct/library/report/4268"",""source_record_id"":""K008"",""source_name"":""DOST-FNRI PhilFCT""},""sugar_g_100g"":{""value_per_100g"":0.0,""value_for_portion"":0.0,""label"":""Verified"",""source_url"":""https://i.fnri.dost.gov.ph/fct/library/report/4268"",""source_record_id"":""K008"",""source_name"":""DOST-FNRI PhilFCT""},""sodium_mg_100g"":{""value_per_100g"":0.0,""value_for_portion"":0.0,""label"":""Verified"",""source_url"":""https://i.fnri.dost.gov.ph/fct/library/report/4268"",""source_record_id"":""K008"",""source_name"":""DOST-FNRI PhilFCT""},""cholesterol_mg_100g"":{""value_per_100g"":0.0,""value_for_portion"":0.0,""label"":""Verified"",""source_url"":""https://i.fnri.dost.gov.ph/fct/library/report/4268"",""source_record_id"":""K008"",""source_name"":""DOST-FNRI PhilFCT""}}"
PH_DISH_008,EST_PH_DISH_008_V1,FC001237,"Beverages, water, tap, drinking",900,ASSUMED_REFERENCE_MIXTURE,0.0,0.0,0.0,0.0,0.0,0.0,4.0,0.0,"{""kcal_100g"":{""value_per_100g"":0.0,""value_for_portion"":0.0,""label"":""Other source"",""source_url"":""https://fdc.nal.usda.gov/food-details/173647/nutrients"",""source_record_id"":""USDA_FC001237_173647"",""source_name"":""USDA FoodData Central SR Legacy""},""protein_g_100g"":{""value_per_100g"":0.0,""value_for_portion"":0.0,""label"":""Other source"",""source_url"":""https://fdc.nal.usda.gov/food-details/173647/nutrients"",""source_record_id"":""USDA_FC001237_173647"",""source_name"":""USDA FoodData Central SR Legacy""},""carbs_g_100g"":{""value_per_100g"":0.0,""value_for_portion"":0.0,""label"":""Other source"",""source_url"":""https://fdc.nal.usda.gov/food-details/173647/nutrients"",""source_record_id"":""USDA_FC001237_173647"",""source_name"":""USDA FoodData Central SR Legacy""},""fat_g_100g"":{""value_per_100g"":0.0,""value_for_portion"":0.0,""label"":""Other source"",""source_url"":""https://fdc.nal.usda.gov/food-details/173647/nutrients"",""source_record_id"":""USDA_FC001237_173647"",""source_name"":""USDA FoodData Central SR Legacy""},""fiber_g_100g"":{""value_per_100g"":0.0,""value_for_portion"":0.0,""label"":""Other source"",""source_url"":""https://fdc.nal.usda.gov/food-details/173647/nutrients"",""source_record_id"":""USDA_FC001237_173647"",""source_name"":""USDA FoodData Central SR Legacy""},""sugar_g_100g"":{""value_per_100g"":0.0,""value_for_portion"":0.0,""label"":""Other source"",""source_url"":""https://fdc.nal.usda.gov/food-details/173647/nutrients"",""source_record_id"":""USDA_FC001237_173647"",""source_name"":""USDA FoodData Central SR Legacy""},""sodium_mg_100g"":{""value_per_100g"":4.0,""value_for_portion"":4.0,""label"":""Other source"",""source_url"":""https://fdc.nal.usda.gov/food-details/173647/nutrients"",""source_record_id"":""USDA_FC001237_173647"",""source_name"":""USDA FoodData Central SR Legacy""},""cholesterol_mg_100g"":{""value_per_100g"":0.0,""value_for_portion"":0.0,""label"":""Other source"",""source_url"":""https://fdc.nal.usda.gov/food-details/173647/nutrients"",""source_record_id"":""USDA_FC001237_173647"",""source_name"":""USDA FoodData Central SR Legacy""}}"
PH_DISH_009,EST_PH_DISH_009_V1,FC000382,"Chicken, white meat, boiled",350,ASSUMED_REFERENCE_MIXTURE,173.0,32.9,0.0,4.6,0.0,0.0,81.0,,"{""kcal_100g"":{""value_per_100g"":173.0,""value_for_portion"":173.0,""label"":""Verified"",""source_url"":""https://i.fnri.dost.gov.ph/fct/library/report/3818"",""source_record_id"":""F111"",""source_name"":""DOST-FNRI PhilFCT""},""protein_g_100g"":{""value_per_100g"":32.9,""value_for_portion"":32.9,""label"":""Verified"",""source_url"":""https://i.fnri.dost.gov.ph/fct/library/report/3818"",""source_record_id"":""F111"",""source_name"":""DOST-FNRI PhilFCT""},""carbs_g_100g"":{""value_per_100g"":0.0,""value_for_portion"":0.0,""label"":""Verified"",""source_url"":""https://i.fnri.dost.gov.ph/fct/library/report/3818"",""source_record_id"":""F111"",""source_name"":""DOST-FNRI PhilFCT""},""fat_g_100g"":{""value_per_100g"":4.6,""value_for_portion"":4.6,""label"":""Verified"",""source_url"":""https://i.fnri.dost.gov.ph/fct/library/report/3818"",""source_record_id"":""F111"",""source_name"":""DOST-FNRI PhilFCT""},""fiber_g_100g"":{""value_per_100g"":0.0,""value_for_portion"":0.0,""label"":""Verified"",""source_url"":""https://i.fnri.dost.gov.ph/fct/library/report/3818"",""source_record_id"":""F111"",""source_name"":""DOST-FNRI PhilFCT""},""sugar_g_100g"":{""value_per_100g"":0.0,""value_for_portion"":0.0,""label"":""Verified"",""source_url"":""https://i.fnri.dost.gov.ph/fct/library/report/3818"",""source_record_id"":""F111"",""source_name"":""DOST-FNRI PhilFCT""},""sodium_mg_100g"":{""value_per_100g"":81.0,""value_for_portion"":81.0,""label"":""Verified"",""source_url"":""https://i.fnri.dost.gov.ph/fct/library/report/3818"",""source_record_id"":""F111"",""source_name"":""DOST-FNRI PhilFCT""},""cholesterol_mg_100g"":{""value_per_100g"":null,""value_for_portion"":null,""label"":""Unknown"",""source_url"":null,""source_record_id"":null,""source_name"":null}}"
PH_DISH_009,EST_PH_DISH_009_V1,FC000254,"Chayote fruit, boiled",350,ASSUMED_REFERENCE_MIXTURE,16.0,0.3,3.5,0.1,0.4,1.7,5.0,0.0,"{""kcal_100g"":{""value_per_100g"":16.0,""value_for_portion"":16.0,""label"":""Verified"",""source_url"":""https://i.fnri.dost.gov.ph/fct/library/report/3330"",""source_record_id"":""D051"",""source_name"":""DOST-FNRI PhilFCT""},""protein_g_100g"":{""value_per_100g"":0.3,""value_for_portion"":0.3,""label"":""Verified"",""source_url"":""https://i.fnri.dost.gov.ph/fct/library/report/3330"",""source_record_id"":""D051"",""source_name"":""DOST-FNRI PhilFCT""},""carbs_g_100g"":{""value_per_100g"":3.5,""value_for_portion"":3.5,""label"":""Verified"",""source_url"":""https://i.fnri.dost.gov.ph/fct/library/report/3330"",""source_record_id"":""D051"",""source_name"":""DOST-FNRI PhilFCT""},""fat_g_100g"":{""value_per_100g"":0.1,""value_for_portion"":0.1,""label"":""Verified"",""source_url"":""https://i.fnri.dost.gov.ph/fct/library/report/3330"",""source_record_id"":""D051"",""source_name"":""DOST-FNRI PhilFCT""},""fiber_g_100g"":{""value_per_100g"":0.4,""value_for_portion"":0.4,""label"":""Verified"",""source_url"":""https://i.fnri.dost.gov.ph/fct/library/report/3330"",""source_record_id"":""D051"",""source_name"":""DOST-FNRI PhilFCT""},""sugar_g_100g"":{""value_per_100g"":1.7,""value_for_portion"":1.7,""label"":""Verified"",""source_url"":""https://i.fnri.dost.gov.ph/fct/library/report/3330"",""source_record_id"":""D051"",""source_name"":""DOST-FNRI PhilFCT""},""sodium_mg_100g"":{""value_per_100g"":5.0,""value_for_portion"":5.0,""label"":""Verified"",""source_url"":""https://i.fnri.dost.gov.ph/fct/library/report/3330"",""source_record_id"":""D051"",""source_name"":""DOST-FNRI PhilFCT""},""cholesterol_mg_100g"":{""value_per_100g"":0.0,""value_for_portion"":0.0,""label"":""Verified"",""source_url"":""https://i.fnri.dost.gov.ph/fct/library/report/3330"",""source_record_id"":""D051"",""source_name"":""DOST-FNRI PhilFCT""}}"
PH_DISH_009,EST_PH_DISH_009_V1,FC000317,Ginger,25,ASSUMED_REFERENCE_MIXTURE,46.0,1.1,8.5,0.8,1.1,0.9,3.0,0.0,"{""kcal_100g"":{""value_per_100g"":46.0,""value_for_portion"":46.0,""label"":""Verified"",""source_url"":""https://i.fnri.dost.gov.ph/fct/library/report/5005"",""source_record_id"":""D304"",""source_name"":""DOST-FNRI PhilFCT""},""protein_g_100g"":{""value_per_100g"":1.1,""value_for_portion"":1.1,""label"":""Verified"",""source_url"":""https://i.fnri.dost.gov.ph/fct/library/report/5005"",""source_record_id"":""D304"",""source_name"":""DOST-FNRI PhilFCT""},""carbs_g_100g"":{""value_per_100g"":8.5,""value_for_portion"":8.5,""label"":""Verified"",""source_url"":""https://i.fnri.dost.gov.ph/fct/library/report/5005"",""source_record_id"":""D304"",""source_name"":""DOST-FNRI PhilFCT""},""fat_g_100g"":{""value_per_100g"":0.8,""value_for_portion"":0.8,""label"":""Verified"",""source_url"":""https://i.fnri.dost.gov.ph/fct/library/report/5005"",""source_record_id"":""D304"",""source_name"":""DOST-FNRI PhilFCT""},""fiber_g_100g"":{""value_per_100g"":1.1,""value_for_portion"":1.1,""label"":""Verified"",""source_url"":""https://i.fnri.dost.gov.ph/fct/library/report/5005"",""source_record_id"":""D304"",""source_name"":""DOST-FNRI PhilFCT""},""sugar_g_100g"":{""value_per_100g"":0.9,""value_for_portion"":0.9,""label"":""Verified"",""source_url"":""https://i.fnri.dost.gov.ph/fct/library/report/5005"",""source_record_id"":""D304"",""source_name"":""DOST-FNRI PhilFCT""},""sodium_mg_100g"":{""value_per_100g"":3.0,""value_for_portion"":3.0,""label"":""Verified"",""source_url"":""https://i.fnri.dost.gov.ph/fct/library/report/5005"",""source_record_id"":""D304"",""source_name"":""DOST-FNRI PhilFCT""},""cholesterol_mg_100g"":{""value_per_100g"":0.0,""value_for_portion"":0.0,""label"":""Verified"",""source_url"":""https://i.fnri.dost.gov.ph/fct/library/report/5005"",""source_record_id"":""D304"",""source_name"":""DOST-FNRI PhilFCT""}}"
PH_DISH_009,EST_PH_DISH_009_V1,FC000333,"Onion, Bombay bulb, boiled",60,ASSUMED_REFERENCE_MIXTURE,47.0,1.2,9.7,0.4,1.3,4.6,3.0,0.0,"{""kcal_100g"":{""value_per_100g"":47.0,""value_for_portion"":47.0,""label"":""Verified"",""source_url"":""https://i.fnri.dost.gov.ph/fct/library/report/3421"",""source_record_id"":""D142"",""source_name"":""DOST-FNRI PhilFCT""},""protein_g_100g"":{""value_per_100g"":1.2,""value_for_portion"":1.2,""label"":""Verified"",""source_url"":""https://i.fnri.dost.gov.ph/fct/library/report/3421"",""source_record_id"":""D142"",""source_name"":""DOST-FNRI PhilFCT""},""carbs_g_100g"":{""value_per_100g"":9.7,""value_for_portion"":9.7,""label"":""Verified"",""source_url"":""https://i.fnri.dost.gov.ph/fct/library/report/3421"",""source_record_id"":""D142"",""source_name"":""DOST-FNRI PhilFCT""},""fat_g_100g"":{""value_per_100g"":0.4,""value_for_portion"":0.4,""label"":""Verified"",""source_url"":""https://i.fnri.dost.gov.ph/fct/library/report/3421"",""source_record_id"":""D142"",""source_name"":""DOST-FNRI PhilFCT""},""fiber_g_100g"":{""value_per_100g"":1.3,""value_for_portion"":1.3,""label"":""Verified"",""source_url"":""https://i.fnri.dost.gov.ph/fct/library/report/3421"",""source_record_id"":""D142"",""source_name"":""DOST-FNRI PhilFCT""},""sugar_g_100g"":{""value_per_100g"":4.6,""value_for_portion"":4.6,""label"":""Verified"",""source_url"":""https://i.fnri.dost.gov.ph/fct/library/report/3421"",""source_record_id"":""D142"",""source_name"":""DOST-FNRI PhilFCT""},""sodium_mg_100g"":{""value_per_100g"":3.0,""value_for_portion"":3.0,""label"":""Verified"",""source_url"":""https://i.fnri.dost.gov.ph/fct/library/report/3421"",""source_record_id"":""D142"",""source_name"":""DOST-FNRI PhilFCT""},""cholesterol_mg_100g"":{""value_per_100g"":0.0,""value_for_portion"":0.0,""label"":""Verified"",""source_url"":""https://i.fnri.dost.gov.ph/fct/library/report/3421"",""source_record_id"":""D142"",""source_name"":""DOST-FNRI PhilFCT""}}"
PH_DISH_009,EST_PH_DISH_009_V1,FC000070,Garlic bulb,10,ASSUMED_REFERENCE_MIXTURE,129.0,7.0,24.6,0.3,1.7,0.8,10.0,0.0,"{""kcal_100g"":{""value_per_100g"":129.0,""value_for_portion"":129.0,""label"":""Verified"",""source_url"":""https://i.fnri.dost.gov.ph/fct/library/report/3363"",""source_record_id"":""D084"",""source_name"":""DOST-FNRI PhilFCT""},""protein_g_100g"":{""value_per_100g"":7.0,""value_for_portion"":7.0,""label"":""Verified"",""source_url"":""https://i.fnri.dost.gov.ph/fct/library/report/3363"",""source_record_id"":""D084"",""source_name"":""DOST-FNRI PhilFCT""},""carbs_g_100g"":{""value_per_100g"":24.6,""value_for_portion"":24.6,""label"":""Verified"",""source_url"":""https://i.fnri.dost.gov.ph/fct/library/report/3363"",""source_record_id"":""D084"",""source_name"":""DOST-FNRI PhilFCT""},""fat_g_100g"":{""value_per_100g"":0.3,""value_for_portion"":0.3,""label"":""Verified"",""source_url"":""https://i.fnri.dost.gov.ph/fct/library/report/3363"",""source_record_id"":""D084"",""source_name"":""DOST-FNRI PhilFCT""},""fiber_g_100g"":{""value_per_100g"":1.7,""value_for_portion"":1.7,""label"":""Verified"",""source_url"":""https://i.fnri.dost.gov.ph/fct/library/report/3363"",""source_record_id"":""D084"",""source_name"":""DOST-FNRI PhilFCT""},""sugar_g_100g"":{""value_per_100g"":0.8,""value_for_portion"":0.8,""label"":""Verified"",""source_url"":""https://i.fnri.dost.gov.ph/fct/library/report/3363"",""source_record_id"":""D084"",""source_name"":""DOST-FNRI PhilFCT""},""sodium_mg_100g"":{""value_per_100g"":10.0,""value_for_portion"":10.0,""label"":""Verified"",""source_url"":""https://i.fnri.dost.gov.ph/fct/library/report/3363"",""source_record_id"":""D084"",""source_name"":""DOST-FNRI PhilFCT""},""cholesterol_mg_100g"":{""value_per_100g"":0.0,""value_for_portion"":0.0,""label"":""Verified"",""source_url"":""https://i.fnri.dost.gov.ph/fct/library/report/3363"",""source_record_id"":""D084"",""source_name"":""DOST-FNRI PhilFCT""}}"
PH_DISH_009,EST_PH_DISH_009_V1,FC000100,Fish sauce,20,ASSUMED_REFERENCE_MIXTURE,49.0,10.6,0.9,0.3,0.0,,5061.0,0.0,"{""kcal_100g"":{""value_per_100g"":49.0,""value_for_portion"":49.0,""label"":""Verified"",""source_url"":""https://i.fnri.dost.gov.ph/fct/library/report/4334"",""source_record_id"":""N011"",""source_name"":""DOST-FNRI PhilFCT""},""protein_g_100g"":{""value_per_100g"":10.6,""value_for_portion"":10.6,""label"":""Verified"",""source_url"":""https://i.fnri.dost.gov.ph/fct/library/report/4334"",""source_record_id"":""N011"",""source_name"":""DOST-FNRI PhilFCT""},""carbs_g_100g"":{""value_per_100g"":0.9,""value_for_portion"":0.9,""label"":""Verified"",""source_url"":""https://i.fnri.dost.gov.ph/fct/library/report/4334"",""source_record_id"":""N011"",""source_name"":""DOST-FNRI PhilFCT""},""fat_g_100g"":{""value_per_100g"":0.3,""value_for_portion"":0.3,""label"":""Verified"",""source_url"":""https://i.fnri.dost.gov.ph/fct/library/report/4334"",""source_record_id"":""N011"",""source_name"":""DOST-FNRI PhilFCT""},""fiber_g_100g"":{""value_per_100g"":0.0,""value_for_portion"":0.0,""label"":""Verified"",""source_url"":""https://i.fnri.dost.gov.ph/fct/library/report/4334"",""source_record_id"":""N011"",""source_name"":""DOST-FNRI PhilFCT""},""sugar_g_100g"":{""value_per_100g"":null,""value_for_portion"":null,""label"":""Unknown"",""source_url"":null,""source_record_id"":null,""source_name"":null},""sodium_mg_100g"":{""value_per_100g"":5061.0,""value_for_portion"":5061.0,""label"":""Verified"",""source_url"":""https://i.fnri.dost.gov.ph/fct/library/report/4334"",""source_record_id"":""N011"",""source_name"":""DOST-FNRI PhilFCT""},""cholesterol_mg_100g"":{""value_per_100g"":0.0,""value_for_portion"":0.0,""label"":""Verified"",""source_url"":""https://i.fnri.dost.gov.ph/fct/library/report/4334"",""source_record_id"":""N011"",""source_name"":""DOST-FNRI PhilFCT""}}"
PH_DISH_009,EST_PH_DISH_009_V1,FC001237,"Beverages, water, tap, drinking",900,ASSUMED_REFERENCE_MIXTURE,0.0,0.0,0.0,0.0,0.0,0.0,4.0,0.0,"{""kcal_100g"":{""value_per_100g"":0.0,""value_for_portion"":0.0,""label"":""Other source"",""source_url"":""https://fdc.nal.usda.gov/food-details/173647/nutrients"",""source_record_id"":""USDA_FC001237_173647"",""source_name"":""USDA FoodData Central SR Legacy""},""protein_g_100g"":{""value_per_100g"":0.0,""value_for_portion"":0.0,""label"":""Other source"",""source_url"":""https://fdc.nal.usda.gov/food-details/173647/nutrients"",""source_record_id"":""USDA_FC001237_173647"",""source_name"":""USDA FoodData Central SR Legacy""},""carbs_g_100g"":{""value_per_100g"":0.0,""value_for_portion"":0.0,""label"":""Other source"",""source_url"":""https://fdc.nal.usda.gov/food-details/173647/nutrients"",""source_record_id"":""USDA_FC001237_173647"",""source_name"":""USDA FoodData Central SR Legacy""},""fat_g_100g"":{""value_per_100g"":0.0,""value_for_portion"":0.0,""label"":""Other source"",""source_url"":""https://fdc.nal.usda.gov/food-details/173647/nutrients"",""source_record_id"":""USDA_FC001237_173647"",""source_name"":""USDA FoodData Central SR Legacy""},""fiber_g_100g"":{""value_per_100g"":0.0,""value_for_portion"":0.0,""label"":""Other source"",""source_url"":""https://fdc.nal.usda.gov/food-details/173647/nutrients"",""source_record_id"":""USDA_FC001237_173647"",""source_name"":""USDA FoodData Central SR Legacy""},""sugar_g_100g"":{""value_per_100g"":0.0,""value_for_portion"":0.0,""label"":""Other source"",""source_url"":""https://fdc.nal.usda.gov/food-details/173647/nutrients"",""source_record_id"":""USDA_FC001237_173647"",""source_name"":""USDA FoodData Central SR Legacy""},""sodium_mg_100g"":{""value_per_100g"":4.0,""value_for_portion"":4.0,""label"":""Other source"",""source_url"":""https://fdc.nal.usda.gov/food-details/173647/nutrients"",""source_record_id"":""USDA_FC001237_173647"",""source_name"":""USDA FoodData Central SR Legacy""},""cholesterol_mg_100g"":{""value_per_100g"":0.0,""value_for_portion"":0.0,""label"":""Other source"",""source_url"":""https://fdc.nal.usda.gov/food-details/173647/nutrients"",""source_record_id"":""USDA_FC001237_173647"",""source_name"":""USDA FoodData Central SR Legacy""}}"
PH_DISH_010,EST_PH_DISH_010_V1,FC000384,"Pork belly, boiled",350,ASSUMED_REFERENCE_MIXTURE,444.0,13.0,0.0,43.6,0.0,0.0,89.0,48.0,"{""kcal_100g"":{""value_per_100g"":444.0,""value_for_portion"":444.0,""label"":""Verified"",""source_url"":""https://i.fnri.dost.gov.ph/fct/library/report/3858"",""source_record_id"":""F151"",""source_name"":""DOST-FNRI PhilFCT""},""protein_g_100g"":{""value_per_100g"":13.0,""value_for_portion"":13.0,""label"":""Verified"",""source_url"":""https://i.fnri.dost.gov.ph/fct/library/report/3858"",""source_record_id"":""F151"",""source_name"":""DOST-FNRI PhilFCT""},""carbs_g_100g"":{""value_per_100g"":0.0,""value_for_portion"":0.0,""label"":""Verified"",""source_url"":""https://i.fnri.dost.gov.ph/fct/library/report/3858"",""source_record_id"":""F151"",""source_name"":""DOST-FNRI PhilFCT""},""fat_g_100g"":{""value_per_100g"":43.6,""value_for_portion"":43.6,""label"":""Verified"",""source_url"":""https://i.fnri.dost.gov.ph/fct/library/report/3858"",""source_record_id"":""F151"",""source_name"":""DOST-FNRI PhilFCT""},""fiber_g_100g"":{""value_per_100g"":0.0,""value_for_portion"":0.0,""label"":""Verified"",""source_url"":""https://i.fnri.dost.gov.ph/fct/library/report/3858"",""source_record_id"":""F151"",""source_name"":""DOST-FNRI PhilFCT""},""sugar_g_100g"":{""value_per_100g"":0.0,""value_for_portion"":0.0,""label"":""Verified"",""source_url"":""https://i.fnri.dost.gov.ph/fct/library/report/3858"",""source_record_id"":""F151"",""source_name"":""DOST-FNRI PhilFCT""},""sodium_mg_100g"":{""value_per_100g"":89.0,""value_for_portion"":89.0,""label"":""Verified"",""source_url"":""https://i.fnri.dost.gov.ph/fct/library/report/3858"",""source_record_id"":""F151"",""source_name"":""DOST-FNRI PhilFCT""},""cholesterol_mg_100g"":{""value_per_100g"":48.0,""value_for_portion"":48.0,""label"":""Verified"",""source_url"":""https://i.fnri.dost.gov.ph/fct/library/report/3858"",""source_record_id"":""F151"",""source_name"":""DOST-FNRI PhilFCT""}}"
PH_DISH_010,EST_PH_DISH_010_V1,FC000548,"Tamarind, unripe, boiled",60,ASSUMED_REFERENCE_MIXTURE,30.0,0.7,6.6,0.1,,,,0.0,"{""kcal_100g"":{""value_per_100g"":30.0,""value_for_portion"":30.0,""label"":""Verified"",""source_url"":""https://i.fnri.dost.gov.ph/fct/library/report/3677"",""source_record_id"":""E095"",""source_name"":""DOST-FNRI PhilFCT""},""protein_g_100g"":{""value_per_100g"":0.7,""value_for_portion"":0.7,""label"":""Verified"",""source_url"":""https://i.fnri.dost.gov.ph/fct/library/report/3677"",""source_record_id"":""E095"",""source_name"":""DOST-FNRI PhilFCT""},""carbs_g_100g"":{""value_per_100g"":6.6,""value_for_portion"":6.6,""label"":""Verified"",""source_url"":""https://i.fnri.dost.gov.ph/fct/library/report/3677"",""source_record_id"":""E095"",""source_name"":""DOST-FNRI PhilFCT""},""fat_g_100g"":{""value_per_100g"":0.1,""value_for_portion"":0.1,""label"":""Verified"",""source_url"":""https://i.fnri.dost.gov.ph/fct/library/report/3677"",""source_record_id"":""E095"",""source_name"":""DOST-FNRI PhilFCT""},""fiber_g_100g"":{""value_per_100g"":null,""value_for_portion"":null,""label"":""Unknown"",""source_url"":null,""source_record_id"":null,""source_name"":null},""sugar_g_100g"":{""value_per_100g"":null,""value_for_portion"":null,""label"":""Unknown"",""source_url"":null,""source_record_id"":null,""source_name"":null},""sodium_mg_100g"":{""value_per_100g"":null,""value_for_portion"":null,""label"":""Unknown"",""source_url"":null,""source_record_id"":null,""source_name"":null},""cholesterol_mg_100g"":{""value_per_100g"":0.0,""value_for_portion"":0.0,""label"":""Verified"",""source_url"":""https://i.fnri.dost.gov.ph/fct/library/report/3677"",""source_record_id"":""E095"",""source_name"":""DOST-FNRI PhilFCT""}}"
PH_DISH_010,EST_PH_DISH_010_V1,FC000280,"Tomato, boiled",150,ASSUMED_REFERENCE_MIXTURE,25.0,0.4,5.6,0.1,0.3,3.6,11.0,0.0,"{""kcal_100g"":{""value_per_100g"":25.0,""value_for_portion"":25.0,""label"":""Verified"",""source_url"":""https://i.fnri.dost.gov.ph/fct/library/report/3537"",""source_record_id"":""D258"",""source_name"":""DOST-FNRI PhilFCT""},""protein_g_100g"":{""value_per_100g"":0.4,""value_for_portion"":0.4,""label"":""Verified"",""source_url"":""https://i.fnri.dost.gov.ph/fct/library/report/3537"",""source_record_id"":""D258"",""source_name"":""DOST-FNRI PhilFCT""},""carbs_g_100g"":{""value_per_100g"":5.6,""value_for_portion"":5.6,""label"":""Verified"",""source_url"":""https://i.fnri.dost.gov.ph/fct/library/report/3537"",""source_record_id"":""D258"",""source_name"":""DOST-FNRI PhilFCT""},""fat_g_100g"":{""value_per_100g"":0.1,""value_for_portion"":0.1,""label"":""Verified"",""source_url"":""https://i.fnri.dost.gov.ph/fct/library/report/3537"",""source_record_id"":""D258"",""source_name"":""DOST-FNRI PhilFCT""},""fiber_g_100g"":{""value_per_100g"":0.3,""value_for_portion"":0.3,""label"":""Verified"",""source_url"":""https://i.fnri.dost.gov.ph/fct/library/report/3537"",""source_record_id"":""D258"",""source_name"":""DOST-FNRI PhilFCT""},""sugar_g_100g"":{""value_per_100g"":3.6,""value_for_portion"":3.6,""label"":""Verified"",""source_url"":""https://i.fnri.dost.gov.ph/fct/library/report/3537"",""source_record_id"":""D258"",""source_name"":""DOST-FNRI PhilFCT""},""sodium_mg_100g"":{""value_per_100g"":11.0,""value_for_portion"":11.0,""label"":""Verified"",""source_url"":""https://i.fnri.dost.gov.ph/fct/library/report/3537"",""source_record_id"":""D258"",""source_name"":""DOST-FNRI PhilFCT""},""cholesterol_mg_100g"":{""value_per_100g"":0.0,""value_for_portion"":0.0,""label"":""Verified"",""source_url"":""https://i.fnri.dost.gov.ph/fct/library/report/3537"",""source_record_id"":""D258"",""source_name"":""DOST-FNRI PhilFCT""}}"
PH_DISH_010,EST_PH_DISH_010_V1,FC000333,"Onion, Bombay bulb, boiled",70,ASSUMED_REFERENCE_MIXTURE,47.0,1.2,9.7,0.4,1.3,4.6,3.0,0.0,"{""kcal_100g"":{""value_per_100g"":47.0,""value_for_portion"":47.0,""label"":""Verified"",""source_url"":""https://i.fnri.dost.gov.ph/fct/library/report/3421"",""source_record_id"":""D142"",""source_name"":""DOST-FNRI PhilFCT""},""protein_g_100g"":{""value_per_100g"":1.2,""value_for_portion"":1.2,""label"":""Verified"",""source_url"":""https://i.fnri.dost.gov.ph/fct/library/report/3421"",""source_record_id"":""D142"",""source_name"":""DOST-FNRI PhilFCT""},""carbs_g_100g"":{""value_per_100g"":9.7,""value_for_portion"":9.7,""label"":""Verified"",""source_url"":""https://i.fnri.dost.gov.ph/fct/library/report/3421"",""source_record_id"":""D142"",""source_name"":""DOST-FNRI PhilFCT""},""fat_g_100g"":{""value_per_100g"":0.4,""value_for_portion"":0.4,""label"":""Verified"",""source_url"":""https://i.fnri.dost.gov.ph/fct/library/report/3421"",""source_record_id"":""D142"",""source_name"":""DOST-FNRI PhilFCT""},""fiber_g_100g"":{""value_per_100g"":1.3,""value_for_portion"":1.3,""label"":""Verified"",""source_url"":""https://i.fnri.dost.gov.ph/fct/library/report/3421"",""source_record_id"":""D142"",""source_name"":""DOST-FNRI PhilFCT""},""sugar_g_100g"":{""value_per_100g"":4.6,""value_for_portion"":4.6,""label"":""Verified"",""source_url"":""https://i.fnri.dost.gov.ph/fct/library/report/3421"",""source_record_id"":""D142"",""source_name"":""DOST-FNRI PhilFCT""},""sodium_mg_100g"":{""value_per_100g"":3.0,""value_for_portion"":3.0,""label"":""Verified"",""source_url"":""https://i.fnri.dost.gov.ph/fct/library/report/3421"",""source_record_id"":""D142"",""source_name"":""DOST-FNRI PhilFCT""},""cholesterol_mg_100g"":{""value_per_100g"":0.0,""value_for_portion"":0.0,""label"":""Verified"",""source_url"":""https://i.fnri.dost.gov.ph/fct/library/report/3421"",""source_record_id"":""D142"",""source_name"":""DOST-FNRI PhilFCT""}}"
PH_DISH_010,EST_PH_DISH_010_V1,FC000272,"String/Yard long bean pod, green, boiled",150,ASSUMED_REFERENCE_MIXTURE,52.0,4.0,7.9,0.5,2.7,,4.0,0.0,"{""kcal_100g"":{""value_per_100g"":52.0,""value_for_portion"":52.0,""label"":""Verified"",""source_url"":""https://i.fnri.dost.gov.ph/fct/library/report/3512"",""source_record_id"":""D233"",""source_name"":""DOST-FNRI PhilFCT""},""protein_g_100g"":{""value_per_100g"":4.0,""value_for_portion"":4.0,""label"":""Verified"",""source_url"":""https://i.fnri.dost.gov.ph/fct/library/report/3512"",""source_record_id"":""D233"",""source_name"":""DOST-FNRI PhilFCT""},""carbs_g_100g"":{""value_per_100g"":7.9,""value_for_portion"":7.9,""label"":""Verified"",""source_url"":""https://i.fnri.dost.gov.ph/fct/library/report/3512"",""source_record_id"":""D233"",""source_name"":""DOST-FNRI PhilFCT""},""fat_g_100g"":{""value_per_100g"":0.5,""value_for_portion"":0.5,""label"":""Verified"",""source_url"":""https://i.fnri.dost.gov.ph/fct/library/report/3512"",""source_record_id"":""D233"",""source_name"":""DOST-FNRI PhilFCT""},""fiber_g_100g"":{""value_per_100g"":2.7,""value_for_portion"":2.7,""label"":""Verified"",""source_url"":""https://i.fnri.dost.gov.ph/fct/library/report/3512"",""source_record_id"":""D233"",""source_name"":""DOST-FNRI PhilFCT""},""sugar_g_100g"":{""value_per_100g"":null,""value_for_portion"":null,""label"":""Unknown"",""source_url"":null,""source_record_id"":null,""source_name"":null},""sodium_mg_100g"":{""value_per_100g"":4.0,""value_for_portion"":4.0,""label"":""Verified"",""source_url"":""https://i.fnri.dost.gov.ph/fct/library/report/3512"",""source_record_id"":""D233"",""source_name"":""DOST-FNRI PhilFCT""},""cholesterol_mg_100g"":{""value_per_100g"":0.0,""value_for_portion"":0.0,""label"":""Verified"",""source_url"":""https://i.fnri.dost.gov.ph/fct/library/report/3512"",""source_record_id"":""D233"",""source_name"":""DOST-FNRI PhilFCT""}}"
PH_DISH_010,EST_PH_DISH_010_V1,FC000275,"Swamp cabbage lvs, boiled",100,ASSUMED_REFERENCE_MIXTURE,28.0,1.5,4.7,0.4,2.6,0.4,78.0,0.0,"{""kcal_100g"":{""value_per_100g"":28.0,""value_for_portion"":28.0,""label"":""Verified"",""source_url"":""https://i.fnri.dost.gov.ph/fct/library/report/3522"",""source_record_id"":""D243"",""source_name"":""DOST-FNRI PhilFCT""},""protein_g_100g"":{""value_per_100g"":1.5,""value_for_portion"":1.5,""label"":""Verified"",""source_url"":""https://i.fnri.dost.gov.ph/fct/library/report/3522"",""source_record_id"":""D243"",""source_name"":""DOST-FNRI PhilFCT""},""carbs_g_100g"":{""value_per_100g"":4.7,""value_for_portion"":4.7,""label"":""Verified"",""source_url"":""https://i.fnri.dost.gov.ph/fct/library/report/3522"",""source_record_id"":""D243"",""source_name"":""DOST-FNRI PhilFCT""},""fat_g_100g"":{""value_per_100g"":0.4,""value_for_portion"":0.4,""label"":""Verified"",""source_url"":""https://i.fnri.dost.gov.ph/fct/library/report/3522"",""source_record_id"":""D243"",""source_name"":""DOST-FNRI PhilFCT""},""fiber_g_100g"":{""value_per_100g"":2.6,""value_for_portion"":2.6,""label"":""Verified"",""source_url"":""https://i.fnri.dost.gov.ph/fct/library/report/3522"",""source_record_id"":""D243"",""source_name"":""DOST-FNRI PhilFCT""},""sugar_g_100g"":{""value_per_100g"":0.4,""value_for_portion"":0.4,""label"":""Verified"",""source_url"":""https://i.fnri.dost.gov.ph/fct/library/report/3522"",""source_record_id"":""D243"",""source_name"":""DOST-FNRI PhilFCT""},""sodium_mg_100g"":{""value_per_100g"":78.0,""value_for_portion"":78.0,""label"":""Verified"",""source_url"":""https://i.fnri.dost.gov.ph/fct/library/report/3522"",""source_record_id"":""D243"",""source_name"":""DOST-FNRI PhilFCT""},""cholesterol_mg_100g"":{""value_per_100g"":0.0,""value_for_portion"":0.0,""label"":""Verified"",""source_url"":""https://i.fnri.dost.gov.ph/fct/library/report/3522"",""source_record_id"":""D243"",""source_name"":""DOST-FNRI PhilFCT""}}"
PH_DISH_010,EST_PH_DISH_010_V1,FC000262,"Okra, boiled",100,ASSUMED_REFERENCE_MIXTURE,30.0,1.0,6.1,0.2,2.6,2.5,6.0,0.0,"{""kcal_100g"":{""value_per_100g"":30.0,""value_for_portion"":30.0,""label"":""Verified"",""source_url"":""https://i.fnri.dost.gov.ph/fct/library/report/3419"",""source_record_id"":""D140"",""source_name"":""DOST-FNRI PhilFCT""},""protein_g_100g"":{""value_per_100g"":1.0,""value_for_portion"":1.0,""label"":""Verified"",""source_url"":""https://i.fnri.dost.gov.ph/fct/library/report/3419"",""source_record_id"":""D140"",""source_name"":""DOST-FNRI PhilFCT""},""carbs_g_100g"":{""value_per_100g"":6.1,""value_for_portion"":6.1,""label"":""Verified"",""source_url"":""https://i.fnri.dost.gov.ph/fct/library/report/3419"",""source_record_id"":""D140"",""source_name"":""DOST-FNRI PhilFCT""},""fat_g_100g"":{""value_per_100g"":0.2,""value_for_portion"":0.2,""label"":""Verified"",""source_url"":""https://i.fnri.dost.gov.ph/fct/library/report/3419"",""source_record_id"":""D140"",""source_name"":""DOST-FNRI PhilFCT""},""fiber_g_100g"":{""value_per_100g"":2.6,""value_for_portion"":2.6,""label"":""Verified"",""source_url"":""https://i.fnri.dost.gov.ph/fct/library/report/3419"",""source_record_id"":""D140"",""source_name"":""DOST-FNRI PhilFCT""},""sugar_g_100g"":{""value_per_100g"":2.5,""value_for_portion"":2.5,""label"":""Verified"",""source_url"":""https://i.fnri.dost.gov.ph/fct/library/report/3419"",""source_record_id"":""D140"",""source_name"":""DOST-FNRI PhilFCT""},""sodium_mg_100g"":{""value_per_100g"":6.0,""value_for_portion"":6.0,""label"":""Verified"",""source_url"":""https://i.fnri.dost.gov.ph/fct/library/report/3419"",""source_record_id"":""D140"",""source_name"":""DOST-FNRI PhilFCT""},""cholesterol_mg_100g"":{""value_per_100g"":0.0,""value_for_portion"":0.0,""label"":""Verified"",""source_url"":""https://i.fnri.dost.gov.ph/fct/library/report/3419"",""source_record_id"":""D140"",""source_name"":""DOST-FNRI PhilFCT""}}"
PH_DISH_010,EST_PH_DISH_010_V1,FC000100,Fish sauce,25,ASSUMED_REFERENCE_MIXTURE,49.0,10.6,0.9,0.3,0.0,,5061.0,0.0,"{""kcal_100g"":{""value_per_100g"":49.0,""value_for_portion"":49.0,""label"":""Verified"",""source_url"":""https://i.fnri.dost.gov.ph/fct/library/report/4334"",""source_record_id"":""N011"",""source_name"":""DOST-FNRI PhilFCT""},""protein_g_100g"":{""value_per_100g"":10.6,""value_for_portion"":10.6,""label"":""Verified"",""source_url"":""https://i.fnri.dost.gov.ph/fct/library/report/4334"",""source_record_id"":""N011"",""source_name"":""DOST-FNRI PhilFCT""},""carbs_g_100g"":{""value_per_100g"":0.9,""value_for_portion"":0.9,""label"":""Verified"",""source_url"":""https://i.fnri.dost.gov.ph/fct/library/report/4334"",""source_record_id"":""N011"",""source_name"":""DOST-FNRI PhilFCT""},""fat_g_100g"":{""value_per_100g"":0.3,""value_for_portion"":0.3,""label"":""Verified"",""source_url"":""https://i.fnri.dost.gov.ph/fct/library/report/4334"",""source_record_id"":""N011"",""source_name"":""DOST-FNRI PhilFCT""},""fiber_g_100g"":{""value_per_100g"":0.0,""value_for_portion"":0.0,""label"":""Verified"",""source_url"":""https://i.fnri.dost.gov.ph/fct/library/report/4334"",""source_record_id"":""N011"",""source_name"":""DOST-FNRI PhilFCT""},""sugar_g_100g"":{""value_per_100g"":null,""value_for_portion"":null,""label"":""Unknown"",""source_url"":null,""source_record_id"":null,""source_name"":null},""sodium_mg_100g"":{""value_per_100g"":5061.0,""value_for_portion"":5061.0,""label"":""Verified"",""source_url"":""https://i.fnri.dost.gov.ph/fct/library/report/4334"",""source_record_id"":""N011"",""source_name"":""DOST-FNRI PhilFCT""},""cholesterol_mg_100g"":{""value_per_100g"":0.0,""value_for_portion"":0.0,""label"":""Verified"",""source_url"":""https://i.fnri.dost.gov.ph/fct/library/report/4334"",""source_record_id"":""N011"",""source_name"":""DOST-FNRI PhilFCT""}}"
PH_DISH_010,EST_PH_DISH_010_V1,FC001237,"Beverages, water, tap, drinking",1000,ASSUMED_REFERENCE_MIXTURE,0.0,0.0,0.0,0.0,0.0,0.0,4.0,0.0,"{""kcal_100g"":{""value_per_100g"":0.0,""value_for_portion"":0.0,""label"":""Other source"",""source_url"":""https://fdc.nal.usda.gov/food-details/173647/nutrients"",""source_record_id"":""USDA_FC001237_173647"",""source_name"":""USDA FoodData Central SR Legacy""},""protein_g_100g"":{""value_per_100g"":0.0,""value_for_portion"":0.0,""label"":""Other source"",""source_url"":""https://fdc.nal.usda.gov/food-details/173647/nutrients"",""source_record_id"":""USDA_FC001237_173647"",""source_name"":""USDA FoodData Central SR Legacy""},""carbs_g_100g"":{""value_per_100g"":0.0,""value_for_portion"":0.0,""label"":""Other source"",""source_url"":""https://fdc.nal.usda.gov/food-details/173647/nutrients"",""source_record_id"":""USDA_FC001237_173647"",""source_name"":""USDA FoodData Central SR Legacy""},""fat_g_100g"":{""value_per_100g"":0.0,""value_for_portion"":0.0,""label"":""Other source"",""source_url"":""https://fdc.nal.usda.gov/food-details/173647/nutrients"",""source_record_id"":""USDA_FC001237_173647"",""source_name"":""USDA FoodData Central SR Legacy""},""fiber_g_100g"":{""value_per_100g"":0.0,""value_for_portion"":0.0,""label"":""Other source"",""source_url"":""https://fdc.nal.usda.gov/food-details/173647/nutrients"",""source_record_id"":""USDA_FC001237_173647"",""source_name"":""USDA FoodData Central SR Legacy""},""sugar_g_100g"":{""value_per_100g"":0.0,""value_for_portion"":0.0,""label"":""Other source"",""source_url"":""https://fdc.nal.usda.gov/food-details/173647/nutrients"",""source_record_id"":""USDA_FC001237_173647"",""source_name"":""USDA FoodData Central SR Legacy""},""sodium_mg_100g"":{""value_per_100g"":4.0,""value_for_portion"":4.0,""label"":""Other source"",""source_url"":""https://fdc.nal.usda.gov/food-details/173647/nutrients"",""source_record_id"":""USDA_FC001237_173647"",""source_name"":""USDA FoodData Central SR Legacy""},""cholesterol_mg_100g"":{""value_per_100g"":0.0,""value_for_portion"":0.0,""label"":""Other source"",""source_url"":""https://fdc.nal.usda.gov/food-details/173647/nutrients"",""source_record_id"":""USDA_FC001237_173647"",""source_name"":""USDA FoodData Central SR Legacy""}}"
PH_DISH_011,EST_PH_DISH_011_V1,FC000388,"Pork Boston butt, lean, boiled",350,ASSUMED_REFERENCE_MIXTURE,212.0,15.6,0.0,16.6,0.0,0.0,47.0,,"{""kcal_100g"":{""value_per_100g"":212.0,""value_for_portion"":212.0,""label"":""Verified"",""source_url"":""https://i.fnri.dost.gov.ph/fct/library/report/3865"",""source_record_id"":""F158"",""source_name"":""DOST-FNRI PhilFCT""},""protein_g_100g"":{""value_per_100g"":15.6,""value_for_portion"":15.6,""label"":""Verified"",""source_url"":""https://i.fnri.dost.gov.ph/fct/library/report/3865"",""source_record_id"":""F158"",""source_name"":""DOST-FNRI PhilFCT""},""carbs_g_100g"":{""value_per_100g"":0.0,""value_for_portion"":0.0,""label"":""Verified"",""source_url"":""https://i.fnri.dost.gov.ph/fct/library/report/3865"",""source_record_id"":""F158"",""source_name"":""DOST-FNRI PhilFCT""},""fat_g_100g"":{""value_per_100g"":16.6,""value_for_portion"":16.6,""label"":""Verified"",""source_url"":""https://i.fnri.dost.gov.ph/fct/library/report/3865"",""source_record_id"":""F158"",""source_name"":""DOST-FNRI PhilFCT""},""fiber_g_100g"":{""value_per_100g"":0.0,""value_for_portion"":0.0,""label"":""Verified"",""source_url"":""https://i.fnri.dost.gov.ph/fct/library/report/3865"",""source_record_id"":""F158"",""source_name"":""DOST-FNRI PhilFCT""},""sugar_g_100g"":{""value_per_100g"":0.0,""value_for_portion"":0.0,""label"":""Verified"",""source_url"":""https://i.fnri.dost.gov.ph/fct/library/report/3865"",""source_record_id"":""F158"",""source_name"":""DOST-FNRI PhilFCT""},""sodium_mg_100g"":{""value_per_100g"":47.0,""value_for_portion"":47.0,""label"":""Verified"",""source_url"":""https://i.fnri.dost.gov.ph/fct/library/report/3865"",""source_record_id"":""F158"",""source_name"":""DOST-FNRI PhilFCT""},""cholesterol_mg_100g"":{""value_per_100g"":null,""value_for_portion"":null,""label"":""Unknown"",""source_url"":null,""source_record_id"":null,""source_name"":null}}"
PH_DISH_011,EST_PH_DISH_011_V1,FC000548,"Tamarind, unripe, boiled",60,ASSUMED_REFERENCE_MIXTURE,30.0,0.7,6.6,0.1,,,,0.0,"{""kcal_100g"":{""value_per_100g"":30.0,""value_for_portion"":30.0,""label"":""Verified"",""source_url"":""https://i.fnri.dost.gov.ph/fct/library/report/3677"",""source_record_id"":""E095"",""source_name"":""DOST-FNRI PhilFCT""},""protein_g_100g"":{""value_per_100g"":0.7,""value_for_portion"":0.7,""label"":""Verified"",""source_url"":""https://i.fnri.dost.gov.ph/fct/library/report/3677"",""source_record_id"":""E095"",""source_name"":""DOST-FNRI PhilFCT""},""carbs_g_100g"":{""value_per_100g"":6.6,""value_for_portion"":6.6,""label"":""Verified"",""source_url"":""https://i.fnri.dost.gov.ph/fct/library/report/3677"",""source_record_id"":""E095"",""source_name"":""DOST-FNRI PhilFCT""},""fat_g_100g"":{""value_per_100g"":0.1,""value_for_portion"":0.1,""label"":""Verified"",""source_url"":""https://i.fnri.dost.gov.ph/fct/library/report/3677"",""source_record_id"":""E095"",""source_name"":""DOST-FNRI PhilFCT""},""fiber_g_100g"":{""value_per_100g"":null,""value_for_portion"":null,""label"":""Unknown"",""source_url"":null,""source_record_id"":null,""source_name"":null},""sugar_g_100g"":{""value_per_100g"":null,""value_for_portion"":null,""label"":""Unknown"",""source_url"":null,""source_record_id"":null,""source_name"":null},""sodium_mg_100g"":{""value_per_100g"":null,""value_for_portion"":null,""label"":""Unknown"",""source_url"":null,""source_record_id"":null,""source_name"":null},""cholesterol_mg_100g"":{""value_per_100g"":0.0,""value_for_portion"":0.0,""label"":""Verified"",""source_url"":""https://i.fnri.dost.gov.ph/fct/library/report/3677"",""source_record_id"":""E095"",""source_name"":""DOST-FNRI PhilFCT""}}"
PH_DISH_011,EST_PH_DISH_011_V1,FC000280,"Tomato, boiled",150,ASSUMED_REFERENCE_MIXTURE,25.0,0.4,5.6,0.1,0.3,3.6,11.0,0.0,"{""kcal_100g"":{""value_per_100g"":25.0,""value_for_portion"":25.0,""label"":""Verified"",""source_url"":""https://i.fnri.dost.gov.ph/fct/library/report/3537"",""source_record_id"":""D258"",""source_name"":""DOST-FNRI PhilFCT""},""protein_g_100g"":{""value_per_100g"":0.4,""value_for_portion"":0.4,""label"":""Verified"",""source_url"":""https://i.fnri.dost.gov.ph/fct/library/report/3537"",""source_record_id"":""D258"",""source_name"":""DOST-FNRI PhilFCT""},""carbs_g_100g"":{""value_per_100g"":5.6,""value_for_portion"":5.6,""label"":""Verified"",""source_url"":""https://i.fnri.dost.gov.ph/fct/library/report/3537"",""source_record_id"":""D258"",""source_name"":""DOST-FNRI PhilFCT""},""fat_g_100g"":{""value_per_100g"":0.1,""value_for_portion"":0.1,""label"":""Verified"",""source_url"":""https://i.fnri.dost.gov.ph/fct/library/report/3537"",""source_record_id"":""D258"",""source_name"":""DOST-FNRI PhilFCT""},""fiber_g_100g"":{""value_per_100g"":0.3,""value_for_portion"":0.3,""label"":""Verified"",""source_url"":""https://i.fnri.dost.gov.ph/fct/library/report/3537"",""source_record_id"":""D258"",""source_name"":""DOST-FNRI PhilFCT""},""sugar_g_100g"":{""value_per_100g"":3.6,""value_for_portion"":3.6,""label"":""Verified"",""source_url"":""https://i.fnri.dost.gov.ph/fct/library/report/3537"",""source_record_id"":""D258"",""source_name"":""DOST-FNRI PhilFCT""},""sodium_mg_100g"":{""value_per_100g"":11.0,""value_for_portion"":11.0,""label"":""Verified"",""source_url"":""https://i.fnri.dost.gov.ph/fct/library/report/3537"",""source_record_id"":""D258"",""source_name"":""DOST-FNRI PhilFCT""},""cholesterol_mg_100g"":{""value_per_100g"":0.0,""value_for_portion"":0.0,""label"":""Verified"",""source_url"":""https://i.fnri.dost.gov.ph/fct/library/report/3537"",""source_record_id"":""D258"",""source_name"":""DOST-FNRI PhilFCT""}}"
PH_DISH_011,EST_PH_DISH_011_V1,FC000333,"Onion, Bombay bulb, boiled",70,ASSUMED_REFERENCE_MIXTURE,47.0,1.2,9.7,0.4,1.3,4.6,3.0,0.0,"{""kcal_100g"":{""value_per_100g"":47.0,""value_for_portion"":47.0,""label"":""Verified"",""source_url"":""https://i.fnri.dost.gov.ph/fct/library/report/3421"",""source_record_id"":""D142"",""source_name"":""DOST-FNRI PhilFCT""},""protein_g_100g"":{""value_per_100g"":1.2,""value_for_portion"":1.2,""label"":""Verified"",""source_url"":""https://i.fnri.dost.gov.ph/fct/library/report/3421"",""source_record_id"":""D142"",""source_name"":""DOST-FNRI PhilFCT""},""carbs_g_100g"":{""value_per_100g"":9.7,""value_for_portion"":9.7,""label"":""Verified"",""source_url"":""https://i.fnri.dost.gov.ph/fct/library/report/3421"",""source_record_id"":""D142"",""source_name"":""DOST-FNRI PhilFCT""},""fat_g_100g"":{""value_per_100g"":0.4,""value_for_portion"":0.4,""label"":""Verified"",""source_url"":""https://i.fnri.dost.gov.ph/fct/library/report/3421"",""source_record_id"":""D142"",""source_name"":""DOST-FNRI PhilFCT""},""fiber_g_100g"":{""value_per_100g"":1.3,""value_for_portion"":1.3,""label"":""Verified"",""source_url"":""https://i.fnri.dost.gov.ph/fct/library/report/3421"",""source_record_id"":""D142"",""source_name"":""DOST-FNRI PhilFCT""},""sugar_g_100g"":{""value_per_100g"":4.6,""value_for_portion"":4.6,""label"":""Verified"",""source_url"":""https://i.fnri.dost.gov.ph/fct/library/report/3421"",""source_record_id"":""D142"",""source_name"":""DOST-FNRI PhilFCT""},""sodium_mg_100g"":{""value_per_100g"":3.0,""value_for_portion"":3.0,""label"":""Verified"",""source_url"":""https://i.fnri.dost.gov.ph/fct/library/report/3421"",""source_record_id"":""D142"",""source_name"":""DOST-FNRI PhilFCT""},""cholesterol_mg_100g"":{""value_per_100g"":0.0,""value_for_portion"":0.0,""label"":""Verified"",""source_url"":""https://i.fnri.dost.gov.ph/fct/library/report/3421"",""source_record_id"":""D142"",""source_name"":""DOST-FNRI PhilFCT""}}"
PH_DISH_011,EST_PH_DISH_011_V1,FC000272,"String/Yard long bean pod, green, boiled",150,ASSUMED_REFERENCE_MIXTURE,52.0,4.0,7.9,0.5,2.7,,4.0,0.0,"{""kcal_100g"":{""value_per_100g"":52.0,""value_for_portion"":52.0,""label"":""Verified"",""source_url"":""https://i.fnri.dost.gov.ph/fct/library/report/3512"",""source_record_id"":""D233"",""source_name"":""DOST-FNRI PhilFCT""},""protein_g_100g"":{""value_per_100g"":4.0,""value_for_portion"":4.0,""label"":""Verified"",""source_url"":""https://i.fnri.dost.gov.ph/fct/library/report/3512"",""source_record_id"":""D233"",""source_name"":""DOST-FNRI PhilFCT""},""carbs_g_100g"":{""value_per_100g"":7.9,""value_for_portion"":7.9,""label"":""Verified"",""source_url"":""https://i.fnri.dost.gov.ph/fct/library/report/3512"",""source_record_id"":""D233"",""source_name"":""DOST-FNRI PhilFCT""},""fat_g_100g"":{""value_per_100g"":0.5,""value_for_portion"":0.5,""label"":""Verified"",""source_url"":""https://i.fnri.dost.gov.ph/fct/library/report/3512"",""source_record_id"":""D233"",""source_name"":""DOST-FNRI PhilFCT""},""fiber_g_100g"":{""value_per_100g"":2.7,""value_for_portion"":2.7,""label"":""Verified"",""source_url"":""https://i.fnri.dost.gov.ph/fct/library/report/3512"",""source_record_id"":""D233"",""source_name"":""DOST-FNRI PhilFCT""},""sugar_g_100g"":{""value_per_100g"":null,""value_for_portion"":null,""label"":""Unknown"",""source_url"":null,""source_record_id"":null,""source_name"":null},""sodium_mg_100g"":{""value_per_100g"":4.0,""value_for_portion"":4.0,""label"":""Verified"",""source_url"":""https://i.fnri.dost.gov.ph/fct/library/report/3512"",""source_record_id"":""D233"",""source_name"":""DOST-FNRI PhilFCT""},""cholesterol_mg_100g"":{""value_per_100g"":0.0,""value_for_portion"":0.0,""label"":""Verified"",""source_url"":""https://i.fnri.dost.gov.ph/fct/library/report/3512"",""source_record_id"":""D233"",""source_name"":""DOST-FNRI PhilFCT""}}"
PH_DISH_011,EST_PH_DISH_011_V1,FC000275,"Swamp cabbage lvs, boiled",100,ASSUMED_REFERENCE_MIXTURE,28.0,1.5,4.7,0.4,2.6,0.4,78.0,0.0,"{""kcal_100g"":{""value_per_100g"":28.0,""value_for_portion"":28.0,""label"":""Verified"",""source_url"":""https://i.fnri.dost.gov.ph/fct/library/report/3522"",""source_record_id"":""D243"",""source_name"":""DOST-FNRI PhilFCT""},""protein_g_100g"":{""value_per_100g"":1.5,""value_for_portion"":1.5,""label"":""Verified"",""source_url"":""https://i.fnri.dost.gov.ph/fct/library/report/3522"",""source_record_id"":""D243"",""source_name"":""DOST-FNRI PhilFCT""},""carbs_g_100g"":{""value_per_100g"":4.7,""value_for_portion"":4.7,""label"":""Verified"",""source_url"":""https://i.fnri.dost.gov.ph/fct/library/report/3522"",""source_record_id"":""D243"",""source_name"":""DOST-FNRI PhilFCT""},""fat_g_100g"":{""value_per_100g"":0.4,""value_for_portion"":0.4,""label"":""Verified"",""source_url"":""https://i.fnri.dost.gov.ph/fct/library/report/3522"",""source_record_id"":""D243"",""source_name"":""DOST-FNRI PhilFCT""},""fiber_g_100g"":{""value_per_100g"":2.6,""value_for_portion"":2.6,""label"":""Verified"",""source_url"":""https://i.fnri.dost.gov.ph/fct/library/report/3522"",""source_record_id"":""D243"",""source_name"":""DOST-FNRI PhilFCT""},""sugar_g_100g"":{""value_per_100g"":0.4,""value_for_portion"":0.4,""label"":""Verified"",""source_url"":""https://i.fnri.dost.gov.ph/fct/library/report/3522"",""source_record_id"":""D243"",""source_name"":""DOST-FNRI PhilFCT""},""sodium_mg_100g"":{""value_per_100g"":78.0,""value_for_portion"":78.0,""label"":""Verified"",""source_url"":""https://i.fnri.dost.gov.ph/fct/library/report/3522"",""source_record_id"":""D243"",""source_name"":""DOST-FNRI PhilFCT""},""cholesterol_mg_100g"":{""value_per_100g"":0.0,""value_for_portion"":0.0,""label"":""Verified"",""source_url"":""https://i.fnri.dost.gov.ph/fct/library/report/3522"",""source_record_id"":""D243"",""source_name"":""DOST-FNRI PhilFCT""}}"
PH_DISH_011,EST_PH_DISH_011_V1,FC000262,"Okra, boiled",100,ASSUMED_REFERENCE_MIXTURE,30.0,1.0,6.1,0.2,2.6,2.5,6.0,0.0,"{""kcal_100g"":{""value_per_100g"":30.0,""value_for_portion"":30.0,""label"":""Verified"",""source_url"":""https://i.fnri.dost.gov.ph/fct/library/report/3419"",""source_record_id"":""D140"",""source_name"":""DOST-FNRI PhilFCT""},""protein_g_100g"":{""value_per_100g"":1.0,""value_for_portion"":1.0,""label"":""Verified"",""source_url"":""https://i.fnri.dost.gov.ph/fct/library/report/3419"",""source_record_id"":""D140"",""source_name"":""DOST-FNRI PhilFCT""},""carbs_g_100g"":{""value_per_100g"":6.1,""value_for_portion"":6.1,""label"":""Verified"",""source_url"":""https://i.fnri.dost.gov.ph/fct/library/report/3419"",""source_record_id"":""D140"",""source_name"":""DOST-FNRI PhilFCT""},""fat_g_100g"":{""value_per_100g"":0.2,""value_for_portion"":0.2,""label"":""Verified"",""source_url"":""https://i.fnri.dost.gov.ph/fct/library/report/3419"",""source_record_id"":""D140"",""source_name"":""DOST-FNRI PhilFCT""},""fiber_g_100g"":{""value_per_100g"":2.6,""value_for_portion"":2.6,""label"":""Verified"",""source_url"":""https://i.fnri.dost.gov.ph/fct/library/report/3419"",""source_record_id"":""D140"",""source_name"":""DOST-FNRI PhilFCT""},""sugar_g_100g"":{""value_per_100g"":2.5,""value_for_portion"":2.5,""label"":""Verified"",""source_url"":""https://i.fnri.dost.gov.ph/fct/library/report/3419"",""source_record_id"":""D140"",""source_name"":""DOST-FNRI PhilFCT""},""sodium_mg_100g"":{""value_per_100g"":6.0,""value_for_portion"":6.0,""label"":""Verified"",""source_url"":""https://i.fnri.dost.gov.ph/fct/library/report/3419"",""source_record_id"":""D140"",""source_name"":""DOST-FNRI PhilFCT""},""cholesterol_mg_100g"":{""value_per_100g"":0.0,""value_for_portion"":0.0,""label"":""Verified"",""source_url"":""https://i.fnri.dost.gov.ph/fct/library/report/3419"",""source_record_id"":""D140"",""source_name"":""DOST-FNRI PhilFCT""}}"
PH_DISH_011,EST_PH_DISH_011_V1,FC000100,Fish sauce,25,ASSUMED_REFERENCE_MIXTURE,49.0,10.6,0.9,0.3,0.0,,5061.0,0.0,"{""kcal_100g"":{""value_per_100g"":49.0,""value_for_portion"":49.0,""label"":""Verified"",""source_url"":""https://i.fnri.dost.gov.ph/fct/library/report/4334"",""source_record_id"":""N011"",""source_name"":""DOST-FNRI PhilFCT""},""protein_g_100g"":{""value_per_100g"":10.6,""value_for_portion"":10.6,""label"":""Verified"",""source_url"":""https://i.fnri.dost.gov.ph/fct/library/report/4334"",""source_record_id"":""N011"",""source_name"":""DOST-FNRI PhilFCT""},""carbs_g_100g"":{""value_per_100g"":0.9,""value_for_portion"":0.9,""label"":""Verified"",""source_url"":""https://i.fnri.dost.gov.ph/fct/library/report/4334"",""source_record_id"":""N011"",""source_name"":""DOST-FNRI PhilFCT""},""fat_g_100g"":{""value_per_100g"":0.3,""value_for_portion"":0.3,""label"":""Verified"",""source_url"":""https://i.fnri.dost.gov.ph/fct/library/report/4334"",""source_record_id"":""N011"",""source_name"":""DOST-FNRI PhilFCT""},""fiber_g_100g"":{""value_per_100g"":0.0,""value_for_portion"":0.0,""label"":""Verified"",""source_url"":""https://i.fnri.dost.gov.ph/fct/library/report/4334"",""source_record_id"":""N011"",""source_name"":""DOST-FNRI PhilFCT""},""sugar_g_100g"":{""value_per_100g"":null,""value_for_portion"":null,""label"":""Unknown"",""source_url"":null,""source_record_id"":null,""source_name"":null},""sodium_mg_100g"":{""value_per_100g"":5061.0,""value_for_portion"":5061.0,""label"":""Verified"",""source_url"":""https://i.fnri.dost.gov.ph/fct/library/report/4334"",""source_record_id"":""N011"",""source_name"":""DOST-FNRI PhilFCT""},""cholesterol_mg_100g"":{""value_per_100g"":0.0,""value_for_portion"":0.0,""label"":""Verified"",""source_url"":""https://i.fnri.dost.gov.ph/fct/library/report/4334"",""source_record_id"":""N011"",""source_name"":""DOST-FNRI PhilFCT""}}"
PH_DISH_011,EST_PH_DISH_011_V1,FC001237,"Beverages, water, tap, drinking",1000,ASSUMED_REFERENCE_MIXTURE,0.0,0.0,0.0,0.0,0.0,0.0,4.0,0.0,"{""kcal_100g"":{""value_per_100g"":0.0,""value_for_portion"":0.0,""label"":""Other source"",""source_url"":""https://fdc.nal.usda.gov/food-details/173647/nutrients"",""source_record_id"":""USDA_FC001237_173647"",""source_name"":""USDA FoodData Central SR Legacy""},""protein_g_100g"":{""value_per_100g"":0.0,""value_for_portion"":0.0,""label"":""Other source"",""source_url"":""https://fdc.nal.usda.gov/food-details/173647/nutrients"",""source_record_id"":""USDA_FC001237_173647"",""source_name"":""USDA FoodData Central SR Legacy""},""carbs_g_100g"":{""value_per_100g"":0.0,""value_for_portion"":0.0,""label"":""Other source"",""source_url"":""https://fdc.nal.usda.gov/food-details/173647/nutrients"",""source_record_id"":""USDA_FC001237_173647"",""source_name"":""USDA FoodData Central SR Legacy""},""fat_g_100g"":{""value_per_100g"":0.0,""value_for_portion"":0.0,""label"":""Other source"",""source_url"":""https://fdc.nal.usda.gov/food-details/173647/nutrients"",""source_record_id"":""USDA_FC001237_173647"",""source_name"":""USDA FoodData Central SR Legacy""},""fiber_g_100g"":{""value_per_100g"":0.0,""value_for_portion"":0.0,""label"":""Other source"",""source_url"":""https://fdc.nal.usda.gov/food-details/173647/nutrients"",""source_record_id"":""USDA_FC001237_173647"",""source_name"":""USDA FoodData Central SR Legacy""},""sugar_g_100g"":{""value_per_100g"":0.0,""value_for_portion"":0.0,""label"":""Other source"",""source_url"":""https://fdc.nal.usda.gov/food-details/173647/nutrients"",""source_record_id"":""USDA_FC001237_173647"",""source_name"":""USDA FoodData Central SR Legacy""},""sodium_mg_100g"":{""value_per_100g"":4.0,""value_for_portion"":4.0,""label"":""Other source"",""source_url"":""https://fdc.nal.usda.gov/food-details/173647/nutrients"",""source_record_id"":""USDA_FC001237_173647"",""source_name"":""USDA FoodData Central SR Legacy""},""cholesterol_mg_100g"":{""value_per_100g"":0.0,""value_for_portion"":0.0,""label"":""Other source"",""source_url"":""https://fdc.nal.usda.gov/food-details/173647/nutrients"",""source_record_id"":""USDA_FC001237_173647"",""source_name"":""USDA FoodData Central SR Legacy""}}"
PH_DISH_012,EST_PH_DISH_012_V1,FC000454,"Shrimp, banana prawn, boiled",350,ASSUMED_REFERENCE_MIXTURE,104.0,11.2,14.0,0.4,0.0,0.0,113.0,,"{""kcal_100g"":{""value_per_100g"":104.0,""value_for_portion"":104.0,""label"":""Verified"",""source_url"":""https://i.fnri.dost.gov.ph/fct/library/report/4094"",""source_record_id"":""G114"",""source_name"":""DOST-FNRI PhilFCT""},""protein_g_100g"":{""value_per_100g"":11.2,""value_for_portion"":11.2,""label"":""Verified"",""source_url"":""https://i.fnri.dost.gov.ph/fct/library/report/4094"",""source_record_id"":""G114"",""source_name"":""DOST-FNRI PhilFCT""},""carbs_g_100g"":{""value_per_100g"":14.0,""value_for_portion"":14.0,""label"":""Verified"",""source_url"":""https://i.fnri.dost.gov.ph/fct/library/report/4094"",""source_record_id"":""G114"",""source_name"":""DOST-FNRI PhilFCT""},""fat_g_100g"":{""value_per_100g"":0.4,""value_for_portion"":0.4,""label"":""Verified"",""source_url"":""https://i.fnri.dost.gov.ph/fct/library/report/4094"",""source_record_id"":""G114"",""source_name"":""DOST-FNRI PhilFCT""},""fiber_g_100g"":{""value_per_100g"":0.0,""value_for_portion"":0.0,""label"":""Verified"",""source_url"":""https://i.fnri.dost.gov.ph/fct/library/report/4094"",""source_record_id"":""G114"",""source_name"":""DOST-FNRI PhilFCT""},""sugar_g_100g"":{""value_per_100g"":0.0,""value_for_portion"":0.0,""label"":""Verified"",""source_url"":""https://i.fnri.dost.gov.ph/fct/library/report/4094"",""source_record_id"":""G114"",""source_name"":""DOST-FNRI PhilFCT""},""sodium_mg_100g"":{""value_per_100g"":113.0,""value_for_portion"":113.0,""label"":""Verified"",""source_url"":""https://i.fnri.dost.gov.ph/fct/library/report/4094"",""source_record_id"":""G114"",""source_name"":""DOST-FNRI PhilFCT""},""cholesterol_mg_100g"":{""value_per_100g"":null,""value_for_portion"":null,""label"":""Unknown"",""source_url"":null,""source_record_id"":null,""source_name"":null}}"
PH_DISH_012,EST_PH_DISH_012_V1,FC000548,"Tamarind, unripe, boiled",60,ASSUMED_REFERENCE_MIXTURE,30.0,0.7,6.6,0.1,,,,0.0,"{""kcal_100g"":{""value_per_100g"":30.0,""value_for_portion"":30.0,""label"":""Verified"",""source_url"":""https://i.fnri.dost.gov.ph/fct/library/report/3677"",""source_record_id"":""E095"",""source_name"":""DOST-FNRI PhilFCT""},""protein_g_100g"":{""value_per_100g"":0.7,""value_for_portion"":0.7,""label"":""Verified"",""source_url"":""https://i.fnri.dost.gov.ph/fct/library/report/3677"",""source_record_id"":""E095"",""source_name"":""DOST-FNRI PhilFCT""},""carbs_g_100g"":{""value_per_100g"":6.6,""value_for_portion"":6.6,""label"":""Verified"",""source_url"":""https://i.fnri.dost.gov.ph/fct/library/report/3677"",""source_record_id"":""E095"",""source_name"":""DOST-FNRI PhilFCT""},""fat_g_100g"":{""value_per_100g"":0.1,""value_for_portion"":0.1,""label"":""Verified"",""source_url"":""https://i.fnri.dost.gov.ph/fct/library/report/3677"",""source_record_id"":""E095"",""source_name"":""DOST-FNRI PhilFCT""},""fiber_g_100g"":{""value_per_100g"":null,""value_for_portion"":null,""label"":""Unknown"",""source_url"":null,""source_record_id"":null,""source_name"":null},""sugar_g_100g"":{""value_per_100g"":null,""value_for_portion"":null,""label"":""Unknown"",""source_url"":null,""source_record_id"":null,""source_name"":null},""sodium_mg_100g"":{""value_per_100g"":null,""value_for_portion"":null,""label"":""Unknown"",""source_url"":null,""source_record_id"":null,""source_name"":null},""cholesterol_mg_100g"":{""value_per_100g"":0.0,""value_for_portion"":0.0,""label"":""Verified"",""source_url"":""https://i.fnri.dost.gov.ph/fct/library/report/3677"",""source_record_id"":""E095"",""source_name"":""DOST-FNRI PhilFCT""}}"
PH_DISH_012,EST_PH_DISH_012_V1,FC000280,"Tomato, boiled",150,ASSUMED_REFERENCE_MIXTURE,25.0,0.4,5.6,0.1,0.3,3.6,11.0,0.0,"{""kcal_100g"":{""value_per_100g"":25.0,""value_for_portion"":25.0,""label"":""Verified"",""source_url"":""https://i.fnri.dost.gov.ph/fct/library/report/3537"",""source_record_id"":""D258"",""source_name"":""DOST-FNRI PhilFCT""},""protein_g_100g"":{""value_per_100g"":0.4,""value_for_portion"":0.4,""label"":""Verified"",""source_url"":""https://i.fnri.dost.gov.ph/fct/library/report/3537"",""source_record_id"":""D258"",""source_name"":""DOST-FNRI PhilFCT""},""carbs_g_100g"":{""value_per_100g"":5.6,""value_for_portion"":5.6,""label"":""Verified"",""source_url"":""https://i.fnri.dost.gov.ph/fct/library/report/3537"",""source_record_id"":""D258"",""source_name"":""DOST-FNRI PhilFCT""},""fat_g_100g"":{""value_per_100g"":0.1,""value_for_portion"":0.1,""label"":""Verified"",""source_url"":""https://i.fnri.dost.gov.ph/fct/library/report/3537"",""source_record_id"":""D258"",""source_name"":""DOST-FNRI PhilFCT""},""fiber_g_100g"":{""value_per_100g"":0.3,""value_for_portion"":0.3,""label"":""Verified"",""source_url"":""https://i.fnri.dost.gov.ph/fct/library/report/3537"",""source_record_id"":""D258"",""source_name"":""DOST-FNRI PhilFCT""},""sugar_g_100g"":{""value_per_100g"":3.6,""value_for_portion"":3.6,""label"":""Verified"",""source_url"":""https://i.fnri.dost.gov.ph/fct/library/report/3537"",""source_record_id"":""D258"",""source_name"":""DOST-FNRI PhilFCT""},""sodium_mg_100g"":{""value_per_100g"":11.0,""value_for_portion"":11.0,""label"":""Verified"",""source_url"":""https://i.fnri.dost.gov.ph/fct/library/report/3537"",""source_record_id"":""D258"",""source_name"":""DOST-FNRI PhilFCT""},""cholesterol_mg_100g"":{""value_per_100g"":0.0,""value_for_portion"":0.0,""label"":""Verified"",""source_url"":""https://i.fnri.dost.gov.ph/fct/library/report/3537"",""source_record_id"":""D258"",""source_name"":""DOST-FNRI PhilFCT""}}"
PH_DISH_012,EST_PH_DISH_012_V1,FC000333,"Onion, Bombay bulb, boiled",70,ASSUMED_REFERENCE_MIXTURE,47.0,1.2,9.7,0.4,1.3,4.6,3.0,0.0,"{""kcal_100g"":{""value_per_100g"":47.0,""value_for_portion"":47.0,""label"":""Verified"",""source_url"":""https://i.fnri.dost.gov.ph/fct/library/report/3421"",""source_record_id"":""D142"",""source_name"":""DOST-FNRI PhilFCT""},""protein_g_100g"":{""value_per_100g"":1.2,""value_for_portion"":1.2,""label"":""Verified"",""source_url"":""https://i.fnri.dost.gov.ph/fct/library/report/3421"",""source_record_id"":""D142"",""source_name"":""DOST-FNRI PhilFCT""},""carbs_g_100g"":{""value_per_100g"":9.7,""value_for_portion"":9.7,""label"":""Verified"",""source_url"":""https://i.fnri.dost.gov.ph/fct/library/report/3421"",""source_record_id"":""D142"",""source_name"":""DOST-FNRI PhilFCT""},""fat_g_100g"":{""value_per_100g"":0.4,""value_for_portion"":0.4,""label"":""Verified"",""source_url"":""https://i.fnri.dost.gov.ph/fct/library/report/3421"",""source_record_id"":""D142"",""source_name"":""DOST-FNRI PhilFCT""},""fiber_g_100g"":{""value_per_100g"":1.3,""value_for_portion"":1.3,""label"":""Verified"",""source_url"":""https://i.fnri.dost.gov.ph/fct/library/report/3421"",""source_record_id"":""D142"",""source_name"":""DOST-FNRI PhilFCT""},""sugar_g_100g"":{""value_per_100g"":4.6,""value_for_portion"":4.6,""label"":""Verified"",""source_url"":""https://i.fnri.dost.gov.ph/fct/library/report/3421"",""source_record_id"":""D142"",""source_name"":""DOST-FNRI PhilFCT""},""sodium_mg_100g"":{""value_per_100g"":3.0,""value_for_portion"":3.0,""label"":""Verified"",""source_url"":""https://i.fnri.dost.gov.ph/fct/library/report/3421"",""source_record_id"":""D142"",""source_name"":""DOST-FNRI PhilFCT""},""cholesterol_mg_100g"":{""value_per_100g"":0.0,""value_for_portion"":0.0,""label"":""Verified"",""source_url"":""https://i.fnri.dost.gov.ph/fct/library/report/3421"",""source_record_id"":""D142"",""source_name"":""DOST-FNRI PhilFCT""}}"
PH_DISH_012,EST_PH_DISH_012_V1,FC000272,"String/Yard long bean pod, green, boiled",150,ASSUMED_REFERENCE_MIXTURE,52.0,4.0,7.9,0.5,2.7,,4.0,0.0,"{""kcal_100g"":{""value_per_100g"":52.0,""value_for_portion"":52.0,""label"":""Verified"",""source_url"":""https://i.fnri.dost.gov.ph/fct/library/report/3512"",""source_record_id"":""D233"",""source_name"":""DOST-FNRI PhilFCT""},""protein_g_100g"":{""value_per_100g"":4.0,""value_for_portion"":4.0,""label"":""Verified"",""source_url"":""https://i.fnri.dost.gov.ph/fct/library/report/3512"",""source_record_id"":""D233"",""source_name"":""DOST-FNRI PhilFCT""},""carbs_g_100g"":{""value_per_100g"":7.9,""value_for_portion"":7.9,""label"":""Verified"",""source_url"":""https://i.fnri.dost.gov.ph/fct/library/report/3512"",""source_record_id"":""D233"",""source_name"":""DOST-FNRI PhilFCT""},""fat_g_100g"":{""value_per_100g"":0.5,""value_for_portion"":0.5,""label"":""Verified"",""source_url"":""https://i.fnri.dost.gov.ph/fct/library/report/3512"",""source_record_id"":""D233"",""source_name"":""DOST-FNRI PhilFCT""},""fiber_g_100g"":{""value_per_100g"":2.7,""value_for_portion"":2.7,""label"":""Verified"",""source_url"":""https://i.fnri.dost.gov.ph/fct/library/report/3512"",""source_record_id"":""D233"",""source_name"":""DOST-FNRI PhilFCT""},""sugar_g_100g"":{""value_per_100g"":null,""value_for_portion"":null,""label"":""Unknown"",""source_url"":null,""source_record_id"":null,""source_name"":null},""sodium_mg_100g"":{""value_per_100g"":4.0,""value_for_portion"":4.0,""label"":""Verified"",""source_url"":""https://i.fnri.dost.gov.ph/fct/library/report/3512"",""source_record_id"":""D233"",""source_name"":""DOST-FNRI PhilFCT""},""cholesterol_mg_100g"":{""value_per_100g"":0.0,""value_for_portion"":0.0,""label"":""Verified"",""source_url"":""https://i.fnri.dost.gov.ph/fct/library/report/3512"",""source_record_id"":""D233"",""source_name"":""DOST-FNRI PhilFCT""}}"
PH_DISH_012,EST_PH_DISH_012_V1,FC000275,"Swamp cabbage lvs, boiled",100,ASSUMED_REFERENCE_MIXTURE,28.0,1.5,4.7,0.4,2.6,0.4,78.0,0.0,"{""kcal_100g"":{""value_per_100g"":28.0,""value_for_portion"":28.0,""label"":""Verified"",""source_url"":""https://i.fnri.dost.gov.ph/fct/library/report/3522"",""source_record_id"":""D243"",""source_name"":""DOST-FNRI PhilFCT""},""protein_g_100g"":{""value_per_100g"":1.5,""value_for_portion"":1.5,""label"":""Verified"",""source_url"":""https://i.fnri.dost.gov.ph/fct/library/report/3522"",""source_record_id"":""D243"",""source_name"":""DOST-FNRI PhilFCT""},""carbs_g_100g"":{""value_per_100g"":4.7,""value_for_portion"":4.7,""label"":""Verified"",""source_url"":""https://i.fnri.dost.gov.ph/fct/library/report/3522"",""source_record_id"":""D243"",""source_name"":""DOST-FNRI PhilFCT""},""fat_g_100g"":{""value_per_100g"":0.4,""value_for_portion"":0.4,""label"":""Verified"",""source_url"":""https://i.fnri.dost.gov.ph/fct/library/report/3522"",""source_record_id"":""D243"",""source_name"":""DOST-FNRI PhilFCT""},""fiber_g_100g"":{""value_per_100g"":2.6,""value_for_portion"":2.6,""label"":""Verified"",""source_url"":""https://i.fnri.dost.gov.ph/fct/library/report/3522"",""source_record_id"":""D243"",""source_name"":""DOST-FNRI PhilFCT""},""sugar_g_100g"":{""value_per_100g"":0.4,""value_for_portion"":0.4,""label"":""Verified"",""source_url"":""https://i.fnri.dost.gov.ph/fct/library/report/3522"",""source_record_id"":""D243"",""source_name"":""DOST-FNRI PhilFCT""},""sodium_mg_100g"":{""value_per_100g"":78.0,""value_for_portion"":78.0,""label"":""Verified"",""source_url"":""https://i.fnri.dost.gov.ph/fct/library/report/3522"",""source_record_id"":""D243"",""source_name"":""DOST-FNRI PhilFCT""},""cholesterol_mg_100g"":{""value_per_100g"":0.0,""value_for_portion"":0.0,""label"":""Verified"",""source_url"":""https://i.fnri.dost.gov.ph/fct/library/report/3522"",""source_record_id"":""D243"",""source_name"":""DOST-FNRI PhilFCT""}}"
PH_DISH_012,EST_PH_DISH_012_V1,FC000262,"Okra, boiled",100,ASSUMED_REFERENCE_MIXTURE,30.0,1.0,6.1,0.2,2.6,2.5,6.0,0.0,"{""kcal_100g"":{""value_per_100g"":30.0,""value_for_portion"":30.0,""label"":""Verified"",""source_url"":""https://i.fnri.dost.gov.ph/fct/library/report/3419"",""source_record_id"":""D140"",""source_name"":""DOST-FNRI PhilFCT""},""protein_g_100g"":{""value_per_100g"":1.0,""value_for_portion"":1.0,""label"":""Verified"",""source_url"":""https://i.fnri.dost.gov.ph/fct/library/report/3419"",""source_record_id"":""D140"",""source_name"":""DOST-FNRI PhilFCT""},""carbs_g_100g"":{""value_per_100g"":6.1,""value_for_portion"":6.1,""label"":""Verified"",""source_url"":""https://i.fnri.dost.gov.ph/fct/library/report/3419"",""source_record_id"":""D140"",""source_name"":""DOST-FNRI PhilFCT""},""fat_g_100g"":{""value_per_100g"":0.2,""value_for_portion"":0.2,""label"":""Verified"",""source_url"":""https://i.fnri.dost.gov.ph/fct/library/report/3419"",""source_record_id"":""D140"",""source_name"":""DOST-FNRI PhilFCT""},""fiber_g_100g"":{""value_per_100g"":2.6,""value_for_portion"":2.6,""label"":""Verified"",""source_url"":""https://i.fnri.dost.gov.ph/fct/library/report/3419"",""source_record_id"":""D140"",""source_name"":""DOST-FNRI PhilFCT""},""sugar_g_100g"":{""value_per_100g"":2.5,""value_for_portion"":2.5,""label"":""Verified"",""source_url"":""https://i.fnri.dost.gov.ph/fct/library/report/3419"",""source_record_id"":""D140"",""source_name"":""DOST-FNRI PhilFCT""},""sodium_mg_100g"":{""value_per_100g"":6.0,""value_for_portion"":6.0,""label"":""Verified"",""source_url"":""https://i.fnri.dost.gov.ph/fct/library/report/3419"",""source_record_id"":""D140"",""source_name"":""DOST-FNRI PhilFCT""},""cholesterol_mg_100g"":{""value_per_100g"":0.0,""value_for_portion"":0.0,""label"":""Verified"",""source_url"":""https://i.fnri.dost.gov.ph/fct/library/report/3419"",""source_record_id"":""D140"",""source_name"":""DOST-FNRI PhilFCT""}}"
PH_DISH_012,EST_PH_DISH_012_V1,FC000100,Fish sauce,25,ASSUMED_REFERENCE_MIXTURE,49.0,10.6,0.9,0.3,0.0,,5061.0,0.0,"{""kcal_100g"":{""value_per_100g"":49.0,""value_for_portion"":49.0,""label"":""Verified"",""source_url"":""https://i.fnri.dost.gov.ph/fct/library/report/4334"",""source_record_id"":""N011"",""source_name"":""DOST-FNRI PhilFCT""},""protein_g_100g"":{""value_per_100g"":10.6,""value_for_portion"":10.6,""label"":""Verified"",""source_url"":""https://i.fnri.dost.gov.ph/fct/library/report/4334"",""source_record_id"":""N011"",""source_name"":""DOST-FNRI PhilFCT""},""carbs_g_100g"":{""value_per_100g"":0.9,""value_for_portion"":0.9,""label"":""Verified"",""source_url"":""https://i.fnri.dost.gov.ph/fct/library/report/4334"",""source_record_id"":""N011"",""source_name"":""DOST-FNRI PhilFCT""},""fat_g_100g"":{""value_per_100g"":0.3,""value_for_portion"":0.3,""label"":""Verified"",""source_url"":""https://i.fnri.dost.gov.ph/fct/library/report/4334"",""source_record_id"":""N011"",""source_name"":""DOST-FNRI PhilFCT""},""fiber_g_100g"":{""value_per_100g"":0.0,""value_for_portion"":0.0,""label"":""Verified"",""source_url"":""https://i.fnri.dost.gov.ph/fct/library/report/4334"",""source_record_id"":""N011"",""source_name"":""DOST-FNRI PhilFCT""},""sugar_g_100g"":{""value_per_100g"":null,""value_for_portion"":null,""label"":""Unknown"",""source_url"":null,""source_record_id"":null,""source_name"":null},""sodium_mg_100g"":{""value_per_100g"":5061.0,""value_for_portion"":5061.0,""label"":""Verified"",""source_url"":""https://i.fnri.dost.gov.ph/fct/library/report/4334"",""source_record_id"":""N011"",""source_name"":""DOST-FNRI PhilFCT""},""cholesterol_mg_100g"":{""value_per_100g"":0.0,""value_for_portion"":0.0,""label"":""Verified"",""source_url"":""https://i.fnri.dost.gov.ph/fct/library/report/4334"",""source_record_id"":""N011"",""source_name"":""DOST-FNRI PhilFCT""}}"
PH_DISH_012,EST_PH_DISH_012_V1,FC001237,"Beverages, water, tap, drinking",1000,ASSUMED_REFERENCE_MIXTURE,0.0,0.0,0.0,0.0,0.0,0.0,4.0,0.0,"{""kcal_100g"":{""value_per_100g"":0.0,""value_for_portion"":0.0,""label"":""Other source"",""source_url"":""https://fdc.nal.usda.gov/food-details/173647/nutrients"",""source_record_id"":""USDA_FC001237_173647"",""source_name"":""USDA FoodData Central SR Legacy""},""protein_g_100g"":{""value_per_100g"":0.0,""value_for_portion"":0.0,""label"":""Other source"",""source_url"":""https://fdc.nal.usda.gov/food-details/173647/nutrients"",""source_record_id"":""USDA_FC001237_173647"",""source_name"":""USDA FoodData Central SR Legacy""},""carbs_g_100g"":{""value_per_100g"":0.0,""value_for_portion"":0.0,""label"":""Other source"",""source_url"":""https://fdc.nal.usda.gov/food-details/173647/nutrients"",""source_record_id"":""USDA_FC001237_173647"",""source_name"":""USDA FoodData Central SR Legacy""},""fat_g_100g"":{""value_per_100g"":0.0,""value_for_portion"":0.0,""label"":""Other source"",""source_url"":""https://fdc.nal.usda.gov/food-details/173647/nutrients"",""source_record_id"":""USDA_FC001237_173647"",""source_name"":""USDA FoodData Central SR Legacy""},""fiber_g_100g"":{""value_per_100g"":0.0,""value_for_portion"":0.0,""label"":""Other source"",""source_url"":""https://fdc.nal.usda.gov/food-details/173647/nutrients"",""source_record_id"":""USDA_FC001237_173647"",""source_name"":""USDA FoodData Central SR Legacy""},""sugar_g_100g"":{""value_per_100g"":0.0,""value_for_portion"":0.0,""label"":""Other source"",""source_url"":""https://fdc.nal.usda.gov/food-details/173647/nutrients"",""source_record_id"":""USDA_FC001237_173647"",""source_name"":""USDA FoodData Central SR Legacy""},""sodium_mg_100g"":{""value_per_100g"":4.0,""value_for_portion"":4.0,""label"":""Other source"",""source_url"":""https://fdc.nal.usda.gov/food-details/173647/nutrients"",""source_record_id"":""USDA_FC001237_173647"",""source_name"":""USDA FoodData Central SR Legacy""},""cholesterol_mg_100g"":{""value_per_100g"":0.0,""value_for_portion"":0.0,""label"":""Other source"",""source_url"":""https://fdc.nal.usda.gov/food-details/173647/nutrients"",""source_record_id"":""USDA_FC001237_173647"",""source_name"":""USDA FoodData Central SR Legacy""}}"
PH_DISH_013,EST_PH_DISH_013_V1,FC000376,"Beef shank, boiled",400,ASSUMED_REFERENCE_MIXTURE,92.0,19.5,0.0,1.5,0.0,0.0,34.0,,"{""kcal_100g"":{""value_per_100g"":92.0,""value_for_portion"":92.0,""label"":""Verified"",""source_url"":""https://i.fnri.dost.gov.ph/fct/library/report/3743"",""source_record_id"":""F036"",""source_name"":""DOST-FNRI PhilFCT""},""protein_g_100g"":{""value_per_100g"":19.5,""value_for_portion"":19.5,""label"":""Verified"",""source_url"":""https://i.fnri.dost.gov.ph/fct/library/report/3743"",""source_record_id"":""F036"",""source_name"":""DOST-FNRI PhilFCT""},""carbs_g_100g"":{""value_per_100g"":0.0,""value_for_portion"":0.0,""label"":""Verified"",""source_url"":""https://i.fnri.dost.gov.ph/fct/library/report/3743"",""source_record_id"":""F036"",""source_name"":""DOST-FNRI PhilFCT""},""fat_g_100g"":{""value_per_100g"":1.5,""value_for_portion"":1.5,""label"":""Verified"",""source_url"":""https://i.fnri.dost.gov.ph/fct/library/report/3743"",""source_record_id"":""F036"",""source_name"":""DOST-FNRI PhilFCT""},""fiber_g_100g"":{""value_per_100g"":0.0,""value_for_portion"":0.0,""label"":""Verified"",""source_url"":""https://i.fnri.dost.gov.ph/fct/library/report/3743"",""source_record_id"":""F036"",""source_name"":""DOST-FNRI PhilFCT""},""sugar_g_100g"":{""value_per_100g"":0.0,""value_for_portion"":0.0,""label"":""Verified"",""source_url"":""https://i.fnri.dost.gov.ph/fct/library/report/3743"",""source_record_id"":""F036"",""source_name"":""DOST-FNRI PhilFCT""},""sodium_mg_100g"":{""value_per_100g"":34.0,""value_for_portion"":34.0,""label"":""Verified"",""source_url"":""https://i.fnri.dost.gov.ph/fct/library/report/3743"",""source_record_id"":""F036"",""source_name"":""DOST-FNRI PhilFCT""},""cholesterol_mg_100g"":{""value_per_100g"":null,""value_for_portion"":null,""label"":""Unknown"",""source_url"":null,""source_record_id"":null,""source_name"":null}}"
PH_DISH_013,EST_PH_DISH_013_V1,FC000252,"Cabbage, green, boiled",300,ASSUMED_REFERENCE_MIXTURE,23.0,0.6,5.0,0.1,1.5,2.3,6.0,0.0,"{""kcal_100g"":{""value_per_100g"":23.0,""value_for_portion"":23.0,""label"":""Verified"",""source_url"":""https://i.fnri.dost.gov.ph/fct/library/report/3315"",""source_record_id"":""D036"",""source_name"":""DOST-FNRI PhilFCT""},""protein_g_100g"":{""value_per_100g"":0.6,""value_for_portion"":0.6,""label"":""Verified"",""source_url"":""https://i.fnri.dost.gov.ph/fct/library/report/3315"",""source_record_id"":""D036"",""source_name"":""DOST-FNRI PhilFCT""},""carbs_g_100g"":{""value_per_100g"":5.0,""value_for_portion"":5.0,""label"":""Verified"",""source_url"":""https://i.fnri.dost.gov.ph/fct/library/report/3315"",""source_record_id"":""D036"",""source_name"":""DOST-FNRI PhilFCT""},""fat_g_100g"":{""value_per_100g"":0.1,""value_for_portion"":0.1,""label"":""Verified"",""source_url"":""https://i.fnri.dost.gov.ph/fct/library/report/3315"",""source_record_id"":""D036"",""source_name"":""DOST-FNRI PhilFCT""},""fiber_g_100g"":{""value_per_100g"":1.5,""value_for_portion"":1.5,""label"":""Verified"",""source_url"":""https://i.fnri.dost.gov.ph/fct/library/report/3315"",""source_record_id"":""D036"",""source_name"":""DOST-FNRI PhilFCT""},""sugar_g_100g"":{""value_per_100g"":2.3,""value_for_portion"":2.3,""label"":""Verified"",""source_url"":""https://i.fnri.dost.gov.ph/fct/library/report/3315"",""source_record_id"":""D036"",""source_name"":""DOST-FNRI PhilFCT""},""sodium_mg_100g"":{""value_per_100g"":6.0,""value_for_portion"":6.0,""label"":""Verified"",""source_url"":""https://i.fnri.dost.gov.ph/fct/library/report/3315"",""source_record_id"":""D036"",""source_name"":""DOST-FNRI PhilFCT""},""cholesterol_mg_100g"":{""value_per_100g"":0.0,""value_for_portion"":0.0,""label"":""Verified"",""source_url"":""https://i.fnri.dost.gov.ph/fct/library/report/3315"",""source_record_id"":""D036"",""source_name"":""DOST-FNRI PhilFCT""}}"
PH_DISH_013,EST_PH_DISH_013_V1,FC000199,"Potato, boiled",250,ASSUMED_REFERENCE_MIXTURE,63.0,1.7,13.7,0.1,1.3,0.6,4.0,0.0,"{""kcal_100g"":{""value_per_100g"":63.0,""value_for_portion"":63.0,""label"":""Verified"",""source_url"":""https://i.fnri.dost.gov.ph/fct/library/report/3175"",""source_record_id"":""B008"",""source_name"":""DOST-FNRI PhilFCT""},""protein_g_100g"":{""value_per_100g"":1.7,""value_for_portion"":1.7,""label"":""Verified"",""source_url"":""https://i.fnri.dost.gov.ph/fct/library/report/3175"",""source_record_id"":""B008"",""source_name"":""DOST-FNRI PhilFCT""},""carbs_g_100g"":{""value_per_100g"":13.7,""value_for_portion"":13.7,""label"":""Verified"",""source_url"":""https://i.fnri.dost.gov.ph/fct/library/report/3175"",""source_record_id"":""B008"",""source_name"":""DOST-FNRI PhilFCT""},""fat_g_100g"":{""value_per_100g"":0.1,""value_for_portion"":0.1,""label"":""Verified"",""source_url"":""https://i.fnri.dost.gov.ph/fct/library/report/3175"",""source_record_id"":""B008"",""source_name"":""DOST-FNRI PhilFCT""},""fiber_g_100g"":{""value_per_100g"":1.3,""value_for_portion"":1.3,""label"":""Verified"",""source_url"":""https://i.fnri.dost.gov.ph/fct/library/report/3175"",""source_record_id"":""B008"",""source_name"":""DOST-FNRI PhilFCT""},""sugar_g_100g"":{""value_per_100g"":0.6,""value_for_portion"":0.6,""label"":""Verified"",""source_url"":""https://i.fnri.dost.gov.ph/fct/library/report/3175"",""source_record_id"":""B008"",""source_name"":""DOST-FNRI PhilFCT""},""sodium_mg_100g"":{""value_per_100g"":4.0,""value_for_portion"":4.0,""label"":""Verified"",""source_url"":""https://i.fnri.dost.gov.ph/fct/library/report/3175"",""source_record_id"":""B008"",""source_name"":""DOST-FNRI PhilFCT""},""cholesterol_mg_100g"":{""value_per_100g"":0.0,""value_for_portion"":0.0,""label"":""Verified"",""source_url"":""https://i.fnri.dost.gov.ph/fct/library/report/3175"",""source_record_id"":""B008"",""source_name"":""DOST-FNRI PhilFCT""}}"
PH_DISH_013,EST_PH_DISH_013_V1,FC000333,"Onion, Bombay bulb, boiled",80,ASSUMED_REFERENCE_MIXTURE,47.0,1.2,9.7,0.4,1.3,4.6,3.0,0.0,"{""kcal_100g"":{""value_per_100g"":47.0,""value_for_portion"":47.0,""label"":""Verified"",""source_url"":""https://i.fnri.dost.gov.ph/fct/library/report/3421"",""source_record_id"":""D142"",""source_name"":""DOST-FNRI PhilFCT""},""protein_g_100g"":{""value_per_100g"":1.2,""value_for_portion"":1.2,""label"":""Verified"",""source_url"":""https://i.fnri.dost.gov.ph/fct/library/report/3421"",""source_record_id"":""D142"",""source_name"":""DOST-FNRI PhilFCT""},""carbs_g_100g"":{""value_per_100g"":9.7,""value_for_portion"":9.7,""label"":""Verified"",""source_url"":""https://i.fnri.dost.gov.ph/fct/library/report/3421"",""source_record_id"":""D142"",""source_name"":""DOST-FNRI PhilFCT""},""fat_g_100g"":{""value_per_100g"":0.4,""value_for_portion"":0.4,""label"":""Verified"",""source_url"":""https://i.fnri.dost.gov.ph/fct/library/report/3421"",""source_record_id"":""D142"",""source_name"":""DOST-FNRI PhilFCT""},""fiber_g_100g"":{""value_per_100g"":1.3,""value_for_portion"":1.3,""label"":""Verified"",""source_url"":""https://i.fnri.dost.gov.ph/fct/library/report/3421"",""source_record_id"":""D142"",""source_name"":""DOST-FNRI PhilFCT""},""sugar_g_100g"":{""value_per_100g"":4.6,""value_for_portion"":4.6,""label"":""Verified"",""source_url"":""https://i.fnri.dost.gov.ph/fct/library/report/3421"",""source_record_id"":""D142"",""source_name"":""DOST-FNRI PhilFCT""},""sodium_mg_100g"":{""value_per_100g"":3.0,""value_for_portion"":3.0,""label"":""Verified"",""source_url"":""https://i.fnri.dost.gov.ph/fct/library/report/3421"",""source_record_id"":""D142"",""source_name"":""DOST-FNRI PhilFCT""},""cholesterol_mg_100g"":{""value_per_100g"":0.0,""value_for_portion"":0.0,""label"":""Verified"",""source_url"":""https://i.fnri.dost.gov.ph/fct/library/report/3421"",""source_record_id"":""D142"",""source_name"":""DOST-FNRI PhilFCT""}}"
PH_DISH_013,EST_PH_DISH_013_V1,FC000100,Fish sauce,25,ASSUMED_REFERENCE_MIXTURE,49.0,10.6,0.9,0.3,0.0,,5061.0,0.0,"{""kcal_100g"":{""value_per_100g"":49.0,""value_for_portion"":49.0,""label"":""Verified"",""source_url"":""https://i.fnri.dost.gov.ph/fct/library/report/4334"",""source_record_id"":""N011"",""source_name"":""DOST-FNRI PhilFCT""},""protein_g_100g"":{""value_per_100g"":10.6,""value_for_portion"":10.6,""label"":""Verified"",""source_url"":""https://i.fnri.dost.gov.ph/fct/library/report/4334"",""source_record_id"":""N011"",""source_name"":""DOST-FNRI PhilFCT""},""carbs_g_100g"":{""value_per_100g"":0.9,""value_for_portion"":0.9,""label"":""Verified"",""source_url"":""https://i.fnri.dost.gov.ph/fct/library/report/4334"",""source_record_id"":""N011"",""source_name"":""DOST-FNRI PhilFCT""},""fat_g_100g"":{""value_per_100g"":0.3,""value_for_portion"":0.3,""label"":""Verified"",""source_url"":""https://i.fnri.dost.gov.ph/fct/library/report/4334"",""source_record_id"":""N011"",""source_name"":""DOST-FNRI PhilFCT""},""fiber_g_100g"":{""value_per_100g"":0.0,""value_for_portion"":0.0,""label"":""Verified"",""source_url"":""https://i.fnri.dost.gov.ph/fct/library/report/4334"",""source_record_id"":""N011"",""source_name"":""DOST-FNRI PhilFCT""},""sugar_g_100g"":{""value_per_100g"":null,""value_for_portion"":null,""label"":""Unknown"",""source_url"":null,""source_record_id"":null,""source_name"":null},""sodium_mg_100g"":{""value_per_100g"":5061.0,""value_for_portion"":5061.0,""label"":""Verified"",""source_url"":""https://i.fnri.dost.gov.ph/fct/library/report/4334"",""source_record_id"":""N011"",""source_name"":""DOST-FNRI PhilFCT""},""cholesterol_mg_100g"":{""value_per_100g"":0.0,""value_for_portion"":0.0,""label"":""Verified"",""source_url"":""https://i.fnri.dost.gov.ph/fct/library/report/4334"",""source_record_id"":""N011"",""source_name"":""DOST-FNRI PhilFCT""}}"
PH_DISH_013,EST_PH_DISH_013_V1,FC001237,"Beverages, water, tap, drinking",1000,ASSUMED_REFERENCE_MIXTURE,0.0,0.0,0.0,0.0,0.0,0.0,4.0,0.0,"{""kcal_100g"":{""value_per_100g"":0.0,""value_for_portion"":0.0,""label"":""Other source"",""source_url"":""https://fdc.nal.usda.gov/food-details/173647/nutrients"",""source_record_id"":""USDA_FC001237_173647"",""source_name"":""USDA FoodData Central SR Legacy""},""protein_g_100g"":{""value_per_100g"":0.0,""value_for_portion"":0.0,""label"":""Other source"",""source_url"":""https://fdc.nal.usda.gov/food-details/173647/nutrients"",""source_record_id"":""USDA_FC001237_173647"",""source_name"":""USDA FoodData Central SR Legacy""},""carbs_g_100g"":{""value_per_100g"":0.0,""value_for_portion"":0.0,""label"":""Other source"",""source_url"":""https://fdc.nal.usda.gov/food-details/173647/nutrients"",""source_record_id"":""USDA_FC001237_173647"",""source_name"":""USDA FoodData Central SR Legacy""},""fat_g_100g"":{""value_per_100g"":0.0,""value_for_portion"":0.0,""label"":""Other source"",""source_url"":""https://fdc.nal.usda.gov/food-details/173647/nutrients"",""source_record_id"":""USDA_FC001237_173647"",""source_name"":""USDA FoodData Central SR Legacy""},""fiber_g_100g"":{""value_per_100g"":0.0,""value_for_portion"":0.0,""label"":""Other source"",""source_url"":""https://fdc.nal.usda.gov/food-details/173647/nutrients"",""source_record_id"":""USDA_FC001237_173647"",""source_name"":""USDA FoodData Central SR Legacy""},""sugar_g_100g"":{""value_per_100g"":0.0,""value_for_portion"":0.0,""label"":""Other source"",""source_url"":""https://fdc.nal.usda.gov/food-details/173647/nutrients"",""source_record_id"":""USDA_FC001237_173647"",""source_name"":""USDA FoodData Central SR Legacy""},""sodium_mg_100g"":{""value_per_100g"":4.0,""value_for_portion"":4.0,""label"":""Other source"",""source_url"":""https://fdc.nal.usda.gov/food-details/173647/nutrients"",""source_record_id"":""USDA_FC001237_173647"",""source_name"":""USDA FoodData Central SR Legacy""},""cholesterol_mg_100g"":{""value_per_100g"":0.0,""value_for_portion"":0.0,""label"":""Other source"",""source_url"":""https://fdc.nal.usda.gov/food-details/173647/nutrients"",""source_record_id"":""USDA_FC001237_173647"",""source_name"":""USDA FoodData Central SR Legacy""}}"
PH_DISH_014,EST_PH_DISH_014_V1,FC000388,"Pork Boston butt, lean, boiled",400,ASSUMED_REFERENCE_MIXTURE,212.0,15.6,0.0,16.6,0.0,0.0,47.0,,"{""kcal_100g"":{""value_per_100g"":212.0,""value_for_portion"":212.0,""label"":""Verified"",""source_url"":""https://i.fnri.dost.gov.ph/fct/library/report/3865"",""source_record_id"":""F158"",""source_name"":""DOST-FNRI PhilFCT""},""protein_g_100g"":{""value_per_100g"":15.6,""value_for_portion"":15.6,""label"":""Verified"",""source_url"":""https://i.fnri.dost.gov.ph/fct/library/report/3865"",""source_record_id"":""F158"",""source_name"":""DOST-FNRI PhilFCT""},""carbs_g_100g"":{""value_per_100g"":0.0,""value_for_portion"":0.0,""label"":""Verified"",""source_url"":""https://i.fnri.dost.gov.ph/fct/library/report/3865"",""source_record_id"":""F158"",""source_name"":""DOST-FNRI PhilFCT""},""fat_g_100g"":{""value_per_100g"":16.6,""value_for_portion"":16.6,""label"":""Verified"",""source_url"":""https://i.fnri.dost.gov.ph/fct/library/report/3865"",""source_record_id"":""F158"",""source_name"":""DOST-FNRI PhilFCT""},""fiber_g_100g"":{""value_per_100g"":0.0,""value_for_portion"":0.0,""label"":""Verified"",""source_url"":""https://i.fnri.dost.gov.ph/fct/library/report/3865"",""source_record_id"":""F158"",""source_name"":""DOST-FNRI PhilFCT""},""sugar_g_100g"":{""value_per_100g"":0.0,""value_for_portion"":0.0,""label"":""Verified"",""source_url"":""https://i.fnri.dost.gov.ph/fct/library/report/3865"",""source_record_id"":""F158"",""source_name"":""DOST-FNRI PhilFCT""},""sodium_mg_100g"":{""value_per_100g"":47.0,""value_for_portion"":47.0,""label"":""Verified"",""source_url"":""https://i.fnri.dost.gov.ph/fct/library/report/3865"",""source_record_id"":""F158"",""source_name"":""DOST-FNRI PhilFCT""},""cholesterol_mg_100g"":{""value_per_100g"":null,""value_for_portion"":null,""label"":""Unknown"",""source_url"":null,""source_record_id"":null,""source_name"":null}}"
PH_DISH_014,EST_PH_DISH_014_V1,FC000143,"Cabbage, chinese (pak-choi), cooked, boiled, drained, without salt",300,ASSUMED_REFERENCE_MIXTURE,12.0,1.56,1.78,0.16,1.0,0.83,34.0,0.0,"{""kcal_100g"":{""value_per_100g"":12.0,""value_for_portion"":12.0,""label"":""Other source"",""source_url"":""https://fdc.nal.usda.gov/food-details/170391/nutrients"",""source_record_id"":""USDA_FC000143_170391"",""source_name"":""USDA FoodData Central SR Legacy""},""protein_g_100g"":{""value_per_100g"":1.56,""value_for_portion"":1.56,""label"":""Other source"",""source_url"":""https://fdc.nal.usda.gov/food-details/170391/nutrients"",""source_record_id"":""USDA_FC000143_170391"",""source_name"":""USDA FoodData Central SR Legacy""},""carbs_g_100g"":{""value_per_100g"":1.78,""value_for_portion"":1.78,""label"":""Other source"",""source_url"":""https://fdc.nal.usda.gov/food-details/170391/nutrients"",""source_record_id"":""USDA_FC000143_170391"",""source_name"":""USDA FoodData Central SR Legacy""},""fat_g_100g"":{""value_per_100g"":0.16,""value_for_portion"":0.16,""label"":""Other source"",""source_url"":""https://fdc.nal.usda.gov/food-details/170391/nutrients"",""source_record_id"":""USDA_FC000143_170391"",""source_name"":""USDA FoodData Central SR Legacy""},""fiber_g_100g"":{""value_per_100g"":1.0,""value_for_portion"":1.0,""label"":""Other source"",""source_url"":""https://fdc.nal.usda.gov/food-details/170391/nutrients"",""source_record_id"":""USDA_FC000143_170391"",""source_name"":""USDA FoodData Central SR Legacy""},""sugar_g_100g"":{""value_per_100g"":0.83,""value_for_portion"":0.83,""label"":""Other source"",""source_url"":""https://fdc.nal.usda.gov/food-details/170391/nutrients"",""source_record_id"":""USDA_FC000143_170391"",""source_name"":""USDA FoodData Central SR Legacy""},""sodium_mg_100g"":{""value_per_100g"":34.0,""value_for_portion"":34.0,""label"":""Other source"",""source_url"":""https://fdc.nal.usda.gov/food-details/170391/nutrients"",""source_record_id"":""USDA_FC000143_170391"",""source_name"":""USDA FoodData Central SR Legacy""},""cholesterol_mg_100g"":{""value_per_100g"":0.0,""value_for_portion"":0.0,""label"":""Other source"",""source_url"":""https://fdc.nal.usda.gov/food-details/170391/nutrients"",""source_record_id"":""USDA_FC000143_170391"",""source_name"":""USDA FoodData Central SR Legacy""}}"
PH_DISH_014,EST_PH_DISH_014_V1,FC000199,"Potato, boiled",250,ASSUMED_REFERENCE_MIXTURE,63.0,1.7,13.7,0.1,1.3,0.6,4.0,0.0,"{""kcal_100g"":{""value_per_100g"":63.0,""value_for_portion"":63.0,""label"":""Verified"",""source_url"":""https://i.fnri.dost.gov.ph/fct/library/report/3175"",""source_record_id"":""B008"",""source_name"":""DOST-FNRI PhilFCT""},""protein_g_100g"":{""value_per_100g"":1.7,""value_for_portion"":1.7,""label"":""Verified"",""source_url"":""https://i.fnri.dost.gov.ph/fct/library/report/3175"",""source_record_id"":""B008"",""source_name"":""DOST-FNRI PhilFCT""},""carbs_g_100g"":{""value_per_100g"":13.7,""value_for_portion"":13.7,""label"":""Verified"",""source_url"":""https://i.fnri.dost.gov.ph/fct/library/report/3175"",""source_record_id"":""B008"",""source_name"":""DOST-FNRI PhilFCT""},""fat_g_100g"":{""value_per_100g"":0.1,""value_for_portion"":0.1,""label"":""Verified"",""source_url"":""https://i.fnri.dost.gov.ph/fct/library/report/3175"",""source_record_id"":""B008"",""source_name"":""DOST-FNRI PhilFCT""},""fiber_g_100g"":{""value_per_100g"":1.3,""value_for_portion"":1.3,""label"":""Verified"",""source_url"":""https://i.fnri.dost.gov.ph/fct/library/report/3175"",""source_record_id"":""B008"",""source_name"":""DOST-FNRI PhilFCT""},""sugar_g_100g"":{""value_per_100g"":0.6,""value_for_portion"":0.6,""label"":""Verified"",""source_url"":""https://i.fnri.dost.gov.ph/fct/library/report/3175"",""source_record_id"":""B008"",""source_name"":""DOST-FNRI PhilFCT""},""sodium_mg_100g"":{""value_per_100g"":4.0,""value_for_portion"":4.0,""label"":""Verified"",""source_url"":""https://i.fnri.dost.gov.ph/fct/library/report/3175"",""source_record_id"":""B008"",""source_name"":""DOST-FNRI PhilFCT""},""cholesterol_mg_100g"":{""value_per_100g"":0.0,""value_for_portion"":0.0,""label"":""Verified"",""source_url"":""https://i.fnri.dost.gov.ph/fct/library/report/3175"",""source_record_id"":""B008"",""source_name"":""DOST-FNRI PhilFCT""}}"
PH_DISH_014,EST_PH_DISH_014_V1,FC000333,"Onion, Bombay bulb, boiled",80,ASSUMED_REFERENCE_MIXTURE,47.0,1.2,9.7,0.4,1.3,4.6,3.0,0.0,"{""kcal_100g"":{""value_per_100g"":47.0,""value_for_portion"":47.0,""label"":""Verified"",""source_url"":""https://i.fnri.dost.gov.ph/fct/library/report/3421"",""source_record_id"":""D142"",""source_name"":""DOST-FNRI PhilFCT""},""protein_g_100g"":{""value_per_100g"":1.2,""value_for_portion"":1.2,""label"":""Verified"",""source_url"":""https://i.fnri.dost.gov.ph/fct/library/report/3421"",""source_record_id"":""D142"",""source_name"":""DOST-FNRI PhilFCT""},""carbs_g_100g"":{""value_per_100g"":9.7,""value_for_portion"":9.7,""label"":""Verified"",""source_url"":""https://i.fnri.dost.gov.ph/fct/library/report/3421"",""source_record_id"":""D142"",""source_name"":""DOST-FNRI PhilFCT""},""fat_g_100g"":{""value_per_100g"":0.4,""value_for_portion"":0.4,""label"":""Verified"",""source_url"":""https://i.fnri.dost.gov.ph/fct/library/report/3421"",""source_record_id"":""D142"",""source_name"":""DOST-FNRI PhilFCT""},""fiber_g_100g"":{""value_per_100g"":1.3,""value_for_portion"":1.3,""label"":""Verified"",""source_url"":""https://i.fnri.dost.gov.ph/fct/library/report/3421"",""source_record_id"":""D142"",""source_name"":""DOST-FNRI PhilFCT""},""sugar_g_100g"":{""value_per_100g"":4.6,""value_for_portion"":4.6,""label"":""Verified"",""source_url"":""https://i.fnri.dost.gov.ph/fct/library/report/3421"",""source_record_id"":""D142"",""source_name"":""DOST-FNRI PhilFCT""},""sodium_mg_100g"":{""value_per_100g"":3.0,""value_for_portion"":3.0,""label"":""Verified"",""source_url"":""https://i.fnri.dost.gov.ph/fct/library/report/3421"",""source_record_id"":""D142"",""source_name"":""DOST-FNRI PhilFCT""},""cholesterol_mg_100g"":{""value_per_100g"":0.0,""value_for_portion"":0.0,""label"":""Verified"",""source_url"":""https://i.fnri.dost.gov.ph/fct/library/report/3421"",""source_record_id"":""D142"",""source_name"":""DOST-FNRI PhilFCT""}}"
PH_DISH_014,EST_PH_DISH_014_V1,FC000100,Fish sauce,25,ASSUMED_REFERENCE_MIXTURE,49.0,10.6,0.9,0.3,0.0,,5061.0,0.0,"{""kcal_100g"":{""value_per_100g"":49.0,""value_for_portion"":49.0,""label"":""Verified"",""source_url"":""https://i.fnri.dost.gov.ph/fct/library/report/4334"",""source_record_id"":""N011"",""source_name"":""DOST-FNRI PhilFCT""},""protein_g_100g"":{""value_per_100g"":10.6,""value_for_portion"":10.6,""label"":""Verified"",""source_url"":""https://i.fnri.dost.gov.ph/fct/library/report/4334"",""source_record_id"":""N011"",""source_name"":""DOST-FNRI PhilFCT""},""carbs_g_100g"":{""value_per_100g"":0.9,""value_for_portion"":0.9,""label"":""Verified"",""source_url"":""https://i.fnri.dost.gov.ph/fct/library/report/4334"",""source_record_id"":""N011"",""source_name"":""DOST-FNRI PhilFCT""},""fat_g_100g"":{""value_per_100g"":0.3,""value_for_portion"":0.3,""label"":""Verified"",""source_url"":""https://i.fnri.dost.gov.ph/fct/library/report/4334"",""source_record_id"":""N011"",""source_name"":""DOST-FNRI PhilFCT""},""fiber_g_100g"":{""value_per_100g"":0.0,""value_for_portion"":0.0,""label"":""Verified"",""source_url"":""https://i.fnri.dost.gov.ph/fct/library/report/4334"",""source_record_id"":""N011"",""source_name"":""DOST-FNRI PhilFCT""},""sugar_g_100g"":{""value_per_100g"":null,""value_for_portion"":null,""label"":""Unknown"",""source_url"":null,""source_record_id"":null,""source_name"":null},""sodium_mg_100g"":{""value_per_100g"":5061.0,""value_for_portion"":5061.0,""label"":""Verified"",""source_url"":""https://i.fnri.dost.gov.ph/fct/library/report/4334"",""source_record_id"":""N011"",""source_name"":""DOST-FNRI PhilFCT""},""cholesterol_mg_100g"":{""value_per_100g"":0.0,""value_for_portion"":0.0,""label"":""Verified"",""source_url"":""https://i.fnri.dost.gov.ph/fct/library/report/4334"",""source_record_id"":""N011"",""source_name"":""DOST-FNRI PhilFCT""}}"
PH_DISH_014,EST_PH_DISH_014_V1,FC001237,"Beverages, water, tap, drinking",1000,ASSUMED_REFERENCE_MIXTURE,0.0,0.0,0.0,0.0,0.0,0.0,4.0,0.0,"{""kcal_100g"":{""value_per_100g"":0.0,""value_for_portion"":0.0,""label"":""Other source"",""source_url"":""https://fdc.nal.usda.gov/food-details/173647/nutrients"",""source_record_id"":""USDA_FC001237_173647"",""source_name"":""USDA FoodData Central SR Legacy""},""protein_g_100g"":{""value_per_100g"":0.0,""value_for_portion"":0.0,""label"":""Other source"",""source_url"":""https://fdc.nal.usda.gov/food-details/173647/nutrients"",""source_record_id"":""USDA_FC001237_173647"",""source_name"":""USDA FoodData Central SR Legacy""},""carbs_g_100g"":{""value_per_100g"":0.0,""value_for_portion"":0.0,""label"":""Other source"",""source_url"":""https://fdc.nal.usda.gov/food-details/173647/nutrients"",""source_record_id"":""USDA_FC001237_173647"",""source_name"":""USDA FoodData Central SR Legacy""},""fat_g_100g"":{""value_per_100g"":0.0,""value_for_portion"":0.0,""label"":""Other source"",""source_url"":""https://fdc.nal.usda.gov/food-details/173647/nutrients"",""source_record_id"":""USDA_FC001237_173647"",""source_name"":""USDA FoodData Central SR Legacy""},""fiber_g_100g"":{""value_per_100g"":0.0,""value_for_portion"":0.0,""label"":""Other source"",""source_url"":""https://fdc.nal.usda.gov/food-details/173647/nutrients"",""source_record_id"":""USDA_FC001237_173647"",""source_name"":""USDA FoodData Central SR Legacy""},""sugar_g_100g"":{""value_per_100g"":0.0,""value_for_portion"":0.0,""label"":""Other source"",""source_url"":""https://fdc.nal.usda.gov/food-details/173647/nutrients"",""source_record_id"":""USDA_FC001237_173647"",""source_name"":""USDA FoodData Central SR Legacy""},""sodium_mg_100g"":{""value_per_100g"":4.0,""value_for_portion"":4.0,""label"":""Other source"",""source_url"":""https://fdc.nal.usda.gov/food-details/173647/nutrients"",""source_record_id"":""USDA_FC001237_173647"",""source_name"":""USDA FoodData Central SR Legacy""},""cholesterol_mg_100g"":{""value_per_100g"":0.0,""value_for_portion"":0.0,""label"":""Other source"",""source_url"":""https://fdc.nal.usda.gov/food-details/173647/nutrients"",""source_record_id"":""USDA_FC001237_173647"",""source_name"":""USDA FoodData Central SR Legacy""}}"
PH_DISH_015,EST_PH_DISH_015_V1,FC000021,"Mung bean seed, green, dried, boiled",500,ASSUMED_REFERENCE_MIXTURE,155.0,11.0,27.1,0.3,11.1,2.9,3.0,0.0,"{""kcal_100g"":{""value_per_100g"":155.0,""value_for_portion"":155.0,""label"":""Verified"",""source_url"":""https://i.fnri.dost.gov.ph/fct/library/report/3238"",""source_record_id"":""C028"",""source_name"":""DOST-FNRI PhilFCT""},""protein_g_100g"":{""value_per_100g"":11.0,""value_for_portion"":11.0,""label"":""Verified"",""source_url"":""https://i.fnri.dost.gov.ph/fct/library/report/3238"",""source_record_id"":""C028"",""source_name"":""DOST-FNRI PhilFCT""},""carbs_g_100g"":{""value_per_100g"":27.1,""value_for_portion"":27.1,""label"":""Verified"",""source_url"":""https://i.fnri.dost.gov.ph/fct/library/report/3238"",""source_record_id"":""C028"",""source_name"":""DOST-FNRI PhilFCT""},""fat_g_100g"":{""value_per_100g"":0.3,""value_for_portion"":0.3,""label"":""Verified"",""source_url"":""https://i.fnri.dost.gov.ph/fct/library/report/3238"",""source_record_id"":""C028"",""source_name"":""DOST-FNRI PhilFCT""},""fiber_g_100g"":{""value_per_100g"":11.1,""value_for_portion"":11.1,""label"":""Verified"",""source_url"":""https://i.fnri.dost.gov.ph/fct/library/report/3238"",""source_record_id"":""C028"",""source_name"":""DOST-FNRI PhilFCT""},""sugar_g_100g"":{""value_per_100g"":2.9,""value_for_portion"":2.9,""label"":""Verified"",""source_url"":""https://i.fnri.dost.gov.ph/fct/library/report/3238"",""source_record_id"":""C028"",""source_name"":""DOST-FNRI PhilFCT""},""sodium_mg_100g"":{""value_per_100g"":3.0,""value_for_portion"":3.0,""label"":""Verified"",""source_url"":""https://i.fnri.dost.gov.ph/fct/library/report/3238"",""source_record_id"":""C028"",""source_name"":""DOST-FNRI PhilFCT""},""cholesterol_mg_100g"":{""value_per_100g"":0.0,""value_for_portion"":0.0,""label"":""Verified"",""source_url"":""https://i.fnri.dost.gov.ph/fct/library/report/3238"",""source_record_id"":""C028"",""source_name"":""DOST-FNRI PhilFCT""}}"
PH_DISH_015,EST_PH_DISH_015_V1,FC000257,"Horseradish tree lvs, boiled",100,ASSUMED_REFERENCE_MIXTURE,63.0,3.1,10.6,0.9,1.7,0.8,8.0,0.0,"{""kcal_100g"":{""value_per_100g"":63.0,""value_for_portion"":63.0,""label"":""Verified"",""source_url"":""https://i.fnri.dost.gov.ph/fct/library/report/3374"",""source_record_id"":""D095"",""source_name"":""DOST-FNRI PhilFCT""},""protein_g_100g"":{""value_per_100g"":3.1,""value_for_portion"":3.1,""label"":""Verified"",""source_url"":""https://i.fnri.dost.gov.ph/fct/library/report/3374"",""source_record_id"":""D095"",""source_name"":""DOST-FNRI PhilFCT""},""carbs_g_100g"":{""value_per_100g"":10.6,""value_for_portion"":10.6,""label"":""Verified"",""source_url"":""https://i.fnri.dost.gov.ph/fct/library/report/3374"",""source_record_id"":""D095"",""source_name"":""DOST-FNRI PhilFCT""},""fat_g_100g"":{""value_per_100g"":0.9,""value_for_portion"":0.9,""label"":""Verified"",""source_url"":""https://i.fnri.dost.gov.ph/fct/library/report/3374"",""source_record_id"":""D095"",""source_name"":""DOST-FNRI PhilFCT""},""fiber_g_100g"":{""value_per_100g"":1.7,""value_for_portion"":1.7,""label"":""Verified"",""source_url"":""https://i.fnri.dost.gov.ph/fct/library/report/3374"",""source_record_id"":""D095"",""source_name"":""DOST-FNRI PhilFCT""},""sugar_g_100g"":{""value_per_100g"":0.8,""value_for_portion"":0.8,""label"":""Verified"",""source_url"":""https://i.fnri.dost.gov.ph/fct/library/report/3374"",""source_record_id"":""D095"",""source_name"":""DOST-FNRI PhilFCT""},""sodium_mg_100g"":{""value_per_100g"":8.0,""value_for_portion"":8.0,""label"":""Verified"",""source_url"":""https://i.fnri.dost.gov.ph/fct/library/report/3374"",""source_record_id"":""D095"",""source_name"":""DOST-FNRI PhilFCT""},""cholesterol_mg_100g"":{""value_per_100g"":0.0,""value_for_portion"":0.0,""label"":""Verified"",""source_url"":""https://i.fnri.dost.gov.ph/fct/library/report/3374"",""source_record_id"":""D095"",""source_name"":""DOST-FNRI PhilFCT""}}"
PH_DISH_015,EST_PH_DISH_015_V1,FC000280,"Tomato, boiled",150,ASSUMED_REFERENCE_MIXTURE,25.0,0.4,5.6,0.1,0.3,3.6,11.0,0.0,"{""kcal_100g"":{""value_per_100g"":25.0,""value_for_portion"":25.0,""label"":""Verified"",""source_url"":""https://i.fnri.dost.gov.ph/fct/library/report/3537"",""source_record_id"":""D258"",""source_name"":""DOST-FNRI PhilFCT""},""protein_g_100g"":{""value_per_100g"":0.4,""value_for_portion"":0.4,""label"":""Verified"",""source_url"":""https://i.fnri.dost.gov.ph/fct/library/report/3537"",""source_record_id"":""D258"",""source_name"":""DOST-FNRI PhilFCT""},""carbs_g_100g"":{""value_per_100g"":5.6,""value_for_portion"":5.6,""label"":""Verified"",""source_url"":""https://i.fnri.dost.gov.ph/fct/library/report/3537"",""source_record_id"":""D258"",""source_name"":""DOST-FNRI PhilFCT""},""fat_g_100g"":{""value_per_100g"":0.1,""value_for_portion"":0.1,""label"":""Verified"",""source_url"":""https://i.fnri.dost.gov.ph/fct/library/report/3537"",""source_record_id"":""D258"",""source_name"":""DOST-FNRI PhilFCT""},""fiber_g_100g"":{""value_per_100g"":0.3,""value_for_portion"":0.3,""label"":""Verified"",""source_url"":""https://i.fnri.dost.gov.ph/fct/library/report/3537"",""source_record_id"":""D258"",""source_name"":""DOST-FNRI PhilFCT""},""sugar_g_100g"":{""value_per_100g"":3.6,""value_for_portion"":3.6,""label"":""Verified"",""source_url"":""https://i.fnri.dost.gov.ph/fct/library/report/3537"",""source_record_id"":""D258"",""source_name"":""DOST-FNRI PhilFCT""},""sodium_mg_100g"":{""value_per_100g"":11.0,""value_for_portion"":11.0,""label"":""Verified"",""source_url"":""https://i.fnri.dost.gov.ph/fct/library/report/3537"",""source_record_id"":""D258"",""source_name"":""DOST-FNRI PhilFCT""},""cholesterol_mg_100g"":{""value_per_100g"":0.0,""value_for_portion"":0.0,""label"":""Verified"",""source_url"":""https://i.fnri.dost.gov.ph/fct/library/report/3537"",""source_record_id"":""D258"",""source_name"":""DOST-FNRI PhilFCT""}}"
PH_DISH_015,EST_PH_DISH_015_V1,FC000333,"Onion, Bombay bulb, boiled",70,ASSUMED_REFERENCE_MIXTURE,47.0,1.2,9.7,0.4,1.3,4.6,3.0,0.0,"{""kcal_100g"":{""value_per_100g"":47.0,""value_for_portion"":47.0,""label"":""Verified"",""source_url"":""https://i.fnri.dost.gov.ph/fct/library/report/3421"",""source_record_id"":""D142"",""source_name"":""DOST-FNRI PhilFCT""},""protein_g_100g"":{""value_per_100g"":1.2,""value_for_portion"":1.2,""label"":""Verified"",""source_url"":""https://i.fnri.dost.gov.ph/fct/library/report/3421"",""source_record_id"":""D142"",""source_name"":""DOST-FNRI PhilFCT""},""carbs_g_100g"":{""value_per_100g"":9.7,""value_for_portion"":9.7,""label"":""Verified"",""source_url"":""https://i.fnri.dost.gov.ph/fct/library/report/3421"",""source_record_id"":""D142"",""source_name"":""DOST-FNRI PhilFCT""},""fat_g_100g"":{""value_per_100g"":0.4,""value_for_portion"":0.4,""label"":""Verified"",""source_url"":""https://i.fnri.dost.gov.ph/fct/library/report/3421"",""source_record_id"":""D142"",""source_name"":""DOST-FNRI PhilFCT""},""fiber_g_100g"":{""value_per_100g"":1.3,""value_for_portion"":1.3,""label"":""Verified"",""source_url"":""https://i.fnri.dost.gov.ph/fct/library/report/3421"",""source_record_id"":""D142"",""source_name"":""DOST-FNRI PhilFCT""},""sugar_g_100g"":{""value_per_100g"":4.6,""value_for_portion"":4.6,""label"":""Verified"",""source_url"":""https://i.fnri.dost.gov.ph/fct/library/report/3421"",""source_record_id"":""D142"",""source_name"":""DOST-FNRI PhilFCT""},""sodium_mg_100g"":{""value_per_100g"":3.0,""value_for_portion"":3.0,""label"":""Verified"",""source_url"":""https://i.fnri.dost.gov.ph/fct/library/report/3421"",""source_record_id"":""D142"",""source_name"":""DOST-FNRI PhilFCT""},""cholesterol_mg_100g"":{""value_per_100g"":0.0,""value_for_portion"":0.0,""label"":""Verified"",""source_url"":""https://i.fnri.dost.gov.ph/fct/library/report/3421"",""source_record_id"":""D142"",""source_name"":""DOST-FNRI PhilFCT""}}"
PH_DISH_015,EST_PH_DISH_015_V1,FC000070,Garlic bulb,15,ASSUMED_REFERENCE_MIXTURE,129.0,7.0,24.6,0.3,1.7,0.8,10.0,0.0,"{""kcal_100g"":{""value_per_100g"":129.0,""value_for_portion"":129.0,""label"":""Verified"",""source_url"":""https://i.fnri.dost.gov.ph/fct/library/report/3363"",""source_record_id"":""D084"",""source_name"":""DOST-FNRI PhilFCT""},""protein_g_100g"":{""value_per_100g"":7.0,""value_for_portion"":7.0,""label"":""Verified"",""source_url"":""https://i.fnri.dost.gov.ph/fct/library/report/3363"",""source_record_id"":""D084"",""source_name"":""DOST-FNRI PhilFCT""},""carbs_g_100g"":{""value_per_100g"":24.6,""value_for_portion"":24.6,""label"":""Verified"",""source_url"":""https://i.fnri.dost.gov.ph/fct/library/report/3363"",""source_record_id"":""D084"",""source_name"":""DOST-FNRI PhilFCT""},""fat_g_100g"":{""value_per_100g"":0.3,""value_for_portion"":0.3,""label"":""Verified"",""source_url"":""https://i.fnri.dost.gov.ph/fct/library/report/3363"",""source_record_id"":""D084"",""source_name"":""DOST-FNRI PhilFCT""},""fiber_g_100g"":{""value_per_100g"":1.7,""value_for_portion"":1.7,""label"":""Verified"",""source_url"":""https://i.fnri.dost.gov.ph/fct/library/report/3363"",""source_record_id"":""D084"",""source_name"":""DOST-FNRI PhilFCT""},""sugar_g_100g"":{""value_per_100g"":0.8,""value_for_portion"":0.8,""label"":""Verified"",""source_url"":""https://i.fnri.dost.gov.ph/fct/library/report/3363"",""source_record_id"":""D084"",""source_name"":""DOST-FNRI PhilFCT""},""sodium_mg_100g"":{""value_per_100g"":10.0,""value_for_portion"":10.0,""label"":""Verified"",""source_url"":""https://i.fnri.dost.gov.ph/fct/library/report/3363"",""source_record_id"":""D084"",""source_name"":""DOST-FNRI PhilFCT""},""cholesterol_mg_100g"":{""value_per_100g"":0.0,""value_for_portion"":0.0,""label"":""Verified"",""source_url"":""https://i.fnri.dost.gov.ph/fct/library/report/3363"",""source_record_id"":""D084"",""source_name"":""DOST-FNRI PhilFCT""}}"
PH_DISH_015,EST_PH_DISH_015_V1,FC000098,Coconut oil,20,ASSUMED_REFERENCE_MIXTURE,892.0,0.0,0.0,99.1,0.0,0.0,0.0,0.0,"{""kcal_100g"":{""value_per_100g"":892.0,""value_for_portion"":892.0,""label"":""Verified"",""source_url"":""https://i.fnri.dost.gov.ph/fct/library/report/4268"",""source_record_id"":""K008"",""source_name"":""DOST-FNRI PhilFCT""},""protein_g_100g"":{""value_per_100g"":0.0,""value_for_portion"":0.0,""label"":""Verified"",""source_url"":""https://i.fnri.dost.gov.ph/fct/library/report/4268"",""source_record_id"":""K008"",""source_name"":""DOST-FNRI PhilFCT""},""carbs_g_100g"":{""value_per_100g"":0.0,""value_for_portion"":0.0,""label"":""Verified"",""source_url"":""https://i.fnri.dost.gov.ph/fct/library/report/4268"",""source_record_id"":""K008"",""source_name"":""DOST-FNRI PhilFCT""},""fat_g_100g"":{""value_per_100g"":99.1,""value_for_portion"":99.1,""label"":""Verified"",""source_url"":""https://i.fnri.dost.gov.ph/fct/library/report/4268"",""source_record_id"":""K008"",""source_name"":""DOST-FNRI PhilFCT""},""fiber_g_100g"":{""value_per_100g"":0.0,""value_for_portion"":0.0,""label"":""Verified"",""source_url"":""https://i.fnri.dost.gov.ph/fct/library/report/4268"",""source_record_id"":""K008"",""source_name"":""DOST-FNRI PhilFCT""},""sugar_g_100g"":{""value_per_100g"":0.0,""value_for_portion"":0.0,""label"":""Verified"",""source_url"":""https://i.fnri.dost.gov.ph/fct/library/report/4268"",""source_record_id"":""K008"",""source_name"":""DOST-FNRI PhilFCT""},""sodium_mg_100g"":{""value_per_100g"":0.0,""value_for_portion"":0.0,""label"":""Verified"",""source_url"":""https://i.fnri.dost.gov.ph/fct/library/report/4268"",""source_record_id"":""K008"",""source_name"":""DOST-FNRI PhilFCT""},""cholesterol_mg_100g"":{""value_per_100g"":0.0,""value_for_portion"":0.0,""label"":""Verified"",""source_url"":""https://i.fnri.dost.gov.ph/fct/library/report/4268"",""source_record_id"":""K008"",""source_name"":""DOST-FNRI PhilFCT""}}"
PH_DISH_015,EST_PH_DISH_015_V1,FC000612,"Salt, coarse",3,ASSUMED_REFERENCE_MIXTURE,0.0,0.0,0.0,0.0,0.0,0.0,34836.0,0.0,"{""kcal_100g"":{""value_per_100g"":0.0,""value_for_portion"":0.0,""label"":""Verified"",""source_url"":""https://i.fnri.dost.gov.ph/fct/library/report/4342"",""source_record_id"":""N019"",""source_name"":""DOST-FNRI PhilFCT""},""protein_g_100g"":{""value_per_100g"":0.0,""value_for_portion"":0.0,""label"":""Verified"",""source_url"":""https://i.fnri.dost.gov.ph/fct/library/report/4342"",""source_record_id"":""N019"",""source_name"":""DOST-FNRI PhilFCT""},""carbs_g_100g"":{""value_per_100g"":0.0,""value_for_portion"":0.0,""label"":""Verified"",""source_url"":""https://i.fnri.dost.gov.ph/fct/library/report/4342"",""source_record_id"":""N019"",""source_name"":""DOST-FNRI PhilFCT""},""fat_g_100g"":{""value_per_100g"":0.0,""value_for_portion"":0.0,""label"":""Verified"",""source_url"":""https://i.fnri.dost.gov.ph/fct/library/report/4342"",""source_record_id"":""N019"",""source_name"":""DOST-FNRI PhilFCT""},""fiber_g_100g"":{""value_per_100g"":0.0,""value_for_portion"":0.0,""label"":""Verified"",""source_url"":""https://i.fnri.dost.gov.ph/fct/library/report/4342"",""source_record_id"":""N019"",""source_name"":""DOST-FNRI PhilFCT""},""sugar_g_100g"":{""value_per_100g"":0.0,""value_for_portion"":0.0,""label"":""Verified"",""source_url"":""https://i.fnri.dost.gov.ph/fct/library/report/4342"",""source_record_id"":""N019"",""source_name"":""DOST-FNRI PhilFCT""},""sodium_mg_100g"":{""value_per_100g"":34836.0,""value_for_portion"":34836.0,""label"":""Verified"",""source_url"":""https://i.fnri.dost.gov.ph/fct/library/report/4342"",""source_record_id"":""N019"",""source_name"":""DOST-FNRI PhilFCT""},""cholesterol_mg_100g"":{""value_per_100g"":0.0,""value_for_portion"":0.0,""label"":""Verified"",""source_url"":""https://i.fnri.dost.gov.ph/fct/library/report/4342"",""source_record_id"":""N019"",""source_name"":""DOST-FNRI PhilFCT""}}"
PH_DISH_015,EST_PH_DISH_015_V1,FC001237,"Beverages, water, tap, drinking",300,ASSUMED_REFERENCE_MIXTURE,0.0,0.0,0.0,0.0,0.0,0.0,4.0,0.0,"{""kcal_100g"":{""value_per_100g"":0.0,""value_for_portion"":0.0,""label"":""Other source"",""source_url"":""https://fdc.nal.usda.gov/food-details/173647/nutrients"",""source_record_id"":""USDA_FC001237_173647"",""source_name"":""USDA FoodData Central SR Legacy""},""protein_g_100g"":{""value_per_100g"":0.0,""value_for_portion"":0.0,""label"":""Other source"",""source_url"":""https://fdc.nal.usda.gov/food-details/173647/nutrients"",""source_record_id"":""USDA_FC001237_173647"",""source_name"":""USDA FoodData Central SR Legacy""},""carbs_g_100g"":{""value_per_100g"":0.0,""value_for_portion"":0.0,""label"":""Other source"",""source_url"":""https://fdc.nal.usda.gov/food-details/173647/nutrients"",""source_record_id"":""USDA_FC001237_173647"",""source_name"":""USDA FoodData Central SR Legacy""},""fat_g_100g"":{""value_per_100g"":0.0,""value_for_portion"":0.0,""label"":""Other source"",""source_url"":""https://fdc.nal.usda.gov/food-details/173647/nutrients"",""source_record_id"":""USDA_FC001237_173647"",""source_name"":""USDA FoodData Central SR Legacy""},""fiber_g_100g"":{""value_per_100g"":0.0,""value_for_portion"":0.0,""label"":""Other source"",""source_url"":""https://fdc.nal.usda.gov/food-details/173647/nutrients"",""source_record_id"":""USDA_FC001237_173647"",""source_name"":""USDA FoodData Central SR Legacy""},""sugar_g_100g"":{""value_per_100g"":0.0,""value_for_portion"":0.0,""label"":""Other source"",""source_url"":""https://fdc.nal.usda.gov/food-details/173647/nutrients"",""source_record_id"":""USDA_FC001237_173647"",""source_name"":""USDA FoodData Central SR Legacy""},""sodium_mg_100g"":{""value_per_100g"":4.0,""value_for_portion"":4.0,""label"":""Other source"",""source_url"":""https://fdc.nal.usda.gov/food-details/173647/nutrients"",""source_record_id"":""USDA_FC001237_173647"",""source_name"":""USDA FoodData Central SR Legacy""},""cholesterol_mg_100g"":{""value_per_100g"":0.0,""value_for_portion"":0.0,""label"":""Other source"",""source_url"":""https://fdc.nal.usda.gov/food-details/173647/nutrients"",""source_record_id"":""USDA_FC001237_173647"",""source_name"":""USDA FoodData Central SR Legacy""}}"
PH_DISH_016,EST_PH_DISH_016_V1,FC000021,"Mung bean seed, green, dried, boiled",500,ASSUMED_REFERENCE_MIXTURE,155.0,11.0,27.1,0.3,11.1,2.9,3.0,0.0,"{""kcal_100g"":{""value_per_100g"":155.0,""value_for_portion"":155.0,""label"":""Verified"",""source_url"":""https://i.fnri.dost.gov.ph/fct/library/report/3238"",""source_record_id"":""C028"",""source_name"":""DOST-FNRI PhilFCT""},""protein_g_100g"":{""value_per_100g"":11.0,""value_for_portion"":11.0,""label"":""Verified"",""source_url"":""https://i.fnri.dost.gov.ph/fct/library/report/3238"",""source_record_id"":""C028"",""source_name"":""DOST-FNRI PhilFCT""},""carbs_g_100g"":{""value_per_100g"":27.1,""value_for_portion"":27.1,""label"":""Verified"",""source_url"":""https://i.fnri.dost.gov.ph/fct/library/report/3238"",""source_record_id"":""C028"",""source_name"":""DOST-FNRI PhilFCT""},""fat_g_100g"":{""value_per_100g"":0.3,""value_for_portion"":0.3,""label"":""Verified"",""source_url"":""https://i.fnri.dost.gov.ph/fct/library/report/3238"",""source_record_id"":""C028"",""source_name"":""DOST-FNRI PhilFCT""},""fiber_g_100g"":{""value_per_100g"":11.1,""value_for_portion"":11.1,""label"":""Verified"",""source_url"":""https://i.fnri.dost.gov.ph/fct/library/report/3238"",""source_record_id"":""C028"",""source_name"":""DOST-FNRI PhilFCT""},""sugar_g_100g"":{""value_per_100g"":2.9,""value_for_portion"":2.9,""label"":""Verified"",""source_url"":""https://i.fnri.dost.gov.ph/fct/library/report/3238"",""source_record_id"":""C028"",""source_name"":""DOST-FNRI PhilFCT""},""sodium_mg_100g"":{""value_per_100g"":3.0,""value_for_portion"":3.0,""label"":""Verified"",""source_url"":""https://i.fnri.dost.gov.ph/fct/library/report/3238"",""source_record_id"":""C028"",""source_name"":""DOST-FNRI PhilFCT""},""cholesterol_mg_100g"":{""value_per_100g"":0.0,""value_for_portion"":0.0,""label"":""Verified"",""source_url"":""https://i.fnri.dost.gov.ph/fct/library/report/3238"",""source_record_id"":""C028"",""source_name"":""DOST-FNRI PhilFCT""}}"
PH_DISH_016,EST_PH_DISH_016_V1,FC000384,"Pork belly, boiled",150,ASSUMED_REFERENCE_MIXTURE,444.0,13.0,0.0,43.6,0.0,0.0,89.0,48.0,"{""kcal_100g"":{""value_per_100g"":444.0,""value_for_portion"":444.0,""label"":""Verified"",""source_url"":""https://i.fnri.dost.gov.ph/fct/library/report/3858"",""source_record_id"":""F151"",""source_name"":""DOST-FNRI PhilFCT""},""protein_g_100g"":{""value_per_100g"":13.0,""value_for_portion"":13.0,""label"":""Verified"",""source_url"":""https://i.fnri.dost.gov.ph/fct/library/report/3858"",""source_record_id"":""F151"",""source_name"":""DOST-FNRI PhilFCT""},""carbs_g_100g"":{""value_per_100g"":0.0,""value_for_portion"":0.0,""label"":""Verified"",""source_url"":""https://i.fnri.dost.gov.ph/fct/library/report/3858"",""source_record_id"":""F151"",""source_name"":""DOST-FNRI PhilFCT""},""fat_g_100g"":{""value_per_100g"":43.6,""value_for_portion"":43.6,""label"":""Verified"",""source_url"":""https://i.fnri.dost.gov.ph/fct/library/report/3858"",""source_record_id"":""F151"",""source_name"":""DOST-FNRI PhilFCT""},""fiber_g_100g"":{""value_per_100g"":0.0,""value_for_portion"":0.0,""label"":""Verified"",""source_url"":""https://i.fnri.dost.gov.ph/fct/library/report/3858"",""source_record_id"":""F151"",""source_name"":""DOST-FNRI PhilFCT""},""sugar_g_100g"":{""value_per_100g"":0.0,""value_for_portion"":0.0,""label"":""Verified"",""source_url"":""https://i.fnri.dost.gov.ph/fct/library/report/3858"",""source_record_id"":""F151"",""source_name"":""DOST-FNRI PhilFCT""},""sodium_mg_100g"":{""value_per_100g"":89.0,""value_for_portion"":89.0,""label"":""Verified"",""source_url"":""https://i.fnri.dost.gov.ph/fct/library/report/3858"",""source_record_id"":""F151"",""source_name"":""DOST-FNRI PhilFCT""},""cholesterol_mg_100g"":{""value_per_100g"":48.0,""value_for_portion"":48.0,""label"":""Verified"",""source_url"":""https://i.fnri.dost.gov.ph/fct/library/report/3858"",""source_record_id"":""F151"",""source_name"":""DOST-FNRI PhilFCT""}}"
PH_DISH_016,EST_PH_DISH_016_V1,FC000257,"Horseradish tree lvs, boiled",100,ASSUMED_REFERENCE_MIXTURE,63.0,3.1,10.6,0.9,1.7,0.8,8.0,0.0,"{""kcal_100g"":{""value_per_100g"":63.0,""value_for_portion"":63.0,""label"":""Verified"",""source_url"":""https://i.fnri.dost.gov.ph/fct/library/report/3374"",""source_record_id"":""D095"",""source_name"":""DOST-FNRI PhilFCT""},""protein_g_100g"":{""value_per_100g"":3.1,""value_for_portion"":3.1,""label"":""Verified"",""source_url"":""https://i.fnri.dost.gov.ph/fct/library/report/3374"",""source_record_id"":""D095"",""source_name"":""DOST-FNRI PhilFCT""},""carbs_g_100g"":{""value_per_100g"":10.6,""value_for_portion"":10.6,""label"":""Verified"",""source_url"":""https://i.fnri.dost.gov.ph/fct/library/report/3374"",""source_record_id"":""D095"",""source_name"":""DOST-FNRI PhilFCT""},""fat_g_100g"":{""value_per_100g"":0.9,""value_for_portion"":0.9,""label"":""Verified"",""source_url"":""https://i.fnri.dost.gov.ph/fct/library/report/3374"",""source_record_id"":""D095"",""source_name"":""DOST-FNRI PhilFCT""},""fiber_g_100g"":{""value_per_100g"":1.7,""value_for_portion"":1.7,""label"":""Verified"",""source_url"":""https://i.fnri.dost.gov.ph/fct/library/report/3374"",""source_record_id"":""D095"",""source_name"":""DOST-FNRI PhilFCT""},""sugar_g_100g"":{""value_per_100g"":0.8,""value_for_portion"":0.8,""label"":""Verified"",""source_url"":""https://i.fnri.dost.gov.ph/fct/library/report/3374"",""source_record_id"":""D095"",""source_name"":""DOST-FNRI PhilFCT""},""sodium_mg_100g"":{""value_per_100g"":8.0,""value_for_portion"":8.0,""label"":""Verified"",""source_url"":""https://i.fnri.dost.gov.ph/fct/library/report/3374"",""source_record_id"":""D095"",""source_name"":""DOST-FNRI PhilFCT""},""cholesterol_mg_100g"":{""value_per_100g"":0.0,""value_for_portion"":0.0,""label"":""Verified"",""source_url"":""https://i.fnri.dost.gov.ph/fct/library/report/3374"",""source_record_id"":""D095"",""source_name"":""DOST-FNRI PhilFCT""}}"
PH_DISH_016,EST_PH_DISH_016_V1,FC000280,"Tomato, boiled",150,ASSUMED_REFERENCE_MIXTURE,25.0,0.4,5.6,0.1,0.3,3.6,11.0,0.0,"{""kcal_100g"":{""value_per_100g"":25.0,""value_for_portion"":25.0,""label"":""Verified"",""source_url"":""https://i.fnri.dost.gov.ph/fct/library/report/3537"",""source_record_id"":""D258"",""source_name"":""DOST-FNRI PhilFCT""},""protein_g_100g"":{""value_per_100g"":0.4,""value_for_portion"":0.4,""label"":""Verified"",""source_url"":""https://i.fnri.dost.gov.ph/fct/library/report/3537"",""source_record_id"":""D258"",""source_name"":""DOST-FNRI PhilFCT""},""carbs_g_100g"":{""value_per_100g"":5.6,""value_for_portion"":5.6,""label"":""Verified"",""source_url"":""https://i.fnri.dost.gov.ph/fct/library/report/3537"",""source_record_id"":""D258"",""source_name"":""DOST-FNRI PhilFCT""},""fat_g_100g"":{""value_per_100g"":0.1,""value_for_portion"":0.1,""label"":""Verified"",""source_url"":""https://i.fnri.dost.gov.ph/fct/library/report/3537"",""source_record_id"":""D258"",""source_name"":""DOST-FNRI PhilFCT""},""fiber_g_100g"":{""value_per_100g"":0.3,""value_for_portion"":0.3,""label"":""Verified"",""source_url"":""https://i.fnri.dost.gov.ph/fct/library/report/3537"",""source_record_id"":""D258"",""source_name"":""DOST-FNRI PhilFCT""},""sugar_g_100g"":{""value_per_100g"":3.6,""value_for_portion"":3.6,""label"":""Verified"",""source_url"":""https://i.fnri.dost.gov.ph/fct/library/report/3537"",""source_record_id"":""D258"",""source_name"":""DOST-FNRI PhilFCT""},""sodium_mg_100g"":{""value_per_100g"":11.0,""value_for_portion"":11.0,""label"":""Verified"",""source_url"":""https://i.fnri.dost.gov.ph/fct/library/report/3537"",""source_record_id"":""D258"",""source_name"":""DOST-FNRI PhilFCT""},""cholesterol_mg_100g"":{""value_per_100g"":0.0,""value_for_portion"":0.0,""label"":""Verified"",""source_url"":""https://i.fnri.dost.gov.ph/fct/library/report/3537"",""source_record_id"":""D258"",""source_name"":""DOST-FNRI PhilFCT""}}"
PH_DISH_016,EST_PH_DISH_016_V1,FC000333,"Onion, Bombay bulb, boiled",70,ASSUMED_REFERENCE_MIXTURE,47.0,1.2,9.7,0.4,1.3,4.6,3.0,0.0,"{""kcal_100g"":{""value_per_100g"":47.0,""value_for_portion"":47.0,""label"":""Verified"",""source_url"":""https://i.fnri.dost.gov.ph/fct/library/report/3421"",""source_record_id"":""D142"",""source_name"":""DOST-FNRI PhilFCT""},""protein_g_100g"":{""value_per_100g"":1.2,""value_for_portion"":1.2,""label"":""Verified"",""source_url"":""https://i.fnri.dost.gov.ph/fct/library/report/3421"",""source_record_id"":""D142"",""source_name"":""DOST-FNRI PhilFCT""},""carbs_g_100g"":{""value_per_100g"":9.7,""value_for_portion"":9.7,""label"":""Verified"",""source_url"":""https://i.fnri.dost.gov.ph/fct/library/report/3421"",""source_record_id"":""D142"",""source_name"":""DOST-FNRI PhilFCT""},""fat_g_100g"":{""value_per_100g"":0.4,""value_for_portion"":0.4,""label"":""Verified"",""source_url"":""https://i.fnri.dost.gov.ph/fct/library/report/3421"",""source_record_id"":""D142"",""source_name"":""DOST-FNRI PhilFCT""},""fiber_g_100g"":{""value_per_100g"":1.3,""value_for_portion"":1.3,""label"":""Verified"",""source_url"":""https://i.fnri.dost.gov.ph/fct/library/report/3421"",""source_record_id"":""D142"",""source_name"":""DOST-FNRI PhilFCT""},""sugar_g_100g"":{""value_per_100g"":4.6,""value_for_portion"":4.6,""label"":""Verified"",""source_url"":""https://i.fnri.dost.gov.ph/fct/library/report/3421"",""source_record_id"":""D142"",""source_name"":""DOST-FNRI PhilFCT""},""sodium_mg_100g"":{""value_per_100g"":3.0,""value_for_portion"":3.0,""label"":""Verified"",""source_url"":""https://i.fnri.dost.gov.ph/fct/library/report/3421"",""source_record_id"":""D142"",""source_name"":""DOST-FNRI PhilFCT""},""cholesterol_mg_100g"":{""value_per_100g"":0.0,""value_for_portion"":0.0,""label"":""Verified"",""source_url"":""https://i.fnri.dost.gov.ph/fct/library/report/3421"",""source_record_id"":""D142"",""source_name"":""DOST-FNRI PhilFCT""}}"
PH_DISH_016,EST_PH_DISH_016_V1,FC000070,Garlic bulb,15,ASSUMED_REFERENCE_MIXTURE,129.0,7.0,24.6,0.3,1.7,0.8,10.0,0.0,"{""kcal_100g"":{""value_per_100g"":129.0,""value_for_portion"":129.0,""label"":""Verified"",""source_url"":""https://i.fnri.dost.gov.ph/fct/library/report/3363"",""source_record_id"":""D084"",""source_name"":""DOST-FNRI PhilFCT""},""protein_g_100g"":{""value_per_100g"":7.0,""value_for_portion"":7.0,""label"":""Verified"",""source_url"":""https://i.fnri.dost.gov.ph/fct/library/report/3363"",""source_record_id"":""D084"",""source_name"":""DOST-FNRI PhilFCT""},""carbs_g_100g"":{""value_per_100g"":24.6,""value_for_portion"":24.6,""label"":""Verified"",""source_url"":""https://i.fnri.dost.gov.ph/fct/library/report/3363"",""source_record_id"":""D084"",""source_name"":""DOST-FNRI PhilFCT""},""fat_g_100g"":{""value_per_100g"":0.3,""value_for_portion"":0.3,""label"":""Verified"",""source_url"":""https://i.fnri.dost.gov.ph/fct/library/report/3363"",""source_record_id"":""D084"",""source_name"":""DOST-FNRI PhilFCT""},""fiber_g_100g"":{""value_per_100g"":1.7,""value_for_portion"":1.7,""label"":""Verified"",""source_url"":""https://i.fnri.dost.gov.ph/fct/library/report/3363"",""source_record_id"":""D084"",""source_name"":""DOST-FNRI PhilFCT""},""sugar_g_100g"":{""value_per_100g"":0.8,""value_for_portion"":0.8,""label"":""Verified"",""source_url"":""https://i.fnri.dost.gov.ph/fct/library/report/3363"",""source_record_id"":""D084"",""source_name"":""DOST-FNRI PhilFCT""},""sodium_mg_100g"":{""value_per_100g"":10.0,""value_for_portion"":10.0,""label"":""Verified"",""source_url"":""https://i.fnri.dost.gov.ph/fct/library/report/3363"",""source_record_id"":""D084"",""source_name"":""DOST-FNRI PhilFCT""},""cholesterol_mg_100g"":{""value_per_100g"":0.0,""value_for_portion"":0.0,""label"":""Verified"",""source_url"":""https://i.fnri.dost.gov.ph/fct/library/report/3363"",""source_record_id"":""D084"",""source_name"":""DOST-FNRI PhilFCT""}}"
PH_DISH_016,EST_PH_DISH_016_V1,FC000100,Fish sauce,20,ASSUMED_REFERENCE_MIXTURE,49.0,10.6,0.9,0.3,0.0,,5061.0,0.0,"{""kcal_100g"":{""value_per_100g"":49.0,""value_for_portion"":49.0,""label"":""Verified"",""source_url"":""https://i.fnri.dost.gov.ph/fct/library/report/4334"",""source_record_id"":""N011"",""source_name"":""DOST-FNRI PhilFCT""},""protein_g_100g"":{""value_per_100g"":10.6,""value_for_portion"":10.6,""label"":""Verified"",""source_url"":""https://i.fnri.dost.gov.ph/fct/library/report/4334"",""source_record_id"":""N011"",""source_name"":""DOST-FNRI PhilFCT""},""carbs_g_100g"":{""value_per_100g"":0.9,""value_for_portion"":0.9,""label"":""Verified"",""source_url"":""https://i.fnri.dost.gov.ph/fct/library/report/4334"",""source_record_id"":""N011"",""source_name"":""DOST-FNRI PhilFCT""},""fat_g_100g"":{""value_per_100g"":0.3,""value_for_portion"":0.3,""label"":""Verified"",""source_url"":""https://i.fnri.dost.gov.ph/fct/library/report/4334"",""source_record_id"":""N011"",""source_name"":""DOST-FNRI PhilFCT""},""fiber_g_100g"":{""value_per_100g"":0.0,""value_for_portion"":0.0,""label"":""Verified"",""source_url"":""https://i.fnri.dost.gov.ph/fct/library/report/4334"",""source_record_id"":""N011"",""source_name"":""DOST-FNRI PhilFCT""},""sugar_g_100g"":{""value_per_100g"":null,""value_for_portion"":null,""label"":""Unknown"",""source_url"":null,""source_record_id"":null,""source_name"":null},""sodium_mg_100g"":{""value_per_100g"":5061.0,""value_for_portion"":5061.0,""label"":""Verified"",""source_url"":""https://i.fnri.dost.gov.ph/fct/library/report/4334"",""source_record_id"":""N011"",""source_name"":""DOST-FNRI PhilFCT""},""cholesterol_mg_100g"":{""value_per_100g"":0.0,""value_for_portion"":0.0,""label"":""Verified"",""source_url"":""https://i.fnri.dost.gov.ph/fct/library/report/4334"",""source_record_id"":""N011"",""source_name"":""DOST-FNRI PhilFCT""}}"
PH_DISH_016,EST_PH_DISH_016_V1,FC000098,Coconut oil,10,ASSUMED_REFERENCE_MIXTURE,892.0,0.0,0.0,99.1,0.0,0.0,0.0,0.0,"{""kcal_100g"":{""value_per_100g"":892.0,""value_for_portion"":892.0,""label"":""Verified"",""source_url"":""https://i.fnri.dost.gov.ph/fct/library/report/4268"",""source_record_id"":""K008"",""source_name"":""DOST-FNRI PhilFCT""},""protein_g_100g"":{""value_per_100g"":0.0,""value_for_portion"":0.0,""label"":""Verified"",""source_url"":""https://i.fnri.dost.gov.ph/fct/library/report/4268"",""source_record_id"":""K008"",""source_name"":""DOST-FNRI PhilFCT""},""carbs_g_100g"":{""value_per_100g"":0.0,""value_for_portion"":0.0,""label"":""Verified"",""source_url"":""https://i.fnri.dost.gov.ph/fct/library/report/4268"",""source_record_id"":""K008"",""source_name"":""DOST-FNRI PhilFCT""},""fat_g_100g"":{""value_per_100g"":99.1,""value_for_portion"":99.1,""label"":""Verified"",""source_url"":""https://i.fnri.dost.gov.ph/fct/library/report/4268"",""source_record_id"":""K008"",""source_name"":""DOST-FNRI PhilFCT""},""fiber_g_100g"":{""value_per_100g"":0.0,""value_for_portion"":0.0,""label"":""Verified"",""source_url"":""https://i.fnri.dost.gov.ph/fct/library/report/4268"",""source_record_id"":""K008"",""source_name"":""DOST-FNRI PhilFCT""},""sugar_g_100g"":{""value_per_100g"":0.0,""value_for_portion"":0.0,""label"":""Verified"",""source_url"":""https://i.fnri.dost.gov.ph/fct/library/report/4268"",""source_record_id"":""K008"",""source_name"":""DOST-FNRI PhilFCT""},""sodium_mg_100g"":{""value_per_100g"":0.0,""value_for_portion"":0.0,""label"":""Verified"",""source_url"":""https://i.fnri.dost.gov.ph/fct/library/report/4268"",""source_record_id"":""K008"",""source_name"":""DOST-FNRI PhilFCT""},""cholesterol_mg_100g"":{""value_per_100g"":0.0,""value_for_portion"":0.0,""label"":""Verified"",""source_url"":""https://i.fnri.dost.gov.ph/fct/library/report/4268"",""source_record_id"":""K008"",""source_name"":""DOST-FNRI PhilFCT""}}"
PH_DISH_016,EST_PH_DISH_016_V1,FC001237,"Beverages, water, tap, drinking",300,ASSUMED_REFERENCE_MIXTURE,0.0,0.0,0.0,0.0,0.0,0.0,4.0,0.0,"{""kcal_100g"":{""value_per_100g"":0.0,""value_for_portion"":0.0,""label"":""Other source"",""source_url"":""https://fdc.nal.usda.gov/food-details/173647/nutrients"",""source_record_id"":""USDA_FC001237_173647"",""source_name"":""USDA FoodData Central SR Legacy""},""protein_g_100g"":{""value_per_100g"":0.0,""value_for_portion"":0.0,""label"":""Other source"",""source_url"":""https://fdc.nal.usda.gov/food-details/173647/nutrients"",""source_record_id"":""USDA_FC001237_173647"",""source_name"":""USDA FoodData Central SR Legacy""},""carbs_g_100g"":{""value_per_100g"":0.0,""value_for_portion"":0.0,""label"":""Other source"",""source_url"":""https://fdc.nal.usda.gov/food-details/173647/nutrients"",""source_record_id"":""USDA_FC001237_173647"",""source_name"":""USDA FoodData Central SR Legacy""},""fat_g_100g"":{""value_per_100g"":0.0,""value_for_portion"":0.0,""label"":""Other source"",""source_url"":""https://fdc.nal.usda.gov/food-details/173647/nutrients"",""source_record_id"":""USDA_FC001237_173647"",""source_name"":""USDA FoodData Central SR Legacy""},""fiber_g_100g"":{""value_per_100g"":0.0,""value_for_portion"":0.0,""label"":""Other source"",""source_url"":""https://fdc.nal.usda.gov/food-details/173647/nutrients"",""source_record_id"":""USDA_FC001237_173647"",""source_name"":""USDA FoodData Central SR Legacy""},""sugar_g_100g"":{""value_per_100g"":0.0,""value_for_portion"":0.0,""label"":""Other source"",""source_url"":""https://fdc.nal.usda.gov/food-details/173647/nutrients"",""source_record_id"":""USDA_FC001237_173647"",""source_name"":""USDA FoodData Central SR Legacy""},""sodium_mg_100g"":{""value_per_100g"":4.0,""value_for_portion"":4.0,""label"":""Other source"",""source_url"":""https://fdc.nal.usda.gov/food-details/173647/nutrients"",""source_record_id"":""USDA_FC001237_173647"",""source_name"":""USDA FoodData Central SR Legacy""},""cholesterol_mg_100g"":{""value_per_100g"":0.0,""value_for_portion"":0.0,""label"":""Other source"",""source_url"":""https://fdc.nal.usda.gov/food-details/173647/nutrients"",""source_record_id"":""USDA_FC001237_173647"",""source_name"":""USDA FoodData Central SR Legacy""}}"
PH_DISH_017,EST_PH_DISH_017_V1,FC000021,"Mung bean seed, green, dried, boiled",500,ASSUMED_REFERENCE_MIXTURE,155.0,11.0,27.1,0.3,11.1,2.9,3.0,0.0,"{""kcal_100g"":{""value_per_100g"":155.0,""value_for_portion"":155.0,""label"":""Verified"",""source_url"":""https://i.fnri.dost.gov.ph/fct/library/report/3238"",""source_record_id"":""C028"",""source_name"":""DOST-FNRI PhilFCT""},""protein_g_100g"":{""value_per_100g"":11.0,""value_for_portion"":11.0,""label"":""Verified"",""source_url"":""https://i.fnri.dost.gov.ph/fct/library/report/3238"",""source_record_id"":""C028"",""source_name"":""DOST-FNRI PhilFCT""},""carbs_g_100g"":{""value_per_100g"":27.1,""value_for_portion"":27.1,""label"":""Verified"",""source_url"":""https://i.fnri.dost.gov.ph/fct/library/report/3238"",""source_record_id"":""C028"",""source_name"":""DOST-FNRI PhilFCT""},""fat_g_100g"":{""value_per_100g"":0.3,""value_for_portion"":0.3,""label"":""Verified"",""source_url"":""https://i.fnri.dost.gov.ph/fct/library/report/3238"",""source_record_id"":""C028"",""source_name"":""DOST-FNRI PhilFCT""},""fiber_g_100g"":{""value_per_100g"":11.1,""value_for_portion"":11.1,""label"":""Verified"",""source_url"":""https://i.fnri.dost.gov.ph/fct/library/report/3238"",""source_record_id"":""C028"",""source_name"":""DOST-FNRI PhilFCT""},""sugar_g_100g"":{""value_per_100g"":2.9,""value_for_portion"":2.9,""label"":""Verified"",""source_url"":""https://i.fnri.dost.gov.ph/fct/library/report/3238"",""source_record_id"":""C028"",""source_name"":""DOST-FNRI PhilFCT""},""sodium_mg_100g"":{""value_per_100g"":3.0,""value_for_portion"":3.0,""label"":""Verified"",""source_url"":""https://i.fnri.dost.gov.ph/fct/library/report/3238"",""source_record_id"":""C028"",""source_name"":""DOST-FNRI PhilFCT""},""cholesterol_mg_100g"":{""value_per_100g"":0.0,""value_for_portion"":0.0,""label"":""Verified"",""source_url"":""https://i.fnri.dost.gov.ph/fct/library/report/3238"",""source_record_id"":""C028"",""source_name"":""DOST-FNRI PhilFCT""}}"
PH_DISH_017,EST_PH_DISH_017_V1,FC000454,"Shrimp, banana prawn, boiled",150,ASSUMED_REFERENCE_MIXTURE,104.0,11.2,14.0,0.4,0.0,0.0,113.0,,"{""kcal_100g"":{""value_per_100g"":104.0,""value_for_portion"":104.0,""label"":""Verified"",""source_url"":""https://i.fnri.dost.gov.ph/fct/library/report/4094"",""source_record_id"":""G114"",""source_name"":""DOST-FNRI PhilFCT""},""protein_g_100g"":{""value_per_100g"":11.2,""value_for_portion"":11.2,""label"":""Verified"",""source_url"":""https://i.fnri.dost.gov.ph/fct/library/report/4094"",""source_record_id"":""G114"",""source_name"":""DOST-FNRI PhilFCT""},""carbs_g_100g"":{""value_per_100g"":14.0,""value_for_portion"":14.0,""label"":""Verified"",""source_url"":""https://i.fnri.dost.gov.ph/fct/library/report/4094"",""source_record_id"":""G114"",""source_name"":""DOST-FNRI PhilFCT""},""fat_g_100g"":{""value_per_100g"":0.4,""value_for_portion"":0.4,""label"":""Verified"",""source_url"":""https://i.fnri.dost.gov.ph/fct/library/report/4094"",""source_record_id"":""G114"",""source_name"":""DOST-FNRI PhilFCT""},""fiber_g_100g"":{""value_per_100g"":0.0,""value_for_portion"":0.0,""label"":""Verified"",""source_url"":""https://i.fnri.dost.gov.ph/fct/library/report/4094"",""source_record_id"":""G114"",""source_name"":""DOST-FNRI PhilFCT""},""sugar_g_100g"":{""value_per_100g"":0.0,""value_for_portion"":0.0,""label"":""Verified"",""source_url"":""https://i.fnri.dost.gov.ph/fct/library/report/4094"",""source_record_id"":""G114"",""source_name"":""DOST-FNRI PhilFCT""},""sodium_mg_100g"":{""value_per_100g"":113.0,""value_for_portion"":113.0,""label"":""Verified"",""source_url"":""https://i.fnri.dost.gov.ph/fct/library/report/4094"",""source_record_id"":""G114"",""source_name"":""DOST-FNRI PhilFCT""},""cholesterol_mg_100g"":{""value_per_100g"":null,""value_for_portion"":null,""label"":""Unknown"",""source_url"":null,""source_record_id"":null,""source_name"":null}}"
PH_DISH_017,EST_PH_DISH_017_V1,FC000257,"Horseradish tree lvs, boiled",100,ASSUMED_REFERENCE_MIXTURE,63.0,3.1,10.6,0.9,1.7,0.8,8.0,0.0,"{""kcal_100g"":{""value_per_100g"":63.0,""value_for_portion"":63.0,""label"":""Verified"",""source_url"":""https://i.fnri.dost.gov.ph/fct/library/report/3374"",""source_record_id"":""D095"",""source_name"":""DOST-FNRI PhilFCT""},""protein_g_100g"":{""value_per_100g"":3.1,""value_for_portion"":3.1,""label"":""Verified"",""source_url"":""https://i.fnri.dost.gov.ph/fct/library/report/3374"",""source_record_id"":""D095"",""source_name"":""DOST-FNRI PhilFCT""},""carbs_g_100g"":{""value_per_100g"":10.6,""value_for_portion"":10.6,""label"":""Verified"",""source_url"":""https://i.fnri.dost.gov.ph/fct/library/report/3374"",""source_record_id"":""D095"",""source_name"":""DOST-FNRI PhilFCT""},""fat_g_100g"":{""value_per_100g"":0.9,""value_for_portion"":0.9,""label"":""Verified"",""source_url"":""https://i.fnri.dost.gov.ph/fct/library/report/3374"",""source_record_id"":""D095"",""source_name"":""DOST-FNRI PhilFCT""},""fiber_g_100g"":{""value_per_100g"":1.7,""value_for_portion"":1.7,""label"":""Verified"",""source_url"":""https://i.fnri.dost.gov.ph/fct/library/report/3374"",""source_record_id"":""D095"",""source_name"":""DOST-FNRI PhilFCT""},""sugar_g_100g"":{""value_per_100g"":0.8,""value_for_portion"":0.8,""label"":""Verified"",""source_url"":""https://i.fnri.dost.gov.ph/fct/library/report/3374"",""source_record_id"":""D095"",""source_name"":""DOST-FNRI PhilFCT""},""sodium_mg_100g"":{""value_per_100g"":8.0,""value_for_portion"":8.0,""label"":""Verified"",""source_url"":""https://i.fnri.dost.gov.ph/fct/library/report/3374"",""source_record_id"":""D095"",""source_name"":""DOST-FNRI PhilFCT""},""cholesterol_mg_100g"":{""value_per_100g"":0.0,""value_for_portion"":0.0,""label"":""Verified"",""source_url"":""https://i.fnri.dost.gov.ph/fct/library/report/3374"",""source_record_id"":""D095"",""source_name"":""DOST-FNRI PhilFCT""}}"
PH_DISH_017,EST_PH_DISH_017_V1,FC000280,"Tomato, boiled",150,ASSUMED_REFERENCE_MIXTURE,25.0,0.4,5.6,0.1,0.3,3.6,11.0,0.0,"{""kcal_100g"":{""value_per_100g"":25.0,""value_for_portion"":25.0,""label"":""Verified"",""source_url"":""https://i.fnri.dost.gov.ph/fct/library/report/3537"",""source_record_id"":""D258"",""source_name"":""DOST-FNRI PhilFCT""},""protein_g_100g"":{""value_per_100g"":0.4,""value_for_portion"":0.4,""label"":""Verified"",""source_url"":""https://i.fnri.dost.gov.ph/fct/library/report/3537"",""source_record_id"":""D258"",""source_name"":""DOST-FNRI PhilFCT""},""carbs_g_100g"":{""value_per_100g"":5.6,""value_for_portion"":5.6,""label"":""Verified"",""source_url"":""https://i.fnri.dost.gov.ph/fct/library/report/3537"",""source_record_id"":""D258"",""source_name"":""DOST-FNRI PhilFCT""},""fat_g_100g"":{""value_per_100g"":0.1,""value_for_portion"":0.1,""label"":""Verified"",""source_url"":""https://i.fnri.dost.gov.ph/fct/library/report/3537"",""source_record_id"":""D258"",""source_name"":""DOST-FNRI PhilFCT""},""fiber_g_100g"":{""value_per_100g"":0.3,""value_for_portion"":0.3,""label"":""Verified"",""source_url"":""https://i.fnri.dost.gov.ph/fct/library/report/3537"",""source_record_id"":""D258"",""source_name"":""DOST-FNRI PhilFCT""},""sugar_g_100g"":{""value_per_100g"":3.6,""value_for_portion"":3.6,""label"":""Verified"",""source_url"":""https://i.fnri.dost.gov.ph/fct/library/report/3537"",""source_record_id"":""D258"",""source_name"":""DOST-FNRI PhilFCT""},""sodium_mg_100g"":{""value_per_100g"":11.0,""value_for_portion"":11.0,""label"":""Verified"",""source_url"":""https://i.fnri.dost.gov.ph/fct/library/report/3537"",""source_record_id"":""D258"",""source_name"":""DOST-FNRI PhilFCT""},""cholesterol_mg_100g"":{""value_per_100g"":0.0,""value_for_portion"":0.0,""label"":""Verified"",""source_url"":""https://i.fnri.dost.gov.ph/fct/library/report/3537"",""source_record_id"":""D258"",""source_name"":""DOST-FNRI PhilFCT""}}"
PH_DISH_017,EST_PH_DISH_017_V1,FC000333,"Onion, Bombay bulb, boiled",70,ASSUMED_REFERENCE_MIXTURE,47.0,1.2,9.7,0.4,1.3,4.6,3.0,0.0,"{""kcal_100g"":{""value_per_100g"":47.0,""value_for_portion"":47.0,""label"":""Verified"",""source_url"":""https://i.fnri.dost.gov.ph/fct/library/report/3421"",""source_record_id"":""D142"",""source_name"":""DOST-FNRI PhilFCT""},""protein_g_100g"":{""value_per_100g"":1.2,""value_for_portion"":1.2,""label"":""Verified"",""source_url"":""https://i.fnri.dost.gov.ph/fct/library/report/3421"",""source_record_id"":""D142"",""source_name"":""DOST-FNRI PhilFCT""},""carbs_g_100g"":{""value_per_100g"":9.7,""value_for_portion"":9.7,""label"":""Verified"",""source_url"":""https://i.fnri.dost.gov.ph/fct/library/report/3421"",""source_record_id"":""D142"",""source_name"":""DOST-FNRI PhilFCT""},""fat_g_100g"":{""value_per_100g"":0.4,""value_for_portion"":0.4,""label"":""Verified"",""source_url"":""https://i.fnri.dost.gov.ph/fct/library/report/3421"",""source_record_id"":""D142"",""source_name"":""DOST-FNRI PhilFCT""},""fiber_g_100g"":{""value_per_100g"":1.3,""value_for_portion"":1.3,""label"":""Verified"",""source_url"":""https://i.fnri.dost.gov.ph/fct/library/report/3421"",""source_record_id"":""D142"",""source_name"":""DOST-FNRI PhilFCT""},""sugar_g_100g"":{""value_per_100g"":4.6,""value_for_portion"":4.6,""label"":""Verified"",""source_url"":""https://i.fnri.dost.gov.ph/fct/library/report/3421"",""source_record_id"":""D142"",""source_name"":""DOST-FNRI PhilFCT""},""sodium_mg_100g"":{""value_per_100g"":3.0,""value_for_portion"":3.0,""label"":""Verified"",""source_url"":""https://i.fnri.dost.gov.ph/fct/library/report/3421"",""source_record_id"":""D142"",""source_name"":""DOST-FNRI PhilFCT""},""cholesterol_mg_100g"":{""value_per_100g"":0.0,""value_for_portion"":0.0,""label"":""Verified"",""source_url"":""https://i.fnri.dost.gov.ph/fct/library/report/3421"",""source_record_id"":""D142"",""source_name"":""DOST-FNRI PhilFCT""}}"
PH_DISH_017,EST_PH_DISH_017_V1,FC000070,Garlic bulb,15,ASSUMED_REFERENCE_MIXTURE,129.0,7.0,24.6,0.3,1.7,0.8,10.0,0.0,"{""kcal_100g"":{""value_per_100g"":129.0,""value_for_portion"":129.0,""label"":""Verified"",""source_url"":""https://i.fnri.dost.gov.ph/fct/library/report/3363"",""source_record_id"":""D084"",""source_name"":""DOST-FNRI PhilFCT""},""protein_g_100g"":{""value_per_100g"":7.0,""value_for_portion"":7.0,""label"":""Verified"",""source_url"":""https://i.fnri.dost.gov.ph/fct/library/report/3363"",""source_record_id"":""D084"",""source_name"":""DOST-FNRI PhilFCT""},""carbs_g_100g"":{""value_per_100g"":24.6,""value_for_portion"":24.6,""label"":""Verified"",""source_url"":""https://i.fnri.dost.gov.ph/fct/library/report/3363"",""source_record_id"":""D084"",""source_name"":""DOST-FNRI PhilFCT""},""fat_g_100g"":{""value_per_100g"":0.3,""value_for_portion"":0.3,""label"":""Verified"",""source_url"":""https://i.fnri.dost.gov.ph/fct/library/report/3363"",""source_record_id"":""D084"",""source_name"":""DOST-FNRI PhilFCT""},""fiber_g_100g"":{""value_per_100g"":1.7,""value_for_portion"":1.7,""label"":""Verified"",""source_url"":""https://i.fnri.dost.gov.ph/fct/library/report/3363"",""source_record_id"":""D084"",""source_name"":""DOST-FNRI PhilFCT""},""sugar_g_100g"":{""value_per_100g"":0.8,""value_for_portion"":0.8,""label"":""Verified"",""source_url"":""https://i.fnri.dost.gov.ph/fct/library/report/3363"",""source_record_id"":""D084"",""source_name"":""DOST-FNRI PhilFCT""},""sodium_mg_100g"":{""value_per_100g"":10.0,""value_for_portion"":10.0,""label"":""Verified"",""source_url"":""https://i.fnri.dost.gov.ph/fct/library/report/3363"",""source_record_id"":""D084"",""source_name"":""DOST-FNRI PhilFCT""},""cholesterol_mg_100g"":{""value_per_100g"":0.0,""value_for_portion"":0.0,""label"":""Verified"",""source_url"":""https://i.fnri.dost.gov.ph/fct/library/report/3363"",""source_record_id"":""D084"",""source_name"":""DOST-FNRI PhilFCT""}}"
PH_DISH_017,EST_PH_DISH_017_V1,FC000100,Fish sauce,20,ASSUMED_REFERENCE_MIXTURE,49.0,10.6,0.9,0.3,0.0,,5061.0,0.0,"{""kcal_100g"":{""value_per_100g"":49.0,""value_for_portion"":49.0,""label"":""Verified"",""source_url"":""https://i.fnri.dost.gov.ph/fct/library/report/4334"",""source_record_id"":""N011"",""source_name"":""DOST-FNRI PhilFCT""},""protein_g_100g"":{""value_per_100g"":10.6,""value_for_portion"":10.6,""label"":""Verified"",""source_url"":""https://i.fnri.dost.gov.ph/fct/library/report/4334"",""source_record_id"":""N011"",""source_name"":""DOST-FNRI PhilFCT""},""carbs_g_100g"":{""value_per_100g"":0.9,""value_for_portion"":0.9,""label"":""Verified"",""source_url"":""https://i.fnri.dost.gov.ph/fct/library/report/4334"",""source_record_id"":""N011"",""source_name"":""DOST-FNRI PhilFCT""},""fat_g_100g"":{""value_per_100g"":0.3,""value_for_portion"":0.3,""label"":""Verified"",""source_url"":""https://i.fnri.dost.gov.ph/fct/library/report/4334"",""source_record_id"":""N011"",""source_name"":""DOST-FNRI PhilFCT""},""fiber_g_100g"":{""value_per_100g"":0.0,""value_for_portion"":0.0,""label"":""Verified"",""source_url"":""https://i.fnri.dost.gov.ph/fct/library/report/4334"",""source_record_id"":""N011"",""source_name"":""DOST-FNRI PhilFCT""},""sugar_g_100g"":{""value_per_100g"":null,""value_for_portion"":null,""label"":""Unknown"",""source_url"":null,""source_record_id"":null,""source_name"":null},""sodium_mg_100g"":{""value_per_100g"":5061.0,""value_for_portion"":5061.0,""label"":""Verified"",""source_url"":""https://i.fnri.dost.gov.ph/fct/library/report/4334"",""source_record_id"":""N011"",""source_name"":""DOST-FNRI PhilFCT""},""cholesterol_mg_100g"":{""value_per_100g"":0.0,""value_for_portion"":0.0,""label"":""Verified"",""source_url"":""https://i.fnri.dost.gov.ph/fct/library/report/4334"",""source_record_id"":""N011"",""source_name"":""DOST-FNRI PhilFCT""}}"
PH_DISH_017,EST_PH_DISH_017_V1,FC000098,Coconut oil,15,ASSUMED_REFERENCE_MIXTURE,892.0,0.0,0.0,99.1,0.0,0.0,0.0,0.0,"{""kcal_100g"":{""value_per_100g"":892.0,""value_for_portion"":892.0,""label"":""Verified"",""source_url"":""https://i.fnri.dost.gov.ph/fct/library/report/4268"",""source_record_id"":""K008"",""source_name"":""DOST-FNRI PhilFCT""},""protein_g_100g"":{""value_per_100g"":0.0,""value_for_portion"":0.0,""label"":""Verified"",""source_url"":""https://i.fnri.dost.gov.ph/fct/library/report/4268"",""source_record_id"":""K008"",""source_name"":""DOST-FNRI PhilFCT""},""carbs_g_100g"":{""value_per_100g"":0.0,""value_for_portion"":0.0,""label"":""Verified"",""source_url"":""https://i.fnri.dost.gov.ph/fct/library/report/4268"",""source_record_id"":""K008"",""source_name"":""DOST-FNRI PhilFCT""},""fat_g_100g"":{""value_per_100g"":99.1,""value_for_portion"":99.1,""label"":""Verified"",""source_url"":""https://i.fnri.dost.gov.ph/fct/library/report/4268"",""source_record_id"":""K008"",""source_name"":""DOST-FNRI PhilFCT""},""fiber_g_100g"":{""value_per_100g"":0.0,""value_for_portion"":0.0,""label"":""Verified"",""source_url"":""https://i.fnri.dost.gov.ph/fct/library/report/4268"",""source_record_id"":""K008"",""source_name"":""DOST-FNRI PhilFCT""},""sugar_g_100g"":{""value_per_100g"":0.0,""value_for_portion"":0.0,""label"":""Verified"",""source_url"":""https://i.fnri.dost.gov.ph/fct/library/report/4268"",""source_record_id"":""K008"",""source_name"":""DOST-FNRI PhilFCT""},""sodium_mg_100g"":{""value_per_100g"":0.0,""value_for_portion"":0.0,""label"":""Verified"",""source_url"":""https://i.fnri.dost.gov.ph/fct/library/report/4268"",""source_record_id"":""K008"",""source_name"":""DOST-FNRI PhilFCT""},""cholesterol_mg_100g"":{""value_per_100g"":0.0,""value_for_portion"":0.0,""label"":""Verified"",""source_url"":""https://i.fnri.dost.gov.ph/fct/library/report/4268"",""source_record_id"":""K008"",""source_name"":""DOST-FNRI PhilFCT""}}"
PH_DISH_017,EST_PH_DISH_017_V1,FC001237,"Beverages, water, tap, drinking",300,ASSUMED_REFERENCE_MIXTURE,0.0,0.0,0.0,0.0,0.0,0.0,4.0,0.0,"{""kcal_100g"":{""value_per_100g"":0.0,""value_for_portion"":0.0,""label"":""Other source"",""source_url"":""https://fdc.nal.usda.gov/food-details/173647/nutrients"",""source_record_id"":""USDA_FC001237_173647"",""source_name"":""USDA FoodData Central SR Legacy""},""protein_g_100g"":{""value_per_100g"":0.0,""value_for_portion"":0.0,""label"":""Other source"",""source_url"":""https://fdc.nal.usda.gov/food-details/173647/nutrients"",""source_record_id"":""USDA_FC001237_173647"",""source_name"":""USDA FoodData Central SR Legacy""},""carbs_g_100g"":{""value_per_100g"":0.0,""value_for_portion"":0.0,""label"":""Other source"",""source_url"":""https://fdc.nal.usda.gov/food-details/173647/nutrients"",""source_record_id"":""USDA_FC001237_173647"",""source_name"":""USDA FoodData Central SR Legacy""},""fat_g_100g"":{""value_per_100g"":0.0,""value_for_portion"":0.0,""label"":""Other source"",""source_url"":""https://fdc.nal.usda.gov/food-details/173647/nutrients"",""source_record_id"":""USDA_FC001237_173647"",""source_name"":""USDA FoodData Central SR Legacy""},""fiber_g_100g"":{""value_per_100g"":0.0,""value_for_portion"":0.0,""label"":""Other source"",""source_url"":""https://fdc.nal.usda.gov/food-details/173647/nutrients"",""source_record_id"":""USDA_FC001237_173647"",""source_name"":""USDA FoodData Central SR Legacy""},""sugar_g_100g"":{""value_per_100g"":0.0,""value_for_portion"":0.0,""label"":""Other source"",""source_url"":""https://fdc.nal.usda.gov/food-details/173647/nutrients"",""source_record_id"":""USDA_FC001237_173647"",""source_name"":""USDA FoodData Central SR Legacy""},""sodium_mg_100g"":{""value_per_100g"":4.0,""value_for_portion"":4.0,""label"":""Other source"",""source_url"":""https://fdc.nal.usda.gov/food-details/173647/nutrients"",""source_record_id"":""USDA_FC001237_173647"",""source_name"":""USDA FoodData Central SR Legacy""},""cholesterol_mg_100g"":{""value_per_100g"":0.0,""value_for_portion"":0.0,""label"":""Other source"",""source_url"":""https://fdc.nal.usda.gov/food-details/173647/nutrients"",""source_record_id"":""USDA_FC001237_173647"",""source_name"":""USDA FoodData Central SR Legacy""}}"
PH_DISH_018,EST_PH_DISH_018_V1,FC000021,"Mung bean seed, green, dried, boiled",500,ASSUMED_REFERENCE_MIXTURE,155.0,11.0,27.1,0.3,11.1,2.9,3.0,0.0,"{""kcal_100g"":{""value_per_100g"":155.0,""value_for_portion"":155.0,""label"":""Verified"",""source_url"":""https://i.fnri.dost.gov.ph/fct/library/report/3238"",""source_record_id"":""C028"",""source_name"":""DOST-FNRI PhilFCT""},""protein_g_100g"":{""value_per_100g"":11.0,""value_for_portion"":11.0,""label"":""Verified"",""source_url"":""https://i.fnri.dost.gov.ph/fct/library/report/3238"",""source_record_id"":""C028"",""source_name"":""DOST-FNRI PhilFCT""},""carbs_g_100g"":{""value_per_100g"":27.1,""value_for_portion"":27.1,""label"":""Verified"",""source_url"":""https://i.fnri.dost.gov.ph/fct/library/report/3238"",""source_record_id"":""C028"",""source_name"":""DOST-FNRI PhilFCT""},""fat_g_100g"":{""value_per_100g"":0.3,""value_for_portion"":0.3,""label"":""Verified"",""source_url"":""https://i.fnri.dost.gov.ph/fct/library/report/3238"",""source_record_id"":""C028"",""source_name"":""DOST-FNRI PhilFCT""},""fiber_g_100g"":{""value_per_100g"":11.1,""value_for_portion"":11.1,""label"":""Verified"",""source_url"":""https://i.fnri.dost.gov.ph/fct/library/report/3238"",""source_record_id"":""C028"",""source_name"":""DOST-FNRI PhilFCT""},""sugar_g_100g"":{""value_per_100g"":2.9,""value_for_portion"":2.9,""label"":""Verified"",""source_url"":""https://i.fnri.dost.gov.ph/fct/library/report/3238"",""source_record_id"":""C028"",""source_name"":""DOST-FNRI PhilFCT""},""sodium_mg_100g"":{""value_per_100g"":3.0,""value_for_portion"":3.0,""label"":""Verified"",""source_url"":""https://i.fnri.dost.gov.ph/fct/library/report/3238"",""source_record_id"":""C028"",""source_name"":""DOST-FNRI PhilFCT""},""cholesterol_mg_100g"":{""value_per_100g"":0.0,""value_for_portion"":0.0,""label"":""Verified"",""source_url"":""https://i.fnri.dost.gov.ph/fct/library/report/3238"",""source_record_id"":""C028"",""source_name"":""DOST-FNRI PhilFCT""}}"
PH_DISH_018,EST_PH_DISH_018_V1,FC000108,"Sardines, in tomato sce, cnd",200,ASSUMED_REFERENCE_MIXTURE,88.0,9.7,2.7,4.3,0.4,0.3,311.0,48.0,"{""kcal_100g"":{""value_per_100g"":88.0,""value_for_portion"":88.0,""label"":""Verified"",""source_url"":""https://i.fnri.dost.gov.ph/fct/library/report/4183"",""source_record_id"":""G203"",""source_name"":""DOST-FNRI PhilFCT""},""protein_g_100g"":{""value_per_100g"":9.7,""value_for_portion"":9.7,""label"":""Verified"",""source_url"":""https://i.fnri.dost.gov.ph/fct/library/report/4183"",""source_record_id"":""G203"",""source_name"":""DOST-FNRI PhilFCT""},""carbs_g_100g"":{""value_per_100g"":2.7,""value_for_portion"":2.7,""label"":""Verified"",""source_url"":""https://i.fnri.dost.gov.ph/fct/library/report/4183"",""source_record_id"":""G203"",""source_name"":""DOST-FNRI PhilFCT""},""fat_g_100g"":{""value_per_100g"":4.3,""value_for_portion"":4.3,""label"":""Verified"",""source_url"":""https://i.fnri.dost.gov.ph/fct/library/report/4183"",""source_record_id"":""G203"",""source_name"":""DOST-FNRI PhilFCT""},""fiber_g_100g"":{""value_per_100g"":0.4,""value_for_portion"":0.4,""label"":""Verified"",""source_url"":""https://i.fnri.dost.gov.ph/fct/library/report/4183"",""source_record_id"":""G203"",""source_name"":""DOST-FNRI PhilFCT""},""sugar_g_100g"":{""value_per_100g"":0.3,""value_for_portion"":0.3,""label"":""Verified"",""source_url"":""https://i.fnri.dost.gov.ph/fct/library/report/4183"",""source_record_id"":""G203"",""source_name"":""DOST-FNRI PhilFCT""},""sodium_mg_100g"":{""value_per_100g"":311.0,""value_for_portion"":311.0,""label"":""Verified"",""source_url"":""https://i.fnri.dost.gov.ph/fct/library/report/4183"",""source_record_id"":""G203"",""source_name"":""DOST-FNRI PhilFCT""},""cholesterol_mg_100g"":{""value_per_100g"":48.0,""value_for_portion"":48.0,""label"":""Verified"",""source_url"":""https://i.fnri.dost.gov.ph/fct/library/report/4183"",""source_record_id"":""G203"",""source_name"":""DOST-FNRI PhilFCT""}}"
PH_DISH_018,EST_PH_DISH_018_V1,FC000257,"Horseradish tree lvs, boiled",100,ASSUMED_REFERENCE_MIXTURE,63.0,3.1,10.6,0.9,1.7,0.8,8.0,0.0,"{""kcal_100g"":{""value_per_100g"":63.0,""value_for_portion"":63.0,""label"":""Verified"",""source_url"":""https://i.fnri.dost.gov.ph/fct/library/report/3374"",""source_record_id"":""D095"",""source_name"":""DOST-FNRI PhilFCT""},""protein_g_100g"":{""value_per_100g"":3.1,""value_for_portion"":3.1,""label"":""Verified"",""source_url"":""https://i.fnri.dost.gov.ph/fct/library/report/3374"",""source_record_id"":""D095"",""source_name"":""DOST-FNRI PhilFCT""},""carbs_g_100g"":{""value_per_100g"":10.6,""value_for_portion"":10.6,""label"":""Verified"",""source_url"":""https://i.fnri.dost.gov.ph/fct/library/report/3374"",""source_record_id"":""D095"",""source_name"":""DOST-FNRI PhilFCT""},""fat_g_100g"":{""value_per_100g"":0.9,""value_for_portion"":0.9,""label"":""Verified"",""source_url"":""https://i.fnri.dost.gov.ph/fct/library/report/3374"",""source_record_id"":""D095"",""source_name"":""DOST-FNRI PhilFCT""},""fiber_g_100g"":{""value_per_100g"":1.7,""value_for_portion"":1.7,""label"":""Verified"",""source_url"":""https://i.fnri.dost.gov.ph/fct/library/report/3374"",""source_record_id"":""D095"",""source_name"":""DOST-FNRI PhilFCT""},""sugar_g_100g"":{""value_per_100g"":0.8,""value_for_portion"":0.8,""label"":""Verified"",""source_url"":""https://i.fnri.dost.gov.ph/fct/library/report/3374"",""source_record_id"":""D095"",""source_name"":""DOST-FNRI PhilFCT""},""sodium_mg_100g"":{""value_per_100g"":8.0,""value_for_portion"":8.0,""label"":""Verified"",""source_url"":""https://i.fnri.dost.gov.ph/fct/library/report/3374"",""source_record_id"":""D095"",""source_name"":""DOST-FNRI PhilFCT""},""cholesterol_mg_100g"":{""value_per_100g"":0.0,""value_for_portion"":0.0,""label"":""Verified"",""source_url"":""https://i.fnri.dost.gov.ph/fct/library/report/3374"",""source_record_id"":""D095"",""source_name"":""DOST-FNRI PhilFCT""}}"
PH_DISH_018,EST_PH_DISH_018_V1,FC000280,"Tomato, boiled",100,ASSUMED_REFERENCE_MIXTURE,25.0,0.4,5.6,0.1,0.3,3.6,11.0,0.0,"{""kcal_100g"":{""value_per_100g"":25.0,""value_for_portion"":25.0,""label"":""Verified"",""source_url"":""https://i.fnri.dost.gov.ph/fct/library/report/3537"",""source_record_id"":""D258"",""source_name"":""DOST-FNRI PhilFCT""},""protein_g_100g"":{""value_per_100g"":0.4,""value_for_portion"":0.4,""label"":""Verified"",""source_url"":""https://i.fnri.dost.gov.ph/fct/library/report/3537"",""source_record_id"":""D258"",""source_name"":""DOST-FNRI PhilFCT""},""carbs_g_100g"":{""value_per_100g"":5.6,""value_for_portion"":5.6,""label"":""Verified"",""source_url"":""https://i.fnri.dost.gov.ph/fct/library/report/3537"",""source_record_id"":""D258"",""source_name"":""DOST-FNRI PhilFCT""},""fat_g_100g"":{""value_per_100g"":0.1,""value_for_portion"":0.1,""label"":""Verified"",""source_url"":""https://i.fnri.dost.gov.ph/fct/library/report/3537"",""source_record_id"":""D258"",""source_name"":""DOST-FNRI PhilFCT""},""fiber_g_100g"":{""value_per_100g"":0.3,""value_for_portion"":0.3,""label"":""Verified"",""source_url"":""https://i.fnri.dost.gov.ph/fct/library/report/3537"",""source_record_id"":""D258"",""source_name"":""DOST-FNRI PhilFCT""},""sugar_g_100g"":{""value_per_100g"":3.6,""value_for_portion"":3.6,""label"":""Verified"",""source_url"":""https://i.fnri.dost.gov.ph/fct/library/report/3537"",""source_record_id"":""D258"",""source_name"":""DOST-FNRI PhilFCT""},""sodium_mg_100g"":{""value_per_100g"":11.0,""value_for_portion"":11.0,""label"":""Verified"",""source_url"":""https://i.fnri.dost.gov.ph/fct/library/report/3537"",""source_record_id"":""D258"",""source_name"":""DOST-FNRI PhilFCT""},""cholesterol_mg_100g"":{""value_per_100g"":0.0,""value_for_portion"":0.0,""label"":""Verified"",""source_url"":""https://i.fnri.dost.gov.ph/fct/library/report/3537"",""source_record_id"":""D258"",""source_name"":""DOST-FNRI PhilFCT""}}"
PH_DISH_018,EST_PH_DISH_018_V1,FC000333,"Onion, Bombay bulb, boiled",70,ASSUMED_REFERENCE_MIXTURE,47.0,1.2,9.7,0.4,1.3,4.6,3.0,0.0,"{""kcal_100g"":{""value_per_100g"":47.0,""value_for_portion"":47.0,""label"":""Verified"",""source_url"":""https://i.fnri.dost.gov.ph/fct/library/report/3421"",""source_record_id"":""D142"",""source_name"":""DOST-FNRI PhilFCT""},""protein_g_100g"":{""value_per_100g"":1.2,""value_for_portion"":1.2,""label"":""Verified"",""source_url"":""https://i.fnri.dost.gov.ph/fct/library/report/3421"",""source_record_id"":""D142"",""source_name"":""DOST-FNRI PhilFCT""},""carbs_g_100g"":{""value_per_100g"":9.7,""value_for_portion"":9.7,""label"":""Verified"",""source_url"":""https://i.fnri.dost.gov.ph/fct/library/report/3421"",""source_record_id"":""D142"",""source_name"":""DOST-FNRI PhilFCT""},""fat_g_100g"":{""value_per_100g"":0.4,""value_for_portion"":0.4,""label"":""Verified"",""source_url"":""https://i.fnri.dost.gov.ph/fct/library/report/3421"",""source_record_id"":""D142"",""source_name"":""DOST-FNRI PhilFCT""},""fiber_g_100g"":{""value_per_100g"":1.3,""value_for_portion"":1.3,""label"":""Verified"",""source_url"":""https://i.fnri.dost.gov.ph/fct/library/report/3421"",""source_record_id"":""D142"",""source_name"":""DOST-FNRI PhilFCT""},""sugar_g_100g"":{""value_per_100g"":4.6,""value_for_portion"":4.6,""label"":""Verified"",""source_url"":""https://i.fnri.dost.gov.ph/fct/library/report/3421"",""source_record_id"":""D142"",""source_name"":""DOST-FNRI PhilFCT""},""sodium_mg_100g"":{""value_per_100g"":3.0,""value_for_portion"":3.0,""label"":""Verified"",""source_url"":""https://i.fnri.dost.gov.ph/fct/library/report/3421"",""source_record_id"":""D142"",""source_name"":""DOST-FNRI PhilFCT""},""cholesterol_mg_100g"":{""value_per_100g"":0.0,""value_for_portion"":0.0,""label"":""Verified"",""source_url"":""https://i.fnri.dost.gov.ph/fct/library/report/3421"",""source_record_id"":""D142"",""source_name"":""DOST-FNRI PhilFCT""}}"
PH_DISH_018,EST_PH_DISH_018_V1,FC000070,Garlic bulb,15,ASSUMED_REFERENCE_MIXTURE,129.0,7.0,24.6,0.3,1.7,0.8,10.0,0.0,"{""kcal_100g"":{""value_per_100g"":129.0,""value_for_portion"":129.0,""label"":""Verified"",""source_url"":""https://i.fnri.dost.gov.ph/fct/library/report/3363"",""source_record_id"":""D084"",""source_name"":""DOST-FNRI PhilFCT""},""protein_g_100g"":{""value_per_100g"":7.0,""value_for_portion"":7.0,""label"":""Verified"",""source_url"":""https://i.fnri.dost.gov.ph/fct/library/report/3363"",""source_record_id"":""D084"",""source_name"":""DOST-FNRI PhilFCT""},""carbs_g_100g"":{""value_per_100g"":24.6,""value_for_portion"":24.6,""label"":""Verified"",""source_url"":""https://i.fnri.dost.gov.ph/fct/library/report/3363"",""source_record_id"":""D084"",""source_name"":""DOST-FNRI PhilFCT""},""fat_g_100g"":{""value_per_100g"":0.3,""value_for_portion"":0.3,""label"":""Verified"",""source_url"":""https://i.fnri.dost.gov.ph/fct/library/report/3363"",""source_record_id"":""D084"",""source_name"":""DOST-FNRI PhilFCT""},""fiber_g_100g"":{""value_per_100g"":1.7,""value_for_portion"":1.7,""label"":""Verified"",""source_url"":""https://i.fnri.dost.gov.ph/fct/library/report/3363"",""source_record_id"":""D084"",""source_name"":""DOST-FNRI PhilFCT""},""sugar_g_100g"":{""value_per_100g"":0.8,""value_for_portion"":0.8,""label"":""Verified"",""source_url"":""https://i.fnri.dost.gov.ph/fct/library/report/3363"",""source_record_id"":""D084"",""source_name"":""DOST-FNRI PhilFCT""},""sodium_mg_100g"":{""value_per_100g"":10.0,""value_for_portion"":10.0,""label"":""Verified"",""source_url"":""https://i.fnri.dost.gov.ph/fct/library/report/3363"",""source_record_id"":""D084"",""source_name"":""DOST-FNRI PhilFCT""},""cholesterol_mg_100g"":{""value_per_100g"":0.0,""value_for_portion"":0.0,""label"":""Verified"",""source_url"":""https://i.fnri.dost.gov.ph/fct/library/report/3363"",""source_record_id"":""D084"",""source_name"":""DOST-FNRI PhilFCT""}}"
PH_DISH_018,EST_PH_DISH_018_V1,FC000098,Coconut oil,15,ASSUMED_REFERENCE_MIXTURE,892.0,0.0,0.0,99.1,0.0,0.0,0.0,0.0,"{""kcal_100g"":{""value_per_100g"":892.0,""value_for_portion"":892.0,""label"":""Verified"",""source_url"":""https://i.fnri.dost.gov.ph/fct/library/report/4268"",""source_record_id"":""K008"",""source_name"":""DOST-FNRI PhilFCT""},""protein_g_100g"":{""value_per_100g"":0.0,""value_for_portion"":0.0,""label"":""Verified"",""source_url"":""https://i.fnri.dost.gov.ph/fct/library/report/4268"",""source_record_id"":""K008"",""source_name"":""DOST-FNRI PhilFCT""},""carbs_g_100g"":{""value_per_100g"":0.0,""value_for_portion"":0.0,""label"":""Verified"",""source_url"":""https://i.fnri.dost.gov.ph/fct/library/report/4268"",""source_record_id"":""K008"",""source_name"":""DOST-FNRI PhilFCT""},""fat_g_100g"":{""value_per_100g"":99.1,""value_for_portion"":99.1,""label"":""Verified"",""source_url"":""https://i.fnri.dost.gov.ph/fct/library/report/4268"",""source_record_id"":""K008"",""source_name"":""DOST-FNRI PhilFCT""},""fiber_g_100g"":{""value_per_100g"":0.0,""value_for_portion"":0.0,""label"":""Verified"",""source_url"":""https://i.fnri.dost.gov.ph/fct/library/report/4268"",""source_record_id"":""K008"",""source_name"":""DOST-FNRI PhilFCT""},""sugar_g_100g"":{""value_per_100g"":0.0,""value_for_portion"":0.0,""label"":""Verified"",""source_url"":""https://i.fnri.dost.gov.ph/fct/library/report/4268"",""source_record_id"":""K008"",""source_name"":""DOST-FNRI PhilFCT""},""sodium_mg_100g"":{""value_per_100g"":0.0,""value_for_portion"":0.0,""label"":""Verified"",""source_url"":""https://i.fnri.dost.gov.ph/fct/library/report/4268"",""source_record_id"":""K008"",""source_name"":""DOST-FNRI PhilFCT""},""cholesterol_mg_100g"":{""value_per_100g"":0.0,""value_for_portion"":0.0,""label"":""Verified"",""source_url"":""https://i.fnri.dost.gov.ph/fct/library/report/4268"",""source_record_id"":""K008"",""source_name"":""DOST-FNRI PhilFCT""}}"
PH_DISH_018,EST_PH_DISH_018_V1,FC001237,"Beverages, water, tap, drinking",300,ASSUMED_REFERENCE_MIXTURE,0.0,0.0,0.0,0.0,0.0,0.0,4.0,0.0,"{""kcal_100g"":{""value_per_100g"":0.0,""value_for_portion"":0.0,""label"":""Other source"",""source_url"":""https://fdc.nal.usda.gov/food-details/173647/nutrients"",""source_record_id"":""USDA_FC001237_173647"",""source_name"":""USDA FoodData Central SR Legacy""},""protein_g_100g"":{""value_per_100g"":0.0,""value_for_portion"":0.0,""label"":""Other source"",""source_url"":""https://fdc.nal.usda.gov/food-details/173647/nutrients"",""source_record_id"":""USDA_FC001237_173647"",""source_name"":""USDA FoodData Central SR Legacy""},""carbs_g_100g"":{""value_per_100g"":0.0,""value_for_portion"":0.0,""label"":""Other source"",""source_url"":""https://fdc.nal.usda.gov/food-details/173647/nutrients"",""source_record_id"":""USDA_FC001237_173647"",""source_name"":""USDA FoodData Central SR Legacy""},""fat_g_100g"":{""value_per_100g"":0.0,""value_for_portion"":0.0,""label"":""Other source"",""source_url"":""https://fdc.nal.usda.gov/food-details/173647/nutrients"",""source_record_id"":""USDA_FC001237_173647"",""source_name"":""USDA FoodData Central SR Legacy""},""fiber_g_100g"":{""value_per_100g"":0.0,""value_for_portion"":0.0,""label"":""Other source"",""source_url"":""https://fdc.nal.usda.gov/food-details/173647/nutrients"",""source_record_id"":""USDA_FC001237_173647"",""source_name"":""USDA FoodData Central SR Legacy""},""sugar_g_100g"":{""value_per_100g"":0.0,""value_for_portion"":0.0,""label"":""Other source"",""source_url"":""https://fdc.nal.usda.gov/food-details/173647/nutrients"",""source_record_id"":""USDA_FC001237_173647"",""source_name"":""USDA FoodData Central SR Legacy""},""sodium_mg_100g"":{""value_per_100g"":4.0,""value_for_portion"":4.0,""label"":""Other source"",""source_url"":""https://fdc.nal.usda.gov/food-details/173647/nutrients"",""source_record_id"":""USDA_FC001237_173647"",""source_name"":""USDA FoodData Central SR Legacy""},""cholesterol_mg_100g"":{""value_per_100g"":0.0,""value_for_portion"":0.0,""label"":""Other source"",""source_url"":""https://fdc.nal.usda.gov/food-details/173647/nutrients"",""source_record_id"":""USDA_FC001237_173647"",""source_name"":""USDA FoodData Central SR Legacy""}}"
PH_DISH_019,EST_PH_DISH_019_V1,FC000270,"Squash fruit, boiled",250,ASSUMED_REFERENCE_MIXTURE,47.0,0.4,10.8,0.2,1.1,3.4,5.0,0.0,"{""kcal_100g"":{""value_per_100g"":47.0,""value_for_portion"":47.0,""label"":""Verified"",""source_url"":""https://i.fnri.dost.gov.ph/fct/library/report/3505"",""source_record_id"":""D226"",""source_name"":""DOST-FNRI PhilFCT""},""protein_g_100g"":{""value_per_100g"":0.4,""value_for_portion"":0.4,""label"":""Verified"",""source_url"":""https://i.fnri.dost.gov.ph/fct/library/report/3505"",""source_record_id"":""D226"",""source_name"":""DOST-FNRI PhilFCT""},""carbs_g_100g"":{""value_per_100g"":10.8,""value_for_portion"":10.8,""label"":""Verified"",""source_url"":""https://i.fnri.dost.gov.ph/fct/library/report/3505"",""source_record_id"":""D226"",""source_name"":""DOST-FNRI PhilFCT""},""fat_g_100g"":{""value_per_100g"":0.2,""value_for_portion"":0.2,""label"":""Verified"",""source_url"":""https://i.fnri.dost.gov.ph/fct/library/report/3505"",""source_record_id"":""D226"",""source_name"":""DOST-FNRI PhilFCT""},""fiber_g_100g"":{""value_per_100g"":1.1,""value_for_portion"":1.1,""label"":""Verified"",""source_url"":""https://i.fnri.dost.gov.ph/fct/library/report/3505"",""source_record_id"":""D226"",""source_name"":""DOST-FNRI PhilFCT""},""sugar_g_100g"":{""value_per_100g"":3.4,""value_for_portion"":3.4,""label"":""Verified"",""source_url"":""https://i.fnri.dost.gov.ph/fct/library/report/3505"",""source_record_id"":""D226"",""source_name"":""DOST-FNRI PhilFCT""},""sodium_mg_100g"":{""value_per_100g"":5.0,""value_for_portion"":5.0,""label"":""Verified"",""source_url"":""https://i.fnri.dost.gov.ph/fct/library/report/3505"",""source_record_id"":""D226"",""source_name"":""DOST-FNRI PhilFCT""},""cholesterol_mg_100g"":{""value_per_100g"":0.0,""value_for_portion"":0.0,""label"":""Verified"",""source_url"":""https://i.fnri.dost.gov.ph/fct/library/report/3505"",""source_record_id"":""D226"",""source_name"":""DOST-FNRI PhilFCT""}}"
PH_DISH_019,EST_PH_DISH_019_V1,FC000256,"Eggplant, boiled",200,ASSUMED_REFERENCE_MIXTURE,25.0,1.0,4.9,0.1,1.5,2.0,1.0,0.0,"{""kcal_100g"":{""value_per_100g"":25.0,""value_for_portion"":25.0,""label"":""Verified"",""source_url"":""https://i.fnri.dost.gov.ph/fct/library/report/3353"",""source_record_id"":""D074"",""source_name"":""DOST-FNRI PhilFCT""},""protein_g_100g"":{""value_per_100g"":1.0,""value_for_portion"":1.0,""label"":""Verified"",""source_url"":""https://i.fnri.dost.gov.ph/fct/library/report/3353"",""source_record_id"":""D074"",""source_name"":""DOST-FNRI PhilFCT""},""carbs_g_100g"":{""value_per_100g"":4.9,""value_for_portion"":4.9,""label"":""Verified"",""source_url"":""https://i.fnri.dost.gov.ph/fct/library/report/3353"",""source_record_id"":""D074"",""source_name"":""DOST-FNRI PhilFCT""},""fat_g_100g"":{""value_per_100g"":0.1,""value_for_portion"":0.1,""label"":""Verified"",""source_url"":""https://i.fnri.dost.gov.ph/fct/library/report/3353"",""source_record_id"":""D074"",""source_name"":""DOST-FNRI PhilFCT""},""fiber_g_100g"":{""value_per_100g"":1.5,""value_for_portion"":1.5,""label"":""Verified"",""source_url"":""https://i.fnri.dost.gov.ph/fct/library/report/3353"",""source_record_id"":""D074"",""source_name"":""DOST-FNRI PhilFCT""},""sugar_g_100g"":{""value_per_100g"":2.0,""value_for_portion"":2.0,""label"":""Verified"",""source_url"":""https://i.fnri.dost.gov.ph/fct/library/report/3353"",""source_record_id"":""D074"",""source_name"":""DOST-FNRI PhilFCT""},""sodium_mg_100g"":{""value_per_100g"":1.0,""value_for_portion"":1.0,""label"":""Verified"",""source_url"":""https://i.fnri.dost.gov.ph/fct/library/report/3353"",""source_record_id"":""D074"",""source_name"":""DOST-FNRI PhilFCT""},""cholesterol_mg_100g"":{""value_per_100g"":0.0,""value_for_portion"":0.0,""label"":""Verified"",""source_url"":""https://i.fnri.dost.gov.ph/fct/library/report/3353"",""source_record_id"":""D074"",""source_name"":""DOST-FNRI PhilFCT""}}"
PH_DISH_019,EST_PH_DISH_019_V1,FC000272,"String/Yard long bean pod, green, boiled",150,ASSUMED_REFERENCE_MIXTURE,52.0,4.0,7.9,0.5,2.7,,4.0,0.0,"{""kcal_100g"":{""value_per_100g"":52.0,""value_for_portion"":52.0,""label"":""Verified"",""source_url"":""https://i.fnri.dost.gov.ph/fct/library/report/3512"",""source_record_id"":""D233"",""source_name"":""DOST-FNRI PhilFCT""},""protein_g_100g"":{""value_per_100g"":4.0,""value_for_portion"":4.0,""label"":""Verified"",""source_url"":""https://i.fnri.dost.gov.ph/fct/library/report/3512"",""source_record_id"":""D233"",""source_name"":""DOST-FNRI PhilFCT""},""carbs_g_100g"":{""value_per_100g"":7.9,""value_for_portion"":7.9,""label"":""Verified"",""source_url"":""https://i.fnri.dost.gov.ph/fct/library/report/3512"",""source_record_id"":""D233"",""source_name"":""DOST-FNRI PhilFCT""},""fat_g_100g"":{""value_per_100g"":0.5,""value_for_portion"":0.5,""label"":""Verified"",""source_url"":""https://i.fnri.dost.gov.ph/fct/library/report/3512"",""source_record_id"":""D233"",""source_name"":""DOST-FNRI PhilFCT""},""fiber_g_100g"":{""value_per_100g"":2.7,""value_for_portion"":2.7,""label"":""Verified"",""source_url"":""https://i.fnri.dost.gov.ph/fct/library/report/3512"",""source_record_id"":""D233"",""source_name"":""DOST-FNRI PhilFCT""},""sugar_g_100g"":{""value_per_100g"":null,""value_for_portion"":null,""label"":""Unknown"",""source_url"":null,""source_record_id"":null,""source_name"":null},""sodium_mg_100g"":{""value_per_100g"":4.0,""value_for_portion"":4.0,""label"":""Verified"",""source_url"":""https://i.fnri.dost.gov.ph/fct/library/report/3512"",""source_record_id"":""D233"",""source_name"":""DOST-FNRI PhilFCT""},""cholesterol_mg_100g"":{""value_per_100g"":0.0,""value_for_portion"":0.0,""label"":""Verified"",""source_url"":""https://i.fnri.dost.gov.ph/fct/library/report/3512"",""source_record_id"":""D233"",""source_name"":""DOST-FNRI PhilFCT""}}"
PH_DISH_019,EST_PH_DISH_019_V1,FC000262,"Okra, boiled",150,ASSUMED_REFERENCE_MIXTURE,30.0,1.0,6.1,0.2,2.6,2.5,6.0,0.0,"{""kcal_100g"":{""value_per_100g"":30.0,""value_for_portion"":30.0,""label"":""Verified"",""source_url"":""https://i.fnri.dost.gov.ph/fct/library/report/3419"",""source_record_id"":""D140"",""source_name"":""DOST-FNRI PhilFCT""},""protein_g_100g"":{""value_per_100g"":1.0,""value_for_portion"":1.0,""label"":""Verified"",""source_url"":""https://i.fnri.dost.gov.ph/fct/library/report/3419"",""source_record_id"":""D140"",""source_name"":""DOST-FNRI PhilFCT""},""carbs_g_100g"":{""value_per_100g"":6.1,""value_for_portion"":6.1,""label"":""Verified"",""source_url"":""https://i.fnri.dost.gov.ph/fct/library/report/3419"",""source_record_id"":""D140"",""source_name"":""DOST-FNRI PhilFCT""},""fat_g_100g"":{""value_per_100g"":0.2,""value_for_portion"":0.2,""label"":""Verified"",""source_url"":""https://i.fnri.dost.gov.ph/fct/library/report/3419"",""source_record_id"":""D140"",""source_name"":""DOST-FNRI PhilFCT""},""fiber_g_100g"":{""value_per_100g"":2.6,""value_for_portion"":2.6,""label"":""Verified"",""source_url"":""https://i.fnri.dost.gov.ph/fct/library/report/3419"",""source_record_id"":""D140"",""source_name"":""DOST-FNRI PhilFCT""},""sugar_g_100g"":{""value_per_100g"":2.5,""value_for_portion"":2.5,""label"":""Verified"",""source_url"":""https://i.fnri.dost.gov.ph/fct/library/report/3419"",""source_record_id"":""D140"",""source_name"":""DOST-FNRI PhilFCT""},""sodium_mg_100g"":{""value_per_100g"":6.0,""value_for_portion"":6.0,""label"":""Verified"",""source_url"":""https://i.fnri.dost.gov.ph/fct/library/report/3419"",""source_record_id"":""D140"",""source_name"":""DOST-FNRI PhilFCT""},""cholesterol_mg_100g"":{""value_per_100g"":0.0,""value_for_portion"":0.0,""label"":""Verified"",""source_url"":""https://i.fnri.dost.gov.ph/fct/library/report/3419"",""source_record_id"":""D140"",""source_name"":""DOST-FNRI PhilFCT""}}"
PH_DISH_019,EST_PH_DISH_019_V1,FC000250,"Bitter melon/gourd fruit, boiled",100,ASSUMED_REFERENCE_MIXTURE,19.0,0.4,3.8,0.2,1.6,1.5,1.0,0.0,"{""kcal_100g"":{""value_per_100g"":19.0,""value_for_portion"":19.0,""label"":""Verified"",""source_url"":""https://i.fnri.dost.gov.ph/fct/library/report/3298"",""source_record_id"":""D019"",""source_name"":""DOST-FNRI PhilFCT""},""protein_g_100g"":{""value_per_100g"":0.4,""value_for_portion"":0.4,""label"":""Verified"",""source_url"":""https://i.fnri.dost.gov.ph/fct/library/report/3298"",""source_record_id"":""D019"",""source_name"":""DOST-FNRI PhilFCT""},""carbs_g_100g"":{""value_per_100g"":3.8,""value_for_portion"":3.8,""label"":""Verified"",""source_url"":""https://i.fnri.dost.gov.ph/fct/library/report/3298"",""source_record_id"":""D019"",""source_name"":""DOST-FNRI PhilFCT""},""fat_g_100g"":{""value_per_100g"":0.2,""value_for_portion"":0.2,""label"":""Verified"",""source_url"":""https://i.fnri.dost.gov.ph/fct/library/report/3298"",""source_record_id"":""D019"",""source_name"":""DOST-FNRI PhilFCT""},""fiber_g_100g"":{""value_per_100g"":1.6,""value_for_portion"":1.6,""label"":""Verified"",""source_url"":""https://i.fnri.dost.gov.ph/fct/library/report/3298"",""source_record_id"":""D019"",""source_name"":""DOST-FNRI PhilFCT""},""sugar_g_100g"":{""value_per_100g"":1.5,""value_for_portion"":1.5,""label"":""Verified"",""source_url"":""https://i.fnri.dost.gov.ph/fct/library/report/3298"",""source_record_id"":""D019"",""source_name"":""DOST-FNRI PhilFCT""},""sodium_mg_100g"":{""value_per_100g"":1.0,""value_for_portion"":1.0,""label"":""Verified"",""source_url"":""https://i.fnri.dost.gov.ph/fct/library/report/3298"",""source_record_id"":""D019"",""source_name"":""DOST-FNRI PhilFCT""},""cholesterol_mg_100g"":{""value_per_100g"":0.0,""value_for_portion"":0.0,""label"":""Verified"",""source_url"":""https://i.fnri.dost.gov.ph/fct/library/report/3298"",""source_record_id"":""D019"",""source_name"":""DOST-FNRI PhilFCT""}}"
PH_DISH_019,EST_PH_DISH_019_V1,FC000280,"Tomato, boiled",100,ASSUMED_REFERENCE_MIXTURE,25.0,0.4,5.6,0.1,0.3,3.6,11.0,0.0,"{""kcal_100g"":{""value_per_100g"":25.0,""value_for_portion"":25.0,""label"":""Verified"",""source_url"":""https://i.fnri.dost.gov.ph/fct/library/report/3537"",""source_record_id"":""D258"",""source_name"":""DOST-FNRI PhilFCT""},""protein_g_100g"":{""value_per_100g"":0.4,""value_for_portion"":0.4,""label"":""Verified"",""source_url"":""https://i.fnri.dost.gov.ph/fct/library/report/3537"",""source_record_id"":""D258"",""source_name"":""DOST-FNRI PhilFCT""},""carbs_g_100g"":{""value_per_100g"":5.6,""value_for_portion"":5.6,""label"":""Verified"",""source_url"":""https://i.fnri.dost.gov.ph/fct/library/report/3537"",""source_record_id"":""D258"",""source_name"":""DOST-FNRI PhilFCT""},""fat_g_100g"":{""value_per_100g"":0.1,""value_for_portion"":0.1,""label"":""Verified"",""source_url"":""https://i.fnri.dost.gov.ph/fct/library/report/3537"",""source_record_id"":""D258"",""source_name"":""DOST-FNRI PhilFCT""},""fiber_g_100g"":{""value_per_100g"":0.3,""value_for_portion"":0.3,""label"":""Verified"",""source_url"":""https://i.fnri.dost.gov.ph/fct/library/report/3537"",""source_record_id"":""D258"",""source_name"":""DOST-FNRI PhilFCT""},""sugar_g_100g"":{""value_per_100g"":3.6,""value_for_portion"":3.6,""label"":""Verified"",""source_url"":""https://i.fnri.dost.gov.ph/fct/library/report/3537"",""source_record_id"":""D258"",""source_name"":""DOST-FNRI PhilFCT""},""sodium_mg_100g"":{""value_per_100g"":11.0,""value_for_portion"":11.0,""label"":""Verified"",""source_url"":""https://i.fnri.dost.gov.ph/fct/library/report/3537"",""source_record_id"":""D258"",""source_name"":""DOST-FNRI PhilFCT""},""cholesterol_mg_100g"":{""value_per_100g"":0.0,""value_for_portion"":0.0,""label"":""Verified"",""source_url"":""https://i.fnri.dost.gov.ph/fct/library/report/3537"",""source_record_id"":""D258"",""source_name"":""DOST-FNRI PhilFCT""}}"
PH_DISH_019,EST_PH_DISH_019_V1,FC000333,"Onion, Bombay bulb, boiled",60,ASSUMED_REFERENCE_MIXTURE,47.0,1.2,9.7,0.4,1.3,4.6,3.0,0.0,"{""kcal_100g"":{""value_per_100g"":47.0,""value_for_portion"":47.0,""label"":""Verified"",""source_url"":""https://i.fnri.dost.gov.ph/fct/library/report/3421"",""source_record_id"":""D142"",""source_name"":""DOST-FNRI PhilFCT""},""protein_g_100g"":{""value_per_100g"":1.2,""value_for_portion"":1.2,""label"":""Verified"",""source_url"":""https://i.fnri.dost.gov.ph/fct/library/report/3421"",""source_record_id"":""D142"",""source_name"":""DOST-FNRI PhilFCT""},""carbs_g_100g"":{""value_per_100g"":9.7,""value_for_portion"":9.7,""label"":""Verified"",""source_url"":""https://i.fnri.dost.gov.ph/fct/library/report/3421"",""source_record_id"":""D142"",""source_name"":""DOST-FNRI PhilFCT""},""fat_g_100g"":{""value_per_100g"":0.4,""value_for_portion"":0.4,""label"":""Verified"",""source_url"":""https://i.fnri.dost.gov.ph/fct/library/report/3421"",""source_record_id"":""D142"",""source_name"":""DOST-FNRI PhilFCT""},""fiber_g_100g"":{""value_per_100g"":1.3,""value_for_portion"":1.3,""label"":""Verified"",""source_url"":""https://i.fnri.dost.gov.ph/fct/library/report/3421"",""source_record_id"":""D142"",""source_name"":""DOST-FNRI PhilFCT""},""sugar_g_100g"":{""value_per_100g"":4.6,""value_for_portion"":4.6,""label"":""Verified"",""source_url"":""https://i.fnri.dost.gov.ph/fct/library/report/3421"",""source_record_id"":""D142"",""source_name"":""DOST-FNRI PhilFCT""},""sodium_mg_100g"":{""value_per_100g"":3.0,""value_for_portion"":3.0,""label"":""Verified"",""source_url"":""https://i.fnri.dost.gov.ph/fct/library/report/3421"",""source_record_id"":""D142"",""source_name"":""DOST-FNRI PhilFCT""},""cholesterol_mg_100g"":{""value_per_100g"":0.0,""value_for_portion"":0.0,""label"":""Verified"",""source_url"":""https://i.fnri.dost.gov.ph/fct/library/report/3421"",""source_record_id"":""D142"",""source_name"":""DOST-FNRI PhilFCT""}}"
PH_DISH_019,EST_PH_DISH_019_V1,FC000070,Garlic bulb,15,ASSUMED_REFERENCE_MIXTURE,129.0,7.0,24.6,0.3,1.7,0.8,10.0,0.0,"{""kcal_100g"":{""value_per_100g"":129.0,""value_for_portion"":129.0,""label"":""Verified"",""source_url"":""https://i.fnri.dost.gov.ph/fct/library/report/3363"",""source_record_id"":""D084"",""source_name"":""DOST-FNRI PhilFCT""},""protein_g_100g"":{""value_per_100g"":7.0,""value_for_portion"":7.0,""label"":""Verified"",""source_url"":""https://i.fnri.dost.gov.ph/fct/library/report/3363"",""source_record_id"":""D084"",""source_name"":""DOST-FNRI PhilFCT""},""carbs_g_100g"":{""value_per_100g"":24.6,""value_for_portion"":24.6,""label"":""Verified"",""source_url"":""https://i.fnri.dost.gov.ph/fct/library/report/3363"",""source_record_id"":""D084"",""source_name"":""DOST-FNRI PhilFCT""},""fat_g_100g"":{""value_per_100g"":0.3,""value_for_portion"":0.3,""label"":""Verified"",""source_url"":""https://i.fnri.dost.gov.ph/fct/library/report/3363"",""source_record_id"":""D084"",""source_name"":""DOST-FNRI PhilFCT""},""fiber_g_100g"":{""value_per_100g"":1.7,""value_for_portion"":1.7,""label"":""Verified"",""source_url"":""https://i.fnri.dost.gov.ph/fct/library/report/3363"",""source_record_id"":""D084"",""source_name"":""DOST-FNRI PhilFCT""},""sugar_g_100g"":{""value_per_100g"":0.8,""value_for_portion"":0.8,""label"":""Verified"",""source_url"":""https://i.fnri.dost.gov.ph/fct/library/report/3363"",""source_record_id"":""D084"",""source_name"":""DOST-FNRI PhilFCT""},""sodium_mg_100g"":{""value_per_100g"":10.0,""value_for_portion"":10.0,""label"":""Verified"",""source_url"":""https://i.fnri.dost.gov.ph/fct/library/report/3363"",""source_record_id"":""D084"",""source_name"":""DOST-FNRI PhilFCT""},""cholesterol_mg_100g"":{""value_per_100g"":0.0,""value_for_portion"":0.0,""label"":""Verified"",""source_url"":""https://i.fnri.dost.gov.ph/fct/library/report/3363"",""source_record_id"":""D084"",""source_name"":""DOST-FNRI PhilFCT""}}"
PH_DISH_019,EST_PH_DISH_019_V1,FC001216,"Shrimp paste, sauteed",40,ASSUMED_REFERENCE_MIXTURE,401.0,10.2,17.7,32.1,0.9,16.5,1130.0,189.0,"{""kcal_100g"":{""value_per_100g"":401.0,""value_for_portion"":401.0,""label"":""Verified"",""source_url"":""https://i.fnri.dost.gov.ph/fct/library/report/4354"",""source_record_id"":""N031"",""source_name"":""DOST-FNRI PhilFCT""},""protein_g_100g"":{""value_per_100g"":10.2,""value_for_portion"":10.2,""label"":""Verified"",""source_url"":""https://i.fnri.dost.gov.ph/fct/library/report/4354"",""source_record_id"":""N031"",""source_name"":""DOST-FNRI PhilFCT""},""carbs_g_100g"":{""value_per_100g"":17.7,""value_for_portion"":17.7,""label"":""Verified"",""source_url"":""https://i.fnri.dost.gov.ph/fct/library/report/4354"",""source_record_id"":""N031"",""source_name"":""DOST-FNRI PhilFCT""},""fat_g_100g"":{""value_per_100g"":32.1,""value_for_portion"":32.1,""label"":""Verified"",""source_url"":""https://i.fnri.dost.gov.ph/fct/library/report/4354"",""source_record_id"":""N031"",""source_name"":""DOST-FNRI PhilFCT""},""fiber_g_100g"":{""value_per_100g"":0.9,""value_for_portion"":0.9,""label"":""Verified"",""source_url"":""https://i.fnri.dost.gov.ph/fct/library/report/4354"",""source_record_id"":""N031"",""source_name"":""DOST-FNRI PhilFCT""},""sugar_g_100g"":{""value_per_100g"":16.5,""value_for_portion"":16.5,""label"":""Verified"",""source_url"":""https://i.fnri.dost.gov.ph/fct/library/report/4354"",""source_record_id"":""N031"",""source_name"":""DOST-FNRI PhilFCT""},""sodium_mg_100g"":{""value_per_100g"":1130.0,""value_for_portion"":1130.0,""label"":""Verified"",""source_url"":""https://i.fnri.dost.gov.ph/fct/library/report/4354"",""source_record_id"":""N031"",""source_name"":""DOST-FNRI PhilFCT""},""cholesterol_mg_100g"":{""value_per_100g"":189.0,""value_for_portion"":189.0,""label"":""Verified"",""source_url"":""https://i.fnri.dost.gov.ph/fct/library/report/4354"",""source_record_id"":""N031"",""source_name"":""DOST-FNRI PhilFCT""}}"
PH_DISH_019,EST_PH_DISH_019_V1,FC000098,Coconut oil,20,ASSUMED_REFERENCE_MIXTURE,892.0,0.0,0.0,99.1,0.0,0.0,0.0,0.0,"{""kcal_100g"":{""value_per_100g"":892.0,""value_for_portion"":892.0,""label"":""Verified"",""source_url"":""https://i.fnri.dost.gov.ph/fct/library/report/4268"",""source_record_id"":""K008"",""source_name"":""DOST-FNRI PhilFCT""},""protein_g_100g"":{""value_per_100g"":0.0,""value_for_portion"":0.0,""label"":""Verified"",""source_url"":""https://i.fnri.dost.gov.ph/fct/library/report/4268"",""source_record_id"":""K008"",""source_name"":""DOST-FNRI PhilFCT""},""carbs_g_100g"":{""value_per_100g"":0.0,""value_for_portion"":0.0,""label"":""Verified"",""source_url"":""https://i.fnri.dost.gov.ph/fct/library/report/4268"",""source_record_id"":""K008"",""source_name"":""DOST-FNRI PhilFCT""},""fat_g_100g"":{""value_per_100g"":99.1,""value_for_portion"":99.1,""label"":""Verified"",""source_url"":""https://i.fnri.dost.gov.ph/fct/library/report/4268"",""source_record_id"":""K008"",""source_name"":""DOST-FNRI PhilFCT""},""fiber_g_100g"":{""value_per_100g"":0.0,""value_for_portion"":0.0,""label"":""Verified"",""source_url"":""https://i.fnri.dost.gov.ph/fct/library/report/4268"",""source_record_id"":""K008"",""source_name"":""DOST-FNRI PhilFCT""},""sugar_g_100g"":{""value_per_100g"":0.0,""value_for_portion"":0.0,""label"":""Verified"",""source_url"":""https://i.fnri.dost.gov.ph/fct/library/report/4268"",""source_record_id"":""K008"",""source_name"":""DOST-FNRI PhilFCT""},""sodium_mg_100g"":{""value_per_100g"":0.0,""value_for_portion"":0.0,""label"":""Verified"",""source_url"":""https://i.fnri.dost.gov.ph/fct/library/report/4268"",""source_record_id"":""K008"",""source_name"":""DOST-FNRI PhilFCT""},""cholesterol_mg_100g"":{""value_per_100g"":0.0,""value_for_portion"":0.0,""label"":""Verified"",""source_url"":""https://i.fnri.dost.gov.ph/fct/library/report/4268"",""source_record_id"":""K008"",""source_name"":""DOST-FNRI PhilFCT""}}"
PH_DISH_019,EST_PH_DISH_019_V1,FC001237,"Beverages, water, tap, drinking",150,ASSUMED_REFERENCE_MIXTURE,0.0,0.0,0.0,0.0,0.0,0.0,4.0,0.0,"{""kcal_100g"":{""value_per_100g"":0.0,""value_for_portion"":0.0,""label"":""Other source"",""source_url"":""https://fdc.nal.usda.gov/food-details/173647/nutrients"",""source_record_id"":""USDA_FC001237_173647"",""source_name"":""USDA FoodData Central SR Legacy""},""protein_g_100g"":{""value_per_100g"":0.0,""value_for_portion"":0.0,""label"":""Other source"",""source_url"":""https://fdc.nal.usda.gov/food-details/173647/nutrients"",""source_record_id"":""USDA_FC001237_173647"",""source_name"":""USDA FoodData Central SR Legacy""},""carbs_g_100g"":{""value_per_100g"":0.0,""value_for_portion"":0.0,""label"":""Other source"",""source_url"":""https://fdc.nal.usda.gov/food-details/173647/nutrients"",""source_record_id"":""USDA_FC001237_173647"",""source_name"":""USDA FoodData Central SR Legacy""},""fat_g_100g"":{""value_per_100g"":0.0,""value_for_portion"":0.0,""label"":""Other source"",""source_url"":""https://fdc.nal.usda.gov/food-details/173647/nutrients"",""source_record_id"":""USDA_FC001237_173647"",""source_name"":""USDA FoodData Central SR Legacy""},""fiber_g_100g"":{""value_per_100g"":0.0,""value_for_portion"":0.0,""label"":""Other source"",""source_url"":""https://fdc.nal.usda.gov/food-details/173647/nutrients"",""source_record_id"":""USDA_FC001237_173647"",""source_name"":""USDA FoodData Central SR Legacy""},""sugar_g_100g"":{""value_per_100g"":0.0,""value_for_portion"":0.0,""label"":""Other source"",""source_url"":""https://fdc.nal.usda.gov/food-details/173647/nutrients"",""source_record_id"":""USDA_FC001237_173647"",""source_name"":""USDA FoodData Central SR Legacy""},""sodium_mg_100g"":{""value_per_100g"":4.0,""value_for_portion"":4.0,""label"":""Other source"",""source_url"":""https://fdc.nal.usda.gov/food-details/173647/nutrients"",""source_record_id"":""USDA_FC001237_173647"",""source_name"":""USDA FoodData Central SR Legacy""},""cholesterol_mg_100g"":{""value_per_100g"":0.0,""value_for_portion"":0.0,""label"":""Other source"",""source_url"":""https://fdc.nal.usda.gov/food-details/173647/nutrients"",""source_record_id"":""USDA_FC001237_173647"",""source_name"":""USDA FoodData Central SR Legacy""}}"
PH_DISH_020,EST_PH_DISH_020_V1,FC000270,"Squash fruit, boiled",250,ASSUMED_REFERENCE_MIXTURE,47.0,0.4,10.8,0.2,1.1,3.4,5.0,0.0,"{""kcal_100g"":{""value_per_100g"":47.0,""value_for_portion"":47.0,""label"":""Verified"",""source_url"":""https://i.fnri.dost.gov.ph/fct/library/report/3505"",""source_record_id"":""D226"",""source_name"":""DOST-FNRI PhilFCT""},""protein_g_100g"":{""value_per_100g"":0.4,""value_for_portion"":0.4,""label"":""Verified"",""source_url"":""https://i.fnri.dost.gov.ph/fct/library/report/3505"",""source_record_id"":""D226"",""source_name"":""DOST-FNRI PhilFCT""},""carbs_g_100g"":{""value_per_100g"":10.8,""value_for_portion"":10.8,""label"":""Verified"",""source_url"":""https://i.fnri.dost.gov.ph/fct/library/report/3505"",""source_record_id"":""D226"",""source_name"":""DOST-FNRI PhilFCT""},""fat_g_100g"":{""value_per_100g"":0.2,""value_for_portion"":0.2,""label"":""Verified"",""source_url"":""https://i.fnri.dost.gov.ph/fct/library/report/3505"",""source_record_id"":""D226"",""source_name"":""DOST-FNRI PhilFCT""},""fiber_g_100g"":{""value_per_100g"":1.1,""value_for_portion"":1.1,""label"":""Verified"",""source_url"":""https://i.fnri.dost.gov.ph/fct/library/report/3505"",""source_record_id"":""D226"",""source_name"":""DOST-FNRI PhilFCT""},""sugar_g_100g"":{""value_per_100g"":3.4,""value_for_portion"":3.4,""label"":""Verified"",""source_url"":""https://i.fnri.dost.gov.ph/fct/library/report/3505"",""source_record_id"":""D226"",""source_name"":""DOST-FNRI PhilFCT""},""sodium_mg_100g"":{""value_per_100g"":5.0,""value_for_portion"":5.0,""label"":""Verified"",""source_url"":""https://i.fnri.dost.gov.ph/fct/library/report/3505"",""source_record_id"":""D226"",""source_name"":""DOST-FNRI PhilFCT""},""cholesterol_mg_100g"":{""value_per_100g"":0.0,""value_for_portion"":0.0,""label"":""Verified"",""source_url"":""https://i.fnri.dost.gov.ph/fct/library/report/3505"",""source_record_id"":""D226"",""source_name"":""DOST-FNRI PhilFCT""}}"
PH_DISH_020,EST_PH_DISH_020_V1,FC000256,"Eggplant, boiled",200,ASSUMED_REFERENCE_MIXTURE,25.0,1.0,4.9,0.1,1.5,2.0,1.0,0.0,"{""kcal_100g"":{""value_per_100g"":25.0,""value_for_portion"":25.0,""label"":""Verified"",""source_url"":""https://i.fnri.dost.gov.ph/fct/library/report/3353"",""source_record_id"":""D074"",""source_name"":""DOST-FNRI PhilFCT""},""protein_g_100g"":{""value_per_100g"":1.0,""value_for_portion"":1.0,""label"":""Verified"",""source_url"":""https://i.fnri.dost.gov.ph/fct/library/report/3353"",""source_record_id"":""D074"",""source_name"":""DOST-FNRI PhilFCT""},""carbs_g_100g"":{""value_per_100g"":4.9,""value_for_portion"":4.9,""label"":""Verified"",""source_url"":""https://i.fnri.dost.gov.ph/fct/library/report/3353"",""source_record_id"":""D074"",""source_name"":""DOST-FNRI PhilFCT""},""fat_g_100g"":{""value_per_100g"":0.1,""value_for_portion"":0.1,""label"":""Verified"",""source_url"":""https://i.fnri.dost.gov.ph/fct/library/report/3353"",""source_record_id"":""D074"",""source_name"":""DOST-FNRI PhilFCT""},""fiber_g_100g"":{""value_per_100g"":1.5,""value_for_portion"":1.5,""label"":""Verified"",""source_url"":""https://i.fnri.dost.gov.ph/fct/library/report/3353"",""source_record_id"":""D074"",""source_name"":""DOST-FNRI PhilFCT""},""sugar_g_100g"":{""value_per_100g"":2.0,""value_for_portion"":2.0,""label"":""Verified"",""source_url"":""https://i.fnri.dost.gov.ph/fct/library/report/3353"",""source_record_id"":""D074"",""source_name"":""DOST-FNRI PhilFCT""},""sodium_mg_100g"":{""value_per_100g"":1.0,""value_for_portion"":1.0,""label"":""Verified"",""source_url"":""https://i.fnri.dost.gov.ph/fct/library/report/3353"",""source_record_id"":""D074"",""source_name"":""DOST-FNRI PhilFCT""},""cholesterol_mg_100g"":{""value_per_100g"":0.0,""value_for_portion"":0.0,""label"":""Verified"",""source_url"":""https://i.fnri.dost.gov.ph/fct/library/report/3353"",""source_record_id"":""D074"",""source_name"":""DOST-FNRI PhilFCT""}}"
PH_DISH_020,EST_PH_DISH_020_V1,FC000272,"String/Yard long bean pod, green, boiled",150,ASSUMED_REFERENCE_MIXTURE,52.0,4.0,7.9,0.5,2.7,,4.0,0.0,"{""kcal_100g"":{""value_per_100g"":52.0,""value_for_portion"":52.0,""label"":""Verified"",""source_url"":""https://i.fnri.dost.gov.ph/fct/library/report/3512"",""source_record_id"":""D233"",""source_name"":""DOST-FNRI PhilFCT""},""protein_g_100g"":{""value_per_100g"":4.0,""value_for_portion"":4.0,""label"":""Verified"",""source_url"":""https://i.fnri.dost.gov.ph/fct/library/report/3512"",""source_record_id"":""D233"",""source_name"":""DOST-FNRI PhilFCT""},""carbs_g_100g"":{""value_per_100g"":7.9,""value_for_portion"":7.9,""label"":""Verified"",""source_url"":""https://i.fnri.dost.gov.ph/fct/library/report/3512"",""source_record_id"":""D233"",""source_name"":""DOST-FNRI PhilFCT""},""fat_g_100g"":{""value_per_100g"":0.5,""value_for_portion"":0.5,""label"":""Verified"",""source_url"":""https://i.fnri.dost.gov.ph/fct/library/report/3512"",""source_record_id"":""D233"",""source_name"":""DOST-FNRI PhilFCT""},""fiber_g_100g"":{""value_per_100g"":2.7,""value_for_portion"":2.7,""label"":""Verified"",""source_url"":""https://i.fnri.dost.gov.ph/fct/library/report/3512"",""source_record_id"":""D233"",""source_name"":""DOST-FNRI PhilFCT""},""sugar_g_100g"":{""value_per_100g"":null,""value_for_portion"":null,""label"":""Unknown"",""source_url"":null,""source_record_id"":null,""source_name"":null},""sodium_mg_100g"":{""value_per_100g"":4.0,""value_for_portion"":4.0,""label"":""Verified"",""source_url"":""https://i.fnri.dost.gov.ph/fct/library/report/3512"",""source_record_id"":""D233"",""source_name"":""DOST-FNRI PhilFCT""},""cholesterol_mg_100g"":{""value_per_100g"":0.0,""value_for_portion"":0.0,""label"":""Verified"",""source_url"":""https://i.fnri.dost.gov.ph/fct/library/report/3512"",""source_record_id"":""D233"",""source_name"":""DOST-FNRI PhilFCT""}}"
PH_DISH_020,EST_PH_DISH_020_V1,FC000262,"Okra, boiled",150,ASSUMED_REFERENCE_MIXTURE,30.0,1.0,6.1,0.2,2.6,2.5,6.0,0.0,"{""kcal_100g"":{""value_per_100g"":30.0,""value_for_portion"":30.0,""label"":""Verified"",""source_url"":""https://i.fnri.dost.gov.ph/fct/library/report/3419"",""source_record_id"":""D140"",""source_name"":""DOST-FNRI PhilFCT""},""protein_g_100g"":{""value_per_100g"":1.0,""value_for_portion"":1.0,""label"":""Verified"",""source_url"":""https://i.fnri.dost.gov.ph/fct/library/report/3419"",""source_record_id"":""D140"",""source_name"":""DOST-FNRI PhilFCT""},""carbs_g_100g"":{""value_per_100g"":6.1,""value_for_portion"":6.1,""label"":""Verified"",""source_url"":""https://i.fnri.dost.gov.ph/fct/library/report/3419"",""source_record_id"":""D140"",""source_name"":""DOST-FNRI PhilFCT""},""fat_g_100g"":{""value_per_100g"":0.2,""value_for_portion"":0.2,""label"":""Verified"",""source_url"":""https://i.fnri.dost.gov.ph/fct/library/report/3419"",""source_record_id"":""D140"",""source_name"":""DOST-FNRI PhilFCT""},""fiber_g_100g"":{""value_per_100g"":2.6,""value_for_portion"":2.6,""label"":""Verified"",""source_url"":""https://i.fnri.dost.gov.ph/fct/library/report/3419"",""source_record_id"":""D140"",""source_name"":""DOST-FNRI PhilFCT""},""sugar_g_100g"":{""value_per_100g"":2.5,""value_for_portion"":2.5,""label"":""Verified"",""source_url"":""https://i.fnri.dost.gov.ph/fct/library/report/3419"",""source_record_id"":""D140"",""source_name"":""DOST-FNRI PhilFCT""},""sodium_mg_100g"":{""value_per_100g"":6.0,""value_for_portion"":6.0,""label"":""Verified"",""source_url"":""https://i.fnri.dost.gov.ph/fct/library/report/3419"",""source_record_id"":""D140"",""source_name"":""DOST-FNRI PhilFCT""},""cholesterol_mg_100g"":{""value_per_100g"":0.0,""value_for_portion"":0.0,""label"":""Verified"",""source_url"":""https://i.fnri.dost.gov.ph/fct/library/report/3419"",""source_record_id"":""D140"",""source_name"":""DOST-FNRI PhilFCT""}}"
PH_DISH_020,EST_PH_DISH_020_V1,FC000250,"Bitter melon/gourd fruit, boiled",100,ASSUMED_REFERENCE_MIXTURE,19.0,0.4,3.8,0.2,1.6,1.5,1.0,0.0,"{""kcal_100g"":{""value_per_100g"":19.0,""value_for_portion"":19.0,""label"":""Verified"",""source_url"":""https://i.fnri.dost.gov.ph/fct/library/report/3298"",""source_record_id"":""D019"",""source_name"":""DOST-FNRI PhilFCT""},""protein_g_100g"":{""value_per_100g"":0.4,""value_for_portion"":0.4,""label"":""Verified"",""source_url"":""https://i.fnri.dost.gov.ph/fct/library/report/3298"",""source_record_id"":""D019"",""source_name"":""DOST-FNRI PhilFCT""},""carbs_g_100g"":{""value_per_100g"":3.8,""value_for_portion"":3.8,""label"":""Verified"",""source_url"":""https://i.fnri.dost.gov.ph/fct/library/report/3298"",""source_record_id"":""D019"",""source_name"":""DOST-FNRI PhilFCT""},""fat_g_100g"":{""value_per_100g"":0.2,""value_for_portion"":0.2,""label"":""Verified"",""source_url"":""https://i.fnri.dost.gov.ph/fct/library/report/3298"",""source_record_id"":""D019"",""source_name"":""DOST-FNRI PhilFCT""},""fiber_g_100g"":{""value_per_100g"":1.6,""value_for_portion"":1.6,""label"":""Verified"",""source_url"":""https://i.fnri.dost.gov.ph/fct/library/report/3298"",""source_record_id"":""D019"",""source_name"":""DOST-FNRI PhilFCT""},""sugar_g_100g"":{""value_per_100g"":1.5,""value_for_portion"":1.5,""label"":""Verified"",""source_url"":""https://i.fnri.dost.gov.ph/fct/library/report/3298"",""source_record_id"":""D019"",""source_name"":""DOST-FNRI PhilFCT""},""sodium_mg_100g"":{""value_per_100g"":1.0,""value_for_portion"":1.0,""label"":""Verified"",""source_url"":""https://i.fnri.dost.gov.ph/fct/library/report/3298"",""source_record_id"":""D019"",""source_name"":""DOST-FNRI PhilFCT""},""cholesterol_mg_100g"":{""value_per_100g"":0.0,""value_for_portion"":0.0,""label"":""Verified"",""source_url"":""https://i.fnri.dost.gov.ph/fct/library/report/3298"",""source_record_id"":""D019"",""source_name"":""DOST-FNRI PhilFCT""}}"
PH_DISH_020,EST_PH_DISH_020_V1,FC000280,"Tomato, boiled",100,ASSUMED_REFERENCE_MIXTURE,25.0,0.4,5.6,0.1,0.3,3.6,11.0,0.0,"{""kcal_100g"":{""value_per_100g"":25.0,""value_for_portion"":25.0,""label"":""Verified"",""source_url"":""https://i.fnri.dost.gov.ph/fct/library/report/3537"",""source_record_id"":""D258"",""source_name"":""DOST-FNRI PhilFCT""},""protein_g_100g"":{""value_per_100g"":0.4,""value_for_portion"":0.4,""label"":""Verified"",""source_url"":""https://i.fnri.dost.gov.ph/fct/library/report/3537"",""source_record_id"":""D258"",""source_name"":""DOST-FNRI PhilFCT""},""carbs_g_100g"":{""value_per_100g"":5.6,""value_for_portion"":5.6,""label"":""Verified"",""source_url"":""https://i.fnri.dost.gov.ph/fct/library/report/3537"",""source_record_id"":""D258"",""source_name"":""DOST-FNRI PhilFCT""},""fat_g_100g"":{""value_per_100g"":0.1,""value_for_portion"":0.1,""label"":""Verified"",""source_url"":""https://i.fnri.dost.gov.ph/fct/library/report/3537"",""source_record_id"":""D258"",""source_name"":""DOST-FNRI PhilFCT""},""fiber_g_100g"":{""value_per_100g"":0.3,""value_for_portion"":0.3,""label"":""Verified"",""source_url"":""https://i.fnri.dost.gov.ph/fct/library/report/3537"",""source_record_id"":""D258"",""source_name"":""DOST-FNRI PhilFCT""},""sugar_g_100g"":{""value_per_100g"":3.6,""value_for_portion"":3.6,""label"":""Verified"",""source_url"":""https://i.fnri.dost.gov.ph/fct/library/report/3537"",""source_record_id"":""D258"",""source_name"":""DOST-FNRI PhilFCT""},""sodium_mg_100g"":{""value_per_100g"":11.0,""value_for_portion"":11.0,""label"":""Verified"",""source_url"":""https://i.fnri.dost.gov.ph/fct/library/report/3537"",""source_record_id"":""D258"",""source_name"":""DOST-FNRI PhilFCT""},""cholesterol_mg_100g"":{""value_per_100g"":0.0,""value_for_portion"":0.0,""label"":""Verified"",""source_url"":""https://i.fnri.dost.gov.ph/fct/library/report/3537"",""source_record_id"":""D258"",""source_name"":""DOST-FNRI PhilFCT""}}"
PH_DISH_020,EST_PH_DISH_020_V1,FC000333,"Onion, Bombay bulb, boiled",60,ASSUMED_REFERENCE_MIXTURE,47.0,1.2,9.7,0.4,1.3,4.6,3.0,0.0,"{""kcal_100g"":{""value_per_100g"":47.0,""value_for_portion"":47.0,""label"":""Verified"",""source_url"":""https://i.fnri.dost.gov.ph/fct/library/report/3421"",""source_record_id"":""D142"",""source_name"":""DOST-FNRI PhilFCT""},""protein_g_100g"":{""value_per_100g"":1.2,""value_for_portion"":1.2,""label"":""Verified"",""source_url"":""https://i.fnri.dost.gov.ph/fct/library/report/3421"",""source_record_id"":""D142"",""source_name"":""DOST-FNRI PhilFCT""},""carbs_g_100g"":{""value_per_100g"":9.7,""value_for_portion"":9.7,""label"":""Verified"",""source_url"":""https://i.fnri.dost.gov.ph/fct/library/report/3421"",""source_record_id"":""D142"",""source_name"":""DOST-FNRI PhilFCT""},""fat_g_100g"":{""value_per_100g"":0.4,""value_for_portion"":0.4,""label"":""Verified"",""source_url"":""https://i.fnri.dost.gov.ph/fct/library/report/3421"",""source_record_id"":""D142"",""source_name"":""DOST-FNRI PhilFCT""},""fiber_g_100g"":{""value_per_100g"":1.3,""value_for_portion"":1.3,""label"":""Verified"",""source_url"":""https://i.fnri.dost.gov.ph/fct/library/report/3421"",""source_record_id"":""D142"",""source_name"":""DOST-FNRI PhilFCT""},""sugar_g_100g"":{""value_per_100g"":4.6,""value_for_portion"":4.6,""label"":""Verified"",""source_url"":""https://i.fnri.dost.gov.ph/fct/library/report/3421"",""source_record_id"":""D142"",""source_name"":""DOST-FNRI PhilFCT""},""sodium_mg_100g"":{""value_per_100g"":3.0,""value_for_portion"":3.0,""label"":""Verified"",""source_url"":""https://i.fnri.dost.gov.ph/fct/library/report/3421"",""source_record_id"":""D142"",""source_name"":""DOST-FNRI PhilFCT""},""cholesterol_mg_100g"":{""value_per_100g"":0.0,""value_for_portion"":0.0,""label"":""Verified"",""source_url"":""https://i.fnri.dost.gov.ph/fct/library/report/3421"",""source_record_id"":""D142"",""source_name"":""DOST-FNRI PhilFCT""}}"
PH_DISH_020,EST_PH_DISH_020_V1,FC000070,Garlic bulb,15,ASSUMED_REFERENCE_MIXTURE,129.0,7.0,24.6,0.3,1.7,0.8,10.0,0.0,"{""kcal_100g"":{""value_per_100g"":129.0,""value_for_portion"":129.0,""label"":""Verified"",""source_url"":""https://i.fnri.dost.gov.ph/fct/library/report/3363"",""source_record_id"":""D084"",""source_name"":""DOST-FNRI PhilFCT""},""protein_g_100g"":{""value_per_100g"":7.0,""value_for_portion"":7.0,""label"":""Verified"",""source_url"":""https://i.fnri.dost.gov.ph/fct/library/report/3363"",""source_record_id"":""D084"",""source_name"":""DOST-FNRI PhilFCT""},""carbs_g_100g"":{""value_per_100g"":24.6,""value_for_portion"":24.6,""label"":""Verified"",""source_url"":""https://i.fnri.dost.gov.ph/fct/library/report/3363"",""source_record_id"":""D084"",""source_name"":""DOST-FNRI PhilFCT""},""fat_g_100g"":{""value_per_100g"":0.3,""value_for_portion"":0.3,""label"":""Verified"",""source_url"":""https://i.fnri.dost.gov.ph/fct/library/report/3363"",""source_record_id"":""D084"",""source_name"":""DOST-FNRI PhilFCT""},""fiber_g_100g"":{""value_per_100g"":1.7,""value_for_portion"":1.7,""label"":""Verified"",""source_url"":""https://i.fnri.dost.gov.ph/fct/library/report/3363"",""source_record_id"":""D084"",""source_name"":""DOST-FNRI PhilFCT""},""sugar_g_100g"":{""value_per_100g"":0.8,""value_for_portion"":0.8,""label"":""Verified"",""source_url"":""https://i.fnri.dost.gov.ph/fct/library/report/3363"",""source_record_id"":""D084"",""source_name"":""DOST-FNRI PhilFCT""},""sodium_mg_100g"":{""value_per_100g"":10.0,""value_for_portion"":10.0,""label"":""Verified"",""source_url"":""https://i.fnri.dost.gov.ph/fct/library/report/3363"",""source_record_id"":""D084"",""source_name"":""DOST-FNRI PhilFCT""},""cholesterol_mg_100g"":{""value_per_100g"":0.0,""value_for_portion"":0.0,""label"":""Verified"",""source_url"":""https://i.fnri.dost.gov.ph/fct/library/report/3363"",""source_record_id"":""D084"",""source_name"":""DOST-FNRI PhilFCT""}}"
PH_DISH_020,EST_PH_DISH_020_V1,FC001216,"Shrimp paste, sauteed",40,ASSUMED_REFERENCE_MIXTURE,401.0,10.2,17.7,32.1,0.9,16.5,1130.0,189.0,"{""kcal_100g"":{""value_per_100g"":401.0,""value_for_portion"":401.0,""label"":""Verified"",""source_url"":""https://i.fnri.dost.gov.ph/fct/library/report/4354"",""source_record_id"":""N031"",""source_name"":""DOST-FNRI PhilFCT""},""protein_g_100g"":{""value_per_100g"":10.2,""value_for_portion"":10.2,""label"":""Verified"",""source_url"":""https://i.fnri.dost.gov.ph/fct/library/report/4354"",""source_record_id"":""N031"",""source_name"":""DOST-FNRI PhilFCT""},""carbs_g_100g"":{""value_per_100g"":17.7,""value_for_portion"":17.7,""label"":""Verified"",""source_url"":""https://i.fnri.dost.gov.ph/fct/library/report/4354"",""source_record_id"":""N031"",""source_name"":""DOST-FNRI PhilFCT""},""fat_g_100g"":{""value_per_100g"":32.1,""value_for_portion"":32.1,""label"":""Verified"",""source_url"":""https://i.fnri.dost.gov.ph/fct/library/report/4354"",""source_record_id"":""N031"",""source_name"":""DOST-FNRI PhilFCT""},""fiber_g_100g"":{""value_per_100g"":0.9,""value_for_portion"":0.9,""label"":""Verified"",""source_url"":""https://i.fnri.dost.gov.ph/fct/library/report/4354"",""source_record_id"":""N031"",""source_name"":""DOST-FNRI PhilFCT""},""sugar_g_100g"":{""value_per_100g"":16.5,""value_for_portion"":16.5,""label"":""Verified"",""source_url"":""https://i.fnri.dost.gov.ph/fct/library/report/4354"",""source_record_id"":""N031"",""source_name"":""DOST-FNRI PhilFCT""},""sodium_mg_100g"":{""value_per_100g"":1130.0,""value_for_portion"":1130.0,""label"":""Verified"",""source_url"":""https://i.fnri.dost.gov.ph/fct/library/report/4354"",""source_record_id"":""N031"",""source_name"":""DOST-FNRI PhilFCT""},""cholesterol_mg_100g"":{""value_per_100g"":189.0,""value_for_portion"":189.0,""label"":""Verified"",""source_url"":""https://i.fnri.dost.gov.ph/fct/library/report/4354"",""source_record_id"":""N031"",""source_name"":""DOST-FNRI PhilFCT""}}"
PH_DISH_020,EST_PH_DISH_020_V1,FC000384,"Pork belly, boiled",200,ASSUMED_REFERENCE_MIXTURE,444.0,13.0,0.0,43.6,0.0,0.0,89.0,48.0,"{""kcal_100g"":{""value_per_100g"":444.0,""value_for_portion"":444.0,""label"":""Verified"",""source_url"":""https://i.fnri.dost.gov.ph/fct/library/report/3858"",""source_record_id"":""F151"",""source_name"":""DOST-FNRI PhilFCT""},""protein_g_100g"":{""value_per_100g"":13.0,""value_for_portion"":13.0,""label"":""Verified"",""source_url"":""https://i.fnri.dost.gov.ph/fct/library/report/3858"",""source_record_id"":""F151"",""source_name"":""DOST-FNRI PhilFCT""},""carbs_g_100g"":{""value_per_100g"":0.0,""value_for_portion"":0.0,""label"":""Verified"",""source_url"":""https://i.fnri.dost.gov.ph/fct/library/report/3858"",""source_record_id"":""F151"",""source_name"":""DOST-FNRI PhilFCT""},""fat_g_100g"":{""value_per_100g"":43.6,""value_for_portion"":43.6,""label"":""Verified"",""source_url"":""https://i.fnri.dost.gov.ph/fct/library/report/3858"",""source_record_id"":""F151"",""source_name"":""DOST-FNRI PhilFCT""},""fiber_g_100g"":{""value_per_100g"":0.0,""value_for_portion"":0.0,""label"":""Verified"",""source_url"":""https://i.fnri.dost.gov.ph/fct/library/report/3858"",""source_record_id"":""F151"",""source_name"":""DOST-FNRI PhilFCT""},""sugar_g_100g"":{""value_per_100g"":0.0,""value_for_portion"":0.0,""label"":""Verified"",""source_url"":""https://i.fnri.dost.gov.ph/fct/library/report/3858"",""source_record_id"":""F151"",""source_name"":""DOST-FNRI PhilFCT""},""sodium_mg_100g"":{""value_per_100g"":89.0,""value_for_portion"":89.0,""label"":""Verified"",""source_url"":""https://i.fnri.dost.gov.ph/fct/library/report/3858"",""source_record_id"":""F151"",""source_name"":""DOST-FNRI PhilFCT""},""cholesterol_mg_100g"":{""value_per_100g"":48.0,""value_for_portion"":48.0,""label"":""Verified"",""source_url"":""https://i.fnri.dost.gov.ph/fct/library/report/3858"",""source_record_id"":""F151"",""source_name"":""DOST-FNRI PhilFCT""}}"
PH_DISH_020,EST_PH_DISH_020_V1,FC000098,Coconut oil,10,ASSUMED_REFERENCE_MIXTURE,892.0,0.0,0.0,99.1,0.0,0.0,0.0,0.0,"{""kcal_100g"":{""value_per_100g"":892.0,""value_for_portion"":892.0,""label"":""Verified"",""source_url"":""https://i.fnri.dost.gov.ph/fct/library/report/4268"",""source_record_id"":""K008"",""source_name"":""DOST-FNRI PhilFCT""},""protein_g_100g"":{""value_per_100g"":0.0,""value_for_portion"":0.0,""label"":""Verified"",""source_url"":""https://i.fnri.dost.gov.ph/fct/library/report/4268"",""source_record_id"":""K008"",""source_name"":""DOST-FNRI PhilFCT""},""carbs_g_100g"":{""value_per_100g"":0.0,""value_for_portion"":0.0,""label"":""Verified"",""source_url"":""https://i.fnri.dost.gov.ph/fct/library/report/4268"",""source_record_id"":""K008"",""source_name"":""DOST-FNRI PhilFCT""},""fat_g_100g"":{""value_per_100g"":99.1,""value_for_portion"":99.1,""label"":""Verified"",""source_url"":""https://i.fnri.dost.gov.ph/fct/library/report/4268"",""source_record_id"":""K008"",""source_name"":""DOST-FNRI PhilFCT""},""fiber_g_100g"":{""value_per_100g"":0.0,""value_for_portion"":0.0,""label"":""Verified"",""source_url"":""https://i.fnri.dost.gov.ph/fct/library/report/4268"",""source_record_id"":""K008"",""source_name"":""DOST-FNRI PhilFCT""},""sugar_g_100g"":{""value_per_100g"":0.0,""value_for_portion"":0.0,""label"":""Verified"",""source_url"":""https://i.fnri.dost.gov.ph/fct/library/report/4268"",""source_record_id"":""K008"",""source_name"":""DOST-FNRI PhilFCT""},""sodium_mg_100g"":{""value_per_100g"":0.0,""value_for_portion"":0.0,""label"":""Verified"",""source_url"":""https://i.fnri.dost.gov.ph/fct/library/report/4268"",""source_record_id"":""K008"",""source_name"":""DOST-FNRI PhilFCT""},""cholesterol_mg_100g"":{""value_per_100g"":0.0,""value_for_portion"":0.0,""label"":""Verified"",""source_url"":""https://i.fnri.dost.gov.ph/fct/library/report/4268"",""source_record_id"":""K008"",""source_name"":""DOST-FNRI PhilFCT""}}"
PH_DISH_020,EST_PH_DISH_020_V1,FC001237,"Beverages, water, tap, drinking",150,ASSUMED_REFERENCE_MIXTURE,0.0,0.0,0.0,0.0,0.0,0.0,4.0,0.0,"{""kcal_100g"":{""value_per_100g"":0.0,""value_for_portion"":0.0,""label"":""Other source"",""source_url"":""https://fdc.nal.usda.gov/food-details/173647/nutrients"",""source_record_id"":""USDA_FC001237_173647"",""source_name"":""USDA FoodData Central SR Legacy""},""protein_g_100g"":{""value_per_100g"":0.0,""value_for_portion"":0.0,""label"":""Other source"",""source_url"":""https://fdc.nal.usda.gov/food-details/173647/nutrients"",""source_record_id"":""USDA_FC001237_173647"",""source_name"":""USDA FoodData Central SR Legacy""},""carbs_g_100g"":{""value_per_100g"":0.0,""value_for_portion"":0.0,""label"":""Other source"",""source_url"":""https://fdc.nal.usda.gov/food-details/173647/nutrients"",""source_record_id"":""USDA_FC001237_173647"",""source_name"":""USDA FoodData Central SR Legacy""},""fat_g_100g"":{""value_per_100g"":0.0,""value_for_portion"":0.0,""label"":""Other source"",""source_url"":""https://fdc.nal.usda.gov/food-details/173647/nutrients"",""source_record_id"":""USDA_FC001237_173647"",""source_name"":""USDA FoodData Central SR Legacy""},""fiber_g_100g"":{""value_per_100g"":0.0,""value_for_portion"":0.0,""label"":""Other source"",""source_url"":""https://fdc.nal.usda.gov/food-details/173647/nutrients"",""source_record_id"":""USDA_FC001237_173647"",""source_name"":""USDA FoodData Central SR Legacy""},""sugar_g_100g"":{""value_per_100g"":0.0,""value_for_portion"":0.0,""label"":""Other source"",""source_url"":""https://fdc.nal.usda.gov/food-details/173647/nutrients"",""source_record_id"":""USDA_FC001237_173647"",""source_name"":""USDA FoodData Central SR Legacy""},""sodium_mg_100g"":{""value_per_100g"":4.0,""value_for_portion"":4.0,""label"":""Other source"",""source_url"":""https://fdc.nal.usda.gov/food-details/173647/nutrients"",""source_record_id"":""USDA_FC001237_173647"",""source_name"":""USDA FoodData Central SR Legacy""},""cholesterol_mg_100g"":{""value_per_100g"":0.0,""value_for_portion"":0.0,""label"":""Other source"",""source_url"":""https://fdc.nal.usda.gov/food-details/173647/nutrients"",""source_record_id"":""USDA_FC001237_173647"",""source_name"":""USDA FoodData Central SR Legacy""}}"
PH_DISH_021,EST_PH_DISH_021_V1,FC000270,"Squash fruit, boiled",400,ASSUMED_REFERENCE_MIXTURE,47.0,0.4,10.8,0.2,1.1,3.4,5.0,0.0,"{""kcal_100g"":{""value_per_100g"":47.0,""value_for_portion"":47.0,""label"":""Verified"",""source_url"":""https://i.fnri.dost.gov.ph/fct/library/report/3505"",""source_record_id"":""D226"",""source_name"":""DOST-FNRI PhilFCT""},""protein_g_100g"":{""value_per_100g"":0.4,""value_for_portion"":0.4,""label"":""Verified"",""source_url"":""https://i.fnri.dost.gov.ph/fct/library/report/3505"",""source_record_id"":""D226"",""source_name"":""DOST-FNRI PhilFCT""},""carbs_g_100g"":{""value_per_100g"":10.8,""value_for_portion"":10.8,""label"":""Verified"",""source_url"":""https://i.fnri.dost.gov.ph/fct/library/report/3505"",""source_record_id"":""D226"",""source_name"":""DOST-FNRI PhilFCT""},""fat_g_100g"":{""value_per_100g"":0.2,""value_for_portion"":0.2,""label"":""Verified"",""source_url"":""https://i.fnri.dost.gov.ph/fct/library/report/3505"",""source_record_id"":""D226"",""source_name"":""DOST-FNRI PhilFCT""},""fiber_g_100g"":{""value_per_100g"":1.1,""value_for_portion"":1.1,""label"":""Verified"",""source_url"":""https://i.fnri.dost.gov.ph/fct/library/report/3505"",""source_record_id"":""D226"",""source_name"":""DOST-FNRI PhilFCT""},""sugar_g_100g"":{""value_per_100g"":3.4,""value_for_portion"":3.4,""label"":""Verified"",""source_url"":""https://i.fnri.dost.gov.ph/fct/library/report/3505"",""source_record_id"":""D226"",""source_name"":""DOST-FNRI PhilFCT""},""sodium_mg_100g"":{""value_per_100g"":5.0,""value_for_portion"":5.0,""label"":""Verified"",""source_url"":""https://i.fnri.dost.gov.ph/fct/library/report/3505"",""source_record_id"":""D226"",""source_name"":""DOST-FNRI PhilFCT""},""cholesterol_mg_100g"":{""value_per_100g"":0.0,""value_for_portion"":0.0,""label"":""Verified"",""source_url"":""https://i.fnri.dost.gov.ph/fct/library/report/3505"",""source_record_id"":""D226"",""source_name"":""DOST-FNRI PhilFCT""}}"
PH_DISH_021,EST_PH_DISH_021_V1,FC000272,"String/Yard long bean pod, green, boiled",300,ASSUMED_REFERENCE_MIXTURE,52.0,4.0,7.9,0.5,2.7,,4.0,0.0,"{""kcal_100g"":{""value_per_100g"":52.0,""value_for_portion"":52.0,""label"":""Verified"",""source_url"":""https://i.fnri.dost.gov.ph/fct/library/report/3512"",""source_record_id"":""D233"",""source_name"":""DOST-FNRI PhilFCT""},""protein_g_100g"":{""value_per_100g"":4.0,""value_for_portion"":4.0,""label"":""Verified"",""source_url"":""https://i.fnri.dost.gov.ph/fct/library/report/3512"",""source_record_id"":""D233"",""source_name"":""DOST-FNRI PhilFCT""},""carbs_g_100g"":{""value_per_100g"":7.9,""value_for_portion"":7.9,""label"":""Verified"",""source_url"":""https://i.fnri.dost.gov.ph/fct/library/report/3512"",""source_record_id"":""D233"",""source_name"":""DOST-FNRI PhilFCT""},""fat_g_100g"":{""value_per_100g"":0.5,""value_for_portion"":0.5,""label"":""Verified"",""source_url"":""https://i.fnri.dost.gov.ph/fct/library/report/3512"",""source_record_id"":""D233"",""source_name"":""DOST-FNRI PhilFCT""},""fiber_g_100g"":{""value_per_100g"":2.7,""value_for_portion"":2.7,""label"":""Verified"",""source_url"":""https://i.fnri.dost.gov.ph/fct/library/report/3512"",""source_record_id"":""D233"",""source_name"":""DOST-FNRI PhilFCT""},""sugar_g_100g"":{""value_per_100g"":null,""value_for_portion"":null,""label"":""Unknown"",""source_url"":null,""source_record_id"":null,""source_name"":null},""sodium_mg_100g"":{""value_per_100g"":4.0,""value_for_portion"":4.0,""label"":""Verified"",""source_url"":""https://i.fnri.dost.gov.ph/fct/library/report/3512"",""source_record_id"":""D233"",""source_name"":""DOST-FNRI PhilFCT""},""cholesterol_mg_100g"":{""value_per_100g"":0.0,""value_for_portion"":0.0,""label"":""Verified"",""source_url"":""https://i.fnri.dost.gov.ph/fct/library/report/3512"",""source_record_id"":""D233"",""source_name"":""DOST-FNRI PhilFCT""}}"
PH_DISH_021,EST_PH_DISH_021_V1,FC000097,Coconut milk,300,ASSUMED_REFERENCE_MIXTURE,343.0,5.5,1.9,34.8,2.1,,18.0,0.0,"{""kcal_100g"":{""value_per_100g"":343.0,""value_for_portion"":343.0,""label"":""Verified"",""source_url"":""https://i.fnri.dost.gov.ph/fct/library/report/4262"",""source_record_id"":""K002"",""source_name"":""DOST-FNRI PhilFCT""},""protein_g_100g"":{""value_per_100g"":5.5,""value_for_portion"":5.5,""label"":""Verified"",""source_url"":""https://i.fnri.dost.gov.ph/fct/library/report/4262"",""source_record_id"":""K002"",""source_name"":""DOST-FNRI PhilFCT""},""carbs_g_100g"":{""value_per_100g"":1.9,""value_for_portion"":1.9,""label"":""Verified"",""source_url"":""https://i.fnri.dost.gov.ph/fct/library/report/4262"",""source_record_id"":""K002"",""source_name"":""DOST-FNRI PhilFCT""},""fat_g_100g"":{""value_per_100g"":34.8,""value_for_portion"":34.8,""label"":""Verified"",""source_url"":""https://i.fnri.dost.gov.ph/fct/library/report/4262"",""source_record_id"":""K002"",""source_name"":""DOST-FNRI PhilFCT""},""fiber_g_100g"":{""value_per_100g"":2.1,""value_for_portion"":2.1,""label"":""Verified"",""source_url"":""https://i.fnri.dost.gov.ph/fct/library/report/4262"",""source_record_id"":""K002"",""source_name"":""DOST-FNRI PhilFCT""},""sugar_g_100g"":{""value_per_100g"":null,""value_for_portion"":null,""label"":""Unknown"",""source_url"":null,""source_record_id"":null,""source_name"":null},""sodium_mg_100g"":{""value_per_100g"":18.0,""value_for_portion"":18.0,""label"":""Verified"",""source_url"":""https://i.fnri.dost.gov.ph/fct/library/report/4262"",""source_record_id"":""K002"",""source_name"":""DOST-FNRI PhilFCT""},""cholesterol_mg_100g"":{""value_per_100g"":0.0,""value_for_portion"":0.0,""label"":""Verified"",""source_url"":""https://i.fnri.dost.gov.ph/fct/library/report/4262"",""source_record_id"":""K002"",""source_name"":""DOST-FNRI PhilFCT""}}"
PH_DISH_021,EST_PH_DISH_021_V1,FC000333,"Onion, Bombay bulb, boiled",60,ASSUMED_REFERENCE_MIXTURE,47.0,1.2,9.7,0.4,1.3,4.6,3.0,0.0,"{""kcal_100g"":{""value_per_100g"":47.0,""value_for_portion"":47.0,""label"":""Verified"",""source_url"":""https://i.fnri.dost.gov.ph/fct/library/report/3421"",""source_record_id"":""D142"",""source_name"":""DOST-FNRI PhilFCT""},""protein_g_100g"":{""value_per_100g"":1.2,""value_for_portion"":1.2,""label"":""Verified"",""source_url"":""https://i.fnri.dost.gov.ph/fct/library/report/3421"",""source_record_id"":""D142"",""source_name"":""DOST-FNRI PhilFCT""},""carbs_g_100g"":{""value_per_100g"":9.7,""value_for_portion"":9.7,""label"":""Verified"",""source_url"":""https://i.fnri.dost.gov.ph/fct/library/report/3421"",""source_record_id"":""D142"",""source_name"":""DOST-FNRI PhilFCT""},""fat_g_100g"":{""value_per_100g"":0.4,""value_for_portion"":0.4,""label"":""Verified"",""source_url"":""https://i.fnri.dost.gov.ph/fct/library/report/3421"",""source_record_id"":""D142"",""source_name"":""DOST-FNRI PhilFCT""},""fiber_g_100g"":{""value_per_100g"":1.3,""value_for_portion"":1.3,""label"":""Verified"",""source_url"":""https://i.fnri.dost.gov.ph/fct/library/report/3421"",""source_record_id"":""D142"",""source_name"":""DOST-FNRI PhilFCT""},""sugar_g_100g"":{""value_per_100g"":4.6,""value_for_portion"":4.6,""label"":""Verified"",""source_url"":""https://i.fnri.dost.gov.ph/fct/library/report/3421"",""source_record_id"":""D142"",""source_name"":""DOST-FNRI PhilFCT""},""sodium_mg_100g"":{""value_per_100g"":3.0,""value_for_portion"":3.0,""label"":""Verified"",""source_url"":""https://i.fnri.dost.gov.ph/fct/library/report/3421"",""source_record_id"":""D142"",""source_name"":""DOST-FNRI PhilFCT""},""cholesterol_mg_100g"":{""value_per_100g"":0.0,""value_for_portion"":0.0,""label"":""Verified"",""source_url"":""https://i.fnri.dost.gov.ph/fct/library/report/3421"",""source_record_id"":""D142"",""source_name"":""DOST-FNRI PhilFCT""}}"
PH_DISH_021,EST_PH_DISH_021_V1,FC000070,Garlic bulb,15,ASSUMED_REFERENCE_MIXTURE,129.0,7.0,24.6,0.3,1.7,0.8,10.0,0.0,"{""kcal_100g"":{""value_per_100g"":129.0,""value_for_portion"":129.0,""label"":""Verified"",""source_url"":""https://i.fnri.dost.gov.ph/fct/library/report/3363"",""source_record_id"":""D084"",""source_name"":""DOST-FNRI PhilFCT""},""protein_g_100g"":{""value_per_100g"":7.0,""value_for_portion"":7.0,""label"":""Verified"",""source_url"":""https://i.fnri.dost.gov.ph/fct/library/report/3363"",""source_record_id"":""D084"",""source_name"":""DOST-FNRI PhilFCT""},""carbs_g_100g"":{""value_per_100g"":24.6,""value_for_portion"":24.6,""label"":""Verified"",""source_url"":""https://i.fnri.dost.gov.ph/fct/library/report/3363"",""source_record_id"":""D084"",""source_name"":""DOST-FNRI PhilFCT""},""fat_g_100g"":{""value_per_100g"":0.3,""value_for_portion"":0.3,""label"":""Verified"",""source_url"":""https://i.fnri.dost.gov.ph/fct/library/report/3363"",""source_record_id"":""D084"",""source_name"":""DOST-FNRI PhilFCT""},""fiber_g_100g"":{""value_per_100g"":1.7,""value_for_portion"":1.7,""label"":""Verified"",""source_url"":""https://i.fnri.dost.gov.ph/fct/library/report/3363"",""source_record_id"":""D084"",""source_name"":""DOST-FNRI PhilFCT""},""sugar_g_100g"":{""value_per_100g"":0.8,""value_for_portion"":0.8,""label"":""Verified"",""source_url"":""https://i.fnri.dost.gov.ph/fct/library/report/3363"",""source_record_id"":""D084"",""source_name"":""DOST-FNRI PhilFCT""},""sodium_mg_100g"":{""value_per_100g"":10.0,""value_for_portion"":10.0,""label"":""Verified"",""source_url"":""https://i.fnri.dost.gov.ph/fct/library/report/3363"",""source_record_id"":""D084"",""source_name"":""DOST-FNRI PhilFCT""},""cholesterol_mg_100g"":{""value_per_100g"":0.0,""value_for_portion"":0.0,""label"":""Verified"",""source_url"":""https://i.fnri.dost.gov.ph/fct/library/report/3363"",""source_record_id"":""D084"",""source_name"":""DOST-FNRI PhilFCT""}}"
PH_DISH_021,EST_PH_DISH_021_V1,FC000317,Ginger,15,ASSUMED_REFERENCE_MIXTURE,46.0,1.1,8.5,0.8,1.1,0.9,3.0,0.0,"{""kcal_100g"":{""value_per_100g"":46.0,""value_for_portion"":46.0,""label"":""Verified"",""source_url"":""https://i.fnri.dost.gov.ph/fct/library/report/5005"",""source_record_id"":""D304"",""source_name"":""DOST-FNRI PhilFCT""},""protein_g_100g"":{""value_per_100g"":1.1,""value_for_portion"":1.1,""label"":""Verified"",""source_url"":""https://i.fnri.dost.gov.ph/fct/library/report/5005"",""source_record_id"":""D304"",""source_name"":""DOST-FNRI PhilFCT""},""carbs_g_100g"":{""value_per_100g"":8.5,""value_for_portion"":8.5,""label"":""Verified"",""source_url"":""https://i.fnri.dost.gov.ph/fct/library/report/5005"",""source_record_id"":""D304"",""source_name"":""DOST-FNRI PhilFCT""},""fat_g_100g"":{""value_per_100g"":0.8,""value_for_portion"":0.8,""label"":""Verified"",""source_url"":""https://i.fnri.dost.gov.ph/fct/library/report/5005"",""source_record_id"":""D304"",""source_name"":""DOST-FNRI PhilFCT""},""fiber_g_100g"":{""value_per_100g"":1.1,""value_for_portion"":1.1,""label"":""Verified"",""source_url"":""https://i.fnri.dost.gov.ph/fct/library/report/5005"",""source_record_id"":""D304"",""source_name"":""DOST-FNRI PhilFCT""},""sugar_g_100g"":{""value_per_100g"":0.9,""value_for_portion"":0.9,""label"":""Verified"",""source_url"":""https://i.fnri.dost.gov.ph/fct/library/report/5005"",""source_record_id"":""D304"",""source_name"":""DOST-FNRI PhilFCT""},""sodium_mg_100g"":{""value_per_100g"":3.0,""value_for_portion"":3.0,""label"":""Verified"",""source_url"":""https://i.fnri.dost.gov.ph/fct/library/report/5005"",""source_record_id"":""D304"",""source_name"":""DOST-FNRI PhilFCT""},""cholesterol_mg_100g"":{""value_per_100g"":0.0,""value_for_portion"":0.0,""label"":""Verified"",""source_url"":""https://i.fnri.dost.gov.ph/fct/library/report/5005"",""source_record_id"":""D304"",""source_name"":""DOST-FNRI PhilFCT""}}"
PH_DISH_021,EST_PH_DISH_021_V1,FC000612,"Salt, coarse",3,ASSUMED_REFERENCE_MIXTURE,0.0,0.0,0.0,0.0,0.0,0.0,34836.0,0.0,"{""kcal_100g"":{""value_per_100g"":0.0,""value_for_portion"":0.0,""label"":""Verified"",""source_url"":""https://i.fnri.dost.gov.ph/fct/library/report/4342"",""source_record_id"":""N019"",""source_name"":""DOST-FNRI PhilFCT""},""protein_g_100g"":{""value_per_100g"":0.0,""value_for_portion"":0.0,""label"":""Verified"",""source_url"":""https://i.fnri.dost.gov.ph/fct/library/report/4342"",""source_record_id"":""N019"",""source_name"":""DOST-FNRI PhilFCT""},""carbs_g_100g"":{""value_per_100g"":0.0,""value_for_portion"":0.0,""label"":""Verified"",""source_url"":""https://i.fnri.dost.gov.ph/fct/library/report/4342"",""source_record_id"":""N019"",""source_name"":""DOST-FNRI PhilFCT""},""fat_g_100g"":{""value_per_100g"":0.0,""value_for_portion"":0.0,""label"":""Verified"",""source_url"":""https://i.fnri.dost.gov.ph/fct/library/report/4342"",""source_record_id"":""N019"",""source_name"":""DOST-FNRI PhilFCT""},""fiber_g_100g"":{""value_per_100g"":0.0,""value_for_portion"":0.0,""label"":""Verified"",""source_url"":""https://i.fnri.dost.gov.ph/fct/library/report/4342"",""source_record_id"":""N019"",""source_name"":""DOST-FNRI PhilFCT""},""sugar_g_100g"":{""value_per_100g"":0.0,""value_for_portion"":0.0,""label"":""Verified"",""source_url"":""https://i.fnri.dost.gov.ph/fct/library/report/4342"",""source_record_id"":""N019"",""source_name"":""DOST-FNRI PhilFCT""},""sodium_mg_100g"":{""value_per_100g"":34836.0,""value_for_portion"":34836.0,""label"":""Verified"",""source_url"":""https://i.fnri.dost.gov.ph/fct/library/report/4342"",""source_record_id"":""N019"",""source_name"":""DOST-FNRI PhilFCT""},""cholesterol_mg_100g"":{""value_per_100g"":0.0,""value_for_portion"":0.0,""label"":""Verified"",""source_url"":""https://i.fnri.dost.gov.ph/fct/library/report/4342"",""source_record_id"":""N019"",""source_name"":""DOST-FNRI PhilFCT""}}"
PH_DISH_021,EST_PH_DISH_021_V1,FC001237,"Beverages, water, tap, drinking",150,ASSUMED_REFERENCE_MIXTURE,0.0,0.0,0.0,0.0,0.0,0.0,4.0,0.0,"{""kcal_100g"":{""value_per_100g"":0.0,""value_for_portion"":0.0,""label"":""Other source"",""source_url"":""https://fdc.nal.usda.gov/food-details/173647/nutrients"",""source_record_id"":""USDA_FC001237_173647"",""source_name"":""USDA FoodData Central SR Legacy""},""protein_g_100g"":{""value_per_100g"":0.0,""value_for_portion"":0.0,""label"":""Other source"",""source_url"":""https://fdc.nal.usda.gov/food-details/173647/nutrients"",""source_record_id"":""USDA_FC001237_173647"",""source_name"":""USDA FoodData Central SR Legacy""},""carbs_g_100g"":{""value_per_100g"":0.0,""value_for_portion"":0.0,""label"":""Other source"",""source_url"":""https://fdc.nal.usda.gov/food-details/173647/nutrients"",""source_record_id"":""USDA_FC001237_173647"",""source_name"":""USDA FoodData Central SR Legacy""},""fat_g_100g"":{""value_per_100g"":0.0,""value_for_portion"":0.0,""label"":""Other source"",""source_url"":""https://fdc.nal.usda.gov/food-details/173647/nutrients"",""source_record_id"":""USDA_FC001237_173647"",""source_name"":""USDA FoodData Central SR Legacy""},""fiber_g_100g"":{""value_per_100g"":0.0,""value_for_portion"":0.0,""label"":""Other source"",""source_url"":""https://fdc.nal.usda.gov/food-details/173647/nutrients"",""source_record_id"":""USDA_FC001237_173647"",""source_name"":""USDA FoodData Central SR Legacy""},""sugar_g_100g"":{""value_per_100g"":0.0,""value_for_portion"":0.0,""label"":""Other source"",""source_url"":""https://fdc.nal.usda.gov/food-details/173647/nutrients"",""source_record_id"":""USDA_FC001237_173647"",""source_name"":""USDA FoodData Central SR Legacy""},""sodium_mg_100g"":{""value_per_100g"":4.0,""value_for_portion"":4.0,""label"":""Other source"",""source_url"":""https://fdc.nal.usda.gov/food-details/173647/nutrients"",""source_record_id"":""USDA_FC001237_173647"",""source_name"":""USDA FoodData Central SR Legacy""},""cholesterol_mg_100g"":{""value_per_100g"":0.0,""value_for_portion"":0.0,""label"":""Other source"",""source_url"":""https://fdc.nal.usda.gov/food-details/173647/nutrients"",""source_record_id"":""USDA_FC001237_173647"",""source_name"":""USDA FoodData Central SR Legacy""}}"
PH_DISH_022,EST_PH_DISH_022_V1,FC000270,"Squash fruit, boiled",400,ASSUMED_REFERENCE_MIXTURE,47.0,0.4,10.8,0.2,1.1,3.4,5.0,0.0,"{""kcal_100g"":{""value_per_100g"":47.0,""value_for_portion"":47.0,""label"":""Verified"",""source_url"":""https://i.fnri.dost.gov.ph/fct/library/report/3505"",""source_record_id"":""D226"",""source_name"":""DOST-FNRI PhilFCT""},""protein_g_100g"":{""value_per_100g"":0.4,""value_for_portion"":0.4,""label"":""Verified"",""source_url"":""https://i.fnri.dost.gov.ph/fct/library/report/3505"",""source_record_id"":""D226"",""source_name"":""DOST-FNRI PhilFCT""},""carbs_g_100g"":{""value_per_100g"":10.8,""value_for_portion"":10.8,""label"":""Verified"",""source_url"":""https://i.fnri.dost.gov.ph/fct/library/report/3505"",""source_record_id"":""D226"",""source_name"":""DOST-FNRI PhilFCT""},""fat_g_100g"":{""value_per_100g"":0.2,""value_for_portion"":0.2,""label"":""Verified"",""source_url"":""https://i.fnri.dost.gov.ph/fct/library/report/3505"",""source_record_id"":""D226"",""source_name"":""DOST-FNRI PhilFCT""},""fiber_g_100g"":{""value_per_100g"":1.1,""value_for_portion"":1.1,""label"":""Verified"",""source_url"":""https://i.fnri.dost.gov.ph/fct/library/report/3505"",""source_record_id"":""D226"",""source_name"":""DOST-FNRI PhilFCT""},""sugar_g_100g"":{""value_per_100g"":3.4,""value_for_portion"":3.4,""label"":""Verified"",""source_url"":""https://i.fnri.dost.gov.ph/fct/library/report/3505"",""source_record_id"":""D226"",""source_name"":""DOST-FNRI PhilFCT""},""sodium_mg_100g"":{""value_per_100g"":5.0,""value_for_portion"":5.0,""label"":""Verified"",""source_url"":""https://i.fnri.dost.gov.ph/fct/library/report/3505"",""source_record_id"":""D226"",""source_name"":""DOST-FNRI PhilFCT""},""cholesterol_mg_100g"":{""value_per_100g"":0.0,""value_for_portion"":0.0,""label"":""Verified"",""source_url"":""https://i.fnri.dost.gov.ph/fct/library/report/3505"",""source_record_id"":""D226"",""source_name"":""DOST-FNRI PhilFCT""}}"
PH_DISH_022,EST_PH_DISH_022_V1,FC000272,"String/Yard long bean pod, green, boiled",300,ASSUMED_REFERENCE_MIXTURE,52.0,4.0,7.9,0.5,2.7,,4.0,0.0,"{""kcal_100g"":{""value_per_100g"":52.0,""value_for_portion"":52.0,""label"":""Verified"",""source_url"":""https://i.fnri.dost.gov.ph/fct/library/report/3512"",""source_record_id"":""D233"",""source_name"":""DOST-FNRI PhilFCT""},""protein_g_100g"":{""value_per_100g"":4.0,""value_for_portion"":4.0,""label"":""Verified"",""source_url"":""https://i.fnri.dost.gov.ph/fct/library/report/3512"",""source_record_id"":""D233"",""source_name"":""DOST-FNRI PhilFCT""},""carbs_g_100g"":{""value_per_100g"":7.9,""value_for_portion"":7.9,""label"":""Verified"",""source_url"":""https://i.fnri.dost.gov.ph/fct/library/report/3512"",""source_record_id"":""D233"",""source_name"":""DOST-FNRI PhilFCT""},""fat_g_100g"":{""value_per_100g"":0.5,""value_for_portion"":0.5,""label"":""Verified"",""source_url"":""https://i.fnri.dost.gov.ph/fct/library/report/3512"",""source_record_id"":""D233"",""source_name"":""DOST-FNRI PhilFCT""},""fiber_g_100g"":{""value_per_100g"":2.7,""value_for_portion"":2.7,""label"":""Verified"",""source_url"":""https://i.fnri.dost.gov.ph/fct/library/report/3512"",""source_record_id"":""D233"",""source_name"":""DOST-FNRI PhilFCT""},""sugar_g_100g"":{""value_per_100g"":null,""value_for_portion"":null,""label"":""Unknown"",""source_url"":null,""source_record_id"":null,""source_name"":null},""sodium_mg_100g"":{""value_per_100g"":4.0,""value_for_portion"":4.0,""label"":""Verified"",""source_url"":""https://i.fnri.dost.gov.ph/fct/library/report/3512"",""source_record_id"":""D233"",""source_name"":""DOST-FNRI PhilFCT""},""cholesterol_mg_100g"":{""value_per_100g"":0.0,""value_for_portion"":0.0,""label"":""Verified"",""source_url"":""https://i.fnri.dost.gov.ph/fct/library/report/3512"",""source_record_id"":""D233"",""source_name"":""DOST-FNRI PhilFCT""}}"
PH_DISH_022,EST_PH_DISH_022_V1,FC000454,"Shrimp, banana prawn, boiled",200,ASSUMED_REFERENCE_MIXTURE,104.0,11.2,14.0,0.4,0.0,0.0,113.0,,"{""kcal_100g"":{""value_per_100g"":104.0,""value_for_portion"":104.0,""label"":""Verified"",""source_url"":""https://i.fnri.dost.gov.ph/fct/library/report/4094"",""source_record_id"":""G114"",""source_name"":""DOST-FNRI PhilFCT""},""protein_g_100g"":{""value_per_100g"":11.2,""value_for_portion"":11.2,""label"":""Verified"",""source_url"":""https://i.fnri.dost.gov.ph/fct/library/report/4094"",""source_record_id"":""G114"",""source_name"":""DOST-FNRI PhilFCT""},""carbs_g_100g"":{""value_per_100g"":14.0,""value_for_portion"":14.0,""label"":""Verified"",""source_url"":""https://i.fnri.dost.gov.ph/fct/library/report/4094"",""source_record_id"":""G114"",""source_name"":""DOST-FNRI PhilFCT""},""fat_g_100g"":{""value_per_100g"":0.4,""value_for_portion"":0.4,""label"":""Verified"",""source_url"":""https://i.fnri.dost.gov.ph/fct/library/report/4094"",""source_record_id"":""G114"",""source_name"":""DOST-FNRI PhilFCT""},""fiber_g_100g"":{""value_per_100g"":0.0,""value_for_portion"":0.0,""label"":""Verified"",""source_url"":""https://i.fnri.dost.gov.ph/fct/library/report/4094"",""source_record_id"":""G114"",""source_name"":""DOST-FNRI PhilFCT""},""sugar_g_100g"":{""value_per_100g"":0.0,""value_for_portion"":0.0,""label"":""Verified"",""source_url"":""https://i.fnri.dost.gov.ph/fct/library/report/4094"",""source_record_id"":""G114"",""source_name"":""DOST-FNRI PhilFCT""},""sodium_mg_100g"":{""value_per_100g"":113.0,""value_for_portion"":113.0,""label"":""Verified"",""source_url"":""https://i.fnri.dost.gov.ph/fct/library/report/4094"",""source_record_id"":""G114"",""source_name"":""DOST-FNRI PhilFCT""},""cholesterol_mg_100g"":{""value_per_100g"":null,""value_for_portion"":null,""label"":""Unknown"",""source_url"":null,""source_record_id"":null,""source_name"":null}}"
PH_DISH_022,EST_PH_DISH_022_V1,FC000097,Coconut milk,300,ASSUMED_REFERENCE_MIXTURE,343.0,5.5,1.9,34.8,2.1,,18.0,0.0,"{""kcal_100g"":{""value_per_100g"":343.0,""value_for_portion"":343.0,""label"":""Verified"",""source_url"":""https://i.fnri.dost.gov.ph/fct/library/report/4262"",""source_record_id"":""K002"",""source_name"":""DOST-FNRI PhilFCT""},""protein_g_100g"":{""value_per_100g"":5.5,""value_for_portion"":5.5,""label"":""Verified"",""source_url"":""https://i.fnri.dost.gov.ph/fct/library/report/4262"",""source_record_id"":""K002"",""source_name"":""DOST-FNRI PhilFCT""},""carbs_g_100g"":{""value_per_100g"":1.9,""value_for_portion"":1.9,""label"":""Verified"",""source_url"":""https://i.fnri.dost.gov.ph/fct/library/report/4262"",""source_record_id"":""K002"",""source_name"":""DOST-FNRI PhilFCT""},""fat_g_100g"":{""value_per_100g"":34.8,""value_for_portion"":34.8,""label"":""Verified"",""source_url"":""https://i.fnri.dost.gov.ph/fct/library/report/4262"",""source_record_id"":""K002"",""source_name"":""DOST-FNRI PhilFCT""},""fiber_g_100g"":{""value_per_100g"":2.1,""value_for_portion"":2.1,""label"":""Verified"",""source_url"":""https://i.fnri.dost.gov.ph/fct/library/report/4262"",""source_record_id"":""K002"",""source_name"":""DOST-FNRI PhilFCT""},""sugar_g_100g"":{""value_per_100g"":null,""value_for_portion"":null,""label"":""Unknown"",""source_url"":null,""source_record_id"":null,""source_name"":null},""sodium_mg_100g"":{""value_per_100g"":18.0,""value_for_portion"":18.0,""label"":""Verified"",""source_url"":""https://i.fnri.dost.gov.ph/fct/library/report/4262"",""source_record_id"":""K002"",""source_name"":""DOST-FNRI PhilFCT""},""cholesterol_mg_100g"":{""value_per_100g"":0.0,""value_for_portion"":0.0,""label"":""Verified"",""source_url"":""https://i.fnri.dost.gov.ph/fct/library/report/4262"",""source_record_id"":""K002"",""source_name"":""DOST-FNRI PhilFCT""}}"
PH_DISH_022,EST_PH_DISH_022_V1,FC000333,"Onion, Bombay bulb, boiled",60,ASSUMED_REFERENCE_MIXTURE,47.0,1.2,9.7,0.4,1.3,4.6,3.0,0.0,"{""kcal_100g"":{""value_per_100g"":47.0,""value_for_portion"":47.0,""label"":""Verified"",""source_url"":""https://i.fnri.dost.gov.ph/fct/library/report/3421"",""source_record_id"":""D142"",""source_name"":""DOST-FNRI PhilFCT""},""protein_g_100g"":{""value_per_100g"":1.2,""value_for_portion"":1.2,""label"":""Verified"",""source_url"":""https://i.fnri.dost.gov.ph/fct/library/report/3421"",""source_record_id"":""D142"",""source_name"":""DOST-FNRI PhilFCT""},""carbs_g_100g"":{""value_per_100g"":9.7,""value_for_portion"":9.7,""label"":""Verified"",""source_url"":""https://i.fnri.dost.gov.ph/fct/library/report/3421"",""source_record_id"":""D142"",""source_name"":""DOST-FNRI PhilFCT""},""fat_g_100g"":{""value_per_100g"":0.4,""value_for_portion"":0.4,""label"":""Verified"",""source_url"":""https://i.fnri.dost.gov.ph/fct/library/report/3421"",""source_record_id"":""D142"",""source_name"":""DOST-FNRI PhilFCT""},""fiber_g_100g"":{""value_per_100g"":1.3,""value_for_portion"":1.3,""label"":""Verified"",""source_url"":""https://i.fnri.dost.gov.ph/fct/library/report/3421"",""source_record_id"":""D142"",""source_name"":""DOST-FNRI PhilFCT""},""sugar_g_100g"":{""value_per_100g"":4.6,""value_for_portion"":4.6,""label"":""Verified"",""source_url"":""https://i.fnri.dost.gov.ph/fct/library/report/3421"",""source_record_id"":""D142"",""source_name"":""DOST-FNRI PhilFCT""},""sodium_mg_100g"":{""value_per_100g"":3.0,""value_for_portion"":3.0,""label"":""Verified"",""source_url"":""https://i.fnri.dost.gov.ph/fct/library/report/3421"",""source_record_id"":""D142"",""source_name"":""DOST-FNRI PhilFCT""},""cholesterol_mg_100g"":{""value_per_100g"":0.0,""value_for_portion"":0.0,""label"":""Verified"",""source_url"":""https://i.fnri.dost.gov.ph/fct/library/report/3421"",""source_record_id"":""D142"",""source_name"":""DOST-FNRI PhilFCT""}}"
PH_DISH_022,EST_PH_DISH_022_V1,FC000070,Garlic bulb,15,ASSUMED_REFERENCE_MIXTURE,129.0,7.0,24.6,0.3,1.7,0.8,10.0,0.0,"{""kcal_100g"":{""value_per_100g"":129.0,""value_for_portion"":129.0,""label"":""Verified"",""source_url"":""https://i.fnri.dost.gov.ph/fct/library/report/3363"",""source_record_id"":""D084"",""source_name"":""DOST-FNRI PhilFCT""},""protein_g_100g"":{""value_per_100g"":7.0,""value_for_portion"":7.0,""label"":""Verified"",""source_url"":""https://i.fnri.dost.gov.ph/fct/library/report/3363"",""source_record_id"":""D084"",""source_name"":""DOST-FNRI PhilFCT""},""carbs_g_100g"":{""value_per_100g"":24.6,""value_for_portion"":24.6,""label"":""Verified"",""source_url"":""https://i.fnri.dost.gov.ph/fct/library/report/3363"",""source_record_id"":""D084"",""source_name"":""DOST-FNRI PhilFCT""},""fat_g_100g"":{""value_per_100g"":0.3,""value_for_portion"":0.3,""label"":""Verified"",""source_url"":""https://i.fnri.dost.gov.ph/fct/library/report/3363"",""source_record_id"":""D084"",""source_name"":""DOST-FNRI PhilFCT""},""fiber_g_100g"":{""value_per_100g"":1.7,""value_for_portion"":1.7,""label"":""Verified"",""source_url"":""https://i.fnri.dost.gov.ph/fct/library/report/3363"",""source_record_id"":""D084"",""source_name"":""DOST-FNRI PhilFCT""},""sugar_g_100g"":{""value_per_100g"":0.8,""value_for_portion"":0.8,""label"":""Verified"",""source_url"":""https://i.fnri.dost.gov.ph/fct/library/report/3363"",""source_record_id"":""D084"",""source_name"":""DOST-FNRI PhilFCT""},""sodium_mg_100g"":{""value_per_100g"":10.0,""value_for_portion"":10.0,""label"":""Verified"",""source_url"":""https://i.fnri.dost.gov.ph/fct/library/report/3363"",""source_record_id"":""D084"",""source_name"":""DOST-FNRI PhilFCT""},""cholesterol_mg_100g"":{""value_per_100g"":0.0,""value_for_portion"":0.0,""label"":""Verified"",""source_url"":""https://i.fnri.dost.gov.ph/fct/library/report/3363"",""source_record_id"":""D084"",""source_name"":""DOST-FNRI PhilFCT""}}"
PH_DISH_022,EST_PH_DISH_022_V1,FC000317,Ginger,15,ASSUMED_REFERENCE_MIXTURE,46.0,1.1,8.5,0.8,1.1,0.9,3.0,0.0,"{""kcal_100g"":{""value_per_100g"":46.0,""value_for_portion"":46.0,""label"":""Verified"",""source_url"":""https://i.fnri.dost.gov.ph/fct/library/report/5005"",""source_record_id"":""D304"",""source_name"":""DOST-FNRI PhilFCT""},""protein_g_100g"":{""value_per_100g"":1.1,""value_for_portion"":1.1,""label"":""Verified"",""source_url"":""https://i.fnri.dost.gov.ph/fct/library/report/5005"",""source_record_id"":""D304"",""source_name"":""DOST-FNRI PhilFCT""},""carbs_g_100g"":{""value_per_100g"":8.5,""value_for_portion"":8.5,""label"":""Verified"",""source_url"":""https://i.fnri.dost.gov.ph/fct/library/report/5005"",""source_record_id"":""D304"",""source_name"":""DOST-FNRI PhilFCT""},""fat_g_100g"":{""value_per_100g"":0.8,""value_for_portion"":0.8,""label"":""Verified"",""source_url"":""https://i.fnri.dost.gov.ph/fct/library/report/5005"",""source_record_id"":""D304"",""source_name"":""DOST-FNRI PhilFCT""},""fiber_g_100g"":{""value_per_100g"":1.1,""value_for_portion"":1.1,""label"":""Verified"",""source_url"":""https://i.fnri.dost.gov.ph/fct/library/report/5005"",""source_record_id"":""D304"",""source_name"":""DOST-FNRI PhilFCT""},""sugar_g_100g"":{""value_per_100g"":0.9,""value_for_portion"":0.9,""label"":""Verified"",""source_url"":""https://i.fnri.dost.gov.ph/fct/library/report/5005"",""source_record_id"":""D304"",""source_name"":""DOST-FNRI PhilFCT""},""sodium_mg_100g"":{""value_per_100g"":3.0,""value_for_portion"":3.0,""label"":""Verified"",""source_url"":""https://i.fnri.dost.gov.ph/fct/library/report/5005"",""source_record_id"":""D304"",""source_name"":""DOST-FNRI PhilFCT""},""cholesterol_mg_100g"":{""value_per_100g"":0.0,""value_for_portion"":0.0,""label"":""Verified"",""source_url"":""https://i.fnri.dost.gov.ph/fct/library/report/5005"",""source_record_id"":""D304"",""source_name"":""DOST-FNRI PhilFCT""}}"
PH_DISH_022,EST_PH_DISH_022_V1,FC000100,Fish sauce,20,ASSUMED_REFERENCE_MIXTURE,49.0,10.6,0.9,0.3,0.0,,5061.0,0.0,"{""kcal_100g"":{""value_per_100g"":49.0,""value_for_portion"":49.0,""label"":""Verified"",""source_url"":""https://i.fnri.dost.gov.ph/fct/library/report/4334"",""source_record_id"":""N011"",""source_name"":""DOST-FNRI PhilFCT""},""protein_g_100g"":{""value_per_100g"":10.6,""value_for_portion"":10.6,""label"":""Verified"",""source_url"":""https://i.fnri.dost.gov.ph/fct/library/report/4334"",""source_record_id"":""N011"",""source_name"":""DOST-FNRI PhilFCT""},""carbs_g_100g"":{""value_per_100g"":0.9,""value_for_portion"":0.9,""label"":""Verified"",""source_url"":""https://i.fnri.dost.gov.ph/fct/library/report/4334"",""source_record_id"":""N011"",""source_name"":""DOST-FNRI PhilFCT""},""fat_g_100g"":{""value_per_100g"":0.3,""value_for_portion"":0.3,""label"":""Verified"",""source_url"":""https://i.fnri.dost.gov.ph/fct/library/report/4334"",""source_record_id"":""N011"",""source_name"":""DOST-FNRI PhilFCT""},""fiber_g_100g"":{""value_per_100g"":0.0,""value_for_portion"":0.0,""label"":""Verified"",""source_url"":""https://i.fnri.dost.gov.ph/fct/library/report/4334"",""source_record_id"":""N011"",""source_name"":""DOST-FNRI PhilFCT""},""sugar_g_100g"":{""value_per_100g"":null,""value_for_portion"":null,""label"":""Unknown"",""source_url"":null,""source_record_id"":null,""source_name"":null},""sodium_mg_100g"":{""value_per_100g"":5061.0,""value_for_portion"":5061.0,""label"":""Verified"",""source_url"":""https://i.fnri.dost.gov.ph/fct/library/report/4334"",""source_record_id"":""N011"",""source_name"":""DOST-FNRI PhilFCT""},""cholesterol_mg_100g"":{""value_per_100g"":0.0,""value_for_portion"":0.0,""label"":""Verified"",""source_url"":""https://i.fnri.dost.gov.ph/fct/library/report/4334"",""source_record_id"":""N011"",""source_name"":""DOST-FNRI PhilFCT""}}"
PH_DISH_022,EST_PH_DISH_022_V1,FC001237,"Beverages, water, tap, drinking",150,ASSUMED_REFERENCE_MIXTURE,0.0,0.0,0.0,0.0,0.0,0.0,4.0,0.0,"{""kcal_100g"":{""value_per_100g"":0.0,""value_for_portion"":0.0,""label"":""Other source"",""source_url"":""https://fdc.nal.usda.gov/food-details/173647/nutrients"",""source_record_id"":""USDA_FC001237_173647"",""source_name"":""USDA FoodData Central SR Legacy""},""protein_g_100g"":{""value_per_100g"":0.0,""value_for_portion"":0.0,""label"":""Other source"",""source_url"":""https://fdc.nal.usda.gov/food-details/173647/nutrients"",""source_record_id"":""USDA_FC001237_173647"",""source_name"":""USDA FoodData Central SR Legacy""},""carbs_g_100g"":{""value_per_100g"":0.0,""value_for_portion"":0.0,""label"":""Other source"",""source_url"":""https://fdc.nal.usda.gov/food-details/173647/nutrients"",""source_record_id"":""USDA_FC001237_173647"",""source_name"":""USDA FoodData Central SR Legacy""},""fat_g_100g"":{""value_per_100g"":0.0,""value_for_portion"":0.0,""label"":""Other source"",""source_url"":""https://fdc.nal.usda.gov/food-details/173647/nutrients"",""source_record_id"":""USDA_FC001237_173647"",""source_name"":""USDA FoodData Central SR Legacy""},""fiber_g_100g"":{""value_per_100g"":0.0,""value_for_portion"":0.0,""label"":""Other source"",""source_url"":""https://fdc.nal.usda.gov/food-details/173647/nutrients"",""source_record_id"":""USDA_FC001237_173647"",""source_name"":""USDA FoodData Central SR Legacy""},""sugar_g_100g"":{""value_per_100g"":0.0,""value_for_portion"":0.0,""label"":""Other source"",""source_url"":""https://fdc.nal.usda.gov/food-details/173647/nutrients"",""source_record_id"":""USDA_FC001237_173647"",""source_name"":""USDA FoodData Central SR Legacy""},""sodium_mg_100g"":{""value_per_100g"":4.0,""value_for_portion"":4.0,""label"":""Other source"",""source_url"":""https://fdc.nal.usda.gov/food-details/173647/nutrients"",""source_record_id"":""USDA_FC001237_173647"",""source_name"":""USDA FoodData Central SR Legacy""},""cholesterol_mg_100g"":{""value_per_100g"":0.0,""value_for_portion"":0.0,""label"":""Other source"",""source_url"":""https://fdc.nal.usda.gov/food-details/173647/nutrients"",""source_record_id"":""USDA_FC001237_173647"",""source_name"":""USDA FoodData Central SR Legacy""}}"
PH_DISH_023,EST_PH_DISH_023_V1,FC000278,"Taro lvs, boiled",350,ASSUMED_REFERENCE_MIXTURE,48.0,1.4,9.7,0.4,3.1,2.5,7.0,0.0,"{""kcal_100g"":{""value_per_100g"":48.0,""value_for_portion"":48.0,""label"":""Verified"",""source_url"":""https://i.fnri.dost.gov.ph/fct/library/report/3533"",""source_record_id"":""D254"",""source_name"":""DOST-FNRI PhilFCT""},""protein_g_100g"":{""value_per_100g"":1.4,""value_for_portion"":1.4,""label"":""Verified"",""source_url"":""https://i.fnri.dost.gov.ph/fct/library/report/3533"",""source_record_id"":""D254"",""source_name"":""DOST-FNRI PhilFCT""},""carbs_g_100g"":{""value_per_100g"":9.7,""value_for_portion"":9.7,""label"":""Verified"",""source_url"":""https://i.fnri.dost.gov.ph/fct/library/report/3533"",""source_record_id"":""D254"",""source_name"":""DOST-FNRI PhilFCT""},""fat_g_100g"":{""value_per_100g"":0.4,""value_for_portion"":0.4,""label"":""Verified"",""source_url"":""https://i.fnri.dost.gov.ph/fct/library/report/3533"",""source_record_id"":""D254"",""source_name"":""DOST-FNRI PhilFCT""},""fiber_g_100g"":{""value_per_100g"":3.1,""value_for_portion"":3.1,""label"":""Verified"",""source_url"":""https://i.fnri.dost.gov.ph/fct/library/report/3533"",""source_record_id"":""D254"",""source_name"":""DOST-FNRI PhilFCT""},""sugar_g_100g"":{""value_per_100g"":2.5,""value_for_portion"":2.5,""label"":""Verified"",""source_url"":""https://i.fnri.dost.gov.ph/fct/library/report/3533"",""source_record_id"":""D254"",""source_name"":""DOST-FNRI PhilFCT""},""sodium_mg_100g"":{""value_per_100g"":7.0,""value_for_portion"":7.0,""label"":""Verified"",""source_url"":""https://i.fnri.dost.gov.ph/fct/library/report/3533"",""source_record_id"":""D254"",""source_name"":""DOST-FNRI PhilFCT""},""cholesterol_mg_100g"":{""value_per_100g"":0.0,""value_for_portion"":0.0,""label"":""Verified"",""source_url"":""https://i.fnri.dost.gov.ph/fct/library/report/3533"",""source_record_id"":""D254"",""source_name"":""DOST-FNRI PhilFCT""}}"
PH_DISH_023,EST_PH_DISH_023_V1,FC000097,Coconut milk,300,ASSUMED_REFERENCE_MIXTURE,343.0,5.5,1.9,34.8,2.1,,18.0,0.0,"{""kcal_100g"":{""value_per_100g"":343.0,""value_for_portion"":343.0,""label"":""Verified"",""source_url"":""https://i.fnri.dost.gov.ph/fct/library/report/4262"",""source_record_id"":""K002"",""source_name"":""DOST-FNRI PhilFCT""},""protein_g_100g"":{""value_per_100g"":5.5,""value_for_portion"":5.5,""label"":""Verified"",""source_url"":""https://i.fnri.dost.gov.ph/fct/library/report/4262"",""source_record_id"":""K002"",""source_name"":""DOST-FNRI PhilFCT""},""carbs_g_100g"":{""value_per_100g"":1.9,""value_for_portion"":1.9,""label"":""Verified"",""source_url"":""https://i.fnri.dost.gov.ph/fct/library/report/4262"",""source_record_id"":""K002"",""source_name"":""DOST-FNRI PhilFCT""},""fat_g_100g"":{""value_per_100g"":34.8,""value_for_portion"":34.8,""label"":""Verified"",""source_url"":""https://i.fnri.dost.gov.ph/fct/library/report/4262"",""source_record_id"":""K002"",""source_name"":""DOST-FNRI PhilFCT""},""fiber_g_100g"":{""value_per_100g"":2.1,""value_for_portion"":2.1,""label"":""Verified"",""source_url"":""https://i.fnri.dost.gov.ph/fct/library/report/4262"",""source_record_id"":""K002"",""source_name"":""DOST-FNRI PhilFCT""},""sugar_g_100g"":{""value_per_100g"":null,""value_for_portion"":null,""label"":""Unknown"",""source_url"":null,""source_record_id"":null,""source_name"":null},""sodium_mg_100g"":{""value_per_100g"":18.0,""value_for_portion"":18.0,""label"":""Verified"",""source_url"":""https://i.fnri.dost.gov.ph/fct/library/report/4262"",""source_record_id"":""K002"",""source_name"":""DOST-FNRI PhilFCT""},""cholesterol_mg_100g"":{""value_per_100g"":0.0,""value_for_portion"":0.0,""label"":""Verified"",""source_url"":""https://i.fnri.dost.gov.ph/fct/library/report/4262"",""source_record_id"":""K002"",""source_name"":""DOST-FNRI PhilFCT""}}"
PH_DISH_023,EST_PH_DISH_023_V1,FC000333,"Onion, Bombay bulb, boiled",60,ASSUMED_REFERENCE_MIXTURE,47.0,1.2,9.7,0.4,1.3,4.6,3.0,0.0,"{""kcal_100g"":{""value_per_100g"":47.0,""value_for_portion"":47.0,""label"":""Verified"",""source_url"":""https://i.fnri.dost.gov.ph/fct/library/report/3421"",""source_record_id"":""D142"",""source_name"":""DOST-FNRI PhilFCT""},""protein_g_100g"":{""value_per_100g"":1.2,""value_for_portion"":1.2,""label"":""Verified"",""source_url"":""https://i.fnri.dost.gov.ph/fct/library/report/3421"",""source_record_id"":""D142"",""source_name"":""DOST-FNRI PhilFCT""},""carbs_g_100g"":{""value_per_100g"":9.7,""value_for_portion"":9.7,""label"":""Verified"",""source_url"":""https://i.fnri.dost.gov.ph/fct/library/report/3421"",""source_record_id"":""D142"",""source_name"":""DOST-FNRI PhilFCT""},""fat_g_100g"":{""value_per_100g"":0.4,""value_for_portion"":0.4,""label"":""Verified"",""source_url"":""https://i.fnri.dost.gov.ph/fct/library/report/3421"",""source_record_id"":""D142"",""source_name"":""DOST-FNRI PhilFCT""},""fiber_g_100g"":{""value_per_100g"":1.3,""value_for_portion"":1.3,""label"":""Verified"",""source_url"":""https://i.fnri.dost.gov.ph/fct/library/report/3421"",""source_record_id"":""D142"",""source_name"":""DOST-FNRI PhilFCT""},""sugar_g_100g"":{""value_per_100g"":4.6,""value_for_portion"":4.6,""label"":""Verified"",""source_url"":""https://i.fnri.dost.gov.ph/fct/library/report/3421"",""source_record_id"":""D142"",""source_name"":""DOST-FNRI PhilFCT""},""sodium_mg_100g"":{""value_per_100g"":3.0,""value_for_portion"":3.0,""label"":""Verified"",""source_url"":""https://i.fnri.dost.gov.ph/fct/library/report/3421"",""source_record_id"":""D142"",""source_name"":""DOST-FNRI PhilFCT""},""cholesterol_mg_100g"":{""value_per_100g"":0.0,""value_for_portion"":0.0,""label"":""Verified"",""source_url"":""https://i.fnri.dost.gov.ph/fct/library/report/3421"",""source_record_id"":""D142"",""source_name"":""DOST-FNRI PhilFCT""}}"
PH_DISH_023,EST_PH_DISH_023_V1,FC000070,Garlic bulb,15,ASSUMED_REFERENCE_MIXTURE,129.0,7.0,24.6,0.3,1.7,0.8,10.0,0.0,"{""kcal_100g"":{""value_per_100g"":129.0,""value_for_portion"":129.0,""label"":""Verified"",""source_url"":""https://i.fnri.dost.gov.ph/fct/library/report/3363"",""source_record_id"":""D084"",""source_name"":""DOST-FNRI PhilFCT""},""protein_g_100g"":{""value_per_100g"":7.0,""value_for_portion"":7.0,""label"":""Verified"",""source_url"":""https://i.fnri.dost.gov.ph/fct/library/report/3363"",""source_record_id"":""D084"",""source_name"":""DOST-FNRI PhilFCT""},""carbs_g_100g"":{""value_per_100g"":24.6,""value_for_portion"":24.6,""label"":""Verified"",""source_url"":""https://i.fnri.dost.gov.ph/fct/library/report/3363"",""source_record_id"":""D084"",""source_name"":""DOST-FNRI PhilFCT""},""fat_g_100g"":{""value_per_100g"":0.3,""value_for_portion"":0.3,""label"":""Verified"",""source_url"":""https://i.fnri.dost.gov.ph/fct/library/report/3363"",""source_record_id"":""D084"",""source_name"":""DOST-FNRI PhilFCT""},""fiber_g_100g"":{""value_per_100g"":1.7,""value_for_portion"":1.7,""label"":""Verified"",""source_url"":""https://i.fnri.dost.gov.ph/fct/library/report/3363"",""source_record_id"":""D084"",""source_name"":""DOST-FNRI PhilFCT""},""sugar_g_100g"":{""value_per_100g"":0.8,""value_for_portion"":0.8,""label"":""Verified"",""source_url"":""https://i.fnri.dost.gov.ph/fct/library/report/3363"",""source_record_id"":""D084"",""source_name"":""DOST-FNRI PhilFCT""},""sodium_mg_100g"":{""value_per_100g"":10.0,""value_for_portion"":10.0,""label"":""Verified"",""source_url"":""https://i.fnri.dost.gov.ph/fct/library/report/3363"",""source_record_id"":""D084"",""source_name"":""DOST-FNRI PhilFCT""},""cholesterol_mg_100g"":{""value_per_100g"":0.0,""value_for_portion"":0.0,""label"":""Verified"",""source_url"":""https://i.fnri.dost.gov.ph/fct/library/report/3363"",""source_record_id"":""D084"",""source_name"":""DOST-FNRI PhilFCT""}}"
PH_DISH_023,EST_PH_DISH_023_V1,FC000317,Ginger,20,ASSUMED_REFERENCE_MIXTURE,46.0,1.1,8.5,0.8,1.1,0.9,3.0,0.0,"{""kcal_100g"":{""value_per_100g"":46.0,""value_for_portion"":46.0,""label"":""Verified"",""source_url"":""https://i.fnri.dost.gov.ph/fct/library/report/5005"",""source_record_id"":""D304"",""source_name"":""DOST-FNRI PhilFCT""},""protein_g_100g"":{""value_per_100g"":1.1,""value_for_portion"":1.1,""label"":""Verified"",""source_url"":""https://i.fnri.dost.gov.ph/fct/library/report/5005"",""source_record_id"":""D304"",""source_name"":""DOST-FNRI PhilFCT""},""carbs_g_100g"":{""value_per_100g"":8.5,""value_for_portion"":8.5,""label"":""Verified"",""source_url"":""https://i.fnri.dost.gov.ph/fct/library/report/5005"",""source_record_id"":""D304"",""source_name"":""DOST-FNRI PhilFCT""},""fat_g_100g"":{""value_per_100g"":0.8,""value_for_portion"":0.8,""label"":""Verified"",""source_url"":""https://i.fnri.dost.gov.ph/fct/library/report/5005"",""source_record_id"":""D304"",""source_name"":""DOST-FNRI PhilFCT""},""fiber_g_100g"":{""value_per_100g"":1.1,""value_for_portion"":1.1,""label"":""Verified"",""source_url"":""https://i.fnri.dost.gov.ph/fct/library/report/5005"",""source_record_id"":""D304"",""source_name"":""DOST-FNRI PhilFCT""},""sugar_g_100g"":{""value_per_100g"":0.9,""value_for_portion"":0.9,""label"":""Verified"",""source_url"":""https://i.fnri.dost.gov.ph/fct/library/report/5005"",""source_record_id"":""D304"",""source_name"":""DOST-FNRI PhilFCT""},""sodium_mg_100g"":{""value_per_100g"":3.0,""value_for_portion"":3.0,""label"":""Verified"",""source_url"":""https://i.fnri.dost.gov.ph/fct/library/report/5005"",""source_record_id"":""D304"",""source_name"":""DOST-FNRI PhilFCT""},""cholesterol_mg_100g"":{""value_per_100g"":0.0,""value_for_portion"":0.0,""label"":""Verified"",""source_url"":""https://i.fnri.dost.gov.ph/fct/library/report/5005"",""source_record_id"":""D304"",""source_name"":""DOST-FNRI PhilFCT""}}"
PH_DISH_023,EST_PH_DISH_023_V1,FC000299,"Pepper, chili fruit",10,ASSUMED_REFERENCE_MIXTURE,75.0,4.8,9.0,2.2,3.5,5.0,14.0,0.0,"{""kcal_100g"":{""value_per_100g"":75.0,""value_for_portion"":75.0,""label"":""Verified"",""source_url"":""https://i.fnri.dost.gov.ph/fct/library/report/3443"",""source_record_id"":""D164"",""source_name"":""DOST-FNRI PhilFCT""},""protein_g_100g"":{""value_per_100g"":4.8,""value_for_portion"":4.8,""label"":""Verified"",""source_url"":""https://i.fnri.dost.gov.ph/fct/library/report/3443"",""source_record_id"":""D164"",""source_name"":""DOST-FNRI PhilFCT""},""carbs_g_100g"":{""value_per_100g"":9.0,""value_for_portion"":9.0,""label"":""Verified"",""source_url"":""https://i.fnri.dost.gov.ph/fct/library/report/3443"",""source_record_id"":""D164"",""source_name"":""DOST-FNRI PhilFCT""},""fat_g_100g"":{""value_per_100g"":2.2,""value_for_portion"":2.2,""label"":""Verified"",""source_url"":""https://i.fnri.dost.gov.ph/fct/library/report/3443"",""source_record_id"":""D164"",""source_name"":""DOST-FNRI PhilFCT""},""fiber_g_100g"":{""value_per_100g"":3.5,""value_for_portion"":3.5,""label"":""Verified"",""source_url"":""https://i.fnri.dost.gov.ph/fct/library/report/3443"",""source_record_id"":""D164"",""source_name"":""DOST-FNRI PhilFCT""},""sugar_g_100g"":{""value_per_100g"":5.0,""value_for_portion"":5.0,""label"":""Verified"",""source_url"":""https://i.fnri.dost.gov.ph/fct/library/report/3443"",""source_record_id"":""D164"",""source_name"":""DOST-FNRI PhilFCT""},""sodium_mg_100g"":{""value_per_100g"":14.0,""value_for_portion"":14.0,""label"":""Verified"",""source_url"":""https://i.fnri.dost.gov.ph/fct/library/report/3443"",""source_record_id"":""D164"",""source_name"":""DOST-FNRI PhilFCT""},""cholesterol_mg_100g"":{""value_per_100g"":0.0,""value_for_portion"":0.0,""label"":""Verified"",""source_url"":""https://i.fnri.dost.gov.ph/fct/library/report/3443"",""source_record_id"":""D164"",""source_name"":""DOST-FNRI PhilFCT""}}"
PH_DISH_023,EST_PH_DISH_023_V1,FC000612,"Salt, coarse",3,ASSUMED_REFERENCE_MIXTURE,0.0,0.0,0.0,0.0,0.0,0.0,34836.0,0.0,"{""kcal_100g"":{""value_per_100g"":0.0,""value_for_portion"":0.0,""label"":""Verified"",""source_url"":""https://i.fnri.dost.gov.ph/fct/library/report/4342"",""source_record_id"":""N019"",""source_name"":""DOST-FNRI PhilFCT""},""protein_g_100g"":{""value_per_100g"":0.0,""value_for_portion"":0.0,""label"":""Verified"",""source_url"":""https://i.fnri.dost.gov.ph/fct/library/report/4342"",""source_record_id"":""N019"",""source_name"":""DOST-FNRI PhilFCT""},""carbs_g_100g"":{""value_per_100g"":0.0,""value_for_portion"":0.0,""label"":""Verified"",""source_url"":""https://i.fnri.dost.gov.ph/fct/library/report/4342"",""source_record_id"":""N019"",""source_name"":""DOST-FNRI PhilFCT""},""fat_g_100g"":{""value_per_100g"":0.0,""value_for_portion"":0.0,""label"":""Verified"",""source_url"":""https://i.fnri.dost.gov.ph/fct/library/report/4342"",""source_record_id"":""N019"",""source_name"":""DOST-FNRI PhilFCT""},""fiber_g_100g"":{""value_per_100g"":0.0,""value_for_portion"":0.0,""label"":""Verified"",""source_url"":""https://i.fnri.dost.gov.ph/fct/library/report/4342"",""source_record_id"":""N019"",""source_name"":""DOST-FNRI PhilFCT""},""sugar_g_100g"":{""value_per_100g"":0.0,""value_for_portion"":0.0,""label"":""Verified"",""source_url"":""https://i.fnri.dost.gov.ph/fct/library/report/4342"",""source_record_id"":""N019"",""source_name"":""DOST-FNRI PhilFCT""},""sodium_mg_100g"":{""value_per_100g"":34836.0,""value_for_portion"":34836.0,""label"":""Verified"",""source_url"":""https://i.fnri.dost.gov.ph/fct/library/report/4342"",""source_record_id"":""N019"",""source_name"":""DOST-FNRI PhilFCT""},""cholesterol_mg_100g"":{""value_per_100g"":0.0,""value_for_portion"":0.0,""label"":""Verified"",""source_url"":""https://i.fnri.dost.gov.ph/fct/library/report/4342"",""source_record_id"":""N019"",""source_name"":""DOST-FNRI PhilFCT""}}"
PH_DISH_023,EST_PH_DISH_023_V1,FC001237,"Beverages, water, tap, drinking",100,ASSUMED_REFERENCE_MIXTURE,0.0,0.0,0.0,0.0,0.0,0.0,4.0,0.0,"{""kcal_100g"":{""value_per_100g"":0.0,""value_for_portion"":0.0,""label"":""Other source"",""source_url"":""https://fdc.nal.usda.gov/food-details/173647/nutrients"",""source_record_id"":""USDA_FC001237_173647"",""source_name"":""USDA FoodData Central SR Legacy""},""protein_g_100g"":{""value_per_100g"":0.0,""value_for_portion"":0.0,""label"":""Other source"",""source_url"":""https://fdc.nal.usda.gov/food-details/173647/nutrients"",""source_record_id"":""USDA_FC001237_173647"",""source_name"":""USDA FoodData Central SR Legacy""},""carbs_g_100g"":{""value_per_100g"":0.0,""value_for_portion"":0.0,""label"":""Other source"",""source_url"":""https://fdc.nal.usda.gov/food-details/173647/nutrients"",""source_record_id"":""USDA_FC001237_173647"",""source_name"":""USDA FoodData Central SR Legacy""},""fat_g_100g"":{""value_per_100g"":0.0,""value_for_portion"":0.0,""label"":""Other source"",""source_url"":""https://fdc.nal.usda.gov/food-details/173647/nutrients"",""source_record_id"":""USDA_FC001237_173647"",""source_name"":""USDA FoodData Central SR Legacy""},""fiber_g_100g"":{""value_per_100g"":0.0,""value_for_portion"":0.0,""label"":""Other source"",""source_url"":""https://fdc.nal.usda.gov/food-details/173647/nutrients"",""source_record_id"":""USDA_FC001237_173647"",""source_name"":""USDA FoodData Central SR Legacy""},""sugar_g_100g"":{""value_per_100g"":0.0,""value_for_portion"":0.0,""label"":""Other source"",""source_url"":""https://fdc.nal.usda.gov/food-details/173647/nutrients"",""source_record_id"":""USDA_FC001237_173647"",""source_name"":""USDA FoodData Central SR Legacy""},""sodium_mg_100g"":{""value_per_100g"":4.0,""value_for_portion"":4.0,""label"":""Other source"",""source_url"":""https://fdc.nal.usda.gov/food-details/173647/nutrients"",""source_record_id"":""USDA_FC001237_173647"",""source_name"":""USDA FoodData Central SR Legacy""},""cholesterol_mg_100g"":{""value_per_100g"":0.0,""value_for_portion"":0.0,""label"":""Other source"",""source_url"":""https://fdc.nal.usda.gov/food-details/173647/nutrients"",""source_record_id"":""USDA_FC001237_173647"",""source_name"":""USDA FoodData Central SR Legacy""}}"
PH_DISH_024,EST_PH_DISH_024_V1,FC000278,"Taro lvs, boiled",350,ASSUMED_REFERENCE_MIXTURE,48.0,1.4,9.7,0.4,3.1,2.5,7.0,0.0,"{""kcal_100g"":{""value_per_100g"":48.0,""value_for_portion"":48.0,""label"":""Verified"",""source_url"":""https://i.fnri.dost.gov.ph/fct/library/report/3533"",""source_record_id"":""D254"",""source_name"":""DOST-FNRI PhilFCT""},""protein_g_100g"":{""value_per_100g"":1.4,""value_for_portion"":1.4,""label"":""Verified"",""source_url"":""https://i.fnri.dost.gov.ph/fct/library/report/3533"",""source_record_id"":""D254"",""source_name"":""DOST-FNRI PhilFCT""},""carbs_g_100g"":{""value_per_100g"":9.7,""value_for_portion"":9.7,""label"":""Verified"",""source_url"":""https://i.fnri.dost.gov.ph/fct/library/report/3533"",""source_record_id"":""D254"",""source_name"":""DOST-FNRI PhilFCT""},""fat_g_100g"":{""value_per_100g"":0.4,""value_for_portion"":0.4,""label"":""Verified"",""source_url"":""https://i.fnri.dost.gov.ph/fct/library/report/3533"",""source_record_id"":""D254"",""source_name"":""DOST-FNRI PhilFCT""},""fiber_g_100g"":{""value_per_100g"":3.1,""value_for_portion"":3.1,""label"":""Verified"",""source_url"":""https://i.fnri.dost.gov.ph/fct/library/report/3533"",""source_record_id"":""D254"",""source_name"":""DOST-FNRI PhilFCT""},""sugar_g_100g"":{""value_per_100g"":2.5,""value_for_portion"":2.5,""label"":""Verified"",""source_url"":""https://i.fnri.dost.gov.ph/fct/library/report/3533"",""source_record_id"":""D254"",""source_name"":""DOST-FNRI PhilFCT""},""sodium_mg_100g"":{""value_per_100g"":7.0,""value_for_portion"":7.0,""label"":""Verified"",""source_url"":""https://i.fnri.dost.gov.ph/fct/library/report/3533"",""source_record_id"":""D254"",""source_name"":""DOST-FNRI PhilFCT""},""cholesterol_mg_100g"":{""value_per_100g"":0.0,""value_for_portion"":0.0,""label"":""Verified"",""source_url"":""https://i.fnri.dost.gov.ph/fct/library/report/3533"",""source_record_id"":""D254"",""source_name"":""DOST-FNRI PhilFCT""}}"
PH_DISH_024,EST_PH_DISH_024_V1,FC000384,"Pork belly, boiled",200,ASSUMED_REFERENCE_MIXTURE,444.0,13.0,0.0,43.6,0.0,0.0,89.0,48.0,"{""kcal_100g"":{""value_per_100g"":444.0,""value_for_portion"":444.0,""label"":""Verified"",""source_url"":""https://i.fnri.dost.gov.ph/fct/library/report/3858"",""source_record_id"":""F151"",""source_name"":""DOST-FNRI PhilFCT""},""protein_g_100g"":{""value_per_100g"":13.0,""value_for_portion"":13.0,""label"":""Verified"",""source_url"":""https://i.fnri.dost.gov.ph/fct/library/report/3858"",""source_record_id"":""F151"",""source_name"":""DOST-FNRI PhilFCT""},""carbs_g_100g"":{""value_per_100g"":0.0,""value_for_portion"":0.0,""label"":""Verified"",""source_url"":""https://i.fnri.dost.gov.ph/fct/library/report/3858"",""source_record_id"":""F151"",""source_name"":""DOST-FNRI PhilFCT""},""fat_g_100g"":{""value_per_100g"":43.6,""value_for_portion"":43.6,""label"":""Verified"",""source_url"":""https://i.fnri.dost.gov.ph/fct/library/report/3858"",""source_record_id"":""F151"",""source_name"":""DOST-FNRI PhilFCT""},""fiber_g_100g"":{""value_per_100g"":0.0,""value_for_portion"":0.0,""label"":""Verified"",""source_url"":""https://i.fnri.dost.gov.ph/fct/library/report/3858"",""source_record_id"":""F151"",""source_name"":""DOST-FNRI PhilFCT""},""sugar_g_100g"":{""value_per_100g"":0.0,""value_for_portion"":0.0,""label"":""Verified"",""source_url"":""https://i.fnri.dost.gov.ph/fct/library/report/3858"",""source_record_id"":""F151"",""source_name"":""DOST-FNRI PhilFCT""},""sodium_mg_100g"":{""value_per_100g"":89.0,""value_for_portion"":89.0,""label"":""Verified"",""source_url"":""https://i.fnri.dost.gov.ph/fct/library/report/3858"",""source_record_id"":""F151"",""source_name"":""DOST-FNRI PhilFCT""},""cholesterol_mg_100g"":{""value_per_100g"":48.0,""value_for_portion"":48.0,""label"":""Verified"",""source_url"":""https://i.fnri.dost.gov.ph/fct/library/report/3858"",""source_record_id"":""F151"",""source_name"":""DOST-FNRI PhilFCT""}}"
PH_DISH_024,EST_PH_DISH_024_V1,FC000097,Coconut milk,300,ASSUMED_REFERENCE_MIXTURE,343.0,5.5,1.9,34.8,2.1,,18.0,0.0,"{""kcal_100g"":{""value_per_100g"":343.0,""value_for_portion"":343.0,""label"":""Verified"",""source_url"":""https://i.fnri.dost.gov.ph/fct/library/report/4262"",""source_record_id"":""K002"",""source_name"":""DOST-FNRI PhilFCT""},""protein_g_100g"":{""value_per_100g"":5.5,""value_for_portion"":5.5,""label"":""Verified"",""source_url"":""https://i.fnri.dost.gov.ph/fct/library/report/4262"",""source_record_id"":""K002"",""source_name"":""DOST-FNRI PhilFCT""},""carbs_g_100g"":{""value_per_100g"":1.9,""value_for_portion"":1.9,""label"":""Verified"",""source_url"":""https://i.fnri.dost.gov.ph/fct/library/report/4262"",""source_record_id"":""K002"",""source_name"":""DOST-FNRI PhilFCT""},""fat_g_100g"":{""value_per_100g"":34.8,""value_for_portion"":34.8,""label"":""Verified"",""source_url"":""https://i.fnri.dost.gov.ph/fct/library/report/4262"",""source_record_id"":""K002"",""source_name"":""DOST-FNRI PhilFCT""},""fiber_g_100g"":{""value_per_100g"":2.1,""value_for_portion"":2.1,""label"":""Verified"",""source_url"":""https://i.fnri.dost.gov.ph/fct/library/report/4262"",""source_record_id"":""K002"",""source_name"":""DOST-FNRI PhilFCT""},""sugar_g_100g"":{""value_per_100g"":null,""value_for_portion"":null,""label"":""Unknown"",""source_url"":null,""source_record_id"":null,""source_name"":null},""sodium_mg_100g"":{""value_per_100g"":18.0,""value_for_portion"":18.0,""label"":""Verified"",""source_url"":""https://i.fnri.dost.gov.ph/fct/library/report/4262"",""source_record_id"":""K002"",""source_name"":""DOST-FNRI PhilFCT""},""cholesterol_mg_100g"":{""value_per_100g"":0.0,""value_for_portion"":0.0,""label"":""Verified"",""source_url"":""https://i.fnri.dost.gov.ph/fct/library/report/4262"",""source_record_id"":""K002"",""source_name"":""DOST-FNRI PhilFCT""}}"
PH_DISH_024,EST_PH_DISH_024_V1,FC000333,"Onion, Bombay bulb, boiled",60,ASSUMED_REFERENCE_MIXTURE,47.0,1.2,9.7,0.4,1.3,4.6,3.0,0.0,"{""kcal_100g"":{""value_per_100g"":47.0,""value_for_portion"":47.0,""label"":""Verified"",""source_url"":""https://i.fnri.dost.gov.ph/fct/library/report/3421"",""source_record_id"":""D142"",""source_name"":""DOST-FNRI PhilFCT""},""protein_g_100g"":{""value_per_100g"":1.2,""value_for_portion"":1.2,""label"":""Verified"",""source_url"":""https://i.fnri.dost.gov.ph/fct/library/report/3421"",""source_record_id"":""D142"",""source_name"":""DOST-FNRI PhilFCT""},""carbs_g_100g"":{""value_per_100g"":9.7,""value_for_portion"":9.7,""label"":""Verified"",""source_url"":""https://i.fnri.dost.gov.ph/fct/library/report/3421"",""source_record_id"":""D142"",""source_name"":""DOST-FNRI PhilFCT""},""fat_g_100g"":{""value_per_100g"":0.4,""value_for_portion"":0.4,""label"":""Verified"",""source_url"":""https://i.fnri.dost.gov.ph/fct/library/report/3421"",""source_record_id"":""D142"",""source_name"":""DOST-FNRI PhilFCT""},""fiber_g_100g"":{""value_per_100g"":1.3,""value_for_portion"":1.3,""label"":""Verified"",""source_url"":""https://i.fnri.dost.gov.ph/fct/library/report/3421"",""source_record_id"":""D142"",""source_name"":""DOST-FNRI PhilFCT""},""sugar_g_100g"":{""value_per_100g"":4.6,""value_for_portion"":4.6,""label"":""Verified"",""source_url"":""https://i.fnri.dost.gov.ph/fct/library/report/3421"",""source_record_id"":""D142"",""source_name"":""DOST-FNRI PhilFCT""},""sodium_mg_100g"":{""value_per_100g"":3.0,""value_for_portion"":3.0,""label"":""Verified"",""source_url"":""https://i.fnri.dost.gov.ph/fct/library/report/3421"",""source_record_id"":""D142"",""source_name"":""DOST-FNRI PhilFCT""},""cholesterol_mg_100g"":{""value_per_100g"":0.0,""value_for_portion"":0.0,""label"":""Verified"",""source_url"":""https://i.fnri.dost.gov.ph/fct/library/report/3421"",""source_record_id"":""D142"",""source_name"":""DOST-FNRI PhilFCT""}}"
PH_DISH_024,EST_PH_DISH_024_V1,FC000070,Garlic bulb,15,ASSUMED_REFERENCE_MIXTURE,129.0,7.0,24.6,0.3,1.7,0.8,10.0,0.0,"{""kcal_100g"":{""value_per_100g"":129.0,""value_for_portion"":129.0,""label"":""Verified"",""source_url"":""https://i.fnri.dost.gov.ph/fct/library/report/3363"",""source_record_id"":""D084"",""source_name"":""DOST-FNRI PhilFCT""},""protein_g_100g"":{""value_per_100g"":7.0,""value_for_portion"":7.0,""label"":""Verified"",""source_url"":""https://i.fnri.dost.gov.ph/fct/library/report/3363"",""source_record_id"":""D084"",""source_name"":""DOST-FNRI PhilFCT""},""carbs_g_100g"":{""value_per_100g"":24.6,""value_for_portion"":24.6,""label"":""Verified"",""source_url"":""https://i.fnri.dost.gov.ph/fct/library/report/3363"",""source_record_id"":""D084"",""source_name"":""DOST-FNRI PhilFCT""},""fat_g_100g"":{""value_per_100g"":0.3,""value_for_portion"":0.3,""label"":""Verified"",""source_url"":""https://i.fnri.dost.gov.ph/fct/library/report/3363"",""source_record_id"":""D084"",""source_name"":""DOST-FNRI PhilFCT""},""fiber_g_100g"":{""value_per_100g"":1.7,""value_for_portion"":1.7,""label"":""Verified"",""source_url"":""https://i.fnri.dost.gov.ph/fct/library/report/3363"",""source_record_id"":""D084"",""source_name"":""DOST-FNRI PhilFCT""},""sugar_g_100g"":{""value_per_100g"":0.8,""value_for_portion"":0.8,""label"":""Verified"",""source_url"":""https://i.fnri.dost.gov.ph/fct/library/report/3363"",""source_record_id"":""D084"",""source_name"":""DOST-FNRI PhilFCT""},""sodium_mg_100g"":{""value_per_100g"":10.0,""value_for_portion"":10.0,""label"":""Verified"",""source_url"":""https://i.fnri.dost.gov.ph/fct/library/report/3363"",""source_record_id"":""D084"",""source_name"":""DOST-FNRI PhilFCT""},""cholesterol_mg_100g"":{""value_per_100g"":0.0,""value_for_portion"":0.0,""label"":""Verified"",""source_url"":""https://i.fnri.dost.gov.ph/fct/library/report/3363"",""source_record_id"":""D084"",""source_name"":""DOST-FNRI PhilFCT""}}"
PH_DISH_024,EST_PH_DISH_024_V1,FC000317,Ginger,20,ASSUMED_REFERENCE_MIXTURE,46.0,1.1,8.5,0.8,1.1,0.9,3.0,0.0,"{""kcal_100g"":{""value_per_100g"":46.0,""value_for_portion"":46.0,""label"":""Verified"",""source_url"":""https://i.fnri.dost.gov.ph/fct/library/report/5005"",""source_record_id"":""D304"",""source_name"":""DOST-FNRI PhilFCT""},""protein_g_100g"":{""value_per_100g"":1.1,""value_for_portion"":1.1,""label"":""Verified"",""source_url"":""https://i.fnri.dost.gov.ph/fct/library/report/5005"",""source_record_id"":""D304"",""source_name"":""DOST-FNRI PhilFCT""},""carbs_g_100g"":{""value_per_100g"":8.5,""value_for_portion"":8.5,""label"":""Verified"",""source_url"":""https://i.fnri.dost.gov.ph/fct/library/report/5005"",""source_record_id"":""D304"",""source_name"":""DOST-FNRI PhilFCT""},""fat_g_100g"":{""value_per_100g"":0.8,""value_for_portion"":0.8,""label"":""Verified"",""source_url"":""https://i.fnri.dost.gov.ph/fct/library/report/5005"",""source_record_id"":""D304"",""source_name"":""DOST-FNRI PhilFCT""},""fiber_g_100g"":{""value_per_100g"":1.1,""value_for_portion"":1.1,""label"":""Verified"",""source_url"":""https://i.fnri.dost.gov.ph/fct/library/report/5005"",""source_record_id"":""D304"",""source_name"":""DOST-FNRI PhilFCT""},""sugar_g_100g"":{""value_per_100g"":0.9,""value_for_portion"":0.9,""label"":""Verified"",""source_url"":""https://i.fnri.dost.gov.ph/fct/library/report/5005"",""source_record_id"":""D304"",""source_name"":""DOST-FNRI PhilFCT""},""sodium_mg_100g"":{""value_per_100g"":3.0,""value_for_portion"":3.0,""label"":""Verified"",""source_url"":""https://i.fnri.dost.gov.ph/fct/library/report/5005"",""source_record_id"":""D304"",""source_name"":""DOST-FNRI PhilFCT""},""cholesterol_mg_100g"":{""value_per_100g"":0.0,""value_for_portion"":0.0,""label"":""Verified"",""source_url"":""https://i.fnri.dost.gov.ph/fct/library/report/5005"",""source_record_id"":""D304"",""source_name"":""DOST-FNRI PhilFCT""}}"
PH_DISH_024,EST_PH_DISH_024_V1,FC000299,"Pepper, chili fruit",10,ASSUMED_REFERENCE_MIXTURE,75.0,4.8,9.0,2.2,3.5,5.0,14.0,0.0,"{""kcal_100g"":{""value_per_100g"":75.0,""value_for_portion"":75.0,""label"":""Verified"",""source_url"":""https://i.fnri.dost.gov.ph/fct/library/report/3443"",""source_record_id"":""D164"",""source_name"":""DOST-FNRI PhilFCT""},""protein_g_100g"":{""value_per_100g"":4.8,""value_for_portion"":4.8,""label"":""Verified"",""source_url"":""https://i.fnri.dost.gov.ph/fct/library/report/3443"",""source_record_id"":""D164"",""source_name"":""DOST-FNRI PhilFCT""},""carbs_g_100g"":{""value_per_100g"":9.0,""value_for_portion"":9.0,""label"":""Verified"",""source_url"":""https://i.fnri.dost.gov.ph/fct/library/report/3443"",""source_record_id"":""D164"",""source_name"":""DOST-FNRI PhilFCT""},""fat_g_100g"":{""value_per_100g"":2.2,""value_for_portion"":2.2,""label"":""Verified"",""source_url"":""https://i.fnri.dost.gov.ph/fct/library/report/3443"",""source_record_id"":""D164"",""source_name"":""DOST-FNRI PhilFCT""},""fiber_g_100g"":{""value_per_100g"":3.5,""value_for_portion"":3.5,""label"":""Verified"",""source_url"":""https://i.fnri.dost.gov.ph/fct/library/report/3443"",""source_record_id"":""D164"",""source_name"":""DOST-FNRI PhilFCT""},""sugar_g_100g"":{""value_per_100g"":5.0,""value_for_portion"":5.0,""label"":""Verified"",""source_url"":""https://i.fnri.dost.gov.ph/fct/library/report/3443"",""source_record_id"":""D164"",""source_name"":""DOST-FNRI PhilFCT""},""sodium_mg_100g"":{""value_per_100g"":14.0,""value_for_portion"":14.0,""label"":""Verified"",""source_url"":""https://i.fnri.dost.gov.ph/fct/library/report/3443"",""source_record_id"":""D164"",""source_name"":""DOST-FNRI PhilFCT""},""cholesterol_mg_100g"":{""value_per_100g"":0.0,""value_for_portion"":0.0,""label"":""Verified"",""source_url"":""https://i.fnri.dost.gov.ph/fct/library/report/3443"",""source_record_id"":""D164"",""source_name"":""DOST-FNRI PhilFCT""}}"
PH_DISH_024,EST_PH_DISH_024_V1,FC000100,Fish sauce,20,ASSUMED_REFERENCE_MIXTURE,49.0,10.6,0.9,0.3,0.0,,5061.0,0.0,"{""kcal_100g"":{""value_per_100g"":49.0,""value_for_portion"":49.0,""label"":""Verified"",""source_url"":""https://i.fnri.dost.gov.ph/fct/library/report/4334"",""source_record_id"":""N011"",""source_name"":""DOST-FNRI PhilFCT""},""protein_g_100g"":{""value_per_100g"":10.6,""value_for_portion"":10.6,""label"":""Verified"",""source_url"":""https://i.fnri.dost.gov.ph/fct/library/report/4334"",""source_record_id"":""N011"",""source_name"":""DOST-FNRI PhilFCT""},""carbs_g_100g"":{""value_per_100g"":0.9,""value_for_portion"":0.9,""label"":""Verified"",""source_url"":""https://i.fnri.dost.gov.ph/fct/library/report/4334"",""source_record_id"":""N011"",""source_name"":""DOST-FNRI PhilFCT""},""fat_g_100g"":{""value_per_100g"":0.3,""value_for_portion"":0.3,""label"":""Verified"",""source_url"":""https://i.fnri.dost.gov.ph/fct/library/report/4334"",""source_record_id"":""N011"",""source_name"":""DOST-FNRI PhilFCT""},""fiber_g_100g"":{""value_per_100g"":0.0,""value_for_portion"":0.0,""label"":""Verified"",""source_url"":""https://i.fnri.dost.gov.ph/fct/library/report/4334"",""source_record_id"":""N011"",""source_name"":""DOST-FNRI PhilFCT""},""sugar_g_100g"":{""value_per_100g"":null,""value_for_portion"":null,""label"":""Unknown"",""source_url"":null,""source_record_id"":null,""source_name"":null},""sodium_mg_100g"":{""value_per_100g"":5061.0,""value_for_portion"":5061.0,""label"":""Verified"",""source_url"":""https://i.fnri.dost.gov.ph/fct/library/report/4334"",""source_record_id"":""N011"",""source_name"":""DOST-FNRI PhilFCT""},""cholesterol_mg_100g"":{""value_per_100g"":0.0,""value_for_portion"":0.0,""label"":""Verified"",""source_url"":""https://i.fnri.dost.gov.ph/fct/library/report/4334"",""source_record_id"":""N011"",""source_name"":""DOST-FNRI PhilFCT""}}"
PH_DISH_024,EST_PH_DISH_024_V1,FC001237,"Beverages, water, tap, drinking",100,ASSUMED_REFERENCE_MIXTURE,0.0,0.0,0.0,0.0,0.0,0.0,4.0,0.0,"{""kcal_100g"":{""value_per_100g"":0.0,""value_for_portion"":0.0,""label"":""Other source"",""source_url"":""https://fdc.nal.usda.gov/food-details/173647/nutrients"",""source_record_id"":""USDA_FC001237_173647"",""source_name"":""USDA FoodData Central SR Legacy""},""protein_g_100g"":{""value_per_100g"":0.0,""value_for_portion"":0.0,""label"":""Other source"",""source_url"":""https://fdc.nal.usda.gov/food-details/173647/nutrients"",""source_record_id"":""USDA_FC001237_173647"",""source_name"":""USDA FoodData Central SR Legacy""},""carbs_g_100g"":{""value_per_100g"":0.0,""value_for_portion"":0.0,""label"":""Other source"",""source_url"":""https://fdc.nal.usda.gov/food-details/173647/nutrients"",""source_record_id"":""USDA_FC001237_173647"",""source_name"":""USDA FoodData Central SR Legacy""},""fat_g_100g"":{""value_per_100g"":0.0,""value_for_portion"":0.0,""label"":""Other source"",""source_url"":""https://fdc.nal.usda.gov/food-details/173647/nutrients"",""source_record_id"":""USDA_FC001237_173647"",""source_name"":""USDA FoodData Central SR Legacy""},""fiber_g_100g"":{""value_per_100g"":0.0,""value_for_portion"":0.0,""label"":""Other source"",""source_url"":""https://fdc.nal.usda.gov/food-details/173647/nutrients"",""source_record_id"":""USDA_FC001237_173647"",""source_name"":""USDA FoodData Central SR Legacy""},""sugar_g_100g"":{""value_per_100g"":0.0,""value_for_portion"":0.0,""label"":""Other source"",""source_url"":""https://fdc.nal.usda.gov/food-details/173647/nutrients"",""source_record_id"":""USDA_FC001237_173647"",""source_name"":""USDA FoodData Central SR Legacy""},""sodium_mg_100g"":{""value_per_100g"":4.0,""value_for_portion"":4.0,""label"":""Other source"",""source_url"":""https://fdc.nal.usda.gov/food-details/173647/nutrients"",""source_record_id"":""USDA_FC001237_173647"",""source_name"":""USDA FoodData Central SR Legacy""},""cholesterol_mg_100g"":{""value_per_100g"":0.0,""value_for_portion"":0.0,""label"":""Other source"",""source_url"":""https://fdc.nal.usda.gov/food-details/173647/nutrients"",""source_record_id"":""USDA_FC001237_173647"",""source_name"":""USDA FoodData Central SR Legacy""}}"
PH_DISH_025,EST_PH_DISH_025_V1,FC000254,"Chayote fruit, boiled",500,ASSUMED_REFERENCE_MIXTURE,16.0,0.3,3.5,0.1,0.4,1.7,5.0,0.0,"{""kcal_100g"":{""value_per_100g"":16.0,""value_for_portion"":16.0,""label"":""Verified"",""source_url"":""https://i.fnri.dost.gov.ph/fct/library/report/3330"",""source_record_id"":""D051"",""source_name"":""DOST-FNRI PhilFCT""},""protein_g_100g"":{""value_per_100g"":0.3,""value_for_portion"":0.3,""label"":""Verified"",""source_url"":""https://i.fnri.dost.gov.ph/fct/library/report/3330"",""source_record_id"":""D051"",""source_name"":""DOST-FNRI PhilFCT""},""carbs_g_100g"":{""value_per_100g"":3.5,""value_for_portion"":3.5,""label"":""Verified"",""source_url"":""https://i.fnri.dost.gov.ph/fct/library/report/3330"",""source_record_id"":""D051"",""source_name"":""DOST-FNRI PhilFCT""},""fat_g_100g"":{""value_per_100g"":0.1,""value_for_portion"":0.1,""label"":""Verified"",""source_url"":""https://i.fnri.dost.gov.ph/fct/library/report/3330"",""source_record_id"":""D051"",""source_name"":""DOST-FNRI PhilFCT""},""fiber_g_100g"":{""value_per_100g"":0.4,""value_for_portion"":0.4,""label"":""Verified"",""source_url"":""https://i.fnri.dost.gov.ph/fct/library/report/3330"",""source_record_id"":""D051"",""source_name"":""DOST-FNRI PhilFCT""},""sugar_g_100g"":{""value_per_100g"":1.7,""value_for_portion"":1.7,""label"":""Verified"",""source_url"":""https://i.fnri.dost.gov.ph/fct/library/report/3330"",""source_record_id"":""D051"",""source_name"":""DOST-FNRI PhilFCT""},""sodium_mg_100g"":{""value_per_100g"":5.0,""value_for_portion"":5.0,""label"":""Verified"",""source_url"":""https://i.fnri.dost.gov.ph/fct/library/report/3330"",""source_record_id"":""D051"",""source_name"":""DOST-FNRI PhilFCT""},""cholesterol_mg_100g"":{""value_per_100g"":0.0,""value_for_portion"":0.0,""label"":""Verified"",""source_url"":""https://i.fnri.dost.gov.ph/fct/library/report/3330"",""source_record_id"":""D051"",""source_name"":""DOST-FNRI PhilFCT""}}"
PH_DISH_025,EST_PH_DISH_025_V1,FC000382,"Chicken, white meat, boiled",200,ASSUMED_REFERENCE_MIXTURE,173.0,32.9,0.0,4.6,0.0,0.0,81.0,,"{""kcal_100g"":{""value_per_100g"":173.0,""value_for_portion"":173.0,""label"":""Verified"",""source_url"":""https://i.fnri.dost.gov.ph/fct/library/report/3818"",""source_record_id"":""F111"",""source_name"":""DOST-FNRI PhilFCT""},""protein_g_100g"":{""value_per_100g"":32.9,""value_for_portion"":32.9,""label"":""Verified"",""source_url"":""https://i.fnri.dost.gov.ph/fct/library/report/3818"",""source_record_id"":""F111"",""source_name"":""DOST-FNRI PhilFCT""},""carbs_g_100g"":{""value_per_100g"":0.0,""value_for_portion"":0.0,""label"":""Verified"",""source_url"":""https://i.fnri.dost.gov.ph/fct/library/report/3818"",""source_record_id"":""F111"",""source_name"":""DOST-FNRI PhilFCT""},""fat_g_100g"":{""value_per_100g"":4.6,""value_for_portion"":4.6,""label"":""Verified"",""source_url"":""https://i.fnri.dost.gov.ph/fct/library/report/3818"",""source_record_id"":""F111"",""source_name"":""DOST-FNRI PhilFCT""},""fiber_g_100g"":{""value_per_100g"":0.0,""value_for_portion"":0.0,""label"":""Verified"",""source_url"":""https://i.fnri.dost.gov.ph/fct/library/report/3818"",""source_record_id"":""F111"",""source_name"":""DOST-FNRI PhilFCT""},""sugar_g_100g"":{""value_per_100g"":0.0,""value_for_portion"":0.0,""label"":""Verified"",""source_url"":""https://i.fnri.dost.gov.ph/fct/library/report/3818"",""source_record_id"":""F111"",""source_name"":""DOST-FNRI PhilFCT""},""sodium_mg_100g"":{""value_per_100g"":81.0,""value_for_portion"":81.0,""label"":""Verified"",""source_url"":""https://i.fnri.dost.gov.ph/fct/library/report/3818"",""source_record_id"":""F111"",""source_name"":""DOST-FNRI PhilFCT""},""cholesterol_mg_100g"":{""value_per_100g"":null,""value_for_portion"":null,""label"":""Unknown"",""source_url"":null,""source_record_id"":null,""source_name"":null}}"
PH_DISH_025,EST_PH_DISH_025_V1,FC000280,"Tomato, boiled",100,ASSUMED_REFERENCE_MIXTURE,25.0,0.4,5.6,0.1,0.3,3.6,11.0,0.0,"{""kcal_100g"":{""value_per_100g"":25.0,""value_for_portion"":25.0,""label"":""Verified"",""source_url"":""https://i.fnri.dost.gov.ph/fct/library/report/3537"",""source_record_id"":""D258"",""source_name"":""DOST-FNRI PhilFCT""},""protein_g_100g"":{""value_per_100g"":0.4,""value_for_portion"":0.4,""label"":""Verified"",""source_url"":""https://i.fnri.dost.gov.ph/fct/library/report/3537"",""source_record_id"":""D258"",""source_name"":""DOST-FNRI PhilFCT""},""carbs_g_100g"":{""value_per_100g"":5.6,""value_for_portion"":5.6,""label"":""Verified"",""source_url"":""https://i.fnri.dost.gov.ph/fct/library/report/3537"",""source_record_id"":""D258"",""source_name"":""DOST-FNRI PhilFCT""},""fat_g_100g"":{""value_per_100g"":0.1,""value_for_portion"":0.1,""label"":""Verified"",""source_url"":""https://i.fnri.dost.gov.ph/fct/library/report/3537"",""source_record_id"":""D258"",""source_name"":""DOST-FNRI PhilFCT""},""fiber_g_100g"":{""value_per_100g"":0.3,""value_for_portion"":0.3,""label"":""Verified"",""source_url"":""https://i.fnri.dost.gov.ph/fct/library/report/3537"",""source_record_id"":""D258"",""source_name"":""DOST-FNRI PhilFCT""},""sugar_g_100g"":{""value_per_100g"":3.6,""value_for_portion"":3.6,""label"":""Verified"",""source_url"":""https://i.fnri.dost.gov.ph/fct/library/report/3537"",""source_record_id"":""D258"",""source_name"":""DOST-FNRI PhilFCT""},""sodium_mg_100g"":{""value_per_100g"":11.0,""value_for_portion"":11.0,""label"":""Verified"",""source_url"":""https://i.fnri.dost.gov.ph/fct/library/report/3537"",""source_record_id"":""D258"",""source_name"":""DOST-FNRI PhilFCT""},""cholesterol_mg_100g"":{""value_per_100g"":0.0,""value_for_portion"":0.0,""label"":""Verified"",""source_url"":""https://i.fnri.dost.gov.ph/fct/library/report/3537"",""source_record_id"":""D258"",""source_name"":""DOST-FNRI PhilFCT""}}"
PH_DISH_025,EST_PH_DISH_025_V1,FC000333,"Onion, Bombay bulb, boiled",60,ASSUMED_REFERENCE_MIXTURE,47.0,1.2,9.7,0.4,1.3,4.6,3.0,0.0,"{""kcal_100g"":{""value_per_100g"":47.0,""value_for_portion"":47.0,""label"":""Verified"",""source_url"":""https://i.fnri.dost.gov.ph/fct/library/report/3421"",""source_record_id"":""D142"",""source_name"":""DOST-FNRI PhilFCT""},""protein_g_100g"":{""value_per_100g"":1.2,""value_for_portion"":1.2,""label"":""Verified"",""source_url"":""https://i.fnri.dost.gov.ph/fct/library/report/3421"",""source_record_id"":""D142"",""source_name"":""DOST-FNRI PhilFCT""},""carbs_g_100g"":{""value_per_100g"":9.7,""value_for_portion"":9.7,""label"":""Verified"",""source_url"":""https://i.fnri.dost.gov.ph/fct/library/report/3421"",""source_record_id"":""D142"",""source_name"":""DOST-FNRI PhilFCT""},""fat_g_100g"":{""value_per_100g"":0.4,""value_for_portion"":0.4,""label"":""Verified"",""source_url"":""https://i.fnri.dost.gov.ph/fct/library/report/3421"",""source_record_id"":""D142"",""source_name"":""DOST-FNRI PhilFCT""},""fiber_g_100g"":{""value_per_100g"":1.3,""value_for_portion"":1.3,""label"":""Verified"",""source_url"":""https://i.fnri.dost.gov.ph/fct/library/report/3421"",""source_record_id"":""D142"",""source_name"":""DOST-FNRI PhilFCT""},""sugar_g_100g"":{""value_per_100g"":4.6,""value_for_portion"":4.6,""label"":""Verified"",""source_url"":""https://i.fnri.dost.gov.ph/fct/library/report/3421"",""source_record_id"":""D142"",""source_name"":""DOST-FNRI PhilFCT""},""sodium_mg_100g"":{""value_per_100g"":3.0,""value_for_portion"":3.0,""label"":""Verified"",""source_url"":""https://i.fnri.dost.gov.ph/fct/library/report/3421"",""source_record_id"":""D142"",""source_name"":""DOST-FNRI PhilFCT""},""cholesterol_mg_100g"":{""value_per_100g"":0.0,""value_for_portion"":0.0,""label"":""Verified"",""source_url"":""https://i.fnri.dost.gov.ph/fct/library/report/3421"",""source_record_id"":""D142"",""source_name"":""DOST-FNRI PhilFCT""}}"
PH_DISH_025,EST_PH_DISH_025_V1,FC000070,Garlic bulb,15,ASSUMED_REFERENCE_MIXTURE,129.0,7.0,24.6,0.3,1.7,0.8,10.0,0.0,"{""kcal_100g"":{""value_per_100g"":129.0,""value_for_portion"":129.0,""label"":""Verified"",""source_url"":""https://i.fnri.dost.gov.ph/fct/library/report/3363"",""source_record_id"":""D084"",""source_name"":""DOST-FNRI PhilFCT""},""protein_g_100g"":{""value_per_100g"":7.0,""value_for_portion"":7.0,""label"":""Verified"",""source_url"":""https://i.fnri.dost.gov.ph/fct/library/report/3363"",""source_record_id"":""D084"",""source_name"":""DOST-FNRI PhilFCT""},""carbs_g_100g"":{""value_per_100g"":24.6,""value_for_portion"":24.6,""label"":""Verified"",""source_url"":""https://i.fnri.dost.gov.ph/fct/library/report/3363"",""source_record_id"":""D084"",""source_name"":""DOST-FNRI PhilFCT""},""fat_g_100g"":{""value_per_100g"":0.3,""value_for_portion"":0.3,""label"":""Verified"",""source_url"":""https://i.fnri.dost.gov.ph/fct/library/report/3363"",""source_record_id"":""D084"",""source_name"":""DOST-FNRI PhilFCT""},""fiber_g_100g"":{""value_per_100g"":1.7,""value_for_portion"":1.7,""label"":""Verified"",""source_url"":""https://i.fnri.dost.gov.ph/fct/library/report/3363"",""source_record_id"":""D084"",""source_name"":""DOST-FNRI PhilFCT""},""sugar_g_100g"":{""value_per_100g"":0.8,""value_for_portion"":0.8,""label"":""Verified"",""source_url"":""https://i.fnri.dost.gov.ph/fct/library/report/3363"",""source_record_id"":""D084"",""source_name"":""DOST-FNRI PhilFCT""},""sodium_mg_100g"":{""value_per_100g"":10.0,""value_for_portion"":10.0,""label"":""Verified"",""source_url"":""https://i.fnri.dost.gov.ph/fct/library/report/3363"",""source_record_id"":""D084"",""source_name"":""DOST-FNRI PhilFCT""},""cholesterol_mg_100g"":{""value_per_100g"":0.0,""value_for_portion"":0.0,""label"":""Verified"",""source_url"":""https://i.fnri.dost.gov.ph/fct/library/report/3363"",""source_record_id"":""D084"",""source_name"":""DOST-FNRI PhilFCT""}}"
PH_DISH_025,EST_PH_DISH_025_V1,FC000098,Coconut oil,20,ASSUMED_REFERENCE_MIXTURE,892.0,0.0,0.0,99.1,0.0,0.0,0.0,0.0,"{""kcal_100g"":{""value_per_100g"":892.0,""value_for_portion"":892.0,""label"":""Verified"",""source_url"":""https://i.fnri.dost.gov.ph/fct/library/report/4268"",""source_record_id"":""K008"",""source_name"":""DOST-FNRI PhilFCT""},""protein_g_100g"":{""value_per_100g"":0.0,""value_for_portion"":0.0,""label"":""Verified"",""source_url"":""https://i.fnri.dost.gov.ph/fct/library/report/4268"",""source_record_id"":""K008"",""source_name"":""DOST-FNRI PhilFCT""},""carbs_g_100g"":{""value_per_100g"":0.0,""value_for_portion"":0.0,""label"":""Verified"",""source_url"":""https://i.fnri.dost.gov.ph/fct/library/report/4268"",""source_record_id"":""K008"",""source_name"":""DOST-FNRI PhilFCT""},""fat_g_100g"":{""value_per_100g"":99.1,""value_for_portion"":99.1,""label"":""Verified"",""source_url"":""https://i.fnri.dost.gov.ph/fct/library/report/4268"",""source_record_id"":""K008"",""source_name"":""DOST-FNRI PhilFCT""},""fiber_g_100g"":{""value_per_100g"":0.0,""value_for_portion"":0.0,""label"":""Verified"",""source_url"":""https://i.fnri.dost.gov.ph/fct/library/report/4268"",""source_record_id"":""K008"",""source_name"":""DOST-FNRI PhilFCT""},""sugar_g_100g"":{""value_per_100g"":0.0,""value_for_portion"":0.0,""label"":""Verified"",""source_url"":""https://i.fnri.dost.gov.ph/fct/library/report/4268"",""source_record_id"":""K008"",""source_name"":""DOST-FNRI PhilFCT""},""sodium_mg_100g"":{""value_per_100g"":0.0,""value_for_portion"":0.0,""label"":""Verified"",""source_url"":""https://i.fnri.dost.gov.ph/fct/library/report/4268"",""source_record_id"":""K008"",""source_name"":""DOST-FNRI PhilFCT""},""cholesterol_mg_100g"":{""value_per_100g"":0.0,""value_for_portion"":0.0,""label"":""Verified"",""source_url"":""https://i.fnri.dost.gov.ph/fct/library/report/4268"",""source_record_id"":""K008"",""source_name"":""DOST-FNRI PhilFCT""}}"
PH_DISH_025,EST_PH_DISH_025_V1,FC000100,Fish sauce,15,ASSUMED_REFERENCE_MIXTURE,49.0,10.6,0.9,0.3,0.0,,5061.0,0.0,"{""kcal_100g"":{""value_per_100g"":49.0,""value_for_portion"":49.0,""label"":""Verified"",""source_url"":""https://i.fnri.dost.gov.ph/fct/library/report/4334"",""source_record_id"":""N011"",""source_name"":""DOST-FNRI PhilFCT""},""protein_g_100g"":{""value_per_100g"":10.6,""value_for_portion"":10.6,""label"":""Verified"",""source_url"":""https://i.fnri.dost.gov.ph/fct/library/report/4334"",""source_record_id"":""N011"",""source_name"":""DOST-FNRI PhilFCT""},""carbs_g_100g"":{""value_per_100g"":0.9,""value_for_portion"":0.9,""label"":""Verified"",""source_url"":""https://i.fnri.dost.gov.ph/fct/library/report/4334"",""source_record_id"":""N011"",""source_name"":""DOST-FNRI PhilFCT""},""fat_g_100g"":{""value_per_100g"":0.3,""value_for_portion"":0.3,""label"":""Verified"",""source_url"":""https://i.fnri.dost.gov.ph/fct/library/report/4334"",""source_record_id"":""N011"",""source_name"":""DOST-FNRI PhilFCT""},""fiber_g_100g"":{""value_per_100g"":0.0,""value_for_portion"":0.0,""label"":""Verified"",""source_url"":""https://i.fnri.dost.gov.ph/fct/library/report/4334"",""source_record_id"":""N011"",""source_name"":""DOST-FNRI PhilFCT""},""sugar_g_100g"":{""value_per_100g"":null,""value_for_portion"":null,""label"":""Unknown"",""source_url"":null,""source_record_id"":null,""source_name"":null},""sodium_mg_100g"":{""value_per_100g"":5061.0,""value_for_portion"":5061.0,""label"":""Verified"",""source_url"":""https://i.fnri.dost.gov.ph/fct/library/report/4334"",""source_record_id"":""N011"",""source_name"":""DOST-FNRI PhilFCT""},""cholesterol_mg_100g"":{""value_per_100g"":0.0,""value_for_portion"":0.0,""label"":""Verified"",""source_url"":""https://i.fnri.dost.gov.ph/fct/library/report/4334"",""source_record_id"":""N011"",""source_name"":""DOST-FNRI PhilFCT""}}"
PH_DISH_025,EST_PH_DISH_025_V1,FC001237,"Beverages, water, tap, drinking",100,ASSUMED_REFERENCE_MIXTURE,0.0,0.0,0.0,0.0,0.0,0.0,4.0,0.0,"{""kcal_100g"":{""value_per_100g"":0.0,""value_for_portion"":0.0,""label"":""Other source"",""source_url"":""https://fdc.nal.usda.gov/food-details/173647/nutrients"",""source_record_id"":""USDA_FC001237_173647"",""source_name"":""USDA FoodData Central SR Legacy""},""protein_g_100g"":{""value_per_100g"":0.0,""value_for_portion"":0.0,""label"":""Other source"",""source_url"":""https://fdc.nal.usda.gov/food-details/173647/nutrients"",""source_record_id"":""USDA_FC001237_173647"",""source_name"":""USDA FoodData Central SR Legacy""},""carbs_g_100g"":{""value_per_100g"":0.0,""value_for_portion"":0.0,""label"":""Other source"",""source_url"":""https://fdc.nal.usda.gov/food-details/173647/nutrients"",""source_record_id"":""USDA_FC001237_173647"",""source_name"":""USDA FoodData Central SR Legacy""},""fat_g_100g"":{""value_per_100g"":0.0,""value_for_portion"":0.0,""label"":""Other source"",""source_url"":""https://fdc.nal.usda.gov/food-details/173647/nutrients"",""source_record_id"":""USDA_FC001237_173647"",""source_name"":""USDA FoodData Central SR Legacy""},""fiber_g_100g"":{""value_per_100g"":0.0,""value_for_portion"":0.0,""label"":""Other source"",""source_url"":""https://fdc.nal.usda.gov/food-details/173647/nutrients"",""source_record_id"":""USDA_FC001237_173647"",""source_name"":""USDA FoodData Central SR Legacy""},""sugar_g_100g"":{""value_per_100g"":0.0,""value_for_portion"":0.0,""label"":""Other source"",""source_url"":""https://fdc.nal.usda.gov/food-details/173647/nutrients"",""source_record_id"":""USDA_FC001237_173647"",""source_name"":""USDA FoodData Central SR Legacy""},""sodium_mg_100g"":{""value_per_100g"":4.0,""value_for_portion"":4.0,""label"":""Other source"",""source_url"":""https://fdc.nal.usda.gov/food-details/173647/nutrients"",""source_record_id"":""USDA_FC001237_173647"",""source_name"":""USDA FoodData Central SR Legacy""},""cholesterol_mg_100g"":{""value_per_100g"":0.0,""value_for_portion"":0.0,""label"":""Other source"",""source_url"":""https://fdc.nal.usda.gov/food-details/173647/nutrients"",""source_record_id"":""USDA_FC001237_173647"",""source_name"":""USDA FoodData Central SR Legacy""}}"
PH_DISH_026,EST_PH_DISH_026_V1,FC000254,"Chayote fruit, boiled",500,ASSUMED_REFERENCE_MIXTURE,16.0,0.3,3.5,0.1,0.4,1.7,5.0,0.0,"{""kcal_100g"":{""value_per_100g"":16.0,""value_for_portion"":16.0,""label"":""Verified"",""source_url"":""https://i.fnri.dost.gov.ph/fct/library/report/3330"",""source_record_id"":""D051"",""source_name"":""DOST-FNRI PhilFCT""},""protein_g_100g"":{""value_per_100g"":0.3,""value_for_portion"":0.3,""label"":""Verified"",""source_url"":""https://i.fnri.dost.gov.ph/fct/library/report/3330"",""source_record_id"":""D051"",""source_name"":""DOST-FNRI PhilFCT""},""carbs_g_100g"":{""value_per_100g"":3.5,""value_for_portion"":3.5,""label"":""Verified"",""source_url"":""https://i.fnri.dost.gov.ph/fct/library/report/3330"",""source_record_id"":""D051"",""source_name"":""DOST-FNRI PhilFCT""},""fat_g_100g"":{""value_per_100g"":0.1,""value_for_portion"":0.1,""label"":""Verified"",""source_url"":""https://i.fnri.dost.gov.ph/fct/library/report/3330"",""source_record_id"":""D051"",""source_name"":""DOST-FNRI PhilFCT""},""fiber_g_100g"":{""value_per_100g"":0.4,""value_for_portion"":0.4,""label"":""Verified"",""source_url"":""https://i.fnri.dost.gov.ph/fct/library/report/3330"",""source_record_id"":""D051"",""source_name"":""DOST-FNRI PhilFCT""},""sugar_g_100g"":{""value_per_100g"":1.7,""value_for_portion"":1.7,""label"":""Verified"",""source_url"":""https://i.fnri.dost.gov.ph/fct/library/report/3330"",""source_record_id"":""D051"",""source_name"":""DOST-FNRI PhilFCT""},""sodium_mg_100g"":{""value_per_100g"":5.0,""value_for_portion"":5.0,""label"":""Verified"",""source_url"":""https://i.fnri.dost.gov.ph/fct/library/report/3330"",""source_record_id"":""D051"",""source_name"":""DOST-FNRI PhilFCT""},""cholesterol_mg_100g"":{""value_per_100g"":0.0,""value_for_portion"":0.0,""label"":""Verified"",""source_url"":""https://i.fnri.dost.gov.ph/fct/library/report/3330"",""source_record_id"":""D051"",""source_name"":""DOST-FNRI PhilFCT""}}"
PH_DISH_026,EST_PH_DISH_026_V1,FC000016,"Egg, chicken, whole, boiled",150,ASSUMED_REFERENCE_MIXTURE,166.0,14.0,0.6,12.0,0.0,0.4,136.0,460.0,"{""kcal_100g"":{""value_per_100g"":166.0,""value_for_portion"":166.0,""label"":""Verified"",""source_url"":""https://i.fnri.dost.gov.ph/fct/library/report/4216"",""source_record_id"":""H004"",""source_name"":""DOST-FNRI PhilFCT""},""protein_g_100g"":{""value_per_100g"":14.0,""value_for_portion"":14.0,""label"":""Verified"",""source_url"":""https://i.fnri.dost.gov.ph/fct/library/report/4216"",""source_record_id"":""H004"",""source_name"":""DOST-FNRI PhilFCT""},""carbs_g_100g"":{""value_per_100g"":0.6,""value_for_portion"":0.6,""label"":""Verified"",""source_url"":""https://i.fnri.dost.gov.ph/fct/library/report/4216"",""source_record_id"":""H004"",""source_name"":""DOST-FNRI PhilFCT""},""fat_g_100g"":{""value_per_100g"":12.0,""value_for_portion"":12.0,""label"":""Verified"",""source_url"":""https://i.fnri.dost.gov.ph/fct/library/report/4216"",""source_record_id"":""H004"",""source_name"":""DOST-FNRI PhilFCT""},""fiber_g_100g"":{""value_per_100g"":0.0,""value_for_portion"":0.0,""label"":""Verified"",""source_url"":""https://i.fnri.dost.gov.ph/fct/library/report/4216"",""source_record_id"":""H004"",""source_name"":""DOST-FNRI PhilFCT""},""sugar_g_100g"":{""value_per_100g"":0.4,""value_for_portion"":0.4,""label"":""Verified"",""source_url"":""https://i.fnri.dost.gov.ph/fct/library/report/4216"",""source_record_id"":""H004"",""source_name"":""DOST-FNRI PhilFCT""},""sodium_mg_100g"":{""value_per_100g"":136.0,""value_for_portion"":136.0,""label"":""Verified"",""source_url"":""https://i.fnri.dost.gov.ph/fct/library/report/4216"",""source_record_id"":""H004"",""source_name"":""DOST-FNRI PhilFCT""},""cholesterol_mg_100g"":{""value_per_100g"":460.0,""value_for_portion"":460.0,""label"":""Verified"",""source_url"":""https://i.fnri.dost.gov.ph/fct/library/report/4216"",""source_record_id"":""H004"",""source_name"":""DOST-FNRI PhilFCT""}}"
PH_DISH_026,EST_PH_DISH_026_V1,FC000280,"Tomato, boiled",100,ASSUMED_REFERENCE_MIXTURE,25.0,0.4,5.6,0.1,0.3,3.6,11.0,0.0,"{""kcal_100g"":{""value_per_100g"":25.0,""value_for_portion"":25.0,""label"":""Verified"",""source_url"":""https://i.fnri.dost.gov.ph/fct/library/report/3537"",""source_record_id"":""D258"",""source_name"":""DOST-FNRI PhilFCT""},""protein_g_100g"":{""value_per_100g"":0.4,""value_for_portion"":0.4,""label"":""Verified"",""source_url"":""https://i.fnri.dost.gov.ph/fct/library/report/3537"",""source_record_id"":""D258"",""source_name"":""DOST-FNRI PhilFCT""},""carbs_g_100g"":{""value_per_100g"":5.6,""value_for_portion"":5.6,""label"":""Verified"",""source_url"":""https://i.fnri.dost.gov.ph/fct/library/report/3537"",""source_record_id"":""D258"",""source_name"":""DOST-FNRI PhilFCT""},""fat_g_100g"":{""value_per_100g"":0.1,""value_for_portion"":0.1,""label"":""Verified"",""source_url"":""https://i.fnri.dost.gov.ph/fct/library/report/3537"",""source_record_id"":""D258"",""source_name"":""DOST-FNRI PhilFCT""},""fiber_g_100g"":{""value_per_100g"":0.3,""value_for_portion"":0.3,""label"":""Verified"",""source_url"":""https://i.fnri.dost.gov.ph/fct/library/report/3537"",""source_record_id"":""D258"",""source_name"":""DOST-FNRI PhilFCT""},""sugar_g_100g"":{""value_per_100g"":3.6,""value_for_portion"":3.6,""label"":""Verified"",""source_url"":""https://i.fnri.dost.gov.ph/fct/library/report/3537"",""source_record_id"":""D258"",""source_name"":""DOST-FNRI PhilFCT""},""sodium_mg_100g"":{""value_per_100g"":11.0,""value_for_portion"":11.0,""label"":""Verified"",""source_url"":""https://i.fnri.dost.gov.ph/fct/library/report/3537"",""source_record_id"":""D258"",""source_name"":""DOST-FNRI PhilFCT""},""cholesterol_mg_100g"":{""value_per_100g"":0.0,""value_for_portion"":0.0,""label"":""Verified"",""source_url"":""https://i.fnri.dost.gov.ph/fct/library/report/3537"",""source_record_id"":""D258"",""source_name"":""DOST-FNRI PhilFCT""}}"
PH_DISH_026,EST_PH_DISH_026_V1,FC000333,"Onion, Bombay bulb, boiled",60,ASSUMED_REFERENCE_MIXTURE,47.0,1.2,9.7,0.4,1.3,4.6,3.0,0.0,"{""kcal_100g"":{""value_per_100g"":47.0,""value_for_portion"":47.0,""label"":""Verified"",""source_url"":""https://i.fnri.dost.gov.ph/fct/library/report/3421"",""source_record_id"":""D142"",""source_name"":""DOST-FNRI PhilFCT""},""protein_g_100g"":{""value_per_100g"":1.2,""value_for_portion"":1.2,""label"":""Verified"",""source_url"":""https://i.fnri.dost.gov.ph/fct/library/report/3421"",""source_record_id"":""D142"",""source_name"":""DOST-FNRI PhilFCT""},""carbs_g_100g"":{""value_per_100g"":9.7,""value_for_portion"":9.7,""label"":""Verified"",""source_url"":""https://i.fnri.dost.gov.ph/fct/library/report/3421"",""source_record_id"":""D142"",""source_name"":""DOST-FNRI PhilFCT""},""fat_g_100g"":{""value_per_100g"":0.4,""value_for_portion"":0.4,""label"":""Verified"",""source_url"":""https://i.fnri.dost.gov.ph/fct/library/report/3421"",""source_record_id"":""D142"",""source_name"":""DOST-FNRI PhilFCT""},""fiber_g_100g"":{""value_per_100g"":1.3,""value_for_portion"":1.3,""label"":""Verified"",""source_url"":""https://i.fnri.dost.gov.ph/fct/library/report/3421"",""source_record_id"":""D142"",""source_name"":""DOST-FNRI PhilFCT""},""sugar_g_100g"":{""value_per_100g"":4.6,""value_for_portion"":4.6,""label"":""Verified"",""source_url"":""https://i.fnri.dost.gov.ph/fct/library/report/3421"",""source_record_id"":""D142"",""source_name"":""DOST-FNRI PhilFCT""},""sodium_mg_100g"":{""value_per_100g"":3.0,""value_for_portion"":3.0,""label"":""Verified"",""source_url"":""https://i.fnri.dost.gov.ph/fct/library/report/3421"",""source_record_id"":""D142"",""source_name"":""DOST-FNRI PhilFCT""},""cholesterol_mg_100g"":{""value_per_100g"":0.0,""value_for_portion"":0.0,""label"":""Verified"",""source_url"":""https://i.fnri.dost.gov.ph/fct/library/report/3421"",""source_record_id"":""D142"",""source_name"":""DOST-FNRI PhilFCT""}}"
PH_DISH_026,EST_PH_DISH_026_V1,FC000070,Garlic bulb,15,ASSUMED_REFERENCE_MIXTURE,129.0,7.0,24.6,0.3,1.7,0.8,10.0,0.0,"{""kcal_100g"":{""value_per_100g"":129.0,""value_for_portion"":129.0,""label"":""Verified"",""source_url"":""https://i.fnri.dost.gov.ph/fct/library/report/3363"",""source_record_id"":""D084"",""source_name"":""DOST-FNRI PhilFCT""},""protein_g_100g"":{""value_per_100g"":7.0,""value_for_portion"":7.0,""label"":""Verified"",""source_url"":""https://i.fnri.dost.gov.ph/fct/library/report/3363"",""source_record_id"":""D084"",""source_name"":""DOST-FNRI PhilFCT""},""carbs_g_100g"":{""value_per_100g"":24.6,""value_for_portion"":24.6,""label"":""Verified"",""source_url"":""https://i.fnri.dost.gov.ph/fct/library/report/3363"",""source_record_id"":""D084"",""source_name"":""DOST-FNRI PhilFCT""},""fat_g_100g"":{""value_per_100g"":0.3,""value_for_portion"":0.3,""label"":""Verified"",""source_url"":""https://i.fnri.dost.gov.ph/fct/library/report/3363"",""source_record_id"":""D084"",""source_name"":""DOST-FNRI PhilFCT""},""fiber_g_100g"":{""value_per_100g"":1.7,""value_for_portion"":1.7,""label"":""Verified"",""source_url"":""https://i.fnri.dost.gov.ph/fct/library/report/3363"",""source_record_id"":""D084"",""source_name"":""DOST-FNRI PhilFCT""},""sugar_g_100g"":{""value_per_100g"":0.8,""value_for_portion"":0.8,""label"":""Verified"",""source_url"":""https://i.fnri.dost.gov.ph/fct/library/report/3363"",""source_record_id"":""D084"",""source_name"":""DOST-FNRI PhilFCT""},""sodium_mg_100g"":{""value_per_100g"":10.0,""value_for_portion"":10.0,""label"":""Verified"",""source_url"":""https://i.fnri.dost.gov.ph/fct/library/report/3363"",""source_record_id"":""D084"",""source_name"":""DOST-FNRI PhilFCT""},""cholesterol_mg_100g"":{""value_per_100g"":0.0,""value_for_portion"":0.0,""label"":""Verified"",""source_url"":""https://i.fnri.dost.gov.ph/fct/library/report/3363"",""source_record_id"":""D084"",""source_name"":""DOST-FNRI PhilFCT""}}"
PH_DISH_026,EST_PH_DISH_026_V1,FC000098,Coconut oil,20,ASSUMED_REFERENCE_MIXTURE,892.0,0.0,0.0,99.1,0.0,0.0,0.0,0.0,"{""kcal_100g"":{""value_per_100g"":892.0,""value_for_portion"":892.0,""label"":""Verified"",""source_url"":""https://i.fnri.dost.gov.ph/fct/library/report/4268"",""source_record_id"":""K008"",""source_name"":""DOST-FNRI PhilFCT""},""protein_g_100g"":{""value_per_100g"":0.0,""value_for_portion"":0.0,""label"":""Verified"",""source_url"":""https://i.fnri.dost.gov.ph/fct/library/report/4268"",""source_record_id"":""K008"",""source_name"":""DOST-FNRI PhilFCT""},""carbs_g_100g"":{""value_per_100g"":0.0,""value_for_portion"":0.0,""label"":""Verified"",""source_url"":""https://i.fnri.dost.gov.ph/fct/library/report/4268"",""source_record_id"":""K008"",""source_name"":""DOST-FNRI PhilFCT""},""fat_g_100g"":{""value_per_100g"":99.1,""value_for_portion"":99.1,""label"":""Verified"",""source_url"":""https://i.fnri.dost.gov.ph/fct/library/report/4268"",""source_record_id"":""K008"",""source_name"":""DOST-FNRI PhilFCT""},""fiber_g_100g"":{""value_per_100g"":0.0,""value_for_portion"":0.0,""label"":""Verified"",""source_url"":""https://i.fnri.dost.gov.ph/fct/library/report/4268"",""source_record_id"":""K008"",""source_name"":""DOST-FNRI PhilFCT""},""sugar_g_100g"":{""value_per_100g"":0.0,""value_for_portion"":0.0,""label"":""Verified"",""source_url"":""https://i.fnri.dost.gov.ph/fct/library/report/4268"",""source_record_id"":""K008"",""source_name"":""DOST-FNRI PhilFCT""},""sodium_mg_100g"":{""value_per_100g"":0.0,""value_for_portion"":0.0,""label"":""Verified"",""source_url"":""https://i.fnri.dost.gov.ph/fct/library/report/4268"",""source_record_id"":""K008"",""source_name"":""DOST-FNRI PhilFCT""},""cholesterol_mg_100g"":{""value_per_100g"":0.0,""value_for_portion"":0.0,""label"":""Verified"",""source_url"":""https://i.fnri.dost.gov.ph/fct/library/report/4268"",""source_record_id"":""K008"",""source_name"":""DOST-FNRI PhilFCT""}}"
PH_DISH_026,EST_PH_DISH_026_V1,FC000612,"Salt, coarse",3,ASSUMED_REFERENCE_MIXTURE,0.0,0.0,0.0,0.0,0.0,0.0,34836.0,0.0,"{""kcal_100g"":{""value_per_100g"":0.0,""value_for_portion"":0.0,""label"":""Verified"",""source_url"":""https://i.fnri.dost.gov.ph/fct/library/report/4342"",""source_record_id"":""N019"",""source_name"":""DOST-FNRI PhilFCT""},""protein_g_100g"":{""value_per_100g"":0.0,""value_for_portion"":0.0,""label"":""Verified"",""source_url"":""https://i.fnri.dost.gov.ph/fct/library/report/4342"",""source_record_id"":""N019"",""source_name"":""DOST-FNRI PhilFCT""},""carbs_g_100g"":{""value_per_100g"":0.0,""value_for_portion"":0.0,""label"":""Verified"",""source_url"":""https://i.fnri.dost.gov.ph/fct/library/report/4342"",""source_record_id"":""N019"",""source_name"":""DOST-FNRI PhilFCT""},""fat_g_100g"":{""value_per_100g"":0.0,""value_for_portion"":0.0,""label"":""Verified"",""source_url"":""https://i.fnri.dost.gov.ph/fct/library/report/4342"",""source_record_id"":""N019"",""source_name"":""DOST-FNRI PhilFCT""},""fiber_g_100g"":{""value_per_100g"":0.0,""value_for_portion"":0.0,""label"":""Verified"",""source_url"":""https://i.fnri.dost.gov.ph/fct/library/report/4342"",""source_record_id"":""N019"",""source_name"":""DOST-FNRI PhilFCT""},""sugar_g_100g"":{""value_per_100g"":0.0,""value_for_portion"":0.0,""label"":""Verified"",""source_url"":""https://i.fnri.dost.gov.ph/fct/library/report/4342"",""source_record_id"":""N019"",""source_name"":""DOST-FNRI PhilFCT""},""sodium_mg_100g"":{""value_per_100g"":34836.0,""value_for_portion"":34836.0,""label"":""Verified"",""source_url"":""https://i.fnri.dost.gov.ph/fct/library/report/4342"",""source_record_id"":""N019"",""source_name"":""DOST-FNRI PhilFCT""},""cholesterol_mg_100g"":{""value_per_100g"":0.0,""value_for_portion"":0.0,""label"":""Verified"",""source_url"":""https://i.fnri.dost.gov.ph/fct/library/report/4342"",""source_record_id"":""N019"",""source_name"":""DOST-FNRI PhilFCT""}}"
PH_DISH_026,EST_PH_DISH_026_V1,FC001237,"Beverages, water, tap, drinking",80,ASSUMED_REFERENCE_MIXTURE,0.0,0.0,0.0,0.0,0.0,0.0,4.0,0.0,"{""kcal_100g"":{""value_per_100g"":0.0,""value_for_portion"":0.0,""label"":""Other source"",""source_url"":""https://fdc.nal.usda.gov/food-details/173647/nutrients"",""source_record_id"":""USDA_FC001237_173647"",""source_name"":""USDA FoodData Central SR Legacy""},""protein_g_100g"":{""value_per_100g"":0.0,""value_for_portion"":0.0,""label"":""Other source"",""source_url"":""https://fdc.nal.usda.gov/food-details/173647/nutrients"",""source_record_id"":""USDA_FC001237_173647"",""source_name"":""USDA FoodData Central SR Legacy""},""carbs_g_100g"":{""value_per_100g"":0.0,""value_for_portion"":0.0,""label"":""Other source"",""source_url"":""https://fdc.nal.usda.gov/food-details/173647/nutrients"",""source_record_id"":""USDA_FC001237_173647"",""source_name"":""USDA FoodData Central SR Legacy""},""fat_g_100g"":{""value_per_100g"":0.0,""value_for_portion"":0.0,""label"":""Other source"",""source_url"":""https://fdc.nal.usda.gov/food-details/173647/nutrients"",""source_record_id"":""USDA_FC001237_173647"",""source_name"":""USDA FoodData Central SR Legacy""},""fiber_g_100g"":{""value_per_100g"":0.0,""value_for_portion"":0.0,""label"":""Other source"",""source_url"":""https://fdc.nal.usda.gov/food-details/173647/nutrients"",""source_record_id"":""USDA_FC001237_173647"",""source_name"":""USDA FoodData Central SR Legacy""},""sugar_g_100g"":{""value_per_100g"":0.0,""value_for_portion"":0.0,""label"":""Other source"",""source_url"":""https://fdc.nal.usda.gov/food-details/173647/nutrients"",""source_record_id"":""USDA_FC001237_173647"",""source_name"":""USDA FoodData Central SR Legacy""},""sodium_mg_100g"":{""value_per_100g"":4.0,""value_for_portion"":4.0,""label"":""Other source"",""source_url"":""https://fdc.nal.usda.gov/food-details/173647/nutrients"",""source_record_id"":""USDA_FC001237_173647"",""source_name"":""USDA FoodData Central SR Legacy""},""cholesterol_mg_100g"":{""value_per_100g"":0.0,""value_for_portion"":0.0,""label"":""Other source"",""source_url"":""https://fdc.nal.usda.gov/food-details/173647/nutrients"",""source_record_id"":""USDA_FC001237_173647"",""source_name"":""USDA FoodData Central SR Legacy""}}"
PH_DISH_027,EST_PH_DISH_027_V1,FC000250,"Bitter melon/gourd fruit, boiled",400,ASSUMED_REFERENCE_MIXTURE,19.0,0.4,3.8,0.2,1.6,1.5,1.0,0.0,"{""kcal_100g"":{""value_per_100g"":19.0,""value_for_portion"":19.0,""label"":""Verified"",""source_url"":""https://i.fnri.dost.gov.ph/fct/library/report/3298"",""source_record_id"":""D019"",""source_name"":""DOST-FNRI PhilFCT""},""protein_g_100g"":{""value_per_100g"":0.4,""value_for_portion"":0.4,""label"":""Verified"",""source_url"":""https://i.fnri.dost.gov.ph/fct/library/report/3298"",""source_record_id"":""D019"",""source_name"":""DOST-FNRI PhilFCT""},""carbs_g_100g"":{""value_per_100g"":3.8,""value_for_portion"":3.8,""label"":""Verified"",""source_url"":""https://i.fnri.dost.gov.ph/fct/library/report/3298"",""source_record_id"":""D019"",""source_name"":""DOST-FNRI PhilFCT""},""fat_g_100g"":{""value_per_100g"":0.2,""value_for_portion"":0.2,""label"":""Verified"",""source_url"":""https://i.fnri.dost.gov.ph/fct/library/report/3298"",""source_record_id"":""D019"",""source_name"":""DOST-FNRI PhilFCT""},""fiber_g_100g"":{""value_per_100g"":1.6,""value_for_portion"":1.6,""label"":""Verified"",""source_url"":""https://i.fnri.dost.gov.ph/fct/library/report/3298"",""source_record_id"":""D019"",""source_name"":""DOST-FNRI PhilFCT""},""sugar_g_100g"":{""value_per_100g"":1.5,""value_for_portion"":1.5,""label"":""Verified"",""source_url"":""https://i.fnri.dost.gov.ph/fct/library/report/3298"",""source_record_id"":""D019"",""source_name"":""DOST-FNRI PhilFCT""},""sodium_mg_100g"":{""value_per_100g"":1.0,""value_for_portion"":1.0,""label"":""Verified"",""source_url"":""https://i.fnri.dost.gov.ph/fct/library/report/3298"",""source_record_id"":""D019"",""source_name"":""DOST-FNRI PhilFCT""},""cholesterol_mg_100g"":{""value_per_100g"":0.0,""value_for_portion"":0.0,""label"":""Verified"",""source_url"":""https://i.fnri.dost.gov.ph/fct/library/report/3298"",""source_record_id"":""D019"",""source_name"":""DOST-FNRI PhilFCT""}}"
PH_DISH_027,EST_PH_DISH_027_V1,FC000016,"Egg, chicken, whole, boiled",200,ASSUMED_REFERENCE_MIXTURE,166.0,14.0,0.6,12.0,0.0,0.4,136.0,460.0,"{""kcal_100g"":{""value_per_100g"":166.0,""value_for_portion"":166.0,""label"":""Verified"",""source_url"":""https://i.fnri.dost.gov.ph/fct/library/report/4216"",""source_record_id"":""H004"",""source_name"":""DOST-FNRI PhilFCT""},""protein_g_100g"":{""value_per_100g"":14.0,""value_for_portion"":14.0,""label"":""Verified"",""source_url"":""https://i.fnri.dost.gov.ph/fct/library/report/4216"",""source_record_id"":""H004"",""source_name"":""DOST-FNRI PhilFCT""},""carbs_g_100g"":{""value_per_100g"":0.6,""value_for_portion"":0.6,""label"":""Verified"",""source_url"":""https://i.fnri.dost.gov.ph/fct/library/report/4216"",""source_record_id"":""H004"",""source_name"":""DOST-FNRI PhilFCT""},""fat_g_100g"":{""value_per_100g"":12.0,""value_for_portion"":12.0,""label"":""Verified"",""source_url"":""https://i.fnri.dost.gov.ph/fct/library/report/4216"",""source_record_id"":""H004"",""source_name"":""DOST-FNRI PhilFCT""},""fiber_g_100g"":{""value_per_100g"":0.0,""value_for_portion"":0.0,""label"":""Verified"",""source_url"":""https://i.fnri.dost.gov.ph/fct/library/report/4216"",""source_record_id"":""H004"",""source_name"":""DOST-FNRI PhilFCT""},""sugar_g_100g"":{""value_per_100g"":0.4,""value_for_portion"":0.4,""label"":""Verified"",""source_url"":""https://i.fnri.dost.gov.ph/fct/library/report/4216"",""source_record_id"":""H004"",""source_name"":""DOST-FNRI PhilFCT""},""sodium_mg_100g"":{""value_per_100g"":136.0,""value_for_portion"":136.0,""label"":""Verified"",""source_url"":""https://i.fnri.dost.gov.ph/fct/library/report/4216"",""source_record_id"":""H004"",""source_name"":""DOST-FNRI PhilFCT""},""cholesterol_mg_100g"":{""value_per_100g"":460.0,""value_for_portion"":460.0,""label"":""Verified"",""source_url"":""https://i.fnri.dost.gov.ph/fct/library/report/4216"",""source_record_id"":""H004"",""source_name"":""DOST-FNRI PhilFCT""}}"
PH_DISH_027,EST_PH_DISH_027_V1,FC000280,"Tomato, boiled",150,ASSUMED_REFERENCE_MIXTURE,25.0,0.4,5.6,0.1,0.3,3.6,11.0,0.0,"{""kcal_100g"":{""value_per_100g"":25.0,""value_for_portion"":25.0,""label"":""Verified"",""source_url"":""https://i.fnri.dost.gov.ph/fct/library/report/3537"",""source_record_id"":""D258"",""source_name"":""DOST-FNRI PhilFCT""},""protein_g_100g"":{""value_per_100g"":0.4,""value_for_portion"":0.4,""label"":""Verified"",""source_url"":""https://i.fnri.dost.gov.ph/fct/library/report/3537"",""source_record_id"":""D258"",""source_name"":""DOST-FNRI PhilFCT""},""carbs_g_100g"":{""value_per_100g"":5.6,""value_for_portion"":5.6,""label"":""Verified"",""source_url"":""https://i.fnri.dost.gov.ph/fct/library/report/3537"",""source_record_id"":""D258"",""source_name"":""DOST-FNRI PhilFCT""},""fat_g_100g"":{""value_per_100g"":0.1,""value_for_portion"":0.1,""label"":""Verified"",""source_url"":""https://i.fnri.dost.gov.ph/fct/library/report/3537"",""source_record_id"":""D258"",""source_name"":""DOST-FNRI PhilFCT""},""fiber_g_100g"":{""value_per_100g"":0.3,""value_for_portion"":0.3,""label"":""Verified"",""source_url"":""https://i.fnri.dost.gov.ph/fct/library/report/3537"",""source_record_id"":""D258"",""source_name"":""DOST-FNRI PhilFCT""},""sugar_g_100g"":{""value_per_100g"":3.6,""value_for_portion"":3.6,""label"":""Verified"",""source_url"":""https://i.fnri.dost.gov.ph/fct/library/report/3537"",""source_record_id"":""D258"",""source_name"":""DOST-FNRI PhilFCT""},""sodium_mg_100g"":{""value_per_100g"":11.0,""value_for_portion"":11.0,""label"":""Verified"",""source_url"":""https://i.fnri.dost.gov.ph/fct/library/report/3537"",""source_record_id"":""D258"",""source_name"":""DOST-FNRI PhilFCT""},""cholesterol_mg_100g"":{""value_per_100g"":0.0,""value_for_portion"":0.0,""label"":""Verified"",""source_url"":""https://i.fnri.dost.gov.ph/fct/library/report/3537"",""source_record_id"":""D258"",""source_name"":""DOST-FNRI PhilFCT""}}"
PH_DISH_027,EST_PH_DISH_027_V1,FC000333,"Onion, Bombay bulb, boiled",60,ASSUMED_REFERENCE_MIXTURE,47.0,1.2,9.7,0.4,1.3,4.6,3.0,0.0,"{""kcal_100g"":{""value_per_100g"":47.0,""value_for_portion"":47.0,""label"":""Verified"",""source_url"":""https://i.fnri.dost.gov.ph/fct/library/report/3421"",""source_record_id"":""D142"",""source_name"":""DOST-FNRI PhilFCT""},""protein_g_100g"":{""value_per_100g"":1.2,""value_for_portion"":1.2,""label"":""Verified"",""source_url"":""https://i.fnri.dost.gov.ph/fct/library/report/3421"",""source_record_id"":""D142"",""source_name"":""DOST-FNRI PhilFCT""},""carbs_g_100g"":{""value_per_100g"":9.7,""value_for_portion"":9.7,""label"":""Verified"",""source_url"":""https://i.fnri.dost.gov.ph/fct/library/report/3421"",""source_record_id"":""D142"",""source_name"":""DOST-FNRI PhilFCT""},""fat_g_100g"":{""value_per_100g"":0.4,""value_for_portion"":0.4,""label"":""Verified"",""source_url"":""https://i.fnri.dost.gov.ph/fct/library/report/3421"",""source_record_id"":""D142"",""source_name"":""DOST-FNRI PhilFCT""},""fiber_g_100g"":{""value_per_100g"":1.3,""value_for_portion"":1.3,""label"":""Verified"",""source_url"":""https://i.fnri.dost.gov.ph/fct/library/report/3421"",""source_record_id"":""D142"",""source_name"":""DOST-FNRI PhilFCT""},""sugar_g_100g"":{""value_per_100g"":4.6,""value_for_portion"":4.6,""label"":""Verified"",""source_url"":""https://i.fnri.dost.gov.ph/fct/library/report/3421"",""source_record_id"":""D142"",""source_name"":""DOST-FNRI PhilFCT""},""sodium_mg_100g"":{""value_per_100g"":3.0,""value_for_portion"":3.0,""label"":""Verified"",""source_url"":""https://i.fnri.dost.gov.ph/fct/library/report/3421"",""source_record_id"":""D142"",""source_name"":""DOST-FNRI PhilFCT""},""cholesterol_mg_100g"":{""value_per_100g"":0.0,""value_for_portion"":0.0,""label"":""Verified"",""source_url"":""https://i.fnri.dost.gov.ph/fct/library/report/3421"",""source_record_id"":""D142"",""source_name"":""DOST-FNRI PhilFCT""}}"
PH_DISH_027,EST_PH_DISH_027_V1,FC000070,Garlic bulb,10,ASSUMED_REFERENCE_MIXTURE,129.0,7.0,24.6,0.3,1.7,0.8,10.0,0.0,"{""kcal_100g"":{""value_per_100g"":129.0,""value_for_portion"":129.0,""label"":""Verified"",""source_url"":""https://i.fnri.dost.gov.ph/fct/library/report/3363"",""source_record_id"":""D084"",""source_name"":""DOST-FNRI PhilFCT""},""protein_g_100g"":{""value_per_100g"":7.0,""value_for_portion"":7.0,""label"":""Verified"",""source_url"":""https://i.fnri.dost.gov.ph/fct/library/report/3363"",""source_record_id"":""D084"",""source_name"":""DOST-FNRI PhilFCT""},""carbs_g_100g"":{""value_per_100g"":24.6,""value_for_portion"":24.6,""label"":""Verified"",""source_url"":""https://i.fnri.dost.gov.ph/fct/library/report/3363"",""source_record_id"":""D084"",""source_name"":""DOST-FNRI PhilFCT""},""fat_g_100g"":{""value_per_100g"":0.3,""value_for_portion"":0.3,""label"":""Verified"",""source_url"":""https://i.fnri.dost.gov.ph/fct/library/report/3363"",""source_record_id"":""D084"",""source_name"":""DOST-FNRI PhilFCT""},""fiber_g_100g"":{""value_per_100g"":1.7,""value_for_portion"":1.7,""label"":""Verified"",""source_url"":""https://i.fnri.dost.gov.ph/fct/library/report/3363"",""source_record_id"":""D084"",""source_name"":""DOST-FNRI PhilFCT""},""sugar_g_100g"":{""value_per_100g"":0.8,""value_for_portion"":0.8,""label"":""Verified"",""source_url"":""https://i.fnri.dost.gov.ph/fct/library/report/3363"",""source_record_id"":""D084"",""source_name"":""DOST-FNRI PhilFCT""},""sodium_mg_100g"":{""value_per_100g"":10.0,""value_for_portion"":10.0,""label"":""Verified"",""source_url"":""https://i.fnri.dost.gov.ph/fct/library/report/3363"",""source_record_id"":""D084"",""source_name"":""DOST-FNRI PhilFCT""},""cholesterol_mg_100g"":{""value_per_100g"":0.0,""value_for_portion"":0.0,""label"":""Verified"",""source_url"":""https://i.fnri.dost.gov.ph/fct/library/report/3363"",""source_record_id"":""D084"",""source_name"":""DOST-FNRI PhilFCT""}}"
PH_DISH_027,EST_PH_DISH_027_V1,FC000098,Coconut oil,25,ASSUMED_REFERENCE_MIXTURE,892.0,0.0,0.0,99.1,0.0,0.0,0.0,0.0,"{""kcal_100g"":{""value_per_100g"":892.0,""value_for_portion"":892.0,""label"":""Verified"",""source_url"":""https://i.fnri.dost.gov.ph/fct/library/report/4268"",""source_record_id"":""K008"",""source_name"":""DOST-FNRI PhilFCT""},""protein_g_100g"":{""value_per_100g"":0.0,""value_for_portion"":0.0,""label"":""Verified"",""source_url"":""https://i.fnri.dost.gov.ph/fct/library/report/4268"",""source_record_id"":""K008"",""source_name"":""DOST-FNRI PhilFCT""},""carbs_g_100g"":{""value_per_100g"":0.0,""value_for_portion"":0.0,""label"":""Verified"",""source_url"":""https://i.fnri.dost.gov.ph/fct/library/report/4268"",""source_record_id"":""K008"",""source_name"":""DOST-FNRI PhilFCT""},""fat_g_100g"":{""value_per_100g"":99.1,""value_for_portion"":99.1,""label"":""Verified"",""source_url"":""https://i.fnri.dost.gov.ph/fct/library/report/4268"",""source_record_id"":""K008"",""source_name"":""DOST-FNRI PhilFCT""},""fiber_g_100g"":{""value_per_100g"":0.0,""value_for_portion"":0.0,""label"":""Verified"",""source_url"":""https://i.fnri.dost.gov.ph/fct/library/report/4268"",""source_record_id"":""K008"",""source_name"":""DOST-FNRI PhilFCT""},""sugar_g_100g"":{""value_per_100g"":0.0,""value_for_portion"":0.0,""label"":""Verified"",""source_url"":""https://i.fnri.dost.gov.ph/fct/library/report/4268"",""source_record_id"":""K008"",""source_name"":""DOST-FNRI PhilFCT""},""sodium_mg_100g"":{""value_per_100g"":0.0,""value_for_portion"":0.0,""label"":""Verified"",""source_url"":""https://i.fnri.dost.gov.ph/fct/library/report/4268"",""source_record_id"":""K008"",""source_name"":""DOST-FNRI PhilFCT""},""cholesterol_mg_100g"":{""value_per_100g"":0.0,""value_for_portion"":0.0,""label"":""Verified"",""source_url"":""https://i.fnri.dost.gov.ph/fct/library/report/4268"",""source_record_id"":""K008"",""source_name"":""DOST-FNRI PhilFCT""}}"
PH_DISH_027,EST_PH_DISH_027_V1,FC000612,"Salt, coarse",3,ASSUMED_REFERENCE_MIXTURE,0.0,0.0,0.0,0.0,0.0,0.0,34836.0,0.0,"{""kcal_100g"":{""value_per_100g"":0.0,""value_for_portion"":0.0,""label"":""Verified"",""source_url"":""https://i.fnri.dost.gov.ph/fct/library/report/4342"",""source_record_id"":""N019"",""source_name"":""DOST-FNRI PhilFCT""},""protein_g_100g"":{""value_per_100g"":0.0,""value_for_portion"":0.0,""label"":""Verified"",""source_url"":""https://i.fnri.dost.gov.ph/fct/library/report/4342"",""source_record_id"":""N019"",""source_name"":""DOST-FNRI PhilFCT""},""carbs_g_100g"":{""value_per_100g"":0.0,""value_for_portion"":0.0,""label"":""Verified"",""source_url"":""https://i.fnri.dost.gov.ph/fct/library/report/4342"",""source_record_id"":""N019"",""source_name"":""DOST-FNRI PhilFCT""},""fat_g_100g"":{""value_per_100g"":0.0,""value_for_portion"":0.0,""label"":""Verified"",""source_url"":""https://i.fnri.dost.gov.ph/fct/library/report/4342"",""source_record_id"":""N019"",""source_name"":""DOST-FNRI PhilFCT""},""fiber_g_100g"":{""value_per_100g"":0.0,""value_for_portion"":0.0,""label"":""Verified"",""source_url"":""https://i.fnri.dost.gov.ph/fct/library/report/4342"",""source_record_id"":""N019"",""source_name"":""DOST-FNRI PhilFCT""},""sugar_g_100g"":{""value_per_100g"":0.0,""value_for_portion"":0.0,""label"":""Verified"",""source_url"":""https://i.fnri.dost.gov.ph/fct/library/report/4342"",""source_record_id"":""N019"",""source_name"":""DOST-FNRI PhilFCT""},""sodium_mg_100g"":{""value_per_100g"":34836.0,""value_for_portion"":34836.0,""label"":""Verified"",""source_url"":""https://i.fnri.dost.gov.ph/fct/library/report/4342"",""source_record_id"":""N019"",""source_name"":""DOST-FNRI PhilFCT""},""cholesterol_mg_100g"":{""value_per_100g"":0.0,""value_for_portion"":0.0,""label"":""Verified"",""source_url"":""https://i.fnri.dost.gov.ph/fct/library/report/4342"",""source_record_id"":""N019"",""source_name"":""DOST-FNRI PhilFCT""}}"
PH_DISH_028,EST_PH_DISH_028_V1,FC000251,"Bottle gourd fruit, boiled",500,ASSUMED_REFERENCE_MIXTURE,16.0,0.2,3.8,0.0,1.1,2.4,2.0,0.0,"{""kcal_100g"":{""value_per_100g"":16.0,""value_for_portion"":16.0,""label"":""Verified"",""source_url"":""https://i.fnri.dost.gov.ph/fct/library/report/3305"",""source_record_id"":""D026"",""source_name"":""DOST-FNRI PhilFCT""},""protein_g_100g"":{""value_per_100g"":0.2,""value_for_portion"":0.2,""label"":""Verified"",""source_url"":""https://i.fnri.dost.gov.ph/fct/library/report/3305"",""source_record_id"":""D026"",""source_name"":""DOST-FNRI PhilFCT""},""carbs_g_100g"":{""value_per_100g"":3.8,""value_for_portion"":3.8,""label"":""Verified"",""source_url"":""https://i.fnri.dost.gov.ph/fct/library/report/3305"",""source_record_id"":""D026"",""source_name"":""DOST-FNRI PhilFCT""},""fat_g_100g"":{""value_per_100g"":0.0,""value_for_portion"":0.0,""label"":""Verified"",""source_url"":""https://i.fnri.dost.gov.ph/fct/library/report/3305"",""source_record_id"":""D026"",""source_name"":""DOST-FNRI PhilFCT""},""fiber_g_100g"":{""value_per_100g"":1.1,""value_for_portion"":1.1,""label"":""Verified"",""source_url"":""https://i.fnri.dost.gov.ph/fct/library/report/3305"",""source_record_id"":""D026"",""source_name"":""DOST-FNRI PhilFCT""},""sugar_g_100g"":{""value_per_100g"":2.4,""value_for_portion"":2.4,""label"":""Verified"",""source_url"":""https://i.fnri.dost.gov.ph/fct/library/report/3305"",""source_record_id"":""D026"",""source_name"":""DOST-FNRI PhilFCT""},""sodium_mg_100g"":{""value_per_100g"":2.0,""value_for_portion"":2.0,""label"":""Verified"",""source_url"":""https://i.fnri.dost.gov.ph/fct/library/report/3305"",""source_record_id"":""D026"",""source_name"":""DOST-FNRI PhilFCT""},""cholesterol_mg_100g"":{""value_per_100g"":0.0,""value_for_portion"":0.0,""label"":""Verified"",""source_url"":""https://i.fnri.dost.gov.ph/fct/library/report/3305"",""source_record_id"":""D026"",""source_name"":""DOST-FNRI PhilFCT""}}"
PH_DISH_028,EST_PH_DISH_028_V1,FC000454,"Shrimp, banana prawn, boiled",200,ASSUMED_REFERENCE_MIXTURE,104.0,11.2,14.0,0.4,0.0,0.0,113.0,,"{""kcal_100g"":{""value_per_100g"":104.0,""value_for_portion"":104.0,""label"":""Verified"",""source_url"":""https://i.fnri.dost.gov.ph/fct/library/report/4094"",""source_record_id"":""G114"",""source_name"":""DOST-FNRI PhilFCT""},""protein_g_100g"":{""value_per_100g"":11.2,""value_for_portion"":11.2,""label"":""Verified"",""source_url"":""https://i.fnri.dost.gov.ph/fct/library/report/4094"",""source_record_id"":""G114"",""source_name"":""DOST-FNRI PhilFCT""},""carbs_g_100g"":{""value_per_100g"":14.0,""value_for_portion"":14.0,""label"":""Verified"",""source_url"":""https://i.fnri.dost.gov.ph/fct/library/report/4094"",""source_record_id"":""G114"",""source_name"":""DOST-FNRI PhilFCT""},""fat_g_100g"":{""value_per_100g"":0.4,""value_for_portion"":0.4,""label"":""Verified"",""source_url"":""https://i.fnri.dost.gov.ph/fct/library/report/4094"",""source_record_id"":""G114"",""source_name"":""DOST-FNRI PhilFCT""},""fiber_g_100g"":{""value_per_100g"":0.0,""value_for_portion"":0.0,""label"":""Verified"",""source_url"":""https://i.fnri.dost.gov.ph/fct/library/report/4094"",""source_record_id"":""G114"",""source_name"":""DOST-FNRI PhilFCT""},""sugar_g_100g"":{""value_per_100g"":0.0,""value_for_portion"":0.0,""label"":""Verified"",""source_url"":""https://i.fnri.dost.gov.ph/fct/library/report/4094"",""source_record_id"":""G114"",""source_name"":""DOST-FNRI PhilFCT""},""sodium_mg_100g"":{""value_per_100g"":113.0,""value_for_portion"":113.0,""label"":""Verified"",""source_url"":""https://i.fnri.dost.gov.ph/fct/library/report/4094"",""source_record_id"":""G114"",""source_name"":""DOST-FNRI PhilFCT""},""cholesterol_mg_100g"":{""value_per_100g"":null,""value_for_portion"":null,""label"":""Unknown"",""source_url"":null,""source_record_id"":null,""source_name"":null}}"
PH_DISH_028,EST_PH_DISH_028_V1,FC000280,"Tomato, boiled",100,ASSUMED_REFERENCE_MIXTURE,25.0,0.4,5.6,0.1,0.3,3.6,11.0,0.0,"{""kcal_100g"":{""value_per_100g"":25.0,""value_for_portion"":25.0,""label"":""Verified"",""source_url"":""https://i.fnri.dost.gov.ph/fct/library/report/3537"",""source_record_id"":""D258"",""source_name"":""DOST-FNRI PhilFCT""},""protein_g_100g"":{""value_per_100g"":0.4,""value_for_portion"":0.4,""label"":""Verified"",""source_url"":""https://i.fnri.dost.gov.ph/fct/library/report/3537"",""source_record_id"":""D258"",""source_name"":""DOST-FNRI PhilFCT""},""carbs_g_100g"":{""value_per_100g"":5.6,""value_for_portion"":5.6,""label"":""Verified"",""source_url"":""https://i.fnri.dost.gov.ph/fct/library/report/3537"",""source_record_id"":""D258"",""source_name"":""DOST-FNRI PhilFCT""},""fat_g_100g"":{""value_per_100g"":0.1,""value_for_portion"":0.1,""label"":""Verified"",""source_url"":""https://i.fnri.dost.gov.ph/fct/library/report/3537"",""source_record_id"":""D258"",""source_name"":""DOST-FNRI PhilFCT""},""fiber_g_100g"":{""value_per_100g"":0.3,""value_for_portion"":0.3,""label"":""Verified"",""source_url"":""https://i.fnri.dost.gov.ph/fct/library/report/3537"",""source_record_id"":""D258"",""source_name"":""DOST-FNRI PhilFCT""},""sugar_g_100g"":{""value_per_100g"":3.6,""value_for_portion"":3.6,""label"":""Verified"",""source_url"":""https://i.fnri.dost.gov.ph/fct/library/report/3537"",""source_record_id"":""D258"",""source_name"":""DOST-FNRI PhilFCT""},""sodium_mg_100g"":{""value_per_100g"":11.0,""value_for_portion"":11.0,""label"":""Verified"",""source_url"":""https://i.fnri.dost.gov.ph/fct/library/report/3537"",""source_record_id"":""D258"",""source_name"":""DOST-FNRI PhilFCT""},""cholesterol_mg_100g"":{""value_per_100g"":0.0,""value_for_portion"":0.0,""label"":""Verified"",""source_url"":""https://i.fnri.dost.gov.ph/fct/library/report/3537"",""source_record_id"":""D258"",""source_name"":""DOST-FNRI PhilFCT""}}"
PH_DISH_028,EST_PH_DISH_028_V1,FC000333,"Onion, Bombay bulb, boiled",60,ASSUMED_REFERENCE_MIXTURE,47.0,1.2,9.7,0.4,1.3,4.6,3.0,0.0,"{""kcal_100g"":{""value_per_100g"":47.0,""value_for_portion"":47.0,""label"":""Verified"",""source_url"":""https://i.fnri.dost.gov.ph/fct/library/report/3421"",""source_record_id"":""D142"",""source_name"":""DOST-FNRI PhilFCT""},""protein_g_100g"":{""value_per_100g"":1.2,""value_for_portion"":1.2,""label"":""Verified"",""source_url"":""https://i.fnri.dost.gov.ph/fct/library/report/3421"",""source_record_id"":""D142"",""source_name"":""DOST-FNRI PhilFCT""},""carbs_g_100g"":{""value_per_100g"":9.7,""value_for_portion"":9.7,""label"":""Verified"",""source_url"":""https://i.fnri.dost.gov.ph/fct/library/report/3421"",""source_record_id"":""D142"",""source_name"":""DOST-FNRI PhilFCT""},""fat_g_100g"":{""value_per_100g"":0.4,""value_for_portion"":0.4,""label"":""Verified"",""source_url"":""https://i.fnri.dost.gov.ph/fct/library/report/3421"",""source_record_id"":""D142"",""source_name"":""DOST-FNRI PhilFCT""},""fiber_g_100g"":{""value_per_100g"":1.3,""value_for_portion"":1.3,""label"":""Verified"",""source_url"":""https://i.fnri.dost.gov.ph/fct/library/report/3421"",""source_record_id"":""D142"",""source_name"":""DOST-FNRI PhilFCT""},""sugar_g_100g"":{""value_per_100g"":4.6,""value_for_portion"":4.6,""label"":""Verified"",""source_url"":""https://i.fnri.dost.gov.ph/fct/library/report/3421"",""source_record_id"":""D142"",""source_name"":""DOST-FNRI PhilFCT""},""sodium_mg_100g"":{""value_per_100g"":3.0,""value_for_portion"":3.0,""label"":""Verified"",""source_url"":""https://i.fnri.dost.gov.ph/fct/library/report/3421"",""source_record_id"":""D142"",""source_name"":""DOST-FNRI PhilFCT""},""cholesterol_mg_100g"":{""value_per_100g"":0.0,""value_for_portion"":0.0,""label"":""Verified"",""source_url"":""https://i.fnri.dost.gov.ph/fct/library/report/3421"",""source_record_id"":""D142"",""source_name"":""DOST-FNRI PhilFCT""}}"
PH_DISH_028,EST_PH_DISH_028_V1,FC000070,Garlic bulb,15,ASSUMED_REFERENCE_MIXTURE,129.0,7.0,24.6,0.3,1.7,0.8,10.0,0.0,"{""kcal_100g"":{""value_per_100g"":129.0,""value_for_portion"":129.0,""label"":""Verified"",""source_url"":""https://i.fnri.dost.gov.ph/fct/library/report/3363"",""source_record_id"":""D084"",""source_name"":""DOST-FNRI PhilFCT""},""protein_g_100g"":{""value_per_100g"":7.0,""value_for_portion"":7.0,""label"":""Verified"",""source_url"":""https://i.fnri.dost.gov.ph/fct/library/report/3363"",""source_record_id"":""D084"",""source_name"":""DOST-FNRI PhilFCT""},""carbs_g_100g"":{""value_per_100g"":24.6,""value_for_portion"":24.6,""label"":""Verified"",""source_url"":""https://i.fnri.dost.gov.ph/fct/library/report/3363"",""source_record_id"":""D084"",""source_name"":""DOST-FNRI PhilFCT""},""fat_g_100g"":{""value_per_100g"":0.3,""value_for_portion"":0.3,""label"":""Verified"",""source_url"":""https://i.fnri.dost.gov.ph/fct/library/report/3363"",""source_record_id"":""D084"",""source_name"":""DOST-FNRI PhilFCT""},""fiber_g_100g"":{""value_per_100g"":1.7,""value_for_portion"":1.7,""label"":""Verified"",""source_url"":""https://i.fnri.dost.gov.ph/fct/library/report/3363"",""source_record_id"":""D084"",""source_name"":""DOST-FNRI PhilFCT""},""sugar_g_100g"":{""value_per_100g"":0.8,""value_for_portion"":0.8,""label"":""Verified"",""source_url"":""https://i.fnri.dost.gov.ph/fct/library/report/3363"",""source_record_id"":""D084"",""source_name"":""DOST-FNRI PhilFCT""},""sodium_mg_100g"":{""value_per_100g"":10.0,""value_for_portion"":10.0,""label"":""Verified"",""source_url"":""https://i.fnri.dost.gov.ph/fct/library/report/3363"",""source_record_id"":""D084"",""source_name"":""DOST-FNRI PhilFCT""},""cholesterol_mg_100g"":{""value_per_100g"":0.0,""value_for_portion"":0.0,""label"":""Verified"",""source_url"":""https://i.fnri.dost.gov.ph/fct/library/report/3363"",""source_record_id"":""D084"",""source_name"":""DOST-FNRI PhilFCT""}}"
PH_DISH_028,EST_PH_DISH_028_V1,FC000098,Coconut oil,20,ASSUMED_REFERENCE_MIXTURE,892.0,0.0,0.0,99.1,0.0,0.0,0.0,0.0,"{""kcal_100g"":{""value_per_100g"":892.0,""value_for_portion"":892.0,""label"":""Verified"",""source_url"":""https://i.fnri.dost.gov.ph/fct/library/report/4268"",""source_record_id"":""K008"",""source_name"":""DOST-FNRI PhilFCT""},""protein_g_100g"":{""value_per_100g"":0.0,""value_for_portion"":0.0,""label"":""Verified"",""source_url"":""https://i.fnri.dost.gov.ph/fct/library/report/4268"",""source_record_id"":""K008"",""source_name"":""DOST-FNRI PhilFCT""},""carbs_g_100g"":{""value_per_100g"":0.0,""value_for_portion"":0.0,""label"":""Verified"",""source_url"":""https://i.fnri.dost.gov.ph/fct/library/report/4268"",""source_record_id"":""K008"",""source_name"":""DOST-FNRI PhilFCT""},""fat_g_100g"":{""value_per_100g"":99.1,""value_for_portion"":99.1,""label"":""Verified"",""source_url"":""https://i.fnri.dost.gov.ph/fct/library/report/4268"",""source_record_id"":""K008"",""source_name"":""DOST-FNRI PhilFCT""},""fiber_g_100g"":{""value_per_100g"":0.0,""value_for_portion"":0.0,""label"":""Verified"",""source_url"":""https://i.fnri.dost.gov.ph/fct/library/report/4268"",""source_record_id"":""K008"",""source_name"":""DOST-FNRI PhilFCT""},""sugar_g_100g"":{""value_per_100g"":0.0,""value_for_portion"":0.0,""label"":""Verified"",""source_url"":""https://i.fnri.dost.gov.ph/fct/library/report/4268"",""source_record_id"":""K008"",""source_name"":""DOST-FNRI PhilFCT""},""sodium_mg_100g"":{""value_per_100g"":0.0,""value_for_portion"":0.0,""label"":""Verified"",""source_url"":""https://i.fnri.dost.gov.ph/fct/library/report/4268"",""source_record_id"":""K008"",""source_name"":""DOST-FNRI PhilFCT""},""cholesterol_mg_100g"":{""value_per_100g"":0.0,""value_for_portion"":0.0,""label"":""Verified"",""source_url"":""https://i.fnri.dost.gov.ph/fct/library/report/4268"",""source_record_id"":""K008"",""source_name"":""DOST-FNRI PhilFCT""}}"
PH_DISH_028,EST_PH_DISH_028_V1,FC000100,Fish sauce,15,ASSUMED_REFERENCE_MIXTURE,49.0,10.6,0.9,0.3,0.0,,5061.0,0.0,"{""kcal_100g"":{""value_per_100g"":49.0,""value_for_portion"":49.0,""label"":""Verified"",""source_url"":""https://i.fnri.dost.gov.ph/fct/library/report/4334"",""source_record_id"":""N011"",""source_name"":""DOST-FNRI PhilFCT""},""protein_g_100g"":{""value_per_100g"":10.6,""value_for_portion"":10.6,""label"":""Verified"",""source_url"":""https://i.fnri.dost.gov.ph/fct/library/report/4334"",""source_record_id"":""N011"",""source_name"":""DOST-FNRI PhilFCT""},""carbs_g_100g"":{""value_per_100g"":0.9,""value_for_portion"":0.9,""label"":""Verified"",""source_url"":""https://i.fnri.dost.gov.ph/fct/library/report/4334"",""source_record_id"":""N011"",""source_name"":""DOST-FNRI PhilFCT""},""fat_g_100g"":{""value_per_100g"":0.3,""value_for_portion"":0.3,""label"":""Verified"",""source_url"":""https://i.fnri.dost.gov.ph/fct/library/report/4334"",""source_record_id"":""N011"",""source_name"":""DOST-FNRI PhilFCT""},""fiber_g_100g"":{""value_per_100g"":0.0,""value_for_portion"":0.0,""label"":""Verified"",""source_url"":""https://i.fnri.dost.gov.ph/fct/library/report/4334"",""source_record_id"":""N011"",""source_name"":""DOST-FNRI PhilFCT""},""sugar_g_100g"":{""value_per_100g"":null,""value_for_portion"":null,""label"":""Unknown"",""source_url"":null,""source_record_id"":null,""source_name"":null},""sodium_mg_100g"":{""value_per_100g"":5061.0,""value_for_portion"":5061.0,""label"":""Verified"",""source_url"":""https://i.fnri.dost.gov.ph/fct/library/report/4334"",""source_record_id"":""N011"",""source_name"":""DOST-FNRI PhilFCT""},""cholesterol_mg_100g"":{""value_per_100g"":0.0,""value_for_portion"":0.0,""label"":""Verified"",""source_url"":""https://i.fnri.dost.gov.ph/fct/library/report/4334"",""source_record_id"":""N011"",""source_name"":""DOST-FNRI PhilFCT""}}"
PH_DISH_028,EST_PH_DISH_028_V1,FC001237,"Beverages, water, tap, drinking",100,ASSUMED_REFERENCE_MIXTURE,0.0,0.0,0.0,0.0,0.0,0.0,4.0,0.0,"{""kcal_100g"":{""value_per_100g"":0.0,""value_for_portion"":0.0,""label"":""Other source"",""source_url"":""https://fdc.nal.usda.gov/food-details/173647/nutrients"",""source_record_id"":""USDA_FC001237_173647"",""source_name"":""USDA FoodData Central SR Legacy""},""protein_g_100g"":{""value_per_100g"":0.0,""value_for_portion"":0.0,""label"":""Other source"",""source_url"":""https://fdc.nal.usda.gov/food-details/173647/nutrients"",""source_record_id"":""USDA_FC001237_173647"",""source_name"":""USDA FoodData Central SR Legacy""},""carbs_g_100g"":{""value_per_100g"":0.0,""value_for_portion"":0.0,""label"":""Other source"",""source_url"":""https://fdc.nal.usda.gov/food-details/173647/nutrients"",""source_record_id"":""USDA_FC001237_173647"",""source_name"":""USDA FoodData Central SR Legacy""},""fat_g_100g"":{""value_per_100g"":0.0,""value_for_portion"":0.0,""label"":""Other source"",""source_url"":""https://fdc.nal.usda.gov/food-details/173647/nutrients"",""source_record_id"":""USDA_FC001237_173647"",""source_name"":""USDA FoodData Central SR Legacy""},""fiber_g_100g"":{""value_per_100g"":0.0,""value_for_portion"":0.0,""label"":""Other source"",""source_url"":""https://fdc.nal.usda.gov/food-details/173647/nutrients"",""source_record_id"":""USDA_FC001237_173647"",""source_name"":""USDA FoodData Central SR Legacy""},""sugar_g_100g"":{""value_per_100g"":0.0,""value_for_portion"":0.0,""label"":""Other source"",""source_url"":""https://fdc.nal.usda.gov/food-details/173647/nutrients"",""source_record_id"":""USDA_FC001237_173647"",""source_name"":""USDA FoodData Central SR Legacy""},""sodium_mg_100g"":{""value_per_100g"":4.0,""value_for_portion"":4.0,""label"":""Other source"",""source_url"":""https://fdc.nal.usda.gov/food-details/173647/nutrients"",""source_record_id"":""USDA_FC001237_173647"",""source_name"":""USDA FoodData Central SR Legacy""},""cholesterol_mg_100g"":{""value_per_100g"":0.0,""value_for_portion"":0.0,""label"":""Other source"",""source_url"":""https://fdc.nal.usda.gov/food-details/173647/nutrients"",""source_record_id"":""USDA_FC001237_173647"",""source_name"":""USDA FoodData Central SR Legacy""}}"
PH_DISH_029,EST_PH_DISH_029_V1,FC000143,"Cabbage, chinese (pak-choi), cooked, boiled, drained, without salt",400,ASSUMED_REFERENCE_MIXTURE,12.0,1.56,1.78,0.16,1.0,0.83,34.0,0.0,"{""kcal_100g"":{""value_per_100g"":12.0,""value_for_portion"":12.0,""label"":""Other source"",""source_url"":""https://fdc.nal.usda.gov/food-details/170391/nutrients"",""source_record_id"":""USDA_FC000143_170391"",""source_name"":""USDA FoodData Central SR Legacy""},""protein_g_100g"":{""value_per_100g"":1.56,""value_for_portion"":1.56,""label"":""Other source"",""source_url"":""https://fdc.nal.usda.gov/food-details/170391/nutrients"",""source_record_id"":""USDA_FC000143_170391"",""source_name"":""USDA FoodData Central SR Legacy""},""carbs_g_100g"":{""value_per_100g"":1.78,""value_for_portion"":1.78,""label"":""Other source"",""source_url"":""https://fdc.nal.usda.gov/food-details/170391/nutrients"",""source_record_id"":""USDA_FC000143_170391"",""source_name"":""USDA FoodData Central SR Legacy""},""fat_g_100g"":{""value_per_100g"":0.16,""value_for_portion"":0.16,""label"":""Other source"",""source_url"":""https://fdc.nal.usda.gov/food-details/170391/nutrients"",""source_record_id"":""USDA_FC000143_170391"",""source_name"":""USDA FoodData Central SR Legacy""},""fiber_g_100g"":{""value_per_100g"":1.0,""value_for_portion"":1.0,""label"":""Other source"",""source_url"":""https://fdc.nal.usda.gov/food-details/170391/nutrients"",""source_record_id"":""USDA_FC000143_170391"",""source_name"":""USDA FoodData Central SR Legacy""},""sugar_g_100g"":{""value_per_100g"":0.83,""value_for_portion"":0.83,""label"":""Other source"",""source_url"":""https://fdc.nal.usda.gov/food-details/170391/nutrients"",""source_record_id"":""USDA_FC000143_170391"",""source_name"":""USDA FoodData Central SR Legacy""},""sodium_mg_100g"":{""value_per_100g"":34.0,""value_for_portion"":34.0,""label"":""Other source"",""source_url"":""https://fdc.nal.usda.gov/food-details/170391/nutrients"",""source_record_id"":""USDA_FC000143_170391"",""source_name"":""USDA FoodData Central SR Legacy""},""cholesterol_mg_100g"":{""value_per_100g"":0.0,""value_for_portion"":0.0,""label"":""Other source"",""source_url"":""https://fdc.nal.usda.gov/food-details/170391/nutrients"",""source_record_id"":""USDA_FC000143_170391"",""source_name"":""USDA FoodData Central SR Legacy""}}"
PH_DISH_029,EST_PH_DISH_029_V1,FC000019,"Soybean cheese, hard curd",300,ASSUMED_REFERENCE_MIXTURE,123.0,12.9,2.0,7.0,0.5,0.8,114.0,0.0,"{""kcal_100g"":{""value_per_100g"":123.0,""value_for_portion"":123.0,""label"":""Verified"",""source_url"":""https://i.fnri.dost.gov.ph/fct/library/report/3274"",""source_record_id"":""C064"",""source_name"":""DOST-FNRI PhilFCT""},""protein_g_100g"":{""value_per_100g"":12.9,""value_for_portion"":12.9,""label"":""Verified"",""source_url"":""https://i.fnri.dost.gov.ph/fct/library/report/3274"",""source_record_id"":""C064"",""source_name"":""DOST-FNRI PhilFCT""},""carbs_g_100g"":{""value_per_100g"":2.0,""value_for_portion"":2.0,""label"":""Verified"",""source_url"":""https://i.fnri.dost.gov.ph/fct/library/report/3274"",""source_record_id"":""C064"",""source_name"":""DOST-FNRI PhilFCT""},""fat_g_100g"":{""value_per_100g"":7.0,""value_for_portion"":7.0,""label"":""Verified"",""source_url"":""https://i.fnri.dost.gov.ph/fct/library/report/3274"",""source_record_id"":""C064"",""source_name"":""DOST-FNRI PhilFCT""},""fiber_g_100g"":{""value_per_100g"":0.5,""value_for_portion"":0.5,""label"":""Verified"",""source_url"":""https://i.fnri.dost.gov.ph/fct/library/report/3274"",""source_record_id"":""C064"",""source_name"":""DOST-FNRI PhilFCT""},""sugar_g_100g"":{""value_per_100g"":0.8,""value_for_portion"":0.8,""label"":""Verified"",""source_url"":""https://i.fnri.dost.gov.ph/fct/library/report/3274"",""source_record_id"":""C064"",""source_name"":""DOST-FNRI PhilFCT""},""sodium_mg_100g"":{""value_per_100g"":114.0,""value_for_portion"":114.0,""label"":""Verified"",""source_url"":""https://i.fnri.dost.gov.ph/fct/library/report/3274"",""source_record_id"":""C064"",""source_name"":""DOST-FNRI PhilFCT""},""cholesterol_mg_100g"":{""value_per_100g"":0.0,""value_for_portion"":0.0,""label"":""Verified"",""source_url"":""https://i.fnri.dost.gov.ph/fct/library/report/3274"",""source_record_id"":""C064"",""source_name"":""DOST-FNRI PhilFCT""}}"
PH_DISH_029,EST_PH_DISH_029_V1,FC000333,"Onion, Bombay bulb, boiled",60,ASSUMED_REFERENCE_MIXTURE,47.0,1.2,9.7,0.4,1.3,4.6,3.0,0.0,"{""kcal_100g"":{""value_per_100g"":47.0,""value_for_portion"":47.0,""label"":""Verified"",""source_url"":""https://i.fnri.dost.gov.ph/fct/library/report/3421"",""source_record_id"":""D142"",""source_name"":""DOST-FNRI PhilFCT""},""protein_g_100g"":{""value_per_100g"":1.2,""value_for_portion"":1.2,""label"":""Verified"",""source_url"":""https://i.fnri.dost.gov.ph/fct/library/report/3421"",""source_record_id"":""D142"",""source_name"":""DOST-FNRI PhilFCT""},""carbs_g_100g"":{""value_per_100g"":9.7,""value_for_portion"":9.7,""label"":""Verified"",""source_url"":""https://i.fnri.dost.gov.ph/fct/library/report/3421"",""source_record_id"":""D142"",""source_name"":""DOST-FNRI PhilFCT""},""fat_g_100g"":{""value_per_100g"":0.4,""value_for_portion"":0.4,""label"":""Verified"",""source_url"":""https://i.fnri.dost.gov.ph/fct/library/report/3421"",""source_record_id"":""D142"",""source_name"":""DOST-FNRI PhilFCT""},""fiber_g_100g"":{""value_per_100g"":1.3,""value_for_portion"":1.3,""label"":""Verified"",""source_url"":""https://i.fnri.dost.gov.ph/fct/library/report/3421"",""source_record_id"":""D142"",""source_name"":""DOST-FNRI PhilFCT""},""sugar_g_100g"":{""value_per_100g"":4.6,""value_for_portion"":4.6,""label"":""Verified"",""source_url"":""https://i.fnri.dost.gov.ph/fct/library/report/3421"",""source_record_id"":""D142"",""source_name"":""DOST-FNRI PhilFCT""},""sodium_mg_100g"":{""value_per_100g"":3.0,""value_for_portion"":3.0,""label"":""Verified"",""source_url"":""https://i.fnri.dost.gov.ph/fct/library/report/3421"",""source_record_id"":""D142"",""source_name"":""DOST-FNRI PhilFCT""},""cholesterol_mg_100g"":{""value_per_100g"":0.0,""value_for_portion"":0.0,""label"":""Verified"",""source_url"":""https://i.fnri.dost.gov.ph/fct/library/report/3421"",""source_record_id"":""D142"",""source_name"":""DOST-FNRI PhilFCT""}}"
PH_DISH_029,EST_PH_DISH_029_V1,FC000070,Garlic bulb,15,ASSUMED_REFERENCE_MIXTURE,129.0,7.0,24.6,0.3,1.7,0.8,10.0,0.0,"{""kcal_100g"":{""value_per_100g"":129.0,""value_for_portion"":129.0,""label"":""Verified"",""source_url"":""https://i.fnri.dost.gov.ph/fct/library/report/3363"",""source_record_id"":""D084"",""source_name"":""DOST-FNRI PhilFCT""},""protein_g_100g"":{""value_per_100g"":7.0,""value_for_portion"":7.0,""label"":""Verified"",""source_url"":""https://i.fnri.dost.gov.ph/fct/library/report/3363"",""source_record_id"":""D084"",""source_name"":""DOST-FNRI PhilFCT""},""carbs_g_100g"":{""value_per_100g"":24.6,""value_for_portion"":24.6,""label"":""Verified"",""source_url"":""https://i.fnri.dost.gov.ph/fct/library/report/3363"",""source_record_id"":""D084"",""source_name"":""DOST-FNRI PhilFCT""},""fat_g_100g"":{""value_per_100g"":0.3,""value_for_portion"":0.3,""label"":""Verified"",""source_url"":""https://i.fnri.dost.gov.ph/fct/library/report/3363"",""source_record_id"":""D084"",""source_name"":""DOST-FNRI PhilFCT""},""fiber_g_100g"":{""value_per_100g"":1.7,""value_for_portion"":1.7,""label"":""Verified"",""source_url"":""https://i.fnri.dost.gov.ph/fct/library/report/3363"",""source_record_id"":""D084"",""source_name"":""DOST-FNRI PhilFCT""},""sugar_g_100g"":{""value_per_100g"":0.8,""value_for_portion"":0.8,""label"":""Verified"",""source_url"":""https://i.fnri.dost.gov.ph/fct/library/report/3363"",""source_record_id"":""D084"",""source_name"":""DOST-FNRI PhilFCT""},""sodium_mg_100g"":{""value_per_100g"":10.0,""value_for_portion"":10.0,""label"":""Verified"",""source_url"":""https://i.fnri.dost.gov.ph/fct/library/report/3363"",""source_record_id"":""D084"",""source_name"":""DOST-FNRI PhilFCT""},""cholesterol_mg_100g"":{""value_per_100g"":0.0,""value_for_portion"":0.0,""label"":""Verified"",""source_url"":""https://i.fnri.dost.gov.ph/fct/library/report/3363"",""source_record_id"":""D084"",""source_name"":""DOST-FNRI PhilFCT""}}"
PH_DISH_029,EST_PH_DISH_029_V1,FC000099,Soy sauce,20,ASSUMED_REFERENCE_MIXTURE,75.0,3.5,15.0,0.1,1.0,0.5,2041.0,0.0,"{""kcal_100g"":{""value_per_100g"":75.0,""value_for_portion"":75.0,""label"":""Verified"",""source_url"":""https://i.fnri.dost.gov.ph/fct/library/report/4346"",""source_record_id"":""N023"",""source_name"":""DOST-FNRI PhilFCT""},""protein_g_100g"":{""value_per_100g"":3.5,""value_for_portion"":3.5,""label"":""Verified"",""source_url"":""https://i.fnri.dost.gov.ph/fct/library/report/4346"",""source_record_id"":""N023"",""source_name"":""DOST-FNRI PhilFCT""},""carbs_g_100g"":{""value_per_100g"":15.0,""value_for_portion"":15.0,""label"":""Verified"",""source_url"":""https://i.fnri.dost.gov.ph/fct/library/report/4346"",""source_record_id"":""N023"",""source_name"":""DOST-FNRI PhilFCT""},""fat_g_100g"":{""value_per_100g"":0.1,""value_for_portion"":0.1,""label"":""Verified"",""source_url"":""https://i.fnri.dost.gov.ph/fct/library/report/4346"",""source_record_id"":""N023"",""source_name"":""DOST-FNRI PhilFCT""},""fiber_g_100g"":{""value_per_100g"":1.0,""value_for_portion"":1.0,""label"":""Verified"",""source_url"":""https://i.fnri.dost.gov.ph/fct/library/report/4346"",""source_record_id"":""N023"",""source_name"":""DOST-FNRI PhilFCT""},""sugar_g_100g"":{""value_per_100g"":0.5,""value_for_portion"":0.5,""label"":""Verified"",""source_url"":""https://i.fnri.dost.gov.ph/fct/library/report/4346"",""source_record_id"":""N023"",""source_name"":""DOST-FNRI PhilFCT""},""sodium_mg_100g"":{""value_per_100g"":2041.0,""value_for_portion"":2041.0,""label"":""Verified"",""source_url"":""https://i.fnri.dost.gov.ph/fct/library/report/4346"",""source_record_id"":""N023"",""source_name"":""DOST-FNRI PhilFCT""},""cholesterol_mg_100g"":{""value_per_100g"":0.0,""value_for_portion"":0.0,""label"":""Verified"",""source_url"":""https://i.fnri.dost.gov.ph/fct/library/report/4346"",""source_record_id"":""N023"",""source_name"":""DOST-FNRI PhilFCT""}}"
PH_DISH_029,EST_PH_DISH_029_V1,FC000098,Coconut oil,20,ASSUMED_REFERENCE_MIXTURE,892.0,0.0,0.0,99.1,0.0,0.0,0.0,0.0,"{""kcal_100g"":{""value_per_100g"":892.0,""value_for_portion"":892.0,""label"":""Verified"",""source_url"":""https://i.fnri.dost.gov.ph/fct/library/report/4268"",""source_record_id"":""K008"",""source_name"":""DOST-FNRI PhilFCT""},""protein_g_100g"":{""value_per_100g"":0.0,""value_for_portion"":0.0,""label"":""Verified"",""source_url"":""https://i.fnri.dost.gov.ph/fct/library/report/4268"",""source_record_id"":""K008"",""source_name"":""DOST-FNRI PhilFCT""},""carbs_g_100g"":{""value_per_100g"":0.0,""value_for_portion"":0.0,""label"":""Verified"",""source_url"":""https://i.fnri.dost.gov.ph/fct/library/report/4268"",""source_record_id"":""K008"",""source_name"":""DOST-FNRI PhilFCT""},""fat_g_100g"":{""value_per_100g"":99.1,""value_for_portion"":99.1,""label"":""Verified"",""source_url"":""https://i.fnri.dost.gov.ph/fct/library/report/4268"",""source_record_id"":""K008"",""source_name"":""DOST-FNRI PhilFCT""},""fiber_g_100g"":{""value_per_100g"":0.0,""value_for_portion"":0.0,""label"":""Verified"",""source_url"":""https://i.fnri.dost.gov.ph/fct/library/report/4268"",""source_record_id"":""K008"",""source_name"":""DOST-FNRI PhilFCT""},""sugar_g_100g"":{""value_per_100g"":0.0,""value_for_portion"":0.0,""label"":""Verified"",""source_url"":""https://i.fnri.dost.gov.ph/fct/library/report/4268"",""source_record_id"":""K008"",""source_name"":""DOST-FNRI PhilFCT""},""sodium_mg_100g"":{""value_per_100g"":0.0,""value_for_portion"":0.0,""label"":""Verified"",""source_url"":""https://i.fnri.dost.gov.ph/fct/library/report/4268"",""source_record_id"":""K008"",""source_name"":""DOST-FNRI PhilFCT""},""cholesterol_mg_100g"":{""value_per_100g"":0.0,""value_for_portion"":0.0,""label"":""Verified"",""source_url"":""https://i.fnri.dost.gov.ph/fct/library/report/4268"",""source_record_id"":""K008"",""source_name"":""DOST-FNRI PhilFCT""}}"
PH_DISH_029,EST_PH_DISH_029_V1,FC001237,"Beverages, water, tap, drinking",100,ASSUMED_REFERENCE_MIXTURE,0.0,0.0,0.0,0.0,0.0,0.0,4.0,0.0,"{""kcal_100g"":{""value_per_100g"":0.0,""value_for_portion"":0.0,""label"":""Other source"",""source_url"":""https://fdc.nal.usda.gov/food-details/173647/nutrients"",""source_record_id"":""USDA_FC001237_173647"",""source_name"":""USDA FoodData Central SR Legacy""},""protein_g_100g"":{""value_per_100g"":0.0,""value_for_portion"":0.0,""label"":""Other source"",""source_url"":""https://fdc.nal.usda.gov/food-details/173647/nutrients"",""source_record_id"":""USDA_FC001237_173647"",""source_name"":""USDA FoodData Central SR Legacy""},""carbs_g_100g"":{""value_per_100g"":0.0,""value_for_portion"":0.0,""label"":""Other source"",""source_url"":""https://fdc.nal.usda.gov/food-details/173647/nutrients"",""source_record_id"":""USDA_FC001237_173647"",""source_name"":""USDA FoodData Central SR Legacy""},""fat_g_100g"":{""value_per_100g"":0.0,""value_for_portion"":0.0,""label"":""Other source"",""source_url"":""https://fdc.nal.usda.gov/food-details/173647/nutrients"",""source_record_id"":""USDA_FC001237_173647"",""source_name"":""USDA FoodData Central SR Legacy""},""fiber_g_100g"":{""value_per_100g"":0.0,""value_for_portion"":0.0,""label"":""Other source"",""source_url"":""https://fdc.nal.usda.gov/food-details/173647/nutrients"",""source_record_id"":""USDA_FC001237_173647"",""source_name"":""USDA FoodData Central SR Legacy""},""sugar_g_100g"":{""value_per_100g"":0.0,""value_for_portion"":0.0,""label"":""Other source"",""source_url"":""https://fdc.nal.usda.gov/food-details/173647/nutrients"",""source_record_id"":""USDA_FC001237_173647"",""source_name"":""USDA FoodData Central SR Legacy""},""sodium_mg_100g"":{""value_per_100g"":4.0,""value_for_portion"":4.0,""label"":""Other source"",""source_url"":""https://fdc.nal.usda.gov/food-details/173647/nutrients"",""source_record_id"":""USDA_FC001237_173647"",""source_name"":""USDA FoodData Central SR Legacy""},""cholesterol_mg_100g"":{""value_per_100g"":0.0,""value_for_portion"":0.0,""label"":""Other source"",""source_url"":""https://fdc.nal.usda.gov/food-details/173647/nutrients"",""source_record_id"":""USDA_FC001237_173647"",""source_name"":""USDA FoodData Central SR Legacy""}}"
PH_DISH_030,EST_PH_DISH_030_V1,FC000256,"Eggplant, boiled",300,ASSUMED_REFERENCE_MIXTURE,25.0,1.0,4.9,0.1,1.5,2.0,1.0,0.0,"{""kcal_100g"":{""value_per_100g"":25.0,""value_for_portion"":25.0,""label"":""Verified"",""source_url"":""https://i.fnri.dost.gov.ph/fct/library/report/3353"",""source_record_id"":""D074"",""source_name"":""DOST-FNRI PhilFCT""},""protein_g_100g"":{""value_per_100g"":1.0,""value_for_portion"":1.0,""label"":""Verified"",""source_url"":""https://i.fnri.dost.gov.ph/fct/library/report/3353"",""source_record_id"":""D074"",""source_name"":""DOST-FNRI PhilFCT""},""carbs_g_100g"":{""value_per_100g"":4.9,""value_for_portion"":4.9,""label"":""Verified"",""source_url"":""https://i.fnri.dost.gov.ph/fct/library/report/3353"",""source_record_id"":""D074"",""source_name"":""DOST-FNRI PhilFCT""},""fat_g_100g"":{""value_per_100g"":0.1,""value_for_portion"":0.1,""label"":""Verified"",""source_url"":""https://i.fnri.dost.gov.ph/fct/library/report/3353"",""source_record_id"":""D074"",""source_name"":""DOST-FNRI PhilFCT""},""fiber_g_100g"":{""value_per_100g"":1.5,""value_for_portion"":1.5,""label"":""Verified"",""source_url"":""https://i.fnri.dost.gov.ph/fct/library/report/3353"",""source_record_id"":""D074"",""source_name"":""DOST-FNRI PhilFCT""},""sugar_g_100g"":{""value_per_100g"":2.0,""value_for_portion"":2.0,""label"":""Verified"",""source_url"":""https://i.fnri.dost.gov.ph/fct/library/report/3353"",""source_record_id"":""D074"",""source_name"":""DOST-FNRI PhilFCT""},""sodium_mg_100g"":{""value_per_100g"":1.0,""value_for_portion"":1.0,""label"":""Verified"",""source_url"":""https://i.fnri.dost.gov.ph/fct/library/report/3353"",""source_record_id"":""D074"",""source_name"":""DOST-FNRI PhilFCT""},""cholesterol_mg_100g"":{""value_per_100g"":0.0,""value_for_portion"":0.0,""label"":""Verified"",""source_url"":""https://i.fnri.dost.gov.ph/fct/library/report/3353"",""source_record_id"":""D074"",""source_name"":""DOST-FNRI PhilFCT""}}"
PH_DISH_030,EST_PH_DISH_030_V1,FC000016,"Egg, chicken, whole, boiled",200,ASSUMED_REFERENCE_MIXTURE,166.0,14.0,0.6,12.0,0.0,0.4,136.0,460.0,"{""kcal_100g"":{""value_per_100g"":166.0,""value_for_portion"":166.0,""label"":""Verified"",""source_url"":""https://i.fnri.dost.gov.ph/fct/library/report/4216"",""source_record_id"":""H004"",""source_name"":""DOST-FNRI PhilFCT""},""protein_g_100g"":{""value_per_100g"":14.0,""value_for_portion"":14.0,""label"":""Verified"",""source_url"":""https://i.fnri.dost.gov.ph/fct/library/report/4216"",""source_record_id"":""H004"",""source_name"":""DOST-FNRI PhilFCT""},""carbs_g_100g"":{""value_per_100g"":0.6,""value_for_portion"":0.6,""label"":""Verified"",""source_url"":""https://i.fnri.dost.gov.ph/fct/library/report/4216"",""source_record_id"":""H004"",""source_name"":""DOST-FNRI PhilFCT""},""fat_g_100g"":{""value_per_100g"":12.0,""value_for_portion"":12.0,""label"":""Verified"",""source_url"":""https://i.fnri.dost.gov.ph/fct/library/report/4216"",""source_record_id"":""H004"",""source_name"":""DOST-FNRI PhilFCT""},""fiber_g_100g"":{""value_per_100g"":0.0,""value_for_portion"":0.0,""label"":""Verified"",""source_url"":""https://i.fnri.dost.gov.ph/fct/library/report/4216"",""source_record_id"":""H004"",""source_name"":""DOST-FNRI PhilFCT""},""sugar_g_100g"":{""value_per_100g"":0.4,""value_for_portion"":0.4,""label"":""Verified"",""source_url"":""https://i.fnri.dost.gov.ph/fct/library/report/4216"",""source_record_id"":""H004"",""source_name"":""DOST-FNRI PhilFCT""},""sodium_mg_100g"":{""value_per_100g"":136.0,""value_for_portion"":136.0,""label"":""Verified"",""source_url"":""https://i.fnri.dost.gov.ph/fct/library/report/4216"",""source_record_id"":""H004"",""source_name"":""DOST-FNRI PhilFCT""},""cholesterol_mg_100g"":{""value_per_100g"":460.0,""value_for_portion"":460.0,""label"":""Verified"",""source_url"":""https://i.fnri.dost.gov.ph/fct/library/report/4216"",""source_record_id"":""H004"",""source_name"":""DOST-FNRI PhilFCT""}}"
PH_DISH_030,EST_PH_DISH_030_V1,FC000333,"Onion, Bombay bulb, boiled",40,ASSUMED_REFERENCE_MIXTURE,47.0,1.2,9.7,0.4,1.3,4.6,3.0,0.0,"{""kcal_100g"":{""value_per_100g"":47.0,""value_for_portion"":47.0,""label"":""Verified"",""source_url"":""https://i.fnri.dost.gov.ph/fct/library/report/3421"",""source_record_id"":""D142"",""source_name"":""DOST-FNRI PhilFCT""},""protein_g_100g"":{""value_per_100g"":1.2,""value_for_portion"":1.2,""label"":""Verified"",""source_url"":""https://i.fnri.dost.gov.ph/fct/library/report/3421"",""source_record_id"":""D142"",""source_name"":""DOST-FNRI PhilFCT""},""carbs_g_100g"":{""value_per_100g"":9.7,""value_for_portion"":9.7,""label"":""Verified"",""source_url"":""https://i.fnri.dost.gov.ph/fct/library/report/3421"",""source_record_id"":""D142"",""source_name"":""DOST-FNRI PhilFCT""},""fat_g_100g"":{""value_per_100g"":0.4,""value_for_portion"":0.4,""label"":""Verified"",""source_url"":""https://i.fnri.dost.gov.ph/fct/library/report/3421"",""source_record_id"":""D142"",""source_name"":""DOST-FNRI PhilFCT""},""fiber_g_100g"":{""value_per_100g"":1.3,""value_for_portion"":1.3,""label"":""Verified"",""source_url"":""https://i.fnri.dost.gov.ph/fct/library/report/3421"",""source_record_id"":""D142"",""source_name"":""DOST-FNRI PhilFCT""},""sugar_g_100g"":{""value_per_100g"":4.6,""value_for_portion"":4.6,""label"":""Verified"",""source_url"":""https://i.fnri.dost.gov.ph/fct/library/report/3421"",""source_record_id"":""D142"",""source_name"":""DOST-FNRI PhilFCT""},""sodium_mg_100g"":{""value_per_100g"":3.0,""value_for_portion"":3.0,""label"":""Verified"",""source_url"":""https://i.fnri.dost.gov.ph/fct/library/report/3421"",""source_record_id"":""D142"",""source_name"":""DOST-FNRI PhilFCT""},""cholesterol_mg_100g"":{""value_per_100g"":0.0,""value_for_portion"":0.0,""label"":""Verified"",""source_url"":""https://i.fnri.dost.gov.ph/fct/library/report/3421"",""source_record_id"":""D142"",""source_name"":""DOST-FNRI PhilFCT""}}"
PH_DISH_030,EST_PH_DISH_030_V1,FC000098,Coconut oil,25,ASSUMED_REFERENCE_MIXTURE,892.0,0.0,0.0,99.1,0.0,0.0,0.0,0.0,"{""kcal_100g"":{""value_per_100g"":892.0,""value_for_portion"":892.0,""label"":""Verified"",""source_url"":""https://i.fnri.dost.gov.ph/fct/library/report/4268"",""source_record_id"":""K008"",""source_name"":""DOST-FNRI PhilFCT""},""protein_g_100g"":{""value_per_100g"":0.0,""value_for_portion"":0.0,""label"":""Verified"",""source_url"":""https://i.fnri.dost.gov.ph/fct/library/report/4268"",""source_record_id"":""K008"",""source_name"":""DOST-FNRI PhilFCT""},""carbs_g_100g"":{""value_per_100g"":0.0,""value_for_portion"":0.0,""label"":""Verified"",""source_url"":""https://i.fnri.dost.gov.ph/fct/library/report/4268"",""source_record_id"":""K008"",""source_name"":""DOST-FNRI PhilFCT""},""fat_g_100g"":{""value_per_100g"":99.1,""value_for_portion"":99.1,""label"":""Verified"",""source_url"":""https://i.fnri.dost.gov.ph/fct/library/report/4268"",""source_record_id"":""K008"",""source_name"":""DOST-FNRI PhilFCT""},""fiber_g_100g"":{""value_per_100g"":0.0,""value_for_portion"":0.0,""label"":""Verified"",""source_url"":""https://i.fnri.dost.gov.ph/fct/library/report/4268"",""source_record_id"":""K008"",""source_name"":""DOST-FNRI PhilFCT""},""sugar_g_100g"":{""value_per_100g"":0.0,""value_for_portion"":0.0,""label"":""Verified"",""source_url"":""https://i.fnri.dost.gov.ph/fct/library/report/4268"",""source_record_id"":""K008"",""source_name"":""DOST-FNRI PhilFCT""},""sodium_mg_100g"":{""value_per_100g"":0.0,""value_for_portion"":0.0,""label"":""Verified"",""source_url"":""https://i.fnri.dost.gov.ph/fct/library/report/4268"",""source_record_id"":""K008"",""source_name"":""DOST-FNRI PhilFCT""},""cholesterol_mg_100g"":{""value_per_100g"":0.0,""value_for_portion"":0.0,""label"":""Verified"",""source_url"":""https://i.fnri.dost.gov.ph/fct/library/report/4268"",""source_record_id"":""K008"",""source_name"":""DOST-FNRI PhilFCT""}}"
PH_DISH_030,EST_PH_DISH_030_V1,FC000612,"Salt, coarse",3,ASSUMED_REFERENCE_MIXTURE,0.0,0.0,0.0,0.0,0.0,0.0,34836.0,0.0,"{""kcal_100g"":{""value_per_100g"":0.0,""value_for_portion"":0.0,""label"":""Verified"",""source_url"":""https://i.fnri.dost.gov.ph/fct/library/report/4342"",""source_record_id"":""N019"",""source_name"":""DOST-FNRI PhilFCT""},""protein_g_100g"":{""value_per_100g"":0.0,""value_for_portion"":0.0,""label"":""Verified"",""source_url"":""https://i.fnri.dost.gov.ph/fct/library/report/4342"",""source_record_id"":""N019"",""source_name"":""DOST-FNRI PhilFCT""},""carbs_g_100g"":{""value_per_100g"":0.0,""value_for_portion"":0.0,""label"":""Verified"",""source_url"":""https://i.fnri.dost.gov.ph/fct/library/report/4342"",""source_record_id"":""N019"",""source_name"":""DOST-FNRI PhilFCT""},""fat_g_100g"":{""value_per_100g"":0.0,""value_for_portion"":0.0,""label"":""Verified"",""source_url"":""https://i.fnri.dost.gov.ph/fct/library/report/4342"",""source_record_id"":""N019"",""source_name"":""DOST-FNRI PhilFCT""},""fiber_g_100g"":{""value_per_100g"":0.0,""value_for_portion"":0.0,""label"":""Verified"",""source_url"":""https://i.fnri.dost.gov.ph/fct/library/report/4342"",""source_record_id"":""N019"",""source_name"":""DOST-FNRI PhilFCT""},""sugar_g_100g"":{""value_per_100g"":0.0,""value_for_portion"":0.0,""label"":""Verified"",""source_url"":""https://i.fnri.dost.gov.ph/fct/library/report/4342"",""source_record_id"":""N019"",""source_name"":""DOST-FNRI PhilFCT""},""sodium_mg_100g"":{""value_per_100g"":34836.0,""value_for_portion"":34836.0,""label"":""Verified"",""source_url"":""https://i.fnri.dost.gov.ph/fct/library/report/4342"",""source_record_id"":""N019"",""source_name"":""DOST-FNRI PhilFCT""},""cholesterol_mg_100g"":{""value_per_100g"":0.0,""value_for_portion"":0.0,""label"":""Verified"",""source_url"":""https://i.fnri.dost.gov.ph/fct/library/report/4342"",""source_record_id"":""N019"",""source_name"":""DOST-FNRI PhilFCT""}}"
PH_DISH_031,EST_PH_DISH_031_V1,FC000256,"Eggplant, boiled",300,ASSUMED_REFERENCE_MIXTURE,25.0,1.0,4.9,0.1,1.5,2.0,1.0,0.0,"{""kcal_100g"":{""value_per_100g"":25.0,""value_for_portion"":25.0,""label"":""Verified"",""source_url"":""https://i.fnri.dost.gov.ph/fct/library/report/3353"",""source_record_id"":""D074"",""source_name"":""DOST-FNRI PhilFCT""},""protein_g_100g"":{""value_per_100g"":1.0,""value_for_portion"":1.0,""label"":""Verified"",""source_url"":""https://i.fnri.dost.gov.ph/fct/library/report/3353"",""source_record_id"":""D074"",""source_name"":""DOST-FNRI PhilFCT""},""carbs_g_100g"":{""value_per_100g"":4.9,""value_for_portion"":4.9,""label"":""Verified"",""source_url"":""https://i.fnri.dost.gov.ph/fct/library/report/3353"",""source_record_id"":""D074"",""source_name"":""DOST-FNRI PhilFCT""},""fat_g_100g"":{""value_per_100g"":0.1,""value_for_portion"":0.1,""label"":""Verified"",""source_url"":""https://i.fnri.dost.gov.ph/fct/library/report/3353"",""source_record_id"":""D074"",""source_name"":""DOST-FNRI PhilFCT""},""fiber_g_100g"":{""value_per_100g"":1.5,""value_for_portion"":1.5,""label"":""Verified"",""source_url"":""https://i.fnri.dost.gov.ph/fct/library/report/3353"",""source_record_id"":""D074"",""source_name"":""DOST-FNRI PhilFCT""},""sugar_g_100g"":{""value_per_100g"":2.0,""value_for_portion"":2.0,""label"":""Verified"",""source_url"":""https://i.fnri.dost.gov.ph/fct/library/report/3353"",""source_record_id"":""D074"",""source_name"":""DOST-FNRI PhilFCT""},""sodium_mg_100g"":{""value_per_100g"":1.0,""value_for_portion"":1.0,""label"":""Verified"",""source_url"":""https://i.fnri.dost.gov.ph/fct/library/report/3353"",""source_record_id"":""D074"",""source_name"":""DOST-FNRI PhilFCT""},""cholesterol_mg_100g"":{""value_per_100g"":0.0,""value_for_portion"":0.0,""label"":""Verified"",""source_url"":""https://i.fnri.dost.gov.ph/fct/library/report/3353"",""source_record_id"":""D074"",""source_name"":""DOST-FNRI PhilFCT""}}"
PH_DISH_031,EST_PH_DISH_031_V1,FC000016,"Egg, chicken, whole, boiled",200,ASSUMED_REFERENCE_MIXTURE,166.0,14.0,0.6,12.0,0.0,0.4,136.0,460.0,"{""kcal_100g"":{""value_per_100g"":166.0,""value_for_portion"":166.0,""label"":""Verified"",""source_url"":""https://i.fnri.dost.gov.ph/fct/library/report/4216"",""source_record_id"":""H004"",""source_name"":""DOST-FNRI PhilFCT""},""protein_g_100g"":{""value_per_100g"":14.0,""value_for_portion"":14.0,""label"":""Verified"",""source_url"":""https://i.fnri.dost.gov.ph/fct/library/report/4216"",""source_record_id"":""H004"",""source_name"":""DOST-FNRI PhilFCT""},""carbs_g_100g"":{""value_per_100g"":0.6,""value_for_portion"":0.6,""label"":""Verified"",""source_url"":""https://i.fnri.dost.gov.ph/fct/library/report/4216"",""source_record_id"":""H004"",""source_name"":""DOST-FNRI PhilFCT""},""fat_g_100g"":{""value_per_100g"":12.0,""value_for_portion"":12.0,""label"":""Verified"",""source_url"":""https://i.fnri.dost.gov.ph/fct/library/report/4216"",""source_record_id"":""H004"",""source_name"":""DOST-FNRI PhilFCT""},""fiber_g_100g"":{""value_per_100g"":0.0,""value_for_portion"":0.0,""label"":""Verified"",""source_url"":""https://i.fnri.dost.gov.ph/fct/library/report/4216"",""source_record_id"":""H004"",""source_name"":""DOST-FNRI PhilFCT""},""sugar_g_100g"":{""value_per_100g"":0.4,""value_for_portion"":0.4,""label"":""Verified"",""source_url"":""https://i.fnri.dost.gov.ph/fct/library/report/4216"",""source_record_id"":""H004"",""source_name"":""DOST-FNRI PhilFCT""},""sodium_mg_100g"":{""value_per_100g"":136.0,""value_for_portion"":136.0,""label"":""Verified"",""source_url"":""https://i.fnri.dost.gov.ph/fct/library/report/4216"",""source_record_id"":""H004"",""source_name"":""DOST-FNRI PhilFCT""},""cholesterol_mg_100g"":{""value_per_100g"":460.0,""value_for_portion"":460.0,""label"":""Verified"",""source_url"":""https://i.fnri.dost.gov.ph/fct/library/report/4216"",""source_record_id"":""H004"",""source_name"":""DOST-FNRI PhilFCT""}}"
PH_DISH_031,EST_PH_DISH_031_V1,FC000139,"Pork, fresh, ground, cooked",200,ASSUMED_REFERENCE_MIXTURE,297.0,25.69,0.0,20.77,0.0,0.0,73.0,94.0,"{""kcal_100g"":{""value_per_100g"":297.0,""value_for_portion"":297.0,""label"":""Other source"",""source_url"":""https://fdc.nal.usda.gov/food-details/167903/nutrients"",""source_record_id"":""USDA_FC000139_167903"",""source_name"":""USDA FoodData Central SR Legacy""},""protein_g_100g"":{""value_per_100g"":25.69,""value_for_portion"":25.69,""label"":""Other source"",""source_url"":""https://fdc.nal.usda.gov/food-details/167903/nutrients"",""source_record_id"":""USDA_FC000139_167903"",""source_name"":""USDA FoodData Central SR Legacy""},""carbs_g_100g"":{""value_per_100g"":0.0,""value_for_portion"":0.0,""label"":""Other source"",""source_url"":""https://fdc.nal.usda.gov/food-details/167903/nutrients"",""source_record_id"":""USDA_FC000139_167903"",""source_name"":""USDA FoodData Central SR Legacy""},""fat_g_100g"":{""value_per_100g"":20.77,""value_for_portion"":20.77,""label"":""Other source"",""source_url"":""https://fdc.nal.usda.gov/food-details/167903/nutrients"",""source_record_id"":""USDA_FC000139_167903"",""source_name"":""USDA FoodData Central SR Legacy""},""fiber_g_100g"":{""value_per_100g"":0.0,""value_for_portion"":0.0,""label"":""Other source"",""source_url"":""https://fdc.nal.usda.gov/food-details/167903/nutrients"",""source_record_id"":""USDA_FC000139_167903"",""source_name"":""USDA FoodData Central SR Legacy""},""sugar_g_100g"":{""value_per_100g"":0.0,""value_for_portion"":0.0,""label"":""Other source"",""source_url"":""https://fdc.nal.usda.gov/food-details/167903/nutrients"",""source_record_id"":""USDA_FC000139_167903"",""source_name"":""USDA FoodData Central SR Legacy""},""sodium_mg_100g"":{""value_per_100g"":73.0,""value_for_portion"":73.0,""label"":""Other source"",""source_url"":""https://fdc.nal.usda.gov/food-details/167903/nutrients"",""source_record_id"":""USDA_FC000139_167903"",""source_name"":""USDA FoodData Central SR Legacy""},""cholesterol_mg_100g"":{""value_per_100g"":94.0,""value_for_portion"":94.0,""label"":""Other source"",""source_url"":""https://fdc.nal.usda.gov/food-details/167903/nutrients"",""source_record_id"":""USDA_FC000139_167903"",""source_name"":""USDA FoodData Central SR Legacy""}}"
PH_DISH_031,EST_PH_DISH_031_V1,FC000333,"Onion, Bombay bulb, boiled",40,ASSUMED_REFERENCE_MIXTURE,47.0,1.2,9.7,0.4,1.3,4.6,3.0,0.0,"{""kcal_100g"":{""value_per_100g"":47.0,""value_for_portion"":47.0,""label"":""Verified"",""source_url"":""https://i.fnri.dost.gov.ph/fct/library/report/3421"",""source_record_id"":""D142"",""source_name"":""DOST-FNRI PhilFCT""},""protein_g_100g"":{""value_per_100g"":1.2,""value_for_portion"":1.2,""label"":""Verified"",""source_url"":""https://i.fnri.dost.gov.ph/fct/library/report/3421"",""source_record_id"":""D142"",""source_name"":""DOST-FNRI PhilFCT""},""carbs_g_100g"":{""value_per_100g"":9.7,""value_for_portion"":9.7,""label"":""Verified"",""source_url"":""https://i.fnri.dost.gov.ph/fct/library/report/3421"",""source_record_id"":""D142"",""source_name"":""DOST-FNRI PhilFCT""},""fat_g_100g"":{""value_per_100g"":0.4,""value_for_portion"":0.4,""label"":""Verified"",""source_url"":""https://i.fnri.dost.gov.ph/fct/library/report/3421"",""source_record_id"":""D142"",""source_name"":""DOST-FNRI PhilFCT""},""fiber_g_100g"":{""value_per_100g"":1.3,""value_for_portion"":1.3,""label"":""Verified"",""source_url"":""https://i.fnri.dost.gov.ph/fct/library/report/3421"",""source_record_id"":""D142"",""source_name"":""DOST-FNRI PhilFCT""},""sugar_g_100g"":{""value_per_100g"":4.6,""value_for_portion"":4.6,""label"":""Verified"",""source_url"":""https://i.fnri.dost.gov.ph/fct/library/report/3421"",""source_record_id"":""D142"",""source_name"":""DOST-FNRI PhilFCT""},""sodium_mg_100g"":{""value_per_100g"":3.0,""value_for_portion"":3.0,""label"":""Verified"",""source_url"":""https://i.fnri.dost.gov.ph/fct/library/report/3421"",""source_record_id"":""D142"",""source_name"":""DOST-FNRI PhilFCT""},""cholesterol_mg_100g"":{""value_per_100g"":0.0,""value_for_portion"":0.0,""label"":""Verified"",""source_url"":""https://i.fnri.dost.gov.ph/fct/library/report/3421"",""source_record_id"":""D142"",""source_name"":""DOST-FNRI PhilFCT""}}"
PH_DISH_031,EST_PH_DISH_031_V1,FC000098,Coconut oil,25,ASSUMED_REFERENCE_MIXTURE,892.0,0.0,0.0,99.1,0.0,0.0,0.0,0.0,"{""kcal_100g"":{""value_per_100g"":892.0,""value_for_portion"":892.0,""label"":""Verified"",""source_url"":""https://i.fnri.dost.gov.ph/fct/library/report/4268"",""source_record_id"":""K008"",""source_name"":""DOST-FNRI PhilFCT""},""protein_g_100g"":{""value_per_100g"":0.0,""value_for_portion"":0.0,""label"":""Verified"",""source_url"":""https://i.fnri.dost.gov.ph/fct/library/report/4268"",""source_record_id"":""K008"",""source_name"":""DOST-FNRI PhilFCT""},""carbs_g_100g"":{""value_per_100g"":0.0,""value_for_portion"":0.0,""label"":""Verified"",""source_url"":""https://i.fnri.dost.gov.ph/fct/library/report/4268"",""source_record_id"":""K008"",""source_name"":""DOST-FNRI PhilFCT""},""fat_g_100g"":{""value_per_100g"":99.1,""value_for_portion"":99.1,""label"":""Verified"",""source_url"":""https://i.fnri.dost.gov.ph/fct/library/report/4268"",""source_record_id"":""K008"",""source_name"":""DOST-FNRI PhilFCT""},""fiber_g_100g"":{""value_per_100g"":0.0,""value_for_portion"":0.0,""label"":""Verified"",""source_url"":""https://i.fnri.dost.gov.ph/fct/library/report/4268"",""source_record_id"":""K008"",""source_name"":""DOST-FNRI PhilFCT""},""sugar_g_100g"":{""value_per_100g"":0.0,""value_for_portion"":0.0,""label"":""Verified"",""source_url"":""https://i.fnri.dost.gov.ph/fct/library/report/4268"",""source_record_id"":""K008"",""source_name"":""DOST-FNRI PhilFCT""},""sodium_mg_100g"":{""value_per_100g"":0.0,""value_for_portion"":0.0,""label"":""Verified"",""source_url"":""https://i.fnri.dost.gov.ph/fct/library/report/4268"",""source_record_id"":""K008"",""source_name"":""DOST-FNRI PhilFCT""},""cholesterol_mg_100g"":{""value_per_100g"":0.0,""value_for_portion"":0.0,""label"":""Verified"",""source_url"":""https://i.fnri.dost.gov.ph/fct/library/report/4268"",""source_record_id"":""K008"",""source_name"":""DOST-FNRI PhilFCT""}}"
PH_DISH_031,EST_PH_DISH_031_V1,FC000612,"Salt, coarse",3,ASSUMED_REFERENCE_MIXTURE,0.0,0.0,0.0,0.0,0.0,0.0,34836.0,0.0,"{""kcal_100g"":{""value_per_100g"":0.0,""value_for_portion"":0.0,""label"":""Verified"",""source_url"":""https://i.fnri.dost.gov.ph/fct/library/report/4342"",""source_record_id"":""N019"",""source_name"":""DOST-FNRI PhilFCT""},""protein_g_100g"":{""value_per_100g"":0.0,""value_for_portion"":0.0,""label"":""Verified"",""source_url"":""https://i.fnri.dost.gov.ph/fct/library/report/4342"",""source_record_id"":""N019"",""source_name"":""DOST-FNRI PhilFCT""},""carbs_g_100g"":{""value_per_100g"":0.0,""value_for_portion"":0.0,""label"":""Verified"",""source_url"":""https://i.fnri.dost.gov.ph/fct/library/report/4342"",""source_record_id"":""N019"",""source_name"":""DOST-FNRI PhilFCT""},""fat_g_100g"":{""value_per_100g"":0.0,""value_for_portion"":0.0,""label"":""Verified"",""source_url"":""https://i.fnri.dost.gov.ph/fct/library/report/4342"",""source_record_id"":""N019"",""source_name"":""DOST-FNRI PhilFCT""},""fiber_g_100g"":{""value_per_100g"":0.0,""value_for_portion"":0.0,""label"":""Verified"",""source_url"":""https://i.fnri.dost.gov.ph/fct/library/report/4342"",""source_record_id"":""N019"",""source_name"":""DOST-FNRI PhilFCT""},""sugar_g_100g"":{""value_per_100g"":0.0,""value_for_portion"":0.0,""label"":""Verified"",""source_url"":""https://i.fnri.dost.gov.ph/fct/library/report/4342"",""source_record_id"":""N019"",""source_name"":""DOST-FNRI PhilFCT""},""sodium_mg_100g"":{""value_per_100g"":34836.0,""value_for_portion"":34836.0,""label"":""Verified"",""source_url"":""https://i.fnri.dost.gov.ph/fct/library/report/4342"",""source_record_id"":""N019"",""source_name"":""DOST-FNRI PhilFCT""},""cholesterol_mg_100g"":{""value_per_100g"":0.0,""value_for_portion"":0.0,""label"":""Verified"",""source_url"":""https://i.fnri.dost.gov.ph/fct/library/report/4342"",""source_record_id"":""N019"",""source_name"":""DOST-FNRI PhilFCT""}}"
PH_DISH_032,EST_PH_DISH_032_V1,FC000136,"Beef, ground, 90% lean meat / 10% fat, crumbles, cooked, pan-browned",350,ASSUMED_REFERENCE_MIXTURE,230.0,28.45,0.0,12.04,0.0,0.0,87.0,89.0,"{""kcal_100g"":{""value_per_100g"":230.0,""value_for_portion"":230.0,""label"":""Other source"",""source_url"":""https://fdc.nal.usda.gov/food-details/171794/nutrients"",""source_record_id"":""USDA_FC000136_171794"",""source_name"":""USDA FoodData Central SR Legacy""},""protein_g_100g"":{""value_per_100g"":28.45,""value_for_portion"":28.45,""label"":""Other source"",""source_url"":""https://fdc.nal.usda.gov/food-details/171794/nutrients"",""source_record_id"":""USDA_FC000136_171794"",""source_name"":""USDA FoodData Central SR Legacy""},""carbs_g_100g"":{""value_per_100g"":0.0,""value_for_portion"":0.0,""label"":""Other source"",""source_url"":""https://fdc.nal.usda.gov/food-details/171794/nutrients"",""source_record_id"":""USDA_FC000136_171794"",""source_name"":""USDA FoodData Central SR Legacy""},""fat_g_100g"":{""value_per_100g"":12.04,""value_for_portion"":12.04,""label"":""Other source"",""source_url"":""https://fdc.nal.usda.gov/food-details/171794/nutrients"",""source_record_id"":""USDA_FC000136_171794"",""source_name"":""USDA FoodData Central SR Legacy""},""fiber_g_100g"":{""value_per_100g"":0.0,""value_for_portion"":0.0,""label"":""Other source"",""source_url"":""https://fdc.nal.usda.gov/food-details/171794/nutrients"",""source_record_id"":""USDA_FC000136_171794"",""source_name"":""USDA FoodData Central SR Legacy""},""sugar_g_100g"":{""value_per_100g"":0.0,""value_for_portion"":0.0,""label"":""Other source"",""source_url"":""https://fdc.nal.usda.gov/food-details/171794/nutrients"",""source_record_id"":""USDA_FC000136_171794"",""source_name"":""USDA FoodData Central SR Legacy""},""sodium_mg_100g"":{""value_per_100g"":87.0,""value_for_portion"":87.0,""label"":""Other source"",""source_url"":""https://fdc.nal.usda.gov/food-details/171794/nutrients"",""source_record_id"":""USDA_FC000136_171794"",""source_name"":""USDA FoodData Central SR Legacy""},""cholesterol_mg_100g"":{""value_per_100g"":89.0,""value_for_portion"":89.0,""label"":""Other source"",""source_url"":""https://fdc.nal.usda.gov/food-details/171794/nutrients"",""source_record_id"":""USDA_FC000136_171794"",""source_name"":""USDA FoodData Central SR Legacy""}}"
PH_DISH_032,EST_PH_DISH_032_V1,FC000199,"Potato, boiled",250,ASSUMED_REFERENCE_MIXTURE,63.0,1.7,13.7,0.1,1.3,0.6,4.0,0.0,"{""kcal_100g"":{""value_per_100g"":63.0,""value_for_portion"":63.0,""label"":""Verified"",""source_url"":""https://i.fnri.dost.gov.ph/fct/library/report/3175"",""source_record_id"":""B008"",""source_name"":""DOST-FNRI PhilFCT""},""protein_g_100g"":{""value_per_100g"":1.7,""value_for_portion"":1.7,""label"":""Verified"",""source_url"":""https://i.fnri.dost.gov.ph/fct/library/report/3175"",""source_record_id"":""B008"",""source_name"":""DOST-FNRI PhilFCT""},""carbs_g_100g"":{""value_per_100g"":13.7,""value_for_portion"":13.7,""label"":""Verified"",""source_url"":""https://i.fnri.dost.gov.ph/fct/library/report/3175"",""source_record_id"":""B008"",""source_name"":""DOST-FNRI PhilFCT""},""fat_g_100g"":{""value_per_100g"":0.1,""value_for_portion"":0.1,""label"":""Verified"",""source_url"":""https://i.fnri.dost.gov.ph/fct/library/report/3175"",""source_record_id"":""B008"",""source_name"":""DOST-FNRI PhilFCT""},""fiber_g_100g"":{""value_per_100g"":1.3,""value_for_portion"":1.3,""label"":""Verified"",""source_url"":""https://i.fnri.dost.gov.ph/fct/library/report/3175"",""source_record_id"":""B008"",""source_name"":""DOST-FNRI PhilFCT""},""sugar_g_100g"":{""value_per_100g"":0.6,""value_for_portion"":0.6,""label"":""Verified"",""source_url"":""https://i.fnri.dost.gov.ph/fct/library/report/3175"",""source_record_id"":""B008"",""source_name"":""DOST-FNRI PhilFCT""},""sodium_mg_100g"":{""value_per_100g"":4.0,""value_for_portion"":4.0,""label"":""Verified"",""source_url"":""https://i.fnri.dost.gov.ph/fct/library/report/3175"",""source_record_id"":""B008"",""source_name"":""DOST-FNRI PhilFCT""},""cholesterol_mg_100g"":{""value_per_100g"":0.0,""value_for_portion"":0.0,""label"":""Verified"",""source_url"":""https://i.fnri.dost.gov.ph/fct/library/report/3175"",""source_record_id"":""B008"",""source_name"":""DOST-FNRI PhilFCT""}}"
PH_DISH_032,EST_PH_DISH_032_V1,FC000324,"Carrot, boiled",150,ASSUMED_REFERENCE_MIXTURE,42.0,1.1,8.6,0.4,3.3,3.8,64.0,0.0,"{""kcal_100g"":{""value_per_100g"":42.0,""value_for_portion"":42.0,""label"":""Verified"",""source_url"":""https://i.fnri.dost.gov.ph/fct/library/report/3319"",""source_record_id"":""D040"",""source_name"":""DOST-FNRI PhilFCT""},""protein_g_100g"":{""value_per_100g"":1.1,""value_for_portion"":1.1,""label"":""Verified"",""source_url"":""https://i.fnri.dost.gov.ph/fct/library/report/3319"",""source_record_id"":""D040"",""source_name"":""DOST-FNRI PhilFCT""},""carbs_g_100g"":{""value_per_100g"":8.6,""value_for_portion"":8.6,""label"":""Verified"",""source_url"":""https://i.fnri.dost.gov.ph/fct/library/report/3319"",""source_record_id"":""D040"",""source_name"":""DOST-FNRI PhilFCT""},""fat_g_100g"":{""value_per_100g"":0.4,""value_for_portion"":0.4,""label"":""Verified"",""source_url"":""https://i.fnri.dost.gov.ph/fct/library/report/3319"",""source_record_id"":""D040"",""source_name"":""DOST-FNRI PhilFCT""},""fiber_g_100g"":{""value_per_100g"":3.3,""value_for_portion"":3.3,""label"":""Verified"",""source_url"":""https://i.fnri.dost.gov.ph/fct/library/report/3319"",""source_record_id"":""D040"",""source_name"":""DOST-FNRI PhilFCT""},""sugar_g_100g"":{""value_per_100g"":3.8,""value_for_portion"":3.8,""label"":""Verified"",""source_url"":""https://i.fnri.dost.gov.ph/fct/library/report/3319"",""source_record_id"":""D040"",""source_name"":""DOST-FNRI PhilFCT""},""sodium_mg_100g"":{""value_per_100g"":64.0,""value_for_portion"":64.0,""label"":""Verified"",""source_url"":""https://i.fnri.dost.gov.ph/fct/library/report/3319"",""source_record_id"":""D040"",""source_name"":""DOST-FNRI PhilFCT""},""cholesterol_mg_100g"":{""value_per_100g"":0.0,""value_for_portion"":0.0,""label"":""Verified"",""source_url"":""https://i.fnri.dost.gov.ph/fct/library/report/3319"",""source_record_id"":""D040"",""source_name"":""DOST-FNRI PhilFCT""}}"
PH_DISH_032,EST_PH_DISH_032_V1,FC000617,Tomato sauce,200,ASSUMED_REFERENCE_MIXTURE,45.0,0.9,10.0,0.2,2.1,4.9,658.0,0.0,"{""kcal_100g"":{""value_per_100g"":45.0,""value_for_portion"":45.0,""label"":""Verified"",""source_url"":""https://i.fnri.dost.gov.ph/fct/library/report/4348"",""source_record_id"":""N025"",""source_name"":""DOST-FNRI PhilFCT""},""protein_g_100g"":{""value_per_100g"":0.9,""value_for_portion"":0.9,""label"":""Verified"",""source_url"":""https://i.fnri.dost.gov.ph/fct/library/report/4348"",""source_record_id"":""N025"",""source_name"":""DOST-FNRI PhilFCT""},""carbs_g_100g"":{""value_per_100g"":10.0,""value_for_portion"":10.0,""label"":""Verified"",""source_url"":""https://i.fnri.dost.gov.ph/fct/library/report/4348"",""source_record_id"":""N025"",""source_name"":""DOST-FNRI PhilFCT""},""fat_g_100g"":{""value_per_100g"":0.2,""value_for_portion"":0.2,""label"":""Verified"",""source_url"":""https://i.fnri.dost.gov.ph/fct/library/report/4348"",""source_record_id"":""N025"",""source_name"":""DOST-FNRI PhilFCT""},""fiber_g_100g"":{""value_per_100g"":2.1,""value_for_portion"":2.1,""label"":""Verified"",""source_url"":""https://i.fnri.dost.gov.ph/fct/library/report/4348"",""source_record_id"":""N025"",""source_name"":""DOST-FNRI PhilFCT""},""sugar_g_100g"":{""value_per_100g"":4.9,""value_for_portion"":4.9,""label"":""Verified"",""source_url"":""https://i.fnri.dost.gov.ph/fct/library/report/4348"",""source_record_id"":""N025"",""source_name"":""DOST-FNRI PhilFCT""},""sodium_mg_100g"":{""value_per_100g"":658.0,""value_for_portion"":658.0,""label"":""Verified"",""source_url"":""https://i.fnri.dost.gov.ph/fct/library/report/4348"",""source_record_id"":""N025"",""source_name"":""DOST-FNRI PhilFCT""},""cholesterol_mg_100g"":{""value_per_100g"":0.0,""value_for_portion"":0.0,""label"":""Verified"",""source_url"":""https://i.fnri.dost.gov.ph/fct/library/report/4348"",""source_record_id"":""N025"",""source_name"":""DOST-FNRI PhilFCT""}}"
PH_DISH_032,EST_PH_DISH_032_V1,FC000333,"Onion, Bombay bulb, boiled",60,ASSUMED_REFERENCE_MIXTURE,47.0,1.2,9.7,0.4,1.3,4.6,3.0,0.0,"{""kcal_100g"":{""value_per_100g"":47.0,""value_for_portion"":47.0,""label"":""Verified"",""source_url"":""https://i.fnri.dost.gov.ph/fct/library/report/3421"",""source_record_id"":""D142"",""source_name"":""DOST-FNRI PhilFCT""},""protein_g_100g"":{""value_per_100g"":1.2,""value_for_portion"":1.2,""label"":""Verified"",""source_url"":""https://i.fnri.dost.gov.ph/fct/library/report/3421"",""source_record_id"":""D142"",""source_name"":""DOST-FNRI PhilFCT""},""carbs_g_100g"":{""value_per_100g"":9.7,""value_for_portion"":9.7,""label"":""Verified"",""source_url"":""https://i.fnri.dost.gov.ph/fct/library/report/3421"",""source_record_id"":""D142"",""source_name"":""DOST-FNRI PhilFCT""},""fat_g_100g"":{""value_per_100g"":0.4,""value_for_portion"":0.4,""label"":""Verified"",""source_url"":""https://i.fnri.dost.gov.ph/fct/library/report/3421"",""source_record_id"":""D142"",""source_name"":""DOST-FNRI PhilFCT""},""fiber_g_100g"":{""value_per_100g"":1.3,""value_for_portion"":1.3,""label"":""Verified"",""source_url"":""https://i.fnri.dost.gov.ph/fct/library/report/3421"",""source_record_id"":""D142"",""source_name"":""DOST-FNRI PhilFCT""},""sugar_g_100g"":{""value_per_100g"":4.6,""value_for_portion"":4.6,""label"":""Verified"",""source_url"":""https://i.fnri.dost.gov.ph/fct/library/report/3421"",""source_record_id"":""D142"",""source_name"":""DOST-FNRI PhilFCT""},""sodium_mg_100g"":{""value_per_100g"":3.0,""value_for_portion"":3.0,""label"":""Verified"",""source_url"":""https://i.fnri.dost.gov.ph/fct/library/report/3421"",""source_record_id"":""D142"",""source_name"":""DOST-FNRI PhilFCT""},""cholesterol_mg_100g"":{""value_per_100g"":0.0,""value_for_portion"":0.0,""label"":""Verified"",""source_url"":""https://i.fnri.dost.gov.ph/fct/library/report/3421"",""source_record_id"":""D142"",""source_name"":""DOST-FNRI PhilFCT""}}"
PH_DISH_032,EST_PH_DISH_032_V1,FC000070,Garlic bulb,15,ASSUMED_REFERENCE_MIXTURE,129.0,7.0,24.6,0.3,1.7,0.8,10.0,0.0,"{""kcal_100g"":{""value_per_100g"":129.0,""value_for_portion"":129.0,""label"":""Verified"",""source_url"":""https://i.fnri.dost.gov.ph/fct/library/report/3363"",""source_record_id"":""D084"",""source_name"":""DOST-FNRI PhilFCT""},""protein_g_100g"":{""value_per_100g"":7.0,""value_for_portion"":7.0,""label"":""Verified"",""source_url"":""https://i.fnri.dost.gov.ph/fct/library/report/3363"",""source_record_id"":""D084"",""source_name"":""DOST-FNRI PhilFCT""},""carbs_g_100g"":{""value_per_100g"":24.6,""value_for_portion"":24.6,""label"":""Verified"",""source_url"":""https://i.fnri.dost.gov.ph/fct/library/report/3363"",""source_record_id"":""D084"",""source_name"":""DOST-FNRI PhilFCT""},""fat_g_100g"":{""value_per_100g"":0.3,""value_for_portion"":0.3,""label"":""Verified"",""source_url"":""https://i.fnri.dost.gov.ph/fct/library/report/3363"",""source_record_id"":""D084"",""source_name"":""DOST-FNRI PhilFCT""},""fiber_g_100g"":{""value_per_100g"":1.7,""value_for_portion"":1.7,""label"":""Verified"",""source_url"":""https://i.fnri.dost.gov.ph/fct/library/report/3363"",""source_record_id"":""D084"",""source_name"":""DOST-FNRI PhilFCT""},""sugar_g_100g"":{""value_per_100g"":0.8,""value_for_portion"":0.8,""label"":""Verified"",""source_url"":""https://i.fnri.dost.gov.ph/fct/library/report/3363"",""source_record_id"":""D084"",""source_name"":""DOST-FNRI PhilFCT""},""sodium_mg_100g"":{""value_per_100g"":10.0,""value_for_portion"":10.0,""label"":""Verified"",""source_url"":""https://i.fnri.dost.gov.ph/fct/library/report/3363"",""source_record_id"":""D084"",""source_name"":""DOST-FNRI PhilFCT""},""cholesterol_mg_100g"":{""value_per_100g"":0.0,""value_for_portion"":0.0,""label"":""Verified"",""source_url"":""https://i.fnri.dost.gov.ph/fct/library/report/3363"",""source_record_id"":""D084"",""source_name"":""DOST-FNRI PhilFCT""}}"
PH_DISH_032,EST_PH_DISH_032_V1,FC000098,Coconut oil,15,ASSUMED_REFERENCE_MIXTURE,892.0,0.0,0.0,99.1,0.0,0.0,0.0,0.0,"{""kcal_100g"":{""value_per_100g"":892.0,""value_for_portion"":892.0,""label"":""Verified"",""source_url"":""https://i.fnri.dost.gov.ph/fct/library/report/4268"",""source_record_id"":""K008"",""source_name"":""DOST-FNRI PhilFCT""},""protein_g_100g"":{""value_per_100g"":0.0,""value_for_portion"":0.0,""label"":""Verified"",""source_url"":""https://i.fnri.dost.gov.ph/fct/library/report/4268"",""source_record_id"":""K008"",""source_name"":""DOST-FNRI PhilFCT""},""carbs_g_100g"":{""value_per_100g"":0.0,""value_for_portion"":0.0,""label"":""Verified"",""source_url"":""https://i.fnri.dost.gov.ph/fct/library/report/4268"",""source_record_id"":""K008"",""source_name"":""DOST-FNRI PhilFCT""},""fat_g_100g"":{""value_per_100g"":99.1,""value_for_portion"":99.1,""label"":""Verified"",""source_url"":""https://i.fnri.dost.gov.ph/fct/library/report/4268"",""source_record_id"":""K008"",""source_name"":""DOST-FNRI PhilFCT""},""fiber_g_100g"":{""value_per_100g"":0.0,""value_for_portion"":0.0,""label"":""Verified"",""source_url"":""https://i.fnri.dost.gov.ph/fct/library/report/4268"",""source_record_id"":""K008"",""source_name"":""DOST-FNRI PhilFCT""},""sugar_g_100g"":{""value_per_100g"":0.0,""value_for_portion"":0.0,""label"":""Verified"",""source_url"":""https://i.fnri.dost.gov.ph/fct/library/report/4268"",""source_record_id"":""K008"",""source_name"":""DOST-FNRI PhilFCT""},""sodium_mg_100g"":{""value_per_100g"":0.0,""value_for_portion"":0.0,""label"":""Verified"",""source_url"":""https://i.fnri.dost.gov.ph/fct/library/report/4268"",""source_record_id"":""K008"",""source_name"":""DOST-FNRI PhilFCT""},""cholesterol_mg_100g"":{""value_per_100g"":0.0,""value_for_portion"":0.0,""label"":""Verified"",""source_url"":""https://i.fnri.dost.gov.ph/fct/library/report/4268"",""source_record_id"":""K008"",""source_name"":""DOST-FNRI PhilFCT""}}"
PH_DISH_032,EST_PH_DISH_032_V1,FC000099,Soy sauce,20,ASSUMED_REFERENCE_MIXTURE,75.0,3.5,15.0,0.1,1.0,0.5,2041.0,0.0,"{""kcal_100g"":{""value_per_100g"":75.0,""value_for_portion"":75.0,""label"":""Verified"",""source_url"":""https://i.fnri.dost.gov.ph/fct/library/report/4346"",""source_record_id"":""N023"",""source_name"":""DOST-FNRI PhilFCT""},""protein_g_100g"":{""value_per_100g"":3.5,""value_for_portion"":3.5,""label"":""Verified"",""source_url"":""https://i.fnri.dost.gov.ph/fct/library/report/4346"",""source_record_id"":""N023"",""source_name"":""DOST-FNRI PhilFCT""},""carbs_g_100g"":{""value_per_100g"":15.0,""value_for_portion"":15.0,""label"":""Verified"",""source_url"":""https://i.fnri.dost.gov.ph/fct/library/report/4346"",""source_record_id"":""N023"",""source_name"":""DOST-FNRI PhilFCT""},""fat_g_100g"":{""value_per_100g"":0.1,""value_for_portion"":0.1,""label"":""Verified"",""source_url"":""https://i.fnri.dost.gov.ph/fct/library/report/4346"",""source_record_id"":""N023"",""source_name"":""DOST-FNRI PhilFCT""},""fiber_g_100g"":{""value_per_100g"":1.0,""value_for_portion"":1.0,""label"":""Verified"",""source_url"":""https://i.fnri.dost.gov.ph/fct/library/report/4346"",""source_record_id"":""N023"",""source_name"":""DOST-FNRI PhilFCT""},""sugar_g_100g"":{""value_per_100g"":0.5,""value_for_portion"":0.5,""label"":""Verified"",""source_url"":""https://i.fnri.dost.gov.ph/fct/library/report/4346"",""source_record_id"":""N023"",""source_name"":""DOST-FNRI PhilFCT""},""sodium_mg_100g"":{""value_per_100g"":2041.0,""value_for_portion"":2041.0,""label"":""Verified"",""source_url"":""https://i.fnri.dost.gov.ph/fct/library/report/4346"",""source_record_id"":""N023"",""source_name"":""DOST-FNRI PhilFCT""},""cholesterol_mg_100g"":{""value_per_100g"":0.0,""value_for_portion"":0.0,""label"":""Verified"",""source_url"":""https://i.fnri.dost.gov.ph/fct/library/report/4346"",""source_record_id"":""N023"",""source_name"":""DOST-FNRI PhilFCT""}}"
PH_DISH_032,EST_PH_DISH_032_V1,FC001237,"Beverages, water, tap, drinking",100,ASSUMED_REFERENCE_MIXTURE,0.0,0.0,0.0,0.0,0.0,0.0,4.0,0.0,"{""kcal_100g"":{""value_per_100g"":0.0,""value_for_portion"":0.0,""label"":""Other source"",""source_url"":""https://fdc.nal.usda.gov/food-details/173647/nutrients"",""source_record_id"":""USDA_FC001237_173647"",""source_name"":""USDA FoodData Central SR Legacy""},""protein_g_100g"":{""value_per_100g"":0.0,""value_for_portion"":0.0,""label"":""Other source"",""source_url"":""https://fdc.nal.usda.gov/food-details/173647/nutrients"",""source_record_id"":""USDA_FC001237_173647"",""source_name"":""USDA FoodData Central SR Legacy""},""carbs_g_100g"":{""value_per_100g"":0.0,""value_for_portion"":0.0,""label"":""Other source"",""source_url"":""https://fdc.nal.usda.gov/food-details/173647/nutrients"",""source_record_id"":""USDA_FC001237_173647"",""source_name"":""USDA FoodData Central SR Legacy""},""fat_g_100g"":{""value_per_100g"":0.0,""value_for_portion"":0.0,""label"":""Other source"",""source_url"":""https://fdc.nal.usda.gov/food-details/173647/nutrients"",""source_record_id"":""USDA_FC001237_173647"",""source_name"":""USDA FoodData Central SR Legacy""},""fiber_g_100g"":{""value_per_100g"":0.0,""value_for_portion"":0.0,""label"":""Other source"",""source_url"":""https://fdc.nal.usda.gov/food-details/173647/nutrients"",""source_record_id"":""USDA_FC001237_173647"",""source_name"":""USDA FoodData Central SR Legacy""},""sugar_g_100g"":{""value_per_100g"":0.0,""value_for_portion"":0.0,""label"":""Other source"",""source_url"":""https://fdc.nal.usda.gov/food-details/173647/nutrients"",""source_record_id"":""USDA_FC001237_173647"",""source_name"":""USDA FoodData Central SR Legacy""},""sodium_mg_100g"":{""value_per_100g"":4.0,""value_for_portion"":4.0,""label"":""Other source"",""source_url"":""https://fdc.nal.usda.gov/food-details/173647/nutrients"",""source_record_id"":""USDA_FC001237_173647"",""source_name"":""USDA FoodData Central SR Legacy""},""cholesterol_mg_100g"":{""value_per_100g"":0.0,""value_for_portion"":0.0,""label"":""Other source"",""source_url"":""https://fdc.nal.usda.gov/food-details/173647/nutrients"",""source_record_id"":""USDA_FC001237_173647"",""source_name"":""USDA FoodData Central SR Legacy""}}"
PH_DISH_033,EST_PH_DISH_033_V1,FC000139,"Pork, fresh, ground, cooked",350,ASSUMED_REFERENCE_MIXTURE,297.0,25.69,0.0,20.77,0.0,0.0,73.0,94.0,"{""kcal_100g"":{""value_per_100g"":297.0,""value_for_portion"":297.0,""label"":""Other source"",""source_url"":""https://fdc.nal.usda.gov/food-details/167903/nutrients"",""source_record_id"":""USDA_FC000139_167903"",""source_name"":""USDA FoodData Central SR Legacy""},""protein_g_100g"":{""value_per_100g"":25.69,""value_for_portion"":25.69,""label"":""Other source"",""source_url"":""https://fdc.nal.usda.gov/food-details/167903/nutrients"",""source_record_id"":""USDA_FC000139_167903"",""source_name"":""USDA FoodData Central SR Legacy""},""carbs_g_100g"":{""value_per_100g"":0.0,""value_for_portion"":0.0,""label"":""Other source"",""source_url"":""https://fdc.nal.usda.gov/food-details/167903/nutrients"",""source_record_id"":""USDA_FC000139_167903"",""source_name"":""USDA FoodData Central SR Legacy""},""fat_g_100g"":{""value_per_100g"":20.77,""value_for_portion"":20.77,""label"":""Other source"",""source_url"":""https://fdc.nal.usda.gov/food-details/167903/nutrients"",""source_record_id"":""USDA_FC000139_167903"",""source_name"":""USDA FoodData Central SR Legacy""},""fiber_g_100g"":{""value_per_100g"":0.0,""value_for_portion"":0.0,""label"":""Other source"",""source_url"":""https://fdc.nal.usda.gov/food-details/167903/nutrients"",""source_record_id"":""USDA_FC000139_167903"",""source_name"":""USDA FoodData Central SR Legacy""},""sugar_g_100g"":{""value_per_100g"":0.0,""value_for_portion"":0.0,""label"":""Other source"",""source_url"":""https://fdc.nal.usda.gov/food-details/167903/nutrients"",""source_record_id"":""USDA_FC000139_167903"",""source_name"":""USDA FoodData Central SR Legacy""},""sodium_mg_100g"":{""value_per_100g"":73.0,""value_for_portion"":73.0,""label"":""Other source"",""source_url"":""https://fdc.nal.usda.gov/food-details/167903/nutrients"",""source_record_id"":""USDA_FC000139_167903"",""source_name"":""USDA FoodData Central SR Legacy""},""cholesterol_mg_100g"":{""value_per_100g"":94.0,""value_for_portion"":94.0,""label"":""Other source"",""source_url"":""https://fdc.nal.usda.gov/food-details/167903/nutrients"",""source_record_id"":""USDA_FC000139_167903"",""source_name"":""USDA FoodData Central SR Legacy""}}"
PH_DISH_033,EST_PH_DISH_033_V1,FC000199,"Potato, boiled",250,ASSUMED_REFERENCE_MIXTURE,63.0,1.7,13.7,0.1,1.3,0.6,4.0,0.0,"{""kcal_100g"":{""value_per_100g"":63.0,""value_for_portion"":63.0,""label"":""Verified"",""source_url"":""https://i.fnri.dost.gov.ph/fct/library/report/3175"",""source_record_id"":""B008"",""source_name"":""DOST-FNRI PhilFCT""},""protein_g_100g"":{""value_per_100g"":1.7,""value_for_portion"":1.7,""label"":""Verified"",""source_url"":""https://i.fnri.dost.gov.ph/fct/library/report/3175"",""source_record_id"":""B008"",""source_name"":""DOST-FNRI PhilFCT""},""carbs_g_100g"":{""value_per_100g"":13.7,""value_for_portion"":13.7,""label"":""Verified"",""source_url"":""https://i.fnri.dost.gov.ph/fct/library/report/3175"",""source_record_id"":""B008"",""source_name"":""DOST-FNRI PhilFCT""},""fat_g_100g"":{""value_per_100g"":0.1,""value_for_portion"":0.1,""label"":""Verified"",""source_url"":""https://i.fnri.dost.gov.ph/fct/library/report/3175"",""source_record_id"":""B008"",""source_name"":""DOST-FNRI PhilFCT""},""fiber_g_100g"":{""value_per_100g"":1.3,""value_for_portion"":1.3,""label"":""Verified"",""source_url"":""https://i.fnri.dost.gov.ph/fct/library/report/3175"",""source_record_id"":""B008"",""source_name"":""DOST-FNRI PhilFCT""},""sugar_g_100g"":{""value_per_100g"":0.6,""value_for_portion"":0.6,""label"":""Verified"",""source_url"":""https://i.fnri.dost.gov.ph/fct/library/report/3175"",""source_record_id"":""B008"",""source_name"":""DOST-FNRI PhilFCT""},""sodium_mg_100g"":{""value_per_100g"":4.0,""value_for_portion"":4.0,""label"":""Verified"",""source_url"":""https://i.fnri.dost.gov.ph/fct/library/report/3175"",""source_record_id"":""B008"",""source_name"":""DOST-FNRI PhilFCT""},""cholesterol_mg_100g"":{""value_per_100g"":0.0,""value_for_portion"":0.0,""label"":""Verified"",""source_url"":""https://i.fnri.dost.gov.ph/fct/library/report/3175"",""source_record_id"":""B008"",""source_name"":""DOST-FNRI PhilFCT""}}"
PH_DISH_033,EST_PH_DISH_033_V1,FC000324,"Carrot, boiled",150,ASSUMED_REFERENCE_MIXTURE,42.0,1.1,8.6,0.4,3.3,3.8,64.0,0.0,"{""kcal_100g"":{""value_per_100g"":42.0,""value_for_portion"":42.0,""label"":""Verified"",""source_url"":""https://i.fnri.dost.gov.ph/fct/library/report/3319"",""source_record_id"":""D040"",""source_name"":""DOST-FNRI PhilFCT""},""protein_g_100g"":{""value_per_100g"":1.1,""value_for_portion"":1.1,""label"":""Verified"",""source_url"":""https://i.fnri.dost.gov.ph/fct/library/report/3319"",""source_record_id"":""D040"",""source_name"":""DOST-FNRI PhilFCT""},""carbs_g_100g"":{""value_per_100g"":8.6,""value_for_portion"":8.6,""label"":""Verified"",""source_url"":""https://i.fnri.dost.gov.ph/fct/library/report/3319"",""source_record_id"":""D040"",""source_name"":""DOST-FNRI PhilFCT""},""fat_g_100g"":{""value_per_100g"":0.4,""value_for_portion"":0.4,""label"":""Verified"",""source_url"":""https://i.fnri.dost.gov.ph/fct/library/report/3319"",""source_record_id"":""D040"",""source_name"":""DOST-FNRI PhilFCT""},""fiber_g_100g"":{""value_per_100g"":3.3,""value_for_portion"":3.3,""label"":""Verified"",""source_url"":""https://i.fnri.dost.gov.ph/fct/library/report/3319"",""source_record_id"":""D040"",""source_name"":""DOST-FNRI PhilFCT""},""sugar_g_100g"":{""value_per_100g"":3.8,""value_for_portion"":3.8,""label"":""Verified"",""source_url"":""https://i.fnri.dost.gov.ph/fct/library/report/3319"",""source_record_id"":""D040"",""source_name"":""DOST-FNRI PhilFCT""},""sodium_mg_100g"":{""value_per_100g"":64.0,""value_for_portion"":64.0,""label"":""Verified"",""source_url"":""https://i.fnri.dost.gov.ph/fct/library/report/3319"",""source_record_id"":""D040"",""source_name"":""DOST-FNRI PhilFCT""},""cholesterol_mg_100g"":{""value_per_100g"":0.0,""value_for_portion"":0.0,""label"":""Verified"",""source_url"":""https://i.fnri.dost.gov.ph/fct/library/report/3319"",""source_record_id"":""D040"",""source_name"":""DOST-FNRI PhilFCT""}}"
PH_DISH_033,EST_PH_DISH_033_V1,FC000617,Tomato sauce,200,ASSUMED_REFERENCE_MIXTURE,45.0,0.9,10.0,0.2,2.1,4.9,658.0,0.0,"{""kcal_100g"":{""value_per_100g"":45.0,""value_for_portion"":45.0,""label"":""Verified"",""source_url"":""https://i.fnri.dost.gov.ph/fct/library/report/4348"",""source_record_id"":""N025"",""source_name"":""DOST-FNRI PhilFCT""},""protein_g_100g"":{""value_per_100g"":0.9,""value_for_portion"":0.9,""label"":""Verified"",""source_url"":""https://i.fnri.dost.gov.ph/fct/library/report/4348"",""source_record_id"":""N025"",""source_name"":""DOST-FNRI PhilFCT""},""carbs_g_100g"":{""value_per_100g"":10.0,""value_for_portion"":10.0,""label"":""Verified"",""source_url"":""https://i.fnri.dost.gov.ph/fct/library/report/4348"",""source_record_id"":""N025"",""source_name"":""DOST-FNRI PhilFCT""},""fat_g_100g"":{""value_per_100g"":0.2,""value_for_portion"":0.2,""label"":""Verified"",""source_url"":""https://i.fnri.dost.gov.ph/fct/library/report/4348"",""source_record_id"":""N025"",""source_name"":""DOST-FNRI PhilFCT""},""fiber_g_100g"":{""value_per_100g"":2.1,""value_for_portion"":2.1,""label"":""Verified"",""source_url"":""https://i.fnri.dost.gov.ph/fct/library/report/4348"",""source_record_id"":""N025"",""source_name"":""DOST-FNRI PhilFCT""},""sugar_g_100g"":{""value_per_100g"":4.9,""value_for_portion"":4.9,""label"":""Verified"",""source_url"":""https://i.fnri.dost.gov.ph/fct/library/report/4348"",""source_record_id"":""N025"",""source_name"":""DOST-FNRI PhilFCT""},""sodium_mg_100g"":{""value_per_100g"":658.0,""value_for_portion"":658.0,""label"":""Verified"",""source_url"":""https://i.fnri.dost.gov.ph/fct/library/report/4348"",""source_record_id"":""N025"",""source_name"":""DOST-FNRI PhilFCT""},""cholesterol_mg_100g"":{""value_per_100g"":0.0,""value_for_portion"":0.0,""label"":""Verified"",""source_url"":""https://i.fnri.dost.gov.ph/fct/library/report/4348"",""source_record_id"":""N025"",""source_name"":""DOST-FNRI PhilFCT""}}"
PH_DISH_033,EST_PH_DISH_033_V1,FC000333,"Onion, Bombay bulb, boiled",60,ASSUMED_REFERENCE_MIXTURE,47.0,1.2,9.7,0.4,1.3,4.6,3.0,0.0,"{""kcal_100g"":{""value_per_100g"":47.0,""value_for_portion"":47.0,""label"":""Verified"",""source_url"":""https://i.fnri.dost.gov.ph/fct/library/report/3421"",""source_record_id"":""D142"",""source_name"":""DOST-FNRI PhilFCT""},""protein_g_100g"":{""value_per_100g"":1.2,""value_for_portion"":1.2,""label"":""Verified"",""source_url"":""https://i.fnri.dost.gov.ph/fct/library/report/3421"",""source_record_id"":""D142"",""source_name"":""DOST-FNRI PhilFCT""},""carbs_g_100g"":{""value_per_100g"":9.7,""value_for_portion"":9.7,""label"":""Verified"",""source_url"":""https://i.fnri.dost.gov.ph/fct/library/report/3421"",""source_record_id"":""D142"",""source_name"":""DOST-FNRI PhilFCT""},""fat_g_100g"":{""value_per_100g"":0.4,""value_for_portion"":0.4,""label"":""Verified"",""source_url"":""https://i.fnri.dost.gov.ph/fct/library/report/3421"",""source_record_id"":""D142"",""source_name"":""DOST-FNRI PhilFCT""},""fiber_g_100g"":{""value_per_100g"":1.3,""value_for_portion"":1.3,""label"":""Verified"",""source_url"":""https://i.fnri.dost.gov.ph/fct/library/report/3421"",""source_record_id"":""D142"",""source_name"":""DOST-FNRI PhilFCT""},""sugar_g_100g"":{""value_per_100g"":4.6,""value_for_portion"":4.6,""label"":""Verified"",""source_url"":""https://i.fnri.dost.gov.ph/fct/library/report/3421"",""source_record_id"":""D142"",""source_name"":""DOST-FNRI PhilFCT""},""sodium_mg_100g"":{""value_per_100g"":3.0,""value_for_portion"":3.0,""label"":""Verified"",""source_url"":""https://i.fnri.dost.gov.ph/fct/library/report/3421"",""source_record_id"":""D142"",""source_name"":""DOST-FNRI PhilFCT""},""cholesterol_mg_100g"":{""value_per_100g"":0.0,""value_for_portion"":0.0,""label"":""Verified"",""source_url"":""https://i.fnri.dost.gov.ph/fct/library/report/3421"",""source_record_id"":""D142"",""source_name"":""DOST-FNRI PhilFCT""}}"
PH_DISH_033,EST_PH_DISH_033_V1,FC000070,Garlic bulb,15,ASSUMED_REFERENCE_MIXTURE,129.0,7.0,24.6,0.3,1.7,0.8,10.0,0.0,"{""kcal_100g"":{""value_per_100g"":129.0,""value_for_portion"":129.0,""label"":""Verified"",""source_url"":""https://i.fnri.dost.gov.ph/fct/library/report/3363"",""source_record_id"":""D084"",""source_name"":""DOST-FNRI PhilFCT""},""protein_g_100g"":{""value_per_100g"":7.0,""value_for_portion"":7.0,""label"":""Verified"",""source_url"":""https://i.fnri.dost.gov.ph/fct/library/report/3363"",""source_record_id"":""D084"",""source_name"":""DOST-FNRI PhilFCT""},""carbs_g_100g"":{""value_per_100g"":24.6,""value_for_portion"":24.6,""label"":""Verified"",""source_url"":""https://i.fnri.dost.gov.ph/fct/library/report/3363"",""source_record_id"":""D084"",""source_name"":""DOST-FNRI PhilFCT""},""fat_g_100g"":{""value_per_100g"":0.3,""value_for_portion"":0.3,""label"":""Verified"",""source_url"":""https://i.fnri.dost.gov.ph/fct/library/report/3363"",""source_record_id"":""D084"",""source_name"":""DOST-FNRI PhilFCT""},""fiber_g_100g"":{""value_per_100g"":1.7,""value_for_portion"":1.7,""label"":""Verified"",""source_url"":""https://i.fnri.dost.gov.ph/fct/library/report/3363"",""source_record_id"":""D084"",""source_name"":""DOST-FNRI PhilFCT""},""sugar_g_100g"":{""value_per_100g"":0.8,""value_for_portion"":0.8,""label"":""Verified"",""source_url"":""https://i.fnri.dost.gov.ph/fct/library/report/3363"",""source_record_id"":""D084"",""source_name"":""DOST-FNRI PhilFCT""},""sodium_mg_100g"":{""value_per_100g"":10.0,""value_for_portion"":10.0,""label"":""Verified"",""source_url"":""https://i.fnri.dost.gov.ph/fct/library/report/3363"",""source_record_id"":""D084"",""source_name"":""DOST-FNRI PhilFCT""},""cholesterol_mg_100g"":{""value_per_100g"":0.0,""value_for_portion"":0.0,""label"":""Verified"",""source_url"":""https://i.fnri.dost.gov.ph/fct/library/report/3363"",""source_record_id"":""D084"",""source_name"":""DOST-FNRI PhilFCT""}}"
PH_DISH_033,EST_PH_DISH_033_V1,FC000098,Coconut oil,15,ASSUMED_REFERENCE_MIXTURE,892.0,0.0,0.0,99.1,0.0,0.0,0.0,0.0,"{""kcal_100g"":{""value_per_100g"":892.0,""value_for_portion"":892.0,""label"":""Verified"",""source_url"":""https://i.fnri.dost.gov.ph/fct/library/report/4268"",""source_record_id"":""K008"",""source_name"":""DOST-FNRI PhilFCT""},""protein_g_100g"":{""value_per_100g"":0.0,""value_for_portion"":0.0,""label"":""Verified"",""source_url"":""https://i.fnri.dost.gov.ph/fct/library/report/4268"",""source_record_id"":""K008"",""source_name"":""DOST-FNRI PhilFCT""},""carbs_g_100g"":{""value_per_100g"":0.0,""value_for_portion"":0.0,""label"":""Verified"",""source_url"":""https://i.fnri.dost.gov.ph/fct/library/report/4268"",""source_record_id"":""K008"",""source_name"":""DOST-FNRI PhilFCT""},""fat_g_100g"":{""value_per_100g"":99.1,""value_for_portion"":99.1,""label"":""Verified"",""source_url"":""https://i.fnri.dost.gov.ph/fct/library/report/4268"",""source_record_id"":""K008"",""source_name"":""DOST-FNRI PhilFCT""},""fiber_g_100g"":{""value_per_100g"":0.0,""value_for_portion"":0.0,""label"":""Verified"",""source_url"":""https://i.fnri.dost.gov.ph/fct/library/report/4268"",""source_record_id"":""K008"",""source_name"":""DOST-FNRI PhilFCT""},""sugar_g_100g"":{""value_per_100g"":0.0,""value_for_portion"":0.0,""label"":""Verified"",""source_url"":""https://i.fnri.dost.gov.ph/fct/library/report/4268"",""source_record_id"":""K008"",""source_name"":""DOST-FNRI PhilFCT""},""sodium_mg_100g"":{""value_per_100g"":0.0,""value_for_portion"":0.0,""label"":""Verified"",""source_url"":""https://i.fnri.dost.gov.ph/fct/library/report/4268"",""source_record_id"":""K008"",""source_name"":""DOST-FNRI PhilFCT""},""cholesterol_mg_100g"":{""value_per_100g"":0.0,""value_for_portion"":0.0,""label"":""Verified"",""source_url"":""https://i.fnri.dost.gov.ph/fct/library/report/4268"",""source_record_id"":""K008"",""source_name"":""DOST-FNRI PhilFCT""}}"
PH_DISH_033,EST_PH_DISH_033_V1,FC000099,Soy sauce,20,ASSUMED_REFERENCE_MIXTURE,75.0,3.5,15.0,0.1,1.0,0.5,2041.0,0.0,"{""kcal_100g"":{""value_per_100g"":75.0,""value_for_portion"":75.0,""label"":""Verified"",""source_url"":""https://i.fnri.dost.gov.ph/fct/library/report/4346"",""source_record_id"":""N023"",""source_name"":""DOST-FNRI PhilFCT""},""protein_g_100g"":{""value_per_100g"":3.5,""value_for_portion"":3.5,""label"":""Verified"",""source_url"":""https://i.fnri.dost.gov.ph/fct/library/report/4346"",""source_record_id"":""N023"",""source_name"":""DOST-FNRI PhilFCT""},""carbs_g_100g"":{""value_per_100g"":15.0,""value_for_portion"":15.0,""label"":""Verified"",""source_url"":""https://i.fnri.dost.gov.ph/fct/library/report/4346"",""source_record_id"":""N023"",""source_name"":""DOST-FNRI PhilFCT""},""fat_g_100g"":{""value_per_100g"":0.1,""value_for_portion"":0.1,""label"":""Verified"",""source_url"":""https://i.fnri.dost.gov.ph/fct/library/report/4346"",""source_record_id"":""N023"",""source_name"":""DOST-FNRI PhilFCT""},""fiber_g_100g"":{""value_per_100g"":1.0,""value_for_portion"":1.0,""label"":""Verified"",""source_url"":""https://i.fnri.dost.gov.ph/fct/library/report/4346"",""source_record_id"":""N023"",""source_name"":""DOST-FNRI PhilFCT""},""sugar_g_100g"":{""value_per_100g"":0.5,""value_for_portion"":0.5,""label"":""Verified"",""source_url"":""https://i.fnri.dost.gov.ph/fct/library/report/4346"",""source_record_id"":""N023"",""source_name"":""DOST-FNRI PhilFCT""},""sodium_mg_100g"":{""value_per_100g"":2041.0,""value_for_portion"":2041.0,""label"":""Verified"",""source_url"":""https://i.fnri.dost.gov.ph/fct/library/report/4346"",""source_record_id"":""N023"",""source_name"":""DOST-FNRI PhilFCT""},""cholesterol_mg_100g"":{""value_per_100g"":0.0,""value_for_portion"":0.0,""label"":""Verified"",""source_url"":""https://i.fnri.dost.gov.ph/fct/library/report/4346"",""source_record_id"":""N023"",""source_name"":""DOST-FNRI PhilFCT""}}"
PH_DISH_033,EST_PH_DISH_033_V1,FC001237,"Beverages, water, tap, drinking",100,ASSUMED_REFERENCE_MIXTURE,0.0,0.0,0.0,0.0,0.0,0.0,4.0,0.0,"{""kcal_100g"":{""value_per_100g"":0.0,""value_for_portion"":0.0,""label"":""Other source"",""source_url"":""https://fdc.nal.usda.gov/food-details/173647/nutrients"",""source_record_id"":""USDA_FC001237_173647"",""source_name"":""USDA FoodData Central SR Legacy""},""protein_g_100g"":{""value_per_100g"":0.0,""value_for_portion"":0.0,""label"":""Other source"",""source_url"":""https://fdc.nal.usda.gov/food-details/173647/nutrients"",""source_record_id"":""USDA_FC001237_173647"",""source_name"":""USDA FoodData Central SR Legacy""},""carbs_g_100g"":{""value_per_100g"":0.0,""value_for_portion"":0.0,""label"":""Other source"",""source_url"":""https://fdc.nal.usda.gov/food-details/173647/nutrients"",""source_record_id"":""USDA_FC001237_173647"",""source_name"":""USDA FoodData Central SR Legacy""},""fat_g_100g"":{""value_per_100g"":0.0,""value_for_portion"":0.0,""label"":""Other source"",""source_url"":""https://fdc.nal.usda.gov/food-details/173647/nutrients"",""source_record_id"":""USDA_FC001237_173647"",""source_name"":""USDA FoodData Central SR Legacy""},""fiber_g_100g"":{""value_per_100g"":0.0,""value_for_portion"":0.0,""label"":""Other source"",""source_url"":""https://fdc.nal.usda.gov/food-details/173647/nutrients"",""source_record_id"":""USDA_FC001237_173647"",""source_name"":""USDA FoodData Central SR Legacy""},""sugar_g_100g"":{""value_per_100g"":0.0,""value_for_portion"":0.0,""label"":""Other source"",""source_url"":""https://fdc.nal.usda.gov/food-details/173647/nutrients"",""source_record_id"":""USDA_FC001237_173647"",""source_name"":""USDA FoodData Central SR Legacy""},""sodium_mg_100g"":{""value_per_100g"":4.0,""value_for_portion"":4.0,""label"":""Other source"",""source_url"":""https://fdc.nal.usda.gov/food-details/173647/nutrients"",""source_record_id"":""USDA_FC001237_173647"",""source_name"":""USDA FoodData Central SR Legacy""},""cholesterol_mg_100g"":{""value_per_100g"":0.0,""value_for_portion"":0.0,""label"":""Other source"",""source_url"":""https://fdc.nal.usda.gov/food-details/173647/nutrients"",""source_record_id"":""USDA_FC001237_173647"",""source_name"":""USDA FoodData Central SR Legacy""}}"
PH_DISH_034,EST_PH_DISH_034_V1,FC000388,"Pork Boston butt, lean, boiled",350,ASSUMED_REFERENCE_MIXTURE,212.0,15.6,0.0,16.6,0.0,0.0,47.0,,"{""kcal_100g"":{""value_per_100g"":212.0,""value_for_portion"":212.0,""label"":""Verified"",""source_url"":""https://i.fnri.dost.gov.ph/fct/library/report/3865"",""source_record_id"":""F158"",""source_name"":""DOST-FNRI PhilFCT""},""protein_g_100g"":{""value_per_100g"":15.6,""value_for_portion"":15.6,""label"":""Verified"",""source_url"":""https://i.fnri.dost.gov.ph/fct/library/report/3865"",""source_record_id"":""F158"",""source_name"":""DOST-FNRI PhilFCT""},""carbs_g_100g"":{""value_per_100g"":0.0,""value_for_portion"":0.0,""label"":""Verified"",""source_url"":""https://i.fnri.dost.gov.ph/fct/library/report/3865"",""source_record_id"":""F158"",""source_name"":""DOST-FNRI PhilFCT""},""fat_g_100g"":{""value_per_100g"":16.6,""value_for_portion"":16.6,""label"":""Verified"",""source_url"":""https://i.fnri.dost.gov.ph/fct/library/report/3865"",""source_record_id"":""F158"",""source_name"":""DOST-FNRI PhilFCT""},""fiber_g_100g"":{""value_per_100g"":0.0,""value_for_portion"":0.0,""label"":""Verified"",""source_url"":""https://i.fnri.dost.gov.ph/fct/library/report/3865"",""source_record_id"":""F158"",""source_name"":""DOST-FNRI PhilFCT""},""sugar_g_100g"":{""value_per_100g"":0.0,""value_for_portion"":0.0,""label"":""Verified"",""source_url"":""https://i.fnri.dost.gov.ph/fct/library/report/3865"",""source_record_id"":""F158"",""source_name"":""DOST-FNRI PhilFCT""},""sodium_mg_100g"":{""value_per_100g"":47.0,""value_for_portion"":47.0,""label"":""Verified"",""source_url"":""https://i.fnri.dost.gov.ph/fct/library/report/3865"",""source_record_id"":""F158"",""source_name"":""DOST-FNRI PhilFCT""},""cholesterol_mg_100g"":{""value_per_100g"":null,""value_for_portion"":null,""label"":""Unknown"",""source_url"":null,""source_record_id"":null,""source_name"":null}}"
PH_DISH_034,EST_PH_DISH_034_V1,FC000392,"Pork liver, boiled",100,ASSUMED_REFERENCE_MIXTURE,170.0,17.8,16.9,3.5,0.0,0.0,47.0,165.0,"{""kcal_100g"":{""value_per_100g"":170.0,""value_for_portion"":170.0,""label"":""Verified"",""source_url"":""https://i.fnri.dost.gov.ph/fct/library/report/3882"",""source_record_id"":""F175"",""source_name"":""DOST-FNRI PhilFCT""},""protein_g_100g"":{""value_per_100g"":17.8,""value_for_portion"":17.8,""label"":""Verified"",""source_url"":""https://i.fnri.dost.gov.ph/fct/library/report/3882"",""source_record_id"":""F175"",""source_name"":""DOST-FNRI PhilFCT""},""carbs_g_100g"":{""value_per_100g"":16.9,""value_for_portion"":16.9,""label"":""Verified"",""source_url"":""https://i.fnri.dost.gov.ph/fct/library/report/3882"",""source_record_id"":""F175"",""source_name"":""DOST-FNRI PhilFCT""},""fat_g_100g"":{""value_per_100g"":3.5,""value_for_portion"":3.5,""label"":""Verified"",""source_url"":""https://i.fnri.dost.gov.ph/fct/library/report/3882"",""source_record_id"":""F175"",""source_name"":""DOST-FNRI PhilFCT""},""fiber_g_100g"":{""value_per_100g"":0.0,""value_for_portion"":0.0,""label"":""Verified"",""source_url"":""https://i.fnri.dost.gov.ph/fct/library/report/3882"",""source_record_id"":""F175"",""source_name"":""DOST-FNRI PhilFCT""},""sugar_g_100g"":{""value_per_100g"":0.0,""value_for_portion"":0.0,""label"":""Verified"",""source_url"":""https://i.fnri.dost.gov.ph/fct/library/report/3882"",""source_record_id"":""F175"",""source_name"":""DOST-FNRI PhilFCT""},""sodium_mg_100g"":{""value_per_100g"":47.0,""value_for_portion"":47.0,""label"":""Verified"",""source_url"":""https://i.fnri.dost.gov.ph/fct/library/report/3882"",""source_record_id"":""F175"",""source_name"":""DOST-FNRI PhilFCT""},""cholesterol_mg_100g"":{""value_per_100g"":165.0,""value_for_portion"":165.0,""label"":""Verified"",""source_url"":""https://i.fnri.dost.gov.ph/fct/library/report/3882"",""source_record_id"":""F175"",""source_name"":""DOST-FNRI PhilFCT""}}"
PH_DISH_034,EST_PH_DISH_034_V1,FC000199,"Potato, boiled",200,ASSUMED_REFERENCE_MIXTURE,63.0,1.7,13.7,0.1,1.3,0.6,4.0,0.0,"{""kcal_100g"":{""value_per_100g"":63.0,""value_for_portion"":63.0,""label"":""Verified"",""source_url"":""https://i.fnri.dost.gov.ph/fct/library/report/3175"",""source_record_id"":""B008"",""source_name"":""DOST-FNRI PhilFCT""},""protein_g_100g"":{""value_per_100g"":1.7,""value_for_portion"":1.7,""label"":""Verified"",""source_url"":""https://i.fnri.dost.gov.ph/fct/library/report/3175"",""source_record_id"":""B008"",""source_name"":""DOST-FNRI PhilFCT""},""carbs_g_100g"":{""value_per_100g"":13.7,""value_for_portion"":13.7,""label"":""Verified"",""source_url"":""https://i.fnri.dost.gov.ph/fct/library/report/3175"",""source_record_id"":""B008"",""source_name"":""DOST-FNRI PhilFCT""},""fat_g_100g"":{""value_per_100g"":0.1,""value_for_portion"":0.1,""label"":""Verified"",""source_url"":""https://i.fnri.dost.gov.ph/fct/library/report/3175"",""source_record_id"":""B008"",""source_name"":""DOST-FNRI PhilFCT""},""fiber_g_100g"":{""value_per_100g"":1.3,""value_for_portion"":1.3,""label"":""Verified"",""source_url"":""https://i.fnri.dost.gov.ph/fct/library/report/3175"",""source_record_id"":""B008"",""source_name"":""DOST-FNRI PhilFCT""},""sugar_g_100g"":{""value_per_100g"":0.6,""value_for_portion"":0.6,""label"":""Verified"",""source_url"":""https://i.fnri.dost.gov.ph/fct/library/report/3175"",""source_record_id"":""B008"",""source_name"":""DOST-FNRI PhilFCT""},""sodium_mg_100g"":{""value_per_100g"":4.0,""value_for_portion"":4.0,""label"":""Verified"",""source_url"":""https://i.fnri.dost.gov.ph/fct/library/report/3175"",""source_record_id"":""B008"",""source_name"":""DOST-FNRI PhilFCT""},""cholesterol_mg_100g"":{""value_per_100g"":0.0,""value_for_portion"":0.0,""label"":""Verified"",""source_url"":""https://i.fnri.dost.gov.ph/fct/library/report/3175"",""source_record_id"":""B008"",""source_name"":""DOST-FNRI PhilFCT""}}"
PH_DISH_034,EST_PH_DISH_034_V1,FC000324,"Carrot, boiled",150,ASSUMED_REFERENCE_MIXTURE,42.0,1.1,8.6,0.4,3.3,3.8,64.0,0.0,"{""kcal_100g"":{""value_per_100g"":42.0,""value_for_portion"":42.0,""label"":""Verified"",""source_url"":""https://i.fnri.dost.gov.ph/fct/library/report/3319"",""source_record_id"":""D040"",""source_name"":""DOST-FNRI PhilFCT""},""protein_g_100g"":{""value_per_100g"":1.1,""value_for_portion"":1.1,""label"":""Verified"",""source_url"":""https://i.fnri.dost.gov.ph/fct/library/report/3319"",""source_record_id"":""D040"",""source_name"":""DOST-FNRI PhilFCT""},""carbs_g_100g"":{""value_per_100g"":8.6,""value_for_portion"":8.6,""label"":""Verified"",""source_url"":""https://i.fnri.dost.gov.ph/fct/library/report/3319"",""source_record_id"":""D040"",""source_name"":""DOST-FNRI PhilFCT""},""fat_g_100g"":{""value_per_100g"":0.4,""value_for_portion"":0.4,""label"":""Verified"",""source_url"":""https://i.fnri.dost.gov.ph/fct/library/report/3319"",""source_record_id"":""D040"",""source_name"":""DOST-FNRI PhilFCT""},""fiber_g_100g"":{""value_per_100g"":3.3,""value_for_portion"":3.3,""label"":""Verified"",""source_url"":""https://i.fnri.dost.gov.ph/fct/library/report/3319"",""source_record_id"":""D040"",""source_name"":""DOST-FNRI PhilFCT""},""sugar_g_100g"":{""value_per_100g"":3.8,""value_for_portion"":3.8,""label"":""Verified"",""source_url"":""https://i.fnri.dost.gov.ph/fct/library/report/3319"",""source_record_id"":""D040"",""source_name"":""DOST-FNRI PhilFCT""},""sodium_mg_100g"":{""value_per_100g"":64.0,""value_for_portion"":64.0,""label"":""Verified"",""source_url"":""https://i.fnri.dost.gov.ph/fct/library/report/3319"",""source_record_id"":""D040"",""source_name"":""DOST-FNRI PhilFCT""},""cholesterol_mg_100g"":{""value_per_100g"":0.0,""value_for_portion"":0.0,""label"":""Verified"",""source_url"":""https://i.fnri.dost.gov.ph/fct/library/report/3319"",""source_record_id"":""D040"",""source_name"":""DOST-FNRI PhilFCT""}}"
PH_DISH_034,EST_PH_DISH_034_V1,FC000338,"Pepper, sweet/bell, long, green, boiled",100,ASSUMED_REFERENCE_MIXTURE,32.0,0.9,6.4,0.3,1.2,3.1,2.0,0.0,"{""kcal_100g"":{""value_per_100g"":32.0,""value_for_portion"":32.0,""label"":""Verified"",""source_url"":""https://i.fnri.dost.gov.ph/fct/library/report/3447"",""source_record_id"":""D168"",""source_name"":""DOST-FNRI PhilFCT""},""protein_g_100g"":{""value_per_100g"":0.9,""value_for_portion"":0.9,""label"":""Verified"",""source_url"":""https://i.fnri.dost.gov.ph/fct/library/report/3447"",""source_record_id"":""D168"",""source_name"":""DOST-FNRI PhilFCT""},""carbs_g_100g"":{""value_per_100g"":6.4,""value_for_portion"":6.4,""label"":""Verified"",""source_url"":""https://i.fnri.dost.gov.ph/fct/library/report/3447"",""source_record_id"":""D168"",""source_name"":""DOST-FNRI PhilFCT""},""fat_g_100g"":{""value_per_100g"":0.3,""value_for_portion"":0.3,""label"":""Verified"",""source_url"":""https://i.fnri.dost.gov.ph/fct/library/report/3447"",""source_record_id"":""D168"",""source_name"":""DOST-FNRI PhilFCT""},""fiber_g_100g"":{""value_per_100g"":1.2,""value_for_portion"":1.2,""label"":""Verified"",""source_url"":""https://i.fnri.dost.gov.ph/fct/library/report/3447"",""source_record_id"":""D168"",""source_name"":""DOST-FNRI PhilFCT""},""sugar_g_100g"":{""value_per_100g"":3.1,""value_for_portion"":3.1,""label"":""Verified"",""source_url"":""https://i.fnri.dost.gov.ph/fct/library/report/3447"",""source_record_id"":""D168"",""source_name"":""DOST-FNRI PhilFCT""},""sodium_mg_100g"":{""value_per_100g"":2.0,""value_for_portion"":2.0,""label"":""Verified"",""source_url"":""https://i.fnri.dost.gov.ph/fct/library/report/3447"",""source_record_id"":""D168"",""source_name"":""DOST-FNRI PhilFCT""},""cholesterol_mg_100g"":{""value_per_100g"":0.0,""value_for_portion"":0.0,""label"":""Verified"",""source_url"":""https://i.fnri.dost.gov.ph/fct/library/report/3447"",""source_record_id"":""D168"",""source_name"":""DOST-FNRI PhilFCT""}}"
PH_DISH_034,EST_PH_DISH_034_V1,FC000617,Tomato sauce,200,ASSUMED_REFERENCE_MIXTURE,45.0,0.9,10.0,0.2,2.1,4.9,658.0,0.0,"{""kcal_100g"":{""value_per_100g"":45.0,""value_for_portion"":45.0,""label"":""Verified"",""source_url"":""https://i.fnri.dost.gov.ph/fct/library/report/4348"",""source_record_id"":""N025"",""source_name"":""DOST-FNRI PhilFCT""},""protein_g_100g"":{""value_per_100g"":0.9,""value_for_portion"":0.9,""label"":""Verified"",""source_url"":""https://i.fnri.dost.gov.ph/fct/library/report/4348"",""source_record_id"":""N025"",""source_name"":""DOST-FNRI PhilFCT""},""carbs_g_100g"":{""value_per_100g"":10.0,""value_for_portion"":10.0,""label"":""Verified"",""source_url"":""https://i.fnri.dost.gov.ph/fct/library/report/4348"",""source_record_id"":""N025"",""source_name"":""DOST-FNRI PhilFCT""},""fat_g_100g"":{""value_per_100g"":0.2,""value_for_portion"":0.2,""label"":""Verified"",""source_url"":""https://i.fnri.dost.gov.ph/fct/library/report/4348"",""source_record_id"":""N025"",""source_name"":""DOST-FNRI PhilFCT""},""fiber_g_100g"":{""value_per_100g"":2.1,""value_for_portion"":2.1,""label"":""Verified"",""source_url"":""https://i.fnri.dost.gov.ph/fct/library/report/4348"",""source_record_id"":""N025"",""source_name"":""DOST-FNRI PhilFCT""},""sugar_g_100g"":{""value_per_100g"":4.9,""value_for_portion"":4.9,""label"":""Verified"",""source_url"":""https://i.fnri.dost.gov.ph/fct/library/report/4348"",""source_record_id"":""N025"",""source_name"":""DOST-FNRI PhilFCT""},""sodium_mg_100g"":{""value_per_100g"":658.0,""value_for_portion"":658.0,""label"":""Verified"",""source_url"":""https://i.fnri.dost.gov.ph/fct/library/report/4348"",""source_record_id"":""N025"",""source_name"":""DOST-FNRI PhilFCT""},""cholesterol_mg_100g"":{""value_per_100g"":0.0,""value_for_portion"":0.0,""label"":""Verified"",""source_url"":""https://i.fnri.dost.gov.ph/fct/library/report/4348"",""source_record_id"":""N025"",""source_name"":""DOST-FNRI PhilFCT""}}"
PH_DISH_034,EST_PH_DISH_034_V1,FC000333,"Onion, Bombay bulb, boiled",60,ASSUMED_REFERENCE_MIXTURE,47.0,1.2,9.7,0.4,1.3,4.6,3.0,0.0,"{""kcal_100g"":{""value_per_100g"":47.0,""value_for_portion"":47.0,""label"":""Verified"",""source_url"":""https://i.fnri.dost.gov.ph/fct/library/report/3421"",""source_record_id"":""D142"",""source_name"":""DOST-FNRI PhilFCT""},""protein_g_100g"":{""value_per_100g"":1.2,""value_for_portion"":1.2,""label"":""Verified"",""source_url"":""https://i.fnri.dost.gov.ph/fct/library/report/3421"",""source_record_id"":""D142"",""source_name"":""DOST-FNRI PhilFCT""},""carbs_g_100g"":{""value_per_100g"":9.7,""value_for_portion"":9.7,""label"":""Verified"",""source_url"":""https://i.fnri.dost.gov.ph/fct/library/report/3421"",""source_record_id"":""D142"",""source_name"":""DOST-FNRI PhilFCT""},""fat_g_100g"":{""value_per_100g"":0.4,""value_for_portion"":0.4,""label"":""Verified"",""source_url"":""https://i.fnri.dost.gov.ph/fct/library/report/3421"",""source_record_id"":""D142"",""source_name"":""DOST-FNRI PhilFCT""},""fiber_g_100g"":{""value_per_100g"":1.3,""value_for_portion"":1.3,""label"":""Verified"",""source_url"":""https://i.fnri.dost.gov.ph/fct/library/report/3421"",""source_record_id"":""D142"",""source_name"":""DOST-FNRI PhilFCT""},""sugar_g_100g"":{""value_per_100g"":4.6,""value_for_portion"":4.6,""label"":""Verified"",""source_url"":""https://i.fnri.dost.gov.ph/fct/library/report/3421"",""source_record_id"":""D142"",""source_name"":""DOST-FNRI PhilFCT""},""sodium_mg_100g"":{""value_per_100g"":3.0,""value_for_portion"":3.0,""label"":""Verified"",""source_url"":""https://i.fnri.dost.gov.ph/fct/library/report/3421"",""source_record_id"":""D142"",""source_name"":""DOST-FNRI PhilFCT""},""cholesterol_mg_100g"":{""value_per_100g"":0.0,""value_for_portion"":0.0,""label"":""Verified"",""source_url"":""https://i.fnri.dost.gov.ph/fct/library/report/3421"",""source_record_id"":""D142"",""source_name"":""DOST-FNRI PhilFCT""}}"
PH_DISH_034,EST_PH_DISH_034_V1,FC000070,Garlic bulb,15,ASSUMED_REFERENCE_MIXTURE,129.0,7.0,24.6,0.3,1.7,0.8,10.0,0.0,"{""kcal_100g"":{""value_per_100g"":129.0,""value_for_portion"":129.0,""label"":""Verified"",""source_url"":""https://i.fnri.dost.gov.ph/fct/library/report/3363"",""source_record_id"":""D084"",""source_name"":""DOST-FNRI PhilFCT""},""protein_g_100g"":{""value_per_100g"":7.0,""value_for_portion"":7.0,""label"":""Verified"",""source_url"":""https://i.fnri.dost.gov.ph/fct/library/report/3363"",""source_record_id"":""D084"",""source_name"":""DOST-FNRI PhilFCT""},""carbs_g_100g"":{""value_per_100g"":24.6,""value_for_portion"":24.6,""label"":""Verified"",""source_url"":""https://i.fnri.dost.gov.ph/fct/library/report/3363"",""source_record_id"":""D084"",""source_name"":""DOST-FNRI PhilFCT""},""fat_g_100g"":{""value_per_100g"":0.3,""value_for_portion"":0.3,""label"":""Verified"",""source_url"":""https://i.fnri.dost.gov.ph/fct/library/report/3363"",""source_record_id"":""D084"",""source_name"":""DOST-FNRI PhilFCT""},""fiber_g_100g"":{""value_per_100g"":1.7,""value_for_portion"":1.7,""label"":""Verified"",""source_url"":""https://i.fnri.dost.gov.ph/fct/library/report/3363"",""source_record_id"":""D084"",""source_name"":""DOST-FNRI PhilFCT""},""sugar_g_100g"":{""value_per_100g"":0.8,""value_for_portion"":0.8,""label"":""Verified"",""source_url"":""https://i.fnri.dost.gov.ph/fct/library/report/3363"",""source_record_id"":""D084"",""source_name"":""DOST-FNRI PhilFCT""},""sodium_mg_100g"":{""value_per_100g"":10.0,""value_for_portion"":10.0,""label"":""Verified"",""source_url"":""https://i.fnri.dost.gov.ph/fct/library/report/3363"",""source_record_id"":""D084"",""source_name"":""DOST-FNRI PhilFCT""},""cholesterol_mg_100g"":{""value_per_100g"":0.0,""value_for_portion"":0.0,""label"":""Verified"",""source_url"":""https://i.fnri.dost.gov.ph/fct/library/report/3363"",""source_record_id"":""D084"",""source_name"":""DOST-FNRI PhilFCT""}}"
PH_DISH_034,EST_PH_DISH_034_V1,FC000098,Coconut oil,20,ASSUMED_REFERENCE_MIXTURE,892.0,0.0,0.0,99.1,0.0,0.0,0.0,0.0,"{""kcal_100g"":{""value_per_100g"":892.0,""value_for_portion"":892.0,""label"":""Verified"",""source_url"":""https://i.fnri.dost.gov.ph/fct/library/report/4268"",""source_record_id"":""K008"",""source_name"":""DOST-FNRI PhilFCT""},""protein_g_100g"":{""value_per_100g"":0.0,""value_for_portion"":0.0,""label"":""Verified"",""source_url"":""https://i.fnri.dost.gov.ph/fct/library/report/4268"",""source_record_id"":""K008"",""source_name"":""DOST-FNRI PhilFCT""},""carbs_g_100g"":{""value_per_100g"":0.0,""value_for_portion"":0.0,""label"":""Verified"",""source_url"":""https://i.fnri.dost.gov.ph/fct/library/report/4268"",""source_record_id"":""K008"",""source_name"":""DOST-FNRI PhilFCT""},""fat_g_100g"":{""value_per_100g"":99.1,""value_for_portion"":99.1,""label"":""Verified"",""source_url"":""https://i.fnri.dost.gov.ph/fct/library/report/4268"",""source_record_id"":""K008"",""source_name"":""DOST-FNRI PhilFCT""},""fiber_g_100g"":{""value_per_100g"":0.0,""value_for_portion"":0.0,""label"":""Verified"",""source_url"":""https://i.fnri.dost.gov.ph/fct/library/report/4268"",""source_record_id"":""K008"",""source_name"":""DOST-FNRI PhilFCT""},""sugar_g_100g"":{""value_per_100g"":0.0,""value_for_portion"":0.0,""label"":""Verified"",""source_url"":""https://i.fnri.dost.gov.ph/fct/library/report/4268"",""source_record_id"":""K008"",""source_name"":""DOST-FNRI PhilFCT""},""sodium_mg_100g"":{""value_per_100g"":0.0,""value_for_portion"":0.0,""label"":""Verified"",""source_url"":""https://i.fnri.dost.gov.ph/fct/library/report/4268"",""source_record_id"":""K008"",""source_name"":""DOST-FNRI PhilFCT""},""cholesterol_mg_100g"":{""value_per_100g"":0.0,""value_for_portion"":0.0,""label"":""Verified"",""source_url"":""https://i.fnri.dost.gov.ph/fct/library/report/4268"",""source_record_id"":""K008"",""source_name"":""DOST-FNRI PhilFCT""}}"
PH_DISH_034,EST_PH_DISH_034_V1,FC000099,Soy sauce,25,ASSUMED_REFERENCE_MIXTURE,75.0,3.5,15.0,0.1,1.0,0.5,2041.0,0.0,"{""kcal_100g"":{""value_per_100g"":75.0,""value_for_portion"":75.0,""label"":""Verified"",""source_url"":""https://i.fnri.dost.gov.ph/fct/library/report/4346"",""source_record_id"":""N023"",""source_name"":""DOST-FNRI PhilFCT""},""protein_g_100g"":{""value_per_100g"":3.5,""value_for_portion"":3.5,""label"":""Verified"",""source_url"":""https://i.fnri.dost.gov.ph/fct/library/report/4346"",""source_record_id"":""N023"",""source_name"":""DOST-FNRI PhilFCT""},""carbs_g_100g"":{""value_per_100g"":15.0,""value_for_portion"":15.0,""label"":""Verified"",""source_url"":""https://i.fnri.dost.gov.ph/fct/library/report/4346"",""source_record_id"":""N023"",""source_name"":""DOST-FNRI PhilFCT""},""fat_g_100g"":{""value_per_100g"":0.1,""value_for_portion"":0.1,""label"":""Verified"",""source_url"":""https://i.fnri.dost.gov.ph/fct/library/report/4346"",""source_record_id"":""N023"",""source_name"":""DOST-FNRI PhilFCT""},""fiber_g_100g"":{""value_per_100g"":1.0,""value_for_portion"":1.0,""label"":""Verified"",""source_url"":""https://i.fnri.dost.gov.ph/fct/library/report/4346"",""source_record_id"":""N023"",""source_name"":""DOST-FNRI PhilFCT""},""sugar_g_100g"":{""value_per_100g"":0.5,""value_for_portion"":0.5,""label"":""Verified"",""source_url"":""https://i.fnri.dost.gov.ph/fct/library/report/4346"",""source_record_id"":""N023"",""source_name"":""DOST-FNRI PhilFCT""},""sodium_mg_100g"":{""value_per_100g"":2041.0,""value_for_portion"":2041.0,""label"":""Verified"",""source_url"":""https://i.fnri.dost.gov.ph/fct/library/report/4346"",""source_record_id"":""N023"",""source_name"":""DOST-FNRI PhilFCT""},""cholesterol_mg_100g"":{""value_per_100g"":0.0,""value_for_portion"":0.0,""label"":""Verified"",""source_url"":""https://i.fnri.dost.gov.ph/fct/library/report/4346"",""source_record_id"":""N023"",""source_name"":""DOST-FNRI PhilFCT""}}"
PH_DISH_034,EST_PH_DISH_034_V1,FC001237,"Beverages, water, tap, drinking",150,ASSUMED_REFERENCE_MIXTURE,0.0,0.0,0.0,0.0,0.0,0.0,4.0,0.0,"{""kcal_100g"":{""value_per_100g"":0.0,""value_for_portion"":0.0,""label"":""Other source"",""source_url"":""https://fdc.nal.usda.gov/food-details/173647/nutrients"",""source_record_id"":""USDA_FC001237_173647"",""source_name"":""USDA FoodData Central SR Legacy""},""protein_g_100g"":{""value_per_100g"":0.0,""value_for_portion"":0.0,""label"":""Other source"",""source_url"":""https://fdc.nal.usda.gov/food-details/173647/nutrients"",""source_record_id"":""USDA_FC001237_173647"",""source_name"":""USDA FoodData Central SR Legacy""},""carbs_g_100g"":{""value_per_100g"":0.0,""value_for_portion"":0.0,""label"":""Other source"",""source_url"":""https://fdc.nal.usda.gov/food-details/173647/nutrients"",""source_record_id"":""USDA_FC001237_173647"",""source_name"":""USDA FoodData Central SR Legacy""},""fat_g_100g"":{""value_per_100g"":0.0,""value_for_portion"":0.0,""label"":""Other source"",""source_url"":""https://fdc.nal.usda.gov/food-details/173647/nutrients"",""source_record_id"":""USDA_FC001237_173647"",""source_name"":""USDA FoodData Central SR Legacy""},""fiber_g_100g"":{""value_per_100g"":0.0,""value_for_portion"":0.0,""label"":""Other source"",""source_url"":""https://fdc.nal.usda.gov/food-details/173647/nutrients"",""source_record_id"":""USDA_FC001237_173647"",""source_name"":""USDA FoodData Central SR Legacy""},""sugar_g_100g"":{""value_per_100g"":0.0,""value_for_portion"":0.0,""label"":""Other source"",""source_url"":""https://fdc.nal.usda.gov/food-details/173647/nutrients"",""source_record_id"":""USDA_FC001237_173647"",""source_name"":""USDA FoodData Central SR Legacy""},""sodium_mg_100g"":{""value_per_100g"":4.0,""value_for_portion"":4.0,""label"":""Other source"",""source_url"":""https://fdc.nal.usda.gov/food-details/173647/nutrients"",""source_record_id"":""USDA_FC001237_173647"",""source_name"":""USDA FoodData Central SR Legacy""},""cholesterol_mg_100g"":{""value_per_100g"":0.0,""value_for_portion"":0.0,""label"":""Other source"",""source_url"":""https://fdc.nal.usda.gov/food-details/173647/nutrients"",""source_record_id"":""USDA_FC001237_173647"",""source_name"":""USDA FoodData Central SR Legacy""}}"
PH_DISH_035,EST_PH_DISH_035_V1,FC000382,"Chicken, white meat, boiled",400,ASSUMED_REFERENCE_MIXTURE,173.0,32.9,0.0,4.6,0.0,0.0,81.0,,"{""kcal_100g"":{""value_per_100g"":173.0,""value_for_portion"":173.0,""label"":""Verified"",""source_url"":""https://i.fnri.dost.gov.ph/fct/library/report/3818"",""source_record_id"":""F111"",""source_name"":""DOST-FNRI PhilFCT""},""protein_g_100g"":{""value_per_100g"":32.9,""value_for_portion"":32.9,""label"":""Verified"",""source_url"":""https://i.fnri.dost.gov.ph/fct/library/report/3818"",""source_record_id"":""F111"",""source_name"":""DOST-FNRI PhilFCT""},""carbs_g_100g"":{""value_per_100g"":0.0,""value_for_portion"":0.0,""label"":""Verified"",""source_url"":""https://i.fnri.dost.gov.ph/fct/library/report/3818"",""source_record_id"":""F111"",""source_name"":""DOST-FNRI PhilFCT""},""fat_g_100g"":{""value_per_100g"":4.6,""value_for_portion"":4.6,""label"":""Verified"",""source_url"":""https://i.fnri.dost.gov.ph/fct/library/report/3818"",""source_record_id"":""F111"",""source_name"":""DOST-FNRI PhilFCT""},""fiber_g_100g"":{""value_per_100g"":0.0,""value_for_portion"":0.0,""label"":""Verified"",""source_url"":""https://i.fnri.dost.gov.ph/fct/library/report/3818"",""source_record_id"":""F111"",""source_name"":""DOST-FNRI PhilFCT""},""sugar_g_100g"":{""value_per_100g"":0.0,""value_for_portion"":0.0,""label"":""Verified"",""source_url"":""https://i.fnri.dost.gov.ph/fct/library/report/3818"",""source_record_id"":""F111"",""source_name"":""DOST-FNRI PhilFCT""},""sodium_mg_100g"":{""value_per_100g"":81.0,""value_for_portion"":81.0,""label"":""Verified"",""source_url"":""https://i.fnri.dost.gov.ph/fct/library/report/3818"",""source_record_id"":""F111"",""source_name"":""DOST-FNRI PhilFCT""},""cholesterol_mg_100g"":{""value_per_100g"":null,""value_for_portion"":null,""label"":""Unknown"",""source_url"":null,""source_record_id"":null,""source_name"":null}}"
PH_DISH_035,EST_PH_DISH_035_V1,FC000199,"Potato, boiled",200,ASSUMED_REFERENCE_MIXTURE,63.0,1.7,13.7,0.1,1.3,0.6,4.0,0.0,"{""kcal_100g"":{""value_per_100g"":63.0,""value_for_portion"":63.0,""label"":""Verified"",""source_url"":""https://i.fnri.dost.gov.ph/fct/library/report/3175"",""source_record_id"":""B008"",""source_name"":""DOST-FNRI PhilFCT""},""protein_g_100g"":{""value_per_100g"":1.7,""value_for_portion"":1.7,""label"":""Verified"",""source_url"":""https://i.fnri.dost.gov.ph/fct/library/report/3175"",""source_record_id"":""B008"",""source_name"":""DOST-FNRI PhilFCT""},""carbs_g_100g"":{""value_per_100g"":13.7,""value_for_portion"":13.7,""label"":""Verified"",""source_url"":""https://i.fnri.dost.gov.ph/fct/library/report/3175"",""source_record_id"":""B008"",""source_name"":""DOST-FNRI PhilFCT""},""fat_g_100g"":{""value_per_100g"":0.1,""value_for_portion"":0.1,""label"":""Verified"",""source_url"":""https://i.fnri.dost.gov.ph/fct/library/report/3175"",""source_record_id"":""B008"",""source_name"":""DOST-FNRI PhilFCT""},""fiber_g_100g"":{""value_per_100g"":1.3,""value_for_portion"":1.3,""label"":""Verified"",""source_url"":""https://i.fnri.dost.gov.ph/fct/library/report/3175"",""source_record_id"":""B008"",""source_name"":""DOST-FNRI PhilFCT""},""sugar_g_100g"":{""value_per_100g"":0.6,""value_for_portion"":0.6,""label"":""Verified"",""source_url"":""https://i.fnri.dost.gov.ph/fct/library/report/3175"",""source_record_id"":""B008"",""source_name"":""DOST-FNRI PhilFCT""},""sodium_mg_100g"":{""value_per_100g"":4.0,""value_for_portion"":4.0,""label"":""Verified"",""source_url"":""https://i.fnri.dost.gov.ph/fct/library/report/3175"",""source_record_id"":""B008"",""source_name"":""DOST-FNRI PhilFCT""},""cholesterol_mg_100g"":{""value_per_100g"":0.0,""value_for_portion"":0.0,""label"":""Verified"",""source_url"":""https://i.fnri.dost.gov.ph/fct/library/report/3175"",""source_record_id"":""B008"",""source_name"":""DOST-FNRI PhilFCT""}}"
PH_DISH_035,EST_PH_DISH_035_V1,FC000324,"Carrot, boiled",150,ASSUMED_REFERENCE_MIXTURE,42.0,1.1,8.6,0.4,3.3,3.8,64.0,0.0,"{""kcal_100g"":{""value_per_100g"":42.0,""value_for_portion"":42.0,""label"":""Verified"",""source_url"":""https://i.fnri.dost.gov.ph/fct/library/report/3319"",""source_record_id"":""D040"",""source_name"":""DOST-FNRI PhilFCT""},""protein_g_100g"":{""value_per_100g"":1.1,""value_for_portion"":1.1,""label"":""Verified"",""source_url"":""https://i.fnri.dost.gov.ph/fct/library/report/3319"",""source_record_id"":""D040"",""source_name"":""DOST-FNRI PhilFCT""},""carbs_g_100g"":{""value_per_100g"":8.6,""value_for_portion"":8.6,""label"":""Verified"",""source_url"":""https://i.fnri.dost.gov.ph/fct/library/report/3319"",""source_record_id"":""D040"",""source_name"":""DOST-FNRI PhilFCT""},""fat_g_100g"":{""value_per_100g"":0.4,""value_for_portion"":0.4,""label"":""Verified"",""source_url"":""https://i.fnri.dost.gov.ph/fct/library/report/3319"",""source_record_id"":""D040"",""source_name"":""DOST-FNRI PhilFCT""},""fiber_g_100g"":{""value_per_100g"":3.3,""value_for_portion"":3.3,""label"":""Verified"",""source_url"":""https://i.fnri.dost.gov.ph/fct/library/report/3319"",""source_record_id"":""D040"",""source_name"":""DOST-FNRI PhilFCT""},""sugar_g_100g"":{""value_per_100g"":3.8,""value_for_portion"":3.8,""label"":""Verified"",""source_url"":""https://i.fnri.dost.gov.ph/fct/library/report/3319"",""source_record_id"":""D040"",""source_name"":""DOST-FNRI PhilFCT""},""sodium_mg_100g"":{""value_per_100g"":64.0,""value_for_portion"":64.0,""label"":""Verified"",""source_url"":""https://i.fnri.dost.gov.ph/fct/library/report/3319"",""source_record_id"":""D040"",""source_name"":""DOST-FNRI PhilFCT""},""cholesterol_mg_100g"":{""value_per_100g"":0.0,""value_for_portion"":0.0,""label"":""Verified"",""source_url"":""https://i.fnri.dost.gov.ph/fct/library/report/3319"",""source_record_id"":""D040"",""source_name"":""DOST-FNRI PhilFCT""}}"
PH_DISH_035,EST_PH_DISH_035_V1,FC000338,"Pepper, sweet/bell, long, green, boiled",100,ASSUMED_REFERENCE_MIXTURE,32.0,0.9,6.4,0.3,1.2,3.1,2.0,0.0,"{""kcal_100g"":{""value_per_100g"":32.0,""value_for_portion"":32.0,""label"":""Verified"",""source_url"":""https://i.fnri.dost.gov.ph/fct/library/report/3447"",""source_record_id"":""D168"",""source_name"":""DOST-FNRI PhilFCT""},""protein_g_100g"":{""value_per_100g"":0.9,""value_for_portion"":0.9,""label"":""Verified"",""source_url"":""https://i.fnri.dost.gov.ph/fct/library/report/3447"",""source_record_id"":""D168"",""source_name"":""DOST-FNRI PhilFCT""},""carbs_g_100g"":{""value_per_100g"":6.4,""value_for_portion"":6.4,""label"":""Verified"",""source_url"":""https://i.fnri.dost.gov.ph/fct/library/report/3447"",""source_record_id"":""D168"",""source_name"":""DOST-FNRI PhilFCT""},""fat_g_100g"":{""value_per_100g"":0.3,""value_for_portion"":0.3,""label"":""Verified"",""source_url"":""https://i.fnri.dost.gov.ph/fct/library/report/3447"",""source_record_id"":""D168"",""source_name"":""DOST-FNRI PhilFCT""},""fiber_g_100g"":{""value_per_100g"":1.2,""value_for_portion"":1.2,""label"":""Verified"",""source_url"":""https://i.fnri.dost.gov.ph/fct/library/report/3447"",""source_record_id"":""D168"",""source_name"":""DOST-FNRI PhilFCT""},""sugar_g_100g"":{""value_per_100g"":3.1,""value_for_portion"":3.1,""label"":""Verified"",""source_url"":""https://i.fnri.dost.gov.ph/fct/library/report/3447"",""source_record_id"":""D168"",""source_name"":""DOST-FNRI PhilFCT""},""sodium_mg_100g"":{""value_per_100g"":2.0,""value_for_portion"":2.0,""label"":""Verified"",""source_url"":""https://i.fnri.dost.gov.ph/fct/library/report/3447"",""source_record_id"":""D168"",""source_name"":""DOST-FNRI PhilFCT""},""cholesterol_mg_100g"":{""value_per_100g"":0.0,""value_for_portion"":0.0,""label"":""Verified"",""source_url"":""https://i.fnri.dost.gov.ph/fct/library/report/3447"",""source_record_id"":""D168"",""source_name"":""DOST-FNRI PhilFCT""}}"
PH_DISH_035,EST_PH_DISH_035_V1,FC000617,Tomato sauce,250,ASSUMED_REFERENCE_MIXTURE,45.0,0.9,10.0,0.2,2.1,4.9,658.0,0.0,"{""kcal_100g"":{""value_per_100g"":45.0,""value_for_portion"":45.0,""label"":""Verified"",""source_url"":""https://i.fnri.dost.gov.ph/fct/library/report/4348"",""source_record_id"":""N025"",""source_name"":""DOST-FNRI PhilFCT""},""protein_g_100g"":{""value_per_100g"":0.9,""value_for_portion"":0.9,""label"":""Verified"",""source_url"":""https://i.fnri.dost.gov.ph/fct/library/report/4348"",""source_record_id"":""N025"",""source_name"":""DOST-FNRI PhilFCT""},""carbs_g_100g"":{""value_per_100g"":10.0,""value_for_portion"":10.0,""label"":""Verified"",""source_url"":""https://i.fnri.dost.gov.ph/fct/library/report/4348"",""source_record_id"":""N025"",""source_name"":""DOST-FNRI PhilFCT""},""fat_g_100g"":{""value_per_100g"":0.2,""value_for_portion"":0.2,""label"":""Verified"",""source_url"":""https://i.fnri.dost.gov.ph/fct/library/report/4348"",""source_record_id"":""N025"",""source_name"":""DOST-FNRI PhilFCT""},""fiber_g_100g"":{""value_per_100g"":2.1,""value_for_portion"":2.1,""label"":""Verified"",""source_url"":""https://i.fnri.dost.gov.ph/fct/library/report/4348"",""source_record_id"":""N025"",""source_name"":""DOST-FNRI PhilFCT""},""sugar_g_100g"":{""value_per_100g"":4.9,""value_for_portion"":4.9,""label"":""Verified"",""source_url"":""https://i.fnri.dost.gov.ph/fct/library/report/4348"",""source_record_id"":""N025"",""source_name"":""DOST-FNRI PhilFCT""},""sodium_mg_100g"":{""value_per_100g"":658.0,""value_for_portion"":658.0,""label"":""Verified"",""source_url"":""https://i.fnri.dost.gov.ph/fct/library/report/4348"",""source_record_id"":""N025"",""source_name"":""DOST-FNRI PhilFCT""},""cholesterol_mg_100g"":{""value_per_100g"":0.0,""value_for_portion"":0.0,""label"":""Verified"",""source_url"":""https://i.fnri.dost.gov.ph/fct/library/report/4348"",""source_record_id"":""N025"",""source_name"":""DOST-FNRI PhilFCT""}}"
PH_DISH_035,EST_PH_DISH_035_V1,FC000333,"Onion, Bombay bulb, boiled",60,ASSUMED_REFERENCE_MIXTURE,47.0,1.2,9.7,0.4,1.3,4.6,3.0,0.0,"{""kcal_100g"":{""value_per_100g"":47.0,""value_for_portion"":47.0,""label"":""Verified"",""source_url"":""https://i.fnri.dost.gov.ph/fct/library/report/3421"",""source_record_id"":""D142"",""source_name"":""DOST-FNRI PhilFCT""},""protein_g_100g"":{""value_per_100g"":1.2,""value_for_portion"":1.2,""label"":""Verified"",""source_url"":""https://i.fnri.dost.gov.ph/fct/library/report/3421"",""source_record_id"":""D142"",""source_name"":""DOST-FNRI PhilFCT""},""carbs_g_100g"":{""value_per_100g"":9.7,""value_for_portion"":9.7,""label"":""Verified"",""source_url"":""https://i.fnri.dost.gov.ph/fct/library/report/3421"",""source_record_id"":""D142"",""source_name"":""DOST-FNRI PhilFCT""},""fat_g_100g"":{""value_per_100g"":0.4,""value_for_portion"":0.4,""label"":""Verified"",""source_url"":""https://i.fnri.dost.gov.ph/fct/library/report/3421"",""source_record_id"":""D142"",""source_name"":""DOST-FNRI PhilFCT""},""fiber_g_100g"":{""value_per_100g"":1.3,""value_for_portion"":1.3,""label"":""Verified"",""source_url"":""https://i.fnri.dost.gov.ph/fct/library/report/3421"",""source_record_id"":""D142"",""source_name"":""DOST-FNRI PhilFCT""},""sugar_g_100g"":{""value_per_100g"":4.6,""value_for_portion"":4.6,""label"":""Verified"",""source_url"":""https://i.fnri.dost.gov.ph/fct/library/report/3421"",""source_record_id"":""D142"",""source_name"":""DOST-FNRI PhilFCT""},""sodium_mg_100g"":{""value_per_100g"":3.0,""value_for_portion"":3.0,""label"":""Verified"",""source_url"":""https://i.fnri.dost.gov.ph/fct/library/report/3421"",""source_record_id"":""D142"",""source_name"":""DOST-FNRI PhilFCT""},""cholesterol_mg_100g"":{""value_per_100g"":0.0,""value_for_portion"":0.0,""label"":""Verified"",""source_url"":""https://i.fnri.dost.gov.ph/fct/library/report/3421"",""source_record_id"":""D142"",""source_name"":""DOST-FNRI PhilFCT""}}"
PH_DISH_035,EST_PH_DISH_035_V1,FC000070,Garlic bulb,15,ASSUMED_REFERENCE_MIXTURE,129.0,7.0,24.6,0.3,1.7,0.8,10.0,0.0,"{""kcal_100g"":{""value_per_100g"":129.0,""value_for_portion"":129.0,""label"":""Verified"",""source_url"":""https://i.fnri.dost.gov.ph/fct/library/report/3363"",""source_record_id"":""D084"",""source_name"":""DOST-FNRI PhilFCT""},""protein_g_100g"":{""value_per_100g"":7.0,""value_for_portion"":7.0,""label"":""Verified"",""source_url"":""https://i.fnri.dost.gov.ph/fct/library/report/3363"",""source_record_id"":""D084"",""source_name"":""DOST-FNRI PhilFCT""},""carbs_g_100g"":{""value_per_100g"":24.6,""value_for_portion"":24.6,""label"":""Verified"",""source_url"":""https://i.fnri.dost.gov.ph/fct/library/report/3363"",""source_record_id"":""D084"",""source_name"":""DOST-FNRI PhilFCT""},""fat_g_100g"":{""value_per_100g"":0.3,""value_for_portion"":0.3,""label"":""Verified"",""source_url"":""https://i.fnri.dost.gov.ph/fct/library/report/3363"",""source_record_id"":""D084"",""source_name"":""DOST-FNRI PhilFCT""},""fiber_g_100g"":{""value_per_100g"":1.7,""value_for_portion"":1.7,""label"":""Verified"",""source_url"":""https://i.fnri.dost.gov.ph/fct/library/report/3363"",""source_record_id"":""D084"",""source_name"":""DOST-FNRI PhilFCT""},""sugar_g_100g"":{""value_per_100g"":0.8,""value_for_portion"":0.8,""label"":""Verified"",""source_url"":""https://i.fnri.dost.gov.ph/fct/library/report/3363"",""source_record_id"":""D084"",""source_name"":""DOST-FNRI PhilFCT""},""sodium_mg_100g"":{""value_per_100g"":10.0,""value_for_portion"":10.0,""label"":""Verified"",""source_url"":""https://i.fnri.dost.gov.ph/fct/library/report/3363"",""source_record_id"":""D084"",""source_name"":""DOST-FNRI PhilFCT""},""cholesterol_mg_100g"":{""value_per_100g"":0.0,""value_for_portion"":0.0,""label"":""Verified"",""source_url"":""https://i.fnri.dost.gov.ph/fct/library/report/3363"",""source_record_id"":""D084"",""source_name"":""DOST-FNRI PhilFCT""}}"
PH_DISH_035,EST_PH_DISH_035_V1,FC000098,Coconut oil,20,ASSUMED_REFERENCE_MIXTURE,892.0,0.0,0.0,99.1,0.0,0.0,0.0,0.0,"{""kcal_100g"":{""value_per_100g"":892.0,""value_for_portion"":892.0,""label"":""Verified"",""source_url"":""https://i.fnri.dost.gov.ph/fct/library/report/4268"",""source_record_id"":""K008"",""source_name"":""DOST-FNRI PhilFCT""},""protein_g_100g"":{""value_per_100g"":0.0,""value_for_portion"":0.0,""label"":""Verified"",""source_url"":""https://i.fnri.dost.gov.ph/fct/library/report/4268"",""source_record_id"":""K008"",""source_name"":""DOST-FNRI PhilFCT""},""carbs_g_100g"":{""value_per_100g"":0.0,""value_for_portion"":0.0,""label"":""Verified"",""source_url"":""https://i.fnri.dost.gov.ph/fct/library/report/4268"",""source_record_id"":""K008"",""source_name"":""DOST-FNRI PhilFCT""},""fat_g_100g"":{""value_per_100g"":99.1,""value_for_portion"":99.1,""label"":""Verified"",""source_url"":""https://i.fnri.dost.gov.ph/fct/library/report/4268"",""source_record_id"":""K008"",""source_name"":""DOST-FNRI PhilFCT""},""fiber_g_100g"":{""value_per_100g"":0.0,""value_for_portion"":0.0,""label"":""Verified"",""source_url"":""https://i.fnri.dost.gov.ph/fct/library/report/4268"",""source_record_id"":""K008"",""source_name"":""DOST-FNRI PhilFCT""},""sugar_g_100g"":{""value_per_100g"":0.0,""value_for_portion"":0.0,""label"":""Verified"",""source_url"":""https://i.fnri.dost.gov.ph/fct/library/report/4268"",""source_record_id"":""K008"",""source_name"":""DOST-FNRI PhilFCT""},""sodium_mg_100g"":{""value_per_100g"":0.0,""value_for_portion"":0.0,""label"":""Verified"",""source_url"":""https://i.fnri.dost.gov.ph/fct/library/report/4268"",""source_record_id"":""K008"",""source_name"":""DOST-FNRI PhilFCT""},""cholesterol_mg_100g"":{""value_per_100g"":0.0,""value_for_portion"":0.0,""label"":""Verified"",""source_url"":""https://i.fnri.dost.gov.ph/fct/library/report/4268"",""source_record_id"":""K008"",""source_name"":""DOST-FNRI PhilFCT""}}"
PH_DISH_035,EST_PH_DISH_035_V1,FC000100,Fish sauce,20,ASSUMED_REFERENCE_MIXTURE,49.0,10.6,0.9,0.3,0.0,,5061.0,0.0,"{""kcal_100g"":{""value_per_100g"":49.0,""value_for_portion"":49.0,""label"":""Verified"",""source_url"":""https://i.fnri.dost.gov.ph/fct/library/report/4334"",""source_record_id"":""N011"",""source_name"":""DOST-FNRI PhilFCT""},""protein_g_100g"":{""value_per_100g"":10.6,""value_for_portion"":10.6,""label"":""Verified"",""source_url"":""https://i.fnri.dost.gov.ph/fct/library/report/4334"",""source_record_id"":""N011"",""source_name"":""DOST-FNRI PhilFCT""},""carbs_g_100g"":{""value_per_100g"":0.9,""value_for_portion"":0.9,""label"":""Verified"",""source_url"":""https://i.fnri.dost.gov.ph/fct/library/report/4334"",""source_record_id"":""N011"",""source_name"":""DOST-FNRI PhilFCT""},""fat_g_100g"":{""value_per_100g"":0.3,""value_for_portion"":0.3,""label"":""Verified"",""source_url"":""https://i.fnri.dost.gov.ph/fct/library/report/4334"",""source_record_id"":""N011"",""source_name"":""DOST-FNRI PhilFCT""},""fiber_g_100g"":{""value_per_100g"":0.0,""value_for_portion"":0.0,""label"":""Verified"",""source_url"":""https://i.fnri.dost.gov.ph/fct/library/report/4334"",""source_record_id"":""N011"",""source_name"":""DOST-FNRI PhilFCT""},""sugar_g_100g"":{""value_per_100g"":null,""value_for_portion"":null,""label"":""Unknown"",""source_url"":null,""source_record_id"":null,""source_name"":null},""sodium_mg_100g"":{""value_per_100g"":5061.0,""value_for_portion"":5061.0,""label"":""Verified"",""source_url"":""https://i.fnri.dost.gov.ph/fct/library/report/4334"",""source_record_id"":""N011"",""source_name"":""DOST-FNRI PhilFCT""},""cholesterol_mg_100g"":{""value_per_100g"":0.0,""value_for_portion"":0.0,""label"":""Verified"",""source_url"":""https://i.fnri.dost.gov.ph/fct/library/report/4334"",""source_record_id"":""N011"",""source_name"":""DOST-FNRI PhilFCT""}}"
PH_DISH_035,EST_PH_DISH_035_V1,FC001237,"Beverages, water, tap, drinking",150,ASSUMED_REFERENCE_MIXTURE,0.0,0.0,0.0,0.0,0.0,0.0,4.0,0.0,"{""kcal_100g"":{""value_per_100g"":0.0,""value_for_portion"":0.0,""label"":""Other source"",""source_url"":""https://fdc.nal.usda.gov/food-details/173647/nutrients"",""source_record_id"":""USDA_FC001237_173647"",""source_name"":""USDA FoodData Central SR Legacy""},""protein_g_100g"":{""value_per_100g"":0.0,""value_for_portion"":0.0,""label"":""Other source"",""source_url"":""https://fdc.nal.usda.gov/food-details/173647/nutrients"",""source_record_id"":""USDA_FC001237_173647"",""source_name"":""USDA FoodData Central SR Legacy""},""carbs_g_100g"":{""value_per_100g"":0.0,""value_for_portion"":0.0,""label"":""Other source"",""source_url"":""https://fdc.nal.usda.gov/food-details/173647/nutrients"",""source_record_id"":""USDA_FC001237_173647"",""source_name"":""USDA FoodData Central SR Legacy""},""fat_g_100g"":{""value_per_100g"":0.0,""value_for_portion"":0.0,""label"":""Other source"",""source_url"":""https://fdc.nal.usda.gov/food-details/173647/nutrients"",""source_record_id"":""USDA_FC001237_173647"",""source_name"":""USDA FoodData Central SR Legacy""},""fiber_g_100g"":{""value_per_100g"":0.0,""value_for_portion"":0.0,""label"":""Other source"",""source_url"":""https://fdc.nal.usda.gov/food-details/173647/nutrients"",""source_record_id"":""USDA_FC001237_173647"",""source_name"":""USDA FoodData Central SR Legacy""},""sugar_g_100g"":{""value_per_100g"":0.0,""value_for_portion"":0.0,""label"":""Other source"",""source_url"":""https://fdc.nal.usda.gov/food-details/173647/nutrients"",""source_record_id"":""USDA_FC001237_173647"",""source_name"":""USDA FoodData Central SR Legacy""},""sodium_mg_100g"":{""value_per_100g"":4.0,""value_for_portion"":4.0,""label"":""Other source"",""source_url"":""https://fdc.nal.usda.gov/food-details/173647/nutrients"",""source_record_id"":""USDA_FC001237_173647"",""source_name"":""USDA FoodData Central SR Legacy""},""cholesterol_mg_100g"":{""value_per_100g"":0.0,""value_for_portion"":0.0,""label"":""Other source"",""source_url"":""https://fdc.nal.usda.gov/food-details/173647/nutrients"",""source_record_id"":""USDA_FC001237_173647"",""source_name"":""USDA FoodData Central SR Legacy""}}"
PH_DISH_036,EST_PH_DISH_036_V1,FC000388,"Pork Boston butt, lean, boiled",400,ASSUMED_REFERENCE_MIXTURE,212.0,15.6,0.0,16.6,0.0,0.0,47.0,,"{""kcal_100g"":{""value_per_100g"":212.0,""value_for_portion"":212.0,""label"":""Verified"",""source_url"":""https://i.fnri.dost.gov.ph/fct/library/report/3865"",""source_record_id"":""F158"",""source_name"":""DOST-FNRI PhilFCT""},""protein_g_100g"":{""value_per_100g"":15.6,""value_for_portion"":15.6,""label"":""Verified"",""source_url"":""https://i.fnri.dost.gov.ph/fct/library/report/3865"",""source_record_id"":""F158"",""source_name"":""DOST-FNRI PhilFCT""},""carbs_g_100g"":{""value_per_100g"":0.0,""value_for_portion"":0.0,""label"":""Verified"",""source_url"":""https://i.fnri.dost.gov.ph/fct/library/report/3865"",""source_record_id"":""F158"",""source_name"":""DOST-FNRI PhilFCT""},""fat_g_100g"":{""value_per_100g"":16.6,""value_for_portion"":16.6,""label"":""Verified"",""source_url"":""https://i.fnri.dost.gov.ph/fct/library/report/3865"",""source_record_id"":""F158"",""source_name"":""DOST-FNRI PhilFCT""},""fiber_g_100g"":{""value_per_100g"":0.0,""value_for_portion"":0.0,""label"":""Verified"",""source_url"":""https://i.fnri.dost.gov.ph/fct/library/report/3865"",""source_record_id"":""F158"",""source_name"":""DOST-FNRI PhilFCT""},""sugar_g_100g"":{""value_per_100g"":0.0,""value_for_portion"":0.0,""label"":""Verified"",""source_url"":""https://i.fnri.dost.gov.ph/fct/library/report/3865"",""source_record_id"":""F158"",""source_name"":""DOST-FNRI PhilFCT""},""sodium_mg_100g"":{""value_per_100g"":47.0,""value_for_portion"":47.0,""label"":""Verified"",""source_url"":""https://i.fnri.dost.gov.ph/fct/library/report/3865"",""source_record_id"":""F158"",""source_name"":""DOST-FNRI PhilFCT""},""cholesterol_mg_100g"":{""value_per_100g"":null,""value_for_portion"":null,""label"":""Unknown"",""source_url"":null,""source_record_id"":null,""source_name"":null}}"
PH_DISH_036,EST_PH_DISH_036_V1,FC000199,"Potato, boiled",200,ASSUMED_REFERENCE_MIXTURE,63.0,1.7,13.7,0.1,1.3,0.6,4.0,0.0,"{""kcal_100g"":{""value_per_100g"":63.0,""value_for_portion"":63.0,""label"":""Verified"",""source_url"":""https://i.fnri.dost.gov.ph/fct/library/report/3175"",""source_record_id"":""B008"",""source_name"":""DOST-FNRI PhilFCT""},""protein_g_100g"":{""value_per_100g"":1.7,""value_for_portion"":1.7,""label"":""Verified"",""source_url"":""https://i.fnri.dost.gov.ph/fct/library/report/3175"",""source_record_id"":""B008"",""source_name"":""DOST-FNRI PhilFCT""},""carbs_g_100g"":{""value_per_100g"":13.7,""value_for_portion"":13.7,""label"":""Verified"",""source_url"":""https://i.fnri.dost.gov.ph/fct/library/report/3175"",""source_record_id"":""B008"",""source_name"":""DOST-FNRI PhilFCT""},""fat_g_100g"":{""value_per_100g"":0.1,""value_for_portion"":0.1,""label"":""Verified"",""source_url"":""https://i.fnri.dost.gov.ph/fct/library/report/3175"",""source_record_id"":""B008"",""source_name"":""DOST-FNRI PhilFCT""},""fiber_g_100g"":{""value_per_100g"":1.3,""value_for_portion"":1.3,""label"":""Verified"",""source_url"":""https://i.fnri.dost.gov.ph/fct/library/report/3175"",""source_record_id"":""B008"",""source_name"":""DOST-FNRI PhilFCT""},""sugar_g_100g"":{""value_per_100g"":0.6,""value_for_portion"":0.6,""label"":""Verified"",""source_url"":""https://i.fnri.dost.gov.ph/fct/library/report/3175"",""source_record_id"":""B008"",""source_name"":""DOST-FNRI PhilFCT""},""sodium_mg_100g"":{""value_per_100g"":4.0,""value_for_portion"":4.0,""label"":""Verified"",""source_url"":""https://i.fnri.dost.gov.ph/fct/library/report/3175"",""source_record_id"":""B008"",""source_name"":""DOST-FNRI PhilFCT""},""cholesterol_mg_100g"":{""value_per_100g"":0.0,""value_for_portion"":0.0,""label"":""Verified"",""source_url"":""https://i.fnri.dost.gov.ph/fct/library/report/3175"",""source_record_id"":""B008"",""source_name"":""DOST-FNRI PhilFCT""}}"
PH_DISH_036,EST_PH_DISH_036_V1,FC000324,"Carrot, boiled",150,ASSUMED_REFERENCE_MIXTURE,42.0,1.1,8.6,0.4,3.3,3.8,64.0,0.0,"{""kcal_100g"":{""value_per_100g"":42.0,""value_for_portion"":42.0,""label"":""Verified"",""source_url"":""https://i.fnri.dost.gov.ph/fct/library/report/3319"",""source_record_id"":""D040"",""source_name"":""DOST-FNRI PhilFCT""},""protein_g_100g"":{""value_per_100g"":1.1,""value_for_portion"":1.1,""label"":""Verified"",""source_url"":""https://i.fnri.dost.gov.ph/fct/library/report/3319"",""source_record_id"":""D040"",""source_name"":""DOST-FNRI PhilFCT""},""carbs_g_100g"":{""value_per_100g"":8.6,""value_for_portion"":8.6,""label"":""Verified"",""source_url"":""https://i.fnri.dost.gov.ph/fct/library/report/3319"",""source_record_id"":""D040"",""source_name"":""DOST-FNRI PhilFCT""},""fat_g_100g"":{""value_per_100g"":0.4,""value_for_portion"":0.4,""label"":""Verified"",""source_url"":""https://i.fnri.dost.gov.ph/fct/library/report/3319"",""source_record_id"":""D040"",""source_name"":""DOST-FNRI PhilFCT""},""fiber_g_100g"":{""value_per_100g"":3.3,""value_for_portion"":3.3,""label"":""Verified"",""source_url"":""https://i.fnri.dost.gov.ph/fct/library/report/3319"",""source_record_id"":""D040"",""source_name"":""DOST-FNRI PhilFCT""},""sugar_g_100g"":{""value_per_100g"":3.8,""value_for_portion"":3.8,""label"":""Verified"",""source_url"":""https://i.fnri.dost.gov.ph/fct/library/report/3319"",""source_record_id"":""D040"",""source_name"":""DOST-FNRI PhilFCT""},""sodium_mg_100g"":{""value_per_100g"":64.0,""value_for_portion"":64.0,""label"":""Verified"",""source_url"":""https://i.fnri.dost.gov.ph/fct/library/report/3319"",""source_record_id"":""D040"",""source_name"":""DOST-FNRI PhilFCT""},""cholesterol_mg_100g"":{""value_per_100g"":0.0,""value_for_portion"":0.0,""label"":""Verified"",""source_url"":""https://i.fnri.dost.gov.ph/fct/library/report/3319"",""source_record_id"":""D040"",""source_name"":""DOST-FNRI PhilFCT""}}"
PH_DISH_036,EST_PH_DISH_036_V1,FC000338,"Pepper, sweet/bell, long, green, boiled",100,ASSUMED_REFERENCE_MIXTURE,32.0,0.9,6.4,0.3,1.2,3.1,2.0,0.0,"{""kcal_100g"":{""value_per_100g"":32.0,""value_for_portion"":32.0,""label"":""Verified"",""source_url"":""https://i.fnri.dost.gov.ph/fct/library/report/3447"",""source_record_id"":""D168"",""source_name"":""DOST-FNRI PhilFCT""},""protein_g_100g"":{""value_per_100g"":0.9,""value_for_portion"":0.9,""label"":""Verified"",""source_url"":""https://i.fnri.dost.gov.ph/fct/library/report/3447"",""source_record_id"":""D168"",""source_name"":""DOST-FNRI PhilFCT""},""carbs_g_100g"":{""value_per_100g"":6.4,""value_for_portion"":6.4,""label"":""Verified"",""source_url"":""https://i.fnri.dost.gov.ph/fct/library/report/3447"",""source_record_id"":""D168"",""source_name"":""DOST-FNRI PhilFCT""},""fat_g_100g"":{""value_per_100g"":0.3,""value_for_portion"":0.3,""label"":""Verified"",""source_url"":""https://i.fnri.dost.gov.ph/fct/library/report/3447"",""source_record_id"":""D168"",""source_name"":""DOST-FNRI PhilFCT""},""fiber_g_100g"":{""value_per_100g"":1.2,""value_for_portion"":1.2,""label"":""Verified"",""source_url"":""https://i.fnri.dost.gov.ph/fct/library/report/3447"",""source_record_id"":""D168"",""source_name"":""DOST-FNRI PhilFCT""},""sugar_g_100g"":{""value_per_100g"":3.1,""value_for_portion"":3.1,""label"":""Verified"",""source_url"":""https://i.fnri.dost.gov.ph/fct/library/report/3447"",""source_record_id"":""D168"",""source_name"":""DOST-FNRI PhilFCT""},""sodium_mg_100g"":{""value_per_100g"":2.0,""value_for_portion"":2.0,""label"":""Verified"",""source_url"":""https://i.fnri.dost.gov.ph/fct/library/report/3447"",""source_record_id"":""D168"",""source_name"":""DOST-FNRI PhilFCT""},""cholesterol_mg_100g"":{""value_per_100g"":0.0,""value_for_portion"":0.0,""label"":""Verified"",""source_url"":""https://i.fnri.dost.gov.ph/fct/library/report/3447"",""source_record_id"":""D168"",""source_name"":""DOST-FNRI PhilFCT""}}"
PH_DISH_036,EST_PH_DISH_036_V1,FC000617,Tomato sauce,250,ASSUMED_REFERENCE_MIXTURE,45.0,0.9,10.0,0.2,2.1,4.9,658.0,0.0,"{""kcal_100g"":{""value_per_100g"":45.0,""value_for_portion"":45.0,""label"":""Verified"",""source_url"":""https://i.fnri.dost.gov.ph/fct/library/report/4348"",""source_record_id"":""N025"",""source_name"":""DOST-FNRI PhilFCT""},""protein_g_100g"":{""value_per_100g"":0.9,""value_for_portion"":0.9,""label"":""Verified"",""source_url"":""https://i.fnri.dost.gov.ph/fct/library/report/4348"",""source_record_id"":""N025"",""source_name"":""DOST-FNRI PhilFCT""},""carbs_g_100g"":{""value_per_100g"":10.0,""value_for_portion"":10.0,""label"":""Verified"",""source_url"":""https://i.fnri.dost.gov.ph/fct/library/report/4348"",""source_record_id"":""N025"",""source_name"":""DOST-FNRI PhilFCT""},""fat_g_100g"":{""value_per_100g"":0.2,""value_for_portion"":0.2,""label"":""Verified"",""source_url"":""https://i.fnri.dost.gov.ph/fct/library/report/4348"",""source_record_id"":""N025"",""source_name"":""DOST-FNRI PhilFCT""},""fiber_g_100g"":{""value_per_100g"":2.1,""value_for_portion"":2.1,""label"":""Verified"",""source_url"":""https://i.fnri.dost.gov.ph/fct/library/report/4348"",""source_record_id"":""N025"",""source_name"":""DOST-FNRI PhilFCT""},""sugar_g_100g"":{""value_per_100g"":4.9,""value_for_portion"":4.9,""label"":""Verified"",""source_url"":""https://i.fnri.dost.gov.ph/fct/library/report/4348"",""source_record_id"":""N025"",""source_name"":""DOST-FNRI PhilFCT""},""sodium_mg_100g"":{""value_per_100g"":658.0,""value_for_portion"":658.0,""label"":""Verified"",""source_url"":""https://i.fnri.dost.gov.ph/fct/library/report/4348"",""source_record_id"":""N025"",""source_name"":""DOST-FNRI PhilFCT""},""cholesterol_mg_100g"":{""value_per_100g"":0.0,""value_for_portion"":0.0,""label"":""Verified"",""source_url"":""https://i.fnri.dost.gov.ph/fct/library/report/4348"",""source_record_id"":""N025"",""source_name"":""DOST-FNRI PhilFCT""}}"
PH_DISH_036,EST_PH_DISH_036_V1,FC000333,"Onion, Bombay bulb, boiled",60,ASSUMED_REFERENCE_MIXTURE,47.0,1.2,9.7,0.4,1.3,4.6,3.0,0.0,"{""kcal_100g"":{""value_per_100g"":47.0,""value_for_portion"":47.0,""label"":""Verified"",""source_url"":""https://i.fnri.dost.gov.ph/fct/library/report/3421"",""source_record_id"":""D142"",""source_name"":""DOST-FNRI PhilFCT""},""protein_g_100g"":{""value_per_100g"":1.2,""value_for_portion"":1.2,""label"":""Verified"",""source_url"":""https://i.fnri.dost.gov.ph/fct/library/report/3421"",""source_record_id"":""D142"",""source_name"":""DOST-FNRI PhilFCT""},""carbs_g_100g"":{""value_per_100g"":9.7,""value_for_portion"":9.7,""label"":""Verified"",""source_url"":""https://i.fnri.dost.gov.ph/fct/library/report/3421"",""source_record_id"":""D142"",""source_name"":""DOST-FNRI PhilFCT""},""fat_g_100g"":{""value_per_100g"":0.4,""value_for_portion"":0.4,""label"":""Verified"",""source_url"":""https://i.fnri.dost.gov.ph/fct/library/report/3421"",""source_record_id"":""D142"",""source_name"":""DOST-FNRI PhilFCT""},""fiber_g_100g"":{""value_per_100g"":1.3,""value_for_portion"":1.3,""label"":""Verified"",""source_url"":""https://i.fnri.dost.gov.ph/fct/library/report/3421"",""source_record_id"":""D142"",""source_name"":""DOST-FNRI PhilFCT""},""sugar_g_100g"":{""value_per_100g"":4.6,""value_for_portion"":4.6,""label"":""Verified"",""source_url"":""https://i.fnri.dost.gov.ph/fct/library/report/3421"",""source_record_id"":""D142"",""source_name"":""DOST-FNRI PhilFCT""},""sodium_mg_100g"":{""value_per_100g"":3.0,""value_for_portion"":3.0,""label"":""Verified"",""source_url"":""https://i.fnri.dost.gov.ph/fct/library/report/3421"",""source_record_id"":""D142"",""source_name"":""DOST-FNRI PhilFCT""},""cholesterol_mg_100g"":{""value_per_100g"":0.0,""value_for_portion"":0.0,""label"":""Verified"",""source_url"":""https://i.fnri.dost.gov.ph/fct/library/report/3421"",""source_record_id"":""D142"",""source_name"":""DOST-FNRI PhilFCT""}}"
PH_DISH_036,EST_PH_DISH_036_V1,FC000070,Garlic bulb,15,ASSUMED_REFERENCE_MIXTURE,129.0,7.0,24.6,0.3,1.7,0.8,10.0,0.0,"{""kcal_100g"":{""value_per_100g"":129.0,""value_for_portion"":129.0,""label"":""Verified"",""source_url"":""https://i.fnri.dost.gov.ph/fct/library/report/3363"",""source_record_id"":""D084"",""source_name"":""DOST-FNRI PhilFCT""},""protein_g_100g"":{""value_per_100g"":7.0,""value_for_portion"":7.0,""label"":""Verified"",""source_url"":""https://i.fnri.dost.gov.ph/fct/library/report/3363"",""source_record_id"":""D084"",""source_name"":""DOST-FNRI PhilFCT""},""carbs_g_100g"":{""value_per_100g"":24.6,""value_for_portion"":24.6,""label"":""Verified"",""source_url"":""https://i.fnri.dost.gov.ph/fct/library/report/3363"",""source_record_id"":""D084"",""source_name"":""DOST-FNRI PhilFCT""},""fat_g_100g"":{""value_per_100g"":0.3,""value_for_portion"":0.3,""label"":""Verified"",""source_url"":""https://i.fnri.dost.gov.ph/fct/library/report/3363"",""source_record_id"":""D084"",""source_name"":""DOST-FNRI PhilFCT""},""fiber_g_100g"":{""value_per_100g"":1.7,""value_for_portion"":1.7,""label"":""Verified"",""source_url"":""https://i.fnri.dost.gov.ph/fct/library/report/3363"",""source_record_id"":""D084"",""source_name"":""DOST-FNRI PhilFCT""},""sugar_g_100g"":{""value_per_100g"":0.8,""value_for_portion"":0.8,""label"":""Verified"",""source_url"":""https://i.fnri.dost.gov.ph/fct/library/report/3363"",""source_record_id"":""D084"",""source_name"":""DOST-FNRI PhilFCT""},""sodium_mg_100g"":{""value_per_100g"":10.0,""value_for_portion"":10.0,""label"":""Verified"",""source_url"":""https://i.fnri.dost.gov.ph/fct/library/report/3363"",""source_record_id"":""D084"",""source_name"":""DOST-FNRI PhilFCT""},""cholesterol_mg_100g"":{""value_per_100g"":0.0,""value_for_portion"":0.0,""label"":""Verified"",""source_url"":""https://i.fnri.dost.gov.ph/fct/library/report/3363"",""source_record_id"":""D084"",""source_name"":""DOST-FNRI PhilFCT""}}"
PH_DISH_036,EST_PH_DISH_036_V1,FC000098,Coconut oil,20,ASSUMED_REFERENCE_MIXTURE,892.0,0.0,0.0,99.1,0.0,0.0,0.0,0.0,"{""kcal_100g"":{""value_per_100g"":892.0,""value_for_portion"":892.0,""label"":""Verified"",""source_url"":""https://i.fnri.dost.gov.ph/fct/library/report/4268"",""source_record_id"":""K008"",""source_name"":""DOST-FNRI PhilFCT""},""protein_g_100g"":{""value_per_100g"":0.0,""value_for_portion"":0.0,""label"":""Verified"",""source_url"":""https://i.fnri.dost.gov.ph/fct/library/report/4268"",""source_record_id"":""K008"",""source_name"":""DOST-FNRI PhilFCT""},""carbs_g_100g"":{""value_per_100g"":0.0,""value_for_portion"":0.0,""label"":""Verified"",""source_url"":""https://i.fnri.dost.gov.ph/fct/library/report/4268"",""source_record_id"":""K008"",""source_name"":""DOST-FNRI PhilFCT""},""fat_g_100g"":{""value_per_100g"":99.1,""value_for_portion"":99.1,""label"":""Verified"",""source_url"":""https://i.fnri.dost.gov.ph/fct/library/report/4268"",""source_record_id"":""K008"",""source_name"":""DOST-FNRI PhilFCT""},""fiber_g_100g"":{""value_per_100g"":0.0,""value_for_portion"":0.0,""label"":""Verified"",""source_url"":""https://i.fnri.dost.gov.ph/fct/library/report/4268"",""source_record_id"":""K008"",""source_name"":""DOST-FNRI PhilFCT""},""sugar_g_100g"":{""value_per_100g"":0.0,""value_for_portion"":0.0,""label"":""Verified"",""source_url"":""https://i.fnri.dost.gov.ph/fct/library/report/4268"",""source_record_id"":""K008"",""source_name"":""DOST-FNRI PhilFCT""},""sodium_mg_100g"":{""value_per_100g"":0.0,""value_for_portion"":0.0,""label"":""Verified"",""source_url"":""https://i.fnri.dost.gov.ph/fct/library/report/4268"",""source_record_id"":""K008"",""source_name"":""DOST-FNRI PhilFCT""},""cholesterol_mg_100g"":{""value_per_100g"":0.0,""value_for_portion"":0.0,""label"":""Verified"",""source_url"":""https://i.fnri.dost.gov.ph/fct/library/report/4268"",""source_record_id"":""K008"",""source_name"":""DOST-FNRI PhilFCT""}}"
PH_DISH_036,EST_PH_DISH_036_V1,FC000100,Fish sauce,20,ASSUMED_REFERENCE_MIXTURE,49.0,10.6,0.9,0.3,0.0,,5061.0,0.0,"{""kcal_100g"":{""value_per_100g"":49.0,""value_for_portion"":49.0,""label"":""Verified"",""source_url"":""https://i.fnri.dost.gov.ph/fct/library/report/4334"",""source_record_id"":""N011"",""source_name"":""DOST-FNRI PhilFCT""},""protein_g_100g"":{""value_per_100g"":10.6,""value_for_portion"":10.6,""label"":""Verified"",""source_url"":""https://i.fnri.dost.gov.ph/fct/library/report/4334"",""source_record_id"":""N011"",""source_name"":""DOST-FNRI PhilFCT""},""carbs_g_100g"":{""value_per_100g"":0.9,""value_for_portion"":0.9,""label"":""Verified"",""source_url"":""https://i.fnri.dost.gov.ph/fct/library/report/4334"",""source_record_id"":""N011"",""source_name"":""DOST-FNRI PhilFCT""},""fat_g_100g"":{""value_per_100g"":0.3,""value_for_portion"":0.3,""label"":""Verified"",""source_url"":""https://i.fnri.dost.gov.ph/fct/library/report/4334"",""source_record_id"":""N011"",""source_name"":""DOST-FNRI PhilFCT""},""fiber_g_100g"":{""value_per_100g"":0.0,""value_for_portion"":0.0,""label"":""Verified"",""source_url"":""https://i.fnri.dost.gov.ph/fct/library/report/4334"",""source_record_id"":""N011"",""source_name"":""DOST-FNRI PhilFCT""},""sugar_g_100g"":{""value_per_100g"":null,""value_for_portion"":null,""label"":""Unknown"",""source_url"":null,""source_record_id"":null,""source_name"":null},""sodium_mg_100g"":{""value_per_100g"":5061.0,""value_for_portion"":5061.0,""label"":""Verified"",""source_url"":""https://i.fnri.dost.gov.ph/fct/library/report/4334"",""source_record_id"":""N011"",""source_name"":""DOST-FNRI PhilFCT""},""cholesterol_mg_100g"":{""value_per_100g"":0.0,""value_for_portion"":0.0,""label"":""Verified"",""source_url"":""https://i.fnri.dost.gov.ph/fct/library/report/4334"",""source_record_id"":""N011"",""source_name"":""DOST-FNRI PhilFCT""}}"
PH_DISH_036,EST_PH_DISH_036_V1,FC001237,"Beverages, water, tap, drinking",150,ASSUMED_REFERENCE_MIXTURE,0.0,0.0,0.0,0.0,0.0,0.0,4.0,0.0,"{""kcal_100g"":{""value_per_100g"":0.0,""value_for_portion"":0.0,""label"":""Other source"",""source_url"":""https://fdc.nal.usda.gov/food-details/173647/nutrients"",""source_record_id"":""USDA_FC001237_173647"",""source_name"":""USDA FoodData Central SR Legacy""},""protein_g_100g"":{""value_per_100g"":0.0,""value_for_portion"":0.0,""label"":""Other source"",""source_url"":""https://fdc.nal.usda.gov/food-details/173647/nutrients"",""source_record_id"":""USDA_FC001237_173647"",""source_name"":""USDA FoodData Central SR Legacy""},""carbs_g_100g"":{""value_per_100g"":0.0,""value_for_portion"":0.0,""label"":""Other source"",""source_url"":""https://fdc.nal.usda.gov/food-details/173647/nutrients"",""source_record_id"":""USDA_FC001237_173647"",""source_name"":""USDA FoodData Central SR Legacy""},""fat_g_100g"":{""value_per_100g"":0.0,""value_for_portion"":0.0,""label"":""Other source"",""source_url"":""https://fdc.nal.usda.gov/food-details/173647/nutrients"",""source_record_id"":""USDA_FC001237_173647"",""source_name"":""USDA FoodData Central SR Legacy""},""fiber_g_100g"":{""value_per_100g"":0.0,""value_for_portion"":0.0,""label"":""Other source"",""source_url"":""https://fdc.nal.usda.gov/food-details/173647/nutrients"",""source_record_id"":""USDA_FC001237_173647"",""source_name"":""USDA FoodData Central SR Legacy""},""sugar_g_100g"":{""value_per_100g"":0.0,""value_for_portion"":0.0,""label"":""Other source"",""source_url"":""https://fdc.nal.usda.gov/food-details/173647/nutrients"",""source_record_id"":""USDA_FC001237_173647"",""source_name"":""USDA FoodData Central SR Legacy""},""sodium_mg_100g"":{""value_per_100g"":4.0,""value_for_portion"":4.0,""label"":""Other source"",""source_url"":""https://fdc.nal.usda.gov/food-details/173647/nutrients"",""source_record_id"":""USDA_FC001237_173647"",""source_name"":""USDA FoodData Central SR Legacy""},""cholesterol_mg_100g"":{""value_per_100g"":0.0,""value_for_portion"":0.0,""label"":""Other source"",""source_url"":""https://fdc.nal.usda.gov/food-details/173647/nutrients"",""source_record_id"":""USDA_FC001237_173647"",""source_name"":""USDA FoodData Central SR Legacy""}}"
PH_DISH_037,EST_PH_DISH_037_V1,FC000370,"Beef chuck, lean, boiled",400,ASSUMED_REFERENCE_MIXTURE,109.0,11.4,10.4,2.4,0.0,0.0,42.0,33.0,"{""kcal_100g"":{""value_per_100g"":109.0,""value_for_portion"":109.0,""label"":""Verified"",""source_url"":""https://i.fnri.dost.gov.ph/fct/library/report/3714"",""source_record_id"":""F007"",""source_name"":""DOST-FNRI PhilFCT""},""protein_g_100g"":{""value_per_100g"":11.4,""value_for_portion"":11.4,""label"":""Verified"",""source_url"":""https://i.fnri.dost.gov.ph/fct/library/report/3714"",""source_record_id"":""F007"",""source_name"":""DOST-FNRI PhilFCT""},""carbs_g_100g"":{""value_per_100g"":10.4,""value_for_portion"":10.4,""label"":""Verified"",""source_url"":""https://i.fnri.dost.gov.ph/fct/library/report/3714"",""source_record_id"":""F007"",""source_name"":""DOST-FNRI PhilFCT""},""fat_g_100g"":{""value_per_100g"":2.4,""value_for_portion"":2.4,""label"":""Verified"",""source_url"":""https://i.fnri.dost.gov.ph/fct/library/report/3714"",""source_record_id"":""F007"",""source_name"":""DOST-FNRI PhilFCT""},""fiber_g_100g"":{""value_per_100g"":0.0,""value_for_portion"":0.0,""label"":""Verified"",""source_url"":""https://i.fnri.dost.gov.ph/fct/library/report/3714"",""source_record_id"":""F007"",""source_name"":""DOST-FNRI PhilFCT""},""sugar_g_100g"":{""value_per_100g"":0.0,""value_for_portion"":0.0,""label"":""Verified"",""source_url"":""https://i.fnri.dost.gov.ph/fct/library/report/3714"",""source_record_id"":""F007"",""source_name"":""DOST-FNRI PhilFCT""},""sodium_mg_100g"":{""value_per_100g"":42.0,""value_for_portion"":42.0,""label"":""Verified"",""source_url"":""https://i.fnri.dost.gov.ph/fct/library/report/3714"",""source_record_id"":""F007"",""source_name"":""DOST-FNRI PhilFCT""},""cholesterol_mg_100g"":{""value_per_100g"":33.0,""value_for_portion"":33.0,""label"":""Verified"",""source_url"":""https://i.fnri.dost.gov.ph/fct/library/report/3714"",""source_record_id"":""F007"",""source_name"":""DOST-FNRI PhilFCT""}}"
PH_DISH_037,EST_PH_DISH_037_V1,FC000199,"Potato, boiled",200,ASSUMED_REFERENCE_MIXTURE,63.0,1.7,13.7,0.1,1.3,0.6,4.0,0.0,"{""kcal_100g"":{""value_per_100g"":63.0,""value_for_portion"":63.0,""label"":""Verified"",""source_url"":""https://i.fnri.dost.gov.ph/fct/library/report/3175"",""source_record_id"":""B008"",""source_name"":""DOST-FNRI PhilFCT""},""protein_g_100g"":{""value_per_100g"":1.7,""value_for_portion"":1.7,""label"":""Verified"",""source_url"":""https://i.fnri.dost.gov.ph/fct/library/report/3175"",""source_record_id"":""B008"",""source_name"":""DOST-FNRI PhilFCT""},""carbs_g_100g"":{""value_per_100g"":13.7,""value_for_portion"":13.7,""label"":""Verified"",""source_url"":""https://i.fnri.dost.gov.ph/fct/library/report/3175"",""source_record_id"":""B008"",""source_name"":""DOST-FNRI PhilFCT""},""fat_g_100g"":{""value_per_100g"":0.1,""value_for_portion"":0.1,""label"":""Verified"",""source_url"":""https://i.fnri.dost.gov.ph/fct/library/report/3175"",""source_record_id"":""B008"",""source_name"":""DOST-FNRI PhilFCT""},""fiber_g_100g"":{""value_per_100g"":1.3,""value_for_portion"":1.3,""label"":""Verified"",""source_url"":""https://i.fnri.dost.gov.ph/fct/library/report/3175"",""source_record_id"":""B008"",""source_name"":""DOST-FNRI PhilFCT""},""sugar_g_100g"":{""value_per_100g"":0.6,""value_for_portion"":0.6,""label"":""Verified"",""source_url"":""https://i.fnri.dost.gov.ph/fct/library/report/3175"",""source_record_id"":""B008"",""source_name"":""DOST-FNRI PhilFCT""},""sodium_mg_100g"":{""value_per_100g"":4.0,""value_for_portion"":4.0,""label"":""Verified"",""source_url"":""https://i.fnri.dost.gov.ph/fct/library/report/3175"",""source_record_id"":""B008"",""source_name"":""DOST-FNRI PhilFCT""},""cholesterol_mg_100g"":{""value_per_100g"":0.0,""value_for_portion"":0.0,""label"":""Verified"",""source_url"":""https://i.fnri.dost.gov.ph/fct/library/report/3175"",""source_record_id"":""B008"",""source_name"":""DOST-FNRI PhilFCT""}}"
PH_DISH_037,EST_PH_DISH_037_V1,FC000324,"Carrot, boiled",150,ASSUMED_REFERENCE_MIXTURE,42.0,1.1,8.6,0.4,3.3,3.8,64.0,0.0,"{""kcal_100g"":{""value_per_100g"":42.0,""value_for_portion"":42.0,""label"":""Verified"",""source_url"":""https://i.fnri.dost.gov.ph/fct/library/report/3319"",""source_record_id"":""D040"",""source_name"":""DOST-FNRI PhilFCT""},""protein_g_100g"":{""value_per_100g"":1.1,""value_for_portion"":1.1,""label"":""Verified"",""source_url"":""https://i.fnri.dost.gov.ph/fct/library/report/3319"",""source_record_id"":""D040"",""source_name"":""DOST-FNRI PhilFCT""},""carbs_g_100g"":{""value_per_100g"":8.6,""value_for_portion"":8.6,""label"":""Verified"",""source_url"":""https://i.fnri.dost.gov.ph/fct/library/report/3319"",""source_record_id"":""D040"",""source_name"":""DOST-FNRI PhilFCT""},""fat_g_100g"":{""value_per_100g"":0.4,""value_for_portion"":0.4,""label"":""Verified"",""source_url"":""https://i.fnri.dost.gov.ph/fct/library/report/3319"",""source_record_id"":""D040"",""source_name"":""DOST-FNRI PhilFCT""},""fiber_g_100g"":{""value_per_100g"":3.3,""value_for_portion"":3.3,""label"":""Verified"",""source_url"":""https://i.fnri.dost.gov.ph/fct/library/report/3319"",""source_record_id"":""D040"",""source_name"":""DOST-FNRI PhilFCT""},""sugar_g_100g"":{""value_per_100g"":3.8,""value_for_portion"":3.8,""label"":""Verified"",""source_url"":""https://i.fnri.dost.gov.ph/fct/library/report/3319"",""source_record_id"":""D040"",""source_name"":""DOST-FNRI PhilFCT""},""sodium_mg_100g"":{""value_per_100g"":64.0,""value_for_portion"":64.0,""label"":""Verified"",""source_url"":""https://i.fnri.dost.gov.ph/fct/library/report/3319"",""source_record_id"":""D040"",""source_name"":""DOST-FNRI PhilFCT""},""cholesterol_mg_100g"":{""value_per_100g"":0.0,""value_for_portion"":0.0,""label"":""Verified"",""source_url"":""https://i.fnri.dost.gov.ph/fct/library/report/3319"",""source_record_id"":""D040"",""source_name"":""DOST-FNRI PhilFCT""}}"
PH_DISH_037,EST_PH_DISH_037_V1,FC000338,"Pepper, sweet/bell, long, green, boiled",100,ASSUMED_REFERENCE_MIXTURE,32.0,0.9,6.4,0.3,1.2,3.1,2.0,0.0,"{""kcal_100g"":{""value_per_100g"":32.0,""value_for_portion"":32.0,""label"":""Verified"",""source_url"":""https://i.fnri.dost.gov.ph/fct/library/report/3447"",""source_record_id"":""D168"",""source_name"":""DOST-FNRI PhilFCT""},""protein_g_100g"":{""value_per_100g"":0.9,""value_for_portion"":0.9,""label"":""Verified"",""source_url"":""https://i.fnri.dost.gov.ph/fct/library/report/3447"",""source_record_id"":""D168"",""source_name"":""DOST-FNRI PhilFCT""},""carbs_g_100g"":{""value_per_100g"":6.4,""value_for_portion"":6.4,""label"":""Verified"",""source_url"":""https://i.fnri.dost.gov.ph/fct/library/report/3447"",""source_record_id"":""D168"",""source_name"":""DOST-FNRI PhilFCT""},""fat_g_100g"":{""value_per_100g"":0.3,""value_for_portion"":0.3,""label"":""Verified"",""source_url"":""https://i.fnri.dost.gov.ph/fct/library/report/3447"",""source_record_id"":""D168"",""source_name"":""DOST-FNRI PhilFCT""},""fiber_g_100g"":{""value_per_100g"":1.2,""value_for_portion"":1.2,""label"":""Verified"",""source_url"":""https://i.fnri.dost.gov.ph/fct/library/report/3447"",""source_record_id"":""D168"",""source_name"":""DOST-FNRI PhilFCT""},""sugar_g_100g"":{""value_per_100g"":3.1,""value_for_portion"":3.1,""label"":""Verified"",""source_url"":""https://i.fnri.dost.gov.ph/fct/library/report/3447"",""source_record_id"":""D168"",""source_name"":""DOST-FNRI PhilFCT""},""sodium_mg_100g"":{""value_per_100g"":2.0,""value_for_portion"":2.0,""label"":""Verified"",""source_url"":""https://i.fnri.dost.gov.ph/fct/library/report/3447"",""source_record_id"":""D168"",""source_name"":""DOST-FNRI PhilFCT""},""cholesterol_mg_100g"":{""value_per_100g"":0.0,""value_for_portion"":0.0,""label"":""Verified"",""source_url"":""https://i.fnri.dost.gov.ph/fct/library/report/3447"",""source_record_id"":""D168"",""source_name"":""DOST-FNRI PhilFCT""}}"
PH_DISH_037,EST_PH_DISH_037_V1,FC000617,Tomato sauce,250,ASSUMED_REFERENCE_MIXTURE,45.0,0.9,10.0,0.2,2.1,4.9,658.0,0.0,"{""kcal_100g"":{""value_per_100g"":45.0,""value_for_portion"":45.0,""label"":""Verified"",""source_url"":""https://i.fnri.dost.gov.ph/fct/library/report/4348"",""source_record_id"":""N025"",""source_name"":""DOST-FNRI PhilFCT""},""protein_g_100g"":{""value_per_100g"":0.9,""value_for_portion"":0.9,""label"":""Verified"",""source_url"":""https://i.fnri.dost.gov.ph/fct/library/report/4348"",""source_record_id"":""N025"",""source_name"":""DOST-FNRI PhilFCT""},""carbs_g_100g"":{""value_per_100g"":10.0,""value_for_portion"":10.0,""label"":""Verified"",""source_url"":""https://i.fnri.dost.gov.ph/fct/library/report/4348"",""source_record_id"":""N025"",""source_name"":""DOST-FNRI PhilFCT""},""fat_g_100g"":{""value_per_100g"":0.2,""value_for_portion"":0.2,""label"":""Verified"",""source_url"":""https://i.fnri.dost.gov.ph/fct/library/report/4348"",""source_record_id"":""N025"",""source_name"":""DOST-FNRI PhilFCT""},""fiber_g_100g"":{""value_per_100g"":2.1,""value_for_portion"":2.1,""label"":""Verified"",""source_url"":""https://i.fnri.dost.gov.ph/fct/library/report/4348"",""source_record_id"":""N025"",""source_name"":""DOST-FNRI PhilFCT""},""sugar_g_100g"":{""value_per_100g"":4.9,""value_for_portion"":4.9,""label"":""Verified"",""source_url"":""https://i.fnri.dost.gov.ph/fct/library/report/4348"",""source_record_id"":""N025"",""source_name"":""DOST-FNRI PhilFCT""},""sodium_mg_100g"":{""value_per_100g"":658.0,""value_for_portion"":658.0,""label"":""Verified"",""source_url"":""https://i.fnri.dost.gov.ph/fct/library/report/4348"",""source_record_id"":""N025"",""source_name"":""DOST-FNRI PhilFCT""},""cholesterol_mg_100g"":{""value_per_100g"":0.0,""value_for_portion"":0.0,""label"":""Verified"",""source_url"":""https://i.fnri.dost.gov.ph/fct/library/report/4348"",""source_record_id"":""N025"",""source_name"":""DOST-FNRI PhilFCT""}}"
PH_DISH_037,EST_PH_DISH_037_V1,FC000333,"Onion, Bombay bulb, boiled",60,ASSUMED_REFERENCE_MIXTURE,47.0,1.2,9.7,0.4,1.3,4.6,3.0,0.0,"{""kcal_100g"":{""value_per_100g"":47.0,""value_for_portion"":47.0,""label"":""Verified"",""source_url"":""https://i.fnri.dost.gov.ph/fct/library/report/3421"",""source_record_id"":""D142"",""source_name"":""DOST-FNRI PhilFCT""},""protein_g_100g"":{""value_per_100g"":1.2,""value_for_portion"":1.2,""label"":""Verified"",""source_url"":""https://i.fnri.dost.gov.ph/fct/library/report/3421"",""source_record_id"":""D142"",""source_name"":""DOST-FNRI PhilFCT""},""carbs_g_100g"":{""value_per_100g"":9.7,""value_for_portion"":9.7,""label"":""Verified"",""source_url"":""https://i.fnri.dost.gov.ph/fct/library/report/3421"",""source_record_id"":""D142"",""source_name"":""DOST-FNRI PhilFCT""},""fat_g_100g"":{""value_per_100g"":0.4,""value_for_portion"":0.4,""label"":""Verified"",""source_url"":""https://i.fnri.dost.gov.ph/fct/library/report/3421"",""source_record_id"":""D142"",""source_name"":""DOST-FNRI PhilFCT""},""fiber_g_100g"":{""value_per_100g"":1.3,""value_for_portion"":1.3,""label"":""Verified"",""source_url"":""https://i.fnri.dost.gov.ph/fct/library/report/3421"",""source_record_id"":""D142"",""source_name"":""DOST-FNRI PhilFCT""},""sugar_g_100g"":{""value_per_100g"":4.6,""value_for_portion"":4.6,""label"":""Verified"",""source_url"":""https://i.fnri.dost.gov.ph/fct/library/report/3421"",""source_record_id"":""D142"",""source_name"":""DOST-FNRI PhilFCT""},""sodium_mg_100g"":{""value_per_100g"":3.0,""value_for_portion"":3.0,""label"":""Verified"",""source_url"":""https://i.fnri.dost.gov.ph/fct/library/report/3421"",""source_record_id"":""D142"",""source_name"":""DOST-FNRI PhilFCT""},""cholesterol_mg_100g"":{""value_per_100g"":0.0,""value_for_portion"":0.0,""label"":""Verified"",""source_url"":""https://i.fnri.dost.gov.ph/fct/library/report/3421"",""source_record_id"":""D142"",""source_name"":""DOST-FNRI PhilFCT""}}"
PH_DISH_037,EST_PH_DISH_037_V1,FC000070,Garlic bulb,15,ASSUMED_REFERENCE_MIXTURE,129.0,7.0,24.6,0.3,1.7,0.8,10.0,0.0,"{""kcal_100g"":{""value_per_100g"":129.0,""value_for_portion"":129.0,""label"":""Verified"",""source_url"":""https://i.fnri.dost.gov.ph/fct/library/report/3363"",""source_record_id"":""D084"",""source_name"":""DOST-FNRI PhilFCT""},""protein_g_100g"":{""value_per_100g"":7.0,""value_for_portion"":7.0,""label"":""Verified"",""source_url"":""https://i.fnri.dost.gov.ph/fct/library/report/3363"",""source_record_id"":""D084"",""source_name"":""DOST-FNRI PhilFCT""},""carbs_g_100g"":{""value_per_100g"":24.6,""value_for_portion"":24.6,""label"":""Verified"",""source_url"":""https://i.fnri.dost.gov.ph/fct/library/report/3363"",""source_record_id"":""D084"",""source_name"":""DOST-FNRI PhilFCT""},""fat_g_100g"":{""value_per_100g"":0.3,""value_for_portion"":0.3,""label"":""Verified"",""source_url"":""https://i.fnri.dost.gov.ph/fct/library/report/3363"",""source_record_id"":""D084"",""source_name"":""DOST-FNRI PhilFCT""},""fiber_g_100g"":{""value_per_100g"":1.7,""value_for_portion"":1.7,""label"":""Verified"",""source_url"":""https://i.fnri.dost.gov.ph/fct/library/report/3363"",""source_record_id"":""D084"",""source_name"":""DOST-FNRI PhilFCT""},""sugar_g_100g"":{""value_per_100g"":0.8,""value_for_portion"":0.8,""label"":""Verified"",""source_url"":""https://i.fnri.dost.gov.ph/fct/library/report/3363"",""source_record_id"":""D084"",""source_name"":""DOST-FNRI PhilFCT""},""sodium_mg_100g"":{""value_per_100g"":10.0,""value_for_portion"":10.0,""label"":""Verified"",""source_url"":""https://i.fnri.dost.gov.ph/fct/library/report/3363"",""source_record_id"":""D084"",""source_name"":""DOST-FNRI PhilFCT""},""cholesterol_mg_100g"":{""value_per_100g"":0.0,""value_for_portion"":0.0,""label"":""Verified"",""source_url"":""https://i.fnri.dost.gov.ph/fct/library/report/3363"",""source_record_id"":""D084"",""source_name"":""DOST-FNRI PhilFCT""}}"
PH_DISH_037,EST_PH_DISH_037_V1,FC000099,Soy sauce,30,ASSUMED_REFERENCE_MIXTURE,75.0,3.5,15.0,0.1,1.0,0.5,2041.0,0.0,"{""kcal_100g"":{""value_per_100g"":75.0,""value_for_portion"":75.0,""label"":""Verified"",""source_url"":""https://i.fnri.dost.gov.ph/fct/library/report/4346"",""source_record_id"":""N023"",""source_name"":""DOST-FNRI PhilFCT""},""protein_g_100g"":{""value_per_100g"":3.5,""value_for_portion"":3.5,""label"":""Verified"",""source_url"":""https://i.fnri.dost.gov.ph/fct/library/report/4346"",""source_record_id"":""N023"",""source_name"":""DOST-FNRI PhilFCT""},""carbs_g_100g"":{""value_per_100g"":15.0,""value_for_portion"":15.0,""label"":""Verified"",""source_url"":""https://i.fnri.dost.gov.ph/fct/library/report/4346"",""source_record_id"":""N023"",""source_name"":""DOST-FNRI PhilFCT""},""fat_g_100g"":{""value_per_100g"":0.1,""value_for_portion"":0.1,""label"":""Verified"",""source_url"":""https://i.fnri.dost.gov.ph/fct/library/report/4346"",""source_record_id"":""N023"",""source_name"":""DOST-FNRI PhilFCT""},""fiber_g_100g"":{""value_per_100g"":1.0,""value_for_portion"":1.0,""label"":""Verified"",""source_url"":""https://i.fnri.dost.gov.ph/fct/library/report/4346"",""source_record_id"":""N023"",""source_name"":""DOST-FNRI PhilFCT""},""sugar_g_100g"":{""value_per_100g"":0.5,""value_for_portion"":0.5,""label"":""Verified"",""source_url"":""https://i.fnri.dost.gov.ph/fct/library/report/4346"",""source_record_id"":""N023"",""source_name"":""DOST-FNRI PhilFCT""},""sodium_mg_100g"":{""value_per_100g"":2041.0,""value_for_portion"":2041.0,""label"":""Verified"",""source_url"":""https://i.fnri.dost.gov.ph/fct/library/report/4346"",""source_record_id"":""N023"",""source_name"":""DOST-FNRI PhilFCT""},""cholesterol_mg_100g"":{""value_per_100g"":0.0,""value_for_portion"":0.0,""label"":""Verified"",""source_url"":""https://i.fnri.dost.gov.ph/fct/library/report/4346"",""source_record_id"":""N023"",""source_name"":""DOST-FNRI PhilFCT""}}"
PH_DISH_037,EST_PH_DISH_037_V1,FC000615,"Vinegar, coconut",20,ASSUMED_REFERENCE_MIXTURE,7.0,0.0,1.4,0.1,0.0,0.0,1.0,0.0,"{""kcal_100g"":{""value_per_100g"":7.0,""value_for_portion"":7.0,""label"":""Verified"",""source_url"":""https://i.fnri.dost.gov.ph/fct/library/report/4350"",""source_record_id"":""N027"",""source_name"":""DOST-FNRI PhilFCT""},""protein_g_100g"":{""value_per_100g"":0.0,""value_for_portion"":0.0,""label"":""Verified"",""source_url"":""https://i.fnri.dost.gov.ph/fct/library/report/4350"",""source_record_id"":""N027"",""source_name"":""DOST-FNRI PhilFCT""},""carbs_g_100g"":{""value_per_100g"":1.4,""value_for_portion"":1.4,""label"":""Verified"",""source_url"":""https://i.fnri.dost.gov.ph/fct/library/report/4350"",""source_record_id"":""N027"",""source_name"":""DOST-FNRI PhilFCT""},""fat_g_100g"":{""value_per_100g"":0.1,""value_for_portion"":0.1,""label"":""Verified"",""source_url"":""https://i.fnri.dost.gov.ph/fct/library/report/4350"",""source_record_id"":""N027"",""source_name"":""DOST-FNRI PhilFCT""},""fiber_g_100g"":{""value_per_100g"":0.0,""value_for_portion"":0.0,""label"":""Verified"",""source_url"":""https://i.fnri.dost.gov.ph/fct/library/report/4350"",""source_record_id"":""N027"",""source_name"":""DOST-FNRI PhilFCT""},""sugar_g_100g"":{""value_per_100g"":0.0,""value_for_portion"":0.0,""label"":""Verified"",""source_url"":""https://i.fnri.dost.gov.ph/fct/library/report/4350"",""source_record_id"":""N027"",""source_name"":""DOST-FNRI PhilFCT""},""sodium_mg_100g"":{""value_per_100g"":1.0,""value_for_portion"":1.0,""label"":""Verified"",""source_url"":""https://i.fnri.dost.gov.ph/fct/library/report/4350"",""source_record_id"":""N027"",""source_name"":""DOST-FNRI PhilFCT""},""cholesterol_mg_100g"":{""value_per_100g"":0.0,""value_for_portion"":0.0,""label"":""Verified"",""source_url"":""https://i.fnri.dost.gov.ph/fct/library/report/4350"",""source_record_id"":""N027"",""source_name"":""DOST-FNRI PhilFCT""}}"
PH_DISH_037,EST_PH_DISH_037_V1,FC000098,Coconut oil,20,ASSUMED_REFERENCE_MIXTURE,892.0,0.0,0.0,99.1,0.0,0.0,0.0,0.0,"{""kcal_100g"":{""value_per_100g"":892.0,""value_for_portion"":892.0,""label"":""Verified"",""source_url"":""https://i.fnri.dost.gov.ph/fct/library/report/4268"",""source_record_id"":""K008"",""source_name"":""DOST-FNRI PhilFCT""},""protein_g_100g"":{""value_per_100g"":0.0,""value_for_portion"":0.0,""label"":""Verified"",""source_url"":""https://i.fnri.dost.gov.ph/fct/library/report/4268"",""source_record_id"":""K008"",""source_name"":""DOST-FNRI PhilFCT""},""carbs_g_100g"":{""value_per_100g"":0.0,""value_for_portion"":0.0,""label"":""Verified"",""source_url"":""https://i.fnri.dost.gov.ph/fct/library/report/4268"",""source_record_id"":""K008"",""source_name"":""DOST-FNRI PhilFCT""},""fat_g_100g"":{""value_per_100g"":99.1,""value_for_portion"":99.1,""label"":""Verified"",""source_url"":""https://i.fnri.dost.gov.ph/fct/library/report/4268"",""source_record_id"":""K008"",""source_name"":""DOST-FNRI PhilFCT""},""fiber_g_100g"":{""value_per_100g"":0.0,""value_for_portion"":0.0,""label"":""Verified"",""source_url"":""https://i.fnri.dost.gov.ph/fct/library/report/4268"",""source_record_id"":""K008"",""source_name"":""DOST-FNRI PhilFCT""},""sugar_g_100g"":{""value_per_100g"":0.0,""value_for_portion"":0.0,""label"":""Verified"",""source_url"":""https://i.fnri.dost.gov.ph/fct/library/report/4268"",""source_record_id"":""K008"",""source_name"":""DOST-FNRI PhilFCT""},""sodium_mg_100g"":{""value_per_100g"":0.0,""value_for_portion"":0.0,""label"":""Verified"",""source_url"":""https://i.fnri.dost.gov.ph/fct/library/report/4268"",""source_record_id"":""K008"",""source_name"":""DOST-FNRI PhilFCT""},""cholesterol_mg_100g"":{""value_per_100g"":0.0,""value_for_portion"":0.0,""label"":""Verified"",""source_url"":""https://i.fnri.dost.gov.ph/fct/library/report/4268"",""source_record_id"":""K008"",""source_name"":""DOST-FNRI PhilFCT""}}"
PH_DISH_037,EST_PH_DISH_037_V1,FC001237,"Beverages, water, tap, drinking",200,ASSUMED_REFERENCE_MIXTURE,0.0,0.0,0.0,0.0,0.0,0.0,4.0,0.0,"{""kcal_100g"":{""value_per_100g"":0.0,""value_for_portion"":0.0,""label"":""Other source"",""source_url"":""https://fdc.nal.usda.gov/food-details/173647/nutrients"",""source_record_id"":""USDA_FC001237_173647"",""source_name"":""USDA FoodData Central SR Legacy""},""protein_g_100g"":{""value_per_100g"":0.0,""value_for_portion"":0.0,""label"":""Other source"",""source_url"":""https://fdc.nal.usda.gov/food-details/173647/nutrients"",""source_record_id"":""USDA_FC001237_173647"",""source_name"":""USDA FoodData Central SR Legacy""},""carbs_g_100g"":{""value_per_100g"":0.0,""value_for_portion"":0.0,""label"":""Other source"",""source_url"":""https://fdc.nal.usda.gov/food-details/173647/nutrients"",""source_record_id"":""USDA_FC001237_173647"",""source_name"":""USDA FoodData Central SR Legacy""},""fat_g_100g"":{""value_per_100g"":0.0,""value_for_portion"":0.0,""label"":""Other source"",""source_url"":""https://fdc.nal.usda.gov/food-details/173647/nutrients"",""source_record_id"":""USDA_FC001237_173647"",""source_name"":""USDA FoodData Central SR Legacy""},""fiber_g_100g"":{""value_per_100g"":0.0,""value_for_portion"":0.0,""label"":""Other source"",""source_url"":""https://fdc.nal.usda.gov/food-details/173647/nutrients"",""source_record_id"":""USDA_FC001237_173647"",""source_name"":""USDA FoodData Central SR Legacy""},""sugar_g_100g"":{""value_per_100g"":0.0,""value_for_portion"":0.0,""label"":""Other source"",""source_url"":""https://fdc.nal.usda.gov/food-details/173647/nutrients"",""source_record_id"":""USDA_FC001237_173647"",""source_name"":""USDA FoodData Central SR Legacy""},""sodium_mg_100g"":{""value_per_100g"":4.0,""value_for_portion"":4.0,""label"":""Other source"",""source_url"":""https://fdc.nal.usda.gov/food-details/173647/nutrients"",""source_record_id"":""USDA_FC001237_173647"",""source_name"":""USDA FoodData Central SR Legacy""},""cholesterol_mg_100g"":{""value_per_100g"":0.0,""value_for_portion"":0.0,""label"":""Other source"",""source_url"":""https://fdc.nal.usda.gov/food-details/173647/nutrients"",""source_record_id"":""USDA_FC001237_173647"",""source_name"":""USDA FoodData Central SR Legacy""}}"
PH_DISH_038,EST_PH_DISH_038_V1,FC000370,"Beef chuck, lean, boiled",400,ASSUMED_REFERENCE_MIXTURE,109.0,11.4,10.4,2.4,0.0,0.0,42.0,33.0,"{""kcal_100g"":{""value_per_100g"":109.0,""value_for_portion"":109.0,""label"":""Verified"",""source_url"":""https://i.fnri.dost.gov.ph/fct/library/report/3714"",""source_record_id"":""F007"",""source_name"":""DOST-FNRI PhilFCT""},""protein_g_100g"":{""value_per_100g"":11.4,""value_for_portion"":11.4,""label"":""Verified"",""source_url"":""https://i.fnri.dost.gov.ph/fct/library/report/3714"",""source_record_id"":""F007"",""source_name"":""DOST-FNRI PhilFCT""},""carbs_g_100g"":{""value_per_100g"":10.4,""value_for_portion"":10.4,""label"":""Verified"",""source_url"":""https://i.fnri.dost.gov.ph/fct/library/report/3714"",""source_record_id"":""F007"",""source_name"":""DOST-FNRI PhilFCT""},""fat_g_100g"":{""value_per_100g"":2.4,""value_for_portion"":2.4,""label"":""Verified"",""source_url"":""https://i.fnri.dost.gov.ph/fct/library/report/3714"",""source_record_id"":""F007"",""source_name"":""DOST-FNRI PhilFCT""},""fiber_g_100g"":{""value_per_100g"":0.0,""value_for_portion"":0.0,""label"":""Verified"",""source_url"":""https://i.fnri.dost.gov.ph/fct/library/report/3714"",""source_record_id"":""F007"",""source_name"":""DOST-FNRI PhilFCT""},""sugar_g_100g"":{""value_per_100g"":0.0,""value_for_portion"":0.0,""label"":""Verified"",""source_url"":""https://i.fnri.dost.gov.ph/fct/library/report/3714"",""source_record_id"":""F007"",""source_name"":""DOST-FNRI PhilFCT""},""sodium_mg_100g"":{""value_per_100g"":42.0,""value_for_portion"":42.0,""label"":""Verified"",""source_url"":""https://i.fnri.dost.gov.ph/fct/library/report/3714"",""source_record_id"":""F007"",""source_name"":""DOST-FNRI PhilFCT""},""cholesterol_mg_100g"":{""value_per_100g"":33.0,""value_for_portion"":33.0,""label"":""Verified"",""source_url"":""https://i.fnri.dost.gov.ph/fct/library/report/3714"",""source_record_id"":""F007"",""source_name"":""DOST-FNRI PhilFCT""}}"
PH_DISH_038,EST_PH_DISH_038_V1,FC000392,"Pork liver, boiled",80,ASSUMED_REFERENCE_MIXTURE,170.0,17.8,16.9,3.5,0.0,0.0,47.0,165.0,"{""kcal_100g"":{""value_per_100g"":170.0,""value_for_portion"":170.0,""label"":""Verified"",""source_url"":""https://i.fnri.dost.gov.ph/fct/library/report/3882"",""source_record_id"":""F175"",""source_name"":""DOST-FNRI PhilFCT""},""protein_g_100g"":{""value_per_100g"":17.8,""value_for_portion"":17.8,""label"":""Verified"",""source_url"":""https://i.fnri.dost.gov.ph/fct/library/report/3882"",""source_record_id"":""F175"",""source_name"":""DOST-FNRI PhilFCT""},""carbs_g_100g"":{""value_per_100g"":16.9,""value_for_portion"":16.9,""label"":""Verified"",""source_url"":""https://i.fnri.dost.gov.ph/fct/library/report/3882"",""source_record_id"":""F175"",""source_name"":""DOST-FNRI PhilFCT""},""fat_g_100g"":{""value_per_100g"":3.5,""value_for_portion"":3.5,""label"":""Verified"",""source_url"":""https://i.fnri.dost.gov.ph/fct/library/report/3882"",""source_record_id"":""F175"",""source_name"":""DOST-FNRI PhilFCT""},""fiber_g_100g"":{""value_per_100g"":0.0,""value_for_portion"":0.0,""label"":""Verified"",""source_url"":""https://i.fnri.dost.gov.ph/fct/library/report/3882"",""source_record_id"":""F175"",""source_name"":""DOST-FNRI PhilFCT""},""sugar_g_100g"":{""value_per_100g"":0.0,""value_for_portion"":0.0,""label"":""Verified"",""source_url"":""https://i.fnri.dost.gov.ph/fct/library/report/3882"",""source_record_id"":""F175"",""source_name"":""DOST-FNRI PhilFCT""},""sodium_mg_100g"":{""value_per_100g"":47.0,""value_for_portion"":47.0,""label"":""Verified"",""source_url"":""https://i.fnri.dost.gov.ph/fct/library/report/3882"",""source_record_id"":""F175"",""source_name"":""DOST-FNRI PhilFCT""},""cholesterol_mg_100g"":{""value_per_100g"":165.0,""value_for_portion"":165.0,""label"":""Verified"",""source_url"":""https://i.fnri.dost.gov.ph/fct/library/report/3882"",""source_record_id"":""F175"",""source_name"":""DOST-FNRI PhilFCT""}}"
PH_DISH_038,EST_PH_DISH_038_V1,FC000593,"Cheese, cheddar, pasteurized, processed",50,ASSUMED_REFERENCE_MIXTURE,322.0,21.7,7.8,22.7,0.0,0.3,1337.0,68.0,"{""kcal_100g"":{""value_per_100g"":322.0,""value_for_portion"":322.0,""label"":""Verified"",""source_url"":""https://i.fnri.dost.gov.ph/fct/library/report/4235"",""source_record_id"":""J001"",""source_name"":""DOST-FNRI PhilFCT""},""protein_g_100g"":{""value_per_100g"":21.7,""value_for_portion"":21.7,""label"":""Verified"",""source_url"":""https://i.fnri.dost.gov.ph/fct/library/report/4235"",""source_record_id"":""J001"",""source_name"":""DOST-FNRI PhilFCT""},""carbs_g_100g"":{""value_per_100g"":7.8,""value_for_portion"":7.8,""label"":""Verified"",""source_url"":""https://i.fnri.dost.gov.ph/fct/library/report/4235"",""source_record_id"":""J001"",""source_name"":""DOST-FNRI PhilFCT""},""fat_g_100g"":{""value_per_100g"":22.7,""value_for_portion"":22.7,""label"":""Verified"",""source_url"":""https://i.fnri.dost.gov.ph/fct/library/report/4235"",""source_record_id"":""J001"",""source_name"":""DOST-FNRI PhilFCT""},""fiber_g_100g"":{""value_per_100g"":0.0,""value_for_portion"":0.0,""label"":""Verified"",""source_url"":""https://i.fnri.dost.gov.ph/fct/library/report/4235"",""source_record_id"":""J001"",""source_name"":""DOST-FNRI PhilFCT""},""sugar_g_100g"":{""value_per_100g"":0.3,""value_for_portion"":0.3,""label"":""Verified"",""source_url"":""https://i.fnri.dost.gov.ph/fct/library/report/4235"",""source_record_id"":""J001"",""source_name"":""DOST-FNRI PhilFCT""},""sodium_mg_100g"":{""value_per_100g"":1337.0,""value_for_portion"":1337.0,""label"":""Verified"",""source_url"":""https://i.fnri.dost.gov.ph/fct/library/report/4235"",""source_record_id"":""J001"",""source_name"":""DOST-FNRI PhilFCT""},""cholesterol_mg_100g"":{""value_per_100g"":68.0,""value_for_portion"":68.0,""label"":""Verified"",""source_url"":""https://i.fnri.dost.gov.ph/fct/library/report/4235"",""source_record_id"":""J001"",""source_name"":""DOST-FNRI PhilFCT""}}"
PH_DISH_038,EST_PH_DISH_038_V1,FC000199,"Potato, boiled",200,ASSUMED_REFERENCE_MIXTURE,63.0,1.7,13.7,0.1,1.3,0.6,4.0,0.0,"{""kcal_100g"":{""value_per_100g"":63.0,""value_for_portion"":63.0,""label"":""Verified"",""source_url"":""https://i.fnri.dost.gov.ph/fct/library/report/3175"",""source_record_id"":""B008"",""source_name"":""DOST-FNRI PhilFCT""},""protein_g_100g"":{""value_per_100g"":1.7,""value_for_portion"":1.7,""label"":""Verified"",""source_url"":""https://i.fnri.dost.gov.ph/fct/library/report/3175"",""source_record_id"":""B008"",""source_name"":""DOST-FNRI PhilFCT""},""carbs_g_100g"":{""value_per_100g"":13.7,""value_for_portion"":13.7,""label"":""Verified"",""source_url"":""https://i.fnri.dost.gov.ph/fct/library/report/3175"",""source_record_id"":""B008"",""source_name"":""DOST-FNRI PhilFCT""},""fat_g_100g"":{""value_per_100g"":0.1,""value_for_portion"":0.1,""label"":""Verified"",""source_url"":""https://i.fnri.dost.gov.ph/fct/library/report/3175"",""source_record_id"":""B008"",""source_name"":""DOST-FNRI PhilFCT""},""fiber_g_100g"":{""value_per_100g"":1.3,""value_for_portion"":1.3,""label"":""Verified"",""source_url"":""https://i.fnri.dost.gov.ph/fct/library/report/3175"",""source_record_id"":""B008"",""source_name"":""DOST-FNRI PhilFCT""},""sugar_g_100g"":{""value_per_100g"":0.6,""value_for_portion"":0.6,""label"":""Verified"",""source_url"":""https://i.fnri.dost.gov.ph/fct/library/report/3175"",""source_record_id"":""B008"",""source_name"":""DOST-FNRI PhilFCT""},""sodium_mg_100g"":{""value_per_100g"":4.0,""value_for_portion"":4.0,""label"":""Verified"",""source_url"":""https://i.fnri.dost.gov.ph/fct/library/report/3175"",""source_record_id"":""B008"",""source_name"":""DOST-FNRI PhilFCT""},""cholesterol_mg_100g"":{""value_per_100g"":0.0,""value_for_portion"":0.0,""label"":""Verified"",""source_url"":""https://i.fnri.dost.gov.ph/fct/library/report/3175"",""source_record_id"":""B008"",""source_name"":""DOST-FNRI PhilFCT""}}"
PH_DISH_038,EST_PH_DISH_038_V1,FC000324,"Carrot, boiled",150,ASSUMED_REFERENCE_MIXTURE,42.0,1.1,8.6,0.4,3.3,3.8,64.0,0.0,"{""kcal_100g"":{""value_per_100g"":42.0,""value_for_portion"":42.0,""label"":""Verified"",""source_url"":""https://i.fnri.dost.gov.ph/fct/library/report/3319"",""source_record_id"":""D040"",""source_name"":""DOST-FNRI PhilFCT""},""protein_g_100g"":{""value_per_100g"":1.1,""value_for_portion"":1.1,""label"":""Verified"",""source_url"":""https://i.fnri.dost.gov.ph/fct/library/report/3319"",""source_record_id"":""D040"",""source_name"":""DOST-FNRI PhilFCT""},""carbs_g_100g"":{""value_per_100g"":8.6,""value_for_portion"":8.6,""label"":""Verified"",""source_url"":""https://i.fnri.dost.gov.ph/fct/library/report/3319"",""source_record_id"":""D040"",""source_name"":""DOST-FNRI PhilFCT""},""fat_g_100g"":{""value_per_100g"":0.4,""value_for_portion"":0.4,""label"":""Verified"",""source_url"":""https://i.fnri.dost.gov.ph/fct/library/report/3319"",""source_record_id"":""D040"",""source_name"":""DOST-FNRI PhilFCT""},""fiber_g_100g"":{""value_per_100g"":3.3,""value_for_portion"":3.3,""label"":""Verified"",""source_url"":""https://i.fnri.dost.gov.ph/fct/library/report/3319"",""source_record_id"":""D040"",""source_name"":""DOST-FNRI PhilFCT""},""sugar_g_100g"":{""value_per_100g"":3.8,""value_for_portion"":3.8,""label"":""Verified"",""source_url"":""https://i.fnri.dost.gov.ph/fct/library/report/3319"",""source_record_id"":""D040"",""source_name"":""DOST-FNRI PhilFCT""},""sodium_mg_100g"":{""value_per_100g"":64.0,""value_for_portion"":64.0,""label"":""Verified"",""source_url"":""https://i.fnri.dost.gov.ph/fct/library/report/3319"",""source_record_id"":""D040"",""source_name"":""DOST-FNRI PhilFCT""},""cholesterol_mg_100g"":{""value_per_100g"":0.0,""value_for_portion"":0.0,""label"":""Verified"",""source_url"":""https://i.fnri.dost.gov.ph/fct/library/report/3319"",""source_record_id"":""D040"",""source_name"":""DOST-FNRI PhilFCT""}}"
PH_DISH_038,EST_PH_DISH_038_V1,FC000338,"Pepper, sweet/bell, long, green, boiled",100,ASSUMED_REFERENCE_MIXTURE,32.0,0.9,6.4,0.3,1.2,3.1,2.0,0.0,"{""kcal_100g"":{""value_per_100g"":32.0,""value_for_portion"":32.0,""label"":""Verified"",""source_url"":""https://i.fnri.dost.gov.ph/fct/library/report/3447"",""source_record_id"":""D168"",""source_name"":""DOST-FNRI PhilFCT""},""protein_g_100g"":{""value_per_100g"":0.9,""value_for_portion"":0.9,""label"":""Verified"",""source_url"":""https://i.fnri.dost.gov.ph/fct/library/report/3447"",""source_record_id"":""D168"",""source_name"":""DOST-FNRI PhilFCT""},""carbs_g_100g"":{""value_per_100g"":6.4,""value_for_portion"":6.4,""label"":""Verified"",""source_url"":""https://i.fnri.dost.gov.ph/fct/library/report/3447"",""source_record_id"":""D168"",""source_name"":""DOST-FNRI PhilFCT""},""fat_g_100g"":{""value_per_100g"":0.3,""value_for_portion"":0.3,""label"":""Verified"",""source_url"":""https://i.fnri.dost.gov.ph/fct/library/report/3447"",""source_record_id"":""D168"",""source_name"":""DOST-FNRI PhilFCT""},""fiber_g_100g"":{""value_per_100g"":1.2,""value_for_portion"":1.2,""label"":""Verified"",""source_url"":""https://i.fnri.dost.gov.ph/fct/library/report/3447"",""source_record_id"":""D168"",""source_name"":""DOST-FNRI PhilFCT""},""sugar_g_100g"":{""value_per_100g"":3.1,""value_for_portion"":3.1,""label"":""Verified"",""source_url"":""https://i.fnri.dost.gov.ph/fct/library/report/3447"",""source_record_id"":""D168"",""source_name"":""DOST-FNRI PhilFCT""},""sodium_mg_100g"":{""value_per_100g"":2.0,""value_for_portion"":2.0,""label"":""Verified"",""source_url"":""https://i.fnri.dost.gov.ph/fct/library/report/3447"",""source_record_id"":""D168"",""source_name"":""DOST-FNRI PhilFCT""},""cholesterol_mg_100g"":{""value_per_100g"":0.0,""value_for_portion"":0.0,""label"":""Verified"",""source_url"":""https://i.fnri.dost.gov.ph/fct/library/report/3447"",""source_record_id"":""D168"",""source_name"":""DOST-FNRI PhilFCT""}}"
PH_DISH_038,EST_PH_DISH_038_V1,FC000617,Tomato sauce,250,ASSUMED_REFERENCE_MIXTURE,45.0,0.9,10.0,0.2,2.1,4.9,658.0,0.0,"{""kcal_100g"":{""value_per_100g"":45.0,""value_for_portion"":45.0,""label"":""Verified"",""source_url"":""https://i.fnri.dost.gov.ph/fct/library/report/4348"",""source_record_id"":""N025"",""source_name"":""DOST-FNRI PhilFCT""},""protein_g_100g"":{""value_per_100g"":0.9,""value_for_portion"":0.9,""label"":""Verified"",""source_url"":""https://i.fnri.dost.gov.ph/fct/library/report/4348"",""source_record_id"":""N025"",""source_name"":""DOST-FNRI PhilFCT""},""carbs_g_100g"":{""value_per_100g"":10.0,""value_for_portion"":10.0,""label"":""Verified"",""source_url"":""https://i.fnri.dost.gov.ph/fct/library/report/4348"",""source_record_id"":""N025"",""source_name"":""DOST-FNRI PhilFCT""},""fat_g_100g"":{""value_per_100g"":0.2,""value_for_portion"":0.2,""label"":""Verified"",""source_url"":""https://i.fnri.dost.gov.ph/fct/library/report/4348"",""source_record_id"":""N025"",""source_name"":""DOST-FNRI PhilFCT""},""fiber_g_100g"":{""value_per_100g"":2.1,""value_for_portion"":2.1,""label"":""Verified"",""source_url"":""https://i.fnri.dost.gov.ph/fct/library/report/4348"",""source_record_id"":""N025"",""source_name"":""DOST-FNRI PhilFCT""},""sugar_g_100g"":{""value_per_100g"":4.9,""value_for_portion"":4.9,""label"":""Verified"",""source_url"":""https://i.fnri.dost.gov.ph/fct/library/report/4348"",""source_record_id"":""N025"",""source_name"":""DOST-FNRI PhilFCT""},""sodium_mg_100g"":{""value_per_100g"":658.0,""value_for_portion"":658.0,""label"":""Verified"",""source_url"":""https://i.fnri.dost.gov.ph/fct/library/report/4348"",""source_record_id"":""N025"",""source_name"":""DOST-FNRI PhilFCT""},""cholesterol_mg_100g"":{""value_per_100g"":0.0,""value_for_portion"":0.0,""label"":""Verified"",""source_url"":""https://i.fnri.dost.gov.ph/fct/library/report/4348"",""source_record_id"":""N025"",""source_name"":""DOST-FNRI PhilFCT""}}"
PH_DISH_038,EST_PH_DISH_038_V1,FC000333,"Onion, Bombay bulb, boiled",60,ASSUMED_REFERENCE_MIXTURE,47.0,1.2,9.7,0.4,1.3,4.6,3.0,0.0,"{""kcal_100g"":{""value_per_100g"":47.0,""value_for_portion"":47.0,""label"":""Verified"",""source_url"":""https://i.fnri.dost.gov.ph/fct/library/report/3421"",""source_record_id"":""D142"",""source_name"":""DOST-FNRI PhilFCT""},""protein_g_100g"":{""value_per_100g"":1.2,""value_for_portion"":1.2,""label"":""Verified"",""source_url"":""https://i.fnri.dost.gov.ph/fct/library/report/3421"",""source_record_id"":""D142"",""source_name"":""DOST-FNRI PhilFCT""},""carbs_g_100g"":{""value_per_100g"":9.7,""value_for_portion"":9.7,""label"":""Verified"",""source_url"":""https://i.fnri.dost.gov.ph/fct/library/report/3421"",""source_record_id"":""D142"",""source_name"":""DOST-FNRI PhilFCT""},""fat_g_100g"":{""value_per_100g"":0.4,""value_for_portion"":0.4,""label"":""Verified"",""source_url"":""https://i.fnri.dost.gov.ph/fct/library/report/3421"",""source_record_id"":""D142"",""source_name"":""DOST-FNRI PhilFCT""},""fiber_g_100g"":{""value_per_100g"":1.3,""value_for_portion"":1.3,""label"":""Verified"",""source_url"":""https://i.fnri.dost.gov.ph/fct/library/report/3421"",""source_record_id"":""D142"",""source_name"":""DOST-FNRI PhilFCT""},""sugar_g_100g"":{""value_per_100g"":4.6,""value_for_portion"":4.6,""label"":""Verified"",""source_url"":""https://i.fnri.dost.gov.ph/fct/library/report/3421"",""source_record_id"":""D142"",""source_name"":""DOST-FNRI PhilFCT""},""sodium_mg_100g"":{""value_per_100g"":3.0,""value_for_portion"":3.0,""label"":""Verified"",""source_url"":""https://i.fnri.dost.gov.ph/fct/library/report/3421"",""source_record_id"":""D142"",""source_name"":""DOST-FNRI PhilFCT""},""cholesterol_mg_100g"":{""value_per_100g"":0.0,""value_for_portion"":0.0,""label"":""Verified"",""source_url"":""https://i.fnri.dost.gov.ph/fct/library/report/3421"",""source_record_id"":""D142"",""source_name"":""DOST-FNRI PhilFCT""}}"
PH_DISH_038,EST_PH_DISH_038_V1,FC000070,Garlic bulb,15,ASSUMED_REFERENCE_MIXTURE,129.0,7.0,24.6,0.3,1.7,0.8,10.0,0.0,"{""kcal_100g"":{""value_per_100g"":129.0,""value_for_portion"":129.0,""label"":""Verified"",""source_url"":""https://i.fnri.dost.gov.ph/fct/library/report/3363"",""source_record_id"":""D084"",""source_name"":""DOST-FNRI PhilFCT""},""protein_g_100g"":{""value_per_100g"":7.0,""value_for_portion"":7.0,""label"":""Verified"",""source_url"":""https://i.fnri.dost.gov.ph/fct/library/report/3363"",""source_record_id"":""D084"",""source_name"":""DOST-FNRI PhilFCT""},""carbs_g_100g"":{""value_per_100g"":24.6,""value_for_portion"":24.6,""label"":""Verified"",""source_url"":""https://i.fnri.dost.gov.ph/fct/library/report/3363"",""source_record_id"":""D084"",""source_name"":""DOST-FNRI PhilFCT""},""fat_g_100g"":{""value_per_100g"":0.3,""value_for_portion"":0.3,""label"":""Verified"",""source_url"":""https://i.fnri.dost.gov.ph/fct/library/report/3363"",""source_record_id"":""D084"",""source_name"":""DOST-FNRI PhilFCT""},""fiber_g_100g"":{""value_per_100g"":1.7,""value_for_portion"":1.7,""label"":""Verified"",""source_url"":""https://i.fnri.dost.gov.ph/fct/library/report/3363"",""source_record_id"":""D084"",""source_name"":""DOST-FNRI PhilFCT""},""sugar_g_100g"":{""value_per_100g"":0.8,""value_for_portion"":0.8,""label"":""Verified"",""source_url"":""https://i.fnri.dost.gov.ph/fct/library/report/3363"",""source_record_id"":""D084"",""source_name"":""DOST-FNRI PhilFCT""},""sodium_mg_100g"":{""value_per_100g"":10.0,""value_for_portion"":10.0,""label"":""Verified"",""source_url"":""https://i.fnri.dost.gov.ph/fct/library/report/3363"",""source_record_id"":""D084"",""source_name"":""DOST-FNRI PhilFCT""},""cholesterol_mg_100g"":{""value_per_100g"":0.0,""value_for_portion"":0.0,""label"":""Verified"",""source_url"":""https://i.fnri.dost.gov.ph/fct/library/report/3363"",""source_record_id"":""D084"",""source_name"":""DOST-FNRI PhilFCT""}}"
PH_DISH_038,EST_PH_DISH_038_V1,FC000098,Coconut oil,20,ASSUMED_REFERENCE_MIXTURE,892.0,0.0,0.0,99.1,0.0,0.0,0.0,0.0,"{""kcal_100g"":{""value_per_100g"":892.0,""value_for_portion"":892.0,""label"":""Verified"",""source_url"":""https://i.fnri.dost.gov.ph/fct/library/report/4268"",""source_record_id"":""K008"",""source_name"":""DOST-FNRI PhilFCT""},""protein_g_100g"":{""value_per_100g"":0.0,""value_for_portion"":0.0,""label"":""Verified"",""source_url"":""https://i.fnri.dost.gov.ph/fct/library/report/4268"",""source_record_id"":""K008"",""source_name"":""DOST-FNRI PhilFCT""},""carbs_g_100g"":{""value_per_100g"":0.0,""value_for_portion"":0.0,""label"":""Verified"",""source_url"":""https://i.fnri.dost.gov.ph/fct/library/report/4268"",""source_record_id"":""K008"",""source_name"":""DOST-FNRI PhilFCT""},""fat_g_100g"":{""value_per_100g"":99.1,""value_for_portion"":99.1,""label"":""Verified"",""source_url"":""https://i.fnri.dost.gov.ph/fct/library/report/4268"",""source_record_id"":""K008"",""source_name"":""DOST-FNRI PhilFCT""},""fiber_g_100g"":{""value_per_100g"":0.0,""value_for_portion"":0.0,""label"":""Verified"",""source_url"":""https://i.fnri.dost.gov.ph/fct/library/report/4268"",""source_record_id"":""K008"",""source_name"":""DOST-FNRI PhilFCT""},""sugar_g_100g"":{""value_per_100g"":0.0,""value_for_portion"":0.0,""label"":""Verified"",""source_url"":""https://i.fnri.dost.gov.ph/fct/library/report/4268"",""source_record_id"":""K008"",""source_name"":""DOST-FNRI PhilFCT""},""sodium_mg_100g"":{""value_per_100g"":0.0,""value_for_portion"":0.0,""label"":""Verified"",""source_url"":""https://i.fnri.dost.gov.ph/fct/library/report/4268"",""source_record_id"":""K008"",""source_name"":""DOST-FNRI PhilFCT""},""cholesterol_mg_100g"":{""value_per_100g"":0.0,""value_for_portion"":0.0,""label"":""Verified"",""source_url"":""https://i.fnri.dost.gov.ph/fct/library/report/4268"",""source_record_id"":""K008"",""source_name"":""DOST-FNRI PhilFCT""}}"
PH_DISH_038,EST_PH_DISH_038_V1,FC000100,Fish sauce,20,ASSUMED_REFERENCE_MIXTURE,49.0,10.6,0.9,0.3,0.0,,5061.0,0.0,"{""kcal_100g"":{""value_per_100g"":49.0,""value_for_portion"":49.0,""label"":""Verified"",""source_url"":""https://i.fnri.dost.gov.ph/fct/library/report/4334"",""source_record_id"":""N011"",""source_name"":""DOST-FNRI PhilFCT""},""protein_g_100g"":{""value_per_100g"":10.6,""value_for_portion"":10.6,""label"":""Verified"",""source_url"":""https://i.fnri.dost.gov.ph/fct/library/report/4334"",""source_record_id"":""N011"",""source_name"":""DOST-FNRI PhilFCT""},""carbs_g_100g"":{""value_per_100g"":0.9,""value_for_portion"":0.9,""label"":""Verified"",""source_url"":""https://i.fnri.dost.gov.ph/fct/library/report/4334"",""source_record_id"":""N011"",""source_name"":""DOST-FNRI PhilFCT""},""fat_g_100g"":{""value_per_100g"":0.3,""value_for_portion"":0.3,""label"":""Verified"",""source_url"":""https://i.fnri.dost.gov.ph/fct/library/report/4334"",""source_record_id"":""N011"",""source_name"":""DOST-FNRI PhilFCT""},""fiber_g_100g"":{""value_per_100g"":0.0,""value_for_portion"":0.0,""label"":""Verified"",""source_url"":""https://i.fnri.dost.gov.ph/fct/library/report/4334"",""source_record_id"":""N011"",""source_name"":""DOST-FNRI PhilFCT""},""sugar_g_100g"":{""value_per_100g"":null,""value_for_portion"":null,""label"":""Unknown"",""source_url"":null,""source_record_id"":null,""source_name"":null},""sodium_mg_100g"":{""value_per_100g"":5061.0,""value_for_portion"":5061.0,""label"":""Verified"",""source_url"":""https://i.fnri.dost.gov.ph/fct/library/report/4334"",""source_record_id"":""N011"",""source_name"":""DOST-FNRI PhilFCT""},""cholesterol_mg_100g"":{""value_per_100g"":0.0,""value_for_portion"":0.0,""label"":""Verified"",""source_url"":""https://i.fnri.dost.gov.ph/fct/library/report/4334"",""source_record_id"":""N011"",""source_name"":""DOST-FNRI PhilFCT""}}"
PH_DISH_038,EST_PH_DISH_038_V1,FC001237,"Beverages, water, tap, drinking",200,ASSUMED_REFERENCE_MIXTURE,0.0,0.0,0.0,0.0,0.0,0.0,4.0,0.0,"{""kcal_100g"":{""value_per_100g"":0.0,""value_for_portion"":0.0,""label"":""Other source"",""source_url"":""https://fdc.nal.usda.gov/food-details/173647/nutrients"",""source_record_id"":""USDA_FC001237_173647"",""source_name"":""USDA FoodData Central SR Legacy""},""protein_g_100g"":{""value_per_100g"":0.0,""value_for_portion"":0.0,""label"":""Other source"",""source_url"":""https://fdc.nal.usda.gov/food-details/173647/nutrients"",""source_record_id"":""USDA_FC001237_173647"",""source_name"":""USDA FoodData Central SR Legacy""},""carbs_g_100g"":{""value_per_100g"":0.0,""value_for_portion"":0.0,""label"":""Other source"",""source_url"":""https://fdc.nal.usda.gov/food-details/173647/nutrients"",""source_record_id"":""USDA_FC001237_173647"",""source_name"":""USDA FoodData Central SR Legacy""},""fat_g_100g"":{""value_per_100g"":0.0,""value_for_portion"":0.0,""label"":""Other source"",""source_url"":""https://fdc.nal.usda.gov/food-details/173647/nutrients"",""source_record_id"":""USDA_FC001237_173647"",""source_name"":""USDA FoodData Central SR Legacy""},""fiber_g_100g"":{""value_per_100g"":0.0,""value_for_portion"":0.0,""label"":""Other source"",""source_url"":""https://fdc.nal.usda.gov/food-details/173647/nutrients"",""source_record_id"":""USDA_FC001237_173647"",""source_name"":""USDA FoodData Central SR Legacy""},""sugar_g_100g"":{""value_per_100g"":0.0,""value_for_portion"":0.0,""label"":""Other source"",""source_url"":""https://fdc.nal.usda.gov/food-details/173647/nutrients"",""source_record_id"":""USDA_FC001237_173647"",""source_name"":""USDA FoodData Central SR Legacy""},""sodium_mg_100g"":{""value_per_100g"":4.0,""value_for_portion"":4.0,""label"":""Other source"",""source_url"":""https://fdc.nal.usda.gov/food-details/173647/nutrients"",""source_record_id"":""USDA_FC001237_173647"",""source_name"":""USDA FoodData Central SR Legacy""},""cholesterol_mg_100g"":{""value_per_100g"":0.0,""value_for_portion"":0.0,""label"":""Other source"",""source_url"":""https://fdc.nal.usda.gov/food-details/173647/nutrients"",""source_record_id"":""USDA_FC001237_173647"",""source_name"":""USDA FoodData Central SR Legacy""}}"
PH_DISH_039,EST_PH_DISH_039_V1,FC000370,"Beef chuck, lean, boiled",250,ASSUMED_REFERENCE_MIXTURE,109.0,11.4,10.4,2.4,0.0,0.0,42.0,33.0,"{""kcal_100g"":{""value_per_100g"":109.0,""value_for_portion"":109.0,""label"":""Verified"",""source_url"":""https://i.fnri.dost.gov.ph/fct/library/report/3714"",""source_record_id"":""F007"",""source_name"":""DOST-FNRI PhilFCT""},""protein_g_100g"":{""value_per_100g"":11.4,""value_for_portion"":11.4,""label"":""Verified"",""source_url"":""https://i.fnri.dost.gov.ph/fct/library/report/3714"",""source_record_id"":""F007"",""source_name"":""DOST-FNRI PhilFCT""},""carbs_g_100g"":{""value_per_100g"":10.4,""value_for_portion"":10.4,""label"":""Verified"",""source_url"":""https://i.fnri.dost.gov.ph/fct/library/report/3714"",""source_record_id"":""F007"",""source_name"":""DOST-FNRI PhilFCT""},""fat_g_100g"":{""value_per_100g"":2.4,""value_for_portion"":2.4,""label"":""Verified"",""source_url"":""https://i.fnri.dost.gov.ph/fct/library/report/3714"",""source_record_id"":""F007"",""source_name"":""DOST-FNRI PhilFCT""},""fiber_g_100g"":{""value_per_100g"":0.0,""value_for_portion"":0.0,""label"":""Verified"",""source_url"":""https://i.fnri.dost.gov.ph/fct/library/report/3714"",""source_record_id"":""F007"",""source_name"":""DOST-FNRI PhilFCT""},""sugar_g_100g"":{""value_per_100g"":0.0,""value_for_portion"":0.0,""label"":""Verified"",""source_url"":""https://i.fnri.dost.gov.ph/fct/library/report/3714"",""source_record_id"":""F007"",""source_name"":""DOST-FNRI PhilFCT""},""sodium_mg_100g"":{""value_per_100g"":42.0,""value_for_portion"":42.0,""label"":""Verified"",""source_url"":""https://i.fnri.dost.gov.ph/fct/library/report/3714"",""source_record_id"":""F007"",""source_name"":""DOST-FNRI PhilFCT""},""cholesterol_mg_100g"":{""value_per_100g"":33.0,""value_for_portion"":33.0,""label"":""Verified"",""source_url"":""https://i.fnri.dost.gov.ph/fct/library/report/3714"",""source_record_id"":""F007"",""source_name"":""DOST-FNRI PhilFCT""}}"
PH_DISH_039,EST_PH_DISH_039_V1,FC000381,"Beef tripe, boiled",250,ASSUMED_REFERENCE_MIXTURE,94.0,10.3,1.5,5.2,0.0,0.0,66.0,202.0,"{""kcal_100g"":{""value_per_100g"":94.0,""value_for_portion"":94.0,""label"":""Verified"",""source_url"":""https://i.fnri.dost.gov.ph/fct/library/report/3757"",""source_record_id"":""F050"",""source_name"":""DOST-FNRI PhilFCT""},""protein_g_100g"":{""value_per_100g"":10.3,""value_for_portion"":10.3,""label"":""Verified"",""source_url"":""https://i.fnri.dost.gov.ph/fct/library/report/3757"",""source_record_id"":""F050"",""source_name"":""DOST-FNRI PhilFCT""},""carbs_g_100g"":{""value_per_100g"":1.5,""value_for_portion"":1.5,""label"":""Verified"",""source_url"":""https://i.fnri.dost.gov.ph/fct/library/report/3757"",""source_record_id"":""F050"",""source_name"":""DOST-FNRI PhilFCT""},""fat_g_100g"":{""value_per_100g"":5.2,""value_for_portion"":5.2,""label"":""Verified"",""source_url"":""https://i.fnri.dost.gov.ph/fct/library/report/3757"",""source_record_id"":""F050"",""source_name"":""DOST-FNRI PhilFCT""},""fiber_g_100g"":{""value_per_100g"":0.0,""value_for_portion"":0.0,""label"":""Verified"",""source_url"":""https://i.fnri.dost.gov.ph/fct/library/report/3757"",""source_record_id"":""F050"",""source_name"":""DOST-FNRI PhilFCT""},""sugar_g_100g"":{""value_per_100g"":0.0,""value_for_portion"":0.0,""label"":""Verified"",""source_url"":""https://i.fnri.dost.gov.ph/fct/library/report/3757"",""source_record_id"":""F050"",""source_name"":""DOST-FNRI PhilFCT""},""sodium_mg_100g"":{""value_per_100g"":66.0,""value_for_portion"":66.0,""label"":""Verified"",""source_url"":""https://i.fnri.dost.gov.ph/fct/library/report/3757"",""source_record_id"":""F050"",""source_name"":""DOST-FNRI PhilFCT""},""cholesterol_mg_100g"":{""value_per_100g"":202.0,""value_for_portion"":202.0,""label"":""Verified"",""source_url"":""https://i.fnri.dost.gov.ph/fct/library/report/3757"",""source_record_id"":""F050"",""source_name"":""DOST-FNRI PhilFCT""}}"
PH_DISH_039,EST_PH_DISH_039_V1,FC000022,"Peanut, roasted",100,ASSUMED_REFERENCE_MIXTURE,629.0,33.2,7.6,51.8,8.2,,6.0,0.0,"{""kcal_100g"":{""value_per_100g"":629.0,""value_for_portion"":629.0,""label"":""Verified"",""source_url"":""https://i.fnri.dost.gov.ph/fct/library/report/3248"",""source_record_id"":""C038"",""source_name"":""DOST-FNRI PhilFCT""},""protein_g_100g"":{""value_per_100g"":33.2,""value_for_portion"":33.2,""label"":""Verified"",""source_url"":""https://i.fnri.dost.gov.ph/fct/library/report/3248"",""source_record_id"":""C038"",""source_name"":""DOST-FNRI PhilFCT""},""carbs_g_100g"":{""value_per_100g"":7.6,""value_for_portion"":7.6,""label"":""Verified"",""source_url"":""https://i.fnri.dost.gov.ph/fct/library/report/3248"",""source_record_id"":""C038"",""source_name"":""DOST-FNRI PhilFCT""},""fat_g_100g"":{""value_per_100g"":51.8,""value_for_portion"":51.8,""label"":""Verified"",""source_url"":""https://i.fnri.dost.gov.ph/fct/library/report/3248"",""source_record_id"":""C038"",""source_name"":""DOST-FNRI PhilFCT""},""fiber_g_100g"":{""value_per_100g"":8.2,""value_for_portion"":8.2,""label"":""Verified"",""source_url"":""https://i.fnri.dost.gov.ph/fct/library/report/3248"",""source_record_id"":""C038"",""source_name"":""DOST-FNRI PhilFCT""},""sugar_g_100g"":{""value_per_100g"":null,""value_for_portion"":null,""label"":""Unknown"",""source_url"":null,""source_record_id"":null,""source_name"":null},""sodium_mg_100g"":{""value_per_100g"":6.0,""value_for_portion"":6.0,""label"":""Verified"",""source_url"":""https://i.fnri.dost.gov.ph/fct/library/report/3248"",""source_record_id"":""C038"",""source_name"":""DOST-FNRI PhilFCT""},""cholesterol_mg_100g"":{""value_per_100g"":0.0,""value_for_portion"":0.0,""label"":""Verified"",""source_url"":""https://i.fnri.dost.gov.ph/fct/library/report/3248"",""source_record_id"":""C038"",""source_name"":""DOST-FNRI PhilFCT""}}"
PH_DISH_039,EST_PH_DISH_039_V1,FC000256,"Eggplant, boiled",200,ASSUMED_REFERENCE_MIXTURE,25.0,1.0,4.9,0.1,1.5,2.0,1.0,0.0,"{""kcal_100g"":{""value_per_100g"":25.0,""value_for_portion"":25.0,""label"":""Verified"",""source_url"":""https://i.fnri.dost.gov.ph/fct/library/report/3353"",""source_record_id"":""D074"",""source_name"":""DOST-FNRI PhilFCT""},""protein_g_100g"":{""value_per_100g"":1.0,""value_for_portion"":1.0,""label"":""Verified"",""source_url"":""https://i.fnri.dost.gov.ph/fct/library/report/3353"",""source_record_id"":""D074"",""source_name"":""DOST-FNRI PhilFCT""},""carbs_g_100g"":{""value_per_100g"":4.9,""value_for_portion"":4.9,""label"":""Verified"",""source_url"":""https://i.fnri.dost.gov.ph/fct/library/report/3353"",""source_record_id"":""D074"",""source_name"":""DOST-FNRI PhilFCT""},""fat_g_100g"":{""value_per_100g"":0.1,""value_for_portion"":0.1,""label"":""Verified"",""source_url"":""https://i.fnri.dost.gov.ph/fct/library/report/3353"",""source_record_id"":""D074"",""source_name"":""DOST-FNRI PhilFCT""},""fiber_g_100g"":{""value_per_100g"":1.5,""value_for_portion"":1.5,""label"":""Verified"",""source_url"":""https://i.fnri.dost.gov.ph/fct/library/report/3353"",""source_record_id"":""D074"",""source_name"":""DOST-FNRI PhilFCT""},""sugar_g_100g"":{""value_per_100g"":2.0,""value_for_portion"":2.0,""label"":""Verified"",""source_url"":""https://i.fnri.dost.gov.ph/fct/library/report/3353"",""source_record_id"":""D074"",""source_name"":""DOST-FNRI PhilFCT""},""sodium_mg_100g"":{""value_per_100g"":1.0,""value_for_portion"":1.0,""label"":""Verified"",""source_url"":""https://i.fnri.dost.gov.ph/fct/library/report/3353"",""source_record_id"":""D074"",""source_name"":""DOST-FNRI PhilFCT""},""cholesterol_mg_100g"":{""value_per_100g"":0.0,""value_for_portion"":0.0,""label"":""Verified"",""source_url"":""https://i.fnri.dost.gov.ph/fct/library/report/3353"",""source_record_id"":""D074"",""source_name"":""DOST-FNRI PhilFCT""}}"
PH_DISH_039,EST_PH_DISH_039_V1,FC000272,"String/Yard long bean pod, green, boiled",150,ASSUMED_REFERENCE_MIXTURE,52.0,4.0,7.9,0.5,2.7,,4.0,0.0,"{""kcal_100g"":{""value_per_100g"":52.0,""value_for_portion"":52.0,""label"":""Verified"",""source_url"":""https://i.fnri.dost.gov.ph/fct/library/report/3512"",""source_record_id"":""D233"",""source_name"":""DOST-FNRI PhilFCT""},""protein_g_100g"":{""value_per_100g"":4.0,""value_for_portion"":4.0,""label"":""Verified"",""source_url"":""https://i.fnri.dost.gov.ph/fct/library/report/3512"",""source_record_id"":""D233"",""source_name"":""DOST-FNRI PhilFCT""},""carbs_g_100g"":{""value_per_100g"":7.9,""value_for_portion"":7.9,""label"":""Verified"",""source_url"":""https://i.fnri.dost.gov.ph/fct/library/report/3512"",""source_record_id"":""D233"",""source_name"":""DOST-FNRI PhilFCT""},""fat_g_100g"":{""value_per_100g"":0.5,""value_for_portion"":0.5,""label"":""Verified"",""source_url"":""https://i.fnri.dost.gov.ph/fct/library/report/3512"",""source_record_id"":""D233"",""source_name"":""DOST-FNRI PhilFCT""},""fiber_g_100g"":{""value_per_100g"":2.7,""value_for_portion"":2.7,""label"":""Verified"",""source_url"":""https://i.fnri.dost.gov.ph/fct/library/report/3512"",""source_record_id"":""D233"",""source_name"":""DOST-FNRI PhilFCT""},""sugar_g_100g"":{""value_per_100g"":null,""value_for_portion"":null,""label"":""Unknown"",""source_url"":null,""source_record_id"":null,""source_name"":null},""sodium_mg_100g"":{""value_per_100g"":4.0,""value_for_portion"":4.0,""label"":""Verified"",""source_url"":""https://i.fnri.dost.gov.ph/fct/library/report/3512"",""source_record_id"":""D233"",""source_name"":""DOST-FNRI PhilFCT""},""cholesterol_mg_100g"":{""value_per_100g"":0.0,""value_for_portion"":0.0,""label"":""Verified"",""source_url"":""https://i.fnri.dost.gov.ph/fct/library/report/3512"",""source_record_id"":""D233"",""source_name"":""DOST-FNRI PhilFCT""}}"
PH_DISH_039,EST_PH_DISH_039_V1,FC000143,"Cabbage, chinese (pak-choi), cooked, boiled, drained, without salt",150,ASSUMED_REFERENCE_MIXTURE,12.0,1.56,1.78,0.16,1.0,0.83,34.0,0.0,"{""kcal_100g"":{""value_per_100g"":12.0,""value_for_portion"":12.0,""label"":""Other source"",""source_url"":""https://fdc.nal.usda.gov/food-details/170391/nutrients"",""source_record_id"":""USDA_FC000143_170391"",""source_name"":""USDA FoodData Central SR Legacy""},""protein_g_100g"":{""value_per_100g"":1.56,""value_for_portion"":1.56,""label"":""Other source"",""source_url"":""https://fdc.nal.usda.gov/food-details/170391/nutrients"",""source_record_id"":""USDA_FC000143_170391"",""source_name"":""USDA FoodData Central SR Legacy""},""carbs_g_100g"":{""value_per_100g"":1.78,""value_for_portion"":1.78,""label"":""Other source"",""source_url"":""https://fdc.nal.usda.gov/food-details/170391/nutrients"",""source_record_id"":""USDA_FC000143_170391"",""source_name"":""USDA FoodData Central SR Legacy""},""fat_g_100g"":{""value_per_100g"":0.16,""value_for_portion"":0.16,""label"":""Other source"",""source_url"":""https://fdc.nal.usda.gov/food-details/170391/nutrients"",""source_record_id"":""USDA_FC000143_170391"",""source_name"":""USDA FoodData Central SR Legacy""},""fiber_g_100g"":{""value_per_100g"":1.0,""value_for_portion"":1.0,""label"":""Other source"",""source_url"":""https://fdc.nal.usda.gov/food-details/170391/nutrients"",""source_record_id"":""USDA_FC000143_170391"",""source_name"":""USDA FoodData Central SR Legacy""},""sugar_g_100g"":{""value_per_100g"":0.83,""value_for_portion"":0.83,""label"":""Other source"",""source_url"":""https://fdc.nal.usda.gov/food-details/170391/nutrients"",""source_record_id"":""USDA_FC000143_170391"",""source_name"":""USDA FoodData Central SR Legacy""},""sodium_mg_100g"":{""value_per_100g"":34.0,""value_for_portion"":34.0,""label"":""Other source"",""source_url"":""https://fdc.nal.usda.gov/food-details/170391/nutrients"",""source_record_id"":""USDA_FC000143_170391"",""source_name"":""USDA FoodData Central SR Legacy""},""cholesterol_mg_100g"":{""value_per_100g"":0.0,""value_for_portion"":0.0,""label"":""Other source"",""source_url"":""https://fdc.nal.usda.gov/food-details/170391/nutrients"",""source_record_id"":""USDA_FC000143_170391"",""source_name"":""USDA FoodData Central SR Legacy""}}"
PH_DISH_039,EST_PH_DISH_039_V1,FC000333,"Onion, Bombay bulb, boiled",60,ASSUMED_REFERENCE_MIXTURE,47.0,1.2,9.7,0.4,1.3,4.6,3.0,0.0,"{""kcal_100g"":{""value_per_100g"":47.0,""value_for_portion"":47.0,""label"":""Verified"",""source_url"":""https://i.fnri.dost.gov.ph/fct/library/report/3421"",""source_record_id"":""D142"",""source_name"":""DOST-FNRI PhilFCT""},""protein_g_100g"":{""value_per_100g"":1.2,""value_for_portion"":1.2,""label"":""Verified"",""source_url"":""https://i.fnri.dost.gov.ph/fct/library/report/3421"",""source_record_id"":""D142"",""source_name"":""DOST-FNRI PhilFCT""},""carbs_g_100g"":{""value_per_100g"":9.7,""value_for_portion"":9.7,""label"":""Verified"",""source_url"":""https://i.fnri.dost.gov.ph/fct/library/report/3421"",""source_record_id"":""D142"",""source_name"":""DOST-FNRI PhilFCT""},""fat_g_100g"":{""value_per_100g"":0.4,""value_for_portion"":0.4,""label"":""Verified"",""source_url"":""https://i.fnri.dost.gov.ph/fct/library/report/3421"",""source_record_id"":""D142"",""source_name"":""DOST-FNRI PhilFCT""},""fiber_g_100g"":{""value_per_100g"":1.3,""value_for_portion"":1.3,""label"":""Verified"",""source_url"":""https://i.fnri.dost.gov.ph/fct/library/report/3421"",""source_record_id"":""D142"",""source_name"":""DOST-FNRI PhilFCT""},""sugar_g_100g"":{""value_per_100g"":4.6,""value_for_portion"":4.6,""label"":""Verified"",""source_url"":""https://i.fnri.dost.gov.ph/fct/library/report/3421"",""source_record_id"":""D142"",""source_name"":""DOST-FNRI PhilFCT""},""sodium_mg_100g"":{""value_per_100g"":3.0,""value_for_portion"":3.0,""label"":""Verified"",""source_url"":""https://i.fnri.dost.gov.ph/fct/library/report/3421"",""source_record_id"":""D142"",""source_name"":""DOST-FNRI PhilFCT""},""cholesterol_mg_100g"":{""value_per_100g"":0.0,""value_for_portion"":0.0,""label"":""Verified"",""source_url"":""https://i.fnri.dost.gov.ph/fct/library/report/3421"",""source_record_id"":""D142"",""source_name"":""DOST-FNRI PhilFCT""}}"
PH_DISH_039,EST_PH_DISH_039_V1,FC000070,Garlic bulb,15,ASSUMED_REFERENCE_MIXTURE,129.0,7.0,24.6,0.3,1.7,0.8,10.0,0.0,"{""kcal_100g"":{""value_per_100g"":129.0,""value_for_portion"":129.0,""label"":""Verified"",""source_url"":""https://i.fnri.dost.gov.ph/fct/library/report/3363"",""source_record_id"":""D084"",""source_name"":""DOST-FNRI PhilFCT""},""protein_g_100g"":{""value_per_100g"":7.0,""value_for_portion"":7.0,""label"":""Verified"",""source_url"":""https://i.fnri.dost.gov.ph/fct/library/report/3363"",""source_record_id"":""D084"",""source_name"":""DOST-FNRI PhilFCT""},""carbs_g_100g"":{""value_per_100g"":24.6,""value_for_portion"":24.6,""label"":""Verified"",""source_url"":""https://i.fnri.dost.gov.ph/fct/library/report/3363"",""source_record_id"":""D084"",""source_name"":""DOST-FNRI PhilFCT""},""fat_g_100g"":{""value_per_100g"":0.3,""value_for_portion"":0.3,""label"":""Verified"",""source_url"":""https://i.fnri.dost.gov.ph/fct/library/report/3363"",""source_record_id"":""D084"",""source_name"":""DOST-FNRI PhilFCT""},""fiber_g_100g"":{""value_per_100g"":1.7,""value_for_portion"":1.7,""label"":""Verified"",""source_url"":""https://i.fnri.dost.gov.ph/fct/library/report/3363"",""source_record_id"":""D084"",""source_name"":""DOST-FNRI PhilFCT""},""sugar_g_100g"":{""value_per_100g"":0.8,""value_for_portion"":0.8,""label"":""Verified"",""source_url"":""https://i.fnri.dost.gov.ph/fct/library/report/3363"",""source_record_id"":""D084"",""source_name"":""DOST-FNRI PhilFCT""},""sodium_mg_100g"":{""value_per_100g"":10.0,""value_for_portion"":10.0,""label"":""Verified"",""source_url"":""https://i.fnri.dost.gov.ph/fct/library/report/3363"",""source_record_id"":""D084"",""source_name"":""DOST-FNRI PhilFCT""},""cholesterol_mg_100g"":{""value_per_100g"":0.0,""value_for_portion"":0.0,""label"":""Verified"",""source_url"":""https://i.fnri.dost.gov.ph/fct/library/report/3363"",""source_record_id"":""D084"",""source_name"":""DOST-FNRI PhilFCT""}}"
PH_DISH_039,EST_PH_DISH_039_V1,FC000098,Coconut oil,15,ASSUMED_REFERENCE_MIXTURE,892.0,0.0,0.0,99.1,0.0,0.0,0.0,0.0,"{""kcal_100g"":{""value_per_100g"":892.0,""value_for_portion"":892.0,""label"":""Verified"",""source_url"":""https://i.fnri.dost.gov.ph/fct/library/report/4268"",""source_record_id"":""K008"",""source_name"":""DOST-FNRI PhilFCT""},""protein_g_100g"":{""value_per_100g"":0.0,""value_for_portion"":0.0,""label"":""Verified"",""source_url"":""https://i.fnri.dost.gov.ph/fct/library/report/4268"",""source_record_id"":""K008"",""source_name"":""DOST-FNRI PhilFCT""},""carbs_g_100g"":{""value_per_100g"":0.0,""value_for_portion"":0.0,""label"":""Verified"",""source_url"":""https://i.fnri.dost.gov.ph/fct/library/report/4268"",""source_record_id"":""K008"",""source_name"":""DOST-FNRI PhilFCT""},""fat_g_100g"":{""value_per_100g"":99.1,""value_for_portion"":99.1,""label"":""Verified"",""source_url"":""https://i.fnri.dost.gov.ph/fct/library/report/4268"",""source_record_id"":""K008"",""source_name"":""DOST-FNRI PhilFCT""},""fiber_g_100g"":{""value_per_100g"":0.0,""value_for_portion"":0.0,""label"":""Verified"",""source_url"":""https://i.fnri.dost.gov.ph/fct/library/report/4268"",""source_record_id"":""K008"",""source_name"":""DOST-FNRI PhilFCT""},""sugar_g_100g"":{""value_per_100g"":0.0,""value_for_portion"":0.0,""label"":""Verified"",""source_url"":""https://i.fnri.dost.gov.ph/fct/library/report/4268"",""source_record_id"":""K008"",""source_name"":""DOST-FNRI PhilFCT""},""sodium_mg_100g"":{""value_per_100g"":0.0,""value_for_portion"":0.0,""label"":""Verified"",""source_url"":""https://i.fnri.dost.gov.ph/fct/library/report/4268"",""source_record_id"":""K008"",""source_name"":""DOST-FNRI PhilFCT""},""cholesterol_mg_100g"":{""value_per_100g"":0.0,""value_for_portion"":0.0,""label"":""Verified"",""source_url"":""https://i.fnri.dost.gov.ph/fct/library/report/4268"",""source_record_id"":""K008"",""source_name"":""DOST-FNRI PhilFCT""}}"
PH_DISH_039,EST_PH_DISH_039_V1,FC000612,"Salt, coarse",3,ASSUMED_REFERENCE_MIXTURE,0.0,0.0,0.0,0.0,0.0,0.0,34836.0,0.0,"{""kcal_100g"":{""value_per_100g"":0.0,""value_for_portion"":0.0,""label"":""Verified"",""source_url"":""https://i.fnri.dost.gov.ph/fct/library/report/4342"",""source_record_id"":""N019"",""source_name"":""DOST-FNRI PhilFCT""},""protein_g_100g"":{""value_per_100g"":0.0,""value_for_portion"":0.0,""label"":""Verified"",""source_url"":""https://i.fnri.dost.gov.ph/fct/library/report/4342"",""source_record_id"":""N019"",""source_name"":""DOST-FNRI PhilFCT""},""carbs_g_100g"":{""value_per_100g"":0.0,""value_for_portion"":0.0,""label"":""Verified"",""source_url"":""https://i.fnri.dost.gov.ph/fct/library/report/4342"",""source_record_id"":""N019"",""source_name"":""DOST-FNRI PhilFCT""},""fat_g_100g"":{""value_per_100g"":0.0,""value_for_portion"":0.0,""label"":""Verified"",""source_url"":""https://i.fnri.dost.gov.ph/fct/library/report/4342"",""source_record_id"":""N019"",""source_name"":""DOST-FNRI PhilFCT""},""fiber_g_100g"":{""value_per_100g"":0.0,""value_for_portion"":0.0,""label"":""Verified"",""source_url"":""https://i.fnri.dost.gov.ph/fct/library/report/4342"",""source_record_id"":""N019"",""source_name"":""DOST-FNRI PhilFCT""},""sugar_g_100g"":{""value_per_100g"":0.0,""value_for_portion"":0.0,""label"":""Verified"",""source_url"":""https://i.fnri.dost.gov.ph/fct/library/report/4342"",""source_record_id"":""N019"",""source_name"":""DOST-FNRI PhilFCT""},""sodium_mg_100g"":{""value_per_100g"":34836.0,""value_for_portion"":34836.0,""label"":""Verified"",""source_url"":""https://i.fnri.dost.gov.ph/fct/library/report/4342"",""source_record_id"":""N019"",""source_name"":""DOST-FNRI PhilFCT""},""cholesterol_mg_100g"":{""value_per_100g"":0.0,""value_for_portion"":0.0,""label"":""Verified"",""source_url"":""https://i.fnri.dost.gov.ph/fct/library/report/4342"",""source_record_id"":""N019"",""source_name"":""DOST-FNRI PhilFCT""}}"
PH_DISH_039,EST_PH_DISH_039_V1,FC001237,"Beverages, water, tap, drinking",400,ASSUMED_REFERENCE_MIXTURE,0.0,0.0,0.0,0.0,0.0,0.0,4.0,0.0,"{""kcal_100g"":{""value_per_100g"":0.0,""value_for_portion"":0.0,""label"":""Other source"",""source_url"":""https://fdc.nal.usda.gov/food-details/173647/nutrients"",""source_record_id"":""USDA_FC001237_173647"",""source_name"":""USDA FoodData Central SR Legacy""},""protein_g_100g"":{""value_per_100g"":0.0,""value_for_portion"":0.0,""label"":""Other source"",""source_url"":""https://fdc.nal.usda.gov/food-details/173647/nutrients"",""source_record_id"":""USDA_FC001237_173647"",""source_name"":""USDA FoodData Central SR Legacy""},""carbs_g_100g"":{""value_per_100g"":0.0,""value_for_portion"":0.0,""label"":""Other source"",""source_url"":""https://fdc.nal.usda.gov/food-details/173647/nutrients"",""source_record_id"":""USDA_FC001237_173647"",""source_name"":""USDA FoodData Central SR Legacy""},""fat_g_100g"":{""value_per_100g"":0.0,""value_for_portion"":0.0,""label"":""Other source"",""source_url"":""https://fdc.nal.usda.gov/food-details/173647/nutrients"",""source_record_id"":""USDA_FC001237_173647"",""source_name"":""USDA FoodData Central SR Legacy""},""fiber_g_100g"":{""value_per_100g"":0.0,""value_for_portion"":0.0,""label"":""Other source"",""source_url"":""https://fdc.nal.usda.gov/food-details/173647/nutrients"",""source_record_id"":""USDA_FC001237_173647"",""source_name"":""USDA FoodData Central SR Legacy""},""sugar_g_100g"":{""value_per_100g"":0.0,""value_for_portion"":0.0,""label"":""Other source"",""source_url"":""https://fdc.nal.usda.gov/food-details/173647/nutrients"",""source_record_id"":""USDA_FC001237_173647"",""source_name"":""USDA FoodData Central SR Legacy""},""sodium_mg_100g"":{""value_per_100g"":4.0,""value_for_portion"":4.0,""label"":""Other source"",""source_url"":""https://fdc.nal.usda.gov/food-details/173647/nutrients"",""source_record_id"":""USDA_FC001237_173647"",""source_name"":""USDA FoodData Central SR Legacy""},""cholesterol_mg_100g"":{""value_per_100g"":0.0,""value_for_portion"":0.0,""label"":""Other source"",""source_url"":""https://fdc.nal.usda.gov/food-details/173647/nutrients"",""source_record_id"":""USDA_FC001237_173647"",""source_name"":""USDA FoodData Central SR Legacy""}}"
PH_DISH_040,EST_PH_DISH_040_V1,FC000384,"Pork belly, boiled",400,ASSUMED_REFERENCE_MIXTURE,444.0,13.0,0.0,43.6,0.0,0.0,89.0,48.0,"{""kcal_100g"":{""value_per_100g"":444.0,""value_for_portion"":444.0,""label"":""Verified"",""source_url"":""https://i.fnri.dost.gov.ph/fct/library/report/3858"",""source_record_id"":""F151"",""source_name"":""DOST-FNRI PhilFCT""},""protein_g_100g"":{""value_per_100g"":13.0,""value_for_portion"":13.0,""label"":""Verified"",""source_url"":""https://i.fnri.dost.gov.ph/fct/library/report/3858"",""source_record_id"":""F151"",""source_name"":""DOST-FNRI PhilFCT""},""carbs_g_100g"":{""value_per_100g"":0.0,""value_for_portion"":0.0,""label"":""Verified"",""source_url"":""https://i.fnri.dost.gov.ph/fct/library/report/3858"",""source_record_id"":""F151"",""source_name"":""DOST-FNRI PhilFCT""},""fat_g_100g"":{""value_per_100g"":43.6,""value_for_portion"":43.6,""label"":""Verified"",""source_url"":""https://i.fnri.dost.gov.ph/fct/library/report/3858"",""source_record_id"":""F151"",""source_name"":""DOST-FNRI PhilFCT""},""fiber_g_100g"":{""value_per_100g"":0.0,""value_for_portion"":0.0,""label"":""Verified"",""source_url"":""https://i.fnri.dost.gov.ph/fct/library/report/3858"",""source_record_id"":""F151"",""source_name"":""DOST-FNRI PhilFCT""},""sugar_g_100g"":{""value_per_100g"":0.0,""value_for_portion"":0.0,""label"":""Verified"",""source_url"":""https://i.fnri.dost.gov.ph/fct/library/report/3858"",""source_record_id"":""F151"",""source_name"":""DOST-FNRI PhilFCT""},""sodium_mg_100g"":{""value_per_100g"":89.0,""value_for_portion"":89.0,""label"":""Verified"",""source_url"":""https://i.fnri.dost.gov.ph/fct/library/report/3858"",""source_record_id"":""F151"",""source_name"":""DOST-FNRI PhilFCT""},""cholesterol_mg_100g"":{""value_per_100g"":48.0,""value_for_portion"":48.0,""label"":""Verified"",""source_url"":""https://i.fnri.dost.gov.ph/fct/library/report/3858"",""source_record_id"":""F151"",""source_name"":""DOST-FNRI PhilFCT""}}"
PH_DISH_040,EST_PH_DISH_040_V1,FC000097,Coconut milk,300,ASSUMED_REFERENCE_MIXTURE,343.0,5.5,1.9,34.8,2.1,,18.0,0.0,"{""kcal_100g"":{""value_per_100g"":343.0,""value_for_portion"":343.0,""label"":""Verified"",""source_url"":""https://i.fnri.dost.gov.ph/fct/library/report/4262"",""source_record_id"":""K002"",""source_name"":""DOST-FNRI PhilFCT""},""protein_g_100g"":{""value_per_100g"":5.5,""value_for_portion"":5.5,""label"":""Verified"",""source_url"":""https://i.fnri.dost.gov.ph/fct/library/report/4262"",""source_record_id"":""K002"",""source_name"":""DOST-FNRI PhilFCT""},""carbs_g_100g"":{""value_per_100g"":1.9,""value_for_portion"":1.9,""label"":""Verified"",""source_url"":""https://i.fnri.dost.gov.ph/fct/library/report/4262"",""source_record_id"":""K002"",""source_name"":""DOST-FNRI PhilFCT""},""fat_g_100g"":{""value_per_100g"":34.8,""value_for_portion"":34.8,""label"":""Verified"",""source_url"":""https://i.fnri.dost.gov.ph/fct/library/report/4262"",""source_record_id"":""K002"",""source_name"":""DOST-FNRI PhilFCT""},""fiber_g_100g"":{""value_per_100g"":2.1,""value_for_portion"":2.1,""label"":""Verified"",""source_url"":""https://i.fnri.dost.gov.ph/fct/library/report/4262"",""source_record_id"":""K002"",""source_name"":""DOST-FNRI PhilFCT""},""sugar_g_100g"":{""value_per_100g"":null,""value_for_portion"":null,""label"":""Unknown"",""source_url"":null,""source_record_id"":null,""source_name"":null},""sodium_mg_100g"":{""value_per_100g"":18.0,""value_for_portion"":18.0,""label"":""Verified"",""source_url"":""https://i.fnri.dost.gov.ph/fct/library/report/4262"",""source_record_id"":""K002"",""source_name"":""DOST-FNRI PhilFCT""},""cholesterol_mg_100g"":{""value_per_100g"":0.0,""value_for_portion"":0.0,""label"":""Verified"",""source_url"":""https://i.fnri.dost.gov.ph/fct/library/report/4262"",""source_record_id"":""K002"",""source_name"":""DOST-FNRI PhilFCT""}}"
PH_DISH_040,EST_PH_DISH_040_V1,FC000299,"Pepper, chili fruit",60,ASSUMED_REFERENCE_MIXTURE,75.0,4.8,9.0,2.2,3.5,5.0,14.0,0.0,"{""kcal_100g"":{""value_per_100g"":75.0,""value_for_portion"":75.0,""label"":""Verified"",""source_url"":""https://i.fnri.dost.gov.ph/fct/library/report/3443"",""source_record_id"":""D164"",""source_name"":""DOST-FNRI PhilFCT""},""protein_g_100g"":{""value_per_100g"":4.8,""value_for_portion"":4.8,""label"":""Verified"",""source_url"":""https://i.fnri.dost.gov.ph/fct/library/report/3443"",""source_record_id"":""D164"",""source_name"":""DOST-FNRI PhilFCT""},""carbs_g_100g"":{""value_per_100g"":9.0,""value_for_portion"":9.0,""label"":""Verified"",""source_url"":""https://i.fnri.dost.gov.ph/fct/library/report/3443"",""source_record_id"":""D164"",""source_name"":""DOST-FNRI PhilFCT""},""fat_g_100g"":{""value_per_100g"":2.2,""value_for_portion"":2.2,""label"":""Verified"",""source_url"":""https://i.fnri.dost.gov.ph/fct/library/report/3443"",""source_record_id"":""D164"",""source_name"":""DOST-FNRI PhilFCT""},""fiber_g_100g"":{""value_per_100g"":3.5,""value_for_portion"":3.5,""label"":""Verified"",""source_url"":""https://i.fnri.dost.gov.ph/fct/library/report/3443"",""source_record_id"":""D164"",""source_name"":""DOST-FNRI PhilFCT""},""sugar_g_100g"":{""value_per_100g"":5.0,""value_for_portion"":5.0,""label"":""Verified"",""source_url"":""https://i.fnri.dost.gov.ph/fct/library/report/3443"",""source_record_id"":""D164"",""source_name"":""DOST-FNRI PhilFCT""},""sodium_mg_100g"":{""value_per_100g"":14.0,""value_for_portion"":14.0,""label"":""Verified"",""source_url"":""https://i.fnri.dost.gov.ph/fct/library/report/3443"",""source_record_id"":""D164"",""source_name"":""DOST-FNRI PhilFCT""},""cholesterol_mg_100g"":{""value_per_100g"":0.0,""value_for_portion"":0.0,""label"":""Verified"",""source_url"":""https://i.fnri.dost.gov.ph/fct/library/report/3443"",""source_record_id"":""D164"",""source_name"":""DOST-FNRI PhilFCT""}}"
PH_DISH_040,EST_PH_DISH_040_V1,FC001216,"Shrimp paste, sauteed",40,ASSUMED_REFERENCE_MIXTURE,401.0,10.2,17.7,32.1,0.9,16.5,1130.0,189.0,"{""kcal_100g"":{""value_per_100g"":401.0,""value_for_portion"":401.0,""label"":""Verified"",""source_url"":""https://i.fnri.dost.gov.ph/fct/library/report/4354"",""source_record_id"":""N031"",""source_name"":""DOST-FNRI PhilFCT""},""protein_g_100g"":{""value_per_100g"":10.2,""value_for_portion"":10.2,""label"":""Verified"",""source_url"":""https://i.fnri.dost.gov.ph/fct/library/report/4354"",""source_record_id"":""N031"",""source_name"":""DOST-FNRI PhilFCT""},""carbs_g_100g"":{""value_per_100g"":17.7,""value_for_portion"":17.7,""label"":""Verified"",""source_url"":""https://i.fnri.dost.gov.ph/fct/library/report/4354"",""source_record_id"":""N031"",""source_name"":""DOST-FNRI PhilFCT""},""fat_g_100g"":{""value_per_100g"":32.1,""value_for_portion"":32.1,""label"":""Verified"",""source_url"":""https://i.fnri.dost.gov.ph/fct/library/report/4354"",""source_record_id"":""N031"",""source_name"":""DOST-FNRI PhilFCT""},""fiber_g_100g"":{""value_per_100g"":0.9,""value_for_portion"":0.9,""label"":""Verified"",""source_url"":""https://i.fnri.dost.gov.ph/fct/library/report/4354"",""source_record_id"":""N031"",""source_name"":""DOST-FNRI PhilFCT""},""sugar_g_100g"":{""value_per_100g"":16.5,""value_for_portion"":16.5,""label"":""Verified"",""source_url"":""https://i.fnri.dost.gov.ph/fct/library/report/4354"",""source_record_id"":""N031"",""source_name"":""DOST-FNRI PhilFCT""},""sodium_mg_100g"":{""value_per_100g"":1130.0,""value_for_portion"":1130.0,""label"":""Verified"",""source_url"":""https://i.fnri.dost.gov.ph/fct/library/report/4354"",""source_record_id"":""N031"",""source_name"":""DOST-FNRI PhilFCT""},""cholesterol_mg_100g"":{""value_per_100g"":189.0,""value_for_portion"":189.0,""label"":""Verified"",""source_url"":""https://i.fnri.dost.gov.ph/fct/library/report/4354"",""source_record_id"":""N031"",""source_name"":""DOST-FNRI PhilFCT""}}"
PH_DISH_040,EST_PH_DISH_040_V1,FC000333,"Onion, Bombay bulb, boiled",60,ASSUMED_REFERENCE_MIXTURE,47.0,1.2,9.7,0.4,1.3,4.6,3.0,0.0,"{""kcal_100g"":{""value_per_100g"":47.0,""value_for_portion"":47.0,""label"":""Verified"",""source_url"":""https://i.fnri.dost.gov.ph/fct/library/report/3421"",""source_record_id"":""D142"",""source_name"":""DOST-FNRI PhilFCT""},""protein_g_100g"":{""value_per_100g"":1.2,""value_for_portion"":1.2,""label"":""Verified"",""source_url"":""https://i.fnri.dost.gov.ph/fct/library/report/3421"",""source_record_id"":""D142"",""source_name"":""DOST-FNRI PhilFCT""},""carbs_g_100g"":{""value_per_100g"":9.7,""value_for_portion"":9.7,""label"":""Verified"",""source_url"":""https://i.fnri.dost.gov.ph/fct/library/report/3421"",""source_record_id"":""D142"",""source_name"":""DOST-FNRI PhilFCT""},""fat_g_100g"":{""value_per_100g"":0.4,""value_for_portion"":0.4,""label"":""Verified"",""source_url"":""https://i.fnri.dost.gov.ph/fct/library/report/3421"",""source_record_id"":""D142"",""source_name"":""DOST-FNRI PhilFCT""},""fiber_g_100g"":{""value_per_100g"":1.3,""value_for_portion"":1.3,""label"":""Verified"",""source_url"":""https://i.fnri.dost.gov.ph/fct/library/report/3421"",""source_record_id"":""D142"",""source_name"":""DOST-FNRI PhilFCT""},""sugar_g_100g"":{""value_per_100g"":4.6,""value_for_portion"":4.6,""label"":""Verified"",""source_url"":""https://i.fnri.dost.gov.ph/fct/library/report/3421"",""source_record_id"":""D142"",""source_name"":""DOST-FNRI PhilFCT""},""sodium_mg_100g"":{""value_per_100g"":3.0,""value_for_portion"":3.0,""label"":""Verified"",""source_url"":""https://i.fnri.dost.gov.ph/fct/library/report/3421"",""source_record_id"":""D142"",""source_name"":""DOST-FNRI PhilFCT""},""cholesterol_mg_100g"":{""value_per_100g"":0.0,""value_for_portion"":0.0,""label"":""Verified"",""source_url"":""https://i.fnri.dost.gov.ph/fct/library/report/3421"",""source_record_id"":""D142"",""source_name"":""DOST-FNRI PhilFCT""}}"
PH_DISH_040,EST_PH_DISH_040_V1,FC000070,Garlic bulb,15,ASSUMED_REFERENCE_MIXTURE,129.0,7.0,24.6,0.3,1.7,0.8,10.0,0.0,"{""kcal_100g"":{""value_per_100g"":129.0,""value_for_portion"":129.0,""label"":""Verified"",""source_url"":""https://i.fnri.dost.gov.ph/fct/library/report/3363"",""source_record_id"":""D084"",""source_name"":""DOST-FNRI PhilFCT""},""protein_g_100g"":{""value_per_100g"":7.0,""value_for_portion"":7.0,""label"":""Verified"",""source_url"":""https://i.fnri.dost.gov.ph/fct/library/report/3363"",""source_record_id"":""D084"",""source_name"":""DOST-FNRI PhilFCT""},""carbs_g_100g"":{""value_per_100g"":24.6,""value_for_portion"":24.6,""label"":""Verified"",""source_url"":""https://i.fnri.dost.gov.ph/fct/library/report/3363"",""source_record_id"":""D084"",""source_name"":""DOST-FNRI PhilFCT""},""fat_g_100g"":{""value_per_100g"":0.3,""value_for_portion"":0.3,""label"":""Verified"",""source_url"":""https://i.fnri.dost.gov.ph/fct/library/report/3363"",""source_record_id"":""D084"",""source_name"":""DOST-FNRI PhilFCT""},""fiber_g_100g"":{""value_per_100g"":1.7,""value_for_portion"":1.7,""label"":""Verified"",""source_url"":""https://i.fnri.dost.gov.ph/fct/library/report/3363"",""source_record_id"":""D084"",""source_name"":""DOST-FNRI PhilFCT""},""sugar_g_100g"":{""value_per_100g"":0.8,""value_for_portion"":0.8,""label"":""Verified"",""source_url"":""https://i.fnri.dost.gov.ph/fct/library/report/3363"",""source_record_id"":""D084"",""source_name"":""DOST-FNRI PhilFCT""},""sodium_mg_100g"":{""value_per_100g"":10.0,""value_for_portion"":10.0,""label"":""Verified"",""source_url"":""https://i.fnri.dost.gov.ph/fct/library/report/3363"",""source_record_id"":""D084"",""source_name"":""DOST-FNRI PhilFCT""},""cholesterol_mg_100g"":{""value_per_100g"":0.0,""value_for_portion"":0.0,""label"":""Verified"",""source_url"":""https://i.fnri.dost.gov.ph/fct/library/report/3363"",""source_record_id"":""D084"",""source_name"":""DOST-FNRI PhilFCT""}}"
PH_DISH_040,EST_PH_DISH_040_V1,FC000317,Ginger,15,ASSUMED_REFERENCE_MIXTURE,46.0,1.1,8.5,0.8,1.1,0.9,3.0,0.0,"{""kcal_100g"":{""value_per_100g"":46.0,""value_for_portion"":46.0,""label"":""Verified"",""source_url"":""https://i.fnri.dost.gov.ph/fct/library/report/5005"",""source_record_id"":""D304"",""source_name"":""DOST-FNRI PhilFCT""},""protein_g_100g"":{""value_per_100g"":1.1,""value_for_portion"":1.1,""label"":""Verified"",""source_url"":""https://i.fnri.dost.gov.ph/fct/library/report/5005"",""source_record_id"":""D304"",""source_name"":""DOST-FNRI PhilFCT""},""carbs_g_100g"":{""value_per_100g"":8.5,""value_for_portion"":8.5,""label"":""Verified"",""source_url"":""https://i.fnri.dost.gov.ph/fct/library/report/5005"",""source_record_id"":""D304"",""source_name"":""DOST-FNRI PhilFCT""},""fat_g_100g"":{""value_per_100g"":0.8,""value_for_portion"":0.8,""label"":""Verified"",""source_url"":""https://i.fnri.dost.gov.ph/fct/library/report/5005"",""source_record_id"":""D304"",""source_name"":""DOST-FNRI PhilFCT""},""fiber_g_100g"":{""value_per_100g"":1.1,""value_for_portion"":1.1,""label"":""Verified"",""source_url"":""https://i.fnri.dost.gov.ph/fct/library/report/5005"",""source_record_id"":""D304"",""source_name"":""DOST-FNRI PhilFCT""},""sugar_g_100g"":{""value_per_100g"":0.9,""value_for_portion"":0.9,""label"":""Verified"",""source_url"":""https://i.fnri.dost.gov.ph/fct/library/report/5005"",""source_record_id"":""D304"",""source_name"":""DOST-FNRI PhilFCT""},""sodium_mg_100g"":{""value_per_100g"":3.0,""value_for_portion"":3.0,""label"":""Verified"",""source_url"":""https://i.fnri.dost.gov.ph/fct/library/report/5005"",""source_record_id"":""D304"",""source_name"":""DOST-FNRI PhilFCT""},""cholesterol_mg_100g"":{""value_per_100g"":0.0,""value_for_portion"":0.0,""label"":""Verified"",""source_url"":""https://i.fnri.dost.gov.ph/fct/library/report/5005"",""source_record_id"":""D304"",""source_name"":""DOST-FNRI PhilFCT""}}"
PH_DISH_040,EST_PH_DISH_040_V1,FC001237,"Beverages, water, tap, drinking",100,ASSUMED_REFERENCE_MIXTURE,0.0,0.0,0.0,0.0,0.0,0.0,4.0,0.0,"{""kcal_100g"":{""value_per_100g"":0.0,""value_for_portion"":0.0,""label"":""Other source"",""source_url"":""https://fdc.nal.usda.gov/food-details/173647/nutrients"",""source_record_id"":""USDA_FC001237_173647"",""source_name"":""USDA FoodData Central SR Legacy""},""protein_g_100g"":{""value_per_100g"":0.0,""value_for_portion"":0.0,""label"":""Other source"",""source_url"":""https://fdc.nal.usda.gov/food-details/173647/nutrients"",""source_record_id"":""USDA_FC001237_173647"",""source_name"":""USDA FoodData Central SR Legacy""},""carbs_g_100g"":{""value_per_100g"":0.0,""value_for_portion"":0.0,""label"":""Other source"",""source_url"":""https://fdc.nal.usda.gov/food-details/173647/nutrients"",""source_record_id"":""USDA_FC001237_173647"",""source_name"":""USDA FoodData Central SR Legacy""},""fat_g_100g"":{""value_per_100g"":0.0,""value_for_portion"":0.0,""label"":""Other source"",""source_url"":""https://fdc.nal.usda.gov/food-details/173647/nutrients"",""source_record_id"":""USDA_FC001237_173647"",""source_name"":""USDA FoodData Central SR Legacy""},""fiber_g_100g"":{""value_per_100g"":0.0,""value_for_portion"":0.0,""label"":""Other source"",""source_url"":""https://fdc.nal.usda.gov/food-details/173647/nutrients"",""source_record_id"":""USDA_FC001237_173647"",""source_name"":""USDA FoodData Central SR Legacy""},""sugar_g_100g"":{""value_per_100g"":0.0,""value_for_portion"":0.0,""label"":""Other source"",""source_url"":""https://fdc.nal.usda.gov/food-details/173647/nutrients"",""source_record_id"":""USDA_FC001237_173647"",""source_name"":""USDA FoodData Central SR Legacy""},""sodium_mg_100g"":{""value_per_100g"":4.0,""value_for_portion"":4.0,""label"":""Other source"",""source_url"":""https://fdc.nal.usda.gov/food-details/173647/nutrients"",""source_record_id"":""USDA_FC001237_173647"",""source_name"":""USDA FoodData Central SR Legacy""},""cholesterol_mg_100g"":{""value_per_100g"":0.0,""value_for_portion"":0.0,""label"":""Other source"",""source_url"":""https://fdc.nal.usda.gov/food-details/173647/nutrients"",""source_record_id"":""USDA_FC001237_173647"",""source_name"":""USDA FoodData Central SR Legacy""}}"
PH_DISH_041,EST_PH_DISH_041_V1,FC000014,"Rice noodles, cooked",600,ASSUMED_REFERENCE_MIXTURE,115.0,0.5,26.9,0.6,1.1,0.0,4.0,0.0,"{""kcal_100g"":{""value_per_100g"":115.0,""value_for_portion"":115.0,""label"":""Verified"",""source_url"":""https://i.fnri.dost.gov.ph/fct/library/report/3100"",""source_record_id"":""A138"",""source_name"":""DOST-FNRI PhilFCT""},""protein_g_100g"":{""value_per_100g"":0.5,""value_for_portion"":0.5,""label"":""Verified"",""source_url"":""https://i.fnri.dost.gov.ph/fct/library/report/3100"",""source_record_id"":""A138"",""source_name"":""DOST-FNRI PhilFCT""},""carbs_g_100g"":{""value_per_100g"":26.9,""value_for_portion"":26.9,""label"":""Verified"",""source_url"":""https://i.fnri.dost.gov.ph/fct/library/report/3100"",""source_record_id"":""A138"",""source_name"":""DOST-FNRI PhilFCT""},""fat_g_100g"":{""value_per_100g"":0.6,""value_for_portion"":0.6,""label"":""Verified"",""source_url"":""https://i.fnri.dost.gov.ph/fct/library/report/3100"",""source_record_id"":""A138"",""source_name"":""DOST-FNRI PhilFCT""},""fiber_g_100g"":{""value_per_100g"":1.1,""value_for_portion"":1.1,""label"":""Verified"",""source_url"":""https://i.fnri.dost.gov.ph/fct/library/report/3100"",""source_record_id"":""A138"",""source_name"":""DOST-FNRI PhilFCT""},""sugar_g_100g"":{""value_per_100g"":0.0,""value_for_portion"":0.0,""label"":""Verified"",""source_url"":""https://i.fnri.dost.gov.ph/fct/library/report/3100"",""source_record_id"":""A138"",""source_name"":""DOST-FNRI PhilFCT""},""sodium_mg_100g"":{""value_per_100g"":4.0,""value_for_portion"":4.0,""label"":""Verified"",""source_url"":""https://i.fnri.dost.gov.ph/fct/library/report/3100"",""source_record_id"":""A138"",""source_name"":""DOST-FNRI PhilFCT""},""cholesterol_mg_100g"":{""value_per_100g"":0.0,""value_for_portion"":0.0,""label"":""Verified"",""source_url"":""https://i.fnri.dost.gov.ph/fct/library/report/3100"",""source_record_id"":""A138"",""source_name"":""DOST-FNRI PhilFCT""}}"
PH_DISH_041,EST_PH_DISH_041_V1,FC000382,"Chicken, white meat, boiled",200,ASSUMED_REFERENCE_MIXTURE,173.0,32.9,0.0,4.6,0.0,0.0,81.0,,"{""kcal_100g"":{""value_per_100g"":173.0,""value_for_portion"":173.0,""label"":""Verified"",""source_url"":""https://i.fnri.dost.gov.ph/fct/library/report/3818"",""source_record_id"":""F111"",""source_name"":""DOST-FNRI PhilFCT""},""protein_g_100g"":{""value_per_100g"":32.9,""value_for_portion"":32.9,""label"":""Verified"",""source_url"":""https://i.fnri.dost.gov.ph/fct/library/report/3818"",""source_record_id"":""F111"",""source_name"":""DOST-FNRI PhilFCT""},""carbs_g_100g"":{""value_per_100g"":0.0,""value_for_portion"":0.0,""label"":""Verified"",""source_url"":""https://i.fnri.dost.gov.ph/fct/library/report/3818"",""source_record_id"":""F111"",""source_name"":""DOST-FNRI PhilFCT""},""fat_g_100g"":{""value_per_100g"":4.6,""value_for_portion"":4.6,""label"":""Verified"",""source_url"":""https://i.fnri.dost.gov.ph/fct/library/report/3818"",""source_record_id"":""F111"",""source_name"":""DOST-FNRI PhilFCT""},""fiber_g_100g"":{""value_per_100g"":0.0,""value_for_portion"":0.0,""label"":""Verified"",""source_url"":""https://i.fnri.dost.gov.ph/fct/library/report/3818"",""source_record_id"":""F111"",""source_name"":""DOST-FNRI PhilFCT""},""sugar_g_100g"":{""value_per_100g"":0.0,""value_for_portion"":0.0,""label"":""Verified"",""source_url"":""https://i.fnri.dost.gov.ph/fct/library/report/3818"",""source_record_id"":""F111"",""source_name"":""DOST-FNRI PhilFCT""},""sodium_mg_100g"":{""value_per_100g"":81.0,""value_for_portion"":81.0,""label"":""Verified"",""source_url"":""https://i.fnri.dost.gov.ph/fct/library/report/3818"",""source_record_id"":""F111"",""source_name"":""DOST-FNRI PhilFCT""},""cholesterol_mg_100g"":{""value_per_100g"":null,""value_for_portion"":null,""label"":""Unknown"",""source_url"":null,""source_record_id"":null,""source_name"":null}}"
PH_DISH_041,EST_PH_DISH_041_V1,FC000252,"Cabbage, green, boiled",200,ASSUMED_REFERENCE_MIXTURE,23.0,0.6,5.0,0.1,1.5,2.3,6.0,0.0,"{""kcal_100g"":{""value_per_100g"":23.0,""value_for_portion"":23.0,""label"":""Verified"",""source_url"":""https://i.fnri.dost.gov.ph/fct/library/report/3315"",""source_record_id"":""D036"",""source_name"":""DOST-FNRI PhilFCT""},""protein_g_100g"":{""value_per_100g"":0.6,""value_for_portion"":0.6,""label"":""Verified"",""source_url"":""https://i.fnri.dost.gov.ph/fct/library/report/3315"",""source_record_id"":""D036"",""source_name"":""DOST-FNRI PhilFCT""},""carbs_g_100g"":{""value_per_100g"":5.0,""value_for_portion"":5.0,""label"":""Verified"",""source_url"":""https://i.fnri.dost.gov.ph/fct/library/report/3315"",""source_record_id"":""D036"",""source_name"":""DOST-FNRI PhilFCT""},""fat_g_100g"":{""value_per_100g"":0.1,""value_for_portion"":0.1,""label"":""Verified"",""source_url"":""https://i.fnri.dost.gov.ph/fct/library/report/3315"",""source_record_id"":""D036"",""source_name"":""DOST-FNRI PhilFCT""},""fiber_g_100g"":{""value_per_100g"":1.5,""value_for_portion"":1.5,""label"":""Verified"",""source_url"":""https://i.fnri.dost.gov.ph/fct/library/report/3315"",""source_record_id"":""D036"",""source_name"":""DOST-FNRI PhilFCT""},""sugar_g_100g"":{""value_per_100g"":2.3,""value_for_portion"":2.3,""label"":""Verified"",""source_url"":""https://i.fnri.dost.gov.ph/fct/library/report/3315"",""source_record_id"":""D036"",""source_name"":""DOST-FNRI PhilFCT""},""sodium_mg_100g"":{""value_per_100g"":6.0,""value_for_portion"":6.0,""label"":""Verified"",""source_url"":""https://i.fnri.dost.gov.ph/fct/library/report/3315"",""source_record_id"":""D036"",""source_name"":""DOST-FNRI PhilFCT""},""cholesterol_mg_100g"":{""value_per_100g"":0.0,""value_for_portion"":0.0,""label"":""Verified"",""source_url"":""https://i.fnri.dost.gov.ph/fct/library/report/3315"",""source_record_id"":""D036"",""source_name"":""DOST-FNRI PhilFCT""}}"
PH_DISH_041,EST_PH_DISH_041_V1,FC000324,"Carrot, boiled",100,ASSUMED_REFERENCE_MIXTURE,42.0,1.1,8.6,0.4,3.3,3.8,64.0,0.0,"{""kcal_100g"":{""value_per_100g"":42.0,""value_for_portion"":42.0,""label"":""Verified"",""source_url"":""https://i.fnri.dost.gov.ph/fct/library/report/3319"",""source_record_id"":""D040"",""source_name"":""DOST-FNRI PhilFCT""},""protein_g_100g"":{""value_per_100g"":1.1,""value_for_portion"":1.1,""label"":""Verified"",""source_url"":""https://i.fnri.dost.gov.ph/fct/library/report/3319"",""source_record_id"":""D040"",""source_name"":""DOST-FNRI PhilFCT""},""carbs_g_100g"":{""value_per_100g"":8.6,""value_for_portion"":8.6,""label"":""Verified"",""source_url"":""https://i.fnri.dost.gov.ph/fct/library/report/3319"",""source_record_id"":""D040"",""source_name"":""DOST-FNRI PhilFCT""},""fat_g_100g"":{""value_per_100g"":0.4,""value_for_portion"":0.4,""label"":""Verified"",""source_url"":""https://i.fnri.dost.gov.ph/fct/library/report/3319"",""source_record_id"":""D040"",""source_name"":""DOST-FNRI PhilFCT""},""fiber_g_100g"":{""value_per_100g"":3.3,""value_for_portion"":3.3,""label"":""Verified"",""source_url"":""https://i.fnri.dost.gov.ph/fct/library/report/3319"",""source_record_id"":""D040"",""source_name"":""DOST-FNRI PhilFCT""},""sugar_g_100g"":{""value_per_100g"":3.8,""value_for_portion"":3.8,""label"":""Verified"",""source_url"":""https://i.fnri.dost.gov.ph/fct/library/report/3319"",""source_record_id"":""D040"",""source_name"":""DOST-FNRI PhilFCT""},""sodium_mg_100g"":{""value_per_100g"":64.0,""value_for_portion"":64.0,""label"":""Verified"",""source_url"":""https://i.fnri.dost.gov.ph/fct/library/report/3319"",""source_record_id"":""D040"",""source_name"":""DOST-FNRI PhilFCT""},""cholesterol_mg_100g"":{""value_per_100g"":0.0,""value_for_portion"":0.0,""label"":""Verified"",""source_url"":""https://i.fnri.dost.gov.ph/fct/library/report/3319"",""source_record_id"":""D040"",""source_name"":""DOST-FNRI PhilFCT""}}"
PH_DISH_041,EST_PH_DISH_041_V1,FC000333,"Onion, Bombay bulb, boiled",60,ASSUMED_REFERENCE_MIXTURE,47.0,1.2,9.7,0.4,1.3,4.6,3.0,0.0,"{""kcal_100g"":{""value_per_100g"":47.0,""value_for_portion"":47.0,""label"":""Verified"",""source_url"":""https://i.fnri.dost.gov.ph/fct/library/report/3421"",""source_record_id"":""D142"",""source_name"":""DOST-FNRI PhilFCT""},""protein_g_100g"":{""value_per_100g"":1.2,""value_for_portion"":1.2,""label"":""Verified"",""source_url"":""https://i.fnri.dost.gov.ph/fct/library/report/3421"",""source_record_id"":""D142"",""source_name"":""DOST-FNRI PhilFCT""},""carbs_g_100g"":{""value_per_100g"":9.7,""value_for_portion"":9.7,""label"":""Verified"",""source_url"":""https://i.fnri.dost.gov.ph/fct/library/report/3421"",""source_record_id"":""D142"",""source_name"":""DOST-FNRI PhilFCT""},""fat_g_100g"":{""value_per_100g"":0.4,""value_for_portion"":0.4,""label"":""Verified"",""source_url"":""https://i.fnri.dost.gov.ph/fct/library/report/3421"",""source_record_id"":""D142"",""source_name"":""DOST-FNRI PhilFCT""},""fiber_g_100g"":{""value_per_100g"":1.3,""value_for_portion"":1.3,""label"":""Verified"",""source_url"":""https://i.fnri.dost.gov.ph/fct/library/report/3421"",""source_record_id"":""D142"",""source_name"":""DOST-FNRI PhilFCT""},""sugar_g_100g"":{""value_per_100g"":4.6,""value_for_portion"":4.6,""label"":""Verified"",""source_url"":""https://i.fnri.dost.gov.ph/fct/library/report/3421"",""source_record_id"":""D142"",""source_name"":""DOST-FNRI PhilFCT""},""sodium_mg_100g"":{""value_per_100g"":3.0,""value_for_portion"":3.0,""label"":""Verified"",""source_url"":""https://i.fnri.dost.gov.ph/fct/library/report/3421"",""source_record_id"":""D142"",""source_name"":""DOST-FNRI PhilFCT""},""cholesterol_mg_100g"":{""value_per_100g"":0.0,""value_for_portion"":0.0,""label"":""Verified"",""source_url"":""https://i.fnri.dost.gov.ph/fct/library/report/3421"",""source_record_id"":""D142"",""source_name"":""DOST-FNRI PhilFCT""}}"
PH_DISH_041,EST_PH_DISH_041_V1,FC000070,Garlic bulb,15,ASSUMED_REFERENCE_MIXTURE,129.0,7.0,24.6,0.3,1.7,0.8,10.0,0.0,"{""kcal_100g"":{""value_per_100g"":129.0,""value_for_portion"":129.0,""label"":""Verified"",""source_url"":""https://i.fnri.dost.gov.ph/fct/library/report/3363"",""source_record_id"":""D084"",""source_name"":""DOST-FNRI PhilFCT""},""protein_g_100g"":{""value_per_100g"":7.0,""value_for_portion"":7.0,""label"":""Verified"",""source_url"":""https://i.fnri.dost.gov.ph/fct/library/report/3363"",""source_record_id"":""D084"",""source_name"":""DOST-FNRI PhilFCT""},""carbs_g_100g"":{""value_per_100g"":24.6,""value_for_portion"":24.6,""label"":""Verified"",""source_url"":""https://i.fnri.dost.gov.ph/fct/library/report/3363"",""source_record_id"":""D084"",""source_name"":""DOST-FNRI PhilFCT""},""fat_g_100g"":{""value_per_100g"":0.3,""value_for_portion"":0.3,""label"":""Verified"",""source_url"":""https://i.fnri.dost.gov.ph/fct/library/report/3363"",""source_record_id"":""D084"",""source_name"":""DOST-FNRI PhilFCT""},""fiber_g_100g"":{""value_per_100g"":1.7,""value_for_portion"":1.7,""label"":""Verified"",""source_url"":""https://i.fnri.dost.gov.ph/fct/library/report/3363"",""source_record_id"":""D084"",""source_name"":""DOST-FNRI PhilFCT""},""sugar_g_100g"":{""value_per_100g"":0.8,""value_for_portion"":0.8,""label"":""Verified"",""source_url"":""https://i.fnri.dost.gov.ph/fct/library/report/3363"",""source_record_id"":""D084"",""source_name"":""DOST-FNRI PhilFCT""},""sodium_mg_100g"":{""value_per_100g"":10.0,""value_for_portion"":10.0,""label"":""Verified"",""source_url"":""https://i.fnri.dost.gov.ph/fct/library/report/3363"",""source_record_id"":""D084"",""source_name"":""DOST-FNRI PhilFCT""},""cholesterol_mg_100g"":{""value_per_100g"":0.0,""value_for_portion"":0.0,""label"":""Verified"",""source_url"":""https://i.fnri.dost.gov.ph/fct/library/report/3363"",""source_record_id"":""D084"",""source_name"":""DOST-FNRI PhilFCT""}}"
PH_DISH_041,EST_PH_DISH_041_V1,FC000099,Soy sauce,40,ASSUMED_REFERENCE_MIXTURE,75.0,3.5,15.0,0.1,1.0,0.5,2041.0,0.0,"{""kcal_100g"":{""value_per_100g"":75.0,""value_for_portion"":75.0,""label"":""Verified"",""source_url"":""https://i.fnri.dost.gov.ph/fct/library/report/4346"",""source_record_id"":""N023"",""source_name"":""DOST-FNRI PhilFCT""},""protein_g_100g"":{""value_per_100g"":3.5,""value_for_portion"":3.5,""label"":""Verified"",""source_url"":""https://i.fnri.dost.gov.ph/fct/library/report/4346"",""source_record_id"":""N023"",""source_name"":""DOST-FNRI PhilFCT""},""carbs_g_100g"":{""value_per_100g"":15.0,""value_for_portion"":15.0,""label"":""Verified"",""source_url"":""https://i.fnri.dost.gov.ph/fct/library/report/4346"",""source_record_id"":""N023"",""source_name"":""DOST-FNRI PhilFCT""},""fat_g_100g"":{""value_per_100g"":0.1,""value_for_portion"":0.1,""label"":""Verified"",""source_url"":""https://i.fnri.dost.gov.ph/fct/library/report/4346"",""source_record_id"":""N023"",""source_name"":""DOST-FNRI PhilFCT""},""fiber_g_100g"":{""value_per_100g"":1.0,""value_for_portion"":1.0,""label"":""Verified"",""source_url"":""https://i.fnri.dost.gov.ph/fct/library/report/4346"",""source_record_id"":""N023"",""source_name"":""DOST-FNRI PhilFCT""},""sugar_g_100g"":{""value_per_100g"":0.5,""value_for_portion"":0.5,""label"":""Verified"",""source_url"":""https://i.fnri.dost.gov.ph/fct/library/report/4346"",""source_record_id"":""N023"",""source_name"":""DOST-FNRI PhilFCT""},""sodium_mg_100g"":{""value_per_100g"":2041.0,""value_for_portion"":2041.0,""label"":""Verified"",""source_url"":""https://i.fnri.dost.gov.ph/fct/library/report/4346"",""source_record_id"":""N023"",""source_name"":""DOST-FNRI PhilFCT""},""cholesterol_mg_100g"":{""value_per_100g"":0.0,""value_for_portion"":0.0,""label"":""Verified"",""source_url"":""https://i.fnri.dost.gov.ph/fct/library/report/4346"",""source_record_id"":""N023"",""source_name"":""DOST-FNRI PhilFCT""}}"
PH_DISH_041,EST_PH_DISH_041_V1,FC000098,Coconut oil,30,ASSUMED_REFERENCE_MIXTURE,892.0,0.0,0.0,99.1,0.0,0.0,0.0,0.0,"{""kcal_100g"":{""value_per_100g"":892.0,""value_for_portion"":892.0,""label"":""Verified"",""source_url"":""https://i.fnri.dost.gov.ph/fct/library/report/4268"",""source_record_id"":""K008"",""source_name"":""DOST-FNRI PhilFCT""},""protein_g_100g"":{""value_per_100g"":0.0,""value_for_portion"":0.0,""label"":""Verified"",""source_url"":""https://i.fnri.dost.gov.ph/fct/library/report/4268"",""source_record_id"":""K008"",""source_name"":""DOST-FNRI PhilFCT""},""carbs_g_100g"":{""value_per_100g"":0.0,""value_for_portion"":0.0,""label"":""Verified"",""source_url"":""https://i.fnri.dost.gov.ph/fct/library/report/4268"",""source_record_id"":""K008"",""source_name"":""DOST-FNRI PhilFCT""},""fat_g_100g"":{""value_per_100g"":99.1,""value_for_portion"":99.1,""label"":""Verified"",""source_url"":""https://i.fnri.dost.gov.ph/fct/library/report/4268"",""source_record_id"":""K008"",""source_name"":""DOST-FNRI PhilFCT""},""fiber_g_100g"":{""value_per_100g"":0.0,""value_for_portion"":0.0,""label"":""Verified"",""source_url"":""https://i.fnri.dost.gov.ph/fct/library/report/4268"",""source_record_id"":""K008"",""source_name"":""DOST-FNRI PhilFCT""},""sugar_g_100g"":{""value_per_100g"":0.0,""value_for_portion"":0.0,""label"":""Verified"",""source_url"":""https://i.fnri.dost.gov.ph/fct/library/report/4268"",""source_record_id"":""K008"",""source_name"":""DOST-FNRI PhilFCT""},""sodium_mg_100g"":{""value_per_100g"":0.0,""value_for_portion"":0.0,""label"":""Verified"",""source_url"":""https://i.fnri.dost.gov.ph/fct/library/report/4268"",""source_record_id"":""K008"",""source_name"":""DOST-FNRI PhilFCT""},""cholesterol_mg_100g"":{""value_per_100g"":0.0,""value_for_portion"":0.0,""label"":""Verified"",""source_url"":""https://i.fnri.dost.gov.ph/fct/library/report/4268"",""source_record_id"":""K008"",""source_name"":""DOST-FNRI PhilFCT""}}"
PH_DISH_041,EST_PH_DISH_041_V1,FC001237,"Beverages, water, tap, drinking",80,ASSUMED_REFERENCE_MIXTURE,0.0,0.0,0.0,0.0,0.0,0.0,4.0,0.0,"{""kcal_100g"":{""value_per_100g"":0.0,""value_for_portion"":0.0,""label"":""Other source"",""source_url"":""https://fdc.nal.usda.gov/food-details/173647/nutrients"",""source_record_id"":""USDA_FC001237_173647"",""source_name"":""USDA FoodData Central SR Legacy""},""protein_g_100g"":{""value_per_100g"":0.0,""value_for_portion"":0.0,""label"":""Other source"",""source_url"":""https://fdc.nal.usda.gov/food-details/173647/nutrients"",""source_record_id"":""USDA_FC001237_173647"",""source_name"":""USDA FoodData Central SR Legacy""},""carbs_g_100g"":{""value_per_100g"":0.0,""value_for_portion"":0.0,""label"":""Other source"",""source_url"":""https://fdc.nal.usda.gov/food-details/173647/nutrients"",""source_record_id"":""USDA_FC001237_173647"",""source_name"":""USDA FoodData Central SR Legacy""},""fat_g_100g"":{""value_per_100g"":0.0,""value_for_portion"":0.0,""label"":""Other source"",""source_url"":""https://fdc.nal.usda.gov/food-details/173647/nutrients"",""source_record_id"":""USDA_FC001237_173647"",""source_name"":""USDA FoodData Central SR Legacy""},""fiber_g_100g"":{""value_per_100g"":0.0,""value_for_portion"":0.0,""label"":""Other source"",""source_url"":""https://fdc.nal.usda.gov/food-details/173647/nutrients"",""source_record_id"":""USDA_FC001237_173647"",""source_name"":""USDA FoodData Central SR Legacy""},""sugar_g_100g"":{""value_per_100g"":0.0,""value_for_portion"":0.0,""label"":""Other source"",""source_url"":""https://fdc.nal.usda.gov/food-details/173647/nutrients"",""source_record_id"":""USDA_FC001237_173647"",""source_name"":""USDA FoodData Central SR Legacy""},""sodium_mg_100g"":{""value_per_100g"":4.0,""value_for_portion"":4.0,""label"":""Other source"",""source_url"":""https://fdc.nal.usda.gov/food-details/173647/nutrients"",""source_record_id"":""USDA_FC001237_173647"",""source_name"":""USDA FoodData Central SR Legacy""},""cholesterol_mg_100g"":{""value_per_100g"":0.0,""value_for_portion"":0.0,""label"":""Other source"",""source_url"":""https://fdc.nal.usda.gov/food-details/173647/nutrients"",""source_record_id"":""USDA_FC001237_173647"",""source_name"":""USDA FoodData Central SR Legacy""}}"
PH_DISH_042,EST_PH_DISH_042_V1,FC000014,"Rice noodles, cooked",600,ASSUMED_REFERENCE_MIXTURE,115.0,0.5,26.9,0.6,1.1,0.0,4.0,0.0,"{""kcal_100g"":{""value_per_100g"":115.0,""value_for_portion"":115.0,""label"":""Verified"",""source_url"":""https://i.fnri.dost.gov.ph/fct/library/report/3100"",""source_record_id"":""A138"",""source_name"":""DOST-FNRI PhilFCT""},""protein_g_100g"":{""value_per_100g"":0.5,""value_for_portion"":0.5,""label"":""Verified"",""source_url"":""https://i.fnri.dost.gov.ph/fct/library/report/3100"",""source_record_id"":""A138"",""source_name"":""DOST-FNRI PhilFCT""},""carbs_g_100g"":{""value_per_100g"":26.9,""value_for_portion"":26.9,""label"":""Verified"",""source_url"":""https://i.fnri.dost.gov.ph/fct/library/report/3100"",""source_record_id"":""A138"",""source_name"":""DOST-FNRI PhilFCT""},""fat_g_100g"":{""value_per_100g"":0.6,""value_for_portion"":0.6,""label"":""Verified"",""source_url"":""https://i.fnri.dost.gov.ph/fct/library/report/3100"",""source_record_id"":""A138"",""source_name"":""DOST-FNRI PhilFCT""},""fiber_g_100g"":{""value_per_100g"":1.1,""value_for_portion"":1.1,""label"":""Verified"",""source_url"":""https://i.fnri.dost.gov.ph/fct/library/report/3100"",""source_record_id"":""A138"",""source_name"":""DOST-FNRI PhilFCT""},""sugar_g_100g"":{""value_per_100g"":0.0,""value_for_portion"":0.0,""label"":""Verified"",""source_url"":""https://i.fnri.dost.gov.ph/fct/library/report/3100"",""source_record_id"":""A138"",""source_name"":""DOST-FNRI PhilFCT""},""sodium_mg_100g"":{""value_per_100g"":4.0,""value_for_portion"":4.0,""label"":""Verified"",""source_url"":""https://i.fnri.dost.gov.ph/fct/library/report/3100"",""source_record_id"":""A138"",""source_name"":""DOST-FNRI PhilFCT""},""cholesterol_mg_100g"":{""value_per_100g"":0.0,""value_for_portion"":0.0,""label"":""Verified"",""source_url"":""https://i.fnri.dost.gov.ph/fct/library/report/3100"",""source_record_id"":""A138"",""source_name"":""DOST-FNRI PhilFCT""}}"
PH_DISH_042,EST_PH_DISH_042_V1,FC000454,"Shrimp, banana prawn, boiled",200,ASSUMED_REFERENCE_MIXTURE,104.0,11.2,14.0,0.4,0.0,0.0,113.0,,"{""kcal_100g"":{""value_per_100g"":104.0,""value_for_portion"":104.0,""label"":""Verified"",""source_url"":""https://i.fnri.dost.gov.ph/fct/library/report/4094"",""source_record_id"":""G114"",""source_name"":""DOST-FNRI PhilFCT""},""protein_g_100g"":{""value_per_100g"":11.2,""value_for_portion"":11.2,""label"":""Verified"",""source_url"":""https://i.fnri.dost.gov.ph/fct/library/report/4094"",""source_record_id"":""G114"",""source_name"":""DOST-FNRI PhilFCT""},""carbs_g_100g"":{""value_per_100g"":14.0,""value_for_portion"":14.0,""label"":""Verified"",""source_url"":""https://i.fnri.dost.gov.ph/fct/library/report/4094"",""source_record_id"":""G114"",""source_name"":""DOST-FNRI PhilFCT""},""fat_g_100g"":{""value_per_100g"":0.4,""value_for_portion"":0.4,""label"":""Verified"",""source_url"":""https://i.fnri.dost.gov.ph/fct/library/report/4094"",""source_record_id"":""G114"",""source_name"":""DOST-FNRI PhilFCT""},""fiber_g_100g"":{""value_per_100g"":0.0,""value_for_portion"":0.0,""label"":""Verified"",""source_url"":""https://i.fnri.dost.gov.ph/fct/library/report/4094"",""source_record_id"":""G114"",""source_name"":""DOST-FNRI PhilFCT""},""sugar_g_100g"":{""value_per_100g"":0.0,""value_for_portion"":0.0,""label"":""Verified"",""source_url"":""https://i.fnri.dost.gov.ph/fct/library/report/4094"",""source_record_id"":""G114"",""source_name"":""DOST-FNRI PhilFCT""},""sodium_mg_100g"":{""value_per_100g"":113.0,""value_for_portion"":113.0,""label"":""Verified"",""source_url"":""https://i.fnri.dost.gov.ph/fct/library/report/4094"",""source_record_id"":""G114"",""source_name"":""DOST-FNRI PhilFCT""},""cholesterol_mg_100g"":{""value_per_100g"":null,""value_for_portion"":null,""label"":""Unknown"",""source_url"":null,""source_record_id"":null,""source_name"":null}}"
PH_DISH_042,EST_PH_DISH_042_V1,FC000252,"Cabbage, green, boiled",200,ASSUMED_REFERENCE_MIXTURE,23.0,0.6,5.0,0.1,1.5,2.3,6.0,0.0,"{""kcal_100g"":{""value_per_100g"":23.0,""value_for_portion"":23.0,""label"":""Verified"",""source_url"":""https://i.fnri.dost.gov.ph/fct/library/report/3315"",""source_record_id"":""D036"",""source_name"":""DOST-FNRI PhilFCT""},""protein_g_100g"":{""value_per_100g"":0.6,""value_for_portion"":0.6,""label"":""Verified"",""source_url"":""https://i.fnri.dost.gov.ph/fct/library/report/3315"",""source_record_id"":""D036"",""source_name"":""DOST-FNRI PhilFCT""},""carbs_g_100g"":{""value_per_100g"":5.0,""value_for_portion"":5.0,""label"":""Verified"",""source_url"":""https://i.fnri.dost.gov.ph/fct/library/report/3315"",""source_record_id"":""D036"",""source_name"":""DOST-FNRI PhilFCT""},""fat_g_100g"":{""value_per_100g"":0.1,""value_for_portion"":0.1,""label"":""Verified"",""source_url"":""https://i.fnri.dost.gov.ph/fct/library/report/3315"",""source_record_id"":""D036"",""source_name"":""DOST-FNRI PhilFCT""},""fiber_g_100g"":{""value_per_100g"":1.5,""value_for_portion"":1.5,""label"":""Verified"",""source_url"":""https://i.fnri.dost.gov.ph/fct/library/report/3315"",""source_record_id"":""D036"",""source_name"":""DOST-FNRI PhilFCT""},""sugar_g_100g"":{""value_per_100g"":2.3,""value_for_portion"":2.3,""label"":""Verified"",""source_url"":""https://i.fnri.dost.gov.ph/fct/library/report/3315"",""source_record_id"":""D036"",""source_name"":""DOST-FNRI PhilFCT""},""sodium_mg_100g"":{""value_per_100g"":6.0,""value_for_portion"":6.0,""label"":""Verified"",""source_url"":""https://i.fnri.dost.gov.ph/fct/library/report/3315"",""source_record_id"":""D036"",""source_name"":""DOST-FNRI PhilFCT""},""cholesterol_mg_100g"":{""value_per_100g"":0.0,""value_for_portion"":0.0,""label"":""Verified"",""source_url"":""https://i.fnri.dost.gov.ph/fct/library/report/3315"",""source_record_id"":""D036"",""source_name"":""DOST-FNRI PhilFCT""}}"
PH_DISH_042,EST_PH_DISH_042_V1,FC000324,"Carrot, boiled",100,ASSUMED_REFERENCE_MIXTURE,42.0,1.1,8.6,0.4,3.3,3.8,64.0,0.0,"{""kcal_100g"":{""value_per_100g"":42.0,""value_for_portion"":42.0,""label"":""Verified"",""source_url"":""https://i.fnri.dost.gov.ph/fct/library/report/3319"",""source_record_id"":""D040"",""source_name"":""DOST-FNRI PhilFCT""},""protein_g_100g"":{""value_per_100g"":1.1,""value_for_portion"":1.1,""label"":""Verified"",""source_url"":""https://i.fnri.dost.gov.ph/fct/library/report/3319"",""source_record_id"":""D040"",""source_name"":""DOST-FNRI PhilFCT""},""carbs_g_100g"":{""value_per_100g"":8.6,""value_for_portion"":8.6,""label"":""Verified"",""source_url"":""https://i.fnri.dost.gov.ph/fct/library/report/3319"",""source_record_id"":""D040"",""source_name"":""DOST-FNRI PhilFCT""},""fat_g_100g"":{""value_per_100g"":0.4,""value_for_portion"":0.4,""label"":""Verified"",""source_url"":""https://i.fnri.dost.gov.ph/fct/library/report/3319"",""source_record_id"":""D040"",""source_name"":""DOST-FNRI PhilFCT""},""fiber_g_100g"":{""value_per_100g"":3.3,""value_for_portion"":3.3,""label"":""Verified"",""source_url"":""https://i.fnri.dost.gov.ph/fct/library/report/3319"",""source_record_id"":""D040"",""source_name"":""DOST-FNRI PhilFCT""},""sugar_g_100g"":{""value_per_100g"":3.8,""value_for_portion"":3.8,""label"":""Verified"",""source_url"":""https://i.fnri.dost.gov.ph/fct/library/report/3319"",""source_record_id"":""D040"",""source_name"":""DOST-FNRI PhilFCT""},""sodium_mg_100g"":{""value_per_100g"":64.0,""value_for_portion"":64.0,""label"":""Verified"",""source_url"":""https://i.fnri.dost.gov.ph/fct/library/report/3319"",""source_record_id"":""D040"",""source_name"":""DOST-FNRI PhilFCT""},""cholesterol_mg_100g"":{""value_per_100g"":0.0,""value_for_portion"":0.0,""label"":""Verified"",""source_url"":""https://i.fnri.dost.gov.ph/fct/library/report/3319"",""source_record_id"":""D040"",""source_name"":""DOST-FNRI PhilFCT""}}"
PH_DISH_042,EST_PH_DISH_042_V1,FC000333,"Onion, Bombay bulb, boiled",60,ASSUMED_REFERENCE_MIXTURE,47.0,1.2,9.7,0.4,1.3,4.6,3.0,0.0,"{""kcal_100g"":{""value_per_100g"":47.0,""value_for_portion"":47.0,""label"":""Verified"",""source_url"":""https://i.fnri.dost.gov.ph/fct/library/report/3421"",""source_record_id"":""D142"",""source_name"":""DOST-FNRI PhilFCT""},""protein_g_100g"":{""value_per_100g"":1.2,""value_for_portion"":1.2,""label"":""Verified"",""source_url"":""https://i.fnri.dost.gov.ph/fct/library/report/3421"",""source_record_id"":""D142"",""source_name"":""DOST-FNRI PhilFCT""},""carbs_g_100g"":{""value_per_100g"":9.7,""value_for_portion"":9.7,""label"":""Verified"",""source_url"":""https://i.fnri.dost.gov.ph/fct/library/report/3421"",""source_record_id"":""D142"",""source_name"":""DOST-FNRI PhilFCT""},""fat_g_100g"":{""value_per_100g"":0.4,""value_for_portion"":0.4,""label"":""Verified"",""source_url"":""https://i.fnri.dost.gov.ph/fct/library/report/3421"",""source_record_id"":""D142"",""source_name"":""DOST-FNRI PhilFCT""},""fiber_g_100g"":{""value_per_100g"":1.3,""value_for_portion"":1.3,""label"":""Verified"",""source_url"":""https://i.fnri.dost.gov.ph/fct/library/report/3421"",""source_record_id"":""D142"",""source_name"":""DOST-FNRI PhilFCT""},""sugar_g_100g"":{""value_per_100g"":4.6,""value_for_portion"":4.6,""label"":""Verified"",""source_url"":""https://i.fnri.dost.gov.ph/fct/library/report/3421"",""source_record_id"":""D142"",""source_name"":""DOST-FNRI PhilFCT""},""sodium_mg_100g"":{""value_per_100g"":3.0,""value_for_portion"":3.0,""label"":""Verified"",""source_url"":""https://i.fnri.dost.gov.ph/fct/library/report/3421"",""source_record_id"":""D142"",""source_name"":""DOST-FNRI PhilFCT""},""cholesterol_mg_100g"":{""value_per_100g"":0.0,""value_for_portion"":0.0,""label"":""Verified"",""source_url"":""https://i.fnri.dost.gov.ph/fct/library/report/3421"",""source_record_id"":""D142"",""source_name"":""DOST-FNRI PhilFCT""}}"
PH_DISH_042,EST_PH_DISH_042_V1,FC000070,Garlic bulb,15,ASSUMED_REFERENCE_MIXTURE,129.0,7.0,24.6,0.3,1.7,0.8,10.0,0.0,"{""kcal_100g"":{""value_per_100g"":129.0,""value_for_portion"":129.0,""label"":""Verified"",""source_url"":""https://i.fnri.dost.gov.ph/fct/library/report/3363"",""source_record_id"":""D084"",""source_name"":""DOST-FNRI PhilFCT""},""protein_g_100g"":{""value_per_100g"":7.0,""value_for_portion"":7.0,""label"":""Verified"",""source_url"":""https://i.fnri.dost.gov.ph/fct/library/report/3363"",""source_record_id"":""D084"",""source_name"":""DOST-FNRI PhilFCT""},""carbs_g_100g"":{""value_per_100g"":24.6,""value_for_portion"":24.6,""label"":""Verified"",""source_url"":""https://i.fnri.dost.gov.ph/fct/library/report/3363"",""source_record_id"":""D084"",""source_name"":""DOST-FNRI PhilFCT""},""fat_g_100g"":{""value_per_100g"":0.3,""value_for_portion"":0.3,""label"":""Verified"",""source_url"":""https://i.fnri.dost.gov.ph/fct/library/report/3363"",""source_record_id"":""D084"",""source_name"":""DOST-FNRI PhilFCT""},""fiber_g_100g"":{""value_per_100g"":1.7,""value_for_portion"":1.7,""label"":""Verified"",""source_url"":""https://i.fnri.dost.gov.ph/fct/library/report/3363"",""source_record_id"":""D084"",""source_name"":""DOST-FNRI PhilFCT""},""sugar_g_100g"":{""value_per_100g"":0.8,""value_for_portion"":0.8,""label"":""Verified"",""source_url"":""https://i.fnri.dost.gov.ph/fct/library/report/3363"",""source_record_id"":""D084"",""source_name"":""DOST-FNRI PhilFCT""},""sodium_mg_100g"":{""value_per_100g"":10.0,""value_for_portion"":10.0,""label"":""Verified"",""source_url"":""https://i.fnri.dost.gov.ph/fct/library/report/3363"",""source_record_id"":""D084"",""source_name"":""DOST-FNRI PhilFCT""},""cholesterol_mg_100g"":{""value_per_100g"":0.0,""value_for_portion"":0.0,""label"":""Verified"",""source_url"":""https://i.fnri.dost.gov.ph/fct/library/report/3363"",""source_record_id"":""D084"",""source_name"":""DOST-FNRI PhilFCT""}}"
PH_DISH_042,EST_PH_DISH_042_V1,FC000099,Soy sauce,40,ASSUMED_REFERENCE_MIXTURE,75.0,3.5,15.0,0.1,1.0,0.5,2041.0,0.0,"{""kcal_100g"":{""value_per_100g"":75.0,""value_for_portion"":75.0,""label"":""Verified"",""source_url"":""https://i.fnri.dost.gov.ph/fct/library/report/4346"",""source_record_id"":""N023"",""source_name"":""DOST-FNRI PhilFCT""},""protein_g_100g"":{""value_per_100g"":3.5,""value_for_portion"":3.5,""label"":""Verified"",""source_url"":""https://i.fnri.dost.gov.ph/fct/library/report/4346"",""source_record_id"":""N023"",""source_name"":""DOST-FNRI PhilFCT""},""carbs_g_100g"":{""value_per_100g"":15.0,""value_for_portion"":15.0,""label"":""Verified"",""source_url"":""https://i.fnri.dost.gov.ph/fct/library/report/4346"",""source_record_id"":""N023"",""source_name"":""DOST-FNRI PhilFCT""},""fat_g_100g"":{""value_per_100g"":0.1,""value_for_portion"":0.1,""label"":""Verified"",""source_url"":""https://i.fnri.dost.gov.ph/fct/library/report/4346"",""source_record_id"":""N023"",""source_name"":""DOST-FNRI PhilFCT""},""fiber_g_100g"":{""value_per_100g"":1.0,""value_for_portion"":1.0,""label"":""Verified"",""source_url"":""https://i.fnri.dost.gov.ph/fct/library/report/4346"",""source_record_id"":""N023"",""source_name"":""DOST-FNRI PhilFCT""},""sugar_g_100g"":{""value_per_100g"":0.5,""value_for_portion"":0.5,""label"":""Verified"",""source_url"":""https://i.fnri.dost.gov.ph/fct/library/report/4346"",""source_record_id"":""N023"",""source_name"":""DOST-FNRI PhilFCT""},""sodium_mg_100g"":{""value_per_100g"":2041.0,""value_for_portion"":2041.0,""label"":""Verified"",""source_url"":""https://i.fnri.dost.gov.ph/fct/library/report/4346"",""source_record_id"":""N023"",""source_name"":""DOST-FNRI PhilFCT""},""cholesterol_mg_100g"":{""value_per_100g"":0.0,""value_for_portion"":0.0,""label"":""Verified"",""source_url"":""https://i.fnri.dost.gov.ph/fct/library/report/4346"",""source_record_id"":""N023"",""source_name"":""DOST-FNRI PhilFCT""}}"
PH_DISH_042,EST_PH_DISH_042_V1,FC000098,Coconut oil,30,ASSUMED_REFERENCE_MIXTURE,892.0,0.0,0.0,99.1,0.0,0.0,0.0,0.0,"{""kcal_100g"":{""value_per_100g"":892.0,""value_for_portion"":892.0,""label"":""Verified"",""source_url"":""https://i.fnri.dost.gov.ph/fct/library/report/4268"",""source_record_id"":""K008"",""source_name"":""DOST-FNRI PhilFCT""},""protein_g_100g"":{""value_per_100g"":0.0,""value_for_portion"":0.0,""label"":""Verified"",""source_url"":""https://i.fnri.dost.gov.ph/fct/library/report/4268"",""source_record_id"":""K008"",""source_name"":""DOST-FNRI PhilFCT""},""carbs_g_100g"":{""value_per_100g"":0.0,""value_for_portion"":0.0,""label"":""Verified"",""source_url"":""https://i.fnri.dost.gov.ph/fct/library/report/4268"",""source_record_id"":""K008"",""source_name"":""DOST-FNRI PhilFCT""},""fat_g_100g"":{""value_per_100g"":99.1,""value_for_portion"":99.1,""label"":""Verified"",""source_url"":""https://i.fnri.dost.gov.ph/fct/library/report/4268"",""source_record_id"":""K008"",""source_name"":""DOST-FNRI PhilFCT""},""fiber_g_100g"":{""value_per_100g"":0.0,""value_for_portion"":0.0,""label"":""Verified"",""source_url"":""https://i.fnri.dost.gov.ph/fct/library/report/4268"",""source_record_id"":""K008"",""source_name"":""DOST-FNRI PhilFCT""},""sugar_g_100g"":{""value_per_100g"":0.0,""value_for_portion"":0.0,""label"":""Verified"",""source_url"":""https://i.fnri.dost.gov.ph/fct/library/report/4268"",""source_record_id"":""K008"",""source_name"":""DOST-FNRI PhilFCT""},""sodium_mg_100g"":{""value_per_100g"":0.0,""value_for_portion"":0.0,""label"":""Verified"",""source_url"":""https://i.fnri.dost.gov.ph/fct/library/report/4268"",""source_record_id"":""K008"",""source_name"":""DOST-FNRI PhilFCT""},""cholesterol_mg_100g"":{""value_per_100g"":0.0,""value_for_portion"":0.0,""label"":""Verified"",""source_url"":""https://i.fnri.dost.gov.ph/fct/library/report/4268"",""source_record_id"":""K008"",""source_name"":""DOST-FNRI PhilFCT""}}"
PH_DISH_042,EST_PH_DISH_042_V1,FC001237,"Beverages, water, tap, drinking",80,ASSUMED_REFERENCE_MIXTURE,0.0,0.0,0.0,0.0,0.0,0.0,4.0,0.0,"{""kcal_100g"":{""value_per_100g"":0.0,""value_for_portion"":0.0,""label"":""Other source"",""source_url"":""https://fdc.nal.usda.gov/food-details/173647/nutrients"",""source_record_id"":""USDA_FC001237_173647"",""source_name"":""USDA FoodData Central SR Legacy""},""protein_g_100g"":{""value_per_100g"":0.0,""value_for_portion"":0.0,""label"":""Other source"",""source_url"":""https://fdc.nal.usda.gov/food-details/173647/nutrients"",""source_record_id"":""USDA_FC001237_173647"",""source_name"":""USDA FoodData Central SR Legacy""},""carbs_g_100g"":{""value_per_100g"":0.0,""value_for_portion"":0.0,""label"":""Other source"",""source_url"":""https://fdc.nal.usda.gov/food-details/173647/nutrients"",""source_record_id"":""USDA_FC001237_173647"",""source_name"":""USDA FoodData Central SR Legacy""},""fat_g_100g"":{""value_per_100g"":0.0,""value_for_portion"":0.0,""label"":""Other source"",""source_url"":""https://fdc.nal.usda.gov/food-details/173647/nutrients"",""source_record_id"":""USDA_FC001237_173647"",""source_name"":""USDA FoodData Central SR Legacy""},""fiber_g_100g"":{""value_per_100g"":0.0,""value_for_portion"":0.0,""label"":""Other source"",""source_url"":""https://fdc.nal.usda.gov/food-details/173647/nutrients"",""source_record_id"":""USDA_FC001237_173647"",""source_name"":""USDA FoodData Central SR Legacy""},""sugar_g_100g"":{""value_per_100g"":0.0,""value_for_portion"":0.0,""label"":""Other source"",""source_url"":""https://fdc.nal.usda.gov/food-details/173647/nutrients"",""source_record_id"":""USDA_FC001237_173647"",""source_name"":""USDA FoodData Central SR Legacy""},""sodium_mg_100g"":{""value_per_100g"":4.0,""value_for_portion"":4.0,""label"":""Other source"",""source_url"":""https://fdc.nal.usda.gov/food-details/173647/nutrients"",""source_record_id"":""USDA_FC001237_173647"",""source_name"":""USDA FoodData Central SR Legacy""},""cholesterol_mg_100g"":{""value_per_100g"":0.0,""value_for_portion"":0.0,""label"":""Other source"",""source_url"":""https://fdc.nal.usda.gov/food-details/173647/nutrients"",""source_record_id"":""USDA_FC001237_173647"",""source_name"":""USDA FoodData Central SR Legacy""}}"
PH_DISH_043,EST_PH_DISH_043_V1,FC000148,"Noodles, mung bean starch, boiled",600,ASSUMED_REFERENCE_MIXTURE,78.0,0.0,19.3,0.1,0.1,0.0,2.0,0.0,"{""kcal_100g"":{""value_per_100g"":78.0,""value_for_portion"":78.0,""label"":""Verified"",""source_url"":""https://i.fnri.dost.gov.ph/fct/library/report/3097"",""source_record_id"":""A135"",""source_name"":""DOST-FNRI PhilFCT""},""protein_g_100g"":{""value_per_100g"":0.0,""value_for_portion"":0.0,""label"":""Verified"",""source_url"":""https://i.fnri.dost.gov.ph/fct/library/report/3097"",""source_record_id"":""A135"",""source_name"":""DOST-FNRI PhilFCT""},""carbs_g_100g"":{""value_per_100g"":19.3,""value_for_portion"":19.3,""label"":""Verified"",""source_url"":""https://i.fnri.dost.gov.ph/fct/library/report/3097"",""source_record_id"":""A135"",""source_name"":""DOST-FNRI PhilFCT""},""fat_g_100g"":{""value_per_100g"":0.1,""value_for_portion"":0.1,""label"":""Verified"",""source_url"":""https://i.fnri.dost.gov.ph/fct/library/report/3097"",""source_record_id"":""A135"",""source_name"":""DOST-FNRI PhilFCT""},""fiber_g_100g"":{""value_per_100g"":0.1,""value_for_portion"":0.1,""label"":""Verified"",""source_url"":""https://i.fnri.dost.gov.ph/fct/library/report/3097"",""source_record_id"":""A135"",""source_name"":""DOST-FNRI PhilFCT""},""sugar_g_100g"":{""value_per_100g"":0.0,""value_for_portion"":0.0,""label"":""Verified"",""source_url"":""https://i.fnri.dost.gov.ph/fct/library/report/3097"",""source_record_id"":""A135"",""source_name"":""DOST-FNRI PhilFCT""},""sodium_mg_100g"":{""value_per_100g"":2.0,""value_for_portion"":2.0,""label"":""Verified"",""source_url"":""https://i.fnri.dost.gov.ph/fct/library/report/3097"",""source_record_id"":""A135"",""source_name"":""DOST-FNRI PhilFCT""},""cholesterol_mg_100g"":{""value_per_100g"":0.0,""value_for_portion"":0.0,""label"":""Verified"",""source_url"":""https://i.fnri.dost.gov.ph/fct/library/report/3097"",""source_record_id"":""A135"",""source_name"":""DOST-FNRI PhilFCT""}}"
PH_DISH_043,EST_PH_DISH_043_V1,FC000382,"Chicken, white meat, boiled",200,ASSUMED_REFERENCE_MIXTURE,173.0,32.9,0.0,4.6,0.0,0.0,81.0,,"{""kcal_100g"":{""value_per_100g"":173.0,""value_for_portion"":173.0,""label"":""Verified"",""source_url"":""https://i.fnri.dost.gov.ph/fct/library/report/3818"",""source_record_id"":""F111"",""source_name"":""DOST-FNRI PhilFCT""},""protein_g_100g"":{""value_per_100g"":32.9,""value_for_portion"":32.9,""label"":""Verified"",""source_url"":""https://i.fnri.dost.gov.ph/fct/library/report/3818"",""source_record_id"":""F111"",""source_name"":""DOST-FNRI PhilFCT""},""carbs_g_100g"":{""value_per_100g"":0.0,""value_for_portion"":0.0,""label"":""Verified"",""source_url"":""https://i.fnri.dost.gov.ph/fct/library/report/3818"",""source_record_id"":""F111"",""source_name"":""DOST-FNRI PhilFCT""},""fat_g_100g"":{""value_per_100g"":4.6,""value_for_portion"":4.6,""label"":""Verified"",""source_url"":""https://i.fnri.dost.gov.ph/fct/library/report/3818"",""source_record_id"":""F111"",""source_name"":""DOST-FNRI PhilFCT""},""fiber_g_100g"":{""value_per_100g"":0.0,""value_for_portion"":0.0,""label"":""Verified"",""source_url"":""https://i.fnri.dost.gov.ph/fct/library/report/3818"",""source_record_id"":""F111"",""source_name"":""DOST-FNRI PhilFCT""},""sugar_g_100g"":{""value_per_100g"":0.0,""value_for_portion"":0.0,""label"":""Verified"",""source_url"":""https://i.fnri.dost.gov.ph/fct/library/report/3818"",""source_record_id"":""F111"",""source_name"":""DOST-FNRI PhilFCT""},""sodium_mg_100g"":{""value_per_100g"":81.0,""value_for_portion"":81.0,""label"":""Verified"",""source_url"":""https://i.fnri.dost.gov.ph/fct/library/report/3818"",""source_record_id"":""F111"",""source_name"":""DOST-FNRI PhilFCT""},""cholesterol_mg_100g"":{""value_per_100g"":null,""value_for_portion"":null,""label"":""Unknown"",""source_url"":null,""source_record_id"":null,""source_name"":null}}"
PH_DISH_043,EST_PH_DISH_043_V1,FC000252,"Cabbage, green, boiled",200,ASSUMED_REFERENCE_MIXTURE,23.0,0.6,5.0,0.1,1.5,2.3,6.0,0.0,"{""kcal_100g"":{""value_per_100g"":23.0,""value_for_portion"":23.0,""label"":""Verified"",""source_url"":""https://i.fnri.dost.gov.ph/fct/library/report/3315"",""source_record_id"":""D036"",""source_name"":""DOST-FNRI PhilFCT""},""protein_g_100g"":{""value_per_100g"":0.6,""value_for_portion"":0.6,""label"":""Verified"",""source_url"":""https://i.fnri.dost.gov.ph/fct/library/report/3315"",""source_record_id"":""D036"",""source_name"":""DOST-FNRI PhilFCT""},""carbs_g_100g"":{""value_per_100g"":5.0,""value_for_portion"":5.0,""label"":""Verified"",""source_url"":""https://i.fnri.dost.gov.ph/fct/library/report/3315"",""source_record_id"":""D036"",""source_name"":""DOST-FNRI PhilFCT""},""fat_g_100g"":{""value_per_100g"":0.1,""value_for_portion"":0.1,""label"":""Verified"",""source_url"":""https://i.fnri.dost.gov.ph/fct/library/report/3315"",""source_record_id"":""D036"",""source_name"":""DOST-FNRI PhilFCT""},""fiber_g_100g"":{""value_per_100g"":1.5,""value_for_portion"":1.5,""label"":""Verified"",""source_url"":""https://i.fnri.dost.gov.ph/fct/library/report/3315"",""source_record_id"":""D036"",""source_name"":""DOST-FNRI PhilFCT""},""sugar_g_100g"":{""value_per_100g"":2.3,""value_for_portion"":2.3,""label"":""Verified"",""source_url"":""https://i.fnri.dost.gov.ph/fct/library/report/3315"",""source_record_id"":""D036"",""source_name"":""DOST-FNRI PhilFCT""},""sodium_mg_100g"":{""value_per_100g"":6.0,""value_for_portion"":6.0,""label"":""Verified"",""source_url"":""https://i.fnri.dost.gov.ph/fct/library/report/3315"",""source_record_id"":""D036"",""source_name"":""DOST-FNRI PhilFCT""},""cholesterol_mg_100g"":{""value_per_100g"":0.0,""value_for_portion"":0.0,""label"":""Verified"",""source_url"":""https://i.fnri.dost.gov.ph/fct/library/report/3315"",""source_record_id"":""D036"",""source_name"":""DOST-FNRI PhilFCT""}}"
PH_DISH_043,EST_PH_DISH_043_V1,FC000324,"Carrot, boiled",100,ASSUMED_REFERENCE_MIXTURE,42.0,1.1,8.6,0.4,3.3,3.8,64.0,0.0,"{""kcal_100g"":{""value_per_100g"":42.0,""value_for_portion"":42.0,""label"":""Verified"",""source_url"":""https://i.fnri.dost.gov.ph/fct/library/report/3319"",""source_record_id"":""D040"",""source_name"":""DOST-FNRI PhilFCT""},""protein_g_100g"":{""value_per_100g"":1.1,""value_for_portion"":1.1,""label"":""Verified"",""source_url"":""https://i.fnri.dost.gov.ph/fct/library/report/3319"",""source_record_id"":""D040"",""source_name"":""DOST-FNRI PhilFCT""},""carbs_g_100g"":{""value_per_100g"":8.6,""value_for_portion"":8.6,""label"":""Verified"",""source_url"":""https://i.fnri.dost.gov.ph/fct/library/report/3319"",""source_record_id"":""D040"",""source_name"":""DOST-FNRI PhilFCT""},""fat_g_100g"":{""value_per_100g"":0.4,""value_for_portion"":0.4,""label"":""Verified"",""source_url"":""https://i.fnri.dost.gov.ph/fct/library/report/3319"",""source_record_id"":""D040"",""source_name"":""DOST-FNRI PhilFCT""},""fiber_g_100g"":{""value_per_100g"":3.3,""value_for_portion"":3.3,""label"":""Verified"",""source_url"":""https://i.fnri.dost.gov.ph/fct/library/report/3319"",""source_record_id"":""D040"",""source_name"":""DOST-FNRI PhilFCT""},""sugar_g_100g"":{""value_per_100g"":3.8,""value_for_portion"":3.8,""label"":""Verified"",""source_url"":""https://i.fnri.dost.gov.ph/fct/library/report/3319"",""source_record_id"":""D040"",""source_name"":""DOST-FNRI PhilFCT""},""sodium_mg_100g"":{""value_per_100g"":64.0,""value_for_portion"":64.0,""label"":""Verified"",""source_url"":""https://i.fnri.dost.gov.ph/fct/library/report/3319"",""source_record_id"":""D040"",""source_name"":""DOST-FNRI PhilFCT""},""cholesterol_mg_100g"":{""value_per_100g"":0.0,""value_for_portion"":0.0,""label"":""Verified"",""source_url"":""https://i.fnri.dost.gov.ph/fct/library/report/3319"",""source_record_id"":""D040"",""source_name"":""DOST-FNRI PhilFCT""}}"
PH_DISH_043,EST_PH_DISH_043_V1,FC000333,"Onion, Bombay bulb, boiled",60,ASSUMED_REFERENCE_MIXTURE,47.0,1.2,9.7,0.4,1.3,4.6,3.0,0.0,"{""kcal_100g"":{""value_per_100g"":47.0,""value_for_portion"":47.0,""label"":""Verified"",""source_url"":""https://i.fnri.dost.gov.ph/fct/library/report/3421"",""source_record_id"":""D142"",""source_name"":""DOST-FNRI PhilFCT""},""protein_g_100g"":{""value_per_100g"":1.2,""value_for_portion"":1.2,""label"":""Verified"",""source_url"":""https://i.fnri.dost.gov.ph/fct/library/report/3421"",""source_record_id"":""D142"",""source_name"":""DOST-FNRI PhilFCT""},""carbs_g_100g"":{""value_per_100g"":9.7,""value_for_portion"":9.7,""label"":""Verified"",""source_url"":""https://i.fnri.dost.gov.ph/fct/library/report/3421"",""source_record_id"":""D142"",""source_name"":""DOST-FNRI PhilFCT""},""fat_g_100g"":{""value_per_100g"":0.4,""value_for_portion"":0.4,""label"":""Verified"",""source_url"":""https://i.fnri.dost.gov.ph/fct/library/report/3421"",""source_record_id"":""D142"",""source_name"":""DOST-FNRI PhilFCT""},""fiber_g_100g"":{""value_per_100g"":1.3,""value_for_portion"":1.3,""label"":""Verified"",""source_url"":""https://i.fnri.dost.gov.ph/fct/library/report/3421"",""source_record_id"":""D142"",""source_name"":""DOST-FNRI PhilFCT""},""sugar_g_100g"":{""value_per_100g"":4.6,""value_for_portion"":4.6,""label"":""Verified"",""source_url"":""https://i.fnri.dost.gov.ph/fct/library/report/3421"",""source_record_id"":""D142"",""source_name"":""DOST-FNRI PhilFCT""},""sodium_mg_100g"":{""value_per_100g"":3.0,""value_for_portion"":3.0,""label"":""Verified"",""source_url"":""https://i.fnri.dost.gov.ph/fct/library/report/3421"",""source_record_id"":""D142"",""source_name"":""DOST-FNRI PhilFCT""},""cholesterol_mg_100g"":{""value_per_100g"":0.0,""value_for_portion"":0.0,""label"":""Verified"",""source_url"":""https://i.fnri.dost.gov.ph/fct/library/report/3421"",""source_record_id"":""D142"",""source_name"":""DOST-FNRI PhilFCT""}}"
PH_DISH_043,EST_PH_DISH_043_V1,FC000070,Garlic bulb,15,ASSUMED_REFERENCE_MIXTURE,129.0,7.0,24.6,0.3,1.7,0.8,10.0,0.0,"{""kcal_100g"":{""value_per_100g"":129.0,""value_for_portion"":129.0,""label"":""Verified"",""source_url"":""https://i.fnri.dost.gov.ph/fct/library/report/3363"",""source_record_id"":""D084"",""source_name"":""DOST-FNRI PhilFCT""},""protein_g_100g"":{""value_per_100g"":7.0,""value_for_portion"":7.0,""label"":""Verified"",""source_url"":""https://i.fnri.dost.gov.ph/fct/library/report/3363"",""source_record_id"":""D084"",""source_name"":""DOST-FNRI PhilFCT""},""carbs_g_100g"":{""value_per_100g"":24.6,""value_for_portion"":24.6,""label"":""Verified"",""source_url"":""https://i.fnri.dost.gov.ph/fct/library/report/3363"",""source_record_id"":""D084"",""source_name"":""DOST-FNRI PhilFCT""},""fat_g_100g"":{""value_per_100g"":0.3,""value_for_portion"":0.3,""label"":""Verified"",""source_url"":""https://i.fnri.dost.gov.ph/fct/library/report/3363"",""source_record_id"":""D084"",""source_name"":""DOST-FNRI PhilFCT""},""fiber_g_100g"":{""value_per_100g"":1.7,""value_for_portion"":1.7,""label"":""Verified"",""source_url"":""https://i.fnri.dost.gov.ph/fct/library/report/3363"",""source_record_id"":""D084"",""source_name"":""DOST-FNRI PhilFCT""},""sugar_g_100g"":{""value_per_100g"":0.8,""value_for_portion"":0.8,""label"":""Verified"",""source_url"":""https://i.fnri.dost.gov.ph/fct/library/report/3363"",""source_record_id"":""D084"",""source_name"":""DOST-FNRI PhilFCT""},""sodium_mg_100g"":{""value_per_100g"":10.0,""value_for_portion"":10.0,""label"":""Verified"",""source_url"":""https://i.fnri.dost.gov.ph/fct/library/report/3363"",""source_record_id"":""D084"",""source_name"":""DOST-FNRI PhilFCT""},""cholesterol_mg_100g"":{""value_per_100g"":0.0,""value_for_portion"":0.0,""label"":""Verified"",""source_url"":""https://i.fnri.dost.gov.ph/fct/library/report/3363"",""source_record_id"":""D084"",""source_name"":""DOST-FNRI PhilFCT""}}"
PH_DISH_043,EST_PH_DISH_043_V1,FC000099,Soy sauce,40,ASSUMED_REFERENCE_MIXTURE,75.0,3.5,15.0,0.1,1.0,0.5,2041.0,0.0,"{""kcal_100g"":{""value_per_100g"":75.0,""value_for_portion"":75.0,""label"":""Verified"",""source_url"":""https://i.fnri.dost.gov.ph/fct/library/report/4346"",""source_record_id"":""N023"",""source_name"":""DOST-FNRI PhilFCT""},""protein_g_100g"":{""value_per_100g"":3.5,""value_for_portion"":3.5,""label"":""Verified"",""source_url"":""https://i.fnri.dost.gov.ph/fct/library/report/4346"",""source_record_id"":""N023"",""source_name"":""DOST-FNRI PhilFCT""},""carbs_g_100g"":{""value_per_100g"":15.0,""value_for_portion"":15.0,""label"":""Verified"",""source_url"":""https://i.fnri.dost.gov.ph/fct/library/report/4346"",""source_record_id"":""N023"",""source_name"":""DOST-FNRI PhilFCT""},""fat_g_100g"":{""value_per_100g"":0.1,""value_for_portion"":0.1,""label"":""Verified"",""source_url"":""https://i.fnri.dost.gov.ph/fct/library/report/4346"",""source_record_id"":""N023"",""source_name"":""DOST-FNRI PhilFCT""},""fiber_g_100g"":{""value_per_100g"":1.0,""value_for_portion"":1.0,""label"":""Verified"",""source_url"":""https://i.fnri.dost.gov.ph/fct/library/report/4346"",""source_record_id"":""N023"",""source_name"":""DOST-FNRI PhilFCT""},""sugar_g_100g"":{""value_per_100g"":0.5,""value_for_portion"":0.5,""label"":""Verified"",""source_url"":""https://i.fnri.dost.gov.ph/fct/library/report/4346"",""source_record_id"":""N023"",""source_name"":""DOST-FNRI PhilFCT""},""sodium_mg_100g"":{""value_per_100g"":2041.0,""value_for_portion"":2041.0,""label"":""Verified"",""source_url"":""https://i.fnri.dost.gov.ph/fct/library/report/4346"",""source_record_id"":""N023"",""source_name"":""DOST-FNRI PhilFCT""},""cholesterol_mg_100g"":{""value_per_100g"":0.0,""value_for_portion"":0.0,""label"":""Verified"",""source_url"":""https://i.fnri.dost.gov.ph/fct/library/report/4346"",""source_record_id"":""N023"",""source_name"":""DOST-FNRI PhilFCT""}}"
PH_DISH_043,EST_PH_DISH_043_V1,FC000098,Coconut oil,30,ASSUMED_REFERENCE_MIXTURE,892.0,0.0,0.0,99.1,0.0,0.0,0.0,0.0,"{""kcal_100g"":{""value_per_100g"":892.0,""value_for_portion"":892.0,""label"":""Verified"",""source_url"":""https://i.fnri.dost.gov.ph/fct/library/report/4268"",""source_record_id"":""K008"",""source_name"":""DOST-FNRI PhilFCT""},""protein_g_100g"":{""value_per_100g"":0.0,""value_for_portion"":0.0,""label"":""Verified"",""source_url"":""https://i.fnri.dost.gov.ph/fct/library/report/4268"",""source_record_id"":""K008"",""source_name"":""DOST-FNRI PhilFCT""},""carbs_g_100g"":{""value_per_100g"":0.0,""value_for_portion"":0.0,""label"":""Verified"",""source_url"":""https://i.fnri.dost.gov.ph/fct/library/report/4268"",""source_record_id"":""K008"",""source_name"":""DOST-FNRI PhilFCT""},""fat_g_100g"":{""value_per_100g"":99.1,""value_for_portion"":99.1,""label"":""Verified"",""source_url"":""https://i.fnri.dost.gov.ph/fct/library/report/4268"",""source_record_id"":""K008"",""source_name"":""DOST-FNRI PhilFCT""},""fiber_g_100g"":{""value_per_100g"":0.0,""value_for_portion"":0.0,""label"":""Verified"",""source_url"":""https://i.fnri.dost.gov.ph/fct/library/report/4268"",""source_record_id"":""K008"",""source_name"":""DOST-FNRI PhilFCT""},""sugar_g_100g"":{""value_per_100g"":0.0,""value_for_portion"":0.0,""label"":""Verified"",""source_url"":""https://i.fnri.dost.gov.ph/fct/library/report/4268"",""source_record_id"":""K008"",""source_name"":""DOST-FNRI PhilFCT""},""sodium_mg_100g"":{""value_per_100g"":0.0,""value_for_portion"":0.0,""label"":""Verified"",""source_url"":""https://i.fnri.dost.gov.ph/fct/library/report/4268"",""source_record_id"":""K008"",""source_name"":""DOST-FNRI PhilFCT""},""cholesterol_mg_100g"":{""value_per_100g"":0.0,""value_for_portion"":0.0,""label"":""Verified"",""source_url"":""https://i.fnri.dost.gov.ph/fct/library/report/4268"",""source_record_id"":""K008"",""source_name"":""DOST-FNRI PhilFCT""}}"
PH_DISH_043,EST_PH_DISH_043_V1,FC001237,"Beverages, water, tap, drinking",80,ASSUMED_REFERENCE_MIXTURE,0.0,0.0,0.0,0.0,0.0,0.0,4.0,0.0,"{""kcal_100g"":{""value_per_100g"":0.0,""value_for_portion"":0.0,""label"":""Other source"",""source_url"":""https://fdc.nal.usda.gov/food-details/173647/nutrients"",""source_record_id"":""USDA_FC001237_173647"",""source_name"":""USDA FoodData Central SR Legacy""},""protein_g_100g"":{""value_per_100g"":0.0,""value_for_portion"":0.0,""label"":""Other source"",""source_url"":""https://fdc.nal.usda.gov/food-details/173647/nutrients"",""source_record_id"":""USDA_FC001237_173647"",""source_name"":""USDA FoodData Central SR Legacy""},""carbs_g_100g"":{""value_per_100g"":0.0,""value_for_portion"":0.0,""label"":""Other source"",""source_url"":""https://fdc.nal.usda.gov/food-details/173647/nutrients"",""source_record_id"":""USDA_FC001237_173647"",""source_name"":""USDA FoodData Central SR Legacy""},""fat_g_100g"":{""value_per_100g"":0.0,""value_for_portion"":0.0,""label"":""Other source"",""source_url"":""https://fdc.nal.usda.gov/food-details/173647/nutrients"",""source_record_id"":""USDA_FC001237_173647"",""source_name"":""USDA FoodData Central SR Legacy""},""fiber_g_100g"":{""value_per_100g"":0.0,""value_for_portion"":0.0,""label"":""Other source"",""source_url"":""https://fdc.nal.usda.gov/food-details/173647/nutrients"",""source_record_id"":""USDA_FC001237_173647"",""source_name"":""USDA FoodData Central SR Legacy""},""sugar_g_100g"":{""value_per_100g"":0.0,""value_for_portion"":0.0,""label"":""Other source"",""source_url"":""https://fdc.nal.usda.gov/food-details/173647/nutrients"",""source_record_id"":""USDA_FC001237_173647"",""source_name"":""USDA FoodData Central SR Legacy""},""sodium_mg_100g"":{""value_per_100g"":4.0,""value_for_portion"":4.0,""label"":""Other source"",""source_url"":""https://fdc.nal.usda.gov/food-details/173647/nutrients"",""source_record_id"":""USDA_FC001237_173647"",""source_name"":""USDA FoodData Central SR Legacy""},""cholesterol_mg_100g"":{""value_per_100g"":0.0,""value_for_portion"":0.0,""label"":""Other source"",""source_url"":""https://fdc.nal.usda.gov/food-details/173647/nutrients"",""source_record_id"":""USDA_FC001237_173647"",""source_name"":""USDA FoodData Central SR Legacy""}}"
PH_DISH_044,EST_PH_DISH_044_V1,FC000150,"Noodles, wheat, miki, dry, boiled",600,ASSUMED_REFERENCE_MIXTURE,110.0,1.7,19.2,2.9,0.9,0.3,4.0,41.0,"{""kcal_100g"":{""value_per_100g"":110.0,""value_for_portion"":110.0,""label"":""Verified"",""source_url"":""https://i.fnri.dost.gov.ph/fct/library/report/3109"",""source_record_id"":""A147"",""source_name"":""DOST-FNRI PhilFCT""},""protein_g_100g"":{""value_per_100g"":1.7,""value_for_portion"":1.7,""label"":""Verified"",""source_url"":""https://i.fnri.dost.gov.ph/fct/library/report/3109"",""source_record_id"":""A147"",""source_name"":""DOST-FNRI PhilFCT""},""carbs_g_100g"":{""value_per_100g"":19.2,""value_for_portion"":19.2,""label"":""Verified"",""source_url"":""https://i.fnri.dost.gov.ph/fct/library/report/3109"",""source_record_id"":""A147"",""source_name"":""DOST-FNRI PhilFCT""},""fat_g_100g"":{""value_per_100g"":2.9,""value_for_portion"":2.9,""label"":""Verified"",""source_url"":""https://i.fnri.dost.gov.ph/fct/library/report/3109"",""source_record_id"":""A147"",""source_name"":""DOST-FNRI PhilFCT""},""fiber_g_100g"":{""value_per_100g"":0.9,""value_for_portion"":0.9,""label"":""Verified"",""source_url"":""https://i.fnri.dost.gov.ph/fct/library/report/3109"",""source_record_id"":""A147"",""source_name"":""DOST-FNRI PhilFCT""},""sugar_g_100g"":{""value_per_100g"":0.3,""value_for_portion"":0.3,""label"":""Verified"",""source_url"":""https://i.fnri.dost.gov.ph/fct/library/report/3109"",""source_record_id"":""A147"",""source_name"":""DOST-FNRI PhilFCT""},""sodium_mg_100g"":{""value_per_100g"":4.0,""value_for_portion"":4.0,""label"":""Verified"",""source_url"":""https://i.fnri.dost.gov.ph/fct/library/report/3109"",""source_record_id"":""A147"",""source_name"":""DOST-FNRI PhilFCT""},""cholesterol_mg_100g"":{""value_per_100g"":41.0,""value_for_portion"":41.0,""label"":""Verified"",""source_url"":""https://i.fnri.dost.gov.ph/fct/library/report/3109"",""source_record_id"":""A147"",""source_name"":""DOST-FNRI PhilFCT""}}"
PH_DISH_044,EST_PH_DISH_044_V1,FC000388,"Pork Boston butt, lean, boiled",200,ASSUMED_REFERENCE_MIXTURE,212.0,15.6,0.0,16.6,0.0,0.0,47.0,,"{""kcal_100g"":{""value_per_100g"":212.0,""value_for_portion"":212.0,""label"":""Verified"",""source_url"":""https://i.fnri.dost.gov.ph/fct/library/report/3865"",""source_record_id"":""F158"",""source_name"":""DOST-FNRI PhilFCT""},""protein_g_100g"":{""value_per_100g"":15.6,""value_for_portion"":15.6,""label"":""Verified"",""source_url"":""https://i.fnri.dost.gov.ph/fct/library/report/3865"",""source_record_id"":""F158"",""source_name"":""DOST-FNRI PhilFCT""},""carbs_g_100g"":{""value_per_100g"":0.0,""value_for_portion"":0.0,""label"":""Verified"",""source_url"":""https://i.fnri.dost.gov.ph/fct/library/report/3865"",""source_record_id"":""F158"",""source_name"":""DOST-FNRI PhilFCT""},""fat_g_100g"":{""value_per_100g"":16.6,""value_for_portion"":16.6,""label"":""Verified"",""source_url"":""https://i.fnri.dost.gov.ph/fct/library/report/3865"",""source_record_id"":""F158"",""source_name"":""DOST-FNRI PhilFCT""},""fiber_g_100g"":{""value_per_100g"":0.0,""value_for_portion"":0.0,""label"":""Verified"",""source_url"":""https://i.fnri.dost.gov.ph/fct/library/report/3865"",""source_record_id"":""F158"",""source_name"":""DOST-FNRI PhilFCT""},""sugar_g_100g"":{""value_per_100g"":0.0,""value_for_portion"":0.0,""label"":""Verified"",""source_url"":""https://i.fnri.dost.gov.ph/fct/library/report/3865"",""source_record_id"":""F158"",""source_name"":""DOST-FNRI PhilFCT""},""sodium_mg_100g"":{""value_per_100g"":47.0,""value_for_portion"":47.0,""label"":""Verified"",""source_url"":""https://i.fnri.dost.gov.ph/fct/library/report/3865"",""source_record_id"":""F158"",""source_name"":""DOST-FNRI PhilFCT""},""cholesterol_mg_100g"":{""value_per_100g"":null,""value_for_portion"":null,""label"":""Unknown"",""source_url"":null,""source_record_id"":null,""source_name"":null}}"
PH_DISH_044,EST_PH_DISH_044_V1,FC000252,"Cabbage, green, boiled",200,ASSUMED_REFERENCE_MIXTURE,23.0,0.6,5.0,0.1,1.5,2.3,6.0,0.0,"{""kcal_100g"":{""value_per_100g"":23.0,""value_for_portion"":23.0,""label"":""Verified"",""source_url"":""https://i.fnri.dost.gov.ph/fct/library/report/3315"",""source_record_id"":""D036"",""source_name"":""DOST-FNRI PhilFCT""},""protein_g_100g"":{""value_per_100g"":0.6,""value_for_portion"":0.6,""label"":""Verified"",""source_url"":""https://i.fnri.dost.gov.ph/fct/library/report/3315"",""source_record_id"":""D036"",""source_name"":""DOST-FNRI PhilFCT""},""carbs_g_100g"":{""value_per_100g"":5.0,""value_for_portion"":5.0,""label"":""Verified"",""source_url"":""https://i.fnri.dost.gov.ph/fct/library/report/3315"",""source_record_id"":""D036"",""source_name"":""DOST-FNRI PhilFCT""},""fat_g_100g"":{""value_per_100g"":0.1,""value_for_portion"":0.1,""label"":""Verified"",""source_url"":""https://i.fnri.dost.gov.ph/fct/library/report/3315"",""source_record_id"":""D036"",""source_name"":""DOST-FNRI PhilFCT""},""fiber_g_100g"":{""value_per_100g"":1.5,""value_for_portion"":1.5,""label"":""Verified"",""source_url"":""https://i.fnri.dost.gov.ph/fct/library/report/3315"",""source_record_id"":""D036"",""source_name"":""DOST-FNRI PhilFCT""},""sugar_g_100g"":{""value_per_100g"":2.3,""value_for_portion"":2.3,""label"":""Verified"",""source_url"":""https://i.fnri.dost.gov.ph/fct/library/report/3315"",""source_record_id"":""D036"",""source_name"":""DOST-FNRI PhilFCT""},""sodium_mg_100g"":{""value_per_100g"":6.0,""value_for_portion"":6.0,""label"":""Verified"",""source_url"":""https://i.fnri.dost.gov.ph/fct/library/report/3315"",""source_record_id"":""D036"",""source_name"":""DOST-FNRI PhilFCT""},""cholesterol_mg_100g"":{""value_per_100g"":0.0,""value_for_portion"":0.0,""label"":""Verified"",""source_url"":""https://i.fnri.dost.gov.ph/fct/library/report/3315"",""source_record_id"":""D036"",""source_name"":""DOST-FNRI PhilFCT""}}"
PH_DISH_044,EST_PH_DISH_044_V1,FC000324,"Carrot, boiled",100,ASSUMED_REFERENCE_MIXTURE,42.0,1.1,8.6,0.4,3.3,3.8,64.0,0.0,"{""kcal_100g"":{""value_per_100g"":42.0,""value_for_portion"":42.0,""label"":""Verified"",""source_url"":""https://i.fnri.dost.gov.ph/fct/library/report/3319"",""source_record_id"":""D040"",""source_name"":""DOST-FNRI PhilFCT""},""protein_g_100g"":{""value_per_100g"":1.1,""value_for_portion"":1.1,""label"":""Verified"",""source_url"":""https://i.fnri.dost.gov.ph/fct/library/report/3319"",""source_record_id"":""D040"",""source_name"":""DOST-FNRI PhilFCT""},""carbs_g_100g"":{""value_per_100g"":8.6,""value_for_portion"":8.6,""label"":""Verified"",""source_url"":""https://i.fnri.dost.gov.ph/fct/library/report/3319"",""source_record_id"":""D040"",""source_name"":""DOST-FNRI PhilFCT""},""fat_g_100g"":{""value_per_100g"":0.4,""value_for_portion"":0.4,""label"":""Verified"",""source_url"":""https://i.fnri.dost.gov.ph/fct/library/report/3319"",""source_record_id"":""D040"",""source_name"":""DOST-FNRI PhilFCT""},""fiber_g_100g"":{""value_per_100g"":3.3,""value_for_portion"":3.3,""label"":""Verified"",""source_url"":""https://i.fnri.dost.gov.ph/fct/library/report/3319"",""source_record_id"":""D040"",""source_name"":""DOST-FNRI PhilFCT""},""sugar_g_100g"":{""value_per_100g"":3.8,""value_for_portion"":3.8,""label"":""Verified"",""source_url"":""https://i.fnri.dost.gov.ph/fct/library/report/3319"",""source_record_id"":""D040"",""source_name"":""DOST-FNRI PhilFCT""},""sodium_mg_100g"":{""value_per_100g"":64.0,""value_for_portion"":64.0,""label"":""Verified"",""source_url"":""https://i.fnri.dost.gov.ph/fct/library/report/3319"",""source_record_id"":""D040"",""source_name"":""DOST-FNRI PhilFCT""},""cholesterol_mg_100g"":{""value_per_100g"":0.0,""value_for_portion"":0.0,""label"":""Verified"",""source_url"":""https://i.fnri.dost.gov.ph/fct/library/report/3319"",""source_record_id"":""D040"",""source_name"":""DOST-FNRI PhilFCT""}}"
PH_DISH_044,EST_PH_DISH_044_V1,FC000333,"Onion, Bombay bulb, boiled",60,ASSUMED_REFERENCE_MIXTURE,47.0,1.2,9.7,0.4,1.3,4.6,3.0,0.0,"{""kcal_100g"":{""value_per_100g"":47.0,""value_for_portion"":47.0,""label"":""Verified"",""source_url"":""https://i.fnri.dost.gov.ph/fct/library/report/3421"",""source_record_id"":""D142"",""source_name"":""DOST-FNRI PhilFCT""},""protein_g_100g"":{""value_per_100g"":1.2,""value_for_portion"":1.2,""label"":""Verified"",""source_url"":""https://i.fnri.dost.gov.ph/fct/library/report/3421"",""source_record_id"":""D142"",""source_name"":""DOST-FNRI PhilFCT""},""carbs_g_100g"":{""value_per_100g"":9.7,""value_for_portion"":9.7,""label"":""Verified"",""source_url"":""https://i.fnri.dost.gov.ph/fct/library/report/3421"",""source_record_id"":""D142"",""source_name"":""DOST-FNRI PhilFCT""},""fat_g_100g"":{""value_per_100g"":0.4,""value_for_portion"":0.4,""label"":""Verified"",""source_url"":""https://i.fnri.dost.gov.ph/fct/library/report/3421"",""source_record_id"":""D142"",""source_name"":""DOST-FNRI PhilFCT""},""fiber_g_100g"":{""value_per_100g"":1.3,""value_for_portion"":1.3,""label"":""Verified"",""source_url"":""https://i.fnri.dost.gov.ph/fct/library/report/3421"",""source_record_id"":""D142"",""source_name"":""DOST-FNRI PhilFCT""},""sugar_g_100g"":{""value_per_100g"":4.6,""value_for_portion"":4.6,""label"":""Verified"",""source_url"":""https://i.fnri.dost.gov.ph/fct/library/report/3421"",""source_record_id"":""D142"",""source_name"":""DOST-FNRI PhilFCT""},""sodium_mg_100g"":{""value_per_100g"":3.0,""value_for_portion"":3.0,""label"":""Verified"",""source_url"":""https://i.fnri.dost.gov.ph/fct/library/report/3421"",""source_record_id"":""D142"",""source_name"":""DOST-FNRI PhilFCT""},""cholesterol_mg_100g"":{""value_per_100g"":0.0,""value_for_portion"":0.0,""label"":""Verified"",""source_url"":""https://i.fnri.dost.gov.ph/fct/library/report/3421"",""source_record_id"":""D142"",""source_name"":""DOST-FNRI PhilFCT""}}"
PH_DISH_044,EST_PH_DISH_044_V1,FC000070,Garlic bulb,15,ASSUMED_REFERENCE_MIXTURE,129.0,7.0,24.6,0.3,1.7,0.8,10.0,0.0,"{""kcal_100g"":{""value_per_100g"":129.0,""value_for_portion"":129.0,""label"":""Verified"",""source_url"":""https://i.fnri.dost.gov.ph/fct/library/report/3363"",""source_record_id"":""D084"",""source_name"":""DOST-FNRI PhilFCT""},""protein_g_100g"":{""value_per_100g"":7.0,""value_for_portion"":7.0,""label"":""Verified"",""source_url"":""https://i.fnri.dost.gov.ph/fct/library/report/3363"",""source_record_id"":""D084"",""source_name"":""DOST-FNRI PhilFCT""},""carbs_g_100g"":{""value_per_100g"":24.6,""value_for_portion"":24.6,""label"":""Verified"",""source_url"":""https://i.fnri.dost.gov.ph/fct/library/report/3363"",""source_record_id"":""D084"",""source_name"":""DOST-FNRI PhilFCT""},""fat_g_100g"":{""value_per_100g"":0.3,""value_for_portion"":0.3,""label"":""Verified"",""source_url"":""https://i.fnri.dost.gov.ph/fct/library/report/3363"",""source_record_id"":""D084"",""source_name"":""DOST-FNRI PhilFCT""},""fiber_g_100g"":{""value_per_100g"":1.7,""value_for_portion"":1.7,""label"":""Verified"",""source_url"":""https://i.fnri.dost.gov.ph/fct/library/report/3363"",""source_record_id"":""D084"",""source_name"":""DOST-FNRI PhilFCT""},""sugar_g_100g"":{""value_per_100g"":0.8,""value_for_portion"":0.8,""label"":""Verified"",""source_url"":""https://i.fnri.dost.gov.ph/fct/library/report/3363"",""source_record_id"":""D084"",""source_name"":""DOST-FNRI PhilFCT""},""sodium_mg_100g"":{""value_per_100g"":10.0,""value_for_portion"":10.0,""label"":""Verified"",""source_url"":""https://i.fnri.dost.gov.ph/fct/library/report/3363"",""source_record_id"":""D084"",""source_name"":""DOST-FNRI PhilFCT""},""cholesterol_mg_100g"":{""value_per_100g"":0.0,""value_for_portion"":0.0,""label"":""Verified"",""source_url"":""https://i.fnri.dost.gov.ph/fct/library/report/3363"",""source_record_id"":""D084"",""source_name"":""DOST-FNRI PhilFCT""}}"
PH_DISH_044,EST_PH_DISH_044_V1,FC000099,Soy sauce,40,ASSUMED_REFERENCE_MIXTURE,75.0,3.5,15.0,0.1,1.0,0.5,2041.0,0.0,"{""kcal_100g"":{""value_per_100g"":75.0,""value_for_portion"":75.0,""label"":""Verified"",""source_url"":""https://i.fnri.dost.gov.ph/fct/library/report/4346"",""source_record_id"":""N023"",""source_name"":""DOST-FNRI PhilFCT""},""protein_g_100g"":{""value_per_100g"":3.5,""value_for_portion"":3.5,""label"":""Verified"",""source_url"":""https://i.fnri.dost.gov.ph/fct/library/report/4346"",""source_record_id"":""N023"",""source_name"":""DOST-FNRI PhilFCT""},""carbs_g_100g"":{""value_per_100g"":15.0,""value_for_portion"":15.0,""label"":""Verified"",""source_url"":""https://i.fnri.dost.gov.ph/fct/library/report/4346"",""source_record_id"":""N023"",""source_name"":""DOST-FNRI PhilFCT""},""fat_g_100g"":{""value_per_100g"":0.1,""value_for_portion"":0.1,""label"":""Verified"",""source_url"":""https://i.fnri.dost.gov.ph/fct/library/report/4346"",""source_record_id"":""N023"",""source_name"":""DOST-FNRI PhilFCT""},""fiber_g_100g"":{""value_per_100g"":1.0,""value_for_portion"":1.0,""label"":""Verified"",""source_url"":""https://i.fnri.dost.gov.ph/fct/library/report/4346"",""source_record_id"":""N023"",""source_name"":""DOST-FNRI PhilFCT""},""sugar_g_100g"":{""value_per_100g"":0.5,""value_for_portion"":0.5,""label"":""Verified"",""source_url"":""https://i.fnri.dost.gov.ph/fct/library/report/4346"",""source_record_id"":""N023"",""source_name"":""DOST-FNRI PhilFCT""},""sodium_mg_100g"":{""value_per_100g"":2041.0,""value_for_portion"":2041.0,""label"":""Verified"",""source_url"":""https://i.fnri.dost.gov.ph/fct/library/report/4346"",""source_record_id"":""N023"",""source_name"":""DOST-FNRI PhilFCT""},""cholesterol_mg_100g"":{""value_per_100g"":0.0,""value_for_portion"":0.0,""label"":""Verified"",""source_url"":""https://i.fnri.dost.gov.ph/fct/library/report/4346"",""source_record_id"":""N023"",""source_name"":""DOST-FNRI PhilFCT""}}"
PH_DISH_044,EST_PH_DISH_044_V1,FC000098,Coconut oil,30,ASSUMED_REFERENCE_MIXTURE,892.0,0.0,0.0,99.1,0.0,0.0,0.0,0.0,"{""kcal_100g"":{""value_per_100g"":892.0,""value_for_portion"":892.0,""label"":""Verified"",""source_url"":""https://i.fnri.dost.gov.ph/fct/library/report/4268"",""source_record_id"":""K008"",""source_name"":""DOST-FNRI PhilFCT""},""protein_g_100g"":{""value_per_100g"":0.0,""value_for_portion"":0.0,""label"":""Verified"",""source_url"":""https://i.fnri.dost.gov.ph/fct/library/report/4268"",""source_record_id"":""K008"",""source_name"":""DOST-FNRI PhilFCT""},""carbs_g_100g"":{""value_per_100g"":0.0,""value_for_portion"":0.0,""label"":""Verified"",""source_url"":""https://i.fnri.dost.gov.ph/fct/library/report/4268"",""source_record_id"":""K008"",""source_name"":""DOST-FNRI PhilFCT""},""fat_g_100g"":{""value_per_100g"":99.1,""value_for_portion"":99.1,""label"":""Verified"",""source_url"":""https://i.fnri.dost.gov.ph/fct/library/report/4268"",""source_record_id"":""K008"",""source_name"":""DOST-FNRI PhilFCT""},""fiber_g_100g"":{""value_per_100g"":0.0,""value_for_portion"":0.0,""label"":""Verified"",""source_url"":""https://i.fnri.dost.gov.ph/fct/library/report/4268"",""source_record_id"":""K008"",""source_name"":""DOST-FNRI PhilFCT""},""sugar_g_100g"":{""value_per_100g"":0.0,""value_for_portion"":0.0,""label"":""Verified"",""source_url"":""https://i.fnri.dost.gov.ph/fct/library/report/4268"",""source_record_id"":""K008"",""source_name"":""DOST-FNRI PhilFCT""},""sodium_mg_100g"":{""value_per_100g"":0.0,""value_for_portion"":0.0,""label"":""Verified"",""source_url"":""https://i.fnri.dost.gov.ph/fct/library/report/4268"",""source_record_id"":""K008"",""source_name"":""DOST-FNRI PhilFCT""},""cholesterol_mg_100g"":{""value_per_100g"":0.0,""value_for_portion"":0.0,""label"":""Verified"",""source_url"":""https://i.fnri.dost.gov.ph/fct/library/report/4268"",""source_record_id"":""K008"",""source_name"":""DOST-FNRI PhilFCT""}}"
PH_DISH_044,EST_PH_DISH_044_V1,FC001237,"Beverages, water, tap, drinking",80,ASSUMED_REFERENCE_MIXTURE,0.0,0.0,0.0,0.0,0.0,0.0,4.0,0.0,"{""kcal_100g"":{""value_per_100g"":0.0,""value_for_portion"":0.0,""label"":""Other source"",""source_url"":""https://fdc.nal.usda.gov/food-details/173647/nutrients"",""source_record_id"":""USDA_FC001237_173647"",""source_name"":""USDA FoodData Central SR Legacy""},""protein_g_100g"":{""value_per_100g"":0.0,""value_for_portion"":0.0,""label"":""Other source"",""source_url"":""https://fdc.nal.usda.gov/food-details/173647/nutrients"",""source_record_id"":""USDA_FC001237_173647"",""source_name"":""USDA FoodData Central SR Legacy""},""carbs_g_100g"":{""value_per_100g"":0.0,""value_for_portion"":0.0,""label"":""Other source"",""source_url"":""https://fdc.nal.usda.gov/food-details/173647/nutrients"",""source_record_id"":""USDA_FC001237_173647"",""source_name"":""USDA FoodData Central SR Legacy""},""fat_g_100g"":{""value_per_100g"":0.0,""value_for_portion"":0.0,""label"":""Other source"",""source_url"":""https://fdc.nal.usda.gov/food-details/173647/nutrients"",""source_record_id"":""USDA_FC001237_173647"",""source_name"":""USDA FoodData Central SR Legacy""},""fiber_g_100g"":{""value_per_100g"":0.0,""value_for_portion"":0.0,""label"":""Other source"",""source_url"":""https://fdc.nal.usda.gov/food-details/173647/nutrients"",""source_record_id"":""USDA_FC001237_173647"",""source_name"":""USDA FoodData Central SR Legacy""},""sugar_g_100g"":{""value_per_100g"":0.0,""value_for_portion"":0.0,""label"":""Other source"",""source_url"":""https://fdc.nal.usda.gov/food-details/173647/nutrients"",""source_record_id"":""USDA_FC001237_173647"",""source_name"":""USDA FoodData Central SR Legacy""},""sodium_mg_100g"":{""value_per_100g"":4.0,""value_for_portion"":4.0,""label"":""Other source"",""source_url"":""https://fdc.nal.usda.gov/food-details/173647/nutrients"",""source_record_id"":""USDA_FC001237_173647"",""source_name"":""USDA FoodData Central SR Legacy""},""cholesterol_mg_100g"":{""value_per_100g"":0.0,""value_for_portion"":0.0,""label"":""Other source"",""source_url"":""https://fdc.nal.usda.gov/food-details/173647/nutrients"",""source_record_id"":""USDA_FC001237_173647"",""source_name"":""USDA FoodData Central SR Legacy""}}"
PH_DISH_045,EST_PH_DISH_045_V1,FC000001,"Rice, well-milled, boiled",500,ASSUMED_REFERENCE_MIXTURE,129.0,2.1,29.7,0.2,0.4,0.1,3.0,0.0,"{""kcal_100g"":{""value_per_100g"":129.0,""value_for_portion"":129.0,""label"":""Verified"",""source_url"":""https://i.fnri.dost.gov.ph/fct/library/report/2982"",""source_record_id"":""A020"",""source_name"":""DOST-FNRI PhilFCT""},""protein_g_100g"":{""value_per_100g"":2.1,""value_for_portion"":2.1,""label"":""Verified"",""source_url"":""https://i.fnri.dost.gov.ph/fct/library/report/2982"",""source_record_id"":""A020"",""source_name"":""DOST-FNRI PhilFCT""},""carbs_g_100g"":{""value_per_100g"":29.7,""value_for_portion"":29.7,""label"":""Verified"",""source_url"":""https://i.fnri.dost.gov.ph/fct/library/report/2982"",""source_record_id"":""A020"",""source_name"":""DOST-FNRI PhilFCT""},""fat_g_100g"":{""value_per_100g"":0.2,""value_for_portion"":0.2,""label"":""Verified"",""source_url"":""https://i.fnri.dost.gov.ph/fct/library/report/2982"",""source_record_id"":""A020"",""source_name"":""DOST-FNRI PhilFCT""},""fiber_g_100g"":{""value_per_100g"":0.4,""value_for_portion"":0.4,""label"":""Verified"",""source_url"":""https://i.fnri.dost.gov.ph/fct/library/report/2982"",""source_record_id"":""A020"",""source_name"":""DOST-FNRI PhilFCT""},""sugar_g_100g"":{""value_per_100g"":0.1,""value_for_portion"":0.1,""label"":""Verified"",""source_url"":""https://i.fnri.dost.gov.ph/fct/library/report/2982"",""source_record_id"":""A020"",""source_name"":""DOST-FNRI PhilFCT""},""sodium_mg_100g"":{""value_per_100g"":3.0,""value_for_portion"":3.0,""label"":""Verified"",""source_url"":""https://i.fnri.dost.gov.ph/fct/library/report/2982"",""source_record_id"":""A020"",""source_name"":""DOST-FNRI PhilFCT""},""cholesterol_mg_100g"":{""value_per_100g"":0.0,""value_for_portion"":0.0,""label"":""Verified"",""source_url"":""https://i.fnri.dost.gov.ph/fct/library/report/2982"",""source_record_id"":""A020"",""source_name"":""DOST-FNRI PhilFCT""}}"
PH_DISH_045,EST_PH_DISH_045_V1,FC000382,"Chicken, white meat, boiled",300,ASSUMED_REFERENCE_MIXTURE,173.0,32.9,0.0,4.6,0.0,0.0,81.0,,"{""kcal_100g"":{""value_per_100g"":173.0,""value_for_portion"":173.0,""label"":""Verified"",""source_url"":""https://i.fnri.dost.gov.ph/fct/library/report/3818"",""source_record_id"":""F111"",""source_name"":""DOST-FNRI PhilFCT""},""protein_g_100g"":{""value_per_100g"":32.9,""value_for_portion"":32.9,""label"":""Verified"",""source_url"":""https://i.fnri.dost.gov.ph/fct/library/report/3818"",""source_record_id"":""F111"",""source_name"":""DOST-FNRI PhilFCT""},""carbs_g_100g"":{""value_per_100g"":0.0,""value_for_portion"":0.0,""label"":""Verified"",""source_url"":""https://i.fnri.dost.gov.ph/fct/library/report/3818"",""source_record_id"":""F111"",""source_name"":""DOST-FNRI PhilFCT""},""fat_g_100g"":{""value_per_100g"":4.6,""value_for_portion"":4.6,""label"":""Verified"",""source_url"":""https://i.fnri.dost.gov.ph/fct/library/report/3818"",""source_record_id"":""F111"",""source_name"":""DOST-FNRI PhilFCT""},""fiber_g_100g"":{""value_per_100g"":0.0,""value_for_portion"":0.0,""label"":""Verified"",""source_url"":""https://i.fnri.dost.gov.ph/fct/library/report/3818"",""source_record_id"":""F111"",""source_name"":""DOST-FNRI PhilFCT""},""sugar_g_100g"":{""value_per_100g"":0.0,""value_for_portion"":0.0,""label"":""Verified"",""source_url"":""https://i.fnri.dost.gov.ph/fct/library/report/3818"",""source_record_id"":""F111"",""source_name"":""DOST-FNRI PhilFCT""},""sodium_mg_100g"":{""value_per_100g"":81.0,""value_for_portion"":81.0,""label"":""Verified"",""source_url"":""https://i.fnri.dost.gov.ph/fct/library/report/3818"",""source_record_id"":""F111"",""source_name"":""DOST-FNRI PhilFCT""},""cholesterol_mg_100g"":{""value_per_100g"":null,""value_for_portion"":null,""label"":""Unknown"",""source_url"":null,""source_record_id"":null,""source_name"":null}}"
PH_DISH_045,EST_PH_DISH_045_V1,FC000317,Ginger,30,ASSUMED_REFERENCE_MIXTURE,46.0,1.1,8.5,0.8,1.1,0.9,3.0,0.0,"{""kcal_100g"":{""value_per_100g"":46.0,""value_for_portion"":46.0,""label"":""Verified"",""source_url"":""https://i.fnri.dost.gov.ph/fct/library/report/5005"",""source_record_id"":""D304"",""source_name"":""DOST-FNRI PhilFCT""},""protein_g_100g"":{""value_per_100g"":1.1,""value_for_portion"":1.1,""label"":""Verified"",""source_url"":""https://i.fnri.dost.gov.ph/fct/library/report/5005"",""source_record_id"":""D304"",""source_name"":""DOST-FNRI PhilFCT""},""carbs_g_100g"":{""value_per_100g"":8.5,""value_for_portion"":8.5,""label"":""Verified"",""source_url"":""https://i.fnri.dost.gov.ph/fct/library/report/5005"",""source_record_id"":""D304"",""source_name"":""DOST-FNRI PhilFCT""},""fat_g_100g"":{""value_per_100g"":0.8,""value_for_portion"":0.8,""label"":""Verified"",""source_url"":""https://i.fnri.dost.gov.ph/fct/library/report/5005"",""source_record_id"":""D304"",""source_name"":""DOST-FNRI PhilFCT""},""fiber_g_100g"":{""value_per_100g"":1.1,""value_for_portion"":1.1,""label"":""Verified"",""source_url"":""https://i.fnri.dost.gov.ph/fct/library/report/5005"",""source_record_id"":""D304"",""source_name"":""DOST-FNRI PhilFCT""},""sugar_g_100g"":{""value_per_100g"":0.9,""value_for_portion"":0.9,""label"":""Verified"",""source_url"":""https://i.fnri.dost.gov.ph/fct/library/report/5005"",""source_record_id"":""D304"",""source_name"":""DOST-FNRI PhilFCT""},""sodium_mg_100g"":{""value_per_100g"":3.0,""value_for_portion"":3.0,""label"":""Verified"",""source_url"":""https://i.fnri.dost.gov.ph/fct/library/report/5005"",""source_record_id"":""D304"",""source_name"":""DOST-FNRI PhilFCT""},""cholesterol_mg_100g"":{""value_per_100g"":0.0,""value_for_portion"":0.0,""label"":""Verified"",""source_url"":""https://i.fnri.dost.gov.ph/fct/library/report/5005"",""source_record_id"":""D304"",""source_name"":""DOST-FNRI PhilFCT""}}"
PH_DISH_045,EST_PH_DISH_045_V1,FC000333,"Onion, Bombay bulb, boiled",60,ASSUMED_REFERENCE_MIXTURE,47.0,1.2,9.7,0.4,1.3,4.6,3.0,0.0,"{""kcal_100g"":{""value_per_100g"":47.0,""value_for_portion"":47.0,""label"":""Verified"",""source_url"":""https://i.fnri.dost.gov.ph/fct/library/report/3421"",""source_record_id"":""D142"",""source_name"":""DOST-FNRI PhilFCT""},""protein_g_100g"":{""value_per_100g"":1.2,""value_for_portion"":1.2,""label"":""Verified"",""source_url"":""https://i.fnri.dost.gov.ph/fct/library/report/3421"",""source_record_id"":""D142"",""source_name"":""DOST-FNRI PhilFCT""},""carbs_g_100g"":{""value_per_100g"":9.7,""value_for_portion"":9.7,""label"":""Verified"",""source_url"":""https://i.fnri.dost.gov.ph/fct/library/report/3421"",""source_record_id"":""D142"",""source_name"":""DOST-FNRI PhilFCT""},""fat_g_100g"":{""value_per_100g"":0.4,""value_for_portion"":0.4,""label"":""Verified"",""source_url"":""https://i.fnri.dost.gov.ph/fct/library/report/3421"",""source_record_id"":""D142"",""source_name"":""DOST-FNRI PhilFCT""},""fiber_g_100g"":{""value_per_100g"":1.3,""value_for_portion"":1.3,""label"":""Verified"",""source_url"":""https://i.fnri.dost.gov.ph/fct/library/report/3421"",""source_record_id"":""D142"",""source_name"":""DOST-FNRI PhilFCT""},""sugar_g_100g"":{""value_per_100g"":4.6,""value_for_portion"":4.6,""label"":""Verified"",""source_url"":""https://i.fnri.dost.gov.ph/fct/library/report/3421"",""source_record_id"":""D142"",""source_name"":""DOST-FNRI PhilFCT""},""sodium_mg_100g"":{""value_per_100g"":3.0,""value_for_portion"":3.0,""label"":""Verified"",""source_url"":""https://i.fnri.dost.gov.ph/fct/library/report/3421"",""source_record_id"":""D142"",""source_name"":""DOST-FNRI PhilFCT""},""cholesterol_mg_100g"":{""value_per_100g"":0.0,""value_for_portion"":0.0,""label"":""Verified"",""source_url"":""https://i.fnri.dost.gov.ph/fct/library/report/3421"",""source_record_id"":""D142"",""source_name"":""DOST-FNRI PhilFCT""}}"
PH_DISH_045,EST_PH_DISH_045_V1,FC000070,Garlic bulb,20,ASSUMED_REFERENCE_MIXTURE,129.0,7.0,24.6,0.3,1.7,0.8,10.0,0.0,"{""kcal_100g"":{""value_per_100g"":129.0,""value_for_portion"":129.0,""label"":""Verified"",""source_url"":""https://i.fnri.dost.gov.ph/fct/library/report/3363"",""source_record_id"":""D084"",""source_name"":""DOST-FNRI PhilFCT""},""protein_g_100g"":{""value_per_100g"":7.0,""value_for_portion"":7.0,""label"":""Verified"",""source_url"":""https://i.fnri.dost.gov.ph/fct/library/report/3363"",""source_record_id"":""D084"",""source_name"":""DOST-FNRI PhilFCT""},""carbs_g_100g"":{""value_per_100g"":24.6,""value_for_portion"":24.6,""label"":""Verified"",""source_url"":""https://i.fnri.dost.gov.ph/fct/library/report/3363"",""source_record_id"":""D084"",""source_name"":""DOST-FNRI PhilFCT""},""fat_g_100g"":{""value_per_100g"":0.3,""value_for_portion"":0.3,""label"":""Verified"",""source_url"":""https://i.fnri.dost.gov.ph/fct/library/report/3363"",""source_record_id"":""D084"",""source_name"":""DOST-FNRI PhilFCT""},""fiber_g_100g"":{""value_per_100g"":1.7,""value_for_portion"":1.7,""label"":""Verified"",""source_url"":""https://i.fnri.dost.gov.ph/fct/library/report/3363"",""source_record_id"":""D084"",""source_name"":""DOST-FNRI PhilFCT""},""sugar_g_100g"":{""value_per_100g"":0.8,""value_for_portion"":0.8,""label"":""Verified"",""source_url"":""https://i.fnri.dost.gov.ph/fct/library/report/3363"",""source_record_id"":""D084"",""source_name"":""DOST-FNRI PhilFCT""},""sodium_mg_100g"":{""value_per_100g"":10.0,""value_for_portion"":10.0,""label"":""Verified"",""source_url"":""https://i.fnri.dost.gov.ph/fct/library/report/3363"",""source_record_id"":""D084"",""source_name"":""DOST-FNRI PhilFCT""},""cholesterol_mg_100g"":{""value_per_100g"":0.0,""value_for_portion"":0.0,""label"":""Verified"",""source_url"":""https://i.fnri.dost.gov.ph/fct/library/report/3363"",""source_record_id"":""D084"",""source_name"":""DOST-FNRI PhilFCT""}}"
PH_DISH_045,EST_PH_DISH_045_V1,FC000100,Fish sauce,25,ASSUMED_REFERENCE_MIXTURE,49.0,10.6,0.9,0.3,0.0,,5061.0,0.0,"{""kcal_100g"":{""value_per_100g"":49.0,""value_for_portion"":49.0,""label"":""Verified"",""source_url"":""https://i.fnri.dost.gov.ph/fct/library/report/4334"",""source_record_id"":""N011"",""source_name"":""DOST-FNRI PhilFCT""},""protein_g_100g"":{""value_per_100g"":10.6,""value_for_portion"":10.6,""label"":""Verified"",""source_url"":""https://i.fnri.dost.gov.ph/fct/library/report/4334"",""source_record_id"":""N011"",""source_name"":""DOST-FNRI PhilFCT""},""carbs_g_100g"":{""value_per_100g"":0.9,""value_for_portion"":0.9,""label"":""Verified"",""source_url"":""https://i.fnri.dost.gov.ph/fct/library/report/4334"",""source_record_id"":""N011"",""source_name"":""DOST-FNRI PhilFCT""},""fat_g_100g"":{""value_per_100g"":0.3,""value_for_portion"":0.3,""label"":""Verified"",""source_url"":""https://i.fnri.dost.gov.ph/fct/library/report/4334"",""source_record_id"":""N011"",""source_name"":""DOST-FNRI PhilFCT""},""fiber_g_100g"":{""value_per_100g"":0.0,""value_for_portion"":0.0,""label"":""Verified"",""source_url"":""https://i.fnri.dost.gov.ph/fct/library/report/4334"",""source_record_id"":""N011"",""source_name"":""DOST-FNRI PhilFCT""},""sugar_g_100g"":{""value_per_100g"":null,""value_for_portion"":null,""label"":""Unknown"",""source_url"":null,""source_record_id"":null,""source_name"":null},""sodium_mg_100g"":{""value_per_100g"":5061.0,""value_for_portion"":5061.0,""label"":""Verified"",""source_url"":""https://i.fnri.dost.gov.ph/fct/library/report/4334"",""source_record_id"":""N011"",""source_name"":""DOST-FNRI PhilFCT""},""cholesterol_mg_100g"":{""value_per_100g"":0.0,""value_for_portion"":0.0,""label"":""Verified"",""source_url"":""https://i.fnri.dost.gov.ph/fct/library/report/4334"",""source_record_id"":""N011"",""source_name"":""DOST-FNRI PhilFCT""}}"
PH_DISH_045,EST_PH_DISH_045_V1,FC000098,Coconut oil,20,ASSUMED_REFERENCE_MIXTURE,892.0,0.0,0.0,99.1,0.0,0.0,0.0,0.0,"{""kcal_100g"":{""value_per_100g"":892.0,""value_for_portion"":892.0,""label"":""Verified"",""source_url"":""https://i.fnri.dost.gov.ph/fct/library/report/4268"",""source_record_id"":""K008"",""source_name"":""DOST-FNRI PhilFCT""},""protein_g_100g"":{""value_per_100g"":0.0,""value_for_portion"":0.0,""label"":""Verified"",""source_url"":""https://i.fnri.dost.gov.ph/fct/library/report/4268"",""source_record_id"":""K008"",""source_name"":""DOST-FNRI PhilFCT""},""carbs_g_100g"":{""value_per_100g"":0.0,""value_for_portion"":0.0,""label"":""Verified"",""source_url"":""https://i.fnri.dost.gov.ph/fct/library/report/4268"",""source_record_id"":""K008"",""source_name"":""DOST-FNRI PhilFCT""},""fat_g_100g"":{""value_per_100g"":99.1,""value_for_portion"":99.1,""label"":""Verified"",""source_url"":""https://i.fnri.dost.gov.ph/fct/library/report/4268"",""source_record_id"":""K008"",""source_name"":""DOST-FNRI PhilFCT""},""fiber_g_100g"":{""value_per_100g"":0.0,""value_for_portion"":0.0,""label"":""Verified"",""source_url"":""https://i.fnri.dost.gov.ph/fct/library/report/4268"",""source_record_id"":""K008"",""source_name"":""DOST-FNRI PhilFCT""},""sugar_g_100g"":{""value_per_100g"":0.0,""value_for_portion"":0.0,""label"":""Verified"",""source_url"":""https://i.fnri.dost.gov.ph/fct/library/report/4268"",""source_record_id"":""K008"",""source_name"":""DOST-FNRI PhilFCT""},""sodium_mg_100g"":{""value_per_100g"":0.0,""value_for_portion"":0.0,""label"":""Verified"",""source_url"":""https://i.fnri.dost.gov.ph/fct/library/report/4268"",""source_record_id"":""K008"",""source_name"":""DOST-FNRI PhilFCT""},""cholesterol_mg_100g"":{""value_per_100g"":0.0,""value_for_portion"":0.0,""label"":""Verified"",""source_url"":""https://i.fnri.dost.gov.ph/fct/library/report/4268"",""source_record_id"":""K008"",""source_name"":""DOST-FNRI PhilFCT""}}"
PH_DISH_045,EST_PH_DISH_045_V1,FC001237,"Beverages, water, tap, drinking",1000,ASSUMED_REFERENCE_MIXTURE,0.0,0.0,0.0,0.0,0.0,0.0,4.0,0.0,"{""kcal_100g"":{""value_per_100g"":0.0,""value_for_portion"":0.0,""label"":""Other source"",""source_url"":""https://fdc.nal.usda.gov/food-details/173647/nutrients"",""source_record_id"":""USDA_FC001237_173647"",""source_name"":""USDA FoodData Central SR Legacy""},""protein_g_100g"":{""value_per_100g"":0.0,""value_for_portion"":0.0,""label"":""Other source"",""source_url"":""https://fdc.nal.usda.gov/food-details/173647/nutrients"",""source_record_id"":""USDA_FC001237_173647"",""source_name"":""USDA FoodData Central SR Legacy""},""carbs_g_100g"":{""value_per_100g"":0.0,""value_for_portion"":0.0,""label"":""Other source"",""source_url"":""https://fdc.nal.usda.gov/food-details/173647/nutrients"",""source_record_id"":""USDA_FC001237_173647"",""source_name"":""USDA FoodData Central SR Legacy""},""fat_g_100g"":{""value_per_100g"":0.0,""value_for_portion"":0.0,""label"":""Other source"",""source_url"":""https://fdc.nal.usda.gov/food-details/173647/nutrients"",""source_record_id"":""USDA_FC001237_173647"",""source_name"":""USDA FoodData Central SR Legacy""},""fiber_g_100g"":{""value_per_100g"":0.0,""value_for_portion"":0.0,""label"":""Other source"",""source_url"":""https://fdc.nal.usda.gov/food-details/173647/nutrients"",""source_record_id"":""USDA_FC001237_173647"",""source_name"":""USDA FoodData Central SR Legacy""},""sugar_g_100g"":{""value_per_100g"":0.0,""value_for_portion"":0.0,""label"":""Other source"",""source_url"":""https://fdc.nal.usda.gov/food-details/173647/nutrients"",""source_record_id"":""USDA_FC001237_173647"",""source_name"":""USDA FoodData Central SR Legacy""},""sodium_mg_100g"":{""value_per_100g"":4.0,""value_for_portion"":4.0,""label"":""Other source"",""source_url"":""https://fdc.nal.usda.gov/food-details/173647/nutrients"",""source_record_id"":""USDA_FC001237_173647"",""source_name"":""USDA FoodData Central SR Legacy""},""cholesterol_mg_100g"":{""value_per_100g"":0.0,""value_for_portion"":0.0,""label"":""Other source"",""source_url"":""https://fdc.nal.usda.gov/food-details/173647/nutrients"",""source_record_id"":""USDA_FC001237_173647"",""source_name"":""USDA FoodData Central SR Legacy""}}"
PH_DISH_046,EST_PH_DISH_046_V1,FC000001,"Rice, well-milled, boiled",500,ASSUMED_REFERENCE_MIXTURE,129.0,2.1,29.7,0.2,0.4,0.1,3.0,0.0,"{""kcal_100g"":{""value_per_100g"":129.0,""value_for_portion"":129.0,""label"":""Verified"",""source_url"":""https://i.fnri.dost.gov.ph/fct/library/report/2982"",""source_record_id"":""A020"",""source_name"":""DOST-FNRI PhilFCT""},""protein_g_100g"":{""value_per_100g"":2.1,""value_for_portion"":2.1,""label"":""Verified"",""source_url"":""https://i.fnri.dost.gov.ph/fct/library/report/2982"",""source_record_id"":""A020"",""source_name"":""DOST-FNRI PhilFCT""},""carbs_g_100g"":{""value_per_100g"":29.7,""value_for_portion"":29.7,""label"":""Verified"",""source_url"":""https://i.fnri.dost.gov.ph/fct/library/report/2982"",""source_record_id"":""A020"",""source_name"":""DOST-FNRI PhilFCT""},""fat_g_100g"":{""value_per_100g"":0.2,""value_for_portion"":0.2,""label"":""Verified"",""source_url"":""https://i.fnri.dost.gov.ph/fct/library/report/2982"",""source_record_id"":""A020"",""source_name"":""DOST-FNRI PhilFCT""},""fiber_g_100g"":{""value_per_100g"":0.4,""value_for_portion"":0.4,""label"":""Verified"",""source_url"":""https://i.fnri.dost.gov.ph/fct/library/report/2982"",""source_record_id"":""A020"",""source_name"":""DOST-FNRI PhilFCT""},""sugar_g_100g"":{""value_per_100g"":0.1,""value_for_portion"":0.1,""label"":""Verified"",""source_url"":""https://i.fnri.dost.gov.ph/fct/library/report/2982"",""source_record_id"":""A020"",""source_name"":""DOST-FNRI PhilFCT""},""sodium_mg_100g"":{""value_per_100g"":3.0,""value_for_portion"":3.0,""label"":""Verified"",""source_url"":""https://i.fnri.dost.gov.ph/fct/library/report/2982"",""source_record_id"":""A020"",""source_name"":""DOST-FNRI PhilFCT""},""cholesterol_mg_100g"":{""value_per_100g"":0.0,""value_for_portion"":0.0,""label"":""Verified"",""source_url"":""https://i.fnri.dost.gov.ph/fct/library/report/2982"",""source_record_id"":""A020"",""source_name"":""DOST-FNRI PhilFCT""}}"
PH_DISH_046,EST_PH_DISH_046_V1,FC000381,"Beef tripe, boiled",300,ASSUMED_REFERENCE_MIXTURE,94.0,10.3,1.5,5.2,0.0,0.0,66.0,202.0,"{""kcal_100g"":{""value_per_100g"":94.0,""value_for_portion"":94.0,""label"":""Verified"",""source_url"":""https://i.fnri.dost.gov.ph/fct/library/report/3757"",""source_record_id"":""F050"",""source_name"":""DOST-FNRI PhilFCT""},""protein_g_100g"":{""value_per_100g"":10.3,""value_for_portion"":10.3,""label"":""Verified"",""source_url"":""https://i.fnri.dost.gov.ph/fct/library/report/3757"",""source_record_id"":""F050"",""source_name"":""DOST-FNRI PhilFCT""},""carbs_g_100g"":{""value_per_100g"":1.5,""value_for_portion"":1.5,""label"":""Verified"",""source_url"":""https://i.fnri.dost.gov.ph/fct/library/report/3757"",""source_record_id"":""F050"",""source_name"":""DOST-FNRI PhilFCT""},""fat_g_100g"":{""value_per_100g"":5.2,""value_for_portion"":5.2,""label"":""Verified"",""source_url"":""https://i.fnri.dost.gov.ph/fct/library/report/3757"",""source_record_id"":""F050"",""source_name"":""DOST-FNRI PhilFCT""},""fiber_g_100g"":{""value_per_100g"":0.0,""value_for_portion"":0.0,""label"":""Verified"",""source_url"":""https://i.fnri.dost.gov.ph/fct/library/report/3757"",""source_record_id"":""F050"",""source_name"":""DOST-FNRI PhilFCT""},""sugar_g_100g"":{""value_per_100g"":0.0,""value_for_portion"":0.0,""label"":""Verified"",""source_url"":""https://i.fnri.dost.gov.ph/fct/library/report/3757"",""source_record_id"":""F050"",""source_name"":""DOST-FNRI PhilFCT""},""sodium_mg_100g"":{""value_per_100g"":66.0,""value_for_portion"":66.0,""label"":""Verified"",""source_url"":""https://i.fnri.dost.gov.ph/fct/library/report/3757"",""source_record_id"":""F050"",""source_name"":""DOST-FNRI PhilFCT""},""cholesterol_mg_100g"":{""value_per_100g"":202.0,""value_for_portion"":202.0,""label"":""Verified"",""source_url"":""https://i.fnri.dost.gov.ph/fct/library/report/3757"",""source_record_id"":""F050"",""source_name"":""DOST-FNRI PhilFCT""}}"
PH_DISH_046,EST_PH_DISH_046_V1,FC000317,Ginger,30,ASSUMED_REFERENCE_MIXTURE,46.0,1.1,8.5,0.8,1.1,0.9,3.0,0.0,"{""kcal_100g"":{""value_per_100g"":46.0,""value_for_portion"":46.0,""label"":""Verified"",""source_url"":""https://i.fnri.dost.gov.ph/fct/library/report/5005"",""source_record_id"":""D304"",""source_name"":""DOST-FNRI PhilFCT""},""protein_g_100g"":{""value_per_100g"":1.1,""value_for_portion"":1.1,""label"":""Verified"",""source_url"":""https://i.fnri.dost.gov.ph/fct/library/report/5005"",""source_record_id"":""D304"",""source_name"":""DOST-FNRI PhilFCT""},""carbs_g_100g"":{""value_per_100g"":8.5,""value_for_portion"":8.5,""label"":""Verified"",""source_url"":""https://i.fnri.dost.gov.ph/fct/library/report/5005"",""source_record_id"":""D304"",""source_name"":""DOST-FNRI PhilFCT""},""fat_g_100g"":{""value_per_100g"":0.8,""value_for_portion"":0.8,""label"":""Verified"",""source_url"":""https://i.fnri.dost.gov.ph/fct/library/report/5005"",""source_record_id"":""D304"",""source_name"":""DOST-FNRI PhilFCT""},""fiber_g_100g"":{""value_per_100g"":1.1,""value_for_portion"":1.1,""label"":""Verified"",""source_url"":""https://i.fnri.dost.gov.ph/fct/library/report/5005"",""source_record_id"":""D304"",""source_name"":""DOST-FNRI PhilFCT""},""sugar_g_100g"":{""value_per_100g"":0.9,""value_for_portion"":0.9,""label"":""Verified"",""source_url"":""https://i.fnri.dost.gov.ph/fct/library/report/5005"",""source_record_id"":""D304"",""source_name"":""DOST-FNRI PhilFCT""},""sodium_mg_100g"":{""value_per_100g"":3.0,""value_for_portion"":3.0,""label"":""Verified"",""source_url"":""https://i.fnri.dost.gov.ph/fct/library/report/5005"",""source_record_id"":""D304"",""source_name"":""DOST-FNRI PhilFCT""},""cholesterol_mg_100g"":{""value_per_100g"":0.0,""value_for_portion"":0.0,""label"":""Verified"",""source_url"":""https://i.fnri.dost.gov.ph/fct/library/report/5005"",""source_record_id"":""D304"",""source_name"":""DOST-FNRI PhilFCT""}}"
PH_DISH_046,EST_PH_DISH_046_V1,FC000333,"Onion, Bombay bulb, boiled",60,ASSUMED_REFERENCE_MIXTURE,47.0,1.2,9.7,0.4,1.3,4.6,3.0,0.0,"{""kcal_100g"":{""value_per_100g"":47.0,""value_for_portion"":47.0,""label"":""Verified"",""source_url"":""https://i.fnri.dost.gov.ph/fct/library/report/3421"",""source_record_id"":""D142"",""source_name"":""DOST-FNRI PhilFCT""},""protein_g_100g"":{""value_per_100g"":1.2,""value_for_portion"":1.2,""label"":""Verified"",""source_url"":""https://i.fnri.dost.gov.ph/fct/library/report/3421"",""source_record_id"":""D142"",""source_name"":""DOST-FNRI PhilFCT""},""carbs_g_100g"":{""value_per_100g"":9.7,""value_for_portion"":9.7,""label"":""Verified"",""source_url"":""https://i.fnri.dost.gov.ph/fct/library/report/3421"",""source_record_id"":""D142"",""source_name"":""DOST-FNRI PhilFCT""},""fat_g_100g"":{""value_per_100g"":0.4,""value_for_portion"":0.4,""label"":""Verified"",""source_url"":""https://i.fnri.dost.gov.ph/fct/library/report/3421"",""source_record_id"":""D142"",""source_name"":""DOST-FNRI PhilFCT""},""fiber_g_100g"":{""value_per_100g"":1.3,""value_for_portion"":1.3,""label"":""Verified"",""source_url"":""https://i.fnri.dost.gov.ph/fct/library/report/3421"",""source_record_id"":""D142"",""source_name"":""DOST-FNRI PhilFCT""},""sugar_g_100g"":{""value_per_100g"":4.6,""value_for_portion"":4.6,""label"":""Verified"",""source_url"":""https://i.fnri.dost.gov.ph/fct/library/report/3421"",""source_record_id"":""D142"",""source_name"":""DOST-FNRI PhilFCT""},""sodium_mg_100g"":{""value_per_100g"":3.0,""value_for_portion"":3.0,""label"":""Verified"",""source_url"":""https://i.fnri.dost.gov.ph/fct/library/report/3421"",""source_record_id"":""D142"",""source_name"":""DOST-FNRI PhilFCT""},""cholesterol_mg_100g"":{""value_per_100g"":0.0,""value_for_portion"":0.0,""label"":""Verified"",""source_url"":""https://i.fnri.dost.gov.ph/fct/library/report/3421"",""source_record_id"":""D142"",""source_name"":""DOST-FNRI PhilFCT""}}"
PH_DISH_046,EST_PH_DISH_046_V1,FC000070,Garlic bulb,20,ASSUMED_REFERENCE_MIXTURE,129.0,7.0,24.6,0.3,1.7,0.8,10.0,0.0,"{""kcal_100g"":{""value_per_100g"":129.0,""value_for_portion"":129.0,""label"":""Verified"",""source_url"":""https://i.fnri.dost.gov.ph/fct/library/report/3363"",""source_record_id"":""D084"",""source_name"":""DOST-FNRI PhilFCT""},""protein_g_100g"":{""value_per_100g"":7.0,""value_for_portion"":7.0,""label"":""Verified"",""source_url"":""https://i.fnri.dost.gov.ph/fct/library/report/3363"",""source_record_id"":""D084"",""source_name"":""DOST-FNRI PhilFCT""},""carbs_g_100g"":{""value_per_100g"":24.6,""value_for_portion"":24.6,""label"":""Verified"",""source_url"":""https://i.fnri.dost.gov.ph/fct/library/report/3363"",""source_record_id"":""D084"",""source_name"":""DOST-FNRI PhilFCT""},""fat_g_100g"":{""value_per_100g"":0.3,""value_for_portion"":0.3,""label"":""Verified"",""source_url"":""https://i.fnri.dost.gov.ph/fct/library/report/3363"",""source_record_id"":""D084"",""source_name"":""DOST-FNRI PhilFCT""},""fiber_g_100g"":{""value_per_100g"":1.7,""value_for_portion"":1.7,""label"":""Verified"",""source_url"":""https://i.fnri.dost.gov.ph/fct/library/report/3363"",""source_record_id"":""D084"",""source_name"":""DOST-FNRI PhilFCT""},""sugar_g_100g"":{""value_per_100g"":0.8,""value_for_portion"":0.8,""label"":""Verified"",""source_url"":""https://i.fnri.dost.gov.ph/fct/library/report/3363"",""source_record_id"":""D084"",""source_name"":""DOST-FNRI PhilFCT""},""sodium_mg_100g"":{""value_per_100g"":10.0,""value_for_portion"":10.0,""label"":""Verified"",""source_url"":""https://i.fnri.dost.gov.ph/fct/library/report/3363"",""source_record_id"":""D084"",""source_name"":""DOST-FNRI PhilFCT""},""cholesterol_mg_100g"":{""value_per_100g"":0.0,""value_for_portion"":0.0,""label"":""Verified"",""source_url"":""https://i.fnri.dost.gov.ph/fct/library/report/3363"",""source_record_id"":""D084"",""source_name"":""DOST-FNRI PhilFCT""}}"
PH_DISH_046,EST_PH_DISH_046_V1,FC000100,Fish sauce,25,ASSUMED_REFERENCE_MIXTURE,49.0,10.6,0.9,0.3,0.0,,5061.0,0.0,"{""kcal_100g"":{""value_per_100g"":49.0,""value_for_portion"":49.0,""label"":""Verified"",""source_url"":""https://i.fnri.dost.gov.ph/fct/library/report/4334"",""source_record_id"":""N011"",""source_name"":""DOST-FNRI PhilFCT""},""protein_g_100g"":{""value_per_100g"":10.6,""value_for_portion"":10.6,""label"":""Verified"",""source_url"":""https://i.fnri.dost.gov.ph/fct/library/report/4334"",""source_record_id"":""N011"",""source_name"":""DOST-FNRI PhilFCT""},""carbs_g_100g"":{""value_per_100g"":0.9,""value_for_portion"":0.9,""label"":""Verified"",""source_url"":""https://i.fnri.dost.gov.ph/fct/library/report/4334"",""source_record_id"":""N011"",""source_name"":""DOST-FNRI PhilFCT""},""fat_g_100g"":{""value_per_100g"":0.3,""value_for_portion"":0.3,""label"":""Verified"",""source_url"":""https://i.fnri.dost.gov.ph/fct/library/report/4334"",""source_record_id"":""N011"",""source_name"":""DOST-FNRI PhilFCT""},""fiber_g_100g"":{""value_per_100g"":0.0,""value_for_portion"":0.0,""label"":""Verified"",""source_url"":""https://i.fnri.dost.gov.ph/fct/library/report/4334"",""source_record_id"":""N011"",""source_name"":""DOST-FNRI PhilFCT""},""sugar_g_100g"":{""value_per_100g"":null,""value_for_portion"":null,""label"":""Unknown"",""source_url"":null,""source_record_id"":null,""source_name"":null},""sodium_mg_100g"":{""value_per_100g"":5061.0,""value_for_portion"":5061.0,""label"":""Verified"",""source_url"":""https://i.fnri.dost.gov.ph/fct/library/report/4334"",""source_record_id"":""N011"",""source_name"":""DOST-FNRI PhilFCT""},""cholesterol_mg_100g"":{""value_per_100g"":0.0,""value_for_portion"":0.0,""label"":""Verified"",""source_url"":""https://i.fnri.dost.gov.ph/fct/library/report/4334"",""source_record_id"":""N011"",""source_name"":""DOST-FNRI PhilFCT""}}"
PH_DISH_046,EST_PH_DISH_046_V1,FC000098,Coconut oil,20,ASSUMED_REFERENCE_MIXTURE,892.0,0.0,0.0,99.1,0.0,0.0,0.0,0.0,"{""kcal_100g"":{""value_per_100g"":892.0,""value_for_portion"":892.0,""label"":""Verified"",""source_url"":""https://i.fnri.dost.gov.ph/fct/library/report/4268"",""source_record_id"":""K008"",""source_name"":""DOST-FNRI PhilFCT""},""protein_g_100g"":{""value_per_100g"":0.0,""value_for_portion"":0.0,""label"":""Verified"",""source_url"":""https://i.fnri.dost.gov.ph/fct/library/report/4268"",""source_record_id"":""K008"",""source_name"":""DOST-FNRI PhilFCT""},""carbs_g_100g"":{""value_per_100g"":0.0,""value_for_portion"":0.0,""label"":""Verified"",""source_url"":""https://i.fnri.dost.gov.ph/fct/library/report/4268"",""source_record_id"":""K008"",""source_name"":""DOST-FNRI PhilFCT""},""fat_g_100g"":{""value_per_100g"":99.1,""value_for_portion"":99.1,""label"":""Verified"",""source_url"":""https://i.fnri.dost.gov.ph/fct/library/report/4268"",""source_record_id"":""K008"",""source_name"":""DOST-FNRI PhilFCT""},""fiber_g_100g"":{""value_per_100g"":0.0,""value_for_portion"":0.0,""label"":""Verified"",""source_url"":""https://i.fnri.dost.gov.ph/fct/library/report/4268"",""source_record_id"":""K008"",""source_name"":""DOST-FNRI PhilFCT""},""sugar_g_100g"":{""value_per_100g"":0.0,""value_for_portion"":0.0,""label"":""Verified"",""source_url"":""https://i.fnri.dost.gov.ph/fct/library/report/4268"",""source_record_id"":""K008"",""source_name"":""DOST-FNRI PhilFCT""},""sodium_mg_100g"":{""value_per_100g"":0.0,""value_for_portion"":0.0,""label"":""Verified"",""source_url"":""https://i.fnri.dost.gov.ph/fct/library/report/4268"",""source_record_id"":""K008"",""source_name"":""DOST-FNRI PhilFCT""},""cholesterol_mg_100g"":{""value_per_100g"":0.0,""value_for_portion"":0.0,""label"":""Verified"",""source_url"":""https://i.fnri.dost.gov.ph/fct/library/report/4268"",""source_record_id"":""K008"",""source_name"":""DOST-FNRI PhilFCT""}}"
PH_DISH_046,EST_PH_DISH_046_V1,FC001237,"Beverages, water, tap, drinking",1000,ASSUMED_REFERENCE_MIXTURE,0.0,0.0,0.0,0.0,0.0,0.0,4.0,0.0,"{""kcal_100g"":{""value_per_100g"":0.0,""value_for_portion"":0.0,""label"":""Other source"",""source_url"":""https://fdc.nal.usda.gov/food-details/173647/nutrients"",""source_record_id"":""USDA_FC001237_173647"",""source_name"":""USDA FoodData Central SR Legacy""},""protein_g_100g"":{""value_per_100g"":0.0,""value_for_portion"":0.0,""label"":""Other source"",""source_url"":""https://fdc.nal.usda.gov/food-details/173647/nutrients"",""source_record_id"":""USDA_FC001237_173647"",""source_name"":""USDA FoodData Central SR Legacy""},""carbs_g_100g"":{""value_per_100g"":0.0,""value_for_portion"":0.0,""label"":""Other source"",""source_url"":""https://fdc.nal.usda.gov/food-details/173647/nutrients"",""source_record_id"":""USDA_FC001237_173647"",""source_name"":""USDA FoodData Central SR Legacy""},""fat_g_100g"":{""value_per_100g"":0.0,""value_for_portion"":0.0,""label"":""Other source"",""source_url"":""https://fdc.nal.usda.gov/food-details/173647/nutrients"",""source_record_id"":""USDA_FC001237_173647"",""source_name"":""USDA FoodData Central SR Legacy""},""fiber_g_100g"":{""value_per_100g"":0.0,""value_for_portion"":0.0,""label"":""Other source"",""source_url"":""https://fdc.nal.usda.gov/food-details/173647/nutrients"",""source_record_id"":""USDA_FC001237_173647"",""source_name"":""USDA FoodData Central SR Legacy""},""sugar_g_100g"":{""value_per_100g"":0.0,""value_for_portion"":0.0,""label"":""Other source"",""source_url"":""https://fdc.nal.usda.gov/food-details/173647/nutrients"",""source_record_id"":""USDA_FC001237_173647"",""source_name"":""USDA FoodData Central SR Legacy""},""sodium_mg_100g"":{""value_per_100g"":4.0,""value_for_portion"":4.0,""label"":""Other source"",""source_url"":""https://fdc.nal.usda.gov/food-details/173647/nutrients"",""source_record_id"":""USDA_FC001237_173647"",""source_name"":""USDA FoodData Central SR Legacy""},""cholesterol_mg_100g"":{""value_per_100g"":0.0,""value_for_portion"":0.0,""label"":""Other source"",""source_url"":""https://fdc.nal.usda.gov/food-details/173647/nutrients"",""source_record_id"":""USDA_FC001237_173647"",""source_name"":""USDA FoodData Central SR Legacy""}}"
PH_DISH_047,EST_PH_DISH_047_V1,FC000001,"Rice, well-milled, boiled",500,ASSUMED_REFERENCE_MIXTURE,129.0,2.1,29.7,0.2,0.4,0.1,3.0,0.0,"{""kcal_100g"":{""value_per_100g"":129.0,""value_for_portion"":129.0,""label"":""Verified"",""source_url"":""https://i.fnri.dost.gov.ph/fct/library/report/2982"",""source_record_id"":""A020"",""source_name"":""DOST-FNRI PhilFCT""},""protein_g_100g"":{""value_per_100g"":2.1,""value_for_portion"":2.1,""label"":""Verified"",""source_url"":""https://i.fnri.dost.gov.ph/fct/library/report/2982"",""source_record_id"":""A020"",""source_name"":""DOST-FNRI PhilFCT""},""carbs_g_100g"":{""value_per_100g"":29.7,""value_for_portion"":29.7,""label"":""Verified"",""source_url"":""https://i.fnri.dost.gov.ph/fct/library/report/2982"",""source_record_id"":""A020"",""source_name"":""DOST-FNRI PhilFCT""},""fat_g_100g"":{""value_per_100g"":0.2,""value_for_portion"":0.2,""label"":""Verified"",""source_url"":""https://i.fnri.dost.gov.ph/fct/library/report/2982"",""source_record_id"":""A020"",""source_name"":""DOST-FNRI PhilFCT""},""fiber_g_100g"":{""value_per_100g"":0.4,""value_for_portion"":0.4,""label"":""Verified"",""source_url"":""https://i.fnri.dost.gov.ph/fct/library/report/2982"",""source_record_id"":""A020"",""source_name"":""DOST-FNRI PhilFCT""},""sugar_g_100g"":{""value_per_100g"":0.1,""value_for_portion"":0.1,""label"":""Verified"",""source_url"":""https://i.fnri.dost.gov.ph/fct/library/report/2982"",""source_record_id"":""A020"",""source_name"":""DOST-FNRI PhilFCT""},""sodium_mg_100g"":{""value_per_100g"":3.0,""value_for_portion"":3.0,""label"":""Verified"",""source_url"":""https://i.fnri.dost.gov.ph/fct/library/report/2982"",""source_record_id"":""A020"",""source_name"":""DOST-FNRI PhilFCT""},""cholesterol_mg_100g"":{""value_per_100g"":0.0,""value_for_portion"":0.0,""label"":""Verified"",""source_url"":""https://i.fnri.dost.gov.ph/fct/library/report/2982"",""source_record_id"":""A020"",""source_name"":""DOST-FNRI PhilFCT""}}"
PH_DISH_047,EST_PH_DISH_047_V1,FC000317,Ginger,20,ASSUMED_REFERENCE_MIXTURE,46.0,1.1,8.5,0.8,1.1,0.9,3.0,0.0,"{""kcal_100g"":{""value_per_100g"":46.0,""value_for_portion"":46.0,""label"":""Verified"",""source_url"":""https://i.fnri.dost.gov.ph/fct/library/report/5005"",""source_record_id"":""D304"",""source_name"":""DOST-FNRI PhilFCT""},""protein_g_100g"":{""value_per_100g"":1.1,""value_for_portion"":1.1,""label"":""Verified"",""source_url"":""https://i.fnri.dost.gov.ph/fct/library/report/5005"",""source_record_id"":""D304"",""source_name"":""DOST-FNRI PhilFCT""},""carbs_g_100g"":{""value_per_100g"":8.5,""value_for_portion"":8.5,""label"":""Verified"",""source_url"":""https://i.fnri.dost.gov.ph/fct/library/report/5005"",""source_record_id"":""D304"",""source_name"":""DOST-FNRI PhilFCT""},""fat_g_100g"":{""value_per_100g"":0.8,""value_for_portion"":0.8,""label"":""Verified"",""source_url"":""https://i.fnri.dost.gov.ph/fct/library/report/5005"",""source_record_id"":""D304"",""source_name"":""DOST-FNRI PhilFCT""},""fiber_g_100g"":{""value_per_100g"":1.1,""value_for_portion"":1.1,""label"":""Verified"",""source_url"":""https://i.fnri.dost.gov.ph/fct/library/report/5005"",""source_record_id"":""D304"",""source_name"":""DOST-FNRI PhilFCT""},""sugar_g_100g"":{""value_per_100g"":0.9,""value_for_portion"":0.9,""label"":""Verified"",""source_url"":""https://i.fnri.dost.gov.ph/fct/library/report/5005"",""source_record_id"":""D304"",""source_name"":""DOST-FNRI PhilFCT""},""sodium_mg_100g"":{""value_per_100g"":3.0,""value_for_portion"":3.0,""label"":""Verified"",""source_url"":""https://i.fnri.dost.gov.ph/fct/library/report/5005"",""source_record_id"":""D304"",""source_name"":""DOST-FNRI PhilFCT""},""cholesterol_mg_100g"":{""value_per_100g"":0.0,""value_for_portion"":0.0,""label"":""Verified"",""source_url"":""https://i.fnri.dost.gov.ph/fct/library/report/5005"",""source_record_id"":""D304"",""source_name"":""DOST-FNRI PhilFCT""}}"
PH_DISH_047,EST_PH_DISH_047_V1,FC000333,"Onion, Bombay bulb, boiled",50,ASSUMED_REFERENCE_MIXTURE,47.0,1.2,9.7,0.4,1.3,4.6,3.0,0.0,"{""kcal_100g"":{""value_per_100g"":47.0,""value_for_portion"":47.0,""label"":""Verified"",""source_url"":""https://i.fnri.dost.gov.ph/fct/library/report/3421"",""source_record_id"":""D142"",""source_name"":""DOST-FNRI PhilFCT""},""protein_g_100g"":{""value_per_100g"":1.2,""value_for_portion"":1.2,""label"":""Verified"",""source_url"":""https://i.fnri.dost.gov.ph/fct/library/report/3421"",""source_record_id"":""D142"",""source_name"":""DOST-FNRI PhilFCT""},""carbs_g_100g"":{""value_per_100g"":9.7,""value_for_portion"":9.7,""label"":""Verified"",""source_url"":""https://i.fnri.dost.gov.ph/fct/library/report/3421"",""source_record_id"":""D142"",""source_name"":""DOST-FNRI PhilFCT""},""fat_g_100g"":{""value_per_100g"":0.4,""value_for_portion"":0.4,""label"":""Verified"",""source_url"":""https://i.fnri.dost.gov.ph/fct/library/report/3421"",""source_record_id"":""D142"",""source_name"":""DOST-FNRI PhilFCT""},""fiber_g_100g"":{""value_per_100g"":1.3,""value_for_portion"":1.3,""label"":""Verified"",""source_url"":""https://i.fnri.dost.gov.ph/fct/library/report/3421"",""source_record_id"":""D142"",""source_name"":""DOST-FNRI PhilFCT""},""sugar_g_100g"":{""value_per_100g"":4.6,""value_for_portion"":4.6,""label"":""Verified"",""source_url"":""https://i.fnri.dost.gov.ph/fct/library/report/3421"",""source_record_id"":""D142"",""source_name"":""DOST-FNRI PhilFCT""},""sodium_mg_100g"":{""value_per_100g"":3.0,""value_for_portion"":3.0,""label"":""Verified"",""source_url"":""https://i.fnri.dost.gov.ph/fct/library/report/3421"",""source_record_id"":""D142"",""source_name"":""DOST-FNRI PhilFCT""},""cholesterol_mg_100g"":{""value_per_100g"":0.0,""value_for_portion"":0.0,""label"":""Verified"",""source_url"":""https://i.fnri.dost.gov.ph/fct/library/report/3421"",""source_record_id"":""D142"",""source_name"":""DOST-FNRI PhilFCT""}}"
PH_DISH_047,EST_PH_DISH_047_V1,FC000070,Garlic bulb,10,ASSUMED_REFERENCE_MIXTURE,129.0,7.0,24.6,0.3,1.7,0.8,10.0,0.0,"{""kcal_100g"":{""value_per_100g"":129.0,""value_for_portion"":129.0,""label"":""Verified"",""source_url"":""https://i.fnri.dost.gov.ph/fct/library/report/3363"",""source_record_id"":""D084"",""source_name"":""DOST-FNRI PhilFCT""},""protein_g_100g"":{""value_per_100g"":7.0,""value_for_portion"":7.0,""label"":""Verified"",""source_url"":""https://i.fnri.dost.gov.ph/fct/library/report/3363"",""source_record_id"":""D084"",""source_name"":""DOST-FNRI PhilFCT""},""carbs_g_100g"":{""value_per_100g"":24.6,""value_for_portion"":24.6,""label"":""Verified"",""source_url"":""https://i.fnri.dost.gov.ph/fct/library/report/3363"",""source_record_id"":""D084"",""source_name"":""DOST-FNRI PhilFCT""},""fat_g_100g"":{""value_per_100g"":0.3,""value_for_portion"":0.3,""label"":""Verified"",""source_url"":""https://i.fnri.dost.gov.ph/fct/library/report/3363"",""source_record_id"":""D084"",""source_name"":""DOST-FNRI PhilFCT""},""fiber_g_100g"":{""value_per_100g"":1.7,""value_for_portion"":1.7,""label"":""Verified"",""source_url"":""https://i.fnri.dost.gov.ph/fct/library/report/3363"",""source_record_id"":""D084"",""source_name"":""DOST-FNRI PhilFCT""},""sugar_g_100g"":{""value_per_100g"":0.8,""value_for_portion"":0.8,""label"":""Verified"",""source_url"":""https://i.fnri.dost.gov.ph/fct/library/report/3363"",""source_record_id"":""D084"",""source_name"":""DOST-FNRI PhilFCT""},""sodium_mg_100g"":{""value_per_100g"":10.0,""value_for_portion"":10.0,""label"":""Verified"",""source_url"":""https://i.fnri.dost.gov.ph/fct/library/report/3363"",""source_record_id"":""D084"",""source_name"":""DOST-FNRI PhilFCT""},""cholesterol_mg_100g"":{""value_per_100g"":0.0,""value_for_portion"":0.0,""label"":""Verified"",""source_url"":""https://i.fnri.dost.gov.ph/fct/library/report/3363"",""source_record_id"":""D084"",""source_name"":""DOST-FNRI PhilFCT""}}"
PH_DISH_047,EST_PH_DISH_047_V1,FC000612,"Salt, coarse",3,ASSUMED_REFERENCE_MIXTURE,0.0,0.0,0.0,0.0,0.0,0.0,34836.0,0.0,"{""kcal_100g"":{""value_per_100g"":0.0,""value_for_portion"":0.0,""label"":""Verified"",""source_url"":""https://i.fnri.dost.gov.ph/fct/library/report/4342"",""source_record_id"":""N019"",""source_name"":""DOST-FNRI PhilFCT""},""protein_g_100g"":{""value_per_100g"":0.0,""value_for_portion"":0.0,""label"":""Verified"",""source_url"":""https://i.fnri.dost.gov.ph/fct/library/report/4342"",""source_record_id"":""N019"",""source_name"":""DOST-FNRI PhilFCT""},""carbs_g_100g"":{""value_per_100g"":0.0,""value_for_portion"":0.0,""label"":""Verified"",""source_url"":""https://i.fnri.dost.gov.ph/fct/library/report/4342"",""source_record_id"":""N019"",""source_name"":""DOST-FNRI PhilFCT""},""fat_g_100g"":{""value_per_100g"":0.0,""value_for_portion"":0.0,""label"":""Verified"",""source_url"":""https://i.fnri.dost.gov.ph/fct/library/report/4342"",""source_record_id"":""N019"",""source_name"":""DOST-FNRI PhilFCT""},""fiber_g_100g"":{""value_per_100g"":0.0,""value_for_portion"":0.0,""label"":""Verified"",""source_url"":""https://i.fnri.dost.gov.ph/fct/library/report/4342"",""source_record_id"":""N019"",""source_name"":""DOST-FNRI PhilFCT""},""sugar_g_100g"":{""value_per_100g"":0.0,""value_for_portion"":0.0,""label"":""Verified"",""source_url"":""https://i.fnri.dost.gov.ph/fct/library/report/4342"",""source_record_id"":""N019"",""source_name"":""DOST-FNRI PhilFCT""},""sodium_mg_100g"":{""value_per_100g"":34836.0,""value_for_portion"":34836.0,""label"":""Verified"",""source_url"":""https://i.fnri.dost.gov.ph/fct/library/report/4342"",""source_record_id"":""N019"",""source_name"":""DOST-FNRI PhilFCT""},""cholesterol_mg_100g"":{""value_per_100g"":0.0,""value_for_portion"":0.0,""label"":""Verified"",""source_url"":""https://i.fnri.dost.gov.ph/fct/library/report/4342"",""source_record_id"":""N019"",""source_name"":""DOST-FNRI PhilFCT""}}"
PH_DISH_047,EST_PH_DISH_047_V1,FC001237,"Beverages, water, tap, drinking",1200,ASSUMED_REFERENCE_MIXTURE,0.0,0.0,0.0,0.0,0.0,0.0,4.0,0.0,"{""kcal_100g"":{""value_per_100g"":0.0,""value_for_portion"":0.0,""label"":""Other source"",""source_url"":""https://fdc.nal.usda.gov/food-details/173647/nutrients"",""source_record_id"":""USDA_FC001237_173647"",""source_name"":""USDA FoodData Central SR Legacy""},""protein_g_100g"":{""value_per_100g"":0.0,""value_for_portion"":0.0,""label"":""Other source"",""source_url"":""https://fdc.nal.usda.gov/food-details/173647/nutrients"",""source_record_id"":""USDA_FC001237_173647"",""source_name"":""USDA FoodData Central SR Legacy""},""carbs_g_100g"":{""value_per_100g"":0.0,""value_for_portion"":0.0,""label"":""Other source"",""source_url"":""https://fdc.nal.usda.gov/food-details/173647/nutrients"",""source_record_id"":""USDA_FC001237_173647"",""source_name"":""USDA FoodData Central SR Legacy""},""fat_g_100g"":{""value_per_100g"":0.0,""value_for_portion"":0.0,""label"":""Other source"",""source_url"":""https://fdc.nal.usda.gov/food-details/173647/nutrients"",""source_record_id"":""USDA_FC001237_173647"",""source_name"":""USDA FoodData Central SR Legacy""},""fiber_g_100g"":{""value_per_100g"":0.0,""value_for_portion"":0.0,""label"":""Other source"",""source_url"":""https://fdc.nal.usda.gov/food-details/173647/nutrients"",""source_record_id"":""USDA_FC001237_173647"",""source_name"":""USDA FoodData Central SR Legacy""},""sugar_g_100g"":{""value_per_100g"":0.0,""value_for_portion"":0.0,""label"":""Other source"",""source_url"":""https://fdc.nal.usda.gov/food-details/173647/nutrients"",""source_record_id"":""USDA_FC001237_173647"",""source_name"":""USDA FoodData Central SR Legacy""},""sodium_mg_100g"":{""value_per_100g"":4.0,""value_for_portion"":4.0,""label"":""Other source"",""source_url"":""https://fdc.nal.usda.gov/food-details/173647/nutrients"",""source_record_id"":""USDA_FC001237_173647"",""source_name"":""USDA FoodData Central SR Legacy""},""cholesterol_mg_100g"":{""value_per_100g"":0.0,""value_for_portion"":0.0,""label"":""Other source"",""source_url"":""https://fdc.nal.usda.gov/food-details/173647/nutrients"",""source_record_id"":""USDA_FC001237_173647"",""source_name"":""USDA FoodData Central SR Legacy""}}"
PH_DISH_048,EST_PH_DISH_048_V1,FC000019,"Soybean cheese, hard curd",350,ASSUMED_REFERENCE_MIXTURE,123.0,12.9,2.0,7.0,0.5,0.8,114.0,0.0,"{""kcal_100g"":{""value_per_100g"":123.0,""value_for_portion"":123.0,""label"":""Verified"",""source_url"":""https://i.fnri.dost.gov.ph/fct/library/report/3274"",""source_record_id"":""C064"",""source_name"":""DOST-FNRI PhilFCT""},""protein_g_100g"":{""value_per_100g"":12.9,""value_for_portion"":12.9,""label"":""Verified"",""source_url"":""https://i.fnri.dost.gov.ph/fct/library/report/3274"",""source_record_id"":""C064"",""source_name"":""DOST-FNRI PhilFCT""},""carbs_g_100g"":{""value_per_100g"":2.0,""value_for_portion"":2.0,""label"":""Verified"",""source_url"":""https://i.fnri.dost.gov.ph/fct/library/report/3274"",""source_record_id"":""C064"",""source_name"":""DOST-FNRI PhilFCT""},""fat_g_100g"":{""value_per_100g"":7.0,""value_for_portion"":7.0,""label"":""Verified"",""source_url"":""https://i.fnri.dost.gov.ph/fct/library/report/3274"",""source_record_id"":""C064"",""source_name"":""DOST-FNRI PhilFCT""},""fiber_g_100g"":{""value_per_100g"":0.5,""value_for_portion"":0.5,""label"":""Verified"",""source_url"":""https://i.fnri.dost.gov.ph/fct/library/report/3274"",""source_record_id"":""C064"",""source_name"":""DOST-FNRI PhilFCT""},""sugar_g_100g"":{""value_per_100g"":0.8,""value_for_portion"":0.8,""label"":""Verified"",""source_url"":""https://i.fnri.dost.gov.ph/fct/library/report/3274"",""source_record_id"":""C064"",""source_name"":""DOST-FNRI PhilFCT""},""sodium_mg_100g"":{""value_per_100g"":114.0,""value_for_portion"":114.0,""label"":""Verified"",""source_url"":""https://i.fnri.dost.gov.ph/fct/library/report/3274"",""source_record_id"":""C064"",""source_name"":""DOST-FNRI PhilFCT""},""cholesterol_mg_100g"":{""value_per_100g"":0.0,""value_for_portion"":0.0,""label"":""Verified"",""source_url"":""https://i.fnri.dost.gov.ph/fct/library/report/3274"",""source_record_id"":""C064"",""source_name"":""DOST-FNRI PhilFCT""}}"
PH_DISH_048,EST_PH_DISH_048_V1,FC000388,"Pork Boston butt, lean, boiled",250,ASSUMED_REFERENCE_MIXTURE,212.0,15.6,0.0,16.6,0.0,0.0,47.0,,"{""kcal_100g"":{""value_per_100g"":212.0,""value_for_portion"":212.0,""label"":""Verified"",""source_url"":""https://i.fnri.dost.gov.ph/fct/library/report/3865"",""source_record_id"":""F158"",""source_name"":""DOST-FNRI PhilFCT""},""protein_g_100g"":{""value_per_100g"":15.6,""value_for_portion"":15.6,""label"":""Verified"",""source_url"":""https://i.fnri.dost.gov.ph/fct/library/report/3865"",""source_record_id"":""F158"",""source_name"":""DOST-FNRI PhilFCT""},""carbs_g_100g"":{""value_per_100g"":0.0,""value_for_portion"":0.0,""label"":""Verified"",""source_url"":""https://i.fnri.dost.gov.ph/fct/library/report/3865"",""source_record_id"":""F158"",""source_name"":""DOST-FNRI PhilFCT""},""fat_g_100g"":{""value_per_100g"":16.6,""value_for_portion"":16.6,""label"":""Verified"",""source_url"":""https://i.fnri.dost.gov.ph/fct/library/report/3865"",""source_record_id"":""F158"",""source_name"":""DOST-FNRI PhilFCT""},""fiber_g_100g"":{""value_per_100g"":0.0,""value_for_portion"":0.0,""label"":""Verified"",""source_url"":""https://i.fnri.dost.gov.ph/fct/library/report/3865"",""source_record_id"":""F158"",""source_name"":""DOST-FNRI PhilFCT""},""sugar_g_100g"":{""value_per_100g"":0.0,""value_for_portion"":0.0,""label"":""Verified"",""source_url"":""https://i.fnri.dost.gov.ph/fct/library/report/3865"",""source_record_id"":""F158"",""source_name"":""DOST-FNRI PhilFCT""},""sodium_mg_100g"":{""value_per_100g"":47.0,""value_for_portion"":47.0,""label"":""Verified"",""source_url"":""https://i.fnri.dost.gov.ph/fct/library/report/3865"",""source_record_id"":""F158"",""source_name"":""DOST-FNRI PhilFCT""},""cholesterol_mg_100g"":{""value_per_100g"":null,""value_for_portion"":null,""label"":""Unknown"",""source_url"":null,""source_record_id"":null,""source_name"":null}}"
PH_DISH_048,EST_PH_DISH_048_V1,FC000615,"Vinegar, coconut",80,ASSUMED_REFERENCE_MIXTURE,7.0,0.0,1.4,0.1,0.0,0.0,1.0,0.0,"{""kcal_100g"":{""value_per_100g"":7.0,""value_for_portion"":7.0,""label"":""Verified"",""source_url"":""https://i.fnri.dost.gov.ph/fct/library/report/4350"",""source_record_id"":""N027"",""source_name"":""DOST-FNRI PhilFCT""},""protein_g_100g"":{""value_per_100g"":0.0,""value_for_portion"":0.0,""label"":""Verified"",""source_url"":""https://i.fnri.dost.gov.ph/fct/library/report/4350"",""source_record_id"":""N027"",""source_name"":""DOST-FNRI PhilFCT""},""carbs_g_100g"":{""value_per_100g"":1.4,""value_for_portion"":1.4,""label"":""Verified"",""source_url"":""https://i.fnri.dost.gov.ph/fct/library/report/4350"",""source_record_id"":""N027"",""source_name"":""DOST-FNRI PhilFCT""},""fat_g_100g"":{""value_per_100g"":0.1,""value_for_portion"":0.1,""label"":""Verified"",""source_url"":""https://i.fnri.dost.gov.ph/fct/library/report/4350"",""source_record_id"":""N027"",""source_name"":""DOST-FNRI PhilFCT""},""fiber_g_100g"":{""value_per_100g"":0.0,""value_for_portion"":0.0,""label"":""Verified"",""source_url"":""https://i.fnri.dost.gov.ph/fct/library/report/4350"",""source_record_id"":""N027"",""source_name"":""DOST-FNRI PhilFCT""},""sugar_g_100g"":{""value_per_100g"":0.0,""value_for_portion"":0.0,""label"":""Verified"",""source_url"":""https://i.fnri.dost.gov.ph/fct/library/report/4350"",""source_record_id"":""N027"",""source_name"":""DOST-FNRI PhilFCT""},""sodium_mg_100g"":{""value_per_100g"":1.0,""value_for_portion"":1.0,""label"":""Verified"",""source_url"":""https://i.fnri.dost.gov.ph/fct/library/report/4350"",""source_record_id"":""N027"",""source_name"":""DOST-FNRI PhilFCT""},""cholesterol_mg_100g"":{""value_per_100g"":0.0,""value_for_portion"":0.0,""label"":""Verified"",""source_url"":""https://i.fnri.dost.gov.ph/fct/library/report/4350"",""source_record_id"":""N027"",""source_name"":""DOST-FNRI PhilFCT""}}"
PH_DISH_048,EST_PH_DISH_048_V1,FC000099,Soy sauce,40,ASSUMED_REFERENCE_MIXTURE,75.0,3.5,15.0,0.1,1.0,0.5,2041.0,0.0,"{""kcal_100g"":{""value_per_100g"":75.0,""value_for_portion"":75.0,""label"":""Verified"",""source_url"":""https://i.fnri.dost.gov.ph/fct/library/report/4346"",""source_record_id"":""N023"",""source_name"":""DOST-FNRI PhilFCT""},""protein_g_100g"":{""value_per_100g"":3.5,""value_for_portion"":3.5,""label"":""Verified"",""source_url"":""https://i.fnri.dost.gov.ph/fct/library/report/4346"",""source_record_id"":""N023"",""source_name"":""DOST-FNRI PhilFCT""},""carbs_g_100g"":{""value_per_100g"":15.0,""value_for_portion"":15.0,""label"":""Verified"",""source_url"":""https://i.fnri.dost.gov.ph/fct/library/report/4346"",""source_record_id"":""N023"",""source_name"":""DOST-FNRI PhilFCT""},""fat_g_100g"":{""value_per_100g"":0.1,""value_for_portion"":0.1,""label"":""Verified"",""source_url"":""https://i.fnri.dost.gov.ph/fct/library/report/4346"",""source_record_id"":""N023"",""source_name"":""DOST-FNRI PhilFCT""},""fiber_g_100g"":{""value_per_100g"":1.0,""value_for_portion"":1.0,""label"":""Verified"",""source_url"":""https://i.fnri.dost.gov.ph/fct/library/report/4346"",""source_record_id"":""N023"",""source_name"":""DOST-FNRI PhilFCT""},""sugar_g_100g"":{""value_per_100g"":0.5,""value_for_portion"":0.5,""label"":""Verified"",""source_url"":""https://i.fnri.dost.gov.ph/fct/library/report/4346"",""source_record_id"":""N023"",""source_name"":""DOST-FNRI PhilFCT""},""sodium_mg_100g"":{""value_per_100g"":2041.0,""value_for_portion"":2041.0,""label"":""Verified"",""source_url"":""https://i.fnri.dost.gov.ph/fct/library/report/4346"",""source_record_id"":""N023"",""source_name"":""DOST-FNRI PhilFCT""},""cholesterol_mg_100g"":{""value_per_100g"":0.0,""value_for_portion"":0.0,""label"":""Verified"",""source_url"":""https://i.fnri.dost.gov.ph/fct/library/report/4346"",""source_record_id"":""N023"",""source_name"":""DOST-FNRI PhilFCT""}}"
PH_DISH_048,EST_PH_DISH_048_V1,FC000333,"Onion, Bombay bulb, boiled",80,ASSUMED_REFERENCE_MIXTURE,47.0,1.2,9.7,0.4,1.3,4.6,3.0,0.0,"{""kcal_100g"":{""value_per_100g"":47.0,""value_for_portion"":47.0,""label"":""Verified"",""source_url"":""https://i.fnri.dost.gov.ph/fct/library/report/3421"",""source_record_id"":""D142"",""source_name"":""DOST-FNRI PhilFCT""},""protein_g_100g"":{""value_per_100g"":1.2,""value_for_portion"":1.2,""label"":""Verified"",""source_url"":""https://i.fnri.dost.gov.ph/fct/library/report/3421"",""source_record_id"":""D142"",""source_name"":""DOST-FNRI PhilFCT""},""carbs_g_100g"":{""value_per_100g"":9.7,""value_for_portion"":9.7,""label"":""Verified"",""source_url"":""https://i.fnri.dost.gov.ph/fct/library/report/3421"",""source_record_id"":""D142"",""source_name"":""DOST-FNRI PhilFCT""},""fat_g_100g"":{""value_per_100g"":0.4,""value_for_portion"":0.4,""label"":""Verified"",""source_url"":""https://i.fnri.dost.gov.ph/fct/library/report/3421"",""source_record_id"":""D142"",""source_name"":""DOST-FNRI PhilFCT""},""fiber_g_100g"":{""value_per_100g"":1.3,""value_for_portion"":1.3,""label"":""Verified"",""source_url"":""https://i.fnri.dost.gov.ph/fct/library/report/3421"",""source_record_id"":""D142"",""source_name"":""DOST-FNRI PhilFCT""},""sugar_g_100g"":{""value_per_100g"":4.6,""value_for_portion"":4.6,""label"":""Verified"",""source_url"":""https://i.fnri.dost.gov.ph/fct/library/report/3421"",""source_record_id"":""D142"",""source_name"":""DOST-FNRI PhilFCT""},""sodium_mg_100g"":{""value_per_100g"":3.0,""value_for_portion"":3.0,""label"":""Verified"",""source_url"":""https://i.fnri.dost.gov.ph/fct/library/report/3421"",""source_record_id"":""D142"",""source_name"":""DOST-FNRI PhilFCT""},""cholesterol_mg_100g"":{""value_per_100g"":0.0,""value_for_portion"":0.0,""label"":""Verified"",""source_url"":""https://i.fnri.dost.gov.ph/fct/library/report/3421"",""source_record_id"":""D142"",""source_name"":""DOST-FNRI PhilFCT""}}"
PH_DISH_048,EST_PH_DISH_048_V1,FC000969,"Sugar, brown",10,ASSUMED_REFERENCE_MIXTURE,398.0,0.1,98.7,0.3,0.0,97.6,15.0,0.0,"{""kcal_100g"":{""value_per_100g"":398.0,""value_for_portion"":398.0,""label"":""Verified"",""source_url"":""https://i.fnri.dost.gov.ph/fct/library/report/4313"",""source_record_id"":""M042"",""source_name"":""DOST-FNRI PhilFCT""},""protein_g_100g"":{""value_per_100g"":0.1,""value_for_portion"":0.1,""label"":""Verified"",""source_url"":""https://i.fnri.dost.gov.ph/fct/library/report/4313"",""source_record_id"":""M042"",""source_name"":""DOST-FNRI PhilFCT""},""carbs_g_100g"":{""value_per_100g"":98.7,""value_for_portion"":98.7,""label"":""Verified"",""source_url"":""https://i.fnri.dost.gov.ph/fct/library/report/4313"",""source_record_id"":""M042"",""source_name"":""DOST-FNRI PhilFCT""},""fat_g_100g"":{""value_per_100g"":0.3,""value_for_portion"":0.3,""label"":""Verified"",""source_url"":""https://i.fnri.dost.gov.ph/fct/library/report/4313"",""source_record_id"":""M042"",""source_name"":""DOST-FNRI PhilFCT""},""fiber_g_100g"":{""value_per_100g"":0.0,""value_for_portion"":0.0,""label"":""Verified"",""source_url"":""https://i.fnri.dost.gov.ph/fct/library/report/4313"",""source_record_id"":""M042"",""source_name"":""DOST-FNRI PhilFCT""},""sugar_g_100g"":{""value_per_100g"":97.6,""value_for_portion"":97.6,""label"":""Verified"",""source_url"":""https://i.fnri.dost.gov.ph/fct/library/report/4313"",""source_record_id"":""M042"",""source_name"":""DOST-FNRI PhilFCT""},""sodium_mg_100g"":{""value_per_100g"":15.0,""value_for_portion"":15.0,""label"":""Verified"",""source_url"":""https://i.fnri.dost.gov.ph/fct/library/report/4313"",""source_record_id"":""M042"",""source_name"":""DOST-FNRI PhilFCT""},""cholesterol_mg_100g"":{""value_per_100g"":0.0,""value_for_portion"":0.0,""label"":""Verified"",""source_url"":""https://i.fnri.dost.gov.ph/fct/library/report/4313"",""source_record_id"":""M042"",""source_name"":""DOST-FNRI PhilFCT""}}"
PH_DISH_048,EST_PH_DISH_048_V1,FC000098,Coconut oil,25,ASSUMED_REFERENCE_MIXTURE,892.0,0.0,0.0,99.1,0.0,0.0,0.0,0.0,"{""kcal_100g"":{""value_per_100g"":892.0,""value_for_portion"":892.0,""label"":""Verified"",""source_url"":""https://i.fnri.dost.gov.ph/fct/library/report/4268"",""source_record_id"":""K008"",""source_name"":""DOST-FNRI PhilFCT""},""protein_g_100g"":{""value_per_100g"":0.0,""value_for_portion"":0.0,""label"":""Verified"",""source_url"":""https://i.fnri.dost.gov.ph/fct/library/report/4268"",""source_record_id"":""K008"",""source_name"":""DOST-FNRI PhilFCT""},""carbs_g_100g"":{""value_per_100g"":0.0,""value_for_portion"":0.0,""label"":""Verified"",""source_url"":""https://i.fnri.dost.gov.ph/fct/library/report/4268"",""source_record_id"":""K008"",""source_name"":""DOST-FNRI PhilFCT""},""fat_g_100g"":{""value_per_100g"":99.1,""value_for_portion"":99.1,""label"":""Verified"",""source_url"":""https://i.fnri.dost.gov.ph/fct/library/report/4268"",""source_record_id"":""K008"",""source_name"":""DOST-FNRI PhilFCT""},""fiber_g_100g"":{""value_per_100g"":0.0,""value_for_portion"":0.0,""label"":""Verified"",""source_url"":""https://i.fnri.dost.gov.ph/fct/library/report/4268"",""source_record_id"":""K008"",""source_name"":""DOST-FNRI PhilFCT""},""sugar_g_100g"":{""value_per_100g"":0.0,""value_for_portion"":0.0,""label"":""Verified"",""source_url"":""https://i.fnri.dost.gov.ph/fct/library/report/4268"",""source_record_id"":""K008"",""source_name"":""DOST-FNRI PhilFCT""},""sodium_mg_100g"":{""value_per_100g"":0.0,""value_for_portion"":0.0,""label"":""Verified"",""source_url"":""https://i.fnri.dost.gov.ph/fct/library/report/4268"",""source_record_id"":""K008"",""source_name"":""DOST-FNRI PhilFCT""},""cholesterol_mg_100g"":{""value_per_100g"":0.0,""value_for_portion"":0.0,""label"":""Verified"",""source_url"":""https://i.fnri.dost.gov.ph/fct/library/report/4268"",""source_record_id"":""K008"",""source_name"":""DOST-FNRI PhilFCT""}}"
PH_DISH_048,EST_PH_DISH_048_V1,FC000299,"Pepper, chili fruit",5,ASSUMED_REFERENCE_MIXTURE,75.0,4.8,9.0,2.2,3.5,5.0,14.0,0.0,"{""kcal_100g"":{""value_per_100g"":75.0,""value_for_portion"":75.0,""label"":""Verified"",""source_url"":""https://i.fnri.dost.gov.ph/fct/library/report/3443"",""source_record_id"":""D164"",""source_name"":""DOST-FNRI PhilFCT""},""protein_g_100g"":{""value_per_100g"":4.8,""value_for_portion"":4.8,""label"":""Verified"",""source_url"":""https://i.fnri.dost.gov.ph/fct/library/report/3443"",""source_record_id"":""D164"",""source_name"":""DOST-FNRI PhilFCT""},""carbs_g_100g"":{""value_per_100g"":9.0,""value_for_portion"":9.0,""label"":""Verified"",""source_url"":""https://i.fnri.dost.gov.ph/fct/library/report/3443"",""source_record_id"":""D164"",""source_name"":""DOST-FNRI PhilFCT""},""fat_g_100g"":{""value_per_100g"":2.2,""value_for_portion"":2.2,""label"":""Verified"",""source_url"":""https://i.fnri.dost.gov.ph/fct/library/report/3443"",""source_record_id"":""D164"",""source_name"":""DOST-FNRI PhilFCT""},""fiber_g_100g"":{""value_per_100g"":3.5,""value_for_portion"":3.5,""label"":""Verified"",""source_url"":""https://i.fnri.dost.gov.ph/fct/library/report/3443"",""source_record_id"":""D164"",""source_name"":""DOST-FNRI PhilFCT""},""sugar_g_100g"":{""value_per_100g"":5.0,""value_for_portion"":5.0,""label"":""Verified"",""source_url"":""https://i.fnri.dost.gov.ph/fct/library/report/3443"",""source_record_id"":""D164"",""source_name"":""DOST-FNRI PhilFCT""},""sodium_mg_100g"":{""value_per_100g"":14.0,""value_for_portion"":14.0,""label"":""Verified"",""source_url"":""https://i.fnri.dost.gov.ph/fct/library/report/3443"",""source_record_id"":""D164"",""source_name"":""DOST-FNRI PhilFCT""},""cholesterol_mg_100g"":{""value_per_100g"":0.0,""value_for_portion"":0.0,""label"":""Verified"",""source_url"":""https://i.fnri.dost.gov.ph/fct/library/report/3443"",""source_record_id"":""D164"",""source_name"":""DOST-FNRI PhilFCT""}}"
PH_DISH_049,EST_PH_DISH_049_V1,FC000047,"Milkfish, broiled",100,ASSUMED_REFERENCE_MIXTURE,137.0,23.4,0.0,4.8,0.0,0.0,82.0,37.0,"{""kcal_100g"":{""value_per_100g"":137.0,""value_for_portion"":137.0,""label"":""Verified"",""source_url"":""https://i.fnri.dost.gov.ph/fct/library/report/4055"",""source_record_id"":""G075"",""source_name"":""DOST-FNRI PhilFCT""},""protein_g_100g"":{""value_per_100g"":23.4,""value_for_portion"":23.4,""label"":""Verified"",""source_url"":""https://i.fnri.dost.gov.ph/fct/library/report/4055"",""source_record_id"":""G075"",""source_name"":""DOST-FNRI PhilFCT""},""carbs_g_100g"":{""value_per_100g"":0.0,""value_for_portion"":0.0,""label"":""Verified"",""source_url"":""https://i.fnri.dost.gov.ph/fct/library/report/4055"",""source_record_id"":""G075"",""source_name"":""DOST-FNRI PhilFCT""},""fat_g_100g"":{""value_per_100g"":4.8,""value_for_portion"":4.8,""label"":""Verified"",""source_url"":""https://i.fnri.dost.gov.ph/fct/library/report/4055"",""source_record_id"":""G075"",""source_name"":""DOST-FNRI PhilFCT""},""fiber_g_100g"":{""value_per_100g"":0.0,""value_for_portion"":0.0,""label"":""Verified"",""source_url"":""https://i.fnri.dost.gov.ph/fct/library/report/4055"",""source_record_id"":""G075"",""source_name"":""DOST-FNRI PhilFCT""},""sugar_g_100g"":{""value_per_100g"":0.0,""value_for_portion"":0.0,""label"":""Verified"",""source_url"":""https://i.fnri.dost.gov.ph/fct/library/report/4055"",""source_record_id"":""G075"",""source_name"":""DOST-FNRI PhilFCT""},""sodium_mg_100g"":{""value_per_100g"":82.0,""value_for_portion"":82.0,""label"":""Verified"",""source_url"":""https://i.fnri.dost.gov.ph/fct/library/report/4055"",""source_record_id"":""G075"",""source_name"":""DOST-FNRI PhilFCT""},""cholesterol_mg_100g"":{""value_per_100g"":37.0,""value_for_portion"":37.0,""label"":""Verified"",""source_url"":""https://i.fnri.dost.gov.ph/fct/library/report/4055"",""source_record_id"":""G075"",""source_name"":""DOST-FNRI PhilFCT""}}"
PH_DISH_049,EST_PH_DISH_049_V1,FC000002,"Rice, well-milled, fried",200,ASSUMED_REFERENCE_MIXTURE,187.0,2.6,35.2,4.0,0.5,0.1,4.0,0.0,"{""kcal_100g"":{""value_per_100g"":187.0,""value_for_portion"":187.0,""label"":""Verified"",""source_url"":""https://i.fnri.dost.gov.ph/fct/library/report/2983"",""source_record_id"":""A021"",""source_name"":""DOST-FNRI PhilFCT""},""protein_g_100g"":{""value_per_100g"":2.6,""value_for_portion"":2.6,""label"":""Verified"",""source_url"":""https://i.fnri.dost.gov.ph/fct/library/report/2983"",""source_record_id"":""A021"",""source_name"":""DOST-FNRI PhilFCT""},""carbs_g_100g"":{""value_per_100g"":35.2,""value_for_portion"":35.2,""label"":""Verified"",""source_url"":""https://i.fnri.dost.gov.ph/fct/library/report/2983"",""source_record_id"":""A021"",""source_name"":""DOST-FNRI PhilFCT""},""fat_g_100g"":{""value_per_100g"":4.0,""value_for_portion"":4.0,""label"":""Verified"",""source_url"":""https://i.fnri.dost.gov.ph/fct/library/report/2983"",""source_record_id"":""A021"",""source_name"":""DOST-FNRI PhilFCT""},""fiber_g_100g"":{""value_per_100g"":0.5,""value_for_portion"":0.5,""label"":""Verified"",""source_url"":""https://i.fnri.dost.gov.ph/fct/library/report/2983"",""source_record_id"":""A021"",""source_name"":""DOST-FNRI PhilFCT""},""sugar_g_100g"":{""value_per_100g"":0.1,""value_for_portion"":0.1,""label"":""Verified"",""source_url"":""https://i.fnri.dost.gov.ph/fct/library/report/2983"",""source_record_id"":""A021"",""source_name"":""DOST-FNRI PhilFCT""},""sodium_mg_100g"":{""value_per_100g"":4.0,""value_for_portion"":4.0,""label"":""Verified"",""source_url"":""https://i.fnri.dost.gov.ph/fct/library/report/2983"",""source_record_id"":""A021"",""source_name"":""DOST-FNRI PhilFCT""},""cholesterol_mg_100g"":{""value_per_100g"":0.0,""value_for_portion"":0.0,""label"":""Verified"",""source_url"":""https://i.fnri.dost.gov.ph/fct/library/report/2983"",""source_record_id"":""A021"",""source_name"":""DOST-FNRI PhilFCT""}}"
PH_DISH_049,EST_PH_DISH_049_V1,FC000016,"Egg, chicken, whole, boiled",50,ASSUMED_REFERENCE_MIXTURE,166.0,14.0,0.6,12.0,0.0,0.4,136.0,460.0,"{""kcal_100g"":{""value_per_100g"":166.0,""value_for_portion"":166.0,""label"":""Verified"",""source_url"":""https://i.fnri.dost.gov.ph/fct/library/report/4216"",""source_record_id"":""H004"",""source_name"":""DOST-FNRI PhilFCT""},""protein_g_100g"":{""value_per_100g"":14.0,""value_for_portion"":14.0,""label"":""Verified"",""source_url"":""https://i.fnri.dost.gov.ph/fct/library/report/4216"",""source_record_id"":""H004"",""source_name"":""DOST-FNRI PhilFCT""},""carbs_g_100g"":{""value_per_100g"":0.6,""value_for_portion"":0.6,""label"":""Verified"",""source_url"":""https://i.fnri.dost.gov.ph/fct/library/report/4216"",""source_record_id"":""H004"",""source_name"":""DOST-FNRI PhilFCT""},""fat_g_100g"":{""value_per_100g"":12.0,""value_for_portion"":12.0,""label"":""Verified"",""source_url"":""https://i.fnri.dost.gov.ph/fct/library/report/4216"",""source_record_id"":""H004"",""source_name"":""DOST-FNRI PhilFCT""},""fiber_g_100g"":{""value_per_100g"":0.0,""value_for_portion"":0.0,""label"":""Verified"",""source_url"":""https://i.fnri.dost.gov.ph/fct/library/report/4216"",""source_record_id"":""H004"",""source_name"":""DOST-FNRI PhilFCT""},""sugar_g_100g"":{""value_per_100g"":0.4,""value_for_portion"":0.4,""label"":""Verified"",""source_url"":""https://i.fnri.dost.gov.ph/fct/library/report/4216"",""source_record_id"":""H004"",""source_name"":""DOST-FNRI PhilFCT""},""sodium_mg_100g"":{""value_per_100g"":136.0,""value_for_portion"":136.0,""label"":""Verified"",""source_url"":""https://i.fnri.dost.gov.ph/fct/library/report/4216"",""source_record_id"":""H004"",""source_name"":""DOST-FNRI PhilFCT""},""cholesterol_mg_100g"":{""value_per_100g"":460.0,""value_for_portion"":460.0,""label"":""Verified"",""source_url"":""https://i.fnri.dost.gov.ph/fct/library/report/4216"",""source_record_id"":""H004"",""source_name"":""DOST-FNRI PhilFCT""}}"
PH_DISH_049,EST_PH_DISH_049_V1,FC000098,Coconut oil,5,ASSUMED_REFERENCE_MIXTURE,892.0,0.0,0.0,99.1,0.0,0.0,0.0,0.0,"{""kcal_100g"":{""value_per_100g"":892.0,""value_for_portion"":892.0,""label"":""Verified"",""source_url"":""https://i.fnri.dost.gov.ph/fct/library/report/4268"",""source_record_id"":""K008"",""source_name"":""DOST-FNRI PhilFCT""},""protein_g_100g"":{""value_per_100g"":0.0,""value_for_portion"":0.0,""label"":""Verified"",""source_url"":""https://i.fnri.dost.gov.ph/fct/library/report/4268"",""source_record_id"":""K008"",""source_name"":""DOST-FNRI PhilFCT""},""carbs_g_100g"":{""value_per_100g"":0.0,""value_for_portion"":0.0,""label"":""Verified"",""source_url"":""https://i.fnri.dost.gov.ph/fct/library/report/4268"",""source_record_id"":""K008"",""source_name"":""DOST-FNRI PhilFCT""},""fat_g_100g"":{""value_per_100g"":99.1,""value_for_portion"":99.1,""label"":""Verified"",""source_url"":""https://i.fnri.dost.gov.ph/fct/library/report/4268"",""source_record_id"":""K008"",""source_name"":""DOST-FNRI PhilFCT""},""fiber_g_100g"":{""value_per_100g"":0.0,""value_for_portion"":0.0,""label"":""Verified"",""source_url"":""https://i.fnri.dost.gov.ph/fct/library/report/4268"",""source_record_id"":""K008"",""source_name"":""DOST-FNRI PhilFCT""},""sugar_g_100g"":{""value_per_100g"":0.0,""value_for_portion"":0.0,""label"":""Verified"",""source_url"":""https://i.fnri.dost.gov.ph/fct/library/report/4268"",""source_record_id"":""K008"",""source_name"":""DOST-FNRI PhilFCT""},""sodium_mg_100g"":{""value_per_100g"":0.0,""value_for_portion"":0.0,""label"":""Verified"",""source_url"":""https://i.fnri.dost.gov.ph/fct/library/report/4268"",""source_record_id"":""K008"",""source_name"":""DOST-FNRI PhilFCT""},""cholesterol_mg_100g"":{""value_per_100g"":0.0,""value_for_portion"":0.0,""label"":""Verified"",""source_url"":""https://i.fnri.dost.gov.ph/fct/library/report/4268"",""source_record_id"":""K008"",""source_name"":""DOST-FNRI PhilFCT""}}"
PH_DISH_050,EST_PH_DISH_050_V1,FC000383,"Chicken, white meat, fried",100,ASSUMED_REFERENCE_MIXTURE,226.0,40.3,0.0,7.2,0.1,0.0,104.0,74.0,"{""kcal_100g"":{""value_per_100g"":226.0,""value_for_portion"":226.0,""label"":""Verified"",""source_url"":""https://i.fnri.dost.gov.ph/fct/library/report/3819"",""source_record_id"":""F112"",""source_name"":""DOST-FNRI PhilFCT""},""protein_g_100g"":{""value_per_100g"":40.3,""value_for_portion"":40.3,""label"":""Verified"",""source_url"":""https://i.fnri.dost.gov.ph/fct/library/report/3819"",""source_record_id"":""F112"",""source_name"":""DOST-FNRI PhilFCT""},""carbs_g_100g"":{""value_per_100g"":0.0,""value_for_portion"":0.0,""label"":""Verified"",""source_url"":""https://i.fnri.dost.gov.ph/fct/library/report/3819"",""source_record_id"":""F112"",""source_name"":""DOST-FNRI PhilFCT""},""fat_g_100g"":{""value_per_100g"":7.2,""value_for_portion"":7.2,""label"":""Verified"",""source_url"":""https://i.fnri.dost.gov.ph/fct/library/report/3819"",""source_record_id"":""F112"",""source_name"":""DOST-FNRI PhilFCT""},""fiber_g_100g"":{""value_per_100g"":0.1,""value_for_portion"":0.1,""label"":""Verified"",""source_url"":""https://i.fnri.dost.gov.ph/fct/library/report/3819"",""source_record_id"":""F112"",""source_name"":""DOST-FNRI PhilFCT""},""sugar_g_100g"":{""value_per_100g"":0.0,""value_for_portion"":0.0,""label"":""Verified"",""source_url"":""https://i.fnri.dost.gov.ph/fct/library/report/3819"",""source_record_id"":""F112"",""source_name"":""DOST-FNRI PhilFCT""},""sodium_mg_100g"":{""value_per_100g"":104.0,""value_for_portion"":104.0,""label"":""Verified"",""source_url"":""https://i.fnri.dost.gov.ph/fct/library/report/3819"",""source_record_id"":""F112"",""source_name"":""DOST-FNRI PhilFCT""},""cholesterol_mg_100g"":{""value_per_100g"":74.0,""value_for_portion"":74.0,""label"":""Verified"",""source_url"":""https://i.fnri.dost.gov.ph/fct/library/report/3819"",""source_record_id"":""F112"",""source_name"":""DOST-FNRI PhilFCT""}}"
PH_DISH_050,EST_PH_DISH_050_V1,FC000002,"Rice, well-milled, fried",200,ASSUMED_REFERENCE_MIXTURE,187.0,2.6,35.2,4.0,0.5,0.1,4.0,0.0,"{""kcal_100g"":{""value_per_100g"":187.0,""value_for_portion"":187.0,""label"":""Verified"",""source_url"":""https://i.fnri.dost.gov.ph/fct/library/report/2983"",""source_record_id"":""A021"",""source_name"":""DOST-FNRI PhilFCT""},""protein_g_100g"":{""value_per_100g"":2.6,""value_for_portion"":2.6,""label"":""Verified"",""source_url"":""https://i.fnri.dost.gov.ph/fct/library/report/2983"",""source_record_id"":""A021"",""source_name"":""DOST-FNRI PhilFCT""},""carbs_g_100g"":{""value_per_100g"":35.2,""value_for_portion"":35.2,""label"":""Verified"",""source_url"":""https://i.fnri.dost.gov.ph/fct/library/report/2983"",""source_record_id"":""A021"",""source_name"":""DOST-FNRI PhilFCT""},""fat_g_100g"":{""value_per_100g"":4.0,""value_for_portion"":4.0,""label"":""Verified"",""source_url"":""https://i.fnri.dost.gov.ph/fct/library/report/2983"",""source_record_id"":""A021"",""source_name"":""DOST-FNRI PhilFCT""},""fiber_g_100g"":{""value_per_100g"":0.5,""value_for_portion"":0.5,""label"":""Verified"",""source_url"":""https://i.fnri.dost.gov.ph/fct/library/report/2983"",""source_record_id"":""A021"",""source_name"":""DOST-FNRI PhilFCT""},""sugar_g_100g"":{""value_per_100g"":0.1,""value_for_portion"":0.1,""label"":""Verified"",""source_url"":""https://i.fnri.dost.gov.ph/fct/library/report/2983"",""source_record_id"":""A021"",""source_name"":""DOST-FNRI PhilFCT""},""sodium_mg_100g"":{""value_per_100g"":4.0,""value_for_portion"":4.0,""label"":""Verified"",""source_url"":""https://i.fnri.dost.gov.ph/fct/library/report/2983"",""source_record_id"":""A021"",""source_name"":""DOST-FNRI PhilFCT""},""cholesterol_mg_100g"":{""value_per_100g"":0.0,""value_for_portion"":0.0,""label"":""Verified"",""source_url"":""https://i.fnri.dost.gov.ph/fct/library/report/2983"",""source_record_id"":""A021"",""source_name"":""DOST-FNRI PhilFCT""}}"
PH_DISH_050,EST_PH_DISH_050_V1,FC000016,"Egg, chicken, whole, boiled",50,ASSUMED_REFERENCE_MIXTURE,166.0,14.0,0.6,12.0,0.0,0.4,136.0,460.0,"{""kcal_100g"":{""value_per_100g"":166.0,""value_for_portion"":166.0,""label"":""Verified"",""source_url"":""https://i.fnri.dost.gov.ph/fct/library/report/4216"",""source_record_id"":""H004"",""source_name"":""DOST-FNRI PhilFCT""},""protein_g_100g"":{""value_per_100g"":14.0,""value_for_portion"":14.0,""label"":""Verified"",""source_url"":""https://i.fnri.dost.gov.ph/fct/library/report/4216"",""source_record_id"":""H004"",""source_name"":""DOST-FNRI PhilFCT""},""carbs_g_100g"":{""value_per_100g"":0.6,""value_for_portion"":0.6,""label"":""Verified"",""source_url"":""https://i.fnri.dost.gov.ph/fct/library/report/4216"",""source_record_id"":""H004"",""source_name"":""DOST-FNRI PhilFCT""},""fat_g_100g"":{""value_per_100g"":12.0,""value_for_portion"":12.0,""label"":""Verified"",""source_url"":""https://i.fnri.dost.gov.ph/fct/library/report/4216"",""source_record_id"":""H004"",""source_name"":""DOST-FNRI PhilFCT""},""fiber_g_100g"":{""value_per_100g"":0.0,""value_for_portion"":0.0,""label"":""Verified"",""source_url"":""https://i.fnri.dost.gov.ph/fct/library/report/4216"",""source_record_id"":""H004"",""source_name"":""DOST-FNRI PhilFCT""},""sugar_g_100g"":{""value_per_100g"":0.4,""value_for_portion"":0.4,""label"":""Verified"",""source_url"":""https://i.fnri.dost.gov.ph/fct/library/report/4216"",""source_record_id"":""H004"",""source_name"":""DOST-FNRI PhilFCT""},""sodium_mg_100g"":{""value_per_100g"":136.0,""value_for_portion"":136.0,""label"":""Verified"",""source_url"":""https://i.fnri.dost.gov.ph/fct/library/report/4216"",""source_record_id"":""H004"",""source_name"":""DOST-FNRI PhilFCT""},""cholesterol_mg_100g"":{""value_per_100g"":460.0,""value_for_portion"":460.0,""label"":""Verified"",""source_url"":""https://i.fnri.dost.gov.ph/fct/library/report/4216"",""source_record_id"":""H004"",""source_name"":""DOST-FNRI PhilFCT""}}"
PH_DISH_050,EST_PH_DISH_050_V1,FC000098,Coconut oil,5,ASSUMED_REFERENCE_MIXTURE,892.0,0.0,0.0,99.1,0.0,0.0,0.0,0.0,"{""kcal_100g"":{""value_per_100g"":892.0,""value_for_portion"":892.0,""label"":""Verified"",""source_url"":""https://i.fnri.dost.gov.ph/fct/library/report/4268"",""source_record_id"":""K008"",""source_name"":""DOST-FNRI PhilFCT""},""protein_g_100g"":{""value_per_100g"":0.0,""value_for_portion"":0.0,""label"":""Verified"",""source_url"":""https://i.fnri.dost.gov.ph/fct/library/report/4268"",""source_record_id"":""K008"",""source_name"":""DOST-FNRI PhilFCT""},""carbs_g_100g"":{""value_per_100g"":0.0,""value_for_portion"":0.0,""label"":""Verified"",""source_url"":""https://i.fnri.dost.gov.ph/fct/library/report/4268"",""source_record_id"":""K008"",""source_name"":""DOST-FNRI PhilFCT""},""fat_g_100g"":{""value_per_100g"":99.1,""value_for_portion"":99.1,""label"":""Verified"",""source_url"":""https://i.fnri.dost.gov.ph/fct/library/report/4268"",""source_record_id"":""K008"",""source_name"":""DOST-FNRI PhilFCT""},""fiber_g_100g"":{""value_per_100g"":0.0,""value_for_portion"":0.0,""label"":""Verified"",""source_url"":""https://i.fnri.dost.gov.ph/fct/library/report/4268"",""source_record_id"":""K008"",""source_name"":""DOST-FNRI PhilFCT""},""sugar_g_100g"":{""value_per_100g"":0.0,""value_for_portion"":0.0,""label"":""Verified"",""source_url"":""https://i.fnri.dost.gov.ph/fct/library/report/4268"",""source_record_id"":""K008"",""source_name"":""DOST-FNRI PhilFCT""},""sodium_mg_100g"":{""value_per_100g"":0.0,""value_for_portion"":0.0,""label"":""Verified"",""source_url"":""https://i.fnri.dost.gov.ph/fct/library/report/4268"",""source_record_id"":""K008"",""source_name"":""DOST-FNRI PhilFCT""},""cholesterol_mg_100g"":{""value_per_100g"":0.0,""value_for_portion"":0.0,""label"":""Verified"",""source_url"":""https://i.fnri.dost.gov.ph/fct/library/report/4268"",""source_record_id"":""K008"",""source_name"":""DOST-FNRI PhilFCT""}}"
