food_id,source_food_id,field,source_value,source_url,accessed_date
FC000001,A020,kcal_100g,129,https://i.fnri.dost.gov.ph/fct/library/report/2982,2026-09-16
FC000001,A020,protein_g_100g,2.1,https://i.fnri.dost.gov.ph/fct/library/report/2982,2026-09-16
FC000001,A020,carbs_g_100g,29.7,https://i.fnri.dost.gov.ph/fct/library/report/2982,2026-09-16
FC000001,A020,fat_g_100g,0.2,https://i.fnri.dost.gov.ph/fct/library/report/2982,2026-09-16
FC000001,A020,fiber_g_100g,0.4,https://i.fnri.dost.gov.ph/fct/library/report/2982,2026-09-16
FC000001,A020,sugar_g_100g,0.1,https://i.fnri.dost.gov.ph/fct/library/report/2982,2026-09-16
FC000001,A020,sodium_mg_100g,3,https://i.fnri.dost.gov.ph/fct/library/report/2982,2026-09-16
FC000001,A020,cholesterol_mg_100g,0,https://i.fnri.dost.gov.ph/fct/library/report/2982,2026-09-16
FC000002,A021,kcal_100g,187,https://i.fnri.dost.gov.ph/fct/library/report/2983,2026-09-16
FC000002,A021,protein_g_100g,2.6,https://i.fnri.dost.gov.ph/fct/library/report/2983,2026-09-16
FC000002,A021,carbs_g_100g,35.2,https://i.fnri.dost.gov.ph/fct/library/report/2983,2026-09-16
FC000002,A021,fat_g_100g,4.0,https://i.fnri.dost.gov.ph/fct/library/report/2983,2026-09-16
FC000002,A021,fiber_g_100g,0.5,https://i.fnri.dost.gov.ph/fct/library/report/2983,2026-09-16
FC000002,A021,sugar_g_100g,0.1,https://i.fnri.dost.gov.ph/fct/library/report/2983,2026-09-16
FC000002,A021,sodium_mg_100g,4,https://i.fnri.dost.gov.ph/fct/library/report/2983,2026-09-16
FC000002,A021,cholesterol_mg_100g,0,https://i.fnri.dost.gov.ph/fct/library/report/2983,2026-09-16
FC000003,A014,kcal_100g,363,https://i.fnri.dost.gov.ph/fct/library/report/2976,2026-09-16
FC000003,A014,protein_g_100g,8.1,https://i.fnri.dost.gov.ph/fct/library/report/2976,2026-09-16
FC000003,A014,carbs_g_100g,76.3,https://i.fnri.dost.gov.ph/fct/library/report/2976,2026-09-16
FC000003,A014,fat_g_100g,2.8,https://i.fnri.dost.gov.ph/fct/library/report/2976,2026-09-16
FC000003,A014,fiber_g_100g,3.0,https://i.fnri.dost.gov.ph/fct/library/report/2976,2026-09-16
FC000003,A014,sugar_g_100g,3.6,https://i.fnri.dost.gov.ph/fct/library/report/2976,2026-09-16
FC000003,A014,sodium_mg_100g,9,https://i.fnri.dost.gov.ph/fct/library/report/2976,2026-09-16
FC000003,A014,cholesterol_mg_100g,0,https://i.fnri.dost.gov.ph/fct/library/report/2976,2026-09-16
FC000004,A012,kcal_100g,355,https://i.fnri.dost.gov.ph/fct/library/report/2974,2026-09-16
FC000004,A012,protein_g_100g,6.9,https://i.fnri.dost.gov.ph/fct/library/report/2974,2026-09-16
FC000004,A012,carbs_g_100g,80.1,https://i.fnri.dost.gov.ph/fct/library/report/2974,2026-09-16
FC000004,A012,fat_g_100g,0.8,https://i.fnri.dost.gov.ph/fct/library/report/2974,2026-09-16
FC000004,A012,fiber_g_100g,2.8,https://i.fnri.dost.gov.ph/fct/library/report/2974,2026-09-16
FC000004,A012,sugar_g_100g,0.2,https://i.fnri.dost.gov.ph/fct/library/report/2974,2026-09-16
FC000004,A012,sodium_mg_100g,4,https://i.fnri.dost.gov.ph/fct/library/report/2974,2026-09-16
FC000004,A012,cholesterol_mg_100g,0,https://i.fnri.dost.gov.ph/fct/library/report/2974,2026-09-16
FC000005,A005,kcal_100g,167,https://i.fnri.dost.gov.ph/fct/library/report/2967,2026-09-16
FC000005,A005,protein_g_100g,3.3,https://i.fnri.dost.gov.ph/fct/library/report/2967,2026-09-16
FC000005,A005,carbs_g_100g,35.7,https://i.fnri.dost.gov.ph/fct/library/report/2967,2026-09-16
FC000005,A005,fat_g_100g,1.2,https://i.fnri.dost.gov.ph/fct/library/report/2967,2026-09-16
FC000005,A005,fiber_g_100g,3.7,https://i.fnri.dost.gov.ph/fct/library/report/2967,2026-09-16
FC000005,A005,sugar_g_100g,7.0,https://i.fnri.dost.gov.ph/fct/library/report/2967,2026-09-16
FC000005,A005,sodium_mg_100g,1,https://i.fnri.dost.gov.ph/fct/library/report/2967,2026-09-16
FC000005,A005,cholesterol_mg_100g,0,https://i.fnri.dost.gov.ph/fct/library/report/2967,2026-09-16
FC000006,A042,kcal_100g,330,https://i.fnri.dost.gov.ph/fct/library/report/3004,2026-09-16
FC000006,A042,protein_g_100g,10.1,https://i.fnri.dost.gov.ph/fct/library/report/3004,2026-09-16
FC000006,A042,carbs_g_100g,62.9,https://i.fnri.dost.gov.ph/fct/library/report/3004,2026-09-16
FC000006,A042,fat_g_100g,4.2,https://i.fnri.dost.gov.ph/fct/library/report/3004,2026-09-16
FC000006,A042,fiber_g_100g,2.5,https://i.fnri.dost.gov.ph/fct/library/report/3004,2026-09-16
FC000006,A042,sugar_g_100g,7.6,https://i.fnri.dost.gov.ph/fct/library/report/3004,2026-09-16
FC000006,A042,sodium_mg_100g,596,https://i.fnri.dost.gov.ph/fct/library/report/3004,2026-09-16
FC000006,A042,cholesterol_mg_100g,4,https://i.fnri.dost.gov.ph/fct/library/report/3004,2026-09-16
FC000007,A041,kcal_100g,318,https://i.fnri.dost.gov.ph/fct/library/report/3003,2026-09-16
FC000007,A041,protein_g_100g,10.6,https://i.fnri.dost.gov.ph/fct/library/report/3003,2026-09-16
FC000007,A041,carbs_g_100g,61.3,https://i.fnri.dost.gov.ph/fct/library/report/3003,2026-09-16
FC000007,A041,fat_g_100g,3.4,https://i.fnri.dost.gov.ph/fct/library/report/3003,2026-09-16
FC000007,A041,fiber_g_100g,2.4,https://i.fnri.dost.gov.ph/fct/library/report/3003,2026-09-16
FC000007,A041,sugar_g_100g,7.4,https://i.fnri.dost.gov.ph/fct/library/report/3003,2026-09-16
FC000007,A041,sodium_mg_100g,582,https://i.fnri.dost.gov.ph/fct/library/report/3003,2026-09-16
FC000007,A041,cholesterol_mg_100g,3,https://i.fnri.dost.gov.ph/fct/library/report/3003,2026-09-16
FC000008,A045,kcal_100g,326,https://i.fnri.dost.gov.ph/fct/library/report/3007,2026-09-16
FC000008,A045,protein_g_100g,8.6,https://i.fnri.dost.gov.ph/fct/library/report/3007,2026-09-16
FC000008,A045,carbs_g_100g,61.6,https://i.fnri.dost.gov.ph/fct/library/report/3007,2026-09-16
FC000008,A045,fat_g_100g,5.0,https://i.fnri.dost.gov.ph/fct/library/report/3007,2026-09-16
FC000008,A045,fiber_g_100g,1.3,https://i.fnri.dost.gov.ph/fct/library/report/3007,2026-09-16
FC000008,A045,sugar_g_100g,8.8,https://i.fnri.dost.gov.ph/fct/library/report/3007,2026-09-16
FC000008,A045,sodium_mg_100g,383,https://i.fnri.dost.gov.ph/fct/library/report/3007,2026-09-16
FC000008,A045,cholesterol_mg_100g,21,https://i.fnri.dost.gov.ph/fct/library/report/3007,2026-09-16
FC000009,A038,kcal_100g,349,https://i.fnri.dost.gov.ph/fct/library/report/3000,2026-09-16
FC000009,A038,protein_g_100g,9.2,https://i.fnri.dost.gov.ph/fct/library/report/3000,2026-09-16
FC000009,A038,carbs_g_100g,60.9,https://i.fnri.dost.gov.ph/fct/library/report/3000,2026-09-16
FC000009,A038,fat_g_100g,7.6,https://i.fnri.dost.gov.ph/fct/library/report/3000,2026-09-16
FC000009,A038,fiber_g_100g,6.6,https://i.fnri.dost.gov.ph/fct/library/report/3000,2026-09-16
FC000009,A038,sugar_g_100g,16.7,https://i.fnri.dost.gov.ph/fct/library/report/3000,2026-09-16
FC000009,A038,sodium_mg_100g,262,https://i.fnri.dost.gov.ph/fct/library/report/3000,2026-09-16
FC000009,A038,cholesterol_mg_100g,0,https://i.fnri.dost.gov.ph/fct/library/report/3000,2026-09-16
FC000010,A048,kcal_100g,329,https://i.fnri.dost.gov.ph/fct/library/report/3010,2026-09-16
FC000010,A048,protein_g_100g,9.7,https://i.fnri.dost.gov.ph/fct/library/report/3010,2026-09-16
FC000010,A048,carbs_g_100g,61.1,https://i.fnri.dost.gov.ph/fct/library/report/3010,2026-09-16
FC000010,A048,fat_g_100g,5.1,https://i.fnri.dost.gov.ph/fct/library/report/3010,2026-09-16
FC000010,A048,fiber_g_100g,3.3,https://i.fnri.dost.gov.ph/fct/library/report/3010,2026-09-16
FC000010,A048,sugar_g_100g,6.8,https://i.fnri.dost.gov.ph/fct/library/report/3010,2026-09-16
FC000010,A048,sodium_mg_100g,592,https://i.fnri.dost.gov.ph/fct/library/report/3010,2026-09-16
FC000010,A048,cholesterol_mg_100g,0,https://i.fnri.dost.gov.ph/fct/library/report/3010,2026-09-16
FC000011,A047,kcal_100g,349,https://i.fnri.dost.gov.ph/fct/library/report/3009,2026-09-16
FC000011,A047,protein_g_100g,11.2,https://i.fnri.dost.gov.ph/fct/library/report/3009,2026-09-16
FC000011,A047,carbs_g_100g,64.2,https://i.fnri.dost.gov.ph/fct/library/report/3009,2026-09-16
FC000011,A047,fat_g_100g,5.3,https://i.fnri.dost.gov.ph/fct/library/report/3009,2026-09-16
FC000011,A047,fiber_g_100g,2.9,https://i.fnri.dost.gov.ph/fct/library/report/3009,2026-09-16
FC000011,A047,sugar_g_100g,5.6,https://i.fnri.dost.gov.ph/fct/library/report/3009,2026-09-16
FC000011,A047,sodium_mg_100g,698,https://i.fnri.dost.gov.ph/fct/library/report/3009,2026-09-16
FC000011,A047,cholesterol_mg_100g,1,https://i.fnri.dost.gov.ph/fct/library/report/3009,2026-09-16
FC000012,A030,kcal_100g,371,https://i.fnri.dost.gov.ph/fct/library/report/2992,2026-09-16
FC000012,A030,protein_g_100g,9.3,https://i.fnri.dost.gov.ph/fct/library/report/2992,2026-09-16
FC000012,A030,carbs_g_100g,55.5,https://i.fnri.dost.gov.ph/fct/library/report/2992,2026-09-16
FC000012,A030,fat_g_100g,12.4,https://i.fnri.dost.gov.ph/fct/library/report/2992,2026-09-16
FC000012,A030,fiber_g_100g,1.0,https://i.fnri.dost.gov.ph/fct/library/report/2992,2026-09-16
FC000012,A030,sugar_g_100g,-,https://i.fnri.dost.gov.ph/fct/library/report/2992,2026-09-16
FC000012,A030,sodium_mg_100g,-,https://i.fnri.dost.gov.ph/fct/library/report/2992,2026-09-16
FC000012,A030,cholesterol_mg_100g,-,https://i.fnri.dost.gov.ph/fct/library/report/2992,2026-09-16
FC000013,A060,kcal_100g,368,https://i.fnri.dost.gov.ph/fct/library/report/3022,2026-09-16
FC000013,A060,protein_g_100g,5.4,https://i.fnri.dost.gov.ph/fct/library/report/3022,2026-09-16
FC000013,A060,carbs_g_100g,62.6,https://i.fnri.dost.gov.ph/fct/library/report/3022,2026-09-16
FC000013,A060,fat_g_100g,10.7,https://i.fnri.dost.gov.ph/fct/library/report/3022,2026-09-16
FC000013,A060,fiber_g_100g,0.6,https://i.fnri.dost.gov.ph/fct/library/report/3022,2026-09-16
FC000013,A060,sugar_g_100g,41.4,https://i.fnri.dost.gov.ph/fct/library/report/3022,2026-09-16
FC000013,A060,sodium_mg_100g,704,https://i.fnri.dost.gov.ph/fct/library/report/3022,2026-09-16
FC000013,A060,cholesterol_mg_100g,168,https://i.fnri.dost.gov.ph/fct/library/report/3022,2026-09-16
FC000014,A138,kcal_100g,115,https://i.fnri.dost.gov.ph/fct/library/report/3100,2026-09-16
FC000014,A138,protein_g_100g,0.5,https://i.fnri.dost.gov.ph/fct/library/report/3100,2026-09-16
FC000014,A138,carbs_g_100g,26.9,https://i.fnri.dost.gov.ph/fct/library/report/3100,2026-09-16
FC000014,A138,fat_g_100g,0.6,https://i.fnri.dost.gov.ph/fct/library/report/3100,2026-09-16
FC000014,A138,fiber_g_100g,1.1,https://i.fnri.dost.gov.ph/fct/library/report/3100,2026-09-16
FC000014,A138,sugar_g_100g,0.0,https://i.fnri.dost.gov.ph/fct/library/report/3100,2026-09-16
FC000014,A138,sodium_mg_100g,4,https://i.fnri.dost.gov.ph/fct/library/report/3100,2026-09-16
FC000014,A138,cholesterol_mg_100g,0,https://i.fnri.dost.gov.ph/fct/library/report/3100,2026-09-16
FC000016,H004,kcal_100g,166,https://i.fnri.dost.gov.ph/fct/library/report/4216,2026-09-16
FC000016,H004,protein_g_100g,14.0,https://i.fnri.dost.gov.ph/fct/library/report/4216,2026-09-16
FC000016,H004,carbs_g_100g,0.6,https://i.fnri.dost.gov.ph/fct/library/report/4216,2026-09-16
FC000016,H004,fat_g_100g,12.0,https://i.fnri.dost.gov.ph/fct/library/report/4216,2026-09-16
FC000016,H004,fiber_g_100g,0.0,https://i.fnri.dost.gov.ph/fct/library/report/4216,2026-09-16
FC000016,H004,sugar_g_100g,0.4,https://i.fnri.dost.gov.ph/fct/library/report/4216,2026-09-16
FC000016,H004,sodium_mg_100g,136,https://i.fnri.dost.gov.ph/fct/library/report/4216,2026-09-16
FC000016,H004,cholesterol_mg_100g,460,https://i.fnri.dost.gov.ph/fct/library/report/4216,2026-09-16
FC000017,H003,kcal_100g,139,https://i.fnri.dost.gov.ph/fct/library/report/4215,2026-09-16
FC000017,H003,protein_g_100g,12.3,https://i.fnri.dost.gov.ph/fct/library/report/4215,2026-09-16
FC000017,H003,carbs_g_100g,1.4,https://i.fnri.dost.gov.ph/fct/library/report/4215,2026-09-16
FC000017,H003,fat_g_100g,9.4,https://i.fnri.dost.gov.ph/fct/library/report/4215,2026-09-16
FC000017,H003,fiber_g_100g,0.0,https://i.fnri.dost.gov.ph/fct/library/report/4215,2026-09-16
FC000017,H003,sugar_g_100g,0.4,https://i.fnri.dost.gov.ph/fct/library/report/4215,2026-09-16
FC000017,H003,sodium_mg_100g,128,https://i.fnri.dost.gov.ph/fct/library/report/4215,2026-09-16
FC000017,H003,cholesterol_mg_100g,428,https://i.fnri.dost.gov.ph/fct/library/report/4215,2026-09-16
FC000018,H007,kcal_100g,177,https://i.fnri.dost.gov.ph/fct/library/report/4219,2026-09-16
FC000018,H007,protein_g_100g,11.7,https://i.fnri.dost.gov.ph/fct/library/report/4219,2026-09-16
FC000018,H007,carbs_g_100g,4.1,https://i.fnri.dost.gov.ph/fct/library/report/4219,2026-09-16
FC000018,H007,fat_g_100g,12.6,https://i.fnri.dost.gov.ph/fct/library/report/4219,2026-09-16
FC000018,H007,fiber_g_100g,0.0,https://i.fnri.dost.gov.ph/fct/library/report/4219,2026-09-16
FC000018,H007,sugar_g_100g,0.9,https://i.fnri.dost.gov.ph/fct/library/report/4219,2026-09-16
FC000018,H007,sodium_mg_100g,191,https://i.fnri.dost.gov.ph/fct/library/report/4219,2026-09-16
FC000018,H007,cholesterol_mg_100g,809,https://i.fnri.dost.gov.ph/fct/library/report/4219,2026-09-16
FC000019,C064,kcal_100g,123,https://i.fnri.dost.gov.ph/fct/library/report/3274,2026-09-16
FC000019,C064,protein_g_100g,12.9,https://i.fnri.dost.gov.ph/fct/library/report/3274,2026-09-16
FC000019,C064,carbs_g_100g,2.0,https://i.fnri.dost.gov.ph/fct/library/report/3274,2026-09-16
FC000019,C064,fat_g_100g,7.0,https://i.fnri.dost.gov.ph/fct/library/report/3274,2026-09-16
FC000019,C064,fiber_g_100g,0.5,https://i.fnri.dost.gov.ph/fct/library/report/3274,2026-09-16
FC000019,C064,sugar_g_100g,0.8,https://i.fnri.dost.gov.ph/fct/library/report/3274,2026-09-16
FC000019,C064,sodium_mg_100g,114,https://i.fnri.dost.gov.ph/fct/library/report/3274,2026-09-16
FC000019,C064,cholesterol_mg_100g,0,https://i.fnri.dost.gov.ph/fct/library/report/3274,2026-09-16
FC000020,C063,kcal_100g,89,https://i.fnri.dost.gov.ph/fct/library/report/3273,2026-09-16
FC000020,C063,protein_g_100g,8.1,https://i.fnri.dost.gov.ph/fct/library/report/3273,2026-09-16
FC000020,C063,carbs_g_100g,2.0,https://i.fnri.dost.gov.ph/fct/library/report/3273,2026-09-16
FC000020,C063,fat_g_100g,5.4,https://i.fnri.dost.gov.ph/fct/library/report/3273,2026-09-16
FC000020,C063,fiber_g_100g,0.4,https://i.fnri.dost.gov.ph/fct/library/report/3273,2026-09-16
FC000020,C063,sugar_g_100g,0.6,https://i.fnri.dost.gov.ph/fct/library/report/3273,2026-09-16
FC000020,C063,sodium_mg_100g,48,https://i.fnri.dost.gov.ph/fct/library/report/3273,2026-09-16
FC000020,C063,cholesterol_mg_100g,0,https://i.fnri.dost.gov.ph/fct/library/report/3273,2026-09-16
FC000021,C028,kcal_100g,155,https://i.fnri.dost.gov.ph/fct/library/report/3238,2026-09-16
FC000021,C028,protein_g_100g,11.0,https://i.fnri.dost.gov.ph/fct/library/report/3238,2026-09-16
FC000021,C028,carbs_g_100g,27.1,https://i.fnri.dost.gov.ph/fct/library/report/3238,2026-09-16
FC000021,C028,fat_g_100g,0.3,https://i.fnri.dost.gov.ph/fct/library/report/3238,2026-09-16
FC000021,C028,fiber_g_100g,11.1,https://i.fnri.dost.gov.ph/fct/library/report/3238,2026-09-16
FC000021,C028,sugar_g_100g,2.9,https://i.fnri.dost.gov.ph/fct/library/report/3238,2026-09-16
FC000021,C028,sodium_mg_100g,3,https://i.fnri.dost.gov.ph/fct/library/report/3238,2026-09-16
FC000021,C028,cholesterol_mg_100g,0,https://i.fnri.dost.gov.ph/fct/library/report/3238,2026-09-16
FC000022,C038,kcal_100g,629,https://i.fnri.dost.gov.ph/fct/library/report/3248,2026-09-16
FC000022,C038,protein_g_100g,33.2,https://i.fnri.dost.gov.ph/fct/library/report/3248,2026-09-16
FC000022,C038,carbs_g_100g,7.6,https://i.fnri.dost.gov.ph/fct/library/report/3248,2026-09-16
FC000022,C038,fat_g_100g,51.8,https://i.fnri.dost.gov.ph/fct/library/report/3248,2026-09-16
FC000022,C038,fiber_g_100g,8.2,https://i.fnri.dost.gov.ph/fct/library/report/3248,2026-09-16
FC000022,C038,sugar_g_100g,-,https://i.fnri.dost.gov.ph/fct/library/report/3248,2026-09-16
FC000022,C038,sodium_mg_100g,6,https://i.fnri.dost.gov.ph/fct/library/report/3248,2026-09-16
FC000022,C038,cholesterol_mg_100g,0,https://i.fnri.dost.gov.ph/fct/library/report/3248,2026-09-16
FC000023,C041,kcal_100g,699,https://i.fnri.dost.gov.ph/fct/library/report/3251,2026-09-16
FC000023,C041,protein_g_100g,14.2,https://i.fnri.dost.gov.ph/fct/library/report/3251,2026-09-16
FC000023,C041,carbs_g_100g,6.4,https://i.fnri.dost.gov.ph/fct/library/report/3251,2026-09-16
FC000023,C041,fat_g_100g,68.5,https://i.fnri.dost.gov.ph/fct/library/report/3251,2026-09-16
FC000023,C041,fiber_g_100g,-,https://i.fnri.dost.gov.ph/fct/library/report/3251,2026-09-16
FC000023,C041,sugar_g_100g,-,https://i.fnri.dost.gov.ph/fct/library/report/3251,2026-09-16
FC000023,C041,sodium_mg_100g,3,https://i.fnri.dost.gov.ph/fct/library/report/3251,2026-09-16
FC000023,C041,cholesterol_mg_100g,0,https://i.fnri.dost.gov.ph/fct/library/report/3251,2026-09-16
FC000024,F093,kcal_100g,131,https://i.fnri.dost.gov.ph/fct/library/report/3800,2026-09-16
FC000024,F093,protein_g_100g,21.6,https://i.fnri.dost.gov.ph/fct/library/report/3800,2026-09-16
FC000024,F093,carbs_g_100g,0.0,https://i.fnri.dost.gov.ph/fct/library/report/3800,2026-09-16
FC000024,F093,fat_g_100g,5.0,https://i.fnri.dost.gov.ph/fct/library/report/3800,2026-09-16
FC000024,F093,fiber_g_100g,0.0,https://i.fnri.dost.gov.ph/fct/library/report/3800,2026-09-16
FC000024,F093,sugar_g_100g,0.0,https://i.fnri.dost.gov.ph/fct/library/report/3800,2026-09-16
FC000024,F093,sodium_mg_100g,66,https://i.fnri.dost.gov.ph/fct/library/report/3800,2026-09-16
FC000024,F093,cholesterol_mg_100g,35,https://i.fnri.dost.gov.ph/fct/library/report/3800,2026-09-16
FC000025,F107,kcal_100g,149,https://i.fnri.dost.gov.ph/fct/library/report/3814,2026-09-16
FC000025,F107,protein_g_100g,19.8,https://i.fnri.dost.gov.ph/fct/library/report/3814,2026-09-16
FC000025,F107,carbs_g_100g,0.0,https://i.fnri.dost.gov.ph/fct/library/report/3814,2026-09-16
FC000025,F107,fat_g_100g,7.7,https://i.fnri.dost.gov.ph/fct/library/report/3814,2026-09-16
FC000025,F107,fiber_g_100g,0.0,https://i.fnri.dost.gov.ph/fct/library/report/3814,2026-09-16
FC000025,F107,sugar_g_100g,0.0,https://i.fnri.dost.gov.ph/fct/library/report/3814,2026-09-16
FC000025,F107,sodium_mg_100g,88,https://i.fnri.dost.gov.ph/fct/library/report/3814,2026-09-16
FC000025,F107,cholesterol_mg_100g,45,https://i.fnri.dost.gov.ph/fct/library/report/3814,2026-09-16
FC000026,F102,kcal_100g,204,https://i.fnri.dost.gov.ph/fct/library/report/3809,2026-09-16
FC000026,F102,protein_g_100g,17.1,https://i.fnri.dost.gov.ph/fct/library/report/3809,2026-09-16
FC000026,F102,carbs_g_100g,0.0,https://i.fnri.dost.gov.ph/fct/library/report/3809,2026-09-16
FC000026,F102,fat_g_100g,15.1,https://i.fnri.dost.gov.ph/fct/library/report/3809,2026-09-16
FC000026,F102,fiber_g_100g,0.0,https://i.fnri.dost.gov.ph/fct/library/report/3809,2026-09-16
FC000026,F102,sugar_g_100g,0.0,https://i.fnri.dost.gov.ph/fct/library/report/3809,2026-09-16
FC000026,F102,sodium_mg_100g,127,https://i.fnri.dost.gov.ph/fct/library/report/3809,2026-09-16
FC000026,F102,cholesterol_mg_100g,88,https://i.fnri.dost.gov.ph/fct/library/report/3809,2026-09-16
FC000027,F109,kcal_100g,194,https://i.fnri.dost.gov.ph/fct/library/report/3816,2026-09-16
FC000027,F109,protein_g_100g,18.9,https://i.fnri.dost.gov.ph/fct/library/report/3816,2026-09-16
FC000027,F109,carbs_g_100g,0.0,https://i.fnri.dost.gov.ph/fct/library/report/3816,2026-09-16
FC000027,F109,fat_g_100g,13.2,https://i.fnri.dost.gov.ph/fct/library/report/3816,2026-09-16
FC000027,F109,fiber_g_100g,0.0,https://i.fnri.dost.gov.ph/fct/library/report/3816,2026-09-16
FC000027,F109,sugar_g_100g,0.0,https://i.fnri.dost.gov.ph/fct/library/report/3816,2026-09-16
FC000027,F109,sodium_mg_100g,81,https://i.fnri.dost.gov.ph/fct/library/report/3816,2026-09-16
FC000027,F109,cholesterol_mg_100g,111,https://i.fnri.dost.gov.ph/fct/library/report/3816,2026-09-16
FC000028,F103,kcal_100g,124,https://i.fnri.dost.gov.ph/fct/library/report/3810,2026-09-16
FC000028,F103,protein_g_100g,18.1,https://i.fnri.dost.gov.ph/fct/library/report/3810,2026-09-16
FC000028,F103,carbs_g_100g,4.0,https://i.fnri.dost.gov.ph/fct/library/report/3810,2026-09-16
FC000028,F103,fat_g_100g,3.9,https://i.fnri.dost.gov.ph/fct/library/report/3810,2026-09-16
FC000028,F103,fiber_g_100g,0.0,https://i.fnri.dost.gov.ph/fct/library/report/3810,2026-09-16
FC000028,F103,sugar_g_100g,0.0,https://i.fnri.dost.gov.ph/fct/library/report/3810,2026-09-16
FC000028,F103,sodium_mg_100g,97,https://i.fnri.dost.gov.ph/fct/library/report/3810,2026-09-16
FC000028,F103,cholesterol_mg_100g,279,https://i.fnri.dost.gov.ph/fct/library/report/3810,2026-09-16
FC000030,F015,kcal_100g,134,https://i.fnri.dost.gov.ph/fct/library/report/3722,2026-09-16
FC000030,F015,protein_g_100g,23.1,https://i.fnri.dost.gov.ph/fct/library/report/3722,2026-09-16
FC000030,F015,carbs_g_100g,0.0,https://i.fnri.dost.gov.ph/fct/library/report/3722,2026-09-16
FC000030,F015,fat_g_100g,4.6,https://i.fnri.dost.gov.ph/fct/library/report/3722,2026-09-16
FC000030,F015,fiber_g_100g,0.0,https://i.fnri.dost.gov.ph/fct/library/report/3722,2026-09-16
FC000030,F015,sugar_g_100g,0.0,https://i.fnri.dost.gov.ph/fct/library/report/3722,2026-09-16
FC000030,F015,sodium_mg_100g,59,https://i.fnri.dost.gov.ph/fct/library/report/3722,2026-09-16
FC000030,F015,cholesterol_mg_100g,75,https://i.fnri.dost.gov.ph/fct/library/report/3722,2026-09-16
FC000031,F016,kcal_100g,146,https://i.fnri.dost.gov.ph/fct/library/report/3723,2026-09-16
FC000031,F016,protein_g_100g,25.3,https://i.fnri.dost.gov.ph/fct/library/report/3723,2026-09-16
FC000031,F016,carbs_g_100g,0.0,https://i.fnri.dost.gov.ph/fct/library/report/3723,2026-09-16
FC000031,F016,fat_g_100g,5.0,https://i.fnri.dost.gov.ph/fct/library/report/3723,2026-09-16
FC000031,F016,fiber_g_100g,0.0,https://i.fnri.dost.gov.ph/fct/library/report/3723,2026-09-16
FC000031,F016,sugar_g_100g,0.0,https://i.fnri.dost.gov.ph/fct/library/report/3723,2026-09-16
FC000031,F016,sodium_mg_100g,33,https://i.fnri.dost.gov.ph/fct/library/report/3723,2026-09-16
FC000031,F016,cholesterol_mg_100g,-,https://i.fnri.dost.gov.ph/fct/library/report/3723,2026-09-16
FC000032,F018,kcal_100g,183,https://i.fnri.dost.gov.ph/fct/library/report/3725,2026-09-16
FC000032,F018,protein_g_100g,30.2,https://i.fnri.dost.gov.ph/fct/library/report/3725,2026-09-16
FC000032,F018,carbs_g_100g,0.0,https://i.fnri.dost.gov.ph/fct/library/report/3725,2026-09-16
FC000032,F018,fat_g_100g,6.9,https://i.fnri.dost.gov.ph/fct/library/report/3725,2026-09-16
FC000032,F018,fiber_g_100g,0.0,https://i.fnri.dost.gov.ph/fct/library/report/3725,2026-09-16
FC000032,F018,sugar_g_100g,0.0,https://i.fnri.dost.gov.ph/fct/library/report/3725,2026-09-16
FC000032,F018,sodium_mg_100g,55,https://i.fnri.dost.gov.ph/fct/library/report/3725,2026-09-16
FC000032,F018,cholesterol_mg_100g,-,https://i.fnri.dost.gov.ph/fct/library/report/3725,2026-09-16
FC000033,F019,kcal_100g,144,https://i.fnri.dost.gov.ph/fct/library/report/3726,2026-09-16
FC000033,F019,protein_g_100g,20.6,https://i.fnri.dost.gov.ph/fct/library/report/3726,2026-09-16
FC000033,F019,carbs_g_100g,8.3,https://i.fnri.dost.gov.ph/fct/library/report/3726,2026-09-16
FC000033,F019,fat_g_100g,3.2,https://i.fnri.dost.gov.ph/fct/library/report/3726,2026-09-16
FC000033,F019,fiber_g_100g,0.0,https://i.fnri.dost.gov.ph/fct/library/report/3726,2026-09-16
FC000033,F019,sugar_g_100g,0.0,https://i.fnri.dost.gov.ph/fct/library/report/3726,2026-09-16
FC000033,F019,sodium_mg_100g,74,https://i.fnri.dost.gov.ph/fct/library/report/3726,2026-09-16
FC000033,F019,cholesterol_mg_100g,242,https://i.fnri.dost.gov.ph/fct/library/report/3726,2026-09-16
FC000035,F147,kcal_100g,393,https://i.fnri.dost.gov.ph/fct/library/report/3854,2026-09-16
FC000035,F147,protein_g_100g,14.5,https://i.fnri.dost.gov.ph/fct/library/report/3854,2026-09-16
FC000035,F147,carbs_g_100g,0.0,https://i.fnri.dost.gov.ph/fct/library/report/3854,2026-09-16
FC000035,F147,fat_g_100g,37.2,https://i.fnri.dost.gov.ph/fct/library/report/3854,2026-09-16
FC000035,F147,fiber_g_100g,0.0,https://i.fnri.dost.gov.ph/fct/library/report/3854,2026-09-16
FC000035,F147,sugar_g_100g,0.0,https://i.fnri.dost.gov.ph/fct/library/report/3854,2026-09-16
FC000035,F147,sodium_mg_100g,40,https://i.fnri.dost.gov.ph/fct/library/report/3854,2026-09-16
FC000035,F147,cholesterol_mg_100g,50,https://i.fnri.dost.gov.ph/fct/library/report/3854,2026-09-16
FC000036,F148,kcal_100g,213,https://i.fnri.dost.gov.ph/fct/library/report/3855,2026-09-16
FC000036,F148,protein_g_100g,14.0,https://i.fnri.dost.gov.ph/fct/library/report/3855,2026-09-16
FC000036,F148,carbs_g_100g,0.0,https://i.fnri.dost.gov.ph/fct/library/report/3855,2026-09-16
FC000036,F148,fat_g_100g,17.4,https://i.fnri.dost.gov.ph/fct/library/report/3855,2026-09-16
FC000036,F148,fiber_g_100g,0.0,https://i.fnri.dost.gov.ph/fct/library/report/3855,2026-09-16
FC000036,F148,sugar_g_100g,0.0,https://i.fnri.dost.gov.ph/fct/library/report/3855,2026-09-16
FC000036,F148,sodium_mg_100g,56,https://i.fnri.dost.gov.ph/fct/library/report/3855,2026-09-16
FC000036,F148,cholesterol_mg_100g,72,https://i.fnri.dost.gov.ph/fct/library/report/3855,2026-09-16
FC000037,F149,kcal_100g,245,https://i.fnri.dost.gov.ph/fct/library/report/3856,2026-09-16
FC000037,F149,protein_g_100g,12.3,https://i.fnri.dost.gov.ph/fct/library/report/3856,2026-09-16
FC000037,F149,carbs_g_100g,0.0,https://i.fnri.dost.gov.ph/fct/library/report/3856,2026-09-16
FC000037,F149,fat_g_100g,21.8,https://i.fnri.dost.gov.ph/fct/library/report/3856,2026-09-16
FC000037,F149,fiber_g_100g,0.0,https://i.fnri.dost.gov.ph/fct/library/report/3856,2026-09-16
FC000037,F149,sugar_g_100g,0.0,https://i.fnri.dost.gov.ph/fct/library/report/3856,2026-09-16
FC000037,F149,sodium_mg_100g,61,https://i.fnri.dost.gov.ph/fct/library/report/3856,2026-09-16
FC000037,F149,cholesterol_mg_100g,63,https://i.fnri.dost.gov.ph/fct/library/report/3856,2026-09-16
FC000038,F153,kcal_100g,329,https://i.fnri.dost.gov.ph/fct/library/report/3860,2026-09-16
FC000038,F153,protein_g_100g,14.3,https://i.fnri.dost.gov.ph/fct/library/report/3860,2026-09-16
FC000038,F153,carbs_g_100g,0.0,https://i.fnri.dost.gov.ph/fct/library/report/3860,2026-09-16
FC000038,F153,fat_g_100g,30.2,https://i.fnri.dost.gov.ph/fct/library/report/3860,2026-09-16
FC000038,F153,fiber_g_100g,0.0,https://i.fnri.dost.gov.ph/fct/library/report/3860,2026-09-16
FC000038,F153,sugar_g_100g,0.0,https://i.fnri.dost.gov.ph/fct/library/report/3860,2026-09-16
FC000038,F153,sodium_mg_100g,64,https://i.fnri.dost.gov.ph/fct/library/report/3860,2026-09-16
FC000038,F153,cholesterol_mg_100g,-,https://i.fnri.dost.gov.ph/fct/library/report/3860,2026-09-16
FC000041,F174,kcal_100g,119,https://i.fnri.dost.gov.ph/fct/library/report/3881,2026-09-16
FC000041,F174,protein_g_100g,18.0,https://i.fnri.dost.gov.ph/fct/library/report/3881,2026-09-16
FC000041,F174,carbs_g_100g,5.5,https://i.fnri.dost.gov.ph/fct/library/report/3881,2026-09-16
FC000041,F174,fat_g_100g,2.8,https://i.fnri.dost.gov.ph/fct/library/report/3881,2026-09-16
FC000041,F174,fiber_g_100g,0.0,https://i.fnri.dost.gov.ph/fct/library/report/3881,2026-09-16
FC000041,F174,sugar_g_100g,0.0,https://i.fnri.dost.gov.ph/fct/library/report/3881,2026-09-16
FC000041,F174,sodium_mg_100g,85,https://i.fnri.dost.gov.ph/fct/library/report/3881,2026-09-16
FC000041,F174,cholesterol_mg_100g,231,https://i.fnri.dost.gov.ph/fct/library/report/3881,2026-09-16
FC000042,F181,kcal_100g,319,https://i.fnri.dost.gov.ph/fct/library/report/3888,2026-09-16
FC000042,F181,protein_g_100g,19.8,https://i.fnri.dost.gov.ph/fct/library/report/3888,2026-09-16
FC000042,F181,carbs_g_100g,0.0,https://i.fnri.dost.gov.ph/fct/library/report/3888,2026-09-16
FC000042,F181,fat_g_100g,26.6,https://i.fnri.dost.gov.ph/fct/library/report/3888,2026-09-16
FC000042,F181,fiber_g_100g,0.0,https://i.fnri.dost.gov.ph/fct/library/report/3888,2026-09-16
FC000042,F181,sugar_g_100g,0.0,https://i.fnri.dost.gov.ph/fct/library/report/3888,2026-09-16
FC000042,F181,sodium_mg_100g,6,https://i.fnri.dost.gov.ph/fct/library/report/3888,2026-09-16
FC000042,F181,cholesterol_mg_100g,181,https://i.fnri.dost.gov.ph/fct/library/report/3888,2026-09-16
FC000044,F245,kcal_100g,206,https://i.fnri.dost.gov.ph/fct/library/report/3952,2026-09-16
FC000044,F245,protein_g_100g,11.2,https://i.fnri.dost.gov.ph/fct/library/report/3952,2026-09-16
FC000044,F245,carbs_g_100g,25.9,https://i.fnri.dost.gov.ph/fct/library/report/3952,2026-09-16
FC000044,F245,fat_g_100g,6.4,https://i.fnri.dost.gov.ph/fct/library/report/3952,2026-09-16
FC000044,F245,fiber_g_100g,0.0,https://i.fnri.dost.gov.ph/fct/library/report/3952,2026-09-16
FC000044,F245,sugar_g_100g,20.2,https://i.fnri.dost.gov.ph/fct/library/report/3952,2026-09-16
FC000044,F245,sodium_mg_100g,1037,https://i.fnri.dost.gov.ph/fct/library/report/3952,2026-09-16
FC000044,F245,cholesterol_mg_100g,47,https://i.fnri.dost.gov.ph/fct/library/report/3952,2026-09-16
FC000045,F215,kcal_100g,102,https://i.fnri.dost.gov.ph/fct/library/report/3922,2026-09-16
FC000045,F215,protein_g_100g,13.8,https://i.fnri.dost.gov.ph/fct/library/report/3922,2026-09-16
FC000045,F215,carbs_g_100g,3.7,https://i.fnri.dost.gov.ph/fct/library/report/3922,2026-09-16
FC000045,F215,fat_g_100g,3.6,https://i.fnri.dost.gov.ph/fct/library/report/3922,2026-09-16
FC000045,F215,fiber_g_100g,0.0,https://i.fnri.dost.gov.ph/fct/library/report/3922,2026-09-16
FC000045,F215,sugar_g_100g,1.2,https://i.fnri.dost.gov.ph/fct/library/report/3922,2026-09-16
FC000045,F215,sodium_mg_100g,694,https://i.fnri.dost.gov.ph/fct/library/report/3922,2026-09-16
FC000045,F215,cholesterol_mg_100g,39,https://i.fnri.dost.gov.ph/fct/library/report/3922,2026-09-16
FC000046,G074,kcal_100g,137,https://i.fnri.dost.gov.ph/fct/library/report/4054,2026-09-16
FC000046,G074,protein_g_100g,19.8,https://i.fnri.dost.gov.ph/fct/library/report/4054,2026-09-16
FC000046,G074,carbs_g_100g,0.0,https://i.fnri.dost.gov.ph/fct/library/report/4054,2026-09-16
FC000046,G074,fat_g_100g,6.4,https://i.fnri.dost.gov.ph/fct/library/report/4054,2026-09-16
FC000046,G074,fiber_g_100g,0.0,https://i.fnri.dost.gov.ph/fct/library/report/4054,2026-09-16
FC000046,G074,sugar_g_100g,0.0,https://i.fnri.dost.gov.ph/fct/library/report/4054,2026-09-16
FC000046,G074,sodium_mg_100g,67,https://i.fnri.dost.gov.ph/fct/library/report/4054,2026-09-16
FC000046,G074,cholesterol_mg_100g,49,https://i.fnri.dost.gov.ph/fct/library/report/4054,2026-09-16
FC000047,G075,kcal_100g,137,https://i.fnri.dost.gov.ph/fct/library/report/4055,2026-09-16
FC000047,G075,protein_g_100g,23.4,https://i.fnri.dost.gov.ph/fct/library/report/4055,2026-09-16
FC000047,G075,carbs_g_100g,0.0,https://i.fnri.dost.gov.ph/fct/library/report/4055,2026-09-16
FC000047,G075,fat_g_100g,4.8,https://i.fnri.dost.gov.ph/fct/library/report/4055,2026-09-16
FC000047,G075,fiber_g_100g,0.0,https://i.fnri.dost.gov.ph/fct/library/report/4055,2026-09-16
FC000047,G075,sugar_g_100g,0.0,https://i.fnri.dost.gov.ph/fct/library/report/4055,2026-09-16
FC000047,G075,sodium_mg_100g,82,https://i.fnri.dost.gov.ph/fct/library/report/4055,2026-09-16
FC000047,G075,cholesterol_mg_100g,37,https://i.fnri.dost.gov.ph/fct/library/report/4055,2026-09-16
FC000048,G180,kcal_100g,415,https://i.fnri.dost.gov.ph/fct/library/report/4160,2026-09-16
FC000048,G180,protein_g_100g,51.2,https://i.fnri.dost.gov.ph/fct/library/report/4160,2026-09-16
FC000048,G180,carbs_g_100g,0.0,https://i.fnri.dost.gov.ph/fct/library/report/4160,2026-09-16
FC000048,G180,fat_g_100g,23.3,https://i.fnri.dost.gov.ph/fct/library/report/4160,2026-09-16
FC000048,G180,fiber_g_100g,0.0,https://i.fnri.dost.gov.ph/fct/library/report/4160,2026-09-16
FC000048,G180,sugar_g_100g,0.0,https://i.fnri.dost.gov.ph/fct/library/report/4160,2026-09-16
FC000048,G180,sodium_mg_100g,8616,https://i.fnri.dost.gov.ph/fct/library/report/4160,2026-09-16
FC000048,G180,cholesterol_mg_100g,-,https://i.fnri.dost.gov.ph/fct/library/report/4160,2026-09-16
FC000049,G145,kcal_100g,107,https://i.fnri.dost.gov.ph/fct/library/report/4125,2026-09-16
FC000049,G145,protein_g_100g,18.1,https://i.fnri.dost.gov.ph/fct/library/report/4125,2026-09-16
FC000049,G145,carbs_g_100g,0.0,https://i.fnri.dost.gov.ph/fct/library/report/4125,2026-09-16
FC000049,G145,fat_g_100g,3.8,https://i.fnri.dost.gov.ph/fct/library/report/4125,2026-09-16
FC000049,G145,fiber_g_100g,0.0,https://i.fnri.dost.gov.ph/fct/library/report/4125,2026-09-16
FC000049,G145,sugar_g_100g,0.0,https://i.fnri.dost.gov.ph/fct/library/report/4125,2026-09-16
FC000049,G145,sodium_mg_100g,52,https://i.fnri.dost.gov.ph/fct/library/report/4125,2026-09-16
FC000049,G145,cholesterol_mg_100g,-,https://i.fnri.dost.gov.ph/fct/library/report/4125,2026-09-16
FC000050,G105,kcal_100g,100,https://i.fnri.dost.gov.ph/fct/library/report/4085,2026-09-16
FC000050,G105,protein_g_100g,20.4,https://i.fnri.dost.gov.ph/fct/library/report/4085,2026-09-16
FC000050,G105,carbs_g_100g,0.0,https://i.fnri.dost.gov.ph/fct/library/report/4085,2026-09-16
FC000050,G105,fat_g_100g,2.1,https://i.fnri.dost.gov.ph/fct/library/report/4085,2026-09-16
FC000050,G105,fiber_g_100g,0.0,https://i.fnri.dost.gov.ph/fct/library/report/4085,2026-09-16
FC000050,G105,sugar_g_100g,0.0,https://i.fnri.dost.gov.ph/fct/library/report/4085,2026-09-16
FC000050,G105,sodium_mg_100g,88,https://i.fnri.dost.gov.ph/fct/library/report/4085,2026-09-16
FC000050,G105,cholesterol_mg_100g,-,https://i.fnri.dost.gov.ph/fct/library/report/4085,2026-09-16
FC000051,G073,kcal_100g,118,https://i.fnri.dost.gov.ph/fct/library/report/4053,2026-09-16
FC000051,G073,protein_g_100g,21.8,https://i.fnri.dost.gov.ph/fct/library/report/4053,2026-09-16
FC000051,G073,carbs_g_100g,0.0,https://i.fnri.dost.gov.ph/fct/library/report/4053,2026-09-16
FC000051,G073,fat_g_100g,3.4,https://i.fnri.dost.gov.ph/fct/library/report/4053,2026-09-16
FC000051,G073,fiber_g_100g,0.0,https://i.fnri.dost.gov.ph/fct/library/report/4053,2026-09-16
FC000051,G073,sugar_g_100g,0.0,https://i.fnri.dost.gov.ph/fct/library/report/4053,2026-09-16
FC000051,G073,sodium_mg_100g,49,https://i.fnri.dost.gov.ph/fct/library/report/4053,2026-09-16
FC000051,G073,cholesterol_mg_100g,39,https://i.fnri.dost.gov.ph/fct/library/report/4053,2026-09-16
FC000053,G147,kcal_100g,107,https://i.fnri.dost.gov.ph/fct/library/report/4127,2026-09-16
FC000053,G147,protein_g_100g,23.6,https://i.fnri.dost.gov.ph/fct/library/report/4127,2026-09-16
FC000053,G147,carbs_g_100g,0.0,https://i.fnri.dost.gov.ph/fct/library/report/4127,2026-09-16
FC000053,G147,fat_g_100g,1.4,https://i.fnri.dost.gov.ph/fct/library/report/4127,2026-09-16
FC000053,G147,fiber_g_100g,0.0,https://i.fnri.dost.gov.ph/fct/library/report/4127,2026-09-16
FC000053,G147,sugar_g_100g,0.0,https://i.fnri.dost.gov.ph/fct/library/report/4127,2026-09-16
FC000053,G147,sodium_mg_100g,95,https://i.fnri.dost.gov.ph/fct/library/report/4127,2026-09-16
FC000053,G147,cholesterol_mg_100g,-,https://i.fnri.dost.gov.ph/fct/library/report/4127,2026-09-16
FC000055,G150,kcal_100g,318,https://i.fnri.dost.gov.ph/fct/library/report/4130,2026-09-16
FC000055,G150,protein_g_100g,69.0,https://i.fnri.dost.gov.ph/fct/library/report/4130,2026-09-16
FC000055,G150,carbs_g_100g,0.0,https://i.fnri.dost.gov.ph/fct/library/report/4130,2026-09-16
FC000055,G150,fat_g_100g,4.7,https://i.fnri.dost.gov.ph/fct/library/report/4130,2026-09-16
FC000055,G150,fiber_g_100g,0.0,https://i.fnri.dost.gov.ph/fct/library/report/4130,2026-09-16
FC000055,G150,sugar_g_100g,0.0,https://i.fnri.dost.gov.ph/fct/library/report/4130,2026-09-16
FC000055,G150,sodium_mg_100g,-,https://i.fnri.dost.gov.ph/fct/library/report/4130,2026-09-16
FC000055,G150,cholesterol_mg_100g,92,https://i.fnri.dost.gov.ph/fct/library/report/4130,2026-09-16
FC000058,G131,kcal_100g,71,https://i.fnri.dost.gov.ph/fct/library/report/4111,2026-09-16
FC000058,G131,protein_g_100g,15.6,https://i.fnri.dost.gov.ph/fct/library/report/4111,2026-09-16
FC000058,G131,carbs_g_100g,0.0,https://i.fnri.dost.gov.ph/fct/library/report/4111,2026-09-16
FC000058,G131,fat_g_100g,1.0,https://i.fnri.dost.gov.ph/fct/library/report/4111,2026-09-16
FC000058,G131,fiber_g_100g,0.0,https://i.fnri.dost.gov.ph/fct/library/report/4111,2026-09-16
FC000058,G131,sugar_g_100g,0.0,https://i.fnri.dost.gov.ph/fct/library/report/4111,2026-09-16
FC000058,G131,sodium_mg_100g,143,https://i.fnri.dost.gov.ph/fct/library/report/4111,2026-09-16
FC000058,G131,cholesterol_mg_100g,169,https://i.fnri.dost.gov.ph/fct/library/report/4111,2026-09-16
FC000060,G085,kcal_100g,166,https://i.fnri.dost.gov.ph/fct/library/report/4065,2026-09-16
FC000060,G085,protein_g_100g,13.6,https://i.fnri.dost.gov.ph/fct/library/report/4065,2026-09-16
FC000060,G085,carbs_g_100g,11.1,https://i.fnri.dost.gov.ph/fct/library/report/4065,2026-09-16
FC000060,G085,fat_g_100g,7.5,https://i.fnri.dost.gov.ph/fct/library/report/4065,2026-09-16
FC000060,G085,fiber_g_100g,0.0,https://i.fnri.dost.gov.ph/fct/library/report/4065,2026-09-16
FC000060,G085,sugar_g_100g,0.0,https://i.fnri.dost.gov.ph/fct/library/report/4065,2026-09-16
FC000060,G085,sodium_mg_100g,528,https://i.fnri.dost.gov.ph/fct/library/report/4065,2026-09-16
FC000060,G085,cholesterol_mg_100g,-,https://i.fnri.dost.gov.ph/fct/library/report/4065,2026-09-16
FC000061,D257,kcal_100g,25,https://i.fnri.dost.gov.ph/fct/library/report/3536,2026-09-16
FC000061,D257,protein_g_100g,0.8,https://i.fnri.dost.gov.ph/fct/library/report/3536,2026-09-16
FC000061,D257,carbs_g_100g,5.2,https://i.fnri.dost.gov.ph/fct/library/report/3536,2026-09-16
FC000061,D257,fat_g_100g,0.1,https://i.fnri.dost.gov.ph/fct/library/report/3536,2026-09-16
FC000061,D257,fiber_g_100g,0.3,https://i.fnri.dost.gov.ph/fct/library/report/3536,2026-09-16
FC000061,D257,sugar_g_100g,3.7,https://i.fnri.dost.gov.ph/fct/library/report/3536,2026-09-16
FC000061,D257,sodium_mg_100g,11,https://i.fnri.dost.gov.ph/fct/library/report/3536,2026-09-16
FC000061,D257,cholesterol_mg_100g,0,https://i.fnri.dost.gov.ph/fct/library/report/3536,2026-09-16
FC000062,D073,kcal_100g,29,https://i.fnri.dost.gov.ph/fct/library/report/3352,2026-09-16
FC000062,D073,protein_g_100g,1.2,https://i.fnri.dost.gov.ph/fct/library/report/3352,2026-09-16
FC000062,D073,carbs_g_100g,5.5,https://i.fnri.dost.gov.ph/fct/library/report/3352,2026-09-16
FC000062,D073,fat_g_100g,0.2,https://i.fnri.dost.gov.ph/fct/library/report/3352,2026-09-16
FC000062,D073,fiber_g_100g,1.6,https://i.fnri.dost.gov.ph/fct/library/report/3352,2026-09-16
FC000062,D073,sugar_g_100g,2.7,https://i.fnri.dost.gov.ph/fct/library/report/3352,2026-09-16
FC000062,D073,sodium_mg_100g,3,https://i.fnri.dost.gov.ph/fct/library/report/3352,2026-09-16
FC000062,D073,cholesterol_mg_100g,0,https://i.fnri.dost.gov.ph/fct/library/report/3352,2026-09-16
FC000063,D018,kcal_100g,23,https://i.fnri.dost.gov.ph/fct/library/report/3297,2026-09-16
FC000063,D018,protein_g_100g,1.0,https://i.fnri.dost.gov.ph/fct/library/report/3297,2026-09-16
FC000063,D018,carbs_g_100g,4.2,https://i.fnri.dost.gov.ph/fct/library/report/3297,2026-09-16
FC000063,D018,fat_g_100g,0.2,https://i.fnri.dost.gov.ph/fct/library/report/3297,2026-09-16
FC000063,D018,fiber_g_100g,1.3,https://i.fnri.dost.gov.ph/fct/library/report/3297,2026-09-16
FC000063,D018,sugar_g_100g,0.8,https://i.fnri.dost.gov.ph/fct/library/report/3297,2026-09-16
FC000063,D018,sodium_mg_100g,15,https://i.fnri.dost.gov.ph/fct/library/report/3297,2026-09-16
FC000063,D018,cholesterol_mg_100g,0,https://i.fnri.dost.gov.ph/fct/library/report/3297,2026-09-16
FC000064,D225,kcal_100g,68,https://i.fnri.dost.gov.ph/fct/library/report/3504,2026-09-16
FC000064,D225,protein_g_100g,1.2,https://i.fnri.dost.gov.ph/fct/library/report/3504,2026-09-16
FC000064,D225,carbs_g_100g,15.3,https://i.fnri.dost.gov.ph/fct/library/report/3504,2026-09-16
FC000064,D225,fat_g_100g,0.2,https://i.fnri.dost.gov.ph/fct/library/report/3504,2026-09-16
FC000064,D225,fiber_g_100g,1.6,https://i.fnri.dost.gov.ph/fct/library/report/3504,2026-09-16
FC000064,D225,sugar_g_100g,5.1,https://i.fnri.dost.gov.ph/fct/library/report/3504,2026-09-16
FC000064,D225,sodium_mg_100g,8,https://i.fnri.dost.gov.ph/fct/library/report/3504,2026-09-16
FC000064,D225,cholesterol_mg_100g,0,https://i.fnri.dost.gov.ph/fct/library/report/3504,2026-09-16
FC000065,D054,kcal_100g,21,https://i.fnri.dost.gov.ph/fct/library/report/3333,2026-09-16
FC000065,D054,protein_g_100g,1.7,https://i.fnri.dost.gov.ph/fct/library/report/3333,2026-09-16
FC000065,D054,carbs_g_100g,2.9,https://i.fnri.dost.gov.ph/fct/library/report/3333,2026-09-16
FC000065,D054,fat_g_100g,0.3,https://i.fnri.dost.gov.ph/fct/library/report/3333,2026-09-16
FC000065,D054,fiber_g_100g,1.2,https://i.fnri.dost.gov.ph/fct/library/report/3333,2026-09-16
FC000065,D054,sugar_g_100g,1.4,https://i.fnri.dost.gov.ph/fct/library/report/3333,2026-09-16
FC000065,D054,sodium_mg_100g,9,https://i.fnri.dost.gov.ph/fct/library/report/3333,2026-09-16
FC000065,D054,cholesterol_mg_100g,0,https://i.fnri.dost.gov.ph/fct/library/report/3333,2026-09-16
FC000067,D039,kcal_100g,42,https://i.fnri.dost.gov.ph/fct/library/report/3318,2026-09-16
FC000067,D039,protein_g_100g,1.1,https://i.fnri.dost.gov.ph/fct/library/report/3318,2026-09-16
FC000067,D039,carbs_g_100g,8.6,https://i.fnri.dost.gov.ph/fct/library/report/3318,2026-09-16
FC000067,D039,fat_g_100g,0.3,https://i.fnri.dost.gov.ph/fct/library/report/3318,2026-09-16
FC000067,D039,fiber_g_100g,2.6,https://i.fnri.dost.gov.ph/fct/library/report/3318,2026-09-16
FC000067,D039,sugar_g_100g,4.8,https://i.fnri.dost.gov.ph/fct/library/report/3318,2026-09-16
FC000067,D039,sodium_mg_100g,26,https://i.fnri.dost.gov.ph/fct/library/report/3318,2026-09-16
FC000067,D039,cholesterol_mg_100g,0,https://i.fnri.dost.gov.ph/fct/library/report/3318,2026-09-16
FC000068,D141,kcal_100g,52,https://i.fnri.dost.gov.ph/fct/library/report/3420,2026-09-16
FC000068,D141,protein_g_100g,1.7,https://i.fnri.dost.gov.ph/fct/library/report/3420,2026-09-16
FC000068,D141,carbs_g_100g,10.5,https://i.fnri.dost.gov.ph/fct/library/report/3420,2026-09-16
FC000068,D141,fat_g_100g,0.3,https://i.fnri.dost.gov.ph/fct/library/report/3420,2026-09-16
FC000068,D141,fiber_g_100g,2.0,https://i.fnri.dost.gov.ph/fct/library/report/3420,2026-09-16
FC000068,D141,sugar_g_100g,5.1,https://i.fnri.dost.gov.ph/fct/library/report/3420,2026-09-16
FC000068,D141,sodium_mg_100g,11,https://i.fnri.dost.gov.ph/fct/library/report/3420,2026-09-16
FC000068,D141,cholesterol_mg_100g,0,https://i.fnri.dost.gov.ph/fct/library/report/3420,2026-09-16
FC000069,D143,kcal_100g,68,https://i.fnri.dost.gov.ph/fct/library/report/3422,2026-09-16
FC000069,D143,protein_g_100g,1.7,https://i.fnri.dost.gov.ph/fct/library/report/3422,2026-09-16
FC000069,D143,carbs_g_100g,14.1,https://i.fnri.dost.gov.ph/fct/library/report/3422,2026-09-16
FC000069,D143,fat_g_100g,0.5,https://i.fnri.dost.gov.ph/fct/library/report/3422,2026-09-16
FC000069,D143,fiber_g_100g,2.7,https://i.fnri.dost.gov.ph/fct/library/report/3422,2026-09-16
FC000069,D143,sugar_g_100g,6.6,https://i.fnri.dost.gov.ph/fct/library/report/3422,2026-09-16
FC000069,D143,sodium_mg_100g,12,https://i.fnri.dost.gov.ph/fct/library/report/3422,2026-09-16
FC000069,D143,cholesterol_mg_100g,0,https://i.fnri.dost.gov.ph/fct/library/report/3422,2026-09-16
FC000070,D084,kcal_100g,129,https://i.fnri.dost.gov.ph/fct/library/report/3363,2026-09-16
FC000070,D084,protein_g_100g,7.0,https://i.fnri.dost.gov.ph/fct/library/report/3363,2026-09-16
FC000070,D084,carbs_g_100g,24.6,https://i.fnri.dost.gov.ph/fct/library/report/3363,2026-09-16
FC000070,D084,fat_g_100g,0.3,https://i.fnri.dost.gov.ph/fct/library/report/3363,2026-09-16
FC000070,D084,fiber_g_100g,1.7,https://i.fnri.dost.gov.ph/fct/library/report/3363,2026-09-16
FC000070,D084,sugar_g_100g,0.8,https://i.fnri.dost.gov.ph/fct/library/report/3363,2026-09-16
FC000070,D084,sodium_mg_100g,10,https://i.fnri.dost.gov.ph/fct/library/report/3363,2026-09-16
FC000070,D084,cholesterol_mg_100g,0,https://i.fnri.dost.gov.ph/fct/library/report/3363,2026-09-16
FC000074,D094,kcal_100g,108,https://i.fnri.dost.gov.ph/fct/library/report/3373,2026-09-16
FC000074,D094,protein_g_100g,9.7,https://i.fnri.dost.gov.ph/fct/library/report/3373,2026-09-16
FC000074,D094,carbs_g_100g,12.7,https://i.fnri.dost.gov.ph/fct/library/report/3373,2026-09-16
FC000074,D094,fat_g_100g,2.0,https://i.fnri.dost.gov.ph/fct/library/report/3373,2026-09-16
FC000074,D094,fiber_g_100g,6.7,https://i.fnri.dost.gov.ph/fct/library/report/3373,2026-09-16
FC000074,D094,sugar_g_100g,4.0,https://i.fnri.dost.gov.ph/fct/library/report/3373,2026-09-16
FC000074,D094,sodium_mg_100g,17,https://i.fnri.dost.gov.ph/fct/library/report/3373,2026-09-16
FC000074,D094,cholesterol_mg_100g,0,https://i.fnri.dost.gov.ph/fct/library/report/3373,2026-09-16
FC000075,D050,kcal_100g,23,https://i.fnri.dost.gov.ph/fct/library/report/3329,2026-09-16
FC000075,D050,protein_g_100g,0.5,https://i.fnri.dost.gov.ph/fct/library/report/3329,2026-09-16
FC000075,D050,carbs_g_100g,5.1,https://i.fnri.dost.gov.ph/fct/library/report/3329,2026-09-16
FC000075,D050,fat_g_100g,0.1,https://i.fnri.dost.gov.ph/fct/library/report/3329,2026-09-16
FC000075,D050,fiber_g_100g,0.6,https://i.fnri.dost.gov.ph/fct/library/report/3329,2026-09-16
FC000075,D050,sugar_g_100g,2.5,https://i.fnri.dost.gov.ph/fct/library/report/3329,2026-09-16
FC000075,D050,sodium_mg_100g,8,https://i.fnri.dost.gov.ph/fct/library/report/3329,2026-09-16
FC000075,D050,cholesterol_mg_100g,0,https://i.fnri.dost.gov.ph/fct/library/report/3329,2026-09-16
FC000076,E011,kcal_100g,126,https://i.fnri.dost.gov.ph/fct/library/report/3593,2026-09-16
FC000076,E011,protein_g_100g,1.4,https://i.fnri.dost.gov.ph/fct/library/report/3593,2026-09-16
FC000076,E011,carbs_g_100g,29.6,https://i.fnri.dost.gov.ph/fct/library/report/3593,2026-09-16
FC000076,E011,fat_g_100g,0.2,https://i.fnri.dost.gov.ph/fct/library/report/3593,2026-09-16
FC000076,E011,fiber_g_100g,3.3,https://i.fnri.dost.gov.ph/fct/library/report/3593,2026-09-16
FC000076,E011,sugar_g_100g,15.6,https://i.fnri.dost.gov.ph/fct/library/report/3593,2026-09-16
FC000076,E011,sodium_mg_100g,2,https://i.fnri.dost.gov.ph/fct/library/report/3593,2026-09-16
FC000076,E011,cholesterol_mg_100g,0,https://i.fnri.dost.gov.ph/fct/library/report/3593,2026-09-16
FC000077,E012,kcal_100g,105,https://i.fnri.dost.gov.ph/fct/library/report/3594,2026-09-16
FC000077,E012,protein_g_100g,1.2,https://i.fnri.dost.gov.ph/fct/library/report/3594,2026-09-16
FC000077,E012,carbs_g_100g,24.4,https://i.fnri.dost.gov.ph/fct/library/report/3594,2026-09-16
FC000077,E012,fat_g_100g,0.3,https://i.fnri.dost.gov.ph/fct/library/report/3594,2026-09-16
FC000077,E012,fiber_g_100g,2.8,https://i.fnri.dost.gov.ph/fct/library/report/3594,2026-09-16
FC000077,E012,sugar_g_100g,13.0,https://i.fnri.dost.gov.ph/fct/library/report/3594,2026-09-16
FC000077,E012,sodium_mg_100g,3,https://i.fnri.dost.gov.ph/fct/library/report/3594,2026-09-16
FC000077,E012,cholesterol_mg_100g,0,https://i.fnri.dost.gov.ph/fct/library/report/3594,2026-09-16
FC000078,E014,kcal_100g,110,https://i.fnri.dost.gov.ph/fct/library/report/3596,2026-09-16
FC000078,E014,protein_g_100g,1.1,https://i.fnri.dost.gov.ph/fct/library/report/3596,2026-09-16
FC000078,E014,carbs_g_100g,25.5,https://i.fnri.dost.gov.ph/fct/library/report/3596,2026-09-16
FC000078,E014,fat_g_100g,0.4,https://i.fnri.dost.gov.ph/fct/library/report/3596,2026-09-16
FC000078,E014,fiber_g_100g,2.9,https://i.fnri.dost.gov.ph/fct/library/report/3596,2026-09-16
FC000078,E014,sugar_g_100g,13.6,https://i.fnri.dost.gov.ph/fct/library/report/3596,2026-09-16
FC000078,E014,sodium_mg_100g,2,https://i.fnri.dost.gov.ph/fct/library/report/3596,2026-09-16
FC000078,E014,cholesterol_mg_100g,0,https://i.fnri.dost.gov.ph/fct/library/report/3596,2026-09-16
FC000079,E015,kcal_100g,159,https://i.fnri.dost.gov.ph/fct/library/report/3597,2026-09-16
FC000079,E015,protein_g_100g,1.2,https://i.fnri.dost.gov.ph/fct/library/report/3597,2026-09-16
FC000079,E015,carbs_g_100g,38.6,https://i.fnri.dost.gov.ph/fct/library/report/3597,2026-09-16
FC000079,E015,fat_g_100g,0.0,https://i.fnri.dost.gov.ph/fct/library/report/3597,2026-09-16
FC000079,E015,fiber_g_100g,4.2,https://i.fnri.dost.gov.ph/fct/library/report/3597,2026-09-16
FC000079,E015,sugar_g_100g,19.9,https://i.fnri.dost.gov.ph/fct/library/report/3597,2026-09-16
FC000079,E015,sodium_mg_100g,2,https://i.fnri.dost.gov.ph/fct/library/report/3597,2026-09-16
FC000079,E015,cholesterol_mg_100g,0,https://i.fnri.dost.gov.ph/fct/library/report/3597,2026-09-16
FC000081,E069,kcal_100g,53,https://i.fnri.dost.gov.ph/fct/library/report/3651,2026-09-16
FC000081,E069,protein_g_100g,0.5,https://i.fnri.dost.gov.ph/fct/library/report/3651,2026-09-16
FC000081,E069,carbs_g_100g,12.1,https://i.fnri.dost.gov.ph/fct/library/report/3651,2026-09-16
FC000081,E069,fat_g_100g,0.3,https://i.fnri.dost.gov.ph/fct/library/report/3651,2026-09-16
FC000081,E069,fiber_g_100g,1.9,https://i.fnri.dost.gov.ph/fct/library/report/3651,2026-09-16
FC000081,E069,sugar_g_100g,8.8,https://i.fnri.dost.gov.ph/fct/library/report/3651,2026-09-16
FC000081,E069,sodium_mg_100g,3,https://i.fnri.dost.gov.ph/fct/library/report/3651,2026-09-16
FC000081,E069,cholesterol_mg_100g,0,https://i.fnri.dost.gov.ph/fct/library/report/3651,2026-09-16
FC000082,E073,kcal_100g,55,https://i.fnri.dost.gov.ph/fct/library/report/3655,2026-09-16
FC000082,E073,protein_g_100g,0.4,https://i.fnri.dost.gov.ph/fct/library/report/3655,2026-09-16
FC000082,E073,carbs_g_100g,13.0,https://i.fnri.dost.gov.ph/fct/library/report/3655,2026-09-16
FC000082,E073,fat_g_100g,0.2,https://i.fnri.dost.gov.ph/fct/library/report/3655,2026-09-16
FC000082,E073,fiber_g_100g,1.4,https://i.fnri.dost.gov.ph/fct/library/report/3655,2026-09-16
FC000082,E073,sugar_g_100g,9.9,https://i.fnri.dost.gov.ph/fct/library/report/3655,2026-09-16
FC000082,E073,sodium_mg_100g,2,https://i.fnri.dost.gov.ph/fct/library/report/3655,2026-09-16
FC000082,E073,cholesterol_mg_100g,0,https://i.fnri.dost.gov.ph/fct/library/report/3655,2026-09-16
FC000083,E064,kcal_100g,31,https://i.fnri.dost.gov.ph/fct/library/report/3646,2026-09-16
FC000083,E064,protein_g_100g,0.1,https://i.fnri.dost.gov.ph/fct/library/report/3646,2026-09-16
FC000083,E064,carbs_g_100g,7.2,https://i.fnri.dost.gov.ph/fct/library/report/3646,2026-09-16
FC000083,E064,fat_g_100g,0.2,https://i.fnri.dost.gov.ph/fct/library/report/3646,2026-09-16
FC000083,E064,fiber_g_100g,0.4,https://i.fnri.dost.gov.ph/fct/library/report/3646,2026-09-16
FC000083,E064,sugar_g_100g,5.6,https://i.fnri.dost.gov.ph/fct/library/report/3646,2026-09-16
FC000083,E064,sodium_mg_100g,1,https://i.fnri.dost.gov.ph/fct/library/report/3646,2026-09-16
FC000083,E064,cholesterol_mg_100g,0,https://i.fnri.dost.gov.ph/fct/library/report/3646,2026-09-16
FC000085,E023,kcal_100g,44,https://i.fnri.dost.gov.ph/fct/library/report/3605,2026-09-16
FC000085,E023,protein_g_100g,0.4,https://i.fnri.dost.gov.ph/fct/library/report/3605,2026-09-16
FC000085,E023,carbs_g_100g,8.3,https://i.fnri.dost.gov.ph/fct/library/report/3605,2026-09-16
FC000085,E023,fat_g_100g,1.0,https://i.fnri.dost.gov.ph/fct/library/report/3605,2026-09-16
FC000085,E023,fiber_g_100g,2.4,https://i.fnri.dost.gov.ph/fct/library/report/3605,2026-09-16
FC000085,E023,sugar_g_100g,1.5,https://i.fnri.dost.gov.ph/fct/library/report/3605,2026-09-16
FC000085,E023,sodium_mg_100g,3,https://i.fnri.dost.gov.ph/fct/library/report/3605,2026-09-16
FC000085,E023,cholesterol_mg_100g,0,https://i.fnri.dost.gov.ph/fct/library/report/3605,2026-09-16
FC000086,E075,kcal_100g,51,https://i.fnri.dost.gov.ph/fct/library/report/3657,2026-09-16
FC000086,E075,protein_g_100g,0.7,https://i.fnri.dost.gov.ph/fct/library/report/3657,2026-09-16
FC000086,E075,carbs_g_100g,10.6,https://i.fnri.dost.gov.ph/fct/library/report/3657,2026-09-16
FC000086,E075,fat_g_100g,0.6,https://i.fnri.dost.gov.ph/fct/library/report/3657,2026-09-16
FC000086,E075,fiber_g_100g,1.1,https://i.fnri.dost.gov.ph/fct/library/report/3657,2026-09-16
FC000086,E075,sugar_g_100g,8.5,https://i.fnri.dost.gov.ph/fct/library/report/3657,2026-09-16
FC000086,E075,sodium_mg_100g,2,https://i.fnri.dost.gov.ph/fct/library/report/3657,2026-09-16
FC000086,E075,cholesterol_mg_100g,0,https://i.fnri.dost.gov.ph/fct/library/report/3657,2026-09-16
FC000088,B012,kcal_100g,126,https://i.fnri.dost.gov.ph/fct/library/report/3179,2026-09-16
FC000088,B012,protein_g_100g,0.4,https://i.fnri.dost.gov.ph/fct/library/report/3179,2026-09-16
FC000088,B012,carbs_g_100g,29.3,https://i.fnri.dost.gov.ph/fct/library/report/3179,2026-09-16
FC000088,B012,fat_g_100g,0.8,https://i.fnri.dost.gov.ph/fct/library/report/3179,2026-09-16
FC000088,B012,fiber_g_100g,3.9,https://i.fnri.dost.gov.ph/fct/library/report/3179,2026-09-16
FC000088,B012,sugar_g_100g,9.0,https://i.fnri.dost.gov.ph/fct/library/report/3179,2026-09-16
FC000088,B012,sodium_mg_100g,42,https://i.fnri.dost.gov.ph/fct/library/report/3179,2026-09-16
FC000088,B012,cholesterol_mg_100g,0,https://i.fnri.dost.gov.ph/fct/library/report/3179,2026-09-16
FC000089,B014,kcal_100g,128,https://i.fnri.dost.gov.ph/fct/library/report/3181,2026-09-16
FC000089,B014,protein_g_100g,0.5,https://i.fnri.dost.gov.ph/fct/library/report/3181,2026-09-16
FC000089,B014,carbs_g_100g,30.7,https://i.fnri.dost.gov.ph/fct/library/report/3181,2026-09-16
FC000089,B014,fat_g_100g,0.3,https://i.fnri.dost.gov.ph/fct/library/report/3181,2026-09-16
FC000089,B014,fiber_g_100g,4.0,https://i.fnri.dost.gov.ph/fct/library/report/3181,2026-09-16
FC000089,B014,sugar_g_100g,9.2,https://i.fnri.dost.gov.ph/fct/library/report/3181,2026-09-16
FC000089,B014,sodium_mg_100g,43,https://i.fnri.dost.gov.ph/fct/library/report/3181,2026-09-16
FC000089,B014,cholesterol_mg_100g,0,https://i.fnri.dost.gov.ph/fct/library/report/3181,2026-09-16
FC000090,B001,kcal_100g,145,https://i.fnri.dost.gov.ph/fct/library/report/3168,2026-09-16
FC000090,B001,protein_g_100g,0.6,https://i.fnri.dost.gov.ph/fct/library/report/3168,2026-09-16
FC000090,B001,carbs_g_100g,35.3,https://i.fnri.dost.gov.ph/fct/library/report/3168,2026-09-16
FC000090,B001,fat_g_100g,0.2,https://i.fnri.dost.gov.ph/fct/library/report/3168,2026-09-16
FC000090,B001,fiber_g_100g,1.7,https://i.fnri.dost.gov.ph/fct/library/report/3168,2026-09-16
FC000090,B001,sugar_g_100g,1.6,https://i.fnri.dost.gov.ph/fct/library/report/3168,2026-09-16
FC000090,B001,sodium_mg_100g,2,https://i.fnri.dost.gov.ph/fct/library/report/3168,2026-09-16
FC000090,B001,cholesterol_mg_100g,0,https://i.fnri.dost.gov.ph/fct/library/report/3168,2026-09-16
FC000091,B015,kcal_100g,141,https://i.fnri.dost.gov.ph/fct/library/report/3182,2026-09-16
FC000091,B015,protein_g_100g,2.3,https://i.fnri.dost.gov.ph/fct/library/report/3182,2026-09-16
FC000091,B015,carbs_g_100g,32.6,https://i.fnri.dost.gov.ph/fct/library/report/3182,2026-09-16
FC000091,B015,fat_g_100g,0.2,https://i.fnri.dost.gov.ph/fct/library/report/3182,2026-09-16
FC000091,B015,fiber_g_100g,5.0,https://i.fnri.dost.gov.ph/fct/library/report/3182,2026-09-16
FC000091,B015,sugar_g_100g,0.5,https://i.fnri.dost.gov.ph/fct/library/report/3182,2026-09-16
FC000091,B015,sodium_mg_100g,13,https://i.fnri.dost.gov.ph/fct/library/report/3182,2026-09-16
FC000091,B015,cholesterol_mg_100g,0,https://i.fnri.dost.gov.ph/fct/library/report/3182,2026-09-16
FC000092,B020,kcal_100g,97,https://i.fnri.dost.gov.ph/fct/library/report/3187,2026-09-16
FC000092,B020,protein_g_100g,1.7,https://i.fnri.dost.gov.ph/fct/library/report/3187,2026-09-16
FC000092,B020,carbs_g_100g,22.2,https://i.fnri.dost.gov.ph/fct/library/report/3187,2026-09-16
FC000092,B020,fat_g_100g,0.2,https://i.fnri.dost.gov.ph/fct/library/report/3187,2026-09-16
FC000092,B020,fiber_g_100g,3.4,https://i.fnri.dost.gov.ph/fct/library/report/3187,2026-09-16
FC000092,B020,sugar_g_100g,0.4,https://i.fnri.dost.gov.ph/fct/library/report/3187,2026-09-16
FC000092,B020,sodium_mg_100g,7,https://i.fnri.dost.gov.ph/fct/library/report/3187,2026-09-16
FC000092,B020,cholesterol_mg_100g,0,https://i.fnri.dost.gov.ph/fct/library/report/3187,2026-09-16
FC000093,J014,kcal_100g,65,https://i.fnri.dost.gov.ph/fct/library/report/4248,2026-09-16
FC000093,J014,protein_g_100g,3.3,https://i.fnri.dost.gov.ph/fct/library/report/4248,2026-09-16
FC000093,J014,carbs_g_100g,4.8,https://i.fnri.dost.gov.ph/fct/library/report/4248,2026-09-16
FC000093,J014,fat_g_100g,3.6,https://i.fnri.dost.gov.ph/fct/library/report/4248,2026-09-16
FC000093,J014,fiber_g_100g,0.0,https://i.fnri.dost.gov.ph/fct/library/report/4248,2026-09-16
FC000093,J014,sugar_g_100g,4.5,https://i.fnri.dost.gov.ph/fct/library/report/4248,2026-09-16
FC000093,J014,sodium_mg_100g,52,https://i.fnri.dost.gov.ph/fct/library/report/4248,2026-09-16
FC000093,J014,cholesterol_mg_100g,34,https://i.fnri.dost.gov.ph/fct/library/report/4248,2026-09-16
FC000094,J015,kcal_100g,148,https://i.fnri.dost.gov.ph/fct/library/report/4249,2026-09-16
FC000094,J015,protein_g_100g,7.7,https://i.fnri.dost.gov.ph/fct/library/report/4249,2026-09-16
FC000094,J015,carbs_g_100g,11.7,https://i.fnri.dost.gov.ph/fct/library/report/4249,2026-09-16
FC000094,J015,fat_g_100g,7.8,https://i.fnri.dost.gov.ph/fct/library/report/4249,2026-09-16
FC000094,J015,fiber_g_100g,0.0,https://i.fnri.dost.gov.ph/fct/library/report/4249,2026-09-16
FC000094,J015,sugar_g_100g,11.1,https://i.fnri.dost.gov.ph/fct/library/report/4249,2026-09-16
FC000094,J015,sodium_mg_100g,117,https://i.fnri.dost.gov.ph/fct/library/report/4249,2026-09-16
FC000094,J015,cholesterol_mg_100g,30,https://i.fnri.dost.gov.ph/fct/library/report/4249,2026-09-16
FC000096,K001,kcal_100g,772,https://i.fnri.dost.gov.ph/fct/library/report/4261,2026-09-16
FC000096,K001,protein_g_100g,0.5,https://i.fnri.dost.gov.ph/fct/library/report/4261,2026-09-16
FC000096,K001,carbs_g_100g,0.0,https://i.fnri.dost.gov.ph/fct/library/report/4261,2026-09-16
FC000096,K001,fat_g_100g,85.5,https://i.fnri.dost.gov.ph/fct/library/report/4261,2026-09-16
FC000096,K001,fiber_g_100g,0.0,https://i.fnri.dost.gov.ph/fct/library/report/4261,2026-09-16
FC000096,K001,sugar_g_100g,0.0,https://i.fnri.dost.gov.ph/fct/library/report/4261,2026-09-16
FC000096,K001,sodium_mg_100g,550,https://i.fnri.dost.gov.ph/fct/library/report/4261,2026-09-16
FC000096,K001,cholesterol_mg_100g,227,https://i.fnri.dost.gov.ph/fct/library/report/4261,2026-09-16
FC000097,K002,kcal_100g,343,https://i.fnri.dost.gov.ph/fct/library/report/4262,2026-09-16
FC000097,K002,protein_g_100g,5.5,https://i.fnri.dost.gov.ph/fct/library/report/4262,2026-09-16
FC000097,K002,carbs_g_100g,1.9,https://i.fnri.dost.gov.ph/fct/library/report/4262,2026-09-16
FC000097,K002,fat_g_100g,34.8,https://i.fnri.dost.gov.ph/fct/library/report/4262,2026-09-16
FC000097,K002,fiber_g_100g,2.1,https://i.fnri.dost.gov.ph/fct/library/report/4262,2026-09-16
FC000097,K002,sugar_g_100g,-,https://i.fnri.dost.gov.ph/fct/library/report/4262,2026-09-16
FC000097,K002,sodium_mg_100g,18,https://i.fnri.dost.gov.ph/fct/library/report/4262,2026-09-16
FC000097,K002,cholesterol_mg_100g,0,https://i.fnri.dost.gov.ph/fct/library/report/4262,2026-09-16
FC000098,K008,kcal_100g,892,https://i.fnri.dost.gov.ph/fct/library/report/4268,2026-09-16
FC000098,K008,protein_g_100g,0.0,https://i.fnri.dost.gov.ph/fct/library/report/4268,2026-09-16
FC000098,K008,carbs_g_100g,0.0,https://i.fnri.dost.gov.ph/fct/library/report/4268,2026-09-16
FC000098,K008,fat_g_100g,99.1,https://i.fnri.dost.gov.ph/fct/library/report/4268,2026-09-16
FC000098,K008,fiber_g_100g,0.0,https://i.fnri.dost.gov.ph/fct/library/report/4268,2026-09-16
FC000098,K008,sugar_g_100g,0.0,https://i.fnri.dost.gov.ph/fct/library/report/4268,2026-09-16
FC000098,K008,sodium_mg_100g,0,https://i.fnri.dost.gov.ph/fct/library/report/4268,2026-09-16
FC000098,K008,cholesterol_mg_100g,0,https://i.fnri.dost.gov.ph/fct/library/report/4268,2026-09-16
FC000099,N023,kcal_100g,75,https://i.fnri.dost.gov.ph/fct/library/report/4346,2026-09-16
FC000099,N023,protein_g_100g,3.5,https://i.fnri.dost.gov.ph/fct/library/report/4346,2026-09-16
FC000099,N023,carbs_g_100g,15.0,https://i.fnri.dost.gov.ph/fct/library/report/4346,2026-09-16
FC000099,N023,fat_g_100g,0.1,https://i.fnri.dost.gov.ph/fct/library/report/4346,2026-09-16
FC000099,N023,fiber_g_100g,1.0,https://i.fnri.dost.gov.ph/fct/library/report/4346,2026-09-16
FC000099,N023,sugar_g_100g,0.5,https://i.fnri.dost.gov.ph/fct/library/report/4346,2026-09-16
FC000099,N023,sodium_mg_100g,2041,https://i.fnri.dost.gov.ph/fct/library/report/4346,2026-09-16
FC000099,N023,cholesterol_mg_100g,0,https://i.fnri.dost.gov.ph/fct/library/report/4346,2026-09-16
FC000100,N011,kcal_100g,49,https://i.fnri.dost.gov.ph/fct/library/report/4334,2026-09-16
FC000100,N011,protein_g_100g,10.6,https://i.fnri.dost.gov.ph/fct/library/report/4334,2026-09-16
FC000100,N011,carbs_g_100g,0.9,https://i.fnri.dost.gov.ph/fct/library/report/4334,2026-09-16
FC000100,N011,fat_g_100g,0.3,https://i.fnri.dost.gov.ph/fct/library/report/4334,2026-09-16
FC000100,N011,fiber_g_100g,0.0,https://i.fnri.dost.gov.ph/fct/library/report/4334,2026-09-16
FC000100,N011,sugar_g_100g,-,https://i.fnri.dost.gov.ph/fct/library/report/4334,2026-09-16
FC000100,N011,sodium_mg_100g,5061,https://i.fnri.dost.gov.ph/fct/library/report/4334,2026-09-16
FC000100,N011,cholesterol_mg_100g,0,https://i.fnri.dost.gov.ph/fct/library/report/4334,2026-09-16
FC000101,F113,kcal_100g,215,https://i.fnri.dost.gov.ph/fct/library/report/3820,2026-09-16
FC000101,F113,protein_g_100g,17.4,https://i.fnri.dost.gov.ph/fct/library/report/3820,2026-09-16
FC000101,F113,carbs_g_100g,0.0,https://i.fnri.dost.gov.ph/fct/library/report/3820,2026-09-16
FC000101,F113,fat_g_100g,16.2,https://i.fnri.dost.gov.ph/fct/library/report/3820,2026-09-16
FC000101,F113,fiber_g_100g,0.0,https://i.fnri.dost.gov.ph/fct/library/report/3820,2026-09-16
FC000101,F113,sugar_g_100g,0.0,https://i.fnri.dost.gov.ph/fct/library/report/3820,2026-09-16
FC000101,F113,sodium_mg_100g,69,https://i.fnri.dost.gov.ph/fct/library/report/3820,2026-09-16
FC000101,F113,cholesterol_mg_100g,81,https://i.fnri.dost.gov.ph/fct/library/report/3820,2026-09-16
FC000102,F157,kcal_100g,278,https://i.fnri.dost.gov.ph/fct/library/report/3864,2026-09-16
FC000102,F157,protein_g_100g,17.3,https://i.fnri.dost.gov.ph/fct/library/report/3864,2026-09-16
FC000102,F157,carbs_g_100g,0.0,https://i.fnri.dost.gov.ph/fct/library/report/3864,2026-09-16
FC000102,F157,fat_g_100g,23.2,https://i.fnri.dost.gov.ph/fct/library/report/3864,2026-09-16
FC000102,F157,fiber_g_100g,0.0,https://i.fnri.dost.gov.ph/fct/library/report/3864,2026-09-16
FC000102,F157,sugar_g_100g,0.0,https://i.fnri.dost.gov.ph/fct/library/report/3864,2026-09-16
FC000102,F157,sodium_mg_100g,56,https://i.fnri.dost.gov.ph/fct/library/report/3864,2026-09-16
FC000102,F157,cholesterol_mg_100g,-,https://i.fnri.dost.gov.ph/fct/library/report/3864,2026-09-16
FC000103,F223,kcal_100g,185,https://i.fnri.dost.gov.ph/fct/library/report/3930,2026-09-16
FC000103,F223,protein_g_100g,10.7,https://i.fnri.dost.gov.ph/fct/library/report/3930,2026-09-16
FC000103,F223,carbs_g_100g,11.3,https://i.fnri.dost.gov.ph/fct/library/report/3930,2026-09-16
FC000103,F223,fat_g_100g,10.8,https://i.fnri.dost.gov.ph/fct/library/report/3930,2026-09-16
FC000103,F223,fiber_g_100g,1.4,https://i.fnri.dost.gov.ph/fct/library/report/3930,2026-09-16
FC000103,F223,sugar_g_100g,3.6,https://i.fnri.dost.gov.ph/fct/library/report/3930,2026-09-16
FC000103,F223,sodium_mg_100g,791,https://i.fnri.dost.gov.ph/fct/library/report/3930,2026-09-16
FC000103,F223,cholesterol_mg_100g,50,https://i.fnri.dost.gov.ph/fct/library/report/3930,2026-09-16
FC000104,F257,kcal_100g,315,https://i.fnri.dost.gov.ph/fct/library/report/3964,2026-09-16
FC000104,F257,protein_g_100g,11.8,https://i.fnri.dost.gov.ph/fct/library/report/3964,2026-09-16
FC000104,F257,carbs_g_100g,15.8,https://i.fnri.dost.gov.ph/fct/library/report/3964,2026-09-16
FC000104,F257,fat_g_100g,22.7,https://i.fnri.dost.gov.ph/fct/library/report/3964,2026-09-16
FC000104,F257,fiber_g_100g,0.9,https://i.fnri.dost.gov.ph/fct/library/report/3964,2026-09-16
FC000104,F257,sugar_g_100g,-,https://i.fnri.dost.gov.ph/fct/library/report/3964,2026-09-16
FC000104,F257,sodium_mg_100g,714,https://i.fnri.dost.gov.ph/fct/library/report/3964,2026-09-16
FC000104,F257,cholesterol_mg_100g,65,https://i.fnri.dost.gov.ph/fct/library/report/3964,2026-09-16
FC000105,F258,kcal_100g,432,https://i.fnri.dost.gov.ph/fct/library/report/3965,2026-09-16
FC000105,F258,protein_g_100g,13.5,https://i.fnri.dost.gov.ph/fct/library/report/3965,2026-09-16
FC000105,F258,carbs_g_100g,7.8,https://i.fnri.dost.gov.ph/fct/library/report/3965,2026-09-16
FC000105,F258,fat_g_100g,38.5,https://i.fnri.dost.gov.ph/fct/library/report/3965,2026-09-16
FC000105,F258,fiber_g_100g,0.0,https://i.fnri.dost.gov.ph/fct/library/report/3965,2026-09-16
FC000105,F258,sugar_g_100g,0.0,https://i.fnri.dost.gov.ph/fct/library/report/3965,2026-09-16
FC000105,F258,sodium_mg_100g,1055,https://i.fnri.dost.gov.ph/fct/library/report/3965,2026-09-16
FC000105,F258,cholesterol_mg_100g,75,https://i.fnri.dost.gov.ph/fct/library/report/3965,2026-09-16
FC000106,G103,kcal_100g,120,https://i.fnri.dost.gov.ph/fct/library/report/4083,2026-09-16
FC000106,G103,protein_g_100g,19.5,https://i.fnri.dost.gov.ph/fct/library/report/4083,2026-09-16
FC000106,G103,carbs_g_100g,0.0,https://i.fnri.dost.gov.ph/fct/library/report/4083,2026-09-16
FC000106,G103,fat_g_100g,4.7,https://i.fnri.dost.gov.ph/fct/library/report/4083,2026-09-16
FC000106,G103,fiber_g_100g,0.0,https://i.fnri.dost.gov.ph/fct/library/report/4083,2026-09-16
FC000106,G103,sugar_g_100g,0.0,https://i.fnri.dost.gov.ph/fct/library/report/4083,2026-09-16
FC000106,G103,sodium_mg_100g,68,https://i.fnri.dost.gov.ph/fct/library/report/4083,2026-09-16
FC000106,G103,cholesterol_mg_100g,55,https://i.fnri.dost.gov.ph/fct/library/report/4083,2026-09-16
FC000107,G202,kcal_100g,438,https://i.fnri.dost.gov.ph/fct/library/report/4182,2026-09-16
FC000107,G202,protein_g_100g,19.8,https://i.fnri.dost.gov.ph/fct/library/report/4182,2026-09-16
FC000107,G202,carbs_g_100g,0.0,https://i.fnri.dost.gov.ph/fct/library/report/4182,2026-09-16
FC000107,G202,fat_g_100g,39.9,https://i.fnri.dost.gov.ph/fct/library/report/4182,2026-09-16
FC000107,G202,fiber_g_100g,0.7,https://i.fnri.dost.gov.ph/fct/library/report/4182,2026-09-16
FC000107,G202,sugar_g_100g,0.0,https://i.fnri.dost.gov.ph/fct/library/report/4182,2026-09-16
FC000107,G202,sodium_mg_100g,432,https://i.fnri.dost.gov.ph/fct/library/report/4182,2026-09-16
FC000107,G202,cholesterol_mg_100g,57,https://i.fnri.dost.gov.ph/fct/library/report/4182,2026-09-16
FC000108,G203,kcal_100g,88,https://i.fnri.dost.gov.ph/fct/library/report/4183,2026-09-16
FC000108,G203,protein_g_100g,9.7,https://i.fnri.dost.gov.ph/fct/library/report/4183,2026-09-16
FC000108,G203,carbs_g_100g,2.7,https://i.fnri.dost.gov.ph/fct/library/report/4183,2026-09-16
FC000108,G203,fat_g_100g,4.3,https://i.fnri.dost.gov.ph/fct/library/report/4183,2026-09-16
FC000108,G203,fiber_g_100g,0.4,https://i.fnri.dost.gov.ph/fct/library/report/4183,2026-09-16
FC000108,G203,sugar_g_100g,0.3,https://i.fnri.dost.gov.ph/fct/library/report/4183,2026-09-16
FC000108,G203,sodium_mg_100g,311,https://i.fnri.dost.gov.ph/fct/library/report/4183,2026-09-16
FC000108,G203,cholesterol_mg_100g,48,https://i.fnri.dost.gov.ph/fct/library/report/4183,2026-09-16
FC000109,G113,kcal_100g,91,https://i.fnri.dost.gov.ph/fct/library/report/4093,2026-09-16
FC000109,G113,protein_g_100g,19.0,https://i.fnri.dost.gov.ph/fct/library/report/4093,2026-09-16
FC000109,G113,carbs_g_100g,2.0,https://i.fnri.dost.gov.ph/fct/library/report/4093,2026-09-16
FC000109,G113,fat_g_100g,0.8,https://i.fnri.dost.gov.ph/fct/library/report/4093,2026-09-16
FC000109,G113,fiber_g_100g,0.0,https://i.fnri.dost.gov.ph/fct/library/report/4093,2026-09-16
FC000109,G113,sugar_g_100g,0.0,https://i.fnri.dost.gov.ph/fct/library/report/4093,2026-09-16
FC000109,G113,sodium_mg_100g,128,https://i.fnri.dost.gov.ph/fct/library/report/4093,2026-09-16
FC000109,G113,cholesterol_mg_100g,100,https://i.fnri.dost.gov.ph/fct/library/report/4093,2026-09-16
FC000110,G117,kcal_100g,93,https://i.fnri.dost.gov.ph/fct/library/report/4097,2026-09-16
FC000110,G117,protein_g_100g,20.0,https://i.fnri.dost.gov.ph/fct/library/report/4097,2026-09-16
FC000110,G117,carbs_g_100g,1.2,https://i.fnri.dost.gov.ph/fct/library/report/4097,2026-09-16
FC000110,G117,fat_g_100g,0.9,https://i.fnri.dost.gov.ph/fct/library/report/4097,2026-09-16
FC000110,G117,fiber_g_100g,0.0,https://i.fnri.dost.gov.ph/fct/library/report/4097,2026-09-16
FC000110,G117,sugar_g_100g,0.0,https://i.fnri.dost.gov.ph/fct/library/report/4097,2026-09-16
FC000110,G117,sodium_mg_100g,129,https://i.fnri.dost.gov.ph/fct/library/report/4097,2026-09-16
FC000110,G117,cholesterol_mg_100g,112,https://i.fnri.dost.gov.ph/fct/library/report/4097,2026-09-16
FC000111,G119,kcal_100g,78,https://i.fnri.dost.gov.ph/fct/library/report/4099,2026-09-16
FC000111,G119,protein_g_100g,17.7,https://i.fnri.dost.gov.ph/fct/library/report/4099,2026-09-16
FC000111,G119,carbs_g_100g,0.4,https://i.fnri.dost.gov.ph/fct/library/report/4099,2026-09-16
FC000111,G119,fat_g_100g,0.6,https://i.fnri.dost.gov.ph/fct/library/report/4099,2026-09-16
FC000111,G119,fiber_g_100g,0.0,https://i.fnri.dost.gov.ph/fct/library/report/4099,2026-09-16
FC000111,G119,sugar_g_100g,0.0,https://i.fnri.dost.gov.ph/fct/library/report/4099,2026-09-16
FC000111,G119,sodium_mg_100g,110,https://i.fnri.dost.gov.ph/fct/library/report/4099,2026-09-16
FC000111,G119,cholesterol_mg_100g,75,https://i.fnri.dost.gov.ph/fct/library/report/4099,2026-09-16
FC000112,G037,kcal_100g,93,https://i.fnri.dost.gov.ph/fct/library/report/4017,2026-09-16
FC000112,G037,protein_g_100g,19.9,https://i.fnri.dost.gov.ph/fct/library/report/4017,2026-09-16
FC000112,G037,carbs_g_100g,2.2,https://i.fnri.dost.gov.ph/fct/library/report/4017,2026-09-16
FC000112,G037,fat_g_100g,0.5,https://i.fnri.dost.gov.ph/fct/library/report/4017,2026-09-16
FC000112,G037,fiber_g_100g,0.0,https://i.fnri.dost.gov.ph/fct/library/report/4017,2026-09-16
FC000112,G037,sugar_g_100g,0.0,https://i.fnri.dost.gov.ph/fct/library/report/4017,2026-09-16
FC000112,G037,sodium_mg_100g,342,https://i.fnri.dost.gov.ph/fct/library/report/4017,2026-09-16
FC000112,G037,cholesterol_mg_100g,-,https://i.fnri.dost.gov.ph/fct/library/report/4017,2026-09-16
FC000113,G040,kcal_100g,103,https://i.fnri.dost.gov.ph/fct/library/report/4020,2026-09-16
FC000113,G040,protein_g_100g,18.5,https://i.fnri.dost.gov.ph/fct/library/report/4020,2026-09-16
FC000113,G040,carbs_g_100g,0.0,https://i.fnri.dost.gov.ph/fct/library/report/4020,2026-09-16
FC000113,G040,fat_g_100g,3.2,https://i.fnri.dost.gov.ph/fct/library/report/4020,2026-09-16
FC000113,G040,fiber_g_100g,0.0,https://i.fnri.dost.gov.ph/fct/library/report/4020,2026-09-16
FC000113,G040,sugar_g_100g,0.0,https://i.fnri.dost.gov.ph/fct/library/report/4020,2026-09-16
FC000113,G040,sodium_mg_100g,247,https://i.fnri.dost.gov.ph/fct/library/report/4020,2026-09-16
FC000113,G040,cholesterol_mg_100g,-,https://i.fnri.dost.gov.ph/fct/library/report/4020,2026-09-16
FC000114,D160,kcal_100g,22,https://i.fnri.dost.gov.ph/fct/library/report/3439,2026-09-16
FC000114,D160,protein_g_100g,2.1,https://i.fnri.dost.gov.ph/fct/library/report/3439,2026-09-16
FC000114,D160,carbs_g_100g,2.6,https://i.fnri.dost.gov.ph/fct/library/report/3439,2026-09-16
FC000114,D160,fat_g_100g,0.4,https://i.fnri.dost.gov.ph/fct/library/report/3439,2026-09-16
FC000114,D160,fiber_g_100g,1.2,https://i.fnri.dost.gov.ph/fct/library/report/3439,2026-09-16
FC000114,D160,sugar_g_100g,0.9,https://i.fnri.dost.gov.ph/fct/library/report/3439,2026-09-16
FC000114,D160,sodium_mg_100g,13,https://i.fnri.dost.gov.ph/fct/library/report/3439,2026-09-16
FC000114,D160,cholesterol_mg_100g,0,https://i.fnri.dost.gov.ph/fct/library/report/3439,2026-09-16
FC000115,D162,kcal_100g,14,https://i.fnri.dost.gov.ph/fct/library/report/3441,2026-09-16
FC000115,D162,protein_g_100g,0.6,https://i.fnri.dost.gov.ph/fct/library/report/3441,2026-09-16
FC000115,D162,carbs_g_100g,2.1,https://i.fnri.dost.gov.ph/fct/library/report/3441,2026-09-16
FC000115,D162,fat_g_100g,0.3,https://i.fnri.dost.gov.ph/fct/library/report/3441,2026-09-16
FC000115,D162,fiber_g_100g,0.8,https://i.fnri.dost.gov.ph/fct/library/report/3441,2026-09-16
FC000115,D162,sugar_g_100g,0.6,https://i.fnri.dost.gov.ph/fct/library/report/3441,2026-09-16
FC000115,D162,sodium_mg_100g,8,https://i.fnri.dost.gov.ph/fct/library/report/3441,2026-09-16
FC000115,D162,cholesterol_mg_100g,0,https://i.fnri.dost.gov.ph/fct/library/report/3441,2026-09-16
FC000116,D232,kcal_100g,38,https://i.fnri.dost.gov.ph/fct/library/report/3511,2026-09-16
FC000116,D232,protein_g_100g,2.7,https://i.fnri.dost.gov.ph/fct/library/report/3511,2026-09-16
FC000116,D232,carbs_g_100g,6.2,https://i.fnri.dost.gov.ph/fct/library/report/3511,2026-09-16
FC000116,D232,fat_g_100g,0.3,https://i.fnri.dost.gov.ph/fct/library/report/3511,2026-09-16
FC000116,D232,fiber_g_100g,3.7,https://i.fnri.dost.gov.ph/fct/library/report/3511,2026-09-16
FC000116,D232,sugar_g_100g,-,https://i.fnri.dost.gov.ph/fct/library/report/3511,2026-09-16
FC000116,D232,sodium_mg_100g,5,https://i.fnri.dost.gov.ph/fct/library/report/3511,2026-09-16
FC000116,D232,cholesterol_mg_100g,0,https://i.fnri.dost.gov.ph/fct/library/report/3511,2026-09-16
FC000117,D234,kcal_100g,44,https://i.fnri.dost.gov.ph/fct/library/report/3513,2026-09-16
FC000117,D234,protein_g_100g,2.8,https://i.fnri.dost.gov.ph/fct/library/report/3513,2026-09-16
FC000117,D234,carbs_g_100g,7.8,https://i.fnri.dost.gov.ph/fct/library/report/3513,2026-09-16
FC000117,D234,fat_g_100g,0.2,https://i.fnri.dost.gov.ph/fct/library/report/3513,2026-09-16
FC000117,D234,fiber_g_100g,4.3,https://i.fnri.dost.gov.ph/fct/library/report/3513,2026-09-16
FC000117,D234,sugar_g_100g,-,https://i.fnri.dost.gov.ph/fct/library/report/3513,2026-09-16
FC000117,D234,sodium_mg_100g,6,https://i.fnri.dost.gov.ph/fct/library/report/3513,2026-09-16
FC000117,D234,cholesterol_mg_100g,0,https://i.fnri.dost.gov.ph/fct/library/report/3513,2026-09-16
FC000118,D236,kcal_100g,47,https://i.fnri.dost.gov.ph/fct/library/report/3515,2026-09-16
FC000118,D236,protein_g_100g,2.2,https://i.fnri.dost.gov.ph/fct/library/report/3515,2026-09-16
FC000118,D236,carbs_g_100g,8.8,https://i.fnri.dost.gov.ph/fct/library/report/3515,2026-09-16
FC000118,D236,fat_g_100g,0.3,https://i.fnri.dost.gov.ph/fct/library/report/3515,2026-09-16
FC000118,D236,fiber_g_100g,4.5,https://i.fnri.dost.gov.ph/fct/library/report/3515,2026-09-16
FC000118,D236,sugar_g_100g,-,https://i.fnri.dost.gov.ph/fct/library/report/3515,2026-09-16
FC000118,D236,sodium_mg_100g,6,https://i.fnri.dost.gov.ph/fct/library/report/3515,2026-09-16
FC000118,D236,cholesterol_mg_100g,0,https://i.fnri.dost.gov.ph/fct/library/report/3515,2026-09-16
FC000119,D242,kcal_100g,39,https://i.fnri.dost.gov.ph/fct/library/report/3521,2026-09-16
FC000119,D242,protein_g_100g,3.3,https://i.fnri.dost.gov.ph/fct/library/report/3521,2026-09-16
FC000119,D242,carbs_g_100g,5.5,https://i.fnri.dost.gov.ph/fct/library/report/3521,2026-09-16
FC000119,D242,fat_g_100g,0.4,https://i.fnri.dost.gov.ph/fct/library/report/3521,2026-09-16
FC000119,D242,fiber_g_100g,3.8,https://i.fnri.dost.gov.ph/fct/library/report/3521,2026-09-16
FC000119,D242,sugar_g_100g,0.6,https://i.fnri.dost.gov.ph/fct/library/report/3521,2026-09-16
FC000119,D242,sodium_mg_100g,114,https://i.fnri.dost.gov.ph/fct/library/report/3521,2026-09-16
FC000119,D242,cholesterol_mg_100g,0,https://i.fnri.dost.gov.ph/fct/library/report/3521,2026-09-16
FC000120,E051,kcal_100g,70,https://i.fnri.dost.gov.ph/fct/library/report/3633,2026-09-16
FC000120,E051,protein_g_100g,0.6,https://i.fnri.dost.gov.ph/fct/library/report/3633,2026-09-16
FC000120,E051,carbs_g_100g,16.4,https://i.fnri.dost.gov.ph/fct/library/report/3633,2026-09-16
FC000120,E051,fat_g_100g,0.2,https://i.fnri.dost.gov.ph/fct/library/report/3633,2026-09-16
FC000120,E051,fiber_g_100g,1.7,https://i.fnri.dost.gov.ph/fct/library/report/3633,2026-09-16
FC000120,E051,sugar_g_100g,13.8,https://i.fnri.dost.gov.ph/fct/library/report/3633,2026-09-16
FC000120,E051,sodium_mg_100g,4,https://i.fnri.dost.gov.ph/fct/library/report/3633,2026-09-16
FC000120,E051,cholesterol_mg_100g,0,https://i.fnri.dost.gov.ph/fct/library/report/3633,2026-09-16
FC000121,E055,kcal_100g,80,https://i.fnri.dost.gov.ph/fct/library/report/3637,2026-09-16
FC000121,E055,protein_g_100g,0.7,https://i.fnri.dost.gov.ph/fct/library/report/3637,2026-09-16
FC000121,E055,carbs_g_100g,18.9,https://i.fnri.dost.gov.ph/fct/library/report/3637,2026-09-16
FC000121,E055,fat_g_100g,0.2,https://i.fnri.dost.gov.ph/fct/library/report/3637,2026-09-16
FC000121,E055,fiber_g_100g,1.9,https://i.fnri.dost.gov.ph/fct/library/report/3637,2026-09-16
FC000121,E055,sugar_g_100g,15.8,https://i.fnri.dost.gov.ph/fct/library/report/3637,2026-09-16
FC000121,E055,sodium_mg_100g,2,https://i.fnri.dost.gov.ph/fct/library/report/3637,2026-09-16
FC000121,E055,cholesterol_mg_100g,0,https://i.fnri.dost.gov.ph/fct/library/report/3637,2026-09-16
FC000122,E057,kcal_100g,91,https://i.fnri.dost.gov.ph/fct/library/report/3639,2026-09-16
FC000122,E057,protein_g_100g,1.2,https://i.fnri.dost.gov.ph/fct/library/report/3639,2026-09-16
FC000122,E057,carbs_g_100g,20.5,https://i.fnri.dost.gov.ph/fct/library/report/3639,2026-09-16
FC000122,E057,fat_g_100g,0.5,https://i.fnri.dost.gov.ph/fct/library/report/3639,2026-09-16
FC000122,E057,fiber_g_100g,2.2,https://i.fnri.dost.gov.ph/fct/library/report/3639,2026-09-16
FC000122,E057,sugar_g_100g,17.7,https://i.fnri.dost.gov.ph/fct/library/report/3639,2026-09-16
FC000122,E057,sodium_mg_100g,5,https://i.fnri.dost.gov.ph/fct/library/report/3639,2026-09-16
FC000122,E057,cholesterol_mg_100g,0,https://i.fnri.dost.gov.ph/fct/library/report/3639,2026-09-16
FC000123,E031,kcal_100g,102,https://i.fnri.dost.gov.ph/fct/library/report/3613,2026-09-16
FC000123,E031,protein_g_100g,0.9,https://i.fnri.dost.gov.ph/fct/library/report/3613,2026-09-16
FC000123,E031,carbs_g_100g,23.8,https://i.fnri.dost.gov.ph/fct/library/report/3613,2026-09-16
FC000123,E031,fat_g_100g,0.4,https://i.fnri.dost.gov.ph/fct/library/report/3613,2026-09-16
FC000123,E031,fiber_g_100g,7.2,https://i.fnri.dost.gov.ph/fct/library/report/3613,2026-09-16
FC000123,E031,sugar_g_100g,11.9,https://i.fnri.dost.gov.ph/fct/library/report/3613,2026-09-16
FC000123,E031,sodium_mg_100g,5,https://i.fnri.dost.gov.ph/fct/library/report/3613,2026-09-16
FC000123,E031,cholesterol_mg_100g,0,https://i.fnri.dost.gov.ph/fct/library/report/3613,2026-09-16
FC000124,E032,kcal_100g,70,https://i.fnri.dost.gov.ph/fct/library/report/3614,2026-09-16
FC000124,E032,protein_g_100g,0.8,https://i.fnri.dost.gov.ph/fct/library/report/3614,2026-09-16
FC000124,E032,carbs_g_100g,16.0,https://i.fnri.dost.gov.ph/fct/library/report/3614,2026-09-16
FC000124,E032,fat_g_100g,0.3,https://i.fnri.dost.gov.ph/fct/library/report/3614,2026-09-16
FC000124,E032,fiber_g_100g,5.0,https://i.fnri.dost.gov.ph/fct/library/report/3614,2026-09-16
FC000124,E032,sugar_g_100g,8.2,https://i.fnri.dost.gov.ph/fct/library/report/3614,2026-09-16
FC000124,E032,sodium_mg_100g,3,https://i.fnri.dost.gov.ph/fct/library/report/3614,2026-09-16
FC000124,E032,cholesterol_mg_100g,0,https://i.fnri.dost.gov.ph/fct/library/report/3614,2026-09-16
FC000125,E004,kcal_100g,101,https://i.fnri.dost.gov.ph/fct/library/report/3586,2026-09-16
FC000125,E004,protein_g_100g,0.9,https://i.fnri.dost.gov.ph/fct/library/report/3586,2026-09-16
FC000125,E004,carbs_g_100g,10.5,https://i.fnri.dost.gov.ph/fct/library/report/3586,2026-09-16
FC000125,E004,fat_g_100g,6.2,https://i.fnri.dost.gov.ph/fct/library/report/3586,2026-09-16
FC000125,E004,fiber_g_100g,4.8,https://i.fnri.dost.gov.ph/fct/library/report/3586,2026-09-16
FC000125,E004,sugar_g_100g,2.1,https://i.fnri.dost.gov.ph/fct/library/report/3586,2026-09-16
FC000125,E004,sodium_mg_100g,1,https://i.fnri.dost.gov.ph/fct/library/report/3586,2026-09-16
FC000125,E004,cholesterol_mg_100g,0,https://i.fnri.dost.gov.ph/fct/library/report/3586,2026-09-16
FC000126,E005,kcal_100g,100,https://i.fnri.dost.gov.ph/fct/library/report/3587,2026-09-16
FC000126,E005,protein_g_100g,0.9,https://i.fnri.dost.gov.ph/fct/library/report/3587,2026-09-16
FC000126,E005,carbs_g_100g,7.0,https://i.fnri.dost.gov.ph/fct/library/report/3587,2026-09-16
FC000126,E005,fat_g_100g,7.6,https://i.fnri.dost.gov.ph/fct/library/report/3587,2026-09-16
FC000126,E005,fiber_g_100g,4.3,https://i.fnri.dost.gov.ph/fct/library/report/3587,2026-09-16
FC000126,E005,sugar_g_100g,1.8,https://i.fnri.dost.gov.ph/fct/library/report/3587,2026-09-16
FC000126,E005,sodium_mg_100g,2,https://i.fnri.dost.gov.ph/fct/library/report/3587,2026-09-16
FC000126,E005,cholesterol_mg_100g,0,https://i.fnri.dost.gov.ph/fct/library/report/3587,2026-09-16
FC000127,J019,kcal_100g,508,https://i.fnri.dost.gov.ph/fct/library/report/4253,2026-09-16
FC000127,J019,protein_g_100g,26.2,https://i.fnri.dost.gov.ph/fct/library/report/4253,2026-09-16
FC000127,J019,carbs_g_100g,37.8,https://i.fnri.dost.gov.ph/fct/library/report/4253,2026-09-16
FC000127,J019,fat_g_100g,28.0,https://i.fnri.dost.gov.ph/fct/library/report/4253,2026-09-16
FC000127,J019,fiber_g_100g,0.0,https://i.fnri.dost.gov.ph/fct/library/report/4253,2026-09-16
FC000127,J019,sugar_g_100g,37.8,https://i.fnri.dost.gov.ph/fct/library/report/4253,2026-09-16
FC000127,J019,sodium_mg_100g,466,https://i.fnri.dost.gov.ph/fct/library/report/4253,2026-09-16
FC000127,J019,cholesterol_mg_100g,16,https://i.fnri.dost.gov.ph/fct/library/report/4253,2026-09-16
FC000128,J020,kcal_100g,480,https://i.fnri.dost.gov.ph/fct/library/report/4254,2026-09-16
FC000128,J020,protein_g_100g,24.1,https://i.fnri.dost.gov.ph/fct/library/report/4254,2026-09-16
FC000128,J020,carbs_g_100g,45.2,https://i.fnri.dost.gov.ph/fct/library/report/4254,2026-09-16
FC000128,J020,fat_g_100g,22.5,https://i.fnri.dost.gov.ph/fct/library/report/4254,2026-09-16
FC000128,J020,fiber_g_100g,0.0,https://i.fnri.dost.gov.ph/fct/library/report/4254,2026-09-16
FC000128,J020,sugar_g_100g,38.3,https://i.fnri.dost.gov.ph/fct/library/report/4254,2026-09-16
FC000128,J020,sodium_mg_100g,320,https://i.fnri.dost.gov.ph/fct/library/report/4254,2026-09-16
FC000128,J020,cholesterol_mg_100g,82,https://i.fnri.dost.gov.ph/fct/library/report/4254,2026-09-16
FC000129,J022,kcal_100g,361,https://i.fnri.dost.gov.ph/fct/library/report/4256,2026-09-16
FC000129,J022,protein_g_100g,34.9,https://i.fnri.dost.gov.ph/fct/library/report/4256,2026-09-16
FC000129,J022,carbs_g_100g,53.1,https://i.fnri.dost.gov.ph/fct/library/report/4256,2026-09-16
FC000129,J022,fat_g_100g,1.0,https://i.fnri.dost.gov.ph/fct/library/report/4256,2026-09-16
FC000129,J022,fiber_g_100g,0.0,https://i.fnri.dost.gov.ph/fct/library/report/4256,2026-09-16
FC000129,J022,sugar_g_100g,52.4,https://i.fnri.dost.gov.ph/fct/library/report/4256,2026-09-16
FC000129,J022,sodium_mg_100g,551,https://i.fnri.dost.gov.ph/fct/library/report/4256,2026-09-16
FC000129,J022,cholesterol_mg_100g,25,https://i.fnri.dost.gov.ph/fct/library/report/4256,2026-09-16
FC000130,J023,kcal_100g,362,https://i.fnri.dost.gov.ph/fct/library/report/4257,2026-09-16
FC000130,J023,protein_g_100g,40.8,https://i.fnri.dost.gov.ph/fct/library/report/4257,2026-09-16
FC000130,J023,carbs_g_100g,48.0,https://i.fnri.dost.gov.ph/fct/library/report/4257,2026-09-16
FC000130,J023,fat_g_100g,0.8,https://i.fnri.dost.gov.ph/fct/library/report/4257,2026-09-16
FC000130,J023,fiber_g_100g,0.0,https://i.fnri.dost.gov.ph/fct/library/report/4257,2026-09-16
FC000130,J023,sugar_g_100g,47.8,https://i.fnri.dost.gov.ph/fct/library/report/4257,2026-09-16
FC000130,J023,sodium_mg_100g,496,https://i.fnri.dost.gov.ph/fct/library/report/4257,2026-09-16
FC000130,J023,cholesterol_mg_100g,21,https://i.fnri.dost.gov.ph/fct/library/report/4257,2026-09-16
FC000131,A140,kcal_100g,487,https://i.fnri.dost.gov.ph/fct/library/report/3102,2026-09-16
FC000131,A140,protein_g_100g,12.8,https://i.fnri.dost.gov.ph/fct/library/report/3102,2026-09-16
FC000131,A140,carbs_g_100g,56.8,https://i.fnri.dost.gov.ph/fct/library/report/3102,2026-09-16
FC000131,A140,fat_g_100g,23.2,https://i.fnri.dost.gov.ph/fct/library/report/3102,2026-09-16
FC000131,A140,fiber_g_100g,3.6,https://i.fnri.dost.gov.ph/fct/library/report/3102,2026-09-16
FC000131,A140,sugar_g_100g,5.5,https://i.fnri.dost.gov.ph/fct/library/report/3102,2026-09-16
FC000131,A140,sodium_mg_100g,676,https://i.fnri.dost.gov.ph/fct/library/report/3102,2026-09-16
FC000131,A140,cholesterol_mg_100g,0,https://i.fnri.dost.gov.ph/fct/library/report/3102,2026-09-16
FC000148,A135,kcal_100g,78,https://i.fnri.dost.gov.ph/fct/library/report/3097,2026-09-16
FC000148,A135,protein_g_100g,0.0,https://i.fnri.dost.gov.ph/fct/library/report/3097,2026-09-16
FC000148,A135,carbs_g_100g,19.3,https://i.fnri.dost.gov.ph/fct/library/report/3097,2026-09-16
FC000148,A135,fat_g_100g,0.1,https://i.fnri.dost.gov.ph/fct/library/report/3097,2026-09-16
FC000148,A135,fiber_g_100g,0.1,https://i.fnri.dost.gov.ph/fct/library/report/3097,2026-09-16
FC000148,A135,sugar_g_100g,0.0,https://i.fnri.dost.gov.ph/fct/library/report/3097,2026-09-16
FC000148,A135,sodium_mg_100g,2,https://i.fnri.dost.gov.ph/fct/library/report/3097,2026-09-16
FC000148,A135,cholesterol_mg_100g,0,https://i.fnri.dost.gov.ph/fct/library/report/3097,2026-09-16
FC000149,A145,kcal_100g,100,https://i.fnri.dost.gov.ph/fct/library/report/3107,2026-09-16
FC000149,A145,protein_g_100g,0.9,https://i.fnri.dost.gov.ph/fct/library/report/3107,2026-09-16
FC000149,A145,carbs_g_100g,23.8,https://i.fnri.dost.gov.ph/fct/library/report/3107,2026-09-16
FC000149,A145,fat_g_100g,0.1,https://i.fnri.dost.gov.ph/fct/library/report/3107,2026-09-16
FC000149,A145,fiber_g_100g,1.2,https://i.fnri.dost.gov.ph/fct/library/report/3107,2026-09-16
FC000149,A145,sugar_g_100g,1.4,https://i.fnri.dost.gov.ph/fct/library/report/3107,2026-09-16
FC000149,A145,sodium_mg_100g,395,https://i.fnri.dost.gov.ph/fct/library/report/3107,2026-09-16
FC000149,A145,cholesterol_mg_100g,0,https://i.fnri.dost.gov.ph/fct/library/report/3107,2026-09-16
FC000150,A147,kcal_100g,110,https://i.fnri.dost.gov.ph/fct/library/report/3109,2026-09-16
FC000150,A147,protein_g_100g,1.7,https://i.fnri.dost.gov.ph/fct/library/report/3109,2026-09-16
FC000150,A147,carbs_g_100g,19.2,https://i.fnri.dost.gov.ph/fct/library/report/3109,2026-09-16
FC000150,A147,fat_g_100g,2.9,https://i.fnri.dost.gov.ph/fct/library/report/3109,2026-09-16
FC000150,A147,fiber_g_100g,0.9,https://i.fnri.dost.gov.ph/fct/library/report/3109,2026-09-16
FC000150,A147,sugar_g_100g,0.3,https://i.fnri.dost.gov.ph/fct/library/report/3109,2026-09-16
FC000150,A147,sodium_mg_100g,4,https://i.fnri.dost.gov.ph/fct/library/report/3109,2026-09-16
FC000150,A147,cholesterol_mg_100g,41,https://i.fnri.dost.gov.ph/fct/library/report/3109,2026-09-16
FC000151,A150,kcal_100g,60,https://i.fnri.dost.gov.ph/fct/library/report/3112,2026-09-16
FC000151,A150,protein_g_100g,1.6,https://i.fnri.dost.gov.ph/fct/library/report/3112,2026-09-16
FC000151,A150,carbs_g_100g,11.0,https://i.fnri.dost.gov.ph/fct/library/report/3112,2026-09-16
FC000151,A150,fat_g_100g,1.1,https://i.fnri.dost.gov.ph/fct/library/report/3112,2026-09-16
FC000151,A150,fiber_g_100g,1.4,https://i.fnri.dost.gov.ph/fct/library/report/3112,2026-09-16
FC000151,A150,sugar_g_100g,0.2,https://i.fnri.dost.gov.ph/fct/library/report/3112,2026-09-16
FC000151,A150,sodium_mg_100g,3,https://i.fnri.dost.gov.ph/fct/library/report/3112,2026-09-16
FC000151,A150,cholesterol_mg_100g,0,https://i.fnri.dost.gov.ph/fct/library/report/3112,2026-09-16
FC000152,A154,kcal_100g,156,https://i.fnri.dost.gov.ph/fct/library/report/3116,2026-09-16
FC000152,A154,protein_g_100g,5.5,https://i.fnri.dost.gov.ph/fct/library/report/3116,2026-09-16
FC000152,A154,carbs_g_100g,33.3,https://i.fnri.dost.gov.ph/fct/library/report/3116,2026-09-16
FC000152,A154,fat_g_100g,0.1,https://i.fnri.dost.gov.ph/fct/library/report/3116,2026-09-16
FC000152,A154,fiber_g_100g,1.9,https://i.fnri.dost.gov.ph/fct/library/report/3116,2026-09-16
FC000152,A154,sugar_g_100g,0.6,https://i.fnri.dost.gov.ph/fct/library/report/3116,2026-09-16
FC000152,A154,sodium_mg_100g,1,https://i.fnri.dost.gov.ph/fct/library/report/3116,2026-09-16
FC000152,A154,cholesterol_mg_100g,0,https://i.fnri.dost.gov.ph/fct/library/report/3116,2026-09-16
FC000153,A127,kcal_100g,414,https://i.fnri.dost.gov.ph/fct/library/report/3089,2026-09-16
FC000153,A127,protein_g_100g,5.0,https://i.fnri.dost.gov.ph/fct/library/report/3089,2026-09-16
FC000153,A127,carbs_g_100g,69.1,https://i.fnri.dost.gov.ph/fct/library/report/3089,2026-09-16
FC000153,A127,fat_g_100g,13.1,https://i.fnri.dost.gov.ph/fct/library/report/3089,2026-09-16
FC000153,A127,fiber_g_100g,1.0,https://i.fnri.dost.gov.ph/fct/library/report/3089,2026-09-16
FC000153,A127,sugar_g_100g,18.6,https://i.fnri.dost.gov.ph/fct/library/report/3089,2026-09-16
FC000153,A127,sodium_mg_100g,125,https://i.fnri.dost.gov.ph/fct/library/report/3089,2026-09-16
FC000153,A127,cholesterol_mg_100g,13,https://i.fnri.dost.gov.ph/fct/library/report/3089,2026-09-16
FC000154,A128,kcal_100g,352,https://i.fnri.dost.gov.ph/fct/library/report/3090,2026-09-16
FC000154,A128,protein_g_100g,8.7,https://i.fnri.dost.gov.ph/fct/library/report/3090,2026-09-16
FC000154,A128,carbs_g_100g,66.4,https://i.fnri.dost.gov.ph/fct/library/report/3090,2026-09-16
FC000154,A128,fat_g_100g,5.7,https://i.fnri.dost.gov.ph/fct/library/report/3090,2026-09-16
FC000154,A128,fiber_g_100g,1.3,https://i.fnri.dost.gov.ph/fct/library/report/3090,2026-09-16
FC000154,A128,sugar_g_100g,19.9,https://i.fnri.dost.gov.ph/fct/library/report/3090,2026-09-16
FC000154,A128,sodium_mg_100g,18,https://i.fnri.dost.gov.ph/fct/library/report/3090,2026-09-16
FC000154,A128,cholesterol_mg_100g,-,https://i.fnri.dost.gov.ph/fct/library/report/3090,2026-09-16
FC000155,A129,kcal_100g,383,https://i.fnri.dost.gov.ph/fct/library/report/3091,2026-09-16
FC000155,A129,protein_g_100g,6.5,https://i.fnri.dost.gov.ph/fct/library/report/3091,2026-09-16
FC000155,A129,carbs_g_100g,62.3,https://i.fnri.dost.gov.ph/fct/library/report/3091,2026-09-16
FC000155,A129,fat_g_100g,12.0,https://i.fnri.dost.gov.ph/fct/library/report/3091,2026-09-16
FC000155,A129,fiber_g_100g,1.2,https://i.fnri.dost.gov.ph/fct/library/report/3091,2026-09-16
FC000155,A129,sugar_g_100g,19.6,https://i.fnri.dost.gov.ph/fct/library/report/3091,2026-09-16
FC000155,A129,sodium_mg_100g,18,https://i.fnri.dost.gov.ph/fct/library/report/3091,2026-09-16
FC000155,A129,cholesterol_mg_100g,-,https://i.fnri.dost.gov.ph/fct/library/report/3091,2026-09-16
FC000156,A134,kcal_100g,345,https://i.fnri.dost.gov.ph/fct/library/report/3096,2026-09-16
FC000156,A134,protein_g_100g,0.2,https://i.fnri.dost.gov.ph/fct/library/report/3096,2026-09-16
FC000156,A134,carbs_g_100g,85.5,https://i.fnri.dost.gov.ph/fct/library/report/3096,2026-09-16
FC000156,A134,fat_g_100g,0.2,https://i.fnri.dost.gov.ph/fct/library/report/3096,2026-09-16
FC000156,A134,fiber_g_100g,0.5,https://i.fnri.dost.gov.ph/fct/library/report/3096,2026-09-16
FC000156,A134,sugar_g_100g,0.0,https://i.fnri.dost.gov.ph/fct/library/report/3096,2026-09-16
FC000156,A134,sodium_mg_100g,7,https://i.fnri.dost.gov.ph/fct/library/report/3096,2026-09-16
FC000156,A134,cholesterol_mg_100g,0,https://i.fnri.dost.gov.ph/fct/library/report/3096,2026-09-16
FC000157,A148,kcal_100g,394,https://i.fnri.dost.gov.ph/fct/library/report/3110,2026-09-16
FC000157,A148,protein_g_100g,10.0,https://i.fnri.dost.gov.ph/fct/library/report/3110,2026-09-16
FC000157,A148,carbs_g_100g,77.9,https://i.fnri.dost.gov.ph/fct/library/report/3110,2026-09-16
FC000157,A148,fat_g_100g,4.7,https://i.fnri.dost.gov.ph/fct/library/report/3110,2026-09-16
FC000157,A148,fiber_g_100g,10.5,https://i.fnri.dost.gov.ph/fct/library/report/3110,2026-09-16
FC000157,A148,sugar_g_100g,1.6,https://i.fnri.dost.gov.ph/fct/library/report/3110,2026-09-16
FC000157,A148,sodium_mg_100g,231,https://i.fnri.dost.gov.ph/fct/library/report/3110,2026-09-16
FC000157,A148,cholesterol_mg_100g,0,https://i.fnri.dost.gov.ph/fct/library/report/3110,2026-09-16
FC000158,A149,kcal_100g,423,https://i.fnri.dost.gov.ph/fct/library/report/3111,2026-09-16
FC000158,A149,protein_g_100g,11.4,https://i.fnri.dost.gov.ph/fct/library/report/3111,2026-09-16
FC000158,A149,carbs_g_100g,73.8,https://i.fnri.dost.gov.ph/fct/library/report/3111,2026-09-16
FC000158,A149,fat_g_100g,9.1,https://i.fnri.dost.gov.ph/fct/library/report/3111,2026-09-16
FC000158,A149,fiber_g_100g,10.9,https://i.fnri.dost.gov.ph/fct/library/report/3111,2026-09-16
FC000158,A149,sugar_g_100g,1.1,https://i.fnri.dost.gov.ph/fct/library/report/3111,2026-09-16
FC000158,A149,sodium_mg_100g,6,https://i.fnri.dost.gov.ph/fct/library/report/3111,2026-09-16
FC000158,A149,cholesterol_mg_100g,0,https://i.fnri.dost.gov.ph/fct/library/report/3111,2026-09-16
FC000159,A152,kcal_100g,353,https://i.fnri.dost.gov.ph/fct/library/report/3114,2026-09-16
FC000159,A152,protein_g_100g,14.3,https://i.fnri.dost.gov.ph/fct/library/report/3114,2026-09-16
FC000159,A152,carbs_g_100g,73.5,https://i.fnri.dost.gov.ph/fct/library/report/3114,2026-09-16
FC000159,A152,fat_g_100g,0.2,https://i.fnri.dost.gov.ph/fct/library/report/3114,2026-09-16
FC000159,A152,fiber_g_100g,3.1,https://i.fnri.dost.gov.ph/fct/library/report/3114,2026-09-16
FC000159,A152,sugar_g_100g,2.6,https://i.fnri.dost.gov.ph/fct/library/report/3114,2026-09-16
FC000159,A152,sodium_mg_100g,2,https://i.fnri.dost.gov.ph/fct/library/report/3114,2026-09-16
FC000159,A152,cholesterol_mg_100g,0,https://i.fnri.dost.gov.ph/fct/library/report/3114,2026-09-16
FC000160,A153,kcal_100g,361,https://i.fnri.dost.gov.ph/fct/library/report/3115,2026-09-16
FC000160,A153,protein_g_100g,12.4,https://i.fnri.dost.gov.ph/fct/library/report/3115,2026-09-16
FC000160,A153,carbs_g_100g,75.4,https://i.fnri.dost.gov.ph/fct/library/report/3115,2026-09-16
FC000160,A153,fat_g_100g,1.1,https://i.fnri.dost.gov.ph/fct/library/report/3115,2026-09-16
FC000160,A153,fiber_g_100g,3.2,https://i.fnri.dost.gov.ph/fct/library/report/3115,2026-09-16
FC000160,A153,sugar_g_100g,2.7,https://i.fnri.dost.gov.ph/fct/library/report/3115,2026-09-16
FC000160,A153,sodium_mg_100g,6,https://i.fnri.dost.gov.ph/fct/library/report/3115,2026-09-16
FC000160,A153,cholesterol_mg_100g,0,https://i.fnri.dost.gov.ph/fct/library/report/3115,2026-09-16
FC000161,A167,kcal_100g,256,https://i.fnri.dost.gov.ph/fct/library/report/3129,2026-09-16
FC000161,A167,protein_g_100g,2.8,https://i.fnri.dost.gov.ph/fct/library/report/3129,2026-09-16
FC000161,A167,carbs_g_100g,59.0,https://i.fnri.dost.gov.ph/fct/library/report/3129,2026-09-16
FC000161,A167,fat_g_100g,1.0,https://i.fnri.dost.gov.ph/fct/library/report/3129,2026-09-16
FC000161,A167,fiber_g_100g,2.1,https://i.fnri.dost.gov.ph/fct/library/report/3129,2026-09-16
FC000161,A167,sugar_g_100g,18.2,https://i.fnri.dost.gov.ph/fct/library/report/3129,2026-09-16
FC000161,A167,sodium_mg_100g,69,https://i.fnri.dost.gov.ph/fct/library/report/3129,2026-09-16
FC000161,A167,cholesterol_mg_100g,0,https://i.fnri.dost.gov.ph/fct/library/report/3129,2026-09-16
FC000162,A168,kcal_100g,252,https://i.fnri.dost.gov.ph/fct/library/report/3130,2026-09-16
FC000162,A168,protein_g_100g,2.2,https://i.fnri.dost.gov.ph/fct/library/report/3130,2026-09-16
FC000162,A168,carbs_g_100g,58.7,https://i.fnri.dost.gov.ph/fct/library/report/3130,2026-09-16
FC000162,A168,fat_g_100g,0.9,https://i.fnri.dost.gov.ph/fct/library/report/3130,2026-09-16
FC000162,A168,fiber_g_100g,2.0,https://i.fnri.dost.gov.ph/fct/library/report/3130,2026-09-16
FC000162,A168,sugar_g_100g,22.4,https://i.fnri.dost.gov.ph/fct/library/report/3130,2026-09-16
FC000162,A168,sodium_mg_100g,94,https://i.fnri.dost.gov.ph/fct/library/report/3130,2026-09-16
FC000162,A168,cholesterol_mg_100g,0,https://i.fnri.dost.gov.ph/fct/library/report/3130,2026-09-16
FC000163,A173,kcal_100g,234,https://i.fnri.dost.gov.ph/fct/library/report/3135,2026-09-16
FC000163,A173,protein_g_100g,3.6,https://i.fnri.dost.gov.ph/fct/library/report/3135,2026-09-16
FC000163,A173,carbs_g_100g,52.9,https://i.fnri.dost.gov.ph/fct/library/report/3135,2026-09-16
FC000163,A173,fat_g_100g,0.9,https://i.fnri.dost.gov.ph/fct/library/report/3135,2026-09-16
FC000163,A173,fiber_g_100g,0.8,https://i.fnri.dost.gov.ph/fct/library/report/3135,2026-09-16
FC000163,A173,sugar_g_100g,10.0,https://i.fnri.dost.gov.ph/fct/library/report/3135,2026-09-16
FC000163,A173,sodium_mg_100g,139,https://i.fnri.dost.gov.ph/fct/library/report/3135,2026-09-16
FC000163,A173,cholesterol_mg_100g,55,https://i.fnri.dost.gov.ph/fct/library/report/3135,2026-09-16
FC000164,A175,kcal_100g,252,https://i.fnri.dost.gov.ph/fct/library/report/3137,2026-09-16
FC000164,A175,protein_g_100g,3.5,https://i.fnri.dost.gov.ph/fct/library/report/3137,2026-09-16
FC000164,A175,carbs_g_100g,56.5,https://i.fnri.dost.gov.ph/fct/library/report/3137,2026-09-16
FC000164,A175,fat_g_100g,1.3,https://i.fnri.dost.gov.ph/fct/library/report/3137,2026-09-16
FC000164,A175,fiber_g_100g,1.7,https://i.fnri.dost.gov.ph/fct/library/report/3137,2026-09-16
FC000164,A175,sugar_g_100g,16.2,https://i.fnri.dost.gov.ph/fct/library/report/3137,2026-09-16
FC000164,A175,sodium_mg_100g,71,https://i.fnri.dost.gov.ph/fct/library/report/3137,2026-09-16
FC000164,A175,cholesterol_mg_100g,0,https://i.fnri.dost.gov.ph/fct/library/report/3137,2026-09-16
FC000165,A177,kcal_100g,214,https://i.fnri.dost.gov.ph/fct/library/report/3139,2026-09-16
FC000165,A177,protein_g_100g,2.8,https://i.fnri.dost.gov.ph/fct/library/report/3139,2026-09-16
FC000165,A177,carbs_g_100g,49.9,https://i.fnri.dost.gov.ph/fct/library/report/3139,2026-09-16
FC000165,A177,fat_g_100g,0.3,https://i.fnri.dost.gov.ph/fct/library/report/3139,2026-09-16
FC000165,A177,fiber_g_100g,1.5,https://i.fnri.dost.gov.ph/fct/library/report/3139,2026-09-16
FC000165,A177,sugar_g_100g,19.2,https://i.fnri.dost.gov.ph/fct/library/report/3139,2026-09-16
FC000165,A177,sodium_mg_100g,225,https://i.fnri.dost.gov.ph/fct/library/report/3139,2026-09-16
FC000165,A177,cholesterol_mg_100g,12,https://i.fnri.dost.gov.ph/fct/library/report/3139,2026-09-16
FC000166,A179,kcal_100g,166,https://i.fnri.dost.gov.ph/fct/library/report/3141,2026-09-16
FC000166,A179,protein_g_100g,1.4,https://i.fnri.dost.gov.ph/fct/library/report/3141,2026-09-16
FC000166,A179,carbs_g_100g,38.4,https://i.fnri.dost.gov.ph/fct/library/report/3141,2026-09-16
FC000166,A179,fat_g_100g,0.8,https://i.fnri.dost.gov.ph/fct/library/report/3141,2026-09-16
FC000166,A179,fiber_g_100g,0.7,https://i.fnri.dost.gov.ph/fct/library/report/3141,2026-09-16
FC000166,A179,sugar_g_100g,18.0,https://i.fnri.dost.gov.ph/fct/library/report/3141,2026-09-16
FC000166,A179,sodium_mg_100g,86,https://i.fnri.dost.gov.ph/fct/library/report/3141,2026-09-16
FC000166,A179,cholesterol_mg_100g,0,https://i.fnri.dost.gov.ph/fct/library/report/3141,2026-09-16
FC000167,A188,kcal_100g,206,https://i.fnri.dost.gov.ph/fct/library/report/3150,2026-09-16
FC000167,A188,protein_g_100g,2.6,https://i.fnri.dost.gov.ph/fct/library/report/3150,2026-09-16
FC000167,A188,carbs_g_100g,42.5,https://i.fnri.dost.gov.ph/fct/library/report/3150,2026-09-16
FC000167,A188,fat_g_100g,2.8,https://i.fnri.dost.gov.ph/fct/library/report/3150,2026-09-16
FC000167,A188,fiber_g_100g,1.4,https://i.fnri.dost.gov.ph/fct/library/report/3150,2026-09-16
FC000167,A188,sugar_g_100g,0.1,https://i.fnri.dost.gov.ph/fct/library/report/3150,2026-09-16
FC000167,A188,sodium_mg_100g,4,https://i.fnri.dost.gov.ph/fct/library/report/3150,2026-09-16
FC000167,A188,cholesterol_mg_100g,0,https://i.fnri.dost.gov.ph/fct/library/report/3150,2026-09-16
FC000168,A190,kcal_100g,129,https://i.fnri.dost.gov.ph/fct/library/report/3152,2026-09-16
FC000168,A190,protein_g_100g,1.1,https://i.fnri.dost.gov.ph/fct/library/report/3152,2026-09-16
FC000168,A190,carbs_g_100g,30.3,https://i.fnri.dost.gov.ph/fct/library/report/3152,2026-09-16
FC000168,A190,fat_g_100g,0.4,https://i.fnri.dost.gov.ph/fct/library/report/3152,2026-09-16
FC000168,A190,fiber_g_100g,2.0,https://i.fnri.dost.gov.ph/fct/library/report/3152,2026-09-16
FC000168,A190,sugar_g_100g,22.1,https://i.fnri.dost.gov.ph/fct/library/report/3152,2026-09-16
FC000168,A190,sodium_mg_100g,26,https://i.fnri.dost.gov.ph/fct/library/report/3152,2026-09-16
FC000168,A190,cholesterol_mg_100g,4,https://i.fnri.dost.gov.ph/fct/library/report/3152,2026-09-16
FC000169,A191,kcal_100g,171,https://i.fnri.dost.gov.ph/fct/library/report/3153,2026-09-16
FC000169,A191,protein_g_100g,3.1,https://i.fnri.dost.gov.ph/fct/library/report/3153,2026-09-16
FC000169,A191,carbs_g_100g,38.0,https://i.fnri.dost.gov.ph/fct/library/report/3153,2026-09-16
FC000169,A191,fat_g_100g,0.7,https://i.fnri.dost.gov.ph/fct/library/report/3153,2026-09-16
FC000169,A191,fiber_g_100g,2.2,https://i.fnri.dost.gov.ph/fct/library/report/3153,2026-09-16
FC000169,A191,sugar_g_100g,1.5,https://i.fnri.dost.gov.ph/fct/library/report/3153,2026-09-16
FC000169,A191,sodium_mg_100g,367,https://i.fnri.dost.gov.ph/fct/library/report/3153,2026-09-16
FC000169,A191,cholesterol_mg_100g,0,https://i.fnri.dost.gov.ph/fct/library/report/3153,2026-09-16
FC000170,A192,kcal_100g,191,https://i.fnri.dost.gov.ph/fct/library/report/3154,2026-09-16
FC000170,A192,protein_g_100g,3.2,https://i.fnri.dost.gov.ph/fct/library/report/3154,2026-09-16
FC000170,A192,carbs_g_100g,43.6,https://i.fnri.dost.gov.ph/fct/library/report/3154,2026-09-16
FC000170,A192,fat_g_100g,0.4,https://i.fnri.dost.gov.ph/fct/library/report/3154,2026-09-16
FC000170,A192,fiber_g_100g,1.4,https://i.fnri.dost.gov.ph/fct/library/report/3154,2026-09-16
FC000170,A192,sugar_g_100g,0.1,https://i.fnri.dost.gov.ph/fct/library/report/3154,2026-09-16
FC000170,A192,sodium_mg_100g,82,https://i.fnri.dost.gov.ph/fct/library/report/3154,2026-09-16
FC000170,A192,cholesterol_mg_100g,0,https://i.fnri.dost.gov.ph/fct/library/report/3154,2026-09-16
FC000171,A200,kcal_100g,316,https://i.fnri.dost.gov.ph/fct/library/report/3162,2026-09-16
FC000171,A200,protein_g_100g,10.6,https://i.fnri.dost.gov.ph/fct/library/report/3162,2026-09-16
FC000171,A200,carbs_g_100g,67.2,https://i.fnri.dost.gov.ph/fct/library/report/3162,2026-09-16
FC000171,A200,fat_g_100g,0.5,https://i.fnri.dost.gov.ph/fct/library/report/3162,2026-09-16
FC000171,A200,fiber_g_100g,2.0,https://i.fnri.dost.gov.ph/fct/library/report/3162,2026-09-16
FC000171,A200,sugar_g_100g,0.0,https://i.fnri.dost.gov.ph/fct/library/report/3162,2026-09-16
FC000171,A200,sodium_mg_100g,140,https://i.fnri.dost.gov.ph/fct/library/report/3162,2026-09-16
FC000171,A200,cholesterol_mg_100g,0,https://i.fnri.dost.gov.ph/fct/library/report/3162,2026-09-16
FC000172,A201,kcal_100g,352,https://i.fnri.dost.gov.ph/fct/library/report/3163,2026-09-16
FC000172,A201,protein_g_100g,12.6,https://i.fnri.dost.gov.ph/fct/library/report/3163,2026-09-16
FC000172,A201,carbs_g_100g,73.7,https://i.fnri.dost.gov.ph/fct/library/report/3163,2026-09-16
FC000172,A201,fat_g_100g,0.8,https://i.fnri.dost.gov.ph/fct/library/report/3163,2026-09-16
FC000172,A201,fiber_g_100g,2.7,https://i.fnri.dost.gov.ph/fct/library/report/3163,2026-09-16
FC000172,A201,sugar_g_100g,0.3,https://i.fnri.dost.gov.ph/fct/library/report/3163,2026-09-16
FC000172,A201,sodium_mg_100g,4,https://i.fnri.dost.gov.ph/fct/library/report/3163,2026-09-16
FC000172,A201,cholesterol_mg_100g,0,https://i.fnri.dost.gov.ph/fct/library/report/3163,2026-09-16
FC000173,A031,kcal_100g,313,https://i.fnri.dost.gov.ph/fct/library/report/2993,2026-09-16
FC000173,A031,protein_g_100g,12.1,https://i.fnri.dost.gov.ph/fct/library/report/2993,2026-09-16
FC000173,A031,carbs_g_100g,64.1,https://i.fnri.dost.gov.ph/fct/library/report/2993,2026-09-16
FC000173,A031,fat_g_100g,0.9,https://i.fnri.dost.gov.ph/fct/library/report/2993,2026-09-16
FC000173,A031,fiber_g_100g,4.8,https://i.fnri.dost.gov.ph/fct/library/report/2993,2026-09-16
FC000173,A031,sugar_g_100g,7.1,https://i.fnri.dost.gov.ph/fct/library/report/2993,2026-09-16
FC000173,A031,sodium_mg_100g,614,https://i.fnri.dost.gov.ph/fct/library/report/2993,2026-09-16
FC000173,A031,cholesterol_mg_100g,0,https://i.fnri.dost.gov.ph/fct/library/report/2993,2026-09-16
FC000174,A032,kcal_100g,342,https://i.fnri.dost.gov.ph/fct/library/report/2994,2026-09-16
FC000174,A032,protein_g_100g,10.1,https://i.fnri.dost.gov.ph/fct/library/report/2994,2026-09-16
FC000174,A032,carbs_g_100g,45.1,https://i.fnri.dost.gov.ph/fct/library/report/2994,2026-09-16
FC000174,A032,fat_g_100g,13.5,https://i.fnri.dost.gov.ph/fct/library/report/2994,2026-09-16
FC000174,A032,fiber_g_100g,1.2,https://i.fnri.dost.gov.ph/fct/library/report/2994,2026-09-16
FC000174,A032,sugar_g_100g,8.2,https://i.fnri.dost.gov.ph/fct/library/report/2994,2026-09-16
FC000174,A032,sodium_mg_100g,357,https://i.fnri.dost.gov.ph/fct/library/report/2994,2026-09-16
FC000174,A032,cholesterol_mg_100g,56,https://i.fnri.dost.gov.ph/fct/library/report/2994,2026-09-16
FC000175,A039,kcal_100g,323,https://i.fnri.dost.gov.ph/fct/library/report/3001,2026-09-16
FC000175,A039,protein_g_100g,10.5,https://i.fnri.dost.gov.ph/fct/library/report/3001,2026-09-16
FC000175,A039,carbs_g_100g,63.5,https://i.fnri.dost.gov.ph/fct/library/report/3001,2026-09-16
FC000175,A039,fat_g_100g,3.0,https://i.fnri.dost.gov.ph/fct/library/report/3001,2026-09-16
FC000175,A039,fiber_g_100g,2.5,https://i.fnri.dost.gov.ph/fct/library/report/3001,2026-09-16
FC000175,A039,sugar_g_100g,3.1,https://i.fnri.dost.gov.ph/fct/library/report/3001,2026-09-16
FC000175,A039,sodium_mg_100g,527,https://i.fnri.dost.gov.ph/fct/library/report/3001,2026-09-16
FC000175,A039,cholesterol_mg_100g,2,https://i.fnri.dost.gov.ph/fct/library/report/3001,2026-09-16
FC000176,A051,kcal_100g,331,https://i.fnri.dost.gov.ph/fct/library/report/3013,2026-09-16
FC000176,A051,protein_g_100g,5.4,https://i.fnri.dost.gov.ph/fct/library/report/3013,2026-09-16
FC000176,A051,carbs_g_100g,47.2,https://i.fnri.dost.gov.ph/fct/library/report/3013,2026-09-16
FC000176,A051,fat_g_100g,13.4,https://i.fnri.dost.gov.ph/fct/library/report/3013,2026-09-16
FC000176,A051,fiber_g_100g,1.0,https://i.fnri.dost.gov.ph/fct/library/report/3013,2026-09-16
FC000176,A051,sugar_g_100g,33.5,https://i.fnri.dost.gov.ph/fct/library/report/3013,2026-09-16
FC000176,A051,sodium_mg_100g,287,https://i.fnri.dost.gov.ph/fct/library/report/3013,2026-09-16
FC000176,A051,cholesterol_mg_100g,33,https://i.fnri.dost.gov.ph/fct/library/report/3013,2026-09-16
FC000177,A059,kcal_100g,361,https://i.fnri.dost.gov.ph/fct/library/report/3021,2026-09-16
FC000177,A059,protein_g_100g,6.3,https://i.fnri.dost.gov.ph/fct/library/report/3021,2026-09-16
FC000177,A059,carbs_g_100g,61.6,https://i.fnri.dost.gov.ph/fct/library/report/3021,2026-09-16
FC000177,A059,fat_g_100g,9.9,https://i.fnri.dost.gov.ph/fct/library/report/3021,2026-09-16
FC000177,A059,fiber_g_100g,3.4,https://i.fnri.dost.gov.ph/fct/library/report/3021,2026-09-16
FC000177,A059,sugar_g_100g,21.3,https://i.fnri.dost.gov.ph/fct/library/report/3021,2026-09-16
FC000177,A059,sodium_mg_100g,595,https://i.fnri.dost.gov.ph/fct/library/report/3021,2026-09-16
FC000177,A059,cholesterol_mg_100g,34,https://i.fnri.dost.gov.ph/fct/library/report/3021,2026-09-16
FC000178,A094,kcal_100g,462,https://i.fnri.dost.gov.ph/fct/library/report/3056,2026-09-16
FC000178,A094,protein_g_100g,10.1,https://i.fnri.dost.gov.ph/fct/library/report/3056,2026-09-16
FC000178,A094,carbs_g_100g,73.3,https://i.fnri.dost.gov.ph/fct/library/report/3056,2026-09-16
FC000178,A094,fat_g_100g,14.3,https://i.fnri.dost.gov.ph/fct/library/report/3056,2026-09-16
FC000178,A094,fiber_g_100g,2.5,https://i.fnri.dost.gov.ph/fct/library/report/3056,2026-09-16
FC000178,A094,sugar_g_100g,15.7,https://i.fnri.dost.gov.ph/fct/library/report/3056,2026-09-16
FC000178,A094,sodium_mg_100g,374,https://i.fnri.dost.gov.ph/fct/library/report/3056,2026-09-16
FC000178,A094,cholesterol_mg_100g,1,https://i.fnri.dost.gov.ph/fct/library/report/3056,2026-09-16
FC000179,A011,kcal_100g,340,https://i.fnri.dost.gov.ph/fct/library/report/2973,2026-09-16
FC000179,A011,protein_g_100g,4.3,https://i.fnri.dost.gov.ph/fct/library/report/2973,2026-09-16
FC000179,A011,carbs_g_100g,78.5,https://i.fnri.dost.gov.ph/fct/library/report/2973,2026-09-16
FC000179,A011,fat_g_100g,1.0,https://i.fnri.dost.gov.ph/fct/library/report/2973,2026-09-16
FC000179,A011,fiber_g_100g,1.7,https://i.fnri.dost.gov.ph/fct/library/report/2973,2026-09-16
FC000179,A011,sugar_g_100g,0.3,https://i.fnri.dost.gov.ph/fct/library/report/2973,2026-09-16
FC000179,A011,sodium_mg_100g,7,https://i.fnri.dost.gov.ph/fct/library/report/2973,2026-09-16
FC000179,A011,cholesterol_mg_100g,0,https://i.fnri.dost.gov.ph/fct/library/report/2973,2026-09-16
FC000180,A016,kcal_100g,124,https://i.fnri.dost.gov.ph/fct/library/report/2978,2026-09-16
FC000180,A016,protein_g_100g,2.4,https://i.fnri.dost.gov.ph/fct/library/report/2978,2026-09-16
FC000180,A016,carbs_g_100g,27.8,https://i.fnri.dost.gov.ph/fct/library/report/2978,2026-09-16
FC000180,A016,fat_g_100g,0.4,https://i.fnri.dost.gov.ph/fct/library/report/2978,2026-09-16
FC000180,A016,fiber_g_100g,1.3,https://i.fnri.dost.gov.ph/fct/library/report/2978,2026-09-16
FC000180,A016,sugar_g_100g,0.1,https://i.fnri.dost.gov.ph/fct/library/report/2978,2026-09-16
FC000180,A016,sodium_mg_100g,7,https://i.fnri.dost.gov.ph/fct/library/report/2978,2026-09-16
FC000180,A016,cholesterol_mg_100g,0,https://i.fnri.dost.gov.ph/fct/library/report/2978,2026-09-16
FC000181,A023,kcal_100g,96,https://i.fnri.dost.gov.ph/fct/library/report/2985,2026-09-16
FC000181,A023,protein_g_100g,2.2,https://i.fnri.dost.gov.ph/fct/library/report/2985,2026-09-16
FC000181,A023,carbs_g_100g,21.0,https://i.fnri.dost.gov.ph/fct/library/report/2985,2026-09-16
FC000181,A023,fat_g_100g,0.3,https://i.fnri.dost.gov.ph/fct/library/report/2985,2026-09-16
FC000181,A023,fiber_g_100g,1.0,https://i.fnri.dost.gov.ph/fct/library/report/2985,2026-09-16
FC000181,A023,sugar_g_100g,0.1,https://i.fnri.dost.gov.ph/fct/library/report/2985,2026-09-16
FC000181,A023,sodium_mg_100g,0,https://i.fnri.dost.gov.ph/fct/library/report/2985,2026-09-16
FC000181,A023,cholesterol_mg_100g,0,https://i.fnri.dost.gov.ph/fct/library/report/2985,2026-09-16
FC000182,A196,kcal_100g,17,https://i.fnri.dost.gov.ph/fct/library/report/3158,2026-09-16
FC000182,A196,protein_g_100g,0.1,https://i.fnri.dost.gov.ph/fct/library/report/3158,2026-09-16
FC000182,A196,carbs_g_100g,3.8,https://i.fnri.dost.gov.ph/fct/library/report/3158,2026-09-16
FC000182,A196,fat_g_100g,0.2,https://i.fnri.dost.gov.ph/fct/library/report/3158,2026-09-16
FC000182,A196,fiber_g_100g,0.0,https://i.fnri.dost.gov.ph/fct/library/report/3158,2026-09-16
FC000182,A196,sugar_g_100g,0.0,https://i.fnri.dost.gov.ph/fct/library/report/3158,2026-09-16
FC000182,A196,sodium_mg_100g,0,https://i.fnri.dost.gov.ph/fct/library/report/3158,2026-09-16
FC000182,A196,cholesterol_mg_100g,0,https://i.fnri.dost.gov.ph/fct/library/report/3158,2026-09-16
FC000183,A001,kcal_100g,357,https://i.fnri.dost.gov.ph/fct/library/report/2963,2026-09-16
FC000183,A001,protein_g_100g,8.3,https://i.fnri.dost.gov.ph/fct/library/report/2963,2026-09-16
FC000183,A001,carbs_g_100g,77.5,https://i.fnri.dost.gov.ph/fct/library/report/2963,2026-09-16
FC000183,A001,fat_g_100g,1.5,https://i.fnri.dost.gov.ph/fct/library/report/2963,2026-09-16
FC000183,A001,fiber_g_100g,4.5,https://i.fnri.dost.gov.ph/fct/library/report/2963,2026-09-16
FC000183,A001,sugar_g_100g,0.6,https://i.fnri.dost.gov.ph/fct/library/report/2963,2026-09-16
FC000183,A001,sodium_mg_100g,1,https://i.fnri.dost.gov.ph/fct/library/report/2963,2026-09-16
FC000183,A001,cholesterol_mg_100g,0,https://i.fnri.dost.gov.ph/fct/library/report/2963,2026-09-16
FC000184,A002,kcal_100g,350,https://i.fnri.dost.gov.ph/fct/library/report/2964,2026-09-16
FC000184,A002,protein_g_100g,7.7,https://i.fnri.dost.gov.ph/fct/library/report/2964,2026-09-16
FC000184,A002,carbs_g_100g,78.1,https://i.fnri.dost.gov.ph/fct/library/report/2964,2026-09-16
FC000184,A002,fat_g_100g,0.8,https://i.fnri.dost.gov.ph/fct/library/report/2964,2026-09-16
FC000184,A002,fiber_g_100g,1.6,https://i.fnri.dost.gov.ph/fct/library/report/2964,2026-09-16
FC000184,A002,sugar_g_100g,0.6,https://i.fnri.dost.gov.ph/fct/library/report/2964,2026-09-16
FC000184,A002,sodium_mg_100g,1,https://i.fnri.dost.gov.ph/fct/library/report/2964,2026-09-16
FC000184,A002,cholesterol_mg_100g,0,https://i.fnri.dost.gov.ph/fct/library/report/2964,2026-09-16
FC000185,A003,kcal_100g,148,https://i.fnri.dost.gov.ph/fct/library/report/2965,2026-09-16
FC000185,A003,protein_g_100g,4.4,https://i.fnri.dost.gov.ph/fct/library/report/2965,2026-09-16
FC000185,A003,carbs_g_100g,30.9,https://i.fnri.dost.gov.ph/fct/library/report/2965,2026-09-16
FC000185,A003,fat_g_100g,0.8,https://i.fnri.dost.gov.ph/fct/library/report/2965,2026-09-16
FC000185,A003,fiber_g_100g,4.1,https://i.fnri.dost.gov.ph/fct/library/report/2965,2026-09-16
FC000185,A003,sugar_g_100g,4.9,https://i.fnri.dost.gov.ph/fct/library/report/2965,2026-09-16
FC000185,A003,sodium_mg_100g,23,https://i.fnri.dost.gov.ph/fct/library/report/2965,2026-09-16
FC000185,A003,cholesterol_mg_100g,0,https://i.fnri.dost.gov.ph/fct/library/report/2965,2026-09-16
FC000186,A004,kcal_100g,173,https://i.fnri.dost.gov.ph/fct/library/report/2966,2026-09-16
FC000186,A004,protein_g_100g,4.4,https://i.fnri.dost.gov.ph/fct/library/report/2966,2026-09-16
FC000186,A004,carbs_g_100g,35.4,https://i.fnri.dost.gov.ph/fct/library/report/2966,2026-09-16
FC000186,A004,fat_g_100g,1.5,https://i.fnri.dost.gov.ph/fct/library/report/2966,2026-09-16
FC000186,A004,fiber_g_100g,3.5,https://i.fnri.dost.gov.ph/fct/library/report/2966,2026-09-16
FC000186,A004,sugar_g_100g,11.0,https://i.fnri.dost.gov.ph/fct/library/report/2966,2026-09-16
FC000186,A004,sodium_mg_100g,3,https://i.fnri.dost.gov.ph/fct/library/report/2966,2026-09-16
FC000186,A004,cholesterol_mg_100g,0,https://i.fnri.dost.gov.ph/fct/library/report/2966,2026-09-16
FC000187,A006,kcal_100g,353,https://i.fnri.dost.gov.ph/fct/library/report/2968,2026-09-16
FC000187,A006,protein_g_100g,7.6,https://i.fnri.dost.gov.ph/fct/library/report/2968,2026-09-16
FC000187,A006,carbs_g_100g,79.2,https://i.fnri.dost.gov.ph/fct/library/report/2968,2026-09-16
FC000187,A006,fat_g_100g,0.6,https://i.fnri.dost.gov.ph/fct/library/report/2968,2026-09-16
FC000187,A006,fiber_g_100g,7.1,https://i.fnri.dost.gov.ph/fct/library/report/2968,2026-09-16
FC000187,A006,sugar_g_100g,0.6,https://i.fnri.dost.gov.ph/fct/library/report/2968,2026-09-16
FC000187,A006,sodium_mg_100g,34,https://i.fnri.dost.gov.ph/fct/library/report/2968,2026-09-16
FC000187,A006,cholesterol_mg_100g,0,https://i.fnri.dost.gov.ph/fct/library/report/2968,2026-09-16
FC000188,A007,kcal_100g,371,https://i.fnri.dost.gov.ph/fct/library/report/2969,2026-09-16
FC000188,A007,protein_g_100g,8.5,https://i.fnri.dost.gov.ph/fct/library/report/2969,2026-09-16
FC000188,A007,carbs_g_100g,77.0,https://i.fnri.dost.gov.ph/fct/library/report/2969,2026-09-16
FC000188,A007,fat_g_100g,3.2,https://i.fnri.dost.gov.ph/fct/library/report/2969,2026-09-16
FC000188,A007,fiber_g_100g,7.3,https://i.fnri.dost.gov.ph/fct/library/report/2969,2026-09-16
FC000188,A007,sugar_g_100g,0.6,https://i.fnri.dost.gov.ph/fct/library/report/2969,2026-09-16
FC000188,A007,sodium_mg_100g,35,https://i.fnri.dost.gov.ph/fct/library/report/2969,2026-09-16
FC000188,A007,cholesterol_mg_100g,0,https://i.fnri.dost.gov.ph/fct/library/report/2969,2026-09-16
FC000189,A010,kcal_100g,316,https://i.fnri.dost.gov.ph/fct/library/report/2972,2026-09-16
FC000189,A010,protein_g_100g,7.8,https://i.fnri.dost.gov.ph/fct/library/report/2972,2026-09-16
FC000189,A010,carbs_g_100g,59.9,https://i.fnri.dost.gov.ph/fct/library/report/2972,2026-09-16
FC000189,A010,fat_g_100g,5.0,https://i.fnri.dost.gov.ph/fct/library/report/2972,2026-09-16
FC000189,A010,fiber_g_100g,19.3,https://i.fnri.dost.gov.ph/fct/library/report/2972,2026-09-16
FC000189,A010,sugar_g_100g,0.8,https://i.fnri.dost.gov.ph/fct/library/report/2972,2026-09-16
FC000189,A010,sodium_mg_100g,13,https://i.fnri.dost.gov.ph/fct/library/report/2972,2026-09-16
FC000189,A010,cholesterol_mg_100g,0,https://i.fnri.dost.gov.ph/fct/library/report/2972,2026-09-16
FC000190,A013,kcal_100g,210,https://i.fnri.dost.gov.ph/fct/library/report/2975,2026-09-16
FC000190,A013,protein_g_100g,4.4,https://i.fnri.dost.gov.ph/fct/library/report/2975,2026-09-16
FC000190,A013,carbs_g_100g,47.9,https://i.fnri.dost.gov.ph/fct/library/report/2975,2026-09-16
FC000190,A013,fat_g_100g,0.1,https://i.fnri.dost.gov.ph/fct/library/report/2975,2026-09-16
FC000190,A013,fiber_g_100g,1.6,https://i.fnri.dost.gov.ph/fct/library/report/2975,2026-09-16
FC000190,A013,sugar_g_100g,0.1,https://i.fnri.dost.gov.ph/fct/library/report/2975,2026-09-16
FC000190,A013,sodium_mg_100g,2,https://i.fnri.dost.gov.ph/fct/library/report/2975,2026-09-16
FC000190,A013,cholesterol_mg_100g,0,https://i.fnri.dost.gov.ph/fct/library/report/2975,2026-09-16
FC000191,A015,kcal_100g,358,https://i.fnri.dost.gov.ph/fct/library/report/2977,2026-09-16
FC000191,A015,protein_g_100g,8.7,https://i.fnri.dost.gov.ph/fct/library/report/2977,2026-09-16
FC000191,A015,carbs_g_100g,76.3,https://i.fnri.dost.gov.ph/fct/library/report/2977,2026-09-16
FC000191,A015,fat_g_100g,2.0,https://i.fnri.dost.gov.ph/fct/library/report/2977,2026-09-16
FC000191,A015,fiber_g_100g,2.8,https://i.fnri.dost.gov.ph/fct/library/report/2977,2026-09-16
FC000191,A015,sugar_g_100g,2.5,https://i.fnri.dost.gov.ph/fct/library/report/2977,2026-09-16
FC000191,A015,sodium_mg_100g,2,https://i.fnri.dost.gov.ph/fct/library/report/2977,2026-09-16
FC000191,A015,cholesterol_mg_100g,0,https://i.fnri.dost.gov.ph/fct/library/report/2977,2026-09-16
FC000192,A017,kcal_100g,358,https://i.fnri.dost.gov.ph/fct/library/report/2979,2026-09-16
FC000192,A017,protein_g_100g,7.5,https://i.fnri.dost.gov.ph/fct/library/report/2979,2026-09-16
FC000192,A017,carbs_g_100g,80.0,https://i.fnri.dost.gov.ph/fct/library/report/2979,2026-09-16
FC000192,A017,fat_g_100g,0.9,https://i.fnri.dost.gov.ph/fct/library/report/2979,2026-09-16
FC000192,A017,fiber_g_100g,4.6,https://i.fnri.dost.gov.ph/fct/library/report/2979,2026-09-16
FC000192,A017,sugar_g_100g,0.0,https://i.fnri.dost.gov.ph/fct/library/report/2979,2026-09-16
FC000192,A017,sodium_mg_100g,2,https://i.fnri.dost.gov.ph/fct/library/report/2979,2026-09-16
FC000192,A017,cholesterol_mg_100g,0,https://i.fnri.dost.gov.ph/fct/library/report/2979,2026-09-16
FC000193,A019,kcal_100g,356,https://i.fnri.dost.gov.ph/fct/library/report/2981,2026-09-16
FC000193,A019,protein_g_100g,7.4,https://i.fnri.dost.gov.ph/fct/library/report/2981,2026-09-16
FC000193,A019,carbs_g_100g,80.4,https://i.fnri.dost.gov.ph/fct/library/report/2981,2026-09-16
FC000193,A019,fat_g_100g,0.5,https://i.fnri.dost.gov.ph/fct/library/report/2981,2026-09-16
FC000193,A019,fiber_g_100g,1.3,https://i.fnri.dost.gov.ph/fct/library/report/2981,2026-09-16
FC000193,A019,sugar_g_100g,0.1,https://i.fnri.dost.gov.ph/fct/library/report/2981,2026-09-16
FC000193,A019,sodium_mg_100g,1,https://i.fnri.dost.gov.ph/fct/library/report/2981,2026-09-16
FC000193,A019,cholesterol_mg_100g,0,https://i.fnri.dost.gov.ph/fct/library/report/2981,2026-09-16
FC000194,A022,kcal_100g,366,https://i.fnri.dost.gov.ph/fct/library/report/2984,2026-09-16
FC000194,A022,protein_g_100g,7.5,https://i.fnri.dost.gov.ph/fct/library/report/2984,2026-09-16
FC000194,A022,carbs_g_100g,81.8,https://i.fnri.dost.gov.ph/fct/library/report/2984,2026-09-16
FC000194,A022,fat_g_100g,1.0,https://i.fnri.dost.gov.ph/fct/library/report/2984,2026-09-16
FC000194,A022,fiber_g_100g,2.9,https://i.fnri.dost.gov.ph/fct/library/report/2984,2026-09-16
FC000194,A022,sugar_g_100g,0.4,https://i.fnri.dost.gov.ph/fct/library/report/2984,2026-09-16
FC000194,A022,sodium_mg_100g,1,https://i.fnri.dost.gov.ph/fct/library/report/2984,2026-09-16
FC000194,A022,cholesterol_mg_100g,0,https://i.fnri.dost.gov.ph/fct/library/report/2984,2026-09-16
FC000195,A028,kcal_100g,376,https://i.fnri.dost.gov.ph/fct/library/report/2990,2026-09-16
FC000195,A028,protein_g_100g,7.4,https://i.fnri.dost.gov.ph/fct/library/report/2990,2026-09-16
FC000195,A028,carbs_g_100g,55.2,https://i.fnri.dost.gov.ph/fct/library/report/2990,2026-09-16
FC000195,A028,fat_g_100g,14.0,https://i.fnri.dost.gov.ph/fct/library/report/2990,2026-09-16
FC000195,A028,fiber_g_100g,1.5,https://i.fnri.dost.gov.ph/fct/library/report/2990,2026-09-16
FC000195,A028,sugar_g_100g,33.4,https://i.fnri.dost.gov.ph/fct/library/report/2990,2026-09-16
FC000195,A028,sodium_mg_100g,390,https://i.fnri.dost.gov.ph/fct/library/report/2990,2026-09-16
FC000195,A028,cholesterol_mg_100g,14,https://i.fnri.dost.gov.ph/fct/library/report/2990,2026-09-16
FC000196,A130,kcal_100g,359,https://i.fnri.dost.gov.ph/fct/library/report/3092,2026-09-16
FC000196,A130,protein_g_100g,4.2,https://i.fnri.dost.gov.ph/fct/library/report/3092,2026-09-16
FC000196,A130,carbs_g_100g,58.2,https://i.fnri.dost.gov.ph/fct/library/report/3092,2026-09-16
FC000196,A130,fat_g_100g,12.1,https://i.fnri.dost.gov.ph/fct/library/report/3092,2026-09-16
FC000196,A130,fiber_g_100g,1.0,https://i.fnri.dost.gov.ph/fct/library/report/3092,2026-09-16
FC000196,A130,sugar_g_100g,21.5,https://i.fnri.dost.gov.ph/fct/library/report/3092,2026-09-16
FC000196,A130,sodium_mg_100g,7,https://i.fnri.dost.gov.ph/fct/library/report/3092,2026-09-16
FC000196,A130,cholesterol_mg_100g,0,https://i.fnri.dost.gov.ph/fct/library/report/3092,2026-09-16
FC000197,A136,kcal_100g,357,https://i.fnri.dost.gov.ph/fct/library/report/3098,2026-09-16
FC000197,A136,protein_g_100g,9.6,https://i.fnri.dost.gov.ph/fct/library/report/3098,2026-09-16
FC000197,A136,carbs_g_100g,78.7,https://i.fnri.dost.gov.ph/fct/library/report/3098,2026-09-16
FC000197,A136,fat_g_100g,0.4,https://i.fnri.dost.gov.ph/fct/library/report/3098,2026-09-16
FC000197,A136,fiber_g_100g,1.6,https://i.fnri.dost.gov.ph/fct/library/report/3098,2026-09-16
FC000197,A136,sugar_g_100g,0.1,https://i.fnri.dost.gov.ph/fct/library/report/3098,2026-09-16
FC000197,A136,sodium_mg_100g,6,https://i.fnri.dost.gov.ph/fct/library/report/3098,2026-09-16
FC000197,A136,cholesterol_mg_100g,0,https://i.fnri.dost.gov.ph/fct/library/report/3098,2026-09-16
FC000198,B002,kcal_100g,111,https://i.fnri.dost.gov.ph/fct/library/report/3169,2026-09-16
FC000198,B002,protein_g_100g,0.4,https://i.fnri.dost.gov.ph/fct/library/report/3169,2026-09-16
FC000198,B002,carbs_g_100g,27.1,https://i.fnri.dost.gov.ph/fct/library/report/3169,2026-09-16
FC000198,B002,fat_g_100g,0.1,https://i.fnri.dost.gov.ph/fct/library/report/3169,2026-09-16
FC000198,B002,fiber_g_100g,1.3,https://i.fnri.dost.gov.ph/fct/library/report/3169,2026-09-16
FC000198,B002,sugar_g_100g,1.2,https://i.fnri.dost.gov.ph/fct/library/report/3169,2026-09-16
FC000198,B002,sodium_mg_100g,3,https://i.fnri.dost.gov.ph/fct/library/report/3169,2026-09-16
FC000198,B002,cholesterol_mg_100g,0,https://i.fnri.dost.gov.ph/fct/library/report/3169,2026-09-16
FC000199,B008,kcal_100g,63,https://i.fnri.dost.gov.ph/fct/library/report/3175,2026-09-16
FC000199,B008,protein_g_100g,1.7,https://i.fnri.dost.gov.ph/fct/library/report/3175,2026-09-16
FC000199,B008,carbs_g_100g,13.7,https://i.fnri.dost.gov.ph/fct/library/report/3175,2026-09-16
FC000199,B008,fat_g_100g,0.1,https://i.fnri.dost.gov.ph/fct/library/report/3175,2026-09-16
FC000199,B008,fiber_g_100g,1.3,https://i.fnri.dost.gov.ph/fct/library/report/3175,2026-09-16
FC000199,B008,sugar_g_100g,0.6,https://i.fnri.dost.gov.ph/fct/library/report/3175,2026-09-16
FC000199,B008,sodium_mg_100g,4,https://i.fnri.dost.gov.ph/fct/library/report/3175,2026-09-16
FC000199,B008,cholesterol_mg_100g,0,https://i.fnri.dost.gov.ph/fct/library/report/3175,2026-09-16
FC000200,B010,kcal_100g,122,https://i.fnri.dost.gov.ph/fct/library/report/3177,2026-09-16
FC000200,B010,protein_g_100g,0.6,https://i.fnri.dost.gov.ph/fct/library/report/3177,2026-09-16
FC000200,B010,carbs_g_100g,29.5,https://i.fnri.dost.gov.ph/fct/library/report/3177,2026-09-16
FC000200,B010,fat_g_100g,0.2,https://i.fnri.dost.gov.ph/fct/library/report/3177,2026-09-16
FC000200,B010,fiber_g_100g,4.0,https://i.fnri.dost.gov.ph/fct/library/report/3177,2026-09-16
FC000200,B010,sugar_g_100g,9.1,https://i.fnri.dost.gov.ph/fct/library/report/3177,2026-09-16
FC000200,B010,sodium_mg_100g,43,https://i.fnri.dost.gov.ph/fct/library/report/3177,2026-09-16
FC000200,B010,cholesterol_mg_100g,0,https://i.fnri.dost.gov.ph/fct/library/report/3177,2026-09-16
FC000201,B016,kcal_100g,105,https://i.fnri.dost.gov.ph/fct/library/report/3183,2026-09-16
FC000201,B016,protein_g_100g,1.5,https://i.fnri.dost.gov.ph/fct/library/report/3183,2026-09-16
FC000201,B016,carbs_g_100g,24.4,https://i.fnri.dost.gov.ph/fct/library/report/3183,2026-09-16
FC000201,B016,fat_g_100g,0.1,https://i.fnri.dost.gov.ph/fct/library/report/3183,2026-09-16
FC000201,B016,fiber_g_100g,3.7,https://i.fnri.dost.gov.ph/fct/library/report/3183,2026-09-16
FC000201,B016,sugar_g_100g,0.4,https://i.fnri.dost.gov.ph/fct/library/report/3183,2026-09-16
FC000201,B016,sodium_mg_100g,11,https://i.fnri.dost.gov.ph/fct/library/report/3183,2026-09-16
FC000201,B016,cholesterol_mg_100g,0,https://i.fnri.dost.gov.ph/fct/library/report/3183,2026-09-16
FC000202,B021,kcal_100g,77,https://i.fnri.dost.gov.ph/fct/library/report/3188,2026-09-16
FC000202,B021,protein_g_100g,0.7,https://i.fnri.dost.gov.ph/fct/library/report/3188,2026-09-16
FC000202,B021,carbs_g_100g,18.2,https://i.fnri.dost.gov.ph/fct/library/report/3188,2026-09-16
FC000202,B021,fat_g_100g,0.1,https://i.fnri.dost.gov.ph/fct/library/report/3188,2026-09-16
FC000202,B021,fiber_g_100g,2.6,https://i.fnri.dost.gov.ph/fct/library/report/3188,2026-09-16
FC000202,B021,sugar_g_100g,0.3,https://i.fnri.dost.gov.ph/fct/library/report/3188,2026-09-16
FC000202,B021,sodium_mg_100g,5,https://i.fnri.dost.gov.ph/fct/library/report/3188,2026-09-16
FC000202,B021,cholesterol_mg_100g,0,https://i.fnri.dost.gov.ph/fct/library/report/3188,2026-09-16
FC000203,B034,kcal_100g,328,https://i.fnri.dost.gov.ph/fct/library/report/3201,2026-09-16
FC000203,B034,protein_g_100g,3.7,https://i.fnri.dost.gov.ph/fct/library/report/3201,2026-09-16
FC000203,B034,carbs_g_100g,40.5,https://i.fnri.dost.gov.ph/fct/library/report/3201,2026-09-16
FC000203,B034,fat_g_100g,16.8,https://i.fnri.dost.gov.ph/fct/library/report/3201,2026-09-16
FC000203,B034,fiber_g_100g,3.9,https://i.fnri.dost.gov.ph/fct/library/report/3201,2026-09-16
FC000203,B034,sugar_g_100g,0.2,https://i.fnri.dost.gov.ph/fct/library/report/3201,2026-09-16
FC000203,B034,sodium_mg_100g,187,https://i.fnri.dost.gov.ph/fct/library/report/3201,2026-09-16
FC000203,B034,cholesterol_mg_100g,1,https://i.fnri.dost.gov.ph/fct/library/report/3201,2026-09-16
FC000204,B036,kcal_100g,83,https://i.fnri.dost.gov.ph/fct/library/report/3203,2026-09-16
FC000204,B036,protein_g_100g,0.0,https://i.fnri.dost.gov.ph/fct/library/report/3203,2026-09-16
FC000204,B036,carbs_g_100g,20.3,https://i.fnri.dost.gov.ph/fct/library/report/3203,2026-09-16
FC000204,B036,fat_g_100g,0.2,https://i.fnri.dost.gov.ph/fct/library/report/3203,2026-09-16
FC000204,B036,fiber_g_100g,0.1,https://i.fnri.dost.gov.ph/fct/library/report/3203,2026-09-16
FC000204,B036,sugar_g_100g,0.8,https://i.fnri.dost.gov.ph/fct/library/report/3203,2026-09-16
FC000204,B036,sodium_mg_100g,3,https://i.fnri.dost.gov.ph/fct/library/report/3203,2026-09-16
FC000204,B036,cholesterol_mg_100g,0,https://i.fnri.dost.gov.ph/fct/library/report/3203,2026-09-16
FC000205,B037,kcal_100g,239,https://i.fnri.dost.gov.ph/fct/library/report/3204,2026-09-16
FC000205,B037,protein_g_100g,1.1,https://i.fnri.dost.gov.ph/fct/library/report/3204,2026-09-16
FC000205,B037,carbs_g_100g,43.1,https://i.fnri.dost.gov.ph/fct/library/report/3204,2026-09-16
FC000205,B037,fat_g_100g,6.9,https://i.fnri.dost.gov.ph/fct/library/report/3204,2026-09-16
FC000205,B037,fiber_g_100g,4.3,https://i.fnri.dost.gov.ph/fct/library/report/3204,2026-09-16
FC000205,B037,sugar_g_100g,27.4,https://i.fnri.dost.gov.ph/fct/library/report/3204,2026-09-16
FC000205,B037,sodium_mg_100g,7,https://i.fnri.dost.gov.ph/fct/library/report/3204,2026-09-16
FC000205,B037,cholesterol_mg_100g,0,https://i.fnri.dost.gov.ph/fct/library/report/3204,2026-09-16
FC000206,B003,kcal_100g,155,https://i.fnri.dost.gov.ph/fct/library/report/3170,2026-09-16
FC000206,B003,protein_g_100g,0.7,https://i.fnri.dost.gov.ph/fct/library/report/3170,2026-09-16
FC000206,B003,carbs_g_100g,37.7,https://i.fnri.dost.gov.ph/fct/library/report/3170,2026-09-16
FC000206,B003,fat_g_100g,0.2,https://i.fnri.dost.gov.ph/fct/library/report/3170,2026-09-16
FC000206,B003,fiber_g_100g,1.7,https://i.fnri.dost.gov.ph/fct/library/report/3170,2026-09-16
FC000206,B003,sugar_g_100g,1.6,https://i.fnri.dost.gov.ph/fct/library/report/3170,2026-09-16
FC000206,B003,sodium_mg_100g,14,https://i.fnri.dost.gov.ph/fct/library/report/3170,2026-09-16
FC000206,B003,cholesterol_mg_100g,0,https://i.fnri.dost.gov.ph/fct/library/report/3170,2026-09-16
FC000207,B007,kcal_100g,78,https://i.fnri.dost.gov.ph/fct/library/report/3174,2026-09-16
FC000207,B007,protein_g_100g,2.4,https://i.fnri.dost.gov.ph/fct/library/report/3174,2026-09-16
FC000207,B007,carbs_g_100g,16.8,https://i.fnri.dost.gov.ph/fct/library/report/3174,2026-09-16
FC000207,B007,fat_g_100g,0.1,https://i.fnri.dost.gov.ph/fct/library/report/3174,2026-09-16
FC000207,B007,fiber_g_100g,2.1,https://i.fnri.dost.gov.ph/fct/library/report/3174,2026-09-16
FC000207,B007,sugar_g_100g,0.8,https://i.fnri.dost.gov.ph/fct/library/report/3174,2026-09-16
FC000207,B007,sodium_mg_100g,29,https://i.fnri.dost.gov.ph/fct/library/report/3174,2026-09-16
FC000207,B007,cholesterol_mg_100g,0,https://i.fnri.dost.gov.ph/fct/library/report/3174,2026-09-16
FC000208,B009,kcal_100g,125,https://i.fnri.dost.gov.ph/fct/library/report/3176,2026-09-16
FC000208,B009,protein_g_100g,0.6,https://i.fnri.dost.gov.ph/fct/library/report/3176,2026-09-16
FC000208,B009,carbs_g_100g,29.8,https://i.fnri.dost.gov.ph/fct/library/report/3176,2026-09-16
FC000208,B009,fat_g_100g,0.4,https://i.fnri.dost.gov.ph/fct/library/report/3176,2026-09-16
FC000208,B009,fiber_g_100g,4.2,https://i.fnri.dost.gov.ph/fct/library/report/3176,2026-09-16
FC000208,B009,sugar_g_100g,5.9,https://i.fnri.dost.gov.ph/fct/library/report/3176,2026-09-16
FC000208,B009,sodium_mg_100g,1,https://i.fnri.dost.gov.ph/fct/library/report/3176,2026-09-16
FC000208,B009,cholesterol_mg_100g,0,https://i.fnri.dost.gov.ph/fct/library/report/3176,2026-09-16
FC000209,B011,kcal_100g,105,https://i.fnri.dost.gov.ph/fct/library/report/3178,2026-09-16
FC000209,B011,protein_g_100g,0.7,https://i.fnri.dost.gov.ph/fct/library/report/3178,2026-09-16
FC000209,B011,carbs_g_100g,24.3,https://i.fnri.dost.gov.ph/fct/library/report/3178,2026-09-16
FC000209,B011,fat_g_100g,0.5,https://i.fnri.dost.gov.ph/fct/library/report/3178,2026-09-16
FC000209,B011,fiber_g_100g,3.5,https://i.fnri.dost.gov.ph/fct/library/report/3178,2026-09-16
FC000209,B011,sugar_g_100g,4.9,https://i.fnri.dost.gov.ph/fct/library/report/3178,2026-09-16
FC000209,B011,sodium_mg_100g,3,https://i.fnri.dost.gov.ph/fct/library/report/3178,2026-09-16
FC000209,B011,cholesterol_mg_100g,0,https://i.fnri.dost.gov.ph/fct/library/report/3178,2026-09-16
FC000210,B013,kcal_100g,135,https://i.fnri.dost.gov.ph/fct/library/report/3180,2026-09-16
FC000210,B013,protein_g_100g,1.1,https://i.fnri.dost.gov.ph/fct/library/report/3180,2026-09-16
FC000210,B013,carbs_g_100g,31.8,https://i.fnri.dost.gov.ph/fct/library/report/3180,2026-09-16
FC000210,B013,fat_g_100g,0.4,https://i.fnri.dost.gov.ph/fct/library/report/3180,2026-09-16
FC000210,B013,fiber_g_100g,4.6,https://i.fnri.dost.gov.ph/fct/library/report/3180,2026-09-16
FC000210,B013,sugar_g_100g,6.3,https://i.fnri.dost.gov.ph/fct/library/report/3180,2026-09-16
FC000210,B013,sodium_mg_100g,4,https://i.fnri.dost.gov.ph/fct/library/report/3180,2026-09-16
FC000210,B013,cholesterol_mg_100g,0,https://i.fnri.dost.gov.ph/fct/library/report/3180,2026-09-16
FC000211,B026,kcal_100g,181,https://i.fnri.dost.gov.ph/fct/library/report/3193,2026-09-16
FC000211,B026,protein_g_100g,0.4,https://i.fnri.dost.gov.ph/fct/library/report/3193,2026-09-16
FC000211,B026,carbs_g_100g,44.1,https://i.fnri.dost.gov.ph/fct/library/report/3193,2026-09-16
FC000211,B026,fat_g_100g,0.3,https://i.fnri.dost.gov.ph/fct/library/report/3193,2026-09-16
FC000211,B026,fiber_g_100g,1.6,https://i.fnri.dost.gov.ph/fct/library/report/3193,2026-09-16
FC000211,B026,sugar_g_100g,23.9,https://i.fnri.dost.gov.ph/fct/library/report/3193,2026-09-16
FC000211,B026,sodium_mg_100g,26,https://i.fnri.dost.gov.ph/fct/library/report/3193,2026-09-16
FC000211,B026,cholesterol_mg_100g,-,https://i.fnri.dost.gov.ph/fct/library/report/3193,2026-09-16
FC000212,B027,kcal_100g,362,https://i.fnri.dost.gov.ph/fct/library/report/3194,2026-09-16
FC000212,B027,protein_g_100g,1.1,https://i.fnri.dost.gov.ph/fct/library/report/3194,2026-09-16
FC000212,B027,carbs_g_100g,87.8,https://i.fnri.dost.gov.ph/fct/library/report/3194,2026-09-16
FC000212,B027,fat_g_100g,0.7,https://i.fnri.dost.gov.ph/fct/library/report/3194,2026-09-16
FC000212,B027,fiber_g_100g,0.9,https://i.fnri.dost.gov.ph/fct/library/report/3194,2026-09-16
FC000212,B027,sugar_g_100g,3.8,https://i.fnri.dost.gov.ph/fct/library/report/3194,2026-09-16
FC000212,B027,sodium_mg_100g,1,https://i.fnri.dost.gov.ph/fct/library/report/3194,2026-09-16
FC000212,B027,cholesterol_mg_100g,0,https://i.fnri.dost.gov.ph/fct/library/report/3194,2026-09-16
FC000213,B028,kcal_100g,360,https://i.fnri.dost.gov.ph/fct/library/report/3195,2026-09-16
FC000213,B028,protein_g_100g,0.7,https://i.fnri.dost.gov.ph/fct/library/report/3195,2026-09-16
FC000213,B028,carbs_g_100g,66.7,https://i.fnri.dost.gov.ph/fct/library/report/3195,2026-09-16
FC000213,B028,fat_g_100g,10.0,https://i.fnri.dost.gov.ph/fct/library/report/3195,2026-09-16
FC000213,B028,fiber_g_100g,5.0,https://i.fnri.dost.gov.ph/fct/library/report/3195,2026-09-16
FC000213,B028,sugar_g_100g,7.8,https://i.fnri.dost.gov.ph/fct/library/report/3195,2026-09-16
FC000213,B028,sodium_mg_100g,295,https://i.fnri.dost.gov.ph/fct/library/report/3195,2026-09-16
FC000213,B028,cholesterol_mg_100g,0,https://i.fnri.dost.gov.ph/fct/library/report/3195,2026-09-16
FC000214,B029,kcal_100g,203,https://i.fnri.dost.gov.ph/fct/library/report/3196,2026-09-16
FC000214,B029,protein_g_100g,1.2,https://i.fnri.dost.gov.ph/fct/library/report/3196,2026-09-16
FC000214,B029,carbs_g_100g,48.4,https://i.fnri.dost.gov.ph/fct/library/report/3196,2026-09-16
FC000214,B029,fat_g_100g,0.5,https://i.fnri.dost.gov.ph/fct/library/report/3196,2026-09-16
FC000214,B029,fiber_g_100g,0.0,https://i.fnri.dost.gov.ph/fct/library/report/3196,2026-09-16
FC000214,B029,sugar_g_100g,26.8,https://i.fnri.dost.gov.ph/fct/library/report/3196,2026-09-16
FC000214,B029,sodium_mg_100g,261,https://i.fnri.dost.gov.ph/fct/library/report/3196,2026-09-16
FC000214,B029,cholesterol_mg_100g,0,https://i.fnri.dost.gov.ph/fct/library/report/3196,2026-09-16
FC000215,B030,kcal_100g,183,https://i.fnri.dost.gov.ph/fct/library/report/3197,2026-09-16
FC000215,B030,protein_g_100g,0.4,https://i.fnri.dost.gov.ph/fct/library/report/3197,2026-09-16
FC000215,B030,carbs_g_100g,42.4,https://i.fnri.dost.gov.ph/fct/library/report/3197,2026-09-16
FC000215,B030,fat_g_100g,1.3,https://i.fnri.dost.gov.ph/fct/library/report/3197,2026-09-16
FC000215,B030,fiber_g_100g,1.3,https://i.fnri.dost.gov.ph/fct/library/report/3197,2026-09-16
FC000215,B030,sugar_g_100g,13.5,https://i.fnri.dost.gov.ph/fct/library/report/3197,2026-09-16
FC000215,B030,sodium_mg_100g,60,https://i.fnri.dost.gov.ph/fct/library/report/3197,2026-09-16
FC000215,B030,cholesterol_mg_100g,0,https://i.fnri.dost.gov.ph/fct/library/report/3197,2026-09-16
FC000216,B031,kcal_100g,210,https://i.fnri.dost.gov.ph/fct/library/report/3198,2026-09-16
FC000216,B031,protein_g_100g,0.5,https://i.fnri.dost.gov.ph/fct/library/report/3198,2026-09-16
FC000216,B031,carbs_g_100g,48.9,https://i.fnri.dost.gov.ph/fct/library/report/3198,2026-09-16
FC000216,B031,fat_g_100g,1.4,https://i.fnri.dost.gov.ph/fct/library/report/3198,2026-09-16
FC000216,B031,fiber_g_100g,1.4,https://i.fnri.dost.gov.ph/fct/library/report/3198,2026-09-16
FC000216,B031,sugar_g_100g,18.9,https://i.fnri.dost.gov.ph/fct/library/report/3198,2026-09-16
FC000216,B031,sodium_mg_100g,6,https://i.fnri.dost.gov.ph/fct/library/report/3198,2026-09-16
FC000216,B031,cholesterol_mg_100g,0,https://i.fnri.dost.gov.ph/fct/library/report/3198,2026-09-16
FC000217,B033,kcal_100g,556,https://i.fnri.dost.gov.ph/fct/library/report/3200,2026-09-16
FC000217,B033,protein_g_100g,6.2,https://i.fnri.dost.gov.ph/fct/library/report/3200,2026-09-16
FC000217,B033,carbs_g_100g,51.8,https://i.fnri.dost.gov.ph/fct/library/report/3200,2026-09-16
FC000217,B033,fat_g_100g,36.0,https://i.fnri.dost.gov.ph/fct/library/report/3200,2026-09-16
FC000217,B033,fiber_g_100g,5.1,https://i.fnri.dost.gov.ph/fct/library/report/3200,2026-09-16
FC000217,B033,sugar_g_100g,0.3,https://i.fnri.dost.gov.ph/fct/library/report/3200,2026-09-16
FC000217,B033,sodium_mg_100g,720,https://i.fnri.dost.gov.ph/fct/library/report/3200,2026-09-16
FC000217,B033,cholesterol_mg_100g,5,https://i.fnri.dost.gov.ph/fct/library/report/3200,2026-09-16
FC000218,B035,kcal_100g,341,https://i.fnri.dost.gov.ph/fct/library/report/3202,2026-09-16
FC000218,B035,protein_g_100g,0.4,https://i.fnri.dost.gov.ph/fct/library/report/3202,2026-09-16
FC000218,B035,carbs_g_100g,82.4,https://i.fnri.dost.gov.ph/fct/library/report/3202,2026-09-16
FC000218,B035,fat_g_100g,1.1,https://i.fnri.dost.gov.ph/fct/library/report/3202,2026-09-16
FC000218,B035,fiber_g_100g,0.5,https://i.fnri.dost.gov.ph/fct/library/report/3202,2026-09-16
FC000218,B035,sugar_g_100g,3.2,https://i.fnri.dost.gov.ph/fct/library/report/3202,2026-09-16
FC000218,B035,sodium_mg_100g,11,https://i.fnri.dost.gov.ph/fct/library/report/3202,2026-09-16
FC000218,B035,cholesterol_mg_100g,0,https://i.fnri.dost.gov.ph/fct/library/report/3202,2026-09-16
FC000219,B040,kcal_100g,187,https://i.fnri.dost.gov.ph/fct/library/report/3207,2026-09-16
FC000219,B040,protein_g_100g,1.2,https://i.fnri.dost.gov.ph/fct/library/report/3207,2026-09-16
FC000219,B040,carbs_g_100g,43.8,https://i.fnri.dost.gov.ph/fct/library/report/3207,2026-09-16
FC000219,B040,fat_g_100g,0.8,https://i.fnri.dost.gov.ph/fct/library/report/3207,2026-09-16
FC000219,B040,fiber_g_100g,1.7,https://i.fnri.dost.gov.ph/fct/library/report/3207,2026-09-16
FC000219,B040,sugar_g_100g,25.1,https://i.fnri.dost.gov.ph/fct/library/report/3207,2026-09-16
FC000219,B040,sodium_mg_100g,12,https://i.fnri.dost.gov.ph/fct/library/report/3207,2026-09-16
FC000219,B040,cholesterol_mg_100g,0,https://i.fnri.dost.gov.ph/fct/library/report/3207,2026-09-16
FC000220,B041,kcal_100g,191,https://i.fnri.dost.gov.ph/fct/library/report/3208,2026-09-16
FC000220,B041,protein_g_100g,1.7,https://i.fnri.dost.gov.ph/fct/library/report/3208,2026-09-16
FC000220,B041,carbs_g_100g,43.4,https://i.fnri.dost.gov.ph/fct/library/report/3208,2026-09-16
FC000220,B041,fat_g_100g,1.2,https://i.fnri.dost.gov.ph/fct/library/report/3208,2026-09-16
FC000220,B041,fiber_g_100g,2.0,https://i.fnri.dost.gov.ph/fct/library/report/3208,2026-09-16
FC000220,B041,sugar_g_100g,25.9,https://i.fnri.dost.gov.ph/fct/library/report/3208,2026-09-16
FC000220,B041,sodium_mg_100g,14,https://i.fnri.dost.gov.ph/fct/library/report/3208,2026-09-16
FC000220,B041,cholesterol_mg_100g,0,https://i.fnri.dost.gov.ph/fct/library/report/3208,2026-09-16
FC000221,B043,kcal_100g,121,https://i.fnri.dost.gov.ph/fct/library/report/3210,2026-09-16
FC000221,B043,protein_g_100g,1.1,https://i.fnri.dost.gov.ph/fct/library/report/3210,2026-09-16
FC000221,B043,carbs_g_100g,28.4,https://i.fnri.dost.gov.ph/fct/library/report/3210,2026-09-16
FC000221,B043,fat_g_100g,0.3,https://i.fnri.dost.gov.ph/fct/library/report/3210,2026-09-16
FC000221,B043,fiber_g_100g,2.9,https://i.fnri.dost.gov.ph/fct/library/report/3210,2026-09-16
FC000221,B043,sugar_g_100g,5.0,https://i.fnri.dost.gov.ph/fct/library/report/3210,2026-09-16
FC000221,B043,sodium_mg_100g,83,https://i.fnri.dost.gov.ph/fct/library/report/3210,2026-09-16
FC000221,B043,cholesterol_mg_100g,0,https://i.fnri.dost.gov.ph/fct/library/report/3210,2026-09-16
FC000222,B005,kcal_100g,88,https://i.fnri.dost.gov.ph/fct/library/report/3172,2026-09-16
FC000222,B005,protein_g_100g,3.1,https://i.fnri.dost.gov.ph/fct/library/report/3172,2026-09-16
FC000222,B005,carbs_g_100g,18.5,https://i.fnri.dost.gov.ph/fct/library/report/3172,2026-09-16
FC000222,B005,fat_g_100g,0.2,https://i.fnri.dost.gov.ph/fct/library/report/3172,2026-09-16
FC000222,B005,fiber_g_100g,1.5,https://i.fnri.dost.gov.ph/fct/library/report/3172,2026-09-16
FC000222,B005,sugar_g_100g,0.0,https://i.fnri.dost.gov.ph/fct/library/report/3172,2026-09-16
FC000222,B005,sodium_mg_100g,31,https://i.fnri.dost.gov.ph/fct/library/report/3172,2026-09-16
FC000222,B005,cholesterol_mg_100g,0,https://i.fnri.dost.gov.ph/fct/library/report/3172,2026-09-16
FC000223,C002,kcal_100g,603,https://i.fnri.dost.gov.ph/fct/library/report/3212,2026-09-16
FC000223,C002,protein_g_100g,19.2,https://i.fnri.dost.gov.ph/fct/library/report/3212,2026-09-16
FC000223,C002,carbs_g_100g,24.8,https://i.fnri.dost.gov.ph/fct/library/report/3212,2026-09-16
FC000223,C002,fat_g_100g,47.4,https://i.fnri.dost.gov.ph/fct/library/report/3212,2026-09-16
FC000223,C002,fiber_g_100g,2.9,https://i.fnri.dost.gov.ph/fct/library/report/3212,2026-09-16
FC000223,C002,sugar_g_100g,4.8,https://i.fnri.dost.gov.ph/fct/library/report/3212,2026-09-16
FC000223,C002,sodium_mg_100g,15,https://i.fnri.dost.gov.ph/fct/library/report/3212,2026-09-16
FC000223,C002,cholesterol_mg_100g,0,https://i.fnri.dost.gov.ph/fct/library/report/3212,2026-09-16
FC000224,C005,kcal_100g,198,https://i.fnri.dost.gov.ph/fct/library/report/3215,2026-09-16
FC000224,C005,protein_g_100g,5.7,https://i.fnri.dost.gov.ph/fct/library/report/3215,2026-09-16
FC000224,C005,carbs_g_100g,39.2,https://i.fnri.dost.gov.ph/fct/library/report/3215,2026-09-16
FC000224,C005,fat_g_100g,2.0,https://i.fnri.dost.gov.ph/fct/library/report/3215,2026-09-16
FC000224,C005,fiber_g_100g,9.1,https://i.fnri.dost.gov.ph/fct/library/report/3215,2026-09-16
FC000224,C005,sugar_g_100g,5.8,https://i.fnri.dost.gov.ph/fct/library/report/3215,2026-09-16
FC000224,C005,sodium_mg_100g,8,https://i.fnri.dost.gov.ph/fct/library/report/3215,2026-09-16
FC000224,C005,cholesterol_mg_100g,0,https://i.fnri.dost.gov.ph/fct/library/report/3215,2026-09-16
FC000225,C021,kcal_100g,138,https://i.fnri.dost.gov.ph/fct/library/report/3231,2026-09-16
FC000225,C021,protein_g_100g,7.9,https://i.fnri.dost.gov.ph/fct/library/report/3231,2026-09-16
FC000225,C021,carbs_g_100g,24.6,https://i.fnri.dost.gov.ph/fct/library/report/3231,2026-09-16
FC000225,C021,fat_g_100g,0.9,https://i.fnri.dost.gov.ph/fct/library/report/3231,2026-09-16
FC000225,C021,fiber_g_100g,7.9,https://i.fnri.dost.gov.ph/fct/library/report/3231,2026-09-16
FC000225,C021,sugar_g_100g,0.3,https://i.fnri.dost.gov.ph/fct/library/report/3231,2026-09-16
FC000225,C021,sodium_mg_100g,2,https://i.fnri.dost.gov.ph/fct/library/report/3231,2026-09-16
FC000225,C021,cholesterol_mg_100g,0,https://i.fnri.dost.gov.ph/fct/library/report/3231,2026-09-16
FC000226,C035,kcal_100g,315,https://i.fnri.dost.gov.ph/fct/library/report/3245,2026-09-16
FC000226,C035,protein_g_100g,13.0,https://i.fnri.dost.gov.ph/fct/library/report/3245,2026-09-16
FC000226,C035,carbs_g_100g,15.3,https://i.fnri.dost.gov.ph/fct/library/report/3245,2026-09-16
FC000226,C035,fat_g_100g,22.4,https://i.fnri.dost.gov.ph/fct/library/report/3245,2026-09-16
FC000226,C035,fiber_g_100g,4.7,https://i.fnri.dost.gov.ph/fct/library/report/3245,2026-09-16
FC000226,C035,sugar_g_100g,2.6,https://i.fnri.dost.gov.ph/fct/library/report/3245,2026-09-16
FC000226,C035,sodium_mg_100g,10,https://i.fnri.dost.gov.ph/fct/library/report/3245,2026-09-16
FC000226,C035,cholesterol_mg_100g,0,https://i.fnri.dost.gov.ph/fct/library/report/3245,2026-09-16
FC000227,C036,kcal_100g,621,https://i.fnri.dost.gov.ph/fct/library/report/3246,2026-09-16
FC000227,C036,protein_g_100g,32.1,https://i.fnri.dost.gov.ph/fct/library/report/3246,2026-09-16
FC000227,C036,carbs_g_100g,9.1,https://i.fnri.dost.gov.ph/fct/library/report/3246,2026-09-16
FC000227,C036,fat_g_100g,50.7,https://i.fnri.dost.gov.ph/fct/library/report/3246,2026-09-16
FC000227,C036,fiber_g_100g,8.1,https://i.fnri.dost.gov.ph/fct/library/report/3246,2026-09-16
FC000227,C036,sugar_g_100g,-,https://i.fnri.dost.gov.ph/fct/library/report/3246,2026-09-16
FC000227,C036,sodium_mg_100g,6,https://i.fnri.dost.gov.ph/fct/library/report/3246,2026-09-16
FC000227,C036,cholesterol_mg_100g,0,https://i.fnri.dost.gov.ph/fct/library/report/3246,2026-09-16
FC000228,C048,kcal_100g,267,https://i.fnri.dost.gov.ph/fct/library/report/3258,2026-09-16
FC000228,C048,protein_g_100g,12.4,https://i.fnri.dost.gov.ph/fct/library/report/3258,2026-09-16
FC000228,C048,carbs_g_100g,38.9,https://i.fnri.dost.gov.ph/fct/library/report/3258,2026-09-16
FC000228,C048,fat_g_100g,6.9,https://i.fnri.dost.gov.ph/fct/library/report/3258,2026-09-16
FC000228,C048,fiber_g_100g,9.6,https://i.fnri.dost.gov.ph/fct/library/report/3258,2026-09-16
FC000228,C048,sugar_g_100g,4.8,https://i.fnri.dost.gov.ph/fct/library/report/3258,2026-09-16
FC000228,C048,sodium_mg_100g,2,https://i.fnri.dost.gov.ph/fct/library/report/3258,2026-09-16
FC000228,C048,cholesterol_mg_100g,0,https://i.fnri.dost.gov.ph/fct/library/report/3258,2026-09-16
FC000229,C004,kcal_100g,377,https://i.fnri.dost.gov.ph/fct/library/report/3214,2026-09-16
FC000229,C004,protein_g_100g,19.2,https://i.fnri.dost.gov.ph/fct/library/report/3214,2026-09-16
FC000229,C004,carbs_g_100g,61.2,https://i.fnri.dost.gov.ph/fct/library/report/3214,2026-09-16
FC000229,C004,fat_g_100g,6.2,https://i.fnri.dost.gov.ph/fct/library/report/3214,2026-09-16
FC000229,C004,fiber_g_100g,11.8,https://i.fnri.dost.gov.ph/fct/library/report/3214,2026-09-16
FC000229,C004,sugar_g_100g,10.4,https://i.fnri.dost.gov.ph/fct/library/report/3214,2026-09-16
FC000229,C004,sodium_mg_100g,7,https://i.fnri.dost.gov.ph/fct/library/report/3214,2026-09-16
FC000229,C004,cholesterol_mg_100g,0,https://i.fnri.dost.gov.ph/fct/library/report/3214,2026-09-16
FC000230,C006,kcal_100g,319,https://i.fnri.dost.gov.ph/fct/library/report/3216,2026-09-16
FC000230,C006,protein_g_100g,3.9,https://i.fnri.dost.gov.ph/fct/library/report/3216,2026-09-16
FC000230,C006,carbs_g_100g,17.2,https://i.fnri.dost.gov.ph/fct/library/report/3216,2026-09-16
FC000230,C006,fat_g_100g,26.1,https://i.fnri.dost.gov.ph/fct/library/report/3216,2026-09-16
FC000230,C006,fiber_g_100g,8.2,https://i.fnri.dost.gov.ph/fct/library/report/3216,2026-09-16
FC000230,C006,sugar_g_100g,5.7,https://i.fnri.dost.gov.ph/fct/library/report/3216,2026-09-16
FC000230,C006,sodium_mg_100g,18,https://i.fnri.dost.gov.ph/fct/library/report/3216,2026-09-16
FC000230,C006,cholesterol_mg_100g,0,https://i.fnri.dost.gov.ph/fct/library/report/3216,2026-09-16
FC000231,C007,kcal_100g,42,https://i.fnri.dost.gov.ph/fct/library/report/3217,2026-09-16
FC000231,C007,protein_g_100g,0.8,https://i.fnri.dost.gov.ph/fct/library/report/3217,2026-09-16
FC000231,C007,carbs_g_100g,6.8,https://i.fnri.dost.gov.ph/fct/library/report/3217,2026-09-16
FC000231,C007,fat_g_100g,1.3,https://i.fnri.dost.gov.ph/fct/library/report/3217,2026-09-16
FC000231,C007,fiber_g_100g,0.6,https://i.fnri.dost.gov.ph/fct/library/report/3217,2026-09-16
FC000231,C007,sugar_g_100g,2.9,https://i.fnri.dost.gov.ph/fct/library/report/3217,2026-09-16
FC000231,C007,sodium_mg_100g,10,https://i.fnri.dost.gov.ph/fct/library/report/3217,2026-09-16
FC000231,C007,cholesterol_mg_100g,0,https://i.fnri.dost.gov.ph/fct/library/report/3217,2026-09-16
FC000232,C008,kcal_100g,102,https://i.fnri.dost.gov.ph/fct/library/report/3218,2026-09-16
FC000232,C008,protein_g_100g,1.4,https://i.fnri.dost.gov.ph/fct/library/report/3218,2026-09-16
FC000232,C008,carbs_g_100g,12.1,https://i.fnri.dost.gov.ph/fct/library/report/3218,2026-09-16
FC000232,C008,fat_g_100g,5.3,https://i.fnri.dost.gov.ph/fct/library/report/3218,2026-09-16
FC000232,C008,fiber_g_100g,1.2,https://i.fnri.dost.gov.ph/fct/library/report/3218,2026-09-16
FC000232,C008,sugar_g_100g,6.0,https://i.fnri.dost.gov.ph/fct/library/report/3218,2026-09-16
FC000232,C008,sodium_mg_100g,21,https://i.fnri.dost.gov.ph/fct/library/report/3218,2026-09-16
FC000232,C008,cholesterol_mg_100g,0,https://i.fnri.dost.gov.ph/fct/library/report/3218,2026-09-16
FC000233,C020,kcal_100g,348,https://i.fnri.dost.gov.ph/fct/library/report/3230,2026-09-16
FC000233,C020,protein_g_100g,19.3,https://i.fnri.dost.gov.ph/fct/library/report/3230,2026-09-16
FC000233,C020,carbs_g_100g,64.2,https://i.fnri.dost.gov.ph/fct/library/report/3230,2026-09-16
FC000233,C020,fat_g_100g,1.5,https://i.fnri.dost.gov.ph/fct/library/report/3230,2026-09-16
FC000233,C020,fiber_g_100g,15.2,https://i.fnri.dost.gov.ph/fct/library/report/3230,2026-09-16
FC000233,C020,sugar_g_100g,2.1,https://i.fnri.dost.gov.ph/fct/library/report/3230,2026-09-16
FC000233,C020,sodium_mg_100g,12,https://i.fnri.dost.gov.ph/fct/library/report/3230,2026-09-16
FC000233,C020,cholesterol_mg_100g,0,https://i.fnri.dost.gov.ph/fct/library/report/3230,2026-09-16
FC000234,C027,kcal_100g,348,https://i.fnri.dost.gov.ph/fct/library/report/3237,2026-09-16
FC000234,C027,protein_g_100g,23.2,https://i.fnri.dost.gov.ph/fct/library/report/3237,2026-09-16
FC000234,C027,carbs_g_100g,60.1,https://i.fnri.dost.gov.ph/fct/library/report/3237,2026-09-16
FC000234,C027,fat_g_100g,1.6,https://i.fnri.dost.gov.ph/fct/library/report/3237,2026-09-16
FC000234,C027,fiber_g_100g,18.4,https://i.fnri.dost.gov.ph/fct/library/report/3237,2026-09-16
FC000234,C027,sugar_g_100g,6.4,https://i.fnri.dost.gov.ph/fct/library/report/3237,2026-09-16
FC000234,C027,sodium_mg_100g,24,https://i.fnri.dost.gov.ph/fct/library/report/3237,2026-09-16
FC000234,C027,cholesterol_mg_100g,0,https://i.fnri.dost.gov.ph/fct/library/report/3237,2026-09-16
FC000235,C043,kcal_100g,642,https://i.fnri.dost.gov.ph/fct/library/report/3253,2026-09-16
FC000235,C043,protein_g_100g,25.1,https://i.fnri.dost.gov.ph/fct/library/report/3253,2026-09-16
FC000235,C043,carbs_g_100g,15.1,https://i.fnri.dost.gov.ph/fct/library/report/3253,2026-09-16
FC000235,C043,fat_g_100g,53.5,https://i.fnri.dost.gov.ph/fct/library/report/3253,2026-09-16
FC000235,C043,fiber_g_100g,12.0,https://i.fnri.dost.gov.ph/fct/library/report/3253,2026-09-16
FC000235,C043,sugar_g_100g,0.3,https://i.fnri.dost.gov.ph/fct/library/report/3253,2026-09-16
FC000235,C043,sodium_mg_100g,36,https://i.fnri.dost.gov.ph/fct/library/report/3253,2026-09-16
FC000235,C043,cholesterol_mg_100g,0,https://i.fnri.dost.gov.ph/fct/library/report/3253,2026-09-16
FC000236,C044,kcal_100g,442,https://i.fnri.dost.gov.ph/fct/library/report/3254,2026-09-16
FC000236,C044,protein_g_100g,35.8,https://i.fnri.dost.gov.ph/fct/library/report/3254,2026-09-16
FC000236,C044,carbs_g_100g,35.9,https://i.fnri.dost.gov.ph/fct/library/report/3254,2026-09-16
FC000236,C044,fat_g_100g,17.2,https://i.fnri.dost.gov.ph/fct/library/report/3254,2026-09-16
FC000236,C044,fiber_g_100g,9.5,https://i.fnri.dost.gov.ph/fct/library/report/3254,2026-09-16
FC000236,C044,sugar_g_100g,7.5,https://i.fnri.dost.gov.ph/fct/library/report/3254,2026-09-16
FC000236,C044,sodium_mg_100g,2,https://i.fnri.dost.gov.ph/fct/library/report/3254,2026-09-16
FC000236,C044,cholesterol_mg_100g,0,https://i.fnri.dost.gov.ph/fct/library/report/3254,2026-09-16
FC000237,C051,kcal_100g,132,https://i.fnri.dost.gov.ph/fct/library/report/3261,2026-09-16
FC000237,C051,protein_g_100g,7.4,https://i.fnri.dost.gov.ph/fct/library/report/3261,2026-09-16
FC000237,C051,carbs_g_100g,20.1,https://i.fnri.dost.gov.ph/fct/library/report/3261,2026-09-16
FC000237,C051,fat_g_100g,2.4,https://i.fnri.dost.gov.ph/fct/library/report/3261,2026-09-16
FC000237,C051,fiber_g_100g,6.0,https://i.fnri.dost.gov.ph/fct/library/report/3261,2026-09-16
FC000237,C051,sugar_g_100g,3.7,https://i.fnri.dost.gov.ph/fct/library/report/3261,2026-09-16
FC000237,C051,sodium_mg_100g,229,https://i.fnri.dost.gov.ph/fct/library/report/3261,2026-09-16
FC000237,C051,cholesterol_mg_100g,0,https://i.fnri.dost.gov.ph/fct/library/report/3261,2026-09-16
FC000238,C055,kcal_100g,118,https://i.fnri.dost.gov.ph/fct/library/report/3265,2026-09-16
FC000238,C055,protein_g_100g,6.9,https://i.fnri.dost.gov.ph/fct/library/report/3265,2026-09-16
FC000238,C055,carbs_g_100g,20.1,https://i.fnri.dost.gov.ph/fct/library/report/3265,2026-09-16
FC000238,C055,fat_g_100g,1.1,https://i.fnri.dost.gov.ph/fct/library/report/3265,2026-09-16
FC000238,C055,fiber_g_100g,8.1,https://i.fnri.dost.gov.ph/fct/library/report/3265,2026-09-16
FC000238,C055,sugar_g_100g,4.9,https://i.fnri.dost.gov.ph/fct/library/report/3265,2026-09-16
FC000238,C055,sodium_mg_100g,449,https://i.fnri.dost.gov.ph/fct/library/report/3265,2026-09-16
FC000238,C055,cholesterol_mg_100g,0,https://i.fnri.dost.gov.ph/fct/library/report/3265,2026-09-16
FC000239,C058,kcal_100g,616,https://i.fnri.dost.gov.ph/fct/library/report/3268,2026-09-16
FC000239,C058,protein_g_100g,25.4,https://i.fnri.dost.gov.ph/fct/library/report/3268,2026-09-16
FC000239,C058,carbs_g_100g,26.4,https://i.fnri.dost.gov.ph/fct/library/report/3268,2026-09-16
FC000239,C058,fat_g_100g,45.4,https://i.fnri.dost.gov.ph/fct/library/report/3268,2026-09-16
FC000239,C058,fiber_g_100g,5.8,https://i.fnri.dost.gov.ph/fct/library/report/3268,2026-09-16
FC000239,C058,sugar_g_100g,10.4,https://i.fnri.dost.gov.ph/fct/library/report/3268,2026-09-16
FC000239,C058,sodium_mg_100g,426,https://i.fnri.dost.gov.ph/fct/library/report/3268,2026-09-16
FC000239,C058,cholesterol_mg_100g,0,https://i.fnri.dost.gov.ph/fct/library/report/3268,2026-09-16
FC000240,C061,kcal_100g,117,https://i.fnri.dost.gov.ph/fct/library/report/3271,2026-09-16
FC000240,C061,protein_g_100g,11.4,https://i.fnri.dost.gov.ph/fct/library/report/3271,2026-09-16
FC000240,C061,carbs_g_100g,4.0,https://i.fnri.dost.gov.ph/fct/library/report/3271,2026-09-16
FC000240,C061,fat_g_100g,6.2,https://i.fnri.dost.gov.ph/fct/library/report/3271,2026-09-16
FC000240,C061,fiber_g_100g,0.0,https://i.fnri.dost.gov.ph/fct/library/report/3271,2026-09-16
FC000240,C061,sugar_g_100g,2.1,https://i.fnri.dost.gov.ph/fct/library/report/3271,2026-09-16
FC000240,C061,sodium_mg_100g,3410,https://i.fnri.dost.gov.ph/fct/library/report/3271,2026-09-16
FC000240,C061,cholesterol_mg_100g,0,https://i.fnri.dost.gov.ph/fct/library/report/3271,2026-09-16
FC000241,C062,kcal_100g,143,https://i.fnri.dost.gov.ph/fct/library/report/3272,2026-09-16
FC000241,C062,protein_g_100g,12.0,https://i.fnri.dost.gov.ph/fct/library/report/3272,2026-09-16
FC000241,C062,carbs_g_100g,7.6,https://i.fnri.dost.gov.ph/fct/library/report/3272,2026-09-16
FC000241,C062,fat_g_100g,7.2,https://i.fnri.dost.gov.ph/fct/library/report/3272,2026-09-16
FC000241,C062,fiber_g_100g,0.0,https://i.fnri.dost.gov.ph/fct/library/report/3272,2026-09-16
FC000241,C062,sugar_g_100g,2.4,https://i.fnri.dost.gov.ph/fct/library/report/3272,2026-09-16
FC000241,C062,sodium_mg_100g,3842,https://i.fnri.dost.gov.ph/fct/library/report/3272,2026-09-16
FC000241,C062,cholesterol_mg_100g,0,https://i.fnri.dost.gov.ph/fct/library/report/3272,2026-09-16
FC000242,C065,kcal_100g,34,https://i.fnri.dost.gov.ph/fct/library/report/3275,2026-09-16
FC000242,C065,protein_g_100g,2.9,https://i.fnri.dost.gov.ph/fct/library/report/3275,2026-09-16
FC000242,C065,carbs_g_100g,2.4,https://i.fnri.dost.gov.ph/fct/library/report/3275,2026-09-16
FC000242,C065,fat_g_100g,1.4,https://i.fnri.dost.gov.ph/fct/library/report/3275,2026-09-16
FC000242,C065,fiber_g_100g,0.2,https://i.fnri.dost.gov.ph/fct/library/report/3275,2026-09-16
FC000242,C065,sugar_g_100g,0.3,https://i.fnri.dost.gov.ph/fct/library/report/3275,2026-09-16
FC000242,C065,sodium_mg_100g,22,https://i.fnri.dost.gov.ph/fct/library/report/3275,2026-09-16
FC000242,C065,cholesterol_mg_100g,0,https://i.fnri.dost.gov.ph/fct/library/report/3275,2026-09-16
FC000243,C066,kcal_100g,62,https://i.fnri.dost.gov.ph/fct/library/report/3276,2026-09-16
FC000243,C066,protein_g_100g,2.2,https://i.fnri.dost.gov.ph/fct/library/report/3276,2026-09-16
FC000243,C066,carbs_g_100g,13.1,https://i.fnri.dost.gov.ph/fct/library/report/3276,2026-09-16
FC000243,C066,fat_g_100g,0.1,https://i.fnri.dost.gov.ph/fct/library/report/3276,2026-09-16
FC000243,C066,fiber_g_100g,0.1,https://i.fnri.dost.gov.ph/fct/library/report/3276,2026-09-16
FC000243,C066,sugar_g_100g,6.2,https://i.fnri.dost.gov.ph/fct/library/report/3276,2026-09-16
FC000243,C066,sodium_mg_100g,23,https://i.fnri.dost.gov.ph/fct/library/report/3276,2026-09-16
FC000243,C066,cholesterol_mg_100g,0,https://i.fnri.dost.gov.ph/fct/library/report/3276,2026-09-16
FC000244,C067,kcal_100g,144,https://i.fnri.dost.gov.ph/fct/library/report/3277,2026-09-16
FC000244,C067,protein_g_100g,13.0,https://i.fnri.dost.gov.ph/fct/library/report/3277,2026-09-16
FC000244,C067,carbs_g_100g,15.2,https://i.fnri.dost.gov.ph/fct/library/report/3277,2026-09-16
FC000244,C067,fat_g_100g,3.5,https://i.fnri.dost.gov.ph/fct/library/report/3277,2026-09-16
FC000244,C067,fiber_g_100g,3.2,https://i.fnri.dost.gov.ph/fct/library/report/3277,2026-09-16
FC000244,C067,sugar_g_100g,3.7,https://i.fnri.dost.gov.ph/fct/library/report/3277,2026-09-16
FC000244,C067,sodium_mg_100g,1673,https://i.fnri.dost.gov.ph/fct/library/report/3277,2026-09-16
FC000244,C067,cholesterol_mg_100g,0,https://i.fnri.dost.gov.ph/fct/library/report/3277,2026-09-16
FC000245,C068,kcal_100g,138,https://i.fnri.dost.gov.ph/fct/library/report/3278,2026-09-16
FC000245,C068,protein_g_100g,11.8,https://i.fnri.dost.gov.ph/fct/library/report/3278,2026-09-16
FC000245,C068,carbs_g_100g,9.4,https://i.fnri.dost.gov.ph/fct/library/report/3278,2026-09-16
FC000245,C068,fat_g_100g,5.9,https://i.fnri.dost.gov.ph/fct/library/report/3278,2026-09-16
FC000245,C068,fiber_g_100g,4.3,https://i.fnri.dost.gov.ph/fct/library/report/3278,2026-09-16
FC000245,C068,sugar_g_100g,3.4,https://i.fnri.dost.gov.ph/fct/library/report/3278,2026-09-16
FC000245,C068,sodium_mg_100g,479,https://i.fnri.dost.gov.ph/fct/library/report/3278,2026-09-16
FC000245,C068,cholesterol_mg_100g,0,https://i.fnri.dost.gov.ph/fct/library/report/3278,2026-09-16
FC000246,C069,kcal_100g,562,https://i.fnri.dost.gov.ph/fct/library/report/3279,2026-09-16
FC000246,C069,protein_g_100g,40.2,https://i.fnri.dost.gov.ph/fct/library/report/3279,2026-09-16
FC000246,C069,carbs_g_100g,3.1,https://i.fnri.dost.gov.ph/fct/library/report/3279,2026-09-16
FC000246,C069,fat_g_100g,43.2,https://i.fnri.dost.gov.ph/fct/library/report/3279,2026-09-16
FC000246,C069,fiber_g_100g,6.0,https://i.fnri.dost.gov.ph/fct/library/report/3279,2026-09-16
FC000246,C069,sugar_g_100g,-,https://i.fnri.dost.gov.ph/fct/library/report/3279,2026-09-16
FC000246,C069,sodium_mg_100g,94,https://i.fnri.dost.gov.ph/fct/library/report/3279,2026-09-16
FC000246,C069,cholesterol_mg_100g,0,https://i.fnri.dost.gov.ph/fct/library/report/3279,2026-09-16
FC000247,C019,kcal_100g,117,https://i.fnri.dost.gov.ph/fct/library/report/3229,2026-09-16
FC000247,C019,protein_g_100g,3.9,https://i.fnri.dost.gov.ph/fct/library/report/3229,2026-09-16
FC000247,C019,carbs_g_100g,24.1,https://i.fnri.dost.gov.ph/fct/library/report/3229,2026-09-16
FC000247,C019,fat_g_100g,0.6,https://i.fnri.dost.gov.ph/fct/library/report/3229,2026-09-16
FC000247,C019,fiber_g_100g,7.6,https://i.fnri.dost.gov.ph/fct/library/report/3229,2026-09-16
FC000247,C019,sugar_g_100g,0.7,https://i.fnri.dost.gov.ph/fct/library/report/3229,2026-09-16
FC000247,C019,sodium_mg_100g,1,https://i.fnri.dost.gov.ph/fct/library/report/3229,2026-09-16
FC000247,C019,cholesterol_mg_100g,0,https://i.fnri.dost.gov.ph/fct/library/report/3229,2026-09-16
FC000248,D011,kcal_100g,26,https://i.fnri.dost.gov.ph/fct/library/report/3290,2026-09-16
FC000248,D011,protein_g_100g,1.2,https://i.fnri.dost.gov.ph/fct/library/report/3290,2026-09-16
FC000248,D011,carbs_g_100g,4.5,https://i.fnri.dost.gov.ph/fct/library/report/3290,2026-09-16
FC000248,D011,fat_g_100g,0.3,https://i.fnri.dost.gov.ph/fct/library/report/3290,2026-09-16
FC000248,D011,fiber_g_100g,1.6,https://i.fnri.dost.gov.ph/fct/library/report/3290,2026-09-16
FC000248,D011,sugar_g_100g,0.5,https://i.fnri.dost.gov.ph/fct/library/report/3290,2026-09-16
FC000248,D011,sodium_mg_100g,6,https://i.fnri.dost.gov.ph/fct/library/report/3290,2026-09-16
FC000248,D011,cholesterol_mg_100g,0,https://i.fnri.dost.gov.ph/fct/library/report/3290,2026-09-16
FC000249,D014,kcal_100g,18,https://i.fnri.dost.gov.ph/fct/library/report/3293,2026-09-16
FC000249,D014,protein_g_100g,0.9,https://i.fnri.dost.gov.ph/fct/library/report/3293,2026-09-16
FC000249,D014,carbs_g_100g,3.2,https://i.fnri.dost.gov.ph/fct/library/report/3293,2026-09-16
FC000249,D014,fat_g_100g,0.2,https://i.fnri.dost.gov.ph/fct/library/report/3293,2026-09-16
FC000249,D014,fiber_g_100g,2.7,https://i.fnri.dost.gov.ph/fct/library/report/3293,2026-09-16
FC000249,D014,sugar_g_100g,0.3,https://i.fnri.dost.gov.ph/fct/library/report/3293,2026-09-16
FC000249,D014,sodium_mg_100g,2,https://i.fnri.dost.gov.ph/fct/library/report/3293,2026-09-16
FC000249,D014,cholesterol_mg_100g,0,https://i.fnri.dost.gov.ph/fct/library/report/3293,2026-09-16
FC000250,D019,kcal_100g,19,https://i.fnri.dost.gov.ph/fct/library/report/3298,2026-09-16
FC000250,D019,protein_g_100g,0.4,https://i.fnri.dost.gov.ph/fct/library/report/3298,2026-09-16
FC000250,D019,carbs_g_100g,3.8,https://i.fnri.dost.gov.ph/fct/library/report/3298,2026-09-16
FC000250,D019,fat_g_100g,0.2,https://i.fnri.dost.gov.ph/fct/library/report/3298,2026-09-16
FC000250,D019,fiber_g_100g,1.6,https://i.fnri.dost.gov.ph/fct/library/report/3298,2026-09-16
FC000250,D019,sugar_g_100g,1.5,https://i.fnri.dost.gov.ph/fct/library/report/3298,2026-09-16
FC000250,D019,sodium_mg_100g,1,https://i.fnri.dost.gov.ph/fct/library/report/3298,2026-09-16
FC000250,D019,cholesterol_mg_100g,0,https://i.fnri.dost.gov.ph/fct/library/report/3298,2026-09-16
FC000251,D026,kcal_100g,16,https://i.fnri.dost.gov.ph/fct/library/report/3305,2026-09-16
FC000251,D026,protein_g_100g,0.2,https://i.fnri.dost.gov.ph/fct/library/report/3305,2026-09-16
FC000251,D026,carbs_g_100g,3.8,https://i.fnri.dost.gov.ph/fct/library/report/3305,2026-09-16
FC000251,D026,fat_g_100g,0.0,https://i.fnri.dost.gov.ph/fct/library/report/3305,2026-09-16
FC000251,D026,fiber_g_100g,1.1,https://i.fnri.dost.gov.ph/fct/library/report/3305,2026-09-16
FC000251,D026,sugar_g_100g,2.4,https://i.fnri.dost.gov.ph/fct/library/report/3305,2026-09-16
FC000251,D026,sodium_mg_100g,2,https://i.fnri.dost.gov.ph/fct/library/report/3305,2026-09-16
FC000251,D026,cholesterol_mg_100g,0,https://i.fnri.dost.gov.ph/fct/library/report/3305,2026-09-16
FC000252,D036,kcal_100g,23,https://i.fnri.dost.gov.ph/fct/library/report/3315,2026-09-16
FC000252,D036,protein_g_100g,0.6,https://i.fnri.dost.gov.ph/fct/library/report/3315,2026-09-16
FC000252,D036,carbs_g_100g,5.0,https://i.fnri.dost.gov.ph/fct/library/report/3315,2026-09-16
FC000252,D036,fat_g_100g,0.1,https://i.fnri.dost.gov.ph/fct/library/report/3315,2026-09-16
FC000252,D036,fiber_g_100g,1.5,https://i.fnri.dost.gov.ph/fct/library/report/3315,2026-09-16
FC000252,D036,sugar_g_100g,2.3,https://i.fnri.dost.gov.ph/fct/library/report/3315,2026-09-16
FC000252,D036,sodium_mg_100g,6,https://i.fnri.dost.gov.ph/fct/library/report/3315,2026-09-16
FC000252,D036,cholesterol_mg_100g,0,https://i.fnri.dost.gov.ph/fct/library/report/3315,2026-09-16
FC000253,D046,kcal_100g,27,https://i.fnri.dost.gov.ph/fct/library/report/3325,2026-09-16
FC000253,D046,protein_g_100g,1.5,https://i.fnri.dost.gov.ph/fct/library/report/3325,2026-09-16
FC000253,D046,carbs_g_100g,4.8,https://i.fnri.dost.gov.ph/fct/library/report/3325,2026-09-16
FC000253,D046,fat_g_100g,0.2,https://i.fnri.dost.gov.ph/fct/library/report/3325,2026-09-16
FC000253,D046,fiber_g_100g,2.3,https://i.fnri.dost.gov.ph/fct/library/report/3325,2026-09-16
FC000253,D046,sugar_g_100g,2.1,https://i.fnri.dost.gov.ph/fct/library/report/3325,2026-09-16
FC000253,D046,sodium_mg_100g,12,https://i.fnri.dost.gov.ph/fct/library/report/3325,2026-09-16
FC000253,D046,cholesterol_mg_100g,0,https://i.fnri.dost.gov.ph/fct/library/report/3325,2026-09-16
FC000254,D051,kcal_100g,16,https://i.fnri.dost.gov.ph/fct/library/report/3330,2026-09-16
FC000254,D051,protein_g_100g,0.3,https://i.fnri.dost.gov.ph/fct/library/report/3330,2026-09-16
FC000254,D051,carbs_g_100g,3.5,https://i.fnri.dost.gov.ph/fct/library/report/3330,2026-09-16
FC000254,D051,fat_g_100g,0.1,https://i.fnri.dost.gov.ph/fct/library/report/3330,2026-09-16
FC000254,D051,fiber_g_100g,0.4,https://i.fnri.dost.gov.ph/fct/library/report/3330,2026-09-16
FC000254,D051,sugar_g_100g,1.7,https://i.fnri.dost.gov.ph/fct/library/report/3330,2026-09-16
FC000254,D051,sodium_mg_100g,5,https://i.fnri.dost.gov.ph/fct/library/report/3330,2026-09-16
FC000254,D051,cholesterol_mg_100g,0,https://i.fnri.dost.gov.ph/fct/library/report/3330,2026-09-16
FC000255,D055,kcal_100g,15,https://i.fnri.dost.gov.ph/fct/library/report/3334,2026-09-16
FC000255,D055,protein_g_100g,1.0,https://i.fnri.dost.gov.ph/fct/library/report/3334,2026-09-16
FC000255,D055,carbs_g_100g,2.4,https://i.fnri.dost.gov.ph/fct/library/report/3334,2026-09-16
FC000255,D055,fat_g_100g,0.1,https://i.fnri.dost.gov.ph/fct/library/report/3334,2026-09-16
FC000255,D055,fiber_g_100g,1.4,https://i.fnri.dost.gov.ph/fct/library/report/3334,2026-09-16
FC000255,D055,sugar_g_100g,1.0,https://i.fnri.dost.gov.ph/fct/library/report/3334,2026-09-16
FC000255,D055,sodium_mg_100g,7,https://i.fnri.dost.gov.ph/fct/library/report/3334,2026-09-16
FC000255,D055,cholesterol_mg_100g,0,https://i.fnri.dost.gov.ph/fct/library/report/3334,2026-09-16
FC000256,D074,kcal_100g,25,https://i.fnri.dost.gov.ph/fct/library/report/3353,2026-09-16
FC000256,D074,protein_g_100g,1.0,https://i.fnri.dost.gov.ph/fct/library/report/3353,2026-09-16
FC000256,D074,carbs_g_100g,4.9,https://i.fnri.dost.gov.ph/fct/library/report/3353,2026-09-16
FC000256,D074,fat_g_100g,0.1,https://i.fnri.dost.gov.ph/fct/library/report/3353,2026-09-16
FC000256,D074,fiber_g_100g,1.5,https://i.fnri.dost.gov.ph/fct/library/report/3353,2026-09-16
FC000256,D074,sugar_g_100g,2.0,https://i.fnri.dost.gov.ph/fct/library/report/3353,2026-09-16
FC000256,D074,sodium_mg_100g,1,https://i.fnri.dost.gov.ph/fct/library/report/3353,2026-09-16
FC000256,D074,cholesterol_mg_100g,0,https://i.fnri.dost.gov.ph/fct/library/report/3353,2026-09-16
FC000257,D095,kcal_100g,63,https://i.fnri.dost.gov.ph/fct/library/report/3374,2026-09-16
FC000257,D095,protein_g_100g,3.1,https://i.fnri.dost.gov.ph/fct/library/report/3374,2026-09-16
FC000257,D095,carbs_g_100g,10.6,https://i.fnri.dost.gov.ph/fct/library/report/3374,2026-09-16
FC000257,D095,fat_g_100g,0.9,https://i.fnri.dost.gov.ph/fct/library/report/3374,2026-09-16
FC000257,D095,fiber_g_100g,1.7,https://i.fnri.dost.gov.ph/fct/library/report/3374,2026-09-16
FC000257,D095,sugar_g_100g,0.8,https://i.fnri.dost.gov.ph/fct/library/report/3374,2026-09-16
FC000257,D095,sodium_mg_100g,8,https://i.fnri.dost.gov.ph/fct/library/report/3374,2026-09-16
FC000257,D095,cholesterol_mg_100g,0,https://i.fnri.dost.gov.ph/fct/library/report/3374,2026-09-16
FC000258,D103,kcal_100g,34,https://i.fnri.dost.gov.ph/fct/library/report/3382,2026-09-16
FC000258,D103,protein_g_100g,1.3,https://i.fnri.dost.gov.ph/fct/library/report/3382,2026-09-16
FC000258,D103,carbs_g_100g,6.9,https://i.fnri.dost.gov.ph/fct/library/report/3382,2026-09-16
FC000258,D103,fat_g_100g,0.1,https://i.fnri.dost.gov.ph/fct/library/report/3382,2026-09-16
FC000258,D103,fiber_g_100g,3.2,https://i.fnri.dost.gov.ph/fct/library/report/3382,2026-09-16
FC000258,D103,sugar_g_100g,2.0,https://i.fnri.dost.gov.ph/fct/library/report/3382,2026-09-16
FC000258,D103,sodium_mg_100g,5,https://i.fnri.dost.gov.ph/fct/library/report/3382,2026-09-16
FC000258,D103,cholesterol_mg_100g,0,https://i.fnri.dost.gov.ph/fct/library/report/3382,2026-09-16
FC000259,D108,kcal_100g,44,https://i.fnri.dost.gov.ph/fct/library/report/3387,2026-09-16
FC000259,D108,protein_g_100g,2.9,https://i.fnri.dost.gov.ph/fct/library/report/3387,2026-09-16
FC000259,D108,carbs_g_100g,6.8,https://i.fnri.dost.gov.ph/fct/library/report/3387,2026-09-16
FC000259,D108,fat_g_100g,0.6,https://i.fnri.dost.gov.ph/fct/library/report/3387,2026-09-16
FC000259,D108,fiber_g_100g,1.7,https://i.fnri.dost.gov.ph/fct/library/report/3387,2026-09-16
FC000259,D108,sugar_g_100g,0.8,https://i.fnri.dost.gov.ph/fct/library/report/3387,2026-09-16
FC000259,D108,sodium_mg_100g,9,https://i.fnri.dost.gov.ph/fct/library/report/3387,2026-09-16
FC000259,D108,cholesterol_mg_100g,0,https://i.fnri.dost.gov.ph/fct/library/report/3387,2026-09-16
FC000260,D132,kcal_100g,54,https://i.fnri.dost.gov.ph/fct/library/report/3411,2026-09-16
FC000260,D132,protein_g_100g,4.8,https://i.fnri.dost.gov.ph/fct/library/report/3411,2026-09-16
FC000260,D132,carbs_g_100g,7.0,https://i.fnri.dost.gov.ph/fct/library/report/3411,2026-09-16
FC000260,D132,fat_g_100g,0.7,https://i.fnri.dost.gov.ph/fct/library/report/3411,2026-09-16
FC000260,D132,fiber_g_100g,1.6,https://i.fnri.dost.gov.ph/fct/library/report/3411,2026-09-16
FC000260,D132,sugar_g_100g,4.4,https://i.fnri.dost.gov.ph/fct/library/report/3411,2026-09-16
FC000260,D132,sodium_mg_100g,20,https://i.fnri.dost.gov.ph/fct/library/report/3411,2026-09-16
FC000260,D132,cholesterol_mg_100g,0,https://i.fnri.dost.gov.ph/fct/library/report/3411,2026-09-16
FC000261,D135,kcal_100g,21,https://i.fnri.dost.gov.ph/fct/library/report/3414,2026-09-16
FC000261,D135,protein_g_100g,1.3,https://i.fnri.dost.gov.ph/fct/library/report/3414,2026-09-16
FC000261,D135,carbs_g_100g,2.7,https://i.fnri.dost.gov.ph/fct/library/report/3414,2026-09-16
FC000261,D135,fat_g_100g,0.6,https://i.fnri.dost.gov.ph/fct/library/report/3414,2026-09-16
FC000261,D135,fiber_g_100g,1.3,https://i.fnri.dost.gov.ph/fct/library/report/3414,2026-09-16
FC000261,D135,sugar_g_100g,0.9,https://i.fnri.dost.gov.ph/fct/library/report/3414,2026-09-16
FC000261,D135,sodium_mg_100g,6,https://i.fnri.dost.gov.ph/fct/library/report/3414,2026-09-16
FC000261,D135,cholesterol_mg_100g,0,https://i.fnri.dost.gov.ph/fct/library/report/3414,2026-09-16
FC000262,D140,kcal_100g,30,https://i.fnri.dost.gov.ph/fct/library/report/3419,2026-09-16
FC000262,D140,protein_g_100g,1.0,https://i.fnri.dost.gov.ph/fct/library/report/3419,2026-09-16
FC000262,D140,carbs_g_100g,6.1,https://i.fnri.dost.gov.ph/fct/library/report/3419,2026-09-16
FC000262,D140,fat_g_100g,0.2,https://i.fnri.dost.gov.ph/fct/library/report/3419,2026-09-16
FC000262,D140,fiber_g_100g,2.6,https://i.fnri.dost.gov.ph/fct/library/report/3419,2026-09-16
FC000262,D140,sugar_g_100g,2.5,https://i.fnri.dost.gov.ph/fct/library/report/3419,2026-09-16
FC000262,D140,sodium_mg_100g,6,https://i.fnri.dost.gov.ph/fct/library/report/3419,2026-09-16
FC000262,D140,cholesterol_mg_100g,0,https://i.fnri.dost.gov.ph/fct/library/report/3419,2026-09-16
FC000263,D150,kcal_100g,33,https://i.fnri.dost.gov.ph/fct/library/report/3429,2026-09-16
FC000263,D150,protein_g_100g,1.9,https://i.fnri.dost.gov.ph/fct/library/report/3429,2026-09-16
FC000263,D150,carbs_g_100g,5.5,https://i.fnri.dost.gov.ph/fct/library/report/3429,2026-09-16
FC000263,D150,fat_g_100g,0.4,https://i.fnri.dost.gov.ph/fct/library/report/3429,2026-09-16
FC000263,D150,fiber_g_100g,3.4,https://i.fnri.dost.gov.ph/fct/library/report/3429,2026-09-16
FC000263,D150,sugar_g_100g,0.3,https://i.fnri.dost.gov.ph/fct/library/report/3429,2026-09-16
FC000263,D150,sodium_mg_100g,6,https://i.fnri.dost.gov.ph/fct/library/report/3429,2026-09-16
FC000263,D150,cholesterol_mg_100g,0,https://i.fnri.dost.gov.ph/fct/library/report/3429,2026-09-16
FC000264,D161,kcal_100g,21,https://i.fnri.dost.gov.ph/fct/library/report/3440,2026-09-16
FC000264,D161,protein_g_100g,1.7,https://i.fnri.dost.gov.ph/fct/library/report/3440,2026-09-16
FC000264,D161,carbs_g_100g,2.4,https://i.fnri.dost.gov.ph/fct/library/report/3440,2026-09-16
FC000264,D161,fat_g_100g,0.5,https://i.fnri.dost.gov.ph/fct/library/report/3440,2026-09-16
FC000264,D161,fiber_g_100g,1.1,https://i.fnri.dost.gov.ph/fct/library/report/3440,2026-09-16
FC000264,D161,sugar_g_100g,0.8,https://i.fnri.dost.gov.ph/fct/library/report/3440,2026-09-16
FC000264,D161,sodium_mg_100g,12,https://i.fnri.dost.gov.ph/fct/library/report/3440,2026-09-16
FC000264,D161,cholesterol_mg_100g,0,https://i.fnri.dost.gov.ph/fct/library/report/3440,2026-09-16
FC000265,D163,kcal_100g,11,https://i.fnri.dost.gov.ph/fct/library/report/3442,2026-09-16
FC000265,D163,protein_g_100g,0.4,https://i.fnri.dost.gov.ph/fct/library/report/3442,2026-09-16
FC000265,D163,carbs_g_100g,1.9,https://i.fnri.dost.gov.ph/fct/library/report/3442,2026-09-16
FC000265,D163,fat_g_100g,0.2,https://i.fnri.dost.gov.ph/fct/library/report/3442,2026-09-16
FC000265,D163,fiber_g_100g,0.6,https://i.fnri.dost.gov.ph/fct/library/report/3442,2026-09-16
FC000265,D163,sugar_g_100g,0.5,https://i.fnri.dost.gov.ph/fct/library/report/3442,2026-09-16
FC000265,D163,sodium_mg_100g,7,https://i.fnri.dost.gov.ph/fct/library/report/3442,2026-09-16
FC000265,D163,cholesterol_mg_100g,0,https://i.fnri.dost.gov.ph/fct/library/report/3442,2026-09-16
FC000266,D184,kcal_100g,15,https://i.fnri.dost.gov.ph/fct/library/report/3463,2026-09-16
FC000266,D184,protein_g_100g,0.2,https://i.fnri.dost.gov.ph/fct/library/report/3463,2026-09-16
FC000266,D184,carbs_g_100g,3.2,https://i.fnri.dost.gov.ph/fct/library/report/3463,2026-09-16
FC000266,D184,fat_g_100g,0.1,https://i.fnri.dost.gov.ph/fct/library/report/3463,2026-09-16
FC000266,D184,fiber_g_100g,0.4,https://i.fnri.dost.gov.ph/fct/library/report/3463,2026-09-16
FC000266,D184,sugar_g_100g,1.9,https://i.fnri.dost.gov.ph/fct/library/report/3463,2026-09-16
FC000266,D184,sodium_mg_100g,15,https://i.fnri.dost.gov.ph/fct/library/report/3463,2026-09-16
FC000266,D184,cholesterol_mg_100g,0,https://i.fnri.dost.gov.ph/fct/library/report/3463,2026-09-16
FC000267,D207,kcal_100g,27,https://i.fnri.dost.gov.ph/fct/library/report/3486,2026-09-16
FC000267,D207,protein_g_100g,0.8,https://i.fnri.dost.gov.ph/fct/library/report/3486,2026-09-16
FC000267,D207,carbs_g_100g,5.6,https://i.fnri.dost.gov.ph/fct/library/report/3486,2026-09-16
FC000267,D207,fat_g_100g,0.1,https://i.fnri.dost.gov.ph/fct/library/report/3486,2026-09-16
FC000267,D207,fiber_g_100g,2.0,https://i.fnri.dost.gov.ph/fct/library/report/3486,2026-09-16
FC000267,D207,sugar_g_100g,1.0,https://i.fnri.dost.gov.ph/fct/library/report/3486,2026-09-16
FC000267,D207,sodium_mg_100g,1,https://i.fnri.dost.gov.ph/fct/library/report/3486,2026-09-16
FC000267,D207,cholesterol_mg_100g,0,https://i.fnri.dost.gov.ph/fct/library/report/3486,2026-09-16
FC000268,D212,kcal_100g,40,https://i.fnri.dost.gov.ph/fct/library/report/3491,2026-09-16
FC000268,D212,protein_g_100g,1.5,https://i.fnri.dost.gov.ph/fct/library/report/3491,2026-09-16
FC000268,D212,carbs_g_100g,7.6,https://i.fnri.dost.gov.ph/fct/library/report/3491,2026-09-16
FC000268,D212,fat_g_100g,0.4,https://i.fnri.dost.gov.ph/fct/library/report/3491,2026-09-16
FC000268,D212,fiber_g_100g,2.5,https://i.fnri.dost.gov.ph/fct/library/report/3491,2026-09-16
FC000268,D212,sugar_g_100g,3.6,https://i.fnri.dost.gov.ph/fct/library/report/3491,2026-09-16
FC000268,D212,sodium_mg_100g,4,https://i.fnri.dost.gov.ph/fct/library/report/3491,2026-09-16
FC000268,D212,cholesterol_mg_100g,0,https://i.fnri.dost.gov.ph/fct/library/report/3491,2026-09-16
FC000269,D220,kcal_100g,16,https://i.fnri.dost.gov.ph/fct/library/report/3499,2026-09-16
FC000269,D220,protein_g_100g,0.4,https://i.fnri.dost.gov.ph/fct/library/report/3499,2026-09-16
FC000269,D220,carbs_g_100g,2.7,https://i.fnri.dost.gov.ph/fct/library/report/3499,2026-09-16
FC000269,D220,fat_g_100g,0.4,https://i.fnri.dost.gov.ph/fct/library/report/3499,2026-09-16
FC000269,D220,fiber_g_100g,0.3,https://i.fnri.dost.gov.ph/fct/library/report/3499,2026-09-16
FC000269,D220,sugar_g_100g,2.1,https://i.fnri.dost.gov.ph/fct/library/report/3499,2026-09-16
FC000269,D220,sodium_mg_100g,6,https://i.fnri.dost.gov.ph/fct/library/report/3499,2026-09-16
FC000269,D220,cholesterol_mg_100g,0,https://i.fnri.dost.gov.ph/fct/library/report/3499,2026-09-16
FC000270,D226,kcal_100g,47,https://i.fnri.dost.gov.ph/fct/library/report/3505,2026-09-16
FC000270,D226,protein_g_100g,0.4,https://i.fnri.dost.gov.ph/fct/library/report/3505,2026-09-16
FC000270,D226,carbs_g_100g,10.8,https://i.fnri.dost.gov.ph/fct/library/report/3505,2026-09-16
FC000270,D226,fat_g_100g,0.2,https://i.fnri.dost.gov.ph/fct/library/report/3505,2026-09-16
FC000270,D226,fiber_g_100g,1.1,https://i.fnri.dost.gov.ph/fct/library/report/3505,2026-09-16
FC000270,D226,sugar_g_100g,3.4,https://i.fnri.dost.gov.ph/fct/library/report/3505,2026-09-16
FC000270,D226,sodium_mg_100g,5,https://i.fnri.dost.gov.ph/fct/library/report/3505,2026-09-16
FC000270,D226,cholesterol_mg_100g,0,https://i.fnri.dost.gov.ph/fct/library/report/3505,2026-09-16
FC000271,D228,kcal_100g,27,https://i.fnri.dost.gov.ph/fct/library/report/3507,2026-09-16
FC000271,D228,protein_g_100g,1.6,https://i.fnri.dost.gov.ph/fct/library/report/3507,2026-09-16
FC000271,D228,carbs_g_100g,4.2,https://i.fnri.dost.gov.ph/fct/library/report/3507,2026-09-16
FC000271,D228,fat_g_100g,0.4,https://i.fnri.dost.gov.ph/fct/library/report/3507,2026-09-16
FC000271,D228,fiber_g_100g,-,https://i.fnri.dost.gov.ph/fct/library/report/3507,2026-09-16
FC000271,D228,sugar_g_100g,-,https://i.fnri.dost.gov.ph/fct/library/report/3507,2026-09-16
FC000271,D228,sodium_mg_100g,4,https://i.fnri.dost.gov.ph/fct/library/report/3507,2026-09-16
FC000271,D228,cholesterol_mg_100g,0,https://i.fnri.dost.gov.ph/fct/library/report/3507,2026-09-16
FC000272,D233,kcal_100g,52,https://i.fnri.dost.gov.ph/fct/library/report/3512,2026-09-16
FC000272,D233,protein_g_100g,4.0,https://i.fnri.dost.gov.ph/fct/library/report/3512,2026-09-16
FC000272,D233,carbs_g_100g,7.9,https://i.fnri.dost.gov.ph/fct/library/report/3512,2026-09-16
FC000272,D233,fat_g_100g,0.5,https://i.fnri.dost.gov.ph/fct/library/report/3512,2026-09-16
FC000272,D233,fiber_g_100g,2.7,https://i.fnri.dost.gov.ph/fct/library/report/3512,2026-09-16
FC000272,D233,sugar_g_100g,-,https://i.fnri.dost.gov.ph/fct/library/report/3512,2026-09-16
FC000272,D233,sodium_mg_100g,4,https://i.fnri.dost.gov.ph/fct/library/report/3512,2026-09-16
FC000272,D233,cholesterol_mg_100g,0,https://i.fnri.dost.gov.ph/fct/library/report/3512,2026-09-16
FC000273,D235,kcal_100g,35,https://i.fnri.dost.gov.ph/fct/library/report/3514,2026-09-16
FC000273,D235,protein_g_100g,1.5,https://i.fnri.dost.gov.ph/fct/library/report/3514,2026-09-16
FC000273,D235,carbs_g_100g,6.7,https://i.fnri.dost.gov.ph/fct/library/report/3514,2026-09-16
FC000273,D235,fat_g_100g,0.2,https://i.fnri.dost.gov.ph/fct/library/report/3514,2026-09-16
FC000273,D235,fiber_g_100g,1.9,https://i.fnri.dost.gov.ph/fct/library/report/3514,2026-09-16
FC000273,D235,sugar_g_100g,4.1,https://i.fnri.dost.gov.ph/fct/library/report/3514,2026-09-16
FC000273,D235,sodium_mg_100g,3,https://i.fnri.dost.gov.ph/fct/library/report/3514,2026-09-16
FC000273,D235,cholesterol_mg_100g,0,https://i.fnri.dost.gov.ph/fct/library/report/3514,2026-09-16
FC000274,D237,kcal_100g,23,https://i.fnri.dost.gov.ph/fct/library/report/3516,2026-09-16
FC000274,D237,protein_g_100g,1.4,https://i.fnri.dost.gov.ph/fct/library/report/3516,2026-09-16
FC000274,D237,carbs_g_100g,4.1,https://i.fnri.dost.gov.ph/fct/library/report/3516,2026-09-16
FC000274,D237,fat_g_100g,0.1,https://i.fnri.dost.gov.ph/fct/library/report/3516,2026-09-16
FC000274,D237,fiber_g_100g,1.2,https://i.fnri.dost.gov.ph/fct/library/report/3516,2026-09-16
FC000274,D237,sugar_g_100g,2.7,https://i.fnri.dost.gov.ph/fct/library/report/3516,2026-09-16
FC000274,D237,sodium_mg_100g,2,https://i.fnri.dost.gov.ph/fct/library/report/3516,2026-09-16
FC000274,D237,cholesterol_mg_100g,0,https://i.fnri.dost.gov.ph/fct/library/report/3516,2026-09-16
FC000275,D243,kcal_100g,28,https://i.fnri.dost.gov.ph/fct/library/report/3522,2026-09-16
FC000275,D243,protein_g_100g,1.5,https://i.fnri.dost.gov.ph/fct/library/report/3522,2026-09-16
FC000275,D243,carbs_g_100g,4.7,https://i.fnri.dost.gov.ph/fct/library/report/3522,2026-09-16
FC000275,D243,fat_g_100g,0.4,https://i.fnri.dost.gov.ph/fct/library/report/3522,2026-09-16
FC000275,D243,fiber_g_100g,2.6,https://i.fnri.dost.gov.ph/fct/library/report/3522,2026-09-16
FC000275,D243,sugar_g_100g,0.4,https://i.fnri.dost.gov.ph/fct/library/report/3522,2026-09-16
FC000275,D243,sodium_mg_100g,78,https://i.fnri.dost.gov.ph/fct/library/report/3522,2026-09-16
FC000275,D243,cholesterol_mg_100g,0,https://i.fnri.dost.gov.ph/fct/library/report/3522,2026-09-16
FC000276,D245,kcal_100g,29,https://i.fnri.dost.gov.ph/fct/library/report/3524,2026-09-16
FC000276,D245,protein_g_100g,1.1,https://i.fnri.dost.gov.ph/fct/library/report/3524,2026-09-16
FC000276,D245,carbs_g_100g,4.6,https://i.fnri.dost.gov.ph/fct/library/report/3524,2026-09-16
FC000276,D245,fat_g_100g,0.7,https://i.fnri.dost.gov.ph/fct/library/report/3524,2026-09-16
FC000276,D245,fiber_g_100g,2.7,https://i.fnri.dost.gov.ph/fct/library/report/3524,2026-09-16
FC000276,D245,sugar_g_100g,0.7,https://i.fnri.dost.gov.ph/fct/library/report/3524,2026-09-16
FC000276,D245,sodium_mg_100g,5,https://i.fnri.dost.gov.ph/fct/library/report/3524,2026-09-16
FC000276,D245,cholesterol_mg_100g,0,https://i.fnri.dost.gov.ph/fct/library/report/3524,2026-09-16
FC000277,D247,kcal_100g,24,https://i.fnri.dost.gov.ph/fct/library/report/3526,2026-09-16
FC000277,D247,protein_g_100g,1.8,https://i.fnri.dost.gov.ph/fct/library/report/3526,2026-09-16
FC000277,D247,carbs_g_100g,3.5,https://i.fnri.dost.gov.ph/fct/library/report/3526,2026-09-16
FC000277,D247,fat_g_100g,0.3,https://i.fnri.dost.gov.ph/fct/library/report/3526,2026-09-16
FC000277,D247,fiber_g_100g,2.5,https://i.fnri.dost.gov.ph/fct/library/report/3526,2026-09-16
FC000277,D247,sugar_g_100g,0.7,https://i.fnri.dost.gov.ph/fct/library/report/3526,2026-09-16
FC000277,D247,sodium_mg_100g,5,https://i.fnri.dost.gov.ph/fct/library/report/3526,2026-09-16
FC000277,D247,cholesterol_mg_100g,0,https://i.fnri.dost.gov.ph/fct/library/report/3526,2026-09-16
FC000278,D254,kcal_100g,48,https://i.fnri.dost.gov.ph/fct/library/report/3533,2026-09-16
FC000278,D254,protein_g_100g,1.4,https://i.fnri.dost.gov.ph/fct/library/report/3533,2026-09-16
FC000278,D254,carbs_g_100g,9.7,https://i.fnri.dost.gov.ph/fct/library/report/3533,2026-09-16
FC000278,D254,fat_g_100g,0.4,https://i.fnri.dost.gov.ph/fct/library/report/3533,2026-09-16
FC000278,D254,fiber_g_100g,3.1,https://i.fnri.dost.gov.ph/fct/library/report/3533,2026-09-16
FC000278,D254,sugar_g_100g,2.5,https://i.fnri.dost.gov.ph/fct/library/report/3533,2026-09-16
FC000278,D254,sodium_mg_100g,7,https://i.fnri.dost.gov.ph/fct/library/report/3533,2026-09-16
FC000278,D254,cholesterol_mg_100g,0,https://i.fnri.dost.gov.ph/fct/library/report/3533,2026-09-16
FC000279,D256,kcal_100g,15,https://i.fnri.dost.gov.ph/fct/library/report/3535,2026-09-16
FC000279,D256,protein_g_100g,0.2,https://i.fnri.dost.gov.ph/fct/library/report/3535,2026-09-16
FC000279,D256,carbs_g_100g,3.2,https://i.fnri.dost.gov.ph/fct/library/report/3535,2026-09-16
FC000279,D256,fat_g_100g,0.1,https://i.fnri.dost.gov.ph/fct/library/report/3535,2026-09-16
FC000279,D256,fiber_g_100g,1.0,https://i.fnri.dost.gov.ph/fct/library/report/3535,2026-09-16
FC000279,D256,sugar_g_100g,0.8,https://i.fnri.dost.gov.ph/fct/library/report/3535,2026-09-16
FC000279,D256,sodium_mg_100g,3,https://i.fnri.dost.gov.ph/fct/library/report/3535,2026-09-16
FC000279,D256,cholesterol_mg_100g,0,https://i.fnri.dost.gov.ph/fct/library/report/3535,2026-09-16
FC000280,D258,kcal_100g,25,https://i.fnri.dost.gov.ph/fct/library/report/3537,2026-09-16
FC000280,D258,protein_g_100g,0.4,https://i.fnri.dost.gov.ph/fct/library/report/3537,2026-09-16
FC000280,D258,carbs_g_100g,5.6,https://i.fnri.dost.gov.ph/fct/library/report/3537,2026-09-16
FC000280,D258,fat_g_100g,0.1,https://i.fnri.dost.gov.ph/fct/library/report/3537,2026-09-16
FC000280,D258,fiber_g_100g,0.3,https://i.fnri.dost.gov.ph/fct/library/report/3537,2026-09-16
FC000280,D258,sugar_g_100g,3.6,https://i.fnri.dost.gov.ph/fct/library/report/3537,2026-09-16
FC000280,D258,sodium_mg_100g,11,https://i.fnri.dost.gov.ph/fct/library/report/3537,2026-09-16
FC000280,D258,cholesterol_mg_100g,0,https://i.fnri.dost.gov.ph/fct/library/report/3537,2026-09-16
FC000281,D273,kcal_100g,35,https://i.fnri.dost.gov.ph/fct/library/report/3552,2026-09-16
FC000281,D273,protein_g_100g,1.6,https://i.fnri.dost.gov.ph/fct/library/report/3552,2026-09-16
FC000281,D273,carbs_g_100g,6.4,https://i.fnri.dost.gov.ph/fct/library/report/3552,2026-09-16
FC000281,D273,fat_g_100g,0.3,https://i.fnri.dost.gov.ph/fct/library/report/3552,2026-09-16
FC000281,D273,fiber_g_100g,3.5,https://i.fnri.dost.gov.ph/fct/library/report/3552,2026-09-16
FC000281,D273,sugar_g_100g,2.3,https://i.fnri.dost.gov.ph/fct/library/report/3552,2026-09-16
FC000281,D273,sodium_mg_100g,9,https://i.fnri.dost.gov.ph/fct/library/report/3552,2026-09-16
FC000281,D273,cholesterol_mg_100g,0,https://i.fnri.dost.gov.ph/fct/library/report/3552,2026-09-16
FC000282,D010,kcal_100g,28,https://i.fnri.dost.gov.ph/fct/library/report/3289,2026-09-16
FC000282,D010,protein_g_100g,1.9,https://i.fnri.dost.gov.ph/fct/library/report/3289,2026-09-16
FC000282,D010,carbs_g_100g,4.1,https://i.fnri.dost.gov.ph/fct/library/report/3289,2026-09-16
FC000282,D010,fat_g_100g,0.4,https://i.fnri.dost.gov.ph/fct/library/report/3289,2026-09-16
FC000282,D010,fiber_g_100g,2.1,https://i.fnri.dost.gov.ph/fct/library/report/3289,2026-09-16
FC000282,D010,sugar_g_100g,0.6,https://i.fnri.dost.gov.ph/fct/library/report/3289,2026-09-16
FC000282,D010,sodium_mg_100g,4,https://i.fnri.dost.gov.ph/fct/library/report/3289,2026-09-16
FC000282,D010,cholesterol_mg_100g,0,https://i.fnri.dost.gov.ph/fct/library/report/3289,2026-09-16
FC000283,D013,kcal_100g,39,https://i.fnri.dost.gov.ph/fct/library/report/3292,2026-09-16
FC000283,D013,protein_g_100g,1.6,https://i.fnri.dost.gov.ph/fct/library/report/3292,2026-09-16
FC000283,D013,carbs_g_100g,7.2,https://i.fnri.dost.gov.ph/fct/library/report/3292,2026-09-16
FC000283,D013,fat_g_100g,0.4,https://i.fnri.dost.gov.ph/fct/library/report/3292,2026-09-16
FC000283,D013,fiber_g_100g,3.7,https://i.fnri.dost.gov.ph/fct/library/report/3292,2026-09-16
FC000283,D013,sugar_g_100g,0.7,https://i.fnri.dost.gov.ph/fct/library/report/3292,2026-09-16
FC000283,D013,sodium_mg_100g,3,https://i.fnri.dost.gov.ph/fct/library/report/3292,2026-09-16
FC000283,D013,cholesterol_mg_100g,0,https://i.fnri.dost.gov.ph/fct/library/report/3292,2026-09-16
FC000284,D025,kcal_100g,20,https://i.fnri.dost.gov.ph/fct/library/report/3304,2026-09-16
FC000284,D025,protein_g_100g,0.4,https://i.fnri.dost.gov.ph/fct/library/report/3304,2026-09-16
FC000284,D025,carbs_g_100g,4.3,https://i.fnri.dost.gov.ph/fct/library/report/3304,2026-09-16
FC000284,D025,fat_g_100g,0.1,https://i.fnri.dost.gov.ph/fct/library/report/3304,2026-09-16
FC000284,D025,fiber_g_100g,0.7,https://i.fnri.dost.gov.ph/fct/library/report/3304,2026-09-16
FC000284,D025,sugar_g_100g,2.8,https://i.fnri.dost.gov.ph/fct/library/report/3304,2026-09-16
FC000284,D025,sodium_mg_100g,5,https://i.fnri.dost.gov.ph/fct/library/report/3304,2026-09-16
FC000284,D025,cholesterol_mg_100g,0,https://i.fnri.dost.gov.ph/fct/library/report/3304,2026-09-16
FC000285,D035,kcal_100g,31,https://i.fnri.dost.gov.ph/fct/library/report/3314,2026-09-16
FC000285,D035,protein_g_100g,1.6,https://i.fnri.dost.gov.ph/fct/library/report/3314,2026-09-16
FC000285,D035,carbs_g_100g,5.9,https://i.fnri.dost.gov.ph/fct/library/report/3314,2026-09-16
FC000285,D035,fat_g_100g,0.1,https://i.fnri.dost.gov.ph/fct/library/report/3314,2026-09-16
FC000285,D035,fiber_g_100g,2.5,https://i.fnri.dost.gov.ph/fct/library/report/3314,2026-09-16
FC000285,D035,sugar_g_100g,3.4,https://i.fnri.dost.gov.ph/fct/library/report/3314,2026-09-16
FC000285,D035,sodium_mg_100g,12,https://i.fnri.dost.gov.ph/fct/library/report/3314,2026-09-16
FC000285,D035,cholesterol_mg_100g,0,https://i.fnri.dost.gov.ph/fct/library/report/3314,2026-09-16
FC000286,D045,kcal_100g,32,https://i.fnri.dost.gov.ph/fct/library/report/3324,2026-09-16
FC000286,D045,protein_g_100g,2.1,https://i.fnri.dost.gov.ph/fct/library/report/3324,2026-09-16
FC000286,D045,carbs_g_100g,5.2,https://i.fnri.dost.gov.ph/fct/library/report/3324,2026-09-16
FC000286,D045,fat_g_100g,0.3,https://i.fnri.dost.gov.ph/fct/library/report/3324,2026-09-16
FC000286,D045,fiber_g_100g,2.1,https://i.fnri.dost.gov.ph/fct/library/report/3324,2026-09-16
FC000286,D045,sugar_g_100g,2.0,https://i.fnri.dost.gov.ph/fct/library/report/3324,2026-09-16
FC000286,D045,sodium_mg_100g,14,https://i.fnri.dost.gov.ph/fct/library/report/3324,2026-09-16
FC000286,D045,cholesterol_mg_100g,0,https://i.fnri.dost.gov.ph/fct/library/report/3324,2026-09-16
FC000287,D069,kcal_100g,16,https://i.fnri.dost.gov.ph/fct/library/report/3348,2026-09-16
FC000287,D069,protein_g_100g,0.5,https://i.fnri.dost.gov.ph/fct/library/report/3348,2026-09-16
FC000287,D069,carbs_g_100g,3.2,https://i.fnri.dost.gov.ph/fct/library/report/3348,2026-09-16
FC000287,D069,fat_g_100g,0.1,https://i.fnri.dost.gov.ph/fct/library/report/3348,2026-09-16
FC000287,D069,fiber_g_100g,0.7,https://i.fnri.dost.gov.ph/fct/library/report/3348,2026-09-16
FC000287,D069,sugar_g_100g,2.1,https://i.fnri.dost.gov.ph/fct/library/report/3348,2026-09-16
FC000287,D069,sodium_mg_100g,13,https://i.fnri.dost.gov.ph/fct/library/report/3348,2026-09-16
FC000287,D069,cholesterol_mg_100g,0,https://i.fnri.dost.gov.ph/fct/library/report/3348,2026-09-16
FC000288,D102,kcal_100g,45,https://i.fnri.dost.gov.ph/fct/library/report/3381,2026-09-16
FC000288,D102,protein_g_100g,2.5,https://i.fnri.dost.gov.ph/fct/library/report/3381,2026-09-16
FC000288,D102,carbs_g_100g,7.8,https://i.fnri.dost.gov.ph/fct/library/report/3381,2026-09-16
FC000288,D102,fat_g_100g,0.4,https://i.fnri.dost.gov.ph/fct/library/report/3381,2026-09-16
FC000288,D102,fiber_g_100g,4.2,https://i.fnri.dost.gov.ph/fct/library/report/3381,2026-09-16
FC000288,D102,sugar_g_100g,2.6,https://i.fnri.dost.gov.ph/fct/library/report/3381,2026-09-16
FC000288,D102,sodium_mg_100g,6,https://i.fnri.dost.gov.ph/fct/library/report/3381,2026-09-16
FC000288,D102,cholesterol_mg_100g,0,https://i.fnri.dost.gov.ph/fct/library/report/3381,2026-09-16
FC000289,D104,kcal_100g,58,https://i.fnri.dost.gov.ph/fct/library/report/3383,2026-09-16
FC000289,D104,protein_g_100g,2.0,https://i.fnri.dost.gov.ph/fct/library/report/3383,2026-09-16
FC000289,D104,carbs_g_100g,11.1,https://i.fnri.dost.gov.ph/fct/library/report/3383,2026-09-16
FC000289,D104,fat_g_100g,0.6,https://i.fnri.dost.gov.ph/fct/library/report/3383,2026-09-16
FC000289,D104,fiber_g_100g,2.4,https://i.fnri.dost.gov.ph/fct/library/report/3383,2026-09-16
FC000289,D104,sugar_g_100g,5.4,https://i.fnri.dost.gov.ph/fct/library/report/3383,2026-09-16
FC000289,D104,sodium_mg_100g,3,https://i.fnri.dost.gov.ph/fct/library/report/3383,2026-09-16
FC000289,D104,cholesterol_mg_100g,0,https://i.fnri.dost.gov.ph/fct/library/report/3383,2026-09-16
FC000290,D107,kcal_100g,71,https://i.fnri.dost.gov.ph/fct/library/report/3386,2026-09-16
FC000290,D107,protein_g_100g,6.1,https://i.fnri.dost.gov.ph/fct/library/report/3386,2026-09-16
FC000290,D107,carbs_g_100g,9.1,https://i.fnri.dost.gov.ph/fct/library/report/3386,2026-09-16
FC000290,D107,fat_g_100g,1.1,https://i.fnri.dost.gov.ph/fct/library/report/3386,2026-09-16
FC000290,D107,fiber_g_100g,7.0,https://i.fnri.dost.gov.ph/fct/library/report/3386,2026-09-16
FC000290,D107,sugar_g_100g,1.3,https://i.fnri.dost.gov.ph/fct/library/report/3386,2026-09-16
FC000290,D107,sodium_mg_100g,5,https://i.fnri.dost.gov.ph/fct/library/report/3386,2026-09-16
FC000290,D107,cholesterol_mg_100g,0,https://i.fnri.dost.gov.ph/fct/library/report/3386,2026-09-16
FC000291,D115,kcal_100g,22,https://i.fnri.dost.gov.ph/fct/library/report/3394,2026-09-16
FC000291,D115,protein_g_100g,1.3,https://i.fnri.dost.gov.ph/fct/library/report/3394,2026-09-16
FC000291,D115,carbs_g_100g,3.4,https://i.fnri.dost.gov.ph/fct/library/report/3394,2026-09-16
FC000291,D115,fat_g_100g,0.4,https://i.fnri.dost.gov.ph/fct/library/report/3394,2026-09-16
FC000291,D115,fiber_g_100g,1.8,https://i.fnri.dost.gov.ph/fct/library/report/3394,2026-09-16
FC000291,D115,sugar_g_100g,1.6,https://i.fnri.dost.gov.ph/fct/library/report/3394,2026-09-16
FC000291,D115,sodium_mg_100g,17,https://i.fnri.dost.gov.ph/fct/library/report/3394,2026-09-16
FC000291,D115,cholesterol_mg_100g,0,https://i.fnri.dost.gov.ph/fct/library/report/3394,2026-09-16
FC000292,D131,kcal_100g,64,https://i.fnri.dost.gov.ph/fct/library/report/3410,2026-09-16
FC000292,D131,protein_g_100g,5.7,https://i.fnri.dost.gov.ph/fct/library/report/3410,2026-09-16
FC000292,D131,carbs_g_100g,10.0,https://i.fnri.dost.gov.ph/fct/library/report/3410,2026-09-16
FC000292,D131,fat_g_100g,0.1,https://i.fnri.dost.gov.ph/fct/library/report/3410,2026-09-16
FC000292,D131,fiber_g_100g,3.1,https://i.fnri.dost.gov.ph/fct/library/report/3410,2026-09-16
FC000292,D131,sugar_g_100g,5.4,https://i.fnri.dost.gov.ph/fct/library/report/3410,2026-09-16
FC000292,D131,sodium_mg_100g,7,https://i.fnri.dost.gov.ph/fct/library/report/3410,2026-09-16
FC000292,D131,cholesterol_mg_100g,0,https://i.fnri.dost.gov.ph/fct/library/report/3410,2026-09-16
FC000293,D133,kcal_100g,48,https://i.fnri.dost.gov.ph/fct/library/report/3412,2026-09-16
FC000293,D133,protein_g_100g,3.8,https://i.fnri.dost.gov.ph/fct/library/report/3412,2026-09-16
FC000293,D133,carbs_g_100g,6.9,https://i.fnri.dost.gov.ph/fct/library/report/3412,2026-09-16
FC000293,D133,fat_g_100g,0.6,https://i.fnri.dost.gov.ph/fct/library/report/3412,2026-09-16
FC000293,D133,fiber_g_100g,1.6,https://i.fnri.dost.gov.ph/fct/library/report/3412,2026-09-16
FC000293,D133,sugar_g_100g,3.2,https://i.fnri.dost.gov.ph/fct/library/report/3412,2026-09-16
FC000293,D133,sodium_mg_100g,8,https://i.fnri.dost.gov.ph/fct/library/report/3412,2026-09-16
FC000293,D133,cholesterol_mg_100g,0,https://i.fnri.dost.gov.ph/fct/library/report/3412,2026-09-16
FC000294,D134,kcal_100g,24,https://i.fnri.dost.gov.ph/fct/library/report/3413,2026-09-16
FC000294,D134,protein_g_100g,2.3,https://i.fnri.dost.gov.ph/fct/library/report/3413,2026-09-16
FC000294,D134,carbs_g_100g,2.7,https://i.fnri.dost.gov.ph/fct/library/report/3413,2026-09-16
FC000294,D134,fat_g_100g,0.4,https://i.fnri.dost.gov.ph/fct/library/report/3413,2026-09-16
FC000294,D134,fiber_g_100g,2.1,https://i.fnri.dost.gov.ph/fct/library/report/3413,2026-09-16
FC000294,D134,sugar_g_100g,0.6,https://i.fnri.dost.gov.ph/fct/library/report/3413,2026-09-16
FC000294,D134,sodium_mg_100g,9,https://i.fnri.dost.gov.ph/fct/library/report/3413,2026-09-16
FC000294,D134,cholesterol_mg_100g,0,https://i.fnri.dost.gov.ph/fct/library/report/3413,2026-09-16
FC000295,D139,kcal_100g,34,https://i.fnri.dost.gov.ph/fct/library/report/3418,2026-09-16
FC000295,D139,protein_g_100g,1.8,https://i.fnri.dost.gov.ph/fct/library/report/3418,2026-09-16
FC000295,D139,carbs_g_100g,5.9,https://i.fnri.dost.gov.ph/fct/library/report/3418,2026-09-16
FC000295,D139,fat_g_100g,0.3,https://i.fnri.dost.gov.ph/fct/library/report/3418,2026-09-16
FC000295,D139,fiber_g_100g,3.6,https://i.fnri.dost.gov.ph/fct/library/report/3418,2026-09-16
FC000295,D139,sugar_g_100g,1.2,https://i.fnri.dost.gov.ph/fct/library/report/3418,2026-09-16
FC000295,D139,sodium_mg_100g,11,https://i.fnri.dost.gov.ph/fct/library/report/3418,2026-09-16
FC000295,D139,cholesterol_mg_100g,0,https://i.fnri.dost.gov.ph/fct/library/report/3418,2026-09-16
FC000296,D147,kcal_100g,41,https://i.fnri.dost.gov.ph/fct/library/report/3426,2026-09-16
FC000296,D147,protein_g_100g,1.8,https://i.fnri.dost.gov.ph/fct/library/report/3426,2026-09-16
FC000296,D147,carbs_g_100g,7.2,https://i.fnri.dost.gov.ph/fct/library/report/3426,2026-09-16
FC000296,D147,fat_g_100g,0.5,https://i.fnri.dost.gov.ph/fct/library/report/3426,2026-09-16
FC000296,D147,fiber_g_100g,2.6,https://i.fnri.dost.gov.ph/fct/library/report/3426,2026-09-16
FC000296,D147,sugar_g_100g,2.3,https://i.fnri.dost.gov.ph/fct/library/report/3426,2026-09-16
FC000296,D147,sodium_mg_100g,30,https://i.fnri.dost.gov.ph/fct/library/report/3426,2026-09-16
FC000296,D147,cholesterol_mg_100g,0,https://i.fnri.dost.gov.ph/fct/library/report/3426,2026-09-16
FC000297,D149,kcal_100g,31,https://i.fnri.dost.gov.ph/fct/library/report/3428,2026-09-16
FC000297,D149,protein_g_100g,3.2,https://i.fnri.dost.gov.ph/fct/library/report/3428,2026-09-16
FC000297,D149,carbs_g_100g,3.7,https://i.fnri.dost.gov.ph/fct/library/report/3428,2026-09-16
FC000297,D149,fat_g_100g,0.4,https://i.fnri.dost.gov.ph/fct/library/report/3428,2026-09-16
FC000297,D149,fiber_g_100g,3.4,https://i.fnri.dost.gov.ph/fct/library/report/3428,2026-09-16
FC000297,D149,sugar_g_100g,0.3,https://i.fnri.dost.gov.ph/fct/library/report/3428,2026-09-16
FC000297,D149,sodium_mg_100g,6,https://i.fnri.dost.gov.ph/fct/library/report/3428,2026-09-16
FC000297,D149,cholesterol_mg_100g,0,https://i.fnri.dost.gov.ph/fct/library/report/3428,2026-09-16
FC000298,D154,kcal_100g,27,https://i.fnri.dost.gov.ph/fct/library/report/3433,2026-09-16
FC000298,D154,protein_g_100g,1.0,https://i.fnri.dost.gov.ph/fct/library/report/3433,2026-09-16
FC000298,D154,carbs_g_100g,5.5,https://i.fnri.dost.gov.ph/fct/library/report/3433,2026-09-16
FC000298,D154,fat_g_100g,0.1,https://i.fnri.dost.gov.ph/fct/library/report/3433,2026-09-16
FC000298,D154,fiber_g_100g,0.7,https://i.fnri.dost.gov.ph/fct/library/report/3433,2026-09-16
FC000298,D154,sugar_g_100g,3.0,https://i.fnri.dost.gov.ph/fct/library/report/3433,2026-09-16
FC000298,D154,sodium_mg_100g,4,https://i.fnri.dost.gov.ph/fct/library/report/3433,2026-09-16
FC000298,D154,cholesterol_mg_100g,0,https://i.fnri.dost.gov.ph/fct/library/report/3433,2026-09-16
FC000299,D164,kcal_100g,75,https://i.fnri.dost.gov.ph/fct/library/report/3443,2026-09-16
FC000299,D164,protein_g_100g,4.8,https://i.fnri.dost.gov.ph/fct/library/report/3443,2026-09-16
FC000299,D164,carbs_g_100g,9.0,https://i.fnri.dost.gov.ph/fct/library/report/3443,2026-09-16
FC000299,D164,fat_g_100g,2.2,https://i.fnri.dost.gov.ph/fct/library/report/3443,2026-09-16
FC000299,D164,fiber_g_100g,3.5,https://i.fnri.dost.gov.ph/fct/library/report/3443,2026-09-16
FC000299,D164,sugar_g_100g,5.0,https://i.fnri.dost.gov.ph/fct/library/report/3443,2026-09-16
FC000299,D164,sodium_mg_100g,14,https://i.fnri.dost.gov.ph/fct/library/report/3443,2026-09-16
FC000299,D164,cholesterol_mg_100g,0,https://i.fnri.dost.gov.ph/fct/library/report/3443,2026-09-16
FC000300,D167,kcal_100g,44,https://i.fnri.dost.gov.ph/fct/library/report/3446,2026-09-16
FC000300,D167,protein_g_100g,1.8,https://i.fnri.dost.gov.ph/fct/library/report/3446,2026-09-16
FC000300,D167,carbs_g_100g,8.1,https://i.fnri.dost.gov.ph/fct/library/report/3446,2026-09-16
FC000300,D167,fat_g_100g,0.5,https://i.fnri.dost.gov.ph/fct/library/report/3446,2026-09-16
FC000300,D167,fiber_g_100g,3.1,https://i.fnri.dost.gov.ph/fct/library/report/3446,2026-09-16
FC000300,D167,sugar_g_100g,4.3,https://i.fnri.dost.gov.ph/fct/library/report/3446,2026-09-16
FC000300,D167,sodium_mg_100g,12,https://i.fnri.dost.gov.ph/fct/library/report/3446,2026-09-16
FC000300,D167,cholesterol_mg_100g,0,https://i.fnri.dost.gov.ph/fct/library/report/3446,2026-09-16
FC000301,D169,kcal_100g,75,https://i.fnri.dost.gov.ph/fct/library/report/3448,2026-09-16
FC000301,D169,protein_g_100g,2.4,https://i.fnri.dost.gov.ph/fct/library/report/3448,2026-09-16
FC000301,D169,carbs_g_100g,14.4,https://i.fnri.dost.gov.ph/fct/library/report/3448,2026-09-16
FC000301,D169,fat_g_100g,0.9,https://i.fnri.dost.gov.ph/fct/library/report/3448,2026-09-16
FC000301,D169,fiber_g_100g,5.0,https://i.fnri.dost.gov.ph/fct/library/report/3448,2026-09-16
FC000301,D169,sugar_g_100g,-,https://i.fnri.dost.gov.ph/fct/library/report/3448,2026-09-16
FC000301,D169,sodium_mg_100g,8,https://i.fnri.dost.gov.ph/fct/library/report/3448,2026-09-16
FC000301,D169,cholesterol_mg_100g,0,https://i.fnri.dost.gov.ph/fct/library/report/3448,2026-09-16
FC000302,D183,kcal_100g,20,https://i.fnri.dost.gov.ph/fct/library/report/3462,2026-09-16
FC000302,D183,protein_g_100g,0.6,https://i.fnri.dost.gov.ph/fct/library/report/3462,2026-09-16
FC000302,D183,carbs_g_100g,4.1,https://i.fnri.dost.gov.ph/fct/library/report/3462,2026-09-16
FC000302,D183,fat_g_100g,0.1,https://i.fnri.dost.gov.ph/fct/library/report/3462,2026-09-16
FC000302,D183,fiber_g_100g,0.6,https://i.fnri.dost.gov.ph/fct/library/report/3462,2026-09-16
FC000302,D183,sugar_g_100g,2.7,https://i.fnri.dost.gov.ph/fct/library/report/3462,2026-09-16
FC000302,D183,sodium_mg_100g,21,https://i.fnri.dost.gov.ph/fct/library/report/3462,2026-09-16
FC000302,D183,cholesterol_mg_100g,0,https://i.fnri.dost.gov.ph/fct/library/report/3462,2026-09-16
FC000303,D206,kcal_100g,36,https://i.fnri.dost.gov.ph/fct/library/report/3485,2026-09-16
FC000303,D206,protein_g_100g,2.0,https://i.fnri.dost.gov.ph/fct/library/report/3485,2026-09-16
FC000303,D206,carbs_g_100g,6.8,https://i.fnri.dost.gov.ph/fct/library/report/3485,2026-09-16
FC000303,D206,fat_g_100g,0.1,https://i.fnri.dost.gov.ph/fct/library/report/3485,2026-09-16
FC000303,D206,fiber_g_100g,2.6,https://i.fnri.dost.gov.ph/fct/library/report/3485,2026-09-16
FC000303,D206,sugar_g_100g,3.2,https://i.fnri.dost.gov.ph/fct/library/report/3485,2026-09-16
FC000303,D206,sodium_mg_100g,2,https://i.fnri.dost.gov.ph/fct/library/report/3485,2026-09-16
FC000303,D206,cholesterol_mg_100g,0,https://i.fnri.dost.gov.ph/fct/library/report/3485,2026-09-16
FC000304,D211,kcal_100g,67,https://i.fnri.dost.gov.ph/fct/library/report/3490,2026-09-16
FC000304,D211,protein_g_100g,3.0,https://i.fnri.dost.gov.ph/fct/library/report/3490,2026-09-16
FC000304,D211,carbs_g_100g,12.8,https://i.fnri.dost.gov.ph/fct/library/report/3490,2026-09-16
FC000304,D211,fat_g_100g,0.4,https://i.fnri.dost.gov.ph/fct/library/report/3490,2026-09-16
FC000304,D211,fiber_g_100g,4.1,https://i.fnri.dost.gov.ph/fct/library/report/3490,2026-09-16
FC000304,D211,sugar_g_100g,6.3,https://i.fnri.dost.gov.ph/fct/library/report/3490,2026-09-16
FC000304,D211,sodium_mg_100g,2,https://i.fnri.dost.gov.ph/fct/library/report/3490,2026-09-16
FC000304,D211,cholesterol_mg_100g,0,https://i.fnri.dost.gov.ph/fct/library/report/3490,2026-09-16
FC000305,D219,kcal_100g,21,https://i.fnri.dost.gov.ph/fct/library/report/3498,2026-09-16
FC000305,D219,protein_g_100g,0.7,https://i.fnri.dost.gov.ph/fct/library/report/3498,2026-09-16
FC000305,D219,carbs_g_100g,4.3,https://i.fnri.dost.gov.ph/fct/library/report/3498,2026-09-16
FC000305,D219,fat_g_100g,0.1,https://i.fnri.dost.gov.ph/fct/library/report/3498,2026-09-16
FC000305,D219,fiber_g_100g,0.4,https://i.fnri.dost.gov.ph/fct/library/report/3498,2026-09-16
FC000305,D219,sugar_g_100g,3.0,https://i.fnri.dost.gov.ph/fct/library/report/3498,2026-09-16
FC000305,D219,sodium_mg_100g,8,https://i.fnri.dost.gov.ph/fct/library/report/3498,2026-09-16
FC000305,D219,cholesterol_mg_100g,0,https://i.fnri.dost.gov.ph/fct/library/report/3498,2026-09-16
FC000306,D223,kcal_100g,33,https://i.fnri.dost.gov.ph/fct/library/report/3502,2026-09-16
FC000306,D223,protein_g_100g,1.9,https://i.fnri.dost.gov.ph/fct/library/report/3502,2026-09-16
FC000306,D223,carbs_g_100g,5.2,https://i.fnri.dost.gov.ph/fct/library/report/3502,2026-09-16
FC000306,D223,fat_g_100g,0.5,https://i.fnri.dost.gov.ph/fct/library/report/3502,2026-09-16
FC000306,D223,fiber_g_100g,-,https://i.fnri.dost.gov.ph/fct/library/report/3502,2026-09-16
FC000306,D223,sugar_g_100g,2.8,https://i.fnri.dost.gov.ph/fct/library/report/3502,2026-09-16
FC000306,D223,sodium_mg_100g,5,https://i.fnri.dost.gov.ph/fct/library/report/3502,2026-09-16
FC000306,D223,cholesterol_mg_100g,0,https://i.fnri.dost.gov.ph/fct/library/report/3502,2026-09-16
FC000307,D227,kcal_100g,38,https://i.fnri.dost.gov.ph/fct/library/report/3506,2026-09-16
FC000307,D227,protein_g_100g,3.4,https://i.fnri.dost.gov.ph/fct/library/report/3506,2026-09-16
FC000307,D227,carbs_g_100g,4.8,https://i.fnri.dost.gov.ph/fct/library/report/3506,2026-09-16
FC000307,D227,fat_g_100g,0.6,https://i.fnri.dost.gov.ph/fct/library/report/3506,2026-09-16
FC000307,D227,fiber_g_100g,-,https://i.fnri.dost.gov.ph/fct/library/report/3506,2026-09-16
FC000307,D227,sugar_g_100g,-,https://i.fnri.dost.gov.ph/fct/library/report/3506,2026-09-16
FC000307,D227,sodium_mg_100g,6,https://i.fnri.dost.gov.ph/fct/library/report/3506,2026-09-16
FC000307,D227,cholesterol_mg_100g,0,https://i.fnri.dost.gov.ph/fct/library/report/3506,2026-09-16
FC000308,D244,kcal_100g,49,https://i.fnri.dost.gov.ph/fct/library/report/3523,2026-09-16
FC000308,D244,protein_g_100g,3.9,https://i.fnri.dost.gov.ph/fct/library/report/3523,2026-09-16
FC000308,D244,carbs_g_100g,7.2,https://i.fnri.dost.gov.ph/fct/library/report/3523,2026-09-16
FC000308,D244,fat_g_100g,0.5,https://i.fnri.dost.gov.ph/fct/library/report/3523,2026-09-16
FC000308,D244,fiber_g_100g,5.0,https://i.fnri.dost.gov.ph/fct/library/report/3523,2026-09-16
FC000308,D244,sugar_g_100g,1.3,https://i.fnri.dost.gov.ph/fct/library/report/3523,2026-09-16
FC000308,D244,sodium_mg_100g,9,https://i.fnri.dost.gov.ph/fct/library/report/3523,2026-09-16
FC000308,D244,cholesterol_mg_100g,0,https://i.fnri.dost.gov.ph/fct/library/report/3523,2026-09-16
FC000309,D246,kcal_100g,69,https://i.fnri.dost.gov.ph/fct/library/report/3525,2026-09-16
FC000309,D246,protein_g_100g,4.7,https://i.fnri.dost.gov.ph/fct/library/report/3525,2026-09-16
FC000309,D246,carbs_g_100g,11.3,https://i.fnri.dost.gov.ph/fct/library/report/3525,2026-09-16
FC000309,D246,fat_g_100g,0.6,https://i.fnri.dost.gov.ph/fct/library/report/3525,2026-09-16
FC000309,D246,fiber_g_100g,7.1,https://i.fnri.dost.gov.ph/fct/library/report/3525,2026-09-16
FC000309,D246,sugar_g_100g,1.8,https://i.fnri.dost.gov.ph/fct/library/report/3525,2026-09-16
FC000309,D246,sodium_mg_100g,13,https://i.fnri.dost.gov.ph/fct/library/report/3525,2026-09-16
FC000309,D246,cholesterol_mg_100g,0,https://i.fnri.dost.gov.ph/fct/library/report/3525,2026-09-16
FC000310,D253,kcal_100g,73,https://i.fnri.dost.gov.ph/fct/library/report/3532,2026-09-16
FC000310,D253,protein_g_100g,4.3,https://i.fnri.dost.gov.ph/fct/library/report/3532,2026-09-16
FC000310,D253,carbs_g_100g,10.0,https://i.fnri.dost.gov.ph/fct/library/report/3532,2026-09-16
FC000310,D253,fat_g_100g,1.8,https://i.fnri.dost.gov.ph/fct/library/report/3532,2026-09-16
FC000310,D253,fiber_g_100g,4.8,https://i.fnri.dost.gov.ph/fct/library/report/3532,2026-09-16
FC000310,D253,sugar_g_100g,3.9,https://i.fnri.dost.gov.ph/fct/library/report/3532,2026-09-16
FC000310,D253,sodium_mg_100g,11,https://i.fnri.dost.gov.ph/fct/library/report/3532,2026-09-16
FC000310,D253,cholesterol_mg_100g,0,https://i.fnri.dost.gov.ph/fct/library/report/3532,2026-09-16
FC000311,D255,kcal_100g,21,https://i.fnri.dost.gov.ph/fct/library/report/3534,2026-09-16
FC000311,D255,protein_g_100g,0.3,https://i.fnri.dost.gov.ph/fct/library/report/3534,2026-09-16
FC000311,D255,carbs_g_100g,4.6,https://i.fnri.dost.gov.ph/fct/library/report/3534,2026-09-16
FC000311,D255,fat_g_100g,0.2,https://i.fnri.dost.gov.ph/fct/library/report/3534,2026-09-16
FC000311,D255,fiber_g_100g,1.6,https://i.fnri.dost.gov.ph/fct/library/report/3534,2026-09-16
FC000311,D255,sugar_g_100g,1.3,https://i.fnri.dost.gov.ph/fct/library/report/3534,2026-09-16
FC000311,D255,sodium_mg_100g,5,https://i.fnri.dost.gov.ph/fct/library/report/3534,2026-09-16
FC000311,D255,cholesterol_mg_100g,0,https://i.fnri.dost.gov.ph/fct/library/report/3534,2026-09-16
FC000312,D260,kcal_100g,45,https://i.fnri.dost.gov.ph/fct/library/report/3539,2026-09-16
FC000312,D260,protein_g_100g,1.1,https://i.fnri.dost.gov.ph/fct/library/report/3539,2026-09-16
FC000312,D260,carbs_g_100g,9.8,https://i.fnri.dost.gov.ph/fct/library/report/3539,2026-09-16
FC000312,D260,fat_g_100g,0.2,https://i.fnri.dost.gov.ph/fct/library/report/3539,2026-09-16
FC000312,D260,fiber_g_100g,5.6,https://i.fnri.dost.gov.ph/fct/library/report/3539,2026-09-16
FC000312,D260,sugar_g_100g,2.1,https://i.fnri.dost.gov.ph/fct/library/report/3539,2026-09-16
FC000312,D260,sodium_mg_100g,4,https://i.fnri.dost.gov.ph/fct/library/report/3539,2026-09-16
FC000312,D260,cholesterol_mg_100g,0,https://i.fnri.dost.gov.ph/fct/library/report/3539,2026-09-16
FC000313,D272,kcal_100g,31,https://i.fnri.dost.gov.ph/fct/library/report/3551,2026-09-16
FC000313,D272,protein_g_100g,2.0,https://i.fnri.dost.gov.ph/fct/library/report/3551,2026-09-16
FC000313,D272,carbs_g_100g,5.1,https://i.fnri.dost.gov.ph/fct/library/report/3551,2026-09-16
FC000313,D272,fat_g_100g,0.3,https://i.fnri.dost.gov.ph/fct/library/report/3551,2026-09-16
FC000313,D272,fiber_g_100g,3.1,https://i.fnri.dost.gov.ph/fct/library/report/3551,2026-09-16
FC000313,D272,sugar_g_100g,2.1,https://i.fnri.dost.gov.ph/fct/library/report/3551,2026-09-16
FC000313,D272,sodium_mg_100g,8,https://i.fnri.dost.gov.ph/fct/library/report/3551,2026-09-16
FC000313,D272,cholesterol_mg_100g,0,https://i.fnri.dost.gov.ph/fct/library/report/3551,2026-09-16
FC000314,D279,kcal_100g,23,https://i.fnri.dost.gov.ph/fct/library/report/3558,2026-09-16
FC000314,D279,protein_g_100g,2.3,https://i.fnri.dost.gov.ph/fct/library/report/3558,2026-09-16
FC000314,D279,carbs_g_100g,2.5,https://i.fnri.dost.gov.ph/fct/library/report/3558,2026-09-16
FC000314,D279,fat_g_100g,0.4,https://i.fnri.dost.gov.ph/fct/library/report/3558,2026-09-16
FC000314,D279,fiber_g_100g,1.7,https://i.fnri.dost.gov.ph/fct/library/report/3558,2026-09-16
FC000314,D279,sugar_g_100g,-,https://i.fnri.dost.gov.ph/fct/library/report/3558,2026-09-16
FC000314,D279,sodium_mg_100g,305,https://i.fnri.dost.gov.ph/fct/library/report/3558,2026-09-16
FC000314,D279,cholesterol_mg_100g,0,https://i.fnri.dost.gov.ph/fct/library/report/3558,2026-09-16
FC000315,D293,kcal_100g,388,https://i.fnri.dost.gov.ph/fct/library/report/3572,2026-09-16
FC000315,D293,protein_g_100g,23.1,https://i.fnri.dost.gov.ph/fct/library/report/3572,2026-09-16
FC000315,D293,carbs_g_100g,53.1,https://i.fnri.dost.gov.ph/fct/library/report/3572,2026-09-16
FC000315,D293,fat_g_100g,9.2,https://i.fnri.dost.gov.ph/fct/library/report/3572,2026-09-16
FC000315,D293,fiber_g_100g,25.0,https://i.fnri.dost.gov.ph/fct/library/report/3572,2026-09-16
FC000315,D293,sugar_g_100g,20.4,https://i.fnri.dost.gov.ph/fct/library/report/3572,2026-09-16
FC000315,D293,sodium_mg_100g,20,https://i.fnri.dost.gov.ph/fct/library/report/3572,2026-09-16
FC000315,D293,cholesterol_mg_100g,0,https://i.fnri.dost.gov.ph/fct/library/report/3572,2026-09-16
FC000316,D300,kcal_100g,46,https://i.fnri.dost.gov.ph/fct/library/report/3579,2026-09-16
FC000316,D300,protein_g_100g,3.3,https://i.fnri.dost.gov.ph/fct/library/report/3579,2026-09-16
FC000316,D300,carbs_g_100g,6.9,https://i.fnri.dost.gov.ph/fct/library/report/3579,2026-09-16
FC000316,D300,fat_g_100g,0.6,https://i.fnri.dost.gov.ph/fct/library/report/3579,2026-09-16
FC000316,D300,fiber_g_100g,5.0,https://i.fnri.dost.gov.ph/fct/library/report/3579,2026-09-16
FC000316,D300,sugar_g_100g,1.5,https://i.fnri.dost.gov.ph/fct/library/report/3579,2026-09-16
FC000316,D300,sodium_mg_100g,13,https://i.fnri.dost.gov.ph/fct/library/report/3579,2026-09-16
FC000316,D300,cholesterol_mg_100g,0,https://i.fnri.dost.gov.ph/fct/library/report/3579,2026-09-16
FC000317,D304,kcal_100g,46,https://i.fnri.dost.gov.ph/fct/library/report/5005,2026-09-16
FC000317,D304,protein_g_100g,1.1,https://i.fnri.dost.gov.ph/fct/library/report/5005,2026-09-16
FC000317,D304,carbs_g_100g,8.5,https://i.fnri.dost.gov.ph/fct/library/report/5005,2026-09-16
FC000317,D304,fat_g_100g,0.8,https://i.fnri.dost.gov.ph/fct/library/report/5005,2026-09-16
FC000317,D304,fiber_g_100g,1.1,https://i.fnri.dost.gov.ph/fct/library/report/5005,2026-09-16
FC000317,D304,sugar_g_100g,0.9,https://i.fnri.dost.gov.ph/fct/library/report/5005,2026-09-16
FC000317,D304,sodium_mg_100g,3,https://i.fnri.dost.gov.ph/fct/library/report/5005,2026-09-16
FC000317,D304,cholesterol_mg_100g,0,https://i.fnri.dost.gov.ph/fct/library/report/5005,2026-09-16
FC000318,D305,kcal_100g,71,https://i.fnri.dost.gov.ph/fct/library/report/5006,2026-09-16
FC000318,D305,protein_g_100g,2.0,https://i.fnri.dost.gov.ph/fct/library/report/5006,2026-09-16
FC000318,D305,carbs_g_100g,9.6,https://i.fnri.dost.gov.ph/fct/library/report/5006,2026-09-16
FC000318,D305,fat_g_100g,2.7,https://i.fnri.dost.gov.ph/fct/library/report/5006,2026-09-16
FC000318,D305,fiber_g_100g,4.1,https://i.fnri.dost.gov.ph/fct/library/report/5006,2026-09-16
FC000318,D305,sugar_g_100g,0.6,https://i.fnri.dost.gov.ph/fct/library/report/5006,2026-09-16
FC000318,D305,sodium_mg_100g,61,https://i.fnri.dost.gov.ph/fct/library/report/5006,2026-09-16
FC000318,D305,cholesterol_mg_100g,0,https://i.fnri.dost.gov.ph/fct/library/report/5006,2026-09-16
FC000319,D196,kcal_100g,10,https://i.fnri.dost.gov.ph/fct/library/report/3475,2026-09-16
FC000319,D196,protein_g_100g,0.1,https://i.fnri.dost.gov.ph/fct/library/report/3475,2026-09-16
FC000319,D196,carbs_g_100g,2.1,https://i.fnri.dost.gov.ph/fct/library/report/3475,2026-09-16
FC000319,D196,fat_g_100g,0.1,https://i.fnri.dost.gov.ph/fct/library/report/3475,2026-09-16
FC000319,D196,fiber_g_100g,-,https://i.fnri.dost.gov.ph/fct/library/report/3475,2026-09-16
FC000319,D196,sugar_g_100g,-,https://i.fnri.dost.gov.ph/fct/library/report/3475,2026-09-16
FC000319,D196,sodium_mg_100g,-,https://i.fnri.dost.gov.ph/fct/library/report/3475,2026-09-16
FC000319,D196,cholesterol_mg_100g,0,https://i.fnri.dost.gov.ph/fct/library/report/3475,2026-09-16
FC000320,D288,kcal_100g,203,https://i.fnri.dost.gov.ph/fct/library/report/3567,2026-09-16
FC000320,D288,protein_g_100g,0.8,https://i.fnri.dost.gov.ph/fct/library/report/3567,2026-09-16
FC000320,D288,carbs_g_100g,30.3,https://i.fnri.dost.gov.ph/fct/library/report/3567,2026-09-16
FC000320,D288,fat_g_100g,8.7,https://i.fnri.dost.gov.ph/fct/library/report/3567,2026-09-16
FC000320,D288,fiber_g_100g,1.7,https://i.fnri.dost.gov.ph/fct/library/report/3567,2026-09-16
FC000320,D288,sugar_g_100g,-,https://i.fnri.dost.gov.ph/fct/library/report/3567,2026-09-16
FC000320,D288,sodium_mg_100g,791,https://i.fnri.dost.gov.ph/fct/library/report/3567,2026-09-16
FC000320,D288,cholesterol_mg_100g,0,https://i.fnri.dost.gov.ph/fct/library/report/3567,2026-09-16
FC000321,D021,kcal_100g,50,https://i.fnri.dost.gov.ph/fct/library/report/3300,2026-09-16
FC000321,D021,protein_g_100g,2.2,https://i.fnri.dost.gov.ph/fct/library/report/3300,2026-09-16
FC000321,D021,carbs_g_100g,9.0,https://i.fnri.dost.gov.ph/fct/library/report/3300,2026-09-16
FC000321,D021,fat_g_100g,0.6,https://i.fnri.dost.gov.ph/fct/library/report/3300,2026-09-16
FC000321,D021,fiber_g_100g,2.1,https://i.fnri.dost.gov.ph/fct/library/report/3300,2026-09-16
FC000321,D021,sugar_g_100g,1.1,https://i.fnri.dost.gov.ph/fct/library/report/3300,2026-09-16
FC000321,D021,sodium_mg_100g,14,https://i.fnri.dost.gov.ph/fct/library/report/3300,2026-09-16
FC000321,D021,cholesterol_mg_100g,0,https://i.fnri.dost.gov.ph/fct/library/report/3300,2026-09-16
FC000322,D028,kcal_100g,22,https://i.fnri.dost.gov.ph/fct/library/report/3307,2026-09-16
FC000322,D028,protein_g_100g,1.7,https://i.fnri.dost.gov.ph/fct/library/report/3307,2026-09-16
FC000322,D028,carbs_g_100g,3.2,https://i.fnri.dost.gov.ph/fct/library/report/3307,2026-09-16
FC000322,D028,fat_g_100g,0.3,https://i.fnri.dost.gov.ph/fct/library/report/3307,2026-09-16
FC000322,D028,fiber_g_100g,-,https://i.fnri.dost.gov.ph/fct/library/report/3307,2026-09-16
FC000322,D028,sugar_g_100g,-,https://i.fnri.dost.gov.ph/fct/library/report/3307,2026-09-16
FC000322,D028,sodium_mg_100g,6,https://i.fnri.dost.gov.ph/fct/library/report/3307,2026-09-16
FC000322,D028,cholesterol_mg_100g,0,https://i.fnri.dost.gov.ph/fct/library/report/3307,2026-09-16
FC000323,D038,kcal_100g,28,https://i.fnri.dost.gov.ph/fct/library/report/3317,2026-09-16
FC000323,D038,protein_g_100g,0.9,https://i.fnri.dost.gov.ph/fct/library/report/3317,2026-09-16
FC000323,D038,carbs_g_100g,5.6,https://i.fnri.dost.gov.ph/fct/library/report/3317,2026-09-16
FC000323,D038,fat_g_100g,0.2,https://i.fnri.dost.gov.ph/fct/library/report/3317,2026-09-16
FC000323,D038,fiber_g_100g,2.0,https://i.fnri.dost.gov.ph/fct/library/report/3317,2026-09-16
FC000323,D038,sugar_g_100g,2.6,https://i.fnri.dost.gov.ph/fct/library/report/3317,2026-09-16
FC000323,D038,sodium_mg_100g,22,https://i.fnri.dost.gov.ph/fct/library/report/3317,2026-09-16
FC000323,D038,cholesterol_mg_100g,0,https://i.fnri.dost.gov.ph/fct/library/report/3317,2026-09-16
FC000324,D040,kcal_100g,42,https://i.fnri.dost.gov.ph/fct/library/report/3319,2026-09-16
FC000324,D040,protein_g_100g,1.1,https://i.fnri.dost.gov.ph/fct/library/report/3319,2026-09-16
FC000324,D040,carbs_g_100g,8.6,https://i.fnri.dost.gov.ph/fct/library/report/3319,2026-09-16
FC000324,D040,fat_g_100g,0.4,https://i.fnri.dost.gov.ph/fct/library/report/3319,2026-09-16
FC000324,D040,fiber_g_100g,3.3,https://i.fnri.dost.gov.ph/fct/library/report/3319,2026-09-16
FC000324,D040,sugar_g_100g,3.8,https://i.fnri.dost.gov.ph/fct/library/report/3319,2026-09-16
FC000324,D040,sodium_mg_100g,64,https://i.fnri.dost.gov.ph/fct/library/report/3319,2026-09-16
FC000324,D040,cholesterol_mg_100g,0,https://i.fnri.dost.gov.ph/fct/library/report/3319,2026-09-16
FC000325,D049,kcal_100g,27,https://i.fnri.dost.gov.ph/fct/library/report/3328,2026-09-16
FC000325,D049,protein_g_100g,1.4,https://i.fnri.dost.gov.ph/fct/library/report/3328,2026-09-16
FC000325,D049,carbs_g_100g,5.0,https://i.fnri.dost.gov.ph/fct/library/report/3328,2026-09-16
FC000325,D049,fat_g_100g,0.1,https://i.fnri.dost.gov.ph/fct/library/report/3328,2026-09-16
FC000325,D049,fiber_g_100g,2.0,https://i.fnri.dost.gov.ph/fct/library/report/3328,2026-09-16
FC000325,D049,sugar_g_100g,2.9,https://i.fnri.dost.gov.ph/fct/library/report/3328,2026-09-16
FC000325,D049,sodium_mg_100g,108,https://i.fnri.dost.gov.ph/fct/library/report/3328,2026-09-16
FC000325,D049,cholesterol_mg_100g,0,https://i.fnri.dost.gov.ph/fct/library/report/3328,2026-09-16
FC000326,D053,kcal_100g,21,https://i.fnri.dost.gov.ph/fct/library/report/3332,2026-09-16
FC000326,D053,protein_g_100g,2.5,https://i.fnri.dost.gov.ph/fct/library/report/3332,2026-09-16
FC000326,D053,carbs_g_100g,2.3,https://i.fnri.dost.gov.ph/fct/library/report/3332,2026-09-16
FC000326,D053,fat_g_100g,0.2,https://i.fnri.dost.gov.ph/fct/library/report/3332,2026-09-16
FC000326,D053,fiber_g_100g,-,https://i.fnri.dost.gov.ph/fct/library/report/3332,2026-09-16
FC000326,D053,sugar_g_100g,-,https://i.fnri.dost.gov.ph/fct/library/report/3332,2026-09-16
FC000326,D053,sodium_mg_100g,1,https://i.fnri.dost.gov.ph/fct/library/report/3332,2026-09-16
FC000326,D053,cholesterol_mg_100g,0,https://i.fnri.dost.gov.ph/fct/library/report/3332,2026-09-16
FC000327,D086,kcal_100g,45,https://i.fnri.dost.gov.ph/fct/library/report/3365,2026-09-16
FC000327,D086,protein_g_100g,1.1,https://i.fnri.dost.gov.ph/fct/library/report/3365,2026-09-16
FC000327,D086,carbs_g_100g,8.8,https://i.fnri.dost.gov.ph/fct/library/report/3365,2026-09-16
FC000327,D086,fat_g_100g,0.6,https://i.fnri.dost.gov.ph/fct/library/report/3365,2026-09-16
FC000327,D086,fiber_g_100g,2.6,https://i.fnri.dost.gov.ph/fct/library/report/3365,2026-09-16
FC000327,D086,sugar_g_100g,5.7,https://i.fnri.dost.gov.ph/fct/library/report/3365,2026-09-16
FC000327,D086,sodium_mg_100g,3,https://i.fnri.dost.gov.ph/fct/library/report/3365,2026-09-16
FC000327,D086,cholesterol_mg_100g,0,https://i.fnri.dost.gov.ph/fct/library/report/3365,2026-09-16
FC000328,D097,kcal_100g,48,https://i.fnri.dost.gov.ph/fct/library/report/3376,2026-09-16
FC000328,D097,protein_g_100g,3.0,https://i.fnri.dost.gov.ph/fct/library/report/3376,2026-09-16
FC000328,D097,carbs_g_100g,6.8,https://i.fnri.dost.gov.ph/fct/library/report/3376,2026-09-16
FC000328,D097,fat_g_100g,1.0,https://i.fnri.dost.gov.ph/fct/library/report/3376,2026-09-16
FC000328,D097,fiber_g_100g,1.2,https://i.fnri.dost.gov.ph/fct/library/report/3376,2026-09-16
FC000328,D097,sugar_g_100g,0.6,https://i.fnri.dost.gov.ph/fct/library/report/3376,2026-09-16
FC000328,D097,sodium_mg_100g,5,https://i.fnri.dost.gov.ph/fct/library/report/3376,2026-09-16
FC000328,D097,cholesterol_mg_100g,0,https://i.fnri.dost.gov.ph/fct/library/report/3376,2026-09-16
FC000329,D099,kcal_100g,42,https://i.fnri.dost.gov.ph/fct/library/report/3378,2026-09-16
FC000329,D099,protein_g_100g,2.4,https://i.fnri.dost.gov.ph/fct/library/report/3378,2026-09-16
FC000329,D099,carbs_g_100g,5.5,https://i.fnri.dost.gov.ph/fct/library/report/3378,2026-09-16
FC000329,D099,fat_g_100g,1.1,https://i.fnri.dost.gov.ph/fct/library/report/3378,2026-09-16
FC000329,D099,fiber_g_100g,1.1,https://i.fnri.dost.gov.ph/fct/library/report/3378,2026-09-16
FC000329,D099,sugar_g_100g,0.5,https://i.fnri.dost.gov.ph/fct/library/report/3378,2026-09-16
FC000329,D099,sodium_mg_100g,5,https://i.fnri.dost.gov.ph/fct/library/report/3378,2026-09-16
FC000329,D099,cholesterol_mg_100g,0,https://i.fnri.dost.gov.ph/fct/library/report/3378,2026-09-16
FC000330,D101,kcal_100g,25,https://i.fnri.dost.gov.ph/fct/library/report/3380,2026-09-16
FC000330,D101,protein_g_100g,1.1,https://i.fnri.dost.gov.ph/fct/library/report/3380,2026-09-16
FC000330,D101,carbs_g_100g,4.6,https://i.fnri.dost.gov.ph/fct/library/report/3380,2026-09-16
FC000330,D101,fat_g_100g,0.2,https://i.fnri.dost.gov.ph/fct/library/report/3380,2026-09-16
FC000330,D101,fiber_g_100g,1.7,https://i.fnri.dost.gov.ph/fct/library/report/3380,2026-09-16
FC000330,D101,sugar_g_100g,0.9,https://i.fnri.dost.gov.ph/fct/library/report/3380,2026-09-16
FC000330,D101,sodium_mg_100g,23,https://i.fnri.dost.gov.ph/fct/library/report/3380,2026-09-16
FC000330,D101,cholesterol_mg_100g,0,https://i.fnri.dost.gov.ph/fct/library/report/3380,2026-09-16
FC000331,D106,kcal_100g,156,https://i.fnri.dost.gov.ph/fct/library/report/3385,2026-09-16
FC000331,D106,protein_g_100g,4.5,https://i.fnri.dost.gov.ph/fct/library/report/3385,2026-09-16
FC000331,D106,carbs_g_100g,33.7,https://i.fnri.dost.gov.ph/fct/library/report/3385,2026-09-16
FC000331,D106,fat_g_100g,0.3,https://i.fnri.dost.gov.ph/fct/library/report/3385,2026-09-16
FC000331,D106,fiber_g_100g,4.7,https://i.fnri.dost.gov.ph/fct/library/report/3385,2026-09-16
FC000331,D106,sugar_g_100g,-,https://i.fnri.dost.gov.ph/fct/library/report/3385,2026-09-16
FC000331,D106,sodium_mg_100g,22,https://i.fnri.dost.gov.ph/fct/library/report/3385,2026-09-16
FC000331,D106,cholesterol_mg_100g,0,https://i.fnri.dost.gov.ph/fct/library/report/3385,2026-09-16
FC000332,D114,kcal_100g,19,https://i.fnri.dost.gov.ph/fct/library/report/3393,2026-09-16
FC000332,D114,protein_g_100g,1.3,https://i.fnri.dost.gov.ph/fct/library/report/3393,2026-09-16
FC000332,D114,carbs_g_100g,2.6,https://i.fnri.dost.gov.ph/fct/library/report/3393,2026-09-16
FC000332,D114,fat_g_100g,0.4,https://i.fnri.dost.gov.ph/fct/library/report/3393,2026-09-16
FC000332,D114,fiber_g_100g,0.5,https://i.fnri.dost.gov.ph/fct/library/report/3393,2026-09-16
FC000332,D114,sugar_g_100g,1.1,https://i.fnri.dost.gov.ph/fct/library/report/3393,2026-09-16
FC000332,D114,sodium_mg_100g,5,https://i.fnri.dost.gov.ph/fct/library/report/3393,2026-09-16
FC000332,D114,cholesterol_mg_100g,0,https://i.fnri.dost.gov.ph/fct/library/report/3393,2026-09-16
FC000333,D142,kcal_100g,47,https://i.fnri.dost.gov.ph/fct/library/report/3421,2026-09-16
FC000333,D142,protein_g_100g,1.2,https://i.fnri.dost.gov.ph/fct/library/report/3421,2026-09-16
FC000333,D142,carbs_g_100g,9.7,https://i.fnri.dost.gov.ph/fct/library/report/3421,2026-09-16
FC000333,D142,fat_g_100g,0.4,https://i.fnri.dost.gov.ph/fct/library/report/3421,2026-09-16
FC000333,D142,fiber_g_100g,1.3,https://i.fnri.dost.gov.ph/fct/library/report/3421,2026-09-16
FC000333,D142,sugar_g_100g,4.6,https://i.fnri.dost.gov.ph/fct/library/report/3421,2026-09-16
FC000333,D142,sodium_mg_100g,3,https://i.fnri.dost.gov.ph/fct/library/report/3421,2026-09-16
FC000333,D142,cholesterol_mg_100g,0,https://i.fnri.dost.gov.ph/fct/library/report/3421,2026-09-16
FC000334,D144,kcal_100g,62,https://i.fnri.dost.gov.ph/fct/library/report/3423,2026-09-16
FC000334,D144,protein_g_100g,1.1,https://i.fnri.dost.gov.ph/fct/library/report/3423,2026-09-16
FC000334,D144,carbs_g_100g,13.3,https://i.fnri.dost.gov.ph/fct/library/report/3423,2026-09-16
FC000334,D144,fat_g_100g,0.5,https://i.fnri.dost.gov.ph/fct/library/report/3423,2026-09-16
FC000334,D144,fiber_g_100g,2.4,https://i.fnri.dost.gov.ph/fct/library/report/3423,2026-09-16
FC000334,D144,sugar_g_100g,6.0,https://i.fnri.dost.gov.ph/fct/library/report/3423,2026-09-16
FC000334,D144,sodium_mg_100g,11,https://i.fnri.dost.gov.ph/fct/library/report/3423,2026-09-16
FC000334,D144,cholesterol_mg_100g,0,https://i.fnri.dost.gov.ph/fct/library/report/3423,2026-09-16
FC000335,D146,kcal_100g,27,https://i.fnri.dost.gov.ph/fct/library/report/3425,2026-09-16
FC000335,D146,protein_g_100g,1.3,https://i.fnri.dost.gov.ph/fct/library/report/3425,2026-09-16
FC000335,D146,carbs_g_100g,4.1,https://i.fnri.dost.gov.ph/fct/library/report/3425,2026-09-16
FC000335,D146,fat_g_100g,0.6,https://i.fnri.dost.gov.ph/fct/library/report/3425,2026-09-16
FC000335,D146,fiber_g_100g,1.5,https://i.fnri.dost.gov.ph/fct/library/report/3425,2026-09-16
FC000335,D146,sugar_g_100g,1.5,https://i.fnri.dost.gov.ph/fct/library/report/3425,2026-09-16
FC000335,D146,sodium_mg_100g,2,https://i.fnri.dost.gov.ph/fct/library/report/3425,2026-09-16
FC000335,D146,cholesterol_mg_100g,0,https://i.fnri.dost.gov.ph/fct/library/report/3425,2026-09-16
FC000336,D148,kcal_100g,36,https://i.fnri.dost.gov.ph/fct/library/report/3427,2026-09-16
FC000336,D148,protein_g_100g,1.3,https://i.fnri.dost.gov.ph/fct/library/report/3427,2026-09-16
FC000336,D148,carbs_g_100g,6.9,https://i.fnri.dost.gov.ph/fct/library/report/3427,2026-09-16
FC000336,D148,fat_g_100g,0.4,https://i.fnri.dost.gov.ph/fct/library/report/3427,2026-09-16
FC000336,D148,fiber_g_100g,2.4,https://i.fnri.dost.gov.ph/fct/library/report/3427,2026-09-16
FC000336,D148,sugar_g_100g,2.1,https://i.fnri.dost.gov.ph/fct/library/report/3427,2026-09-16
FC000336,D148,sodium_mg_100g,28,https://i.fnri.dost.gov.ph/fct/library/report/3427,2026-09-16
FC000336,D148,cholesterol_mg_100g,0,https://i.fnri.dost.gov.ph/fct/library/report/3427,2026-09-16
FC000337,D166,kcal_100g,52,https://i.fnri.dost.gov.ph/fct/library/report/3445,2026-09-16
FC000337,D166,protein_g_100g,1.8,https://i.fnri.dost.gov.ph/fct/library/report/3445,2026-09-16
FC000337,D166,carbs_g_100g,10.5,https://i.fnri.dost.gov.ph/fct/library/report/3445,2026-09-16
FC000337,D166,fat_g_100g,0.3,https://i.fnri.dost.gov.ph/fct/library/report/3445,2026-09-16
FC000337,D166,fiber_g_100g,-,https://i.fnri.dost.gov.ph/fct/library/report/3445,2026-09-16
FC000337,D166,sugar_g_100g,-,https://i.fnri.dost.gov.ph/fct/library/report/3445,2026-09-16
FC000337,D166,sodium_mg_100g,4,https://i.fnri.dost.gov.ph/fct/library/report/3445,2026-09-16
FC000337,D166,cholesterol_mg_100g,0,https://i.fnri.dost.gov.ph/fct/library/report/3445,2026-09-16
FC000338,D168,kcal_100g,32,https://i.fnri.dost.gov.ph/fct/library/report/3447,2026-09-16
FC000338,D168,protein_g_100g,0.9,https://i.fnri.dost.gov.ph/fct/library/report/3447,2026-09-16
FC000338,D168,carbs_g_100g,6.4,https://i.fnri.dost.gov.ph/fct/library/report/3447,2026-09-16
FC000338,D168,fat_g_100g,0.3,https://i.fnri.dost.gov.ph/fct/library/report/3447,2026-09-16
FC000338,D168,fiber_g_100g,1.2,https://i.fnri.dost.gov.ph/fct/library/report/3447,2026-09-16
FC000338,D168,sugar_g_100g,3.1,https://i.fnri.dost.gov.ph/fct/library/report/3447,2026-09-16
FC000338,D168,sodium_mg_100g,2,https://i.fnri.dost.gov.ph/fct/library/report/3447,2026-09-16
FC000338,D168,cholesterol_mg_100g,0,https://i.fnri.dost.gov.ph/fct/library/report/3447,2026-09-16
FC000339,D171,kcal_100g,17,https://i.fnri.dost.gov.ph/fct/library/report/3450,2026-09-16
FC000339,D171,protein_g_100g,0.5,https://i.fnri.dost.gov.ph/fct/library/report/3450,2026-09-16
FC000339,D171,carbs_g_100g,3.2,https://i.fnri.dost.gov.ph/fct/library/report/3450,2026-09-16
FC000339,D171,fat_g_100g,0.2,https://i.fnri.dost.gov.ph/fct/library/report/3450,2026-09-16
FC000339,D171,fiber_g_100g,0.6,https://i.fnri.dost.gov.ph/fct/library/report/3450,2026-09-16
FC000339,D171,sugar_g_100g,1.6,https://i.fnri.dost.gov.ph/fct/library/report/3450,2026-09-16
FC000339,D171,sodium_mg_100g,1,https://i.fnri.dost.gov.ph/fct/library/report/3450,2026-09-16
FC000339,D171,cholesterol_mg_100g,0,https://i.fnri.dost.gov.ph/fct/library/report/3450,2026-09-16
FC000340,D209,kcal_100g,14,https://i.fnri.dost.gov.ph/fct/library/report/3488,2026-09-16
FC000340,D209,protein_g_100g,1.0,https://i.fnri.dost.gov.ph/fct/library/report/3488,2026-09-16
FC000340,D209,carbs_g_100g,2.3,https://i.fnri.dost.gov.ph/fct/library/report/3488,2026-09-16
FC000340,D209,fat_g_100g,0.1,https://i.fnri.dost.gov.ph/fct/library/report/3488,2026-09-16
FC000340,D209,fiber_g_100g,1.1,https://i.fnri.dost.gov.ph/fct/library/report/3488,2026-09-16
FC000340,D209,sugar_g_100g,0.5,https://i.fnri.dost.gov.ph/fct/library/report/3488,2026-09-16
FC000340,D209,sodium_mg_100g,0,https://i.fnri.dost.gov.ph/fct/library/report/3488,2026-09-16
FC000340,D209,cholesterol_mg_100g,0,https://i.fnri.dost.gov.ph/fct/library/report/3488,2026-09-16
FC000341,D222,kcal_100g,14,https://i.fnri.dost.gov.ph/fct/library/report/3501,2026-09-16
FC000341,D222,protein_g_100g,1.4,https://i.fnri.dost.gov.ph/fct/library/report/3501,2026-09-16
FC000341,D222,carbs_g_100g,1.8,https://i.fnri.dost.gov.ph/fct/library/report/3501,2026-09-16
FC000341,D222,fat_g_100g,0.1,https://i.fnri.dost.gov.ph/fct/library/report/3501,2026-09-16
FC000341,D222,fiber_g_100g,-,https://i.fnri.dost.gov.ph/fct/library/report/3501,2026-09-16
FC000341,D222,sugar_g_100g,-,https://i.fnri.dost.gov.ph/fct/library/report/3501,2026-09-16
FC000341,D222,sodium_mg_100g,6,https://i.fnri.dost.gov.ph/fct/library/report/3501,2026-09-16
FC000341,D222,cholesterol_mg_100g,0,https://i.fnri.dost.gov.ph/fct/library/report/3501,2026-09-16
FC000342,D224,kcal_100g,19,https://i.fnri.dost.gov.ph/fct/library/report/3503,2026-09-16
FC000342,D224,protein_g_100g,0.4,https://i.fnri.dost.gov.ph/fct/library/report/3503,2026-09-16
FC000342,D224,carbs_g_100g,4.1,https://i.fnri.dost.gov.ph/fct/library/report/3503,2026-09-16
FC000342,D224,fat_g_100g,0.1,https://i.fnri.dost.gov.ph/fct/library/report/3503,2026-09-16
FC000342,D224,fiber_g_100g,-,https://i.fnri.dost.gov.ph/fct/library/report/3503,2026-09-16
FC000342,D224,sugar_g_100g,1.5,https://i.fnri.dost.gov.ph/fct/library/report/3503,2026-09-16
FC000342,D224,sodium_mg_100g,3,https://i.fnri.dost.gov.ph/fct/library/report/3503,2026-09-16
FC000342,D224,cholesterol_mg_100g,0,https://i.fnri.dost.gov.ph/fct/library/report/3503,2026-09-16
FC000343,D231,kcal_100g,27,https://i.fnri.dost.gov.ph/fct/library/report/3510,2026-09-16
FC000343,D231,protein_g_100g,2.1,https://i.fnri.dost.gov.ph/fct/library/report/3510,2026-09-16
FC000343,D231,carbs_g_100g,4.3,https://i.fnri.dost.gov.ph/fct/library/report/3510,2026-09-16
FC000343,D231,fat_g_100g,0.2,https://i.fnri.dost.gov.ph/fct/library/report/3510,2026-09-16
FC000343,D231,fiber_g_100g,1.4,https://i.fnri.dost.gov.ph/fct/library/report/3510,2026-09-16
FC000343,D231,sugar_g_100g,1.8,https://i.fnri.dost.gov.ph/fct/library/report/3510,2026-09-16
FC000343,D231,sodium_mg_100g,23,https://i.fnri.dost.gov.ph/fct/library/report/3510,2026-09-16
FC000343,D231,cholesterol_mg_100g,0,https://i.fnri.dost.gov.ph/fct/library/report/3510,2026-09-16
FC000344,D239,kcal_100g,119,https://i.fnri.dost.gov.ph/fct/library/report/3518,2026-09-16
FC000344,D239,protein_g_100g,12.7,https://i.fnri.dost.gov.ph/fct/library/report/3518,2026-09-16
FC000344,D239,carbs_g_100g,16.1,https://i.fnri.dost.gov.ph/fct/library/report/3518,2026-09-16
FC000344,D239,fat_g_100g,0.4,https://i.fnri.dost.gov.ph/fct/library/report/3518,2026-09-16
FC000344,D239,fiber_g_100g,3.7,https://i.fnri.dost.gov.ph/fct/library/report/3518,2026-09-16
FC000344,D239,sugar_g_100g,4.0,https://i.fnri.dost.gov.ph/fct/library/report/3518,2026-09-16
FC000344,D239,sodium_mg_100g,5,https://i.fnri.dost.gov.ph/fct/library/report/3518,2026-09-16
FC000344,D239,cholesterol_mg_100g,0,https://i.fnri.dost.gov.ph/fct/library/report/3518,2026-09-16
FC000345,D020,kcal_100g,34,https://i.fnri.dost.gov.ph/fct/library/report/3299,2026-09-16
FC000345,D020,protein_g_100g,4.2,https://i.fnri.dost.gov.ph/fct/library/report/3299,2026-09-16
FC000345,D020,carbs_g_100g,3.0,https://i.fnri.dost.gov.ph/fct/library/report/3299,2026-09-16
FC000345,D020,fat_g_100g,0.6,https://i.fnri.dost.gov.ph/fct/library/report/3299,2026-09-16
FC000345,D020,fiber_g_100g,3.5,https://i.fnri.dost.gov.ph/fct/library/report/3299,2026-09-16
FC000345,D020,sugar_g_100g,0.0,https://i.fnri.dost.gov.ph/fct/library/report/3299,2026-09-16
FC000345,D020,sodium_mg_100g,9,https://i.fnri.dost.gov.ph/fct/library/report/3299,2026-09-16
FC000345,D020,cholesterol_mg_100g,0,https://i.fnri.dost.gov.ph/fct/library/report/3299,2026-09-16
FC000346,D027,kcal_100g,43,https://i.fnri.dost.gov.ph/fct/library/report/3306,2026-09-16
FC000346,D027,protein_g_100g,3.3,https://i.fnri.dost.gov.ph/fct/library/report/3306,2026-09-16
FC000346,D027,carbs_g_100g,6.2,https://i.fnri.dost.gov.ph/fct/library/report/3306,2026-09-16
FC000346,D027,fat_g_100g,0.6,https://i.fnri.dost.gov.ph/fct/library/report/3306,2026-09-16
FC000346,D027,fiber_g_100g,-,https://i.fnri.dost.gov.ph/fct/library/report/3306,2026-09-16
FC000346,D027,sugar_g_100g,-,https://i.fnri.dost.gov.ph/fct/library/report/3306,2026-09-16
FC000346,D027,sodium_mg_100g,12,https://i.fnri.dost.gov.ph/fct/library/report/3306,2026-09-16
FC000346,D027,cholesterol_mg_100g,0,https://i.fnri.dost.gov.ph/fct/library/report/3306,2026-09-16
FC000347,D037,kcal_100g,32,https://i.fnri.dost.gov.ph/fct/library/report/3316,2026-09-16
FC000347,D037,protein_g_100g,1.6,https://i.fnri.dost.gov.ph/fct/library/report/3316,2026-09-16
FC000347,D037,carbs_g_100g,6.0,https://i.fnri.dost.gov.ph/fct/library/report/3316,2026-09-16
FC000347,D037,fat_g_100g,0.2,https://i.fnri.dost.gov.ph/fct/library/report/3316,2026-09-16
FC000347,D037,fiber_g_100g,1.8,https://i.fnri.dost.gov.ph/fct/library/report/3316,2026-09-16
FC000347,D037,sugar_g_100g,3.3,https://i.fnri.dost.gov.ph/fct/library/report/3316,2026-09-16
FC000347,D037,sodium_mg_100g,24,https://i.fnri.dost.gov.ph/fct/library/report/3316,2026-09-16
FC000347,D037,cholesterol_mg_100g,0,https://i.fnri.dost.gov.ph/fct/library/report/3316,2026-09-16
FC000348,F265,kcal_100g,226,https://i.fnri.dost.gov.ph/fct/library/report/3972,2026-09-16
FC000348,F265,protein_g_100g,24.8,https://i.fnri.dost.gov.ph/fct/library/report/3972,2026-09-16
FC000348,F265,carbs_g_100g,4.7,https://i.fnri.dost.gov.ph/fct/library/report/3972,2026-09-16
FC000348,F265,fat_g_100g,12.0,https://i.fnri.dost.gov.ph/fct/library/report/3972,2026-09-16
FC000348,F265,fiber_g_100g,0.0,https://i.fnri.dost.gov.ph/fct/library/report/3972,2026-09-16
FC000348,F265,sugar_g_100g,1.5,https://i.fnri.dost.gov.ph/fct/library/report/3972,2026-09-16
FC000348,F265,sodium_mg_100g,716,https://i.fnri.dost.gov.ph/fct/library/report/3972,2026-09-16
FC000348,F265,cholesterol_mg_100g,122,https://i.fnri.dost.gov.ph/fct/library/report/3972,2026-09-16
FC000349,F266,kcal_100g,162,https://i.fnri.dost.gov.ph/fct/library/report/3973,2026-09-16
FC000349,F266,protein_g_100g,26.2,https://i.fnri.dost.gov.ph/fct/library/report/3973,2026-09-16
FC000349,F266,carbs_g_100g,2.2,https://i.fnri.dost.gov.ph/fct/library/report/3973,2026-09-16
FC000349,F266,fat_g_100g,5.4,https://i.fnri.dost.gov.ph/fct/library/report/3973,2026-09-16
FC000349,F266,fiber_g_100g,0.0,https://i.fnri.dost.gov.ph/fct/library/report/3973,2026-09-16
FC000349,F266,sugar_g_100g,0.7,https://i.fnri.dost.gov.ph/fct/library/report/3973,2026-09-16
FC000349,F266,sodium_mg_100g,677,https://i.fnri.dost.gov.ph/fct/library/report/3973,2026-09-16
FC000349,F266,cholesterol_mg_100g,108,https://i.fnri.dost.gov.ph/fct/library/report/3973,2026-09-16
FC000350,F269,kcal_100g,385,https://i.fnri.dost.gov.ph/fct/library/report/3976,2026-09-16
FC000350,F269,protein_g_100g,21.0,https://i.fnri.dost.gov.ph/fct/library/report/3976,2026-09-16
FC000350,F269,carbs_g_100g,4.1,https://i.fnri.dost.gov.ph/fct/library/report/3976,2026-09-16
FC000350,F269,fat_g_100g,31.6,https://i.fnri.dost.gov.ph/fct/library/report/3976,2026-09-16
FC000350,F269,fiber_g_100g,0.0,https://i.fnri.dost.gov.ph/fct/library/report/3976,2026-09-16
FC000350,F269,sugar_g_100g,0.3,https://i.fnri.dost.gov.ph/fct/library/report/3976,2026-09-16
FC000350,F269,sodium_mg_100g,350,https://i.fnri.dost.gov.ph/fct/library/report/3976,2026-09-16
FC000350,F269,cholesterol_mg_100g,96,https://i.fnri.dost.gov.ph/fct/library/report/3976,2026-09-16
FC000351,F270,kcal_100g,299,https://i.fnri.dost.gov.ph/fct/library/report/3977,2026-09-16
FC000351,F270,protein_g_100g,24.0,https://i.fnri.dost.gov.ph/fct/library/report/3977,2026-09-16
FC000351,F270,carbs_g_100g,0.0,https://i.fnri.dost.gov.ph/fct/library/report/3977,2026-09-16
FC000351,F270,fat_g_100g,22.6,https://i.fnri.dost.gov.ph/fct/library/report/3977,2026-09-16
FC000351,F270,fiber_g_100g,0.0,https://i.fnri.dost.gov.ph/fct/library/report/3977,2026-09-16
FC000351,F270,sugar_g_100g,-,https://i.fnri.dost.gov.ph/fct/library/report/3977,2026-09-16
FC000351,F270,sodium_mg_100g,364,https://i.fnri.dost.gov.ph/fct/library/report/3977,2026-09-16
FC000351,F270,cholesterol_mg_100g,101,https://i.fnri.dost.gov.ph/fct/library/report/3977,2026-09-16
FC000352,F213,kcal_100g,603,https://i.fnri.dost.gov.ph/fct/library/report/3920,2026-09-16
FC000352,F213,protein_g_100g,11.1,https://i.fnri.dost.gov.ph/fct/library/report/3920,2026-09-16
FC000352,F213,carbs_g_100g,8.4,https://i.fnri.dost.gov.ph/fct/library/report/3920,2026-09-16
FC000352,F213,fat_g_100g,58.3,https://i.fnri.dost.gov.ph/fct/library/report/3920,2026-09-16
FC000352,F213,fiber_g_100g,0.0,https://i.fnri.dost.gov.ph/fct/library/report/3920,2026-09-16
FC000352,F213,sugar_g_100g,1.5,https://i.fnri.dost.gov.ph/fct/library/report/3920,2026-09-16
FC000352,F213,sodium_mg_100g,969,https://i.fnri.dost.gov.ph/fct/library/report/3920,2026-09-16
FC000352,F213,cholesterol_mg_100g,97,https://i.fnri.dost.gov.ph/fct/library/report/3920,2026-09-16
FC000353,F222,kcal_100g,220,https://i.fnri.dost.gov.ph/fct/library/report/3929,2026-09-16
FC000353,F222,protein_g_100g,15.5,https://i.fnri.dost.gov.ph/fct/library/report/3929,2026-09-16
FC000353,F222,carbs_g_100g,14.3,https://i.fnri.dost.gov.ph/fct/library/report/3929,2026-09-16
FC000353,F222,fat_g_100g,11.2,https://i.fnri.dost.gov.ph/fct/library/report/3929,2026-09-16
FC000353,F222,fiber_g_100g,1.2,https://i.fnri.dost.gov.ph/fct/library/report/3929,2026-09-16
FC000353,F222,sugar_g_100g,0.7,https://i.fnri.dost.gov.ph/fct/library/report/3929,2026-09-16
FC000353,F222,sodium_mg_100g,520,https://i.fnri.dost.gov.ph/fct/library/report/3929,2026-09-16
FC000353,F222,cholesterol_mg_100g,22,https://i.fnri.dost.gov.ph/fct/library/report/3929,2026-09-16
FC000354,F226,kcal_100g,168,https://i.fnri.dost.gov.ph/fct/library/report/3933,2026-09-16
FC000354,F226,protein_g_100g,17.9,https://i.fnri.dost.gov.ph/fct/library/report/3933,2026-09-16
FC000354,F226,carbs_g_100g,0.0,https://i.fnri.dost.gov.ph/fct/library/report/3933,2026-09-16
FC000354,F226,fat_g_100g,10.7,https://i.fnri.dost.gov.ph/fct/library/report/3933,2026-09-16
FC000354,F226,fiber_g_100g,0.0,https://i.fnri.dost.gov.ph/fct/library/report/3933,2026-09-16
FC000354,F226,sugar_g_100g,-,https://i.fnri.dost.gov.ph/fct/library/report/3933,2026-09-16
FC000354,F226,sodium_mg_100g,567,https://i.fnri.dost.gov.ph/fct/library/report/3933,2026-09-16
FC000354,F226,cholesterol_mg_100g,68,https://i.fnri.dost.gov.ph/fct/library/report/3933,2026-09-16
FC000355,F227,kcal_100g,164,https://i.fnri.dost.gov.ph/fct/library/report/3934,2026-09-16
FC000355,F227,protein_g_100g,10.1,https://i.fnri.dost.gov.ph/fct/library/report/3934,2026-09-16
FC000355,F227,carbs_g_100g,11.7,https://i.fnri.dost.gov.ph/fct/library/report/3934,2026-09-16
FC000355,F227,fat_g_100g,8.5,https://i.fnri.dost.gov.ph/fct/library/report/3934,2026-09-16
FC000355,F227,fiber_g_100g,0.6,https://i.fnri.dost.gov.ph/fct/library/report/3934,2026-09-16
FC000355,F227,sugar_g_100g,5.1,https://i.fnri.dost.gov.ph/fct/library/report/3934,2026-09-16
FC000355,F227,sodium_mg_100g,939,https://i.fnri.dost.gov.ph/fct/library/report/3934,2026-09-16
FC000355,F227,cholesterol_mg_100g,46,https://i.fnri.dost.gov.ph/fct/library/report/3934,2026-09-16
FC000356,F228,kcal_100g,421,https://i.fnri.dost.gov.ph/fct/library/report/3935,2026-09-16
FC000356,F228,protein_g_100g,16.4,https://i.fnri.dost.gov.ph/fct/library/report/3935,2026-09-16
FC000356,F228,carbs_g_100g,0.0,https://i.fnri.dost.gov.ph/fct/library/report/3935,2026-09-16
FC000356,F228,fat_g_100g,39.5,https://i.fnri.dost.gov.ph/fct/library/report/3935,2026-09-16
FC000356,F228,fiber_g_100g,0.0,https://i.fnri.dost.gov.ph/fct/library/report/3935,2026-09-16
FC000356,F228,sugar_g_100g,0.0,https://i.fnri.dost.gov.ph/fct/library/report/3935,2026-09-16
FC000356,F228,sodium_mg_100g,1836,https://i.fnri.dost.gov.ph/fct/library/report/3935,2026-09-16
FC000356,F228,cholesterol_mg_100g,119,https://i.fnri.dost.gov.ph/fct/library/report/3935,2026-09-16
FC000357,F232,kcal_100g,319,https://i.fnri.dost.gov.ph/fct/library/report/3939,2026-09-16
FC000357,F232,protein_g_100g,10.8,https://i.fnri.dost.gov.ph/fct/library/report/3939,2026-09-16
FC000357,F232,carbs_g_100g,23.8,https://i.fnri.dost.gov.ph/fct/library/report/3939,2026-09-16
FC000357,F232,fat_g_100g,20.1,https://i.fnri.dost.gov.ph/fct/library/report/3939,2026-09-16
FC000357,F232,fiber_g_100g,2.7,https://i.fnri.dost.gov.ph/fct/library/report/3939,2026-09-16
FC000357,F232,sugar_g_100g,1.6,https://i.fnri.dost.gov.ph/fct/library/report/3939,2026-09-16
FC000357,F232,sodium_mg_100g,128,https://i.fnri.dost.gov.ph/fct/library/report/3939,2026-09-16
FC000357,F232,cholesterol_mg_100g,51,https://i.fnri.dost.gov.ph/fct/library/report/3939,2026-09-16
FC000358,F235,kcal_100g,307,https://i.fnri.dost.gov.ph/fct/library/report/3942,2026-09-16
FC000358,F235,protein_g_100g,13.7,https://i.fnri.dost.gov.ph/fct/library/report/3942,2026-09-16
FC000358,F235,carbs_g_100g,3.7,https://i.fnri.dost.gov.ph/fct/library/report/3942,2026-09-16
FC000358,F235,fat_g_100g,26.4,https://i.fnri.dost.gov.ph/fct/library/report/3942,2026-09-16
FC000358,F235,fiber_g_100g,0.0,https://i.fnri.dost.gov.ph/fct/library/report/3942,2026-09-16
FC000358,F235,sugar_g_100g,3.0,https://i.fnri.dost.gov.ph/fct/library/report/3942,2026-09-16
FC000358,F235,sodium_mg_100g,956,https://i.fnri.dost.gov.ph/fct/library/report/3942,2026-09-16
FC000358,F235,cholesterol_mg_100g,83,https://i.fnri.dost.gov.ph/fct/library/report/3942,2026-09-16
FC000359,F240,kcal_100g,161,https://i.fnri.dost.gov.ph/fct/library/report/3947,2026-09-16
FC000359,F240,protein_g_100g,9.7,https://i.fnri.dost.gov.ph/fct/library/report/3947,2026-09-16
FC000359,F240,carbs_g_100g,13.1,https://i.fnri.dost.gov.ph/fct/library/report/3947,2026-09-16
FC000359,F240,fat_g_100g,7.7,https://i.fnri.dost.gov.ph/fct/library/report/3947,2026-09-16
FC000359,F240,fiber_g_100g,1.2,https://i.fnri.dost.gov.ph/fct/library/report/3947,2026-09-16
FC000359,F240,sugar_g_100g,2.5,https://i.fnri.dost.gov.ph/fct/library/report/3947,2026-09-16
FC000359,F240,sodium_mg_100g,725,https://i.fnri.dost.gov.ph/fct/library/report/3947,2026-09-16
FC000359,F240,cholesterol_mg_100g,55,https://i.fnri.dost.gov.ph/fct/library/report/3947,2026-09-16
FC000360,F242,kcal_100g,591,https://i.fnri.dost.gov.ph/fct/library/report/3949,2026-09-16
FC000360,F242,protein_g_100g,65.6,https://i.fnri.dost.gov.ph/fct/library/report/3949,2026-09-16
FC000360,F242,carbs_g_100g,0.0,https://i.fnri.dost.gov.ph/fct/library/report/3949,2026-09-16
FC000360,F242,fat_g_100g,36.5,https://i.fnri.dost.gov.ph/fct/library/report/3949,2026-09-16
FC000360,F242,fiber_g_100g,0.0,https://i.fnri.dost.gov.ph/fct/library/report/3949,2026-09-16
FC000360,F242,sugar_g_100g,0.0,https://i.fnri.dost.gov.ph/fct/library/report/3949,2026-09-16
FC000360,F242,sodium_mg_100g,472,https://i.fnri.dost.gov.ph/fct/library/report/3949,2026-09-16
FC000360,F242,cholesterol_mg_100g,113,https://i.fnri.dost.gov.ph/fct/library/report/3949,2026-09-16
FC000361,F246,kcal_100g,223,https://i.fnri.dost.gov.ph/fct/library/report/3953,2026-09-16
FC000361,F246,protein_g_100g,10.1,https://i.fnri.dost.gov.ph/fct/library/report/3953,2026-09-16
FC000361,F246,carbs_g_100g,14.7,https://i.fnri.dost.gov.ph/fct/library/report/3953,2026-09-16
FC000361,F246,fat_g_100g,13.8,https://i.fnri.dost.gov.ph/fct/library/report/3953,2026-09-16
FC000361,F246,fiber_g_100g,0.0,https://i.fnri.dost.gov.ph/fct/library/report/3953,2026-09-16
FC000361,F246,sugar_g_100g,-,https://i.fnri.dost.gov.ph/fct/library/report/3953,2026-09-16
FC000361,F246,sodium_mg_100g,916,https://i.fnri.dost.gov.ph/fct/library/report/3953,2026-09-16
FC000361,F246,cholesterol_mg_100g,-,https://i.fnri.dost.gov.ph/fct/library/report/3953,2026-09-16
FC000362,F249,kcal_100g,440,https://i.fnri.dost.gov.ph/fct/library/report/3956,2026-09-16
FC000362,F249,protein_g_100g,29.6,https://i.fnri.dost.gov.ph/fct/library/report/3956,2026-09-16
FC000362,F249,carbs_g_100g,5.8,https://i.fnri.dost.gov.ph/fct/library/report/3956,2026-09-16
FC000362,F249,fat_g_100g,33.2,https://i.fnri.dost.gov.ph/fct/library/report/3956,2026-09-16
FC000362,F249,fiber_g_100g,0.0,https://i.fnri.dost.gov.ph/fct/library/report/3956,2026-09-16
FC000362,F249,sugar_g_100g,0.0,https://i.fnri.dost.gov.ph/fct/library/report/3956,2026-09-16
FC000362,F249,sodium_mg_100g,1345,https://i.fnri.dost.gov.ph/fct/library/report/3956,2026-09-16
FC000362,F249,cholesterol_mg_100g,76,https://i.fnri.dost.gov.ph/fct/library/report/3956,2026-09-16
FC000363,F250,kcal_100g,436,https://i.fnri.dost.gov.ph/fct/library/report/3957,2026-09-16
FC000363,F250,protein_g_100g,18.0,https://i.fnri.dost.gov.ph/fct/library/report/3957,2026-09-16
FC000363,F250,carbs_g_100g,0.2,https://i.fnri.dost.gov.ph/fct/library/report/3957,2026-09-16
FC000363,F250,fat_g_100g,40.3,https://i.fnri.dost.gov.ph/fct/library/report/3957,2026-09-16
FC000363,F250,fiber_g_100g,0.0,https://i.fnri.dost.gov.ph/fct/library/report/3957,2026-09-16
FC000363,F250,sugar_g_100g,-,https://i.fnri.dost.gov.ph/fct/library/report/3957,2026-09-16
FC000363,F250,sodium_mg_100g,1265,https://i.fnri.dost.gov.ph/fct/library/report/3957,2026-09-16
FC000363,F250,cholesterol_mg_100g,128,https://i.fnri.dost.gov.ph/fct/library/report/3957,2026-09-16
FC000364,F253,kcal_100g,226,https://i.fnri.dost.gov.ph/fct/library/report/3960,2026-09-16
FC000364,F253,protein_g_100g,13.4,https://i.fnri.dost.gov.ph/fct/library/report/3960,2026-09-16
FC000364,F253,carbs_g_100g,4.8,https://i.fnri.dost.gov.ph/fct/library/report/3960,2026-09-16
FC000364,F253,fat_g_100g,17.0,https://i.fnri.dost.gov.ph/fct/library/report/3960,2026-09-16
FC000364,F253,fiber_g_100g,0.5,https://i.fnri.dost.gov.ph/fct/library/report/3960,2026-09-16
FC000364,F253,sugar_g_100g,2.9,https://i.fnri.dost.gov.ph/fct/library/report/3960,2026-09-16
FC000364,F253,sodium_mg_100g,698,https://i.fnri.dost.gov.ph/fct/library/report/3960,2026-09-16
FC000364,F253,cholesterol_mg_100g,41,https://i.fnri.dost.gov.ph/fct/library/report/3960,2026-09-16
FC000365,F254,kcal_100g,160,https://i.fnri.dost.gov.ph/fct/library/report/3961,2026-09-16
FC000365,F254,protein_g_100g,12.9,https://i.fnri.dost.gov.ph/fct/library/report/3961,2026-09-16
FC000365,F254,carbs_g_100g,2.7,https://i.fnri.dost.gov.ph/fct/library/report/3961,2026-09-16
FC000365,F254,fat_g_100g,10.8,https://i.fnri.dost.gov.ph/fct/library/report/3961,2026-09-16
FC000365,F254,fiber_g_100g,0.0,https://i.fnri.dost.gov.ph/fct/library/report/3961,2026-09-16
FC000365,F254,sugar_g_100g,0.0,https://i.fnri.dost.gov.ph/fct/library/report/3961,2026-09-16
FC000365,F254,sodium_mg_100g,572,https://i.fnri.dost.gov.ph/fct/library/report/3961,2026-09-16
FC000365,F254,cholesterol_mg_100g,22,https://i.fnri.dost.gov.ph/fct/library/report/3961,2026-09-16
FC000366,F255,kcal_100g,245,https://i.fnri.dost.gov.ph/fct/library/report/3962,2026-09-16
FC000366,F255,protein_g_100g,11.7,https://i.fnri.dost.gov.ph/fct/library/report/3962,2026-09-16
FC000366,F255,carbs_g_100g,8.8,https://i.fnri.dost.gov.ph/fct/library/report/3962,2026-09-16
FC000366,F255,fat_g_100g,18.1,https://i.fnri.dost.gov.ph/fct/library/report/3962,2026-09-16
FC000366,F255,fiber_g_100g,3.0,https://i.fnri.dost.gov.ph/fct/library/report/3962,2026-09-16
FC000366,F255,sugar_g_100g,5.0,https://i.fnri.dost.gov.ph/fct/library/report/3962,2026-09-16
FC000366,F255,sodium_mg_100g,1088,https://i.fnri.dost.gov.ph/fct/library/report/3962,2026-09-16
FC000366,F255,cholesterol_mg_100g,64,https://i.fnri.dost.gov.ph/fct/library/report/3962,2026-09-16
FC000367,F259,kcal_100g,498,https://i.fnri.dost.gov.ph/fct/library/report/3966,2026-09-16
FC000367,F259,protein_g_100g,15.6,https://i.fnri.dost.gov.ph/fct/library/report/3966,2026-09-16
FC000367,F259,carbs_g_100g,13.0,https://i.fnri.dost.gov.ph/fct/library/report/3966,2026-09-16
FC000367,F259,fat_g_100g,42.6,https://i.fnri.dost.gov.ph/fct/library/report/3966,2026-09-16
FC000367,F259,fiber_g_100g,0.0,https://i.fnri.dost.gov.ph/fct/library/report/3966,2026-09-16
FC000367,F259,sugar_g_100g,9.9,https://i.fnri.dost.gov.ph/fct/library/report/3966,2026-09-16
FC000367,F259,sodium_mg_100g,1001,https://i.fnri.dost.gov.ph/fct/library/report/3966,2026-09-16
FC000367,F259,cholesterol_mg_100g,94,https://i.fnri.dost.gov.ph/fct/library/report/3966,2026-09-16
FC000368,F261,kcal_100g,163,https://i.fnri.dost.gov.ph/fct/library/report/3968,2026-09-16
FC000368,F261,protein_g_100g,8.8,https://i.fnri.dost.gov.ph/fct/library/report/3968,2026-09-16
FC000368,F261,carbs_g_100g,8.4,https://i.fnri.dost.gov.ph/fct/library/report/3968,2026-09-16
FC000368,F261,fat_g_100g,10.5,https://i.fnri.dost.gov.ph/fct/library/report/3968,2026-09-16
FC000368,F261,fiber_g_100g,0.0,https://i.fnri.dost.gov.ph/fct/library/report/3968,2026-09-16
FC000368,F261,sugar_g_100g,0.7,https://i.fnri.dost.gov.ph/fct/library/report/3968,2026-09-16
FC000368,F261,sodium_mg_100g,730,https://i.fnri.dost.gov.ph/fct/library/report/3968,2026-09-16
FC000368,F261,cholesterol_mg_100g,45,https://i.fnri.dost.gov.ph/fct/library/report/3968,2026-09-16
FC000369,F267,kcal_100g,408,https://i.fnri.dost.gov.ph/fct/library/report/3974,2026-09-16
FC000369,F267,protein_g_100g,21.5,https://i.fnri.dost.gov.ph/fct/library/report/3974,2026-09-16
FC000369,F267,carbs_g_100g,13.5,https://i.fnri.dost.gov.ph/fct/library/report/3974,2026-09-16
FC000369,F267,fat_g_100g,29.8,https://i.fnri.dost.gov.ph/fct/library/report/3974,2026-09-16
FC000369,F267,fiber_g_100g,0.0,https://i.fnri.dost.gov.ph/fct/library/report/3974,2026-09-16
FC000369,F267,sugar_g_100g,-,https://i.fnri.dost.gov.ph/fct/library/report/3974,2026-09-16
FC000369,F267,sodium_mg_100g,340,https://i.fnri.dost.gov.ph/fct/library/report/3974,2026-09-16
FC000369,F267,cholesterol_mg_100g,83,https://i.fnri.dost.gov.ph/fct/library/report/3974,2026-09-16
FC000370,F007,kcal_100g,109,https://i.fnri.dost.gov.ph/fct/library/report/3714,2026-09-16
FC000370,F007,protein_g_100g,11.4,https://i.fnri.dost.gov.ph/fct/library/report/3714,2026-09-16
FC000370,F007,carbs_g_100g,10.4,https://i.fnri.dost.gov.ph/fct/library/report/3714,2026-09-16
FC000370,F007,fat_g_100g,2.4,https://i.fnri.dost.gov.ph/fct/library/report/3714,2026-09-16
FC000370,F007,fiber_g_100g,0.0,https://i.fnri.dost.gov.ph/fct/library/report/3714,2026-09-16
FC000370,F007,sugar_g_100g,0.0,https://i.fnri.dost.gov.ph/fct/library/report/3714,2026-09-16
FC000370,F007,sodium_mg_100g,42,https://i.fnri.dost.gov.ph/fct/library/report/3714,2026-09-16
FC000370,F007,cholesterol_mg_100g,33,https://i.fnri.dost.gov.ph/fct/library/report/3714,2026-09-16
FC000371,F017,kcal_100g,149,https://i.fnri.dost.gov.ph/fct/library/report/3724,2026-09-16
FC000371,F017,protein_g_100g,30.4,https://i.fnri.dost.gov.ph/fct/library/report/3724,2026-09-16
FC000371,F017,carbs_g_100g,0.0,https://i.fnri.dost.gov.ph/fct/library/report/3724,2026-09-16
FC000371,F017,fat_g_100g,3.0,https://i.fnri.dost.gov.ph/fct/library/report/3724,2026-09-16
FC000371,F017,fiber_g_100g,0.0,https://i.fnri.dost.gov.ph/fct/library/report/3724,2026-09-16
FC000371,F017,sugar_g_100g,0.0,https://i.fnri.dost.gov.ph/fct/library/report/3724,2026-09-16
FC000371,F017,sodium_mg_100g,67,https://i.fnri.dost.gov.ph/fct/library/report/3724,2026-09-16
FC000371,F017,cholesterol_mg_100g,43,https://i.fnri.dost.gov.ph/fct/library/report/3724,2026-09-16
FC000372,F020,kcal_100g,154,https://i.fnri.dost.gov.ph/fct/library/report/3727,2026-09-16
FC000372,F020,protein_g_100g,25.5,https://i.fnri.dost.gov.ph/fct/library/report/3727,2026-09-16
FC000372,F020,carbs_g_100g,4.0,https://i.fnri.dost.gov.ph/fct/library/report/3727,2026-09-16
FC000372,F020,fat_g_100g,4.0,https://i.fnri.dost.gov.ph/fct/library/report/3727,2026-09-16
FC000372,F020,fiber_g_100g,0.0,https://i.fnri.dost.gov.ph/fct/library/report/3727,2026-09-16
FC000372,F020,sugar_g_100g,0.0,https://i.fnri.dost.gov.ph/fct/library/report/3727,2026-09-16
FC000372,F020,sodium_mg_100g,67,https://i.fnri.dost.gov.ph/fct/library/report/3727,2026-09-16
FC000372,F020,cholesterol_mg_100g,-,https://i.fnri.dost.gov.ph/fct/library/report/3727,2026-09-16
FC000373,F031,kcal_100g,106,https://i.fnri.dost.gov.ph/fct/library/report/3738,2026-09-16
FC000373,F031,protein_g_100g,19.2,https://i.fnri.dost.gov.ph/fct/library/report/3738,2026-09-16
FC000373,F031,carbs_g_100g,0.0,https://i.fnri.dost.gov.ph/fct/library/report/3738,2026-09-16
FC000373,F031,fat_g_100g,3.2,https://i.fnri.dost.gov.ph/fct/library/report/3738,2026-09-16
FC000373,F031,fiber_g_100g,0.0,https://i.fnri.dost.gov.ph/fct/library/report/3738,2026-09-16
FC000373,F031,sugar_g_100g,0.0,https://i.fnri.dost.gov.ph/fct/library/report/3738,2026-09-16
FC000373,F031,sodium_mg_100g,25,https://i.fnri.dost.gov.ph/fct/library/report/3738,2026-09-16
FC000373,F031,cholesterol_mg_100g,60,https://i.fnri.dost.gov.ph/fct/library/report/3738,2026-09-16
FC000374,F032,kcal_100g,132,https://i.fnri.dost.gov.ph/fct/library/report/3739,2026-09-16
FC000374,F032,protein_g_100g,21.4,https://i.fnri.dost.gov.ph/fct/library/report/3739,2026-09-16
FC000374,F032,carbs_g_100g,0.0,https://i.fnri.dost.gov.ph/fct/library/report/3739,2026-09-16
FC000374,F032,fat_g_100g,5.1,https://i.fnri.dost.gov.ph/fct/library/report/3739,2026-09-16
FC000374,F032,fiber_g_100g,0.0,https://i.fnri.dost.gov.ph/fct/library/report/3739,2026-09-16
FC000374,F032,sugar_g_100g,0.0,https://i.fnri.dost.gov.ph/fct/library/report/3739,2026-09-16
FC000374,F032,sodium_mg_100g,28,https://i.fnri.dost.gov.ph/fct/library/report/3739,2026-09-16
FC000374,F032,cholesterol_mg_100g,51,https://i.fnri.dost.gov.ph/fct/library/report/3739,2026-09-16
FC000375,F033,kcal_100g,140,https://i.fnri.dost.gov.ph/fct/library/report/3740,2026-09-16
FC000375,F033,protein_g_100g,21.1,https://i.fnri.dost.gov.ph/fct/library/report/3740,2026-09-16
FC000375,F033,carbs_g_100g,0.0,https://i.fnri.dost.gov.ph/fct/library/report/3740,2026-09-16
FC000375,F033,fat_g_100g,6.2,https://i.fnri.dost.gov.ph/fct/library/report/3740,2026-09-16
FC000375,F033,fiber_g_100g,0.0,https://i.fnri.dost.gov.ph/fct/library/report/3740,2026-09-16
FC000375,F033,sugar_g_100g,0.0,https://i.fnri.dost.gov.ph/fct/library/report/3740,2026-09-16
FC000375,F033,sodium_mg_100g,41,https://i.fnri.dost.gov.ph/fct/library/report/3740,2026-09-16
FC000375,F033,cholesterol_mg_100g,43,https://i.fnri.dost.gov.ph/fct/library/report/3740,2026-09-16
FC000376,F036,kcal_100g,92,https://i.fnri.dost.gov.ph/fct/library/report/3743,2026-09-16
FC000376,F036,protein_g_100g,19.5,https://i.fnri.dost.gov.ph/fct/library/report/3743,2026-09-16
FC000376,F036,carbs_g_100g,0.0,https://i.fnri.dost.gov.ph/fct/library/report/3743,2026-09-16
FC000376,F036,fat_g_100g,1.5,https://i.fnri.dost.gov.ph/fct/library/report/3743,2026-09-16
FC000376,F036,fiber_g_100g,0.0,https://i.fnri.dost.gov.ph/fct/library/report/3743,2026-09-16
FC000376,F036,sugar_g_100g,0.0,https://i.fnri.dost.gov.ph/fct/library/report/3743,2026-09-16
FC000376,F036,sodium_mg_100g,34,https://i.fnri.dost.gov.ph/fct/library/report/3743,2026-09-16
FC000376,F036,cholesterol_mg_100g,-,https://i.fnri.dost.gov.ph/fct/library/report/3743,2026-09-16
FC000377,F039,kcal_100g,106,https://i.fnri.dost.gov.ph/fct/library/report/3746,2026-09-16
FC000377,F039,protein_g_100g,18.3,https://i.fnri.dost.gov.ph/fct/library/report/3746,2026-09-16
FC000377,F039,carbs_g_100g,0.0,https://i.fnri.dost.gov.ph/fct/library/report/3746,2026-09-16
FC000377,F039,fat_g_100g,3.6,https://i.fnri.dost.gov.ph/fct/library/report/3746,2026-09-16
FC000377,F039,fiber_g_100g,0.0,https://i.fnri.dost.gov.ph/fct/library/report/3746,2026-09-16
FC000377,F039,sugar_g_100g,0.0,https://i.fnri.dost.gov.ph/fct/library/report/3746,2026-09-16
FC000377,F039,sodium_mg_100g,39,https://i.fnri.dost.gov.ph/fct/library/report/3746,2026-09-16
FC000377,F039,cholesterol_mg_100g,49,https://i.fnri.dost.gov.ph/fct/library/report/3746,2026-09-16
FC000378,F040,kcal_100g,138,https://i.fnri.dost.gov.ph/fct/library/report/3747,2026-09-16
FC000378,F040,protein_g_100g,22.2,https://i.fnri.dost.gov.ph/fct/library/report/3747,2026-09-16
FC000378,F040,carbs_g_100g,0.0,https://i.fnri.dost.gov.ph/fct/library/report/3747,2026-09-16
FC000378,F040,fat_g_100g,5.5,https://i.fnri.dost.gov.ph/fct/library/report/3747,2026-09-16
FC000378,F040,fiber_g_100g,0.0,https://i.fnri.dost.gov.ph/fct/library/report/3747,2026-09-16
FC000378,F040,sugar_g_100g,0.0,https://i.fnri.dost.gov.ph/fct/library/report/3747,2026-09-16
FC000378,F040,sodium_mg_100g,41,https://i.fnri.dost.gov.ph/fct/library/report/3747,2026-09-16
FC000378,F040,cholesterol_mg_100g,50,https://i.fnri.dost.gov.ph/fct/library/report/3747,2026-09-16
FC000379,F041,kcal_100g,152,https://i.fnri.dost.gov.ph/fct/library/report/3748,2026-09-16
FC000379,F041,protein_g_100g,23.5,https://i.fnri.dost.gov.ph/fct/library/report/3748,2026-09-16
FC000379,F041,carbs_g_100g,0.0,https://i.fnri.dost.gov.ph/fct/library/report/3748,2026-09-16
FC000379,F041,fat_g_100g,6.4,https://i.fnri.dost.gov.ph/fct/library/report/3748,2026-09-16
FC000379,F041,fiber_g_100g,0.0,https://i.fnri.dost.gov.ph/fct/library/report/3748,2026-09-16
FC000379,F041,sugar_g_100g,0.0,https://i.fnri.dost.gov.ph/fct/library/report/3748,2026-09-16
FC000379,F041,sodium_mg_100g,44,https://i.fnri.dost.gov.ph/fct/library/report/3748,2026-09-16
FC000379,F041,cholesterol_mg_100g,-,https://i.fnri.dost.gov.ph/fct/library/report/3748,2026-09-16
FC000380,F048,kcal_100g,227,https://i.fnri.dost.gov.ph/fct/library/report/3755,2026-09-16
FC000380,F048,protein_g_100g,11.4,https://i.fnri.dost.gov.ph/fct/library/report/3755,2026-09-16
FC000380,F048,carbs_g_100g,18.3,https://i.fnri.dost.gov.ph/fct/library/report/3755,2026-09-16
FC000380,F048,fat_g_100g,12.0,https://i.fnri.dost.gov.ph/fct/library/report/3755,2026-09-16
FC000380,F048,fiber_g_100g,0.0,https://i.fnri.dost.gov.ph/fct/library/report/3755,2026-09-16
FC000380,F048,sugar_g_100g,0.0,https://i.fnri.dost.gov.ph/fct/library/report/3755,2026-09-16
FC000380,F048,sodium_mg_100g,65,https://i.fnri.dost.gov.ph/fct/library/report/3755,2026-09-16
FC000380,F048,cholesterol_mg_100g,71,https://i.fnri.dost.gov.ph/fct/library/report/3755,2026-09-16
FC000381,F050,kcal_100g,94,https://i.fnri.dost.gov.ph/fct/library/report/3757,2026-09-16
FC000381,F050,protein_g_100g,10.3,https://i.fnri.dost.gov.ph/fct/library/report/3757,2026-09-16
FC000381,F050,carbs_g_100g,1.5,https://i.fnri.dost.gov.ph/fct/library/report/3757,2026-09-16
FC000381,F050,fat_g_100g,5.2,https://i.fnri.dost.gov.ph/fct/library/report/3757,2026-09-16
FC000381,F050,fiber_g_100g,0.0,https://i.fnri.dost.gov.ph/fct/library/report/3757,2026-09-16
FC000381,F050,sugar_g_100g,0.0,https://i.fnri.dost.gov.ph/fct/library/report/3757,2026-09-16
FC000381,F050,sodium_mg_100g,66,https://i.fnri.dost.gov.ph/fct/library/report/3757,2026-09-16
FC000381,F050,cholesterol_mg_100g,202,https://i.fnri.dost.gov.ph/fct/library/report/3757,2026-09-16
FC000382,F111,kcal_100g,173,https://i.fnri.dost.gov.ph/fct/library/report/3818,2026-09-16
FC000382,F111,protein_g_100g,32.9,https://i.fnri.dost.gov.ph/fct/library/report/3818,2026-09-16
FC000382,F111,carbs_g_100g,0.0,https://i.fnri.dost.gov.ph/fct/library/report/3818,2026-09-16
FC000382,F111,fat_g_100g,4.6,https://i.fnri.dost.gov.ph/fct/library/report/3818,2026-09-16
FC000382,F111,fiber_g_100g,0.0,https://i.fnri.dost.gov.ph/fct/library/report/3818,2026-09-16
FC000382,F111,sugar_g_100g,0.0,https://i.fnri.dost.gov.ph/fct/library/report/3818,2026-09-16
FC000382,F111,sodium_mg_100g,81,https://i.fnri.dost.gov.ph/fct/library/report/3818,2026-09-16
FC000382,F111,cholesterol_mg_100g,-,https://i.fnri.dost.gov.ph/fct/library/report/3818,2026-09-16
FC000383,F112,kcal_100g,226,https://i.fnri.dost.gov.ph/fct/library/report/3819,2026-09-16
FC000383,F112,protein_g_100g,40.3,https://i.fnri.dost.gov.ph/fct/library/report/3819,2026-09-16
FC000383,F112,carbs_g_100g,0.0,https://i.fnri.dost.gov.ph/fct/library/report/3819,2026-09-16
FC000383,F112,fat_g_100g,7.2,https://i.fnri.dost.gov.ph/fct/library/report/3819,2026-09-16
FC000383,F112,fiber_g_100g,0.1,https://i.fnri.dost.gov.ph/fct/library/report/3819,2026-09-16
FC000383,F112,sugar_g_100g,0.0,https://i.fnri.dost.gov.ph/fct/library/report/3819,2026-09-16
FC000383,F112,sodium_mg_100g,104,https://i.fnri.dost.gov.ph/fct/library/report/3819,2026-09-16
FC000383,F112,cholesterol_mg_100g,74,https://i.fnri.dost.gov.ph/fct/library/report/3819,2026-09-16
FC000384,F151,kcal_100g,444,https://i.fnri.dost.gov.ph/fct/library/report/3858,2026-09-16
FC000384,F151,protein_g_100g,13.0,https://i.fnri.dost.gov.ph/fct/library/report/3858,2026-09-16
FC000384,F151,carbs_g_100g,0.0,https://i.fnri.dost.gov.ph/fct/library/report/3858,2026-09-16
FC000384,F151,fat_g_100g,43.6,https://i.fnri.dost.gov.ph/fct/library/report/3858,2026-09-16
FC000384,F151,fiber_g_100g,0.0,https://i.fnri.dost.gov.ph/fct/library/report/3858,2026-09-16
FC000384,F151,sugar_g_100g,0.0,https://i.fnri.dost.gov.ph/fct/library/report/3858,2026-09-16
FC000384,F151,sodium_mg_100g,89,https://i.fnri.dost.gov.ph/fct/library/report/3858,2026-09-16
FC000384,F151,cholesterol_mg_100g,48,https://i.fnri.dost.gov.ph/fct/library/report/3858,2026-09-16
FC000385,F154,kcal_100g,346,https://i.fnri.dost.gov.ph/fct/library/report/3861,2026-09-16
FC000385,F154,protein_g_100g,10.1,https://i.fnri.dost.gov.ph/fct/library/report/3861,2026-09-16
FC000385,F154,carbs_g_100g,0.0,https://i.fnri.dost.gov.ph/fct/library/report/3861,2026-09-16
FC000385,F154,fat_g_100g,33.9,https://i.fnri.dost.gov.ph/fct/library/report/3861,2026-09-16
FC000385,F154,fiber_g_100g,0.0,https://i.fnri.dost.gov.ph/fct/library/report/3861,2026-09-16
FC000385,F154,sugar_g_100g,0.0,https://i.fnri.dost.gov.ph/fct/library/report/3861,2026-09-16
FC000385,F154,sodium_mg_100g,57,https://i.fnri.dost.gov.ph/fct/library/report/3861,2026-09-16
FC000385,F154,cholesterol_mg_100g,-,https://i.fnri.dost.gov.ph/fct/library/report/3861,2026-09-16
FC000386,F155,kcal_100g,203,https://i.fnri.dost.gov.ph/fct/library/report/3862,2026-09-16
FC000386,F155,protein_g_100g,13.9,https://i.fnri.dost.gov.ph/fct/library/report/3862,2026-09-16
FC000386,F155,carbs_g_100g,0.0,https://i.fnri.dost.gov.ph/fct/library/report/3862,2026-09-16
FC000386,F155,fat_g_100g,16.4,https://i.fnri.dost.gov.ph/fct/library/report/3862,2026-09-16
FC000386,F155,fiber_g_100g,0.0,https://i.fnri.dost.gov.ph/fct/library/report/3862,2026-09-16
FC000386,F155,sugar_g_100g,0.0,https://i.fnri.dost.gov.ph/fct/library/report/3862,2026-09-16
FC000386,F155,sodium_mg_100g,50,https://i.fnri.dost.gov.ph/fct/library/report/3862,2026-09-16
FC000386,F155,cholesterol_mg_100g,94,https://i.fnri.dost.gov.ph/fct/library/report/3862,2026-09-16
FC000387,F156,kcal_100g,239,https://i.fnri.dost.gov.ph/fct/library/report/3863,2026-09-16
FC000387,F156,protein_g_100g,14.2,https://i.fnri.dost.gov.ph/fct/library/report/3863,2026-09-16
FC000387,F156,carbs_g_100g,0.0,https://i.fnri.dost.gov.ph/fct/library/report/3863,2026-09-16
FC000387,F156,fat_g_100g,20.2,https://i.fnri.dost.gov.ph/fct/library/report/3863,2026-09-16
FC000387,F156,fiber_g_100g,0.0,https://i.fnri.dost.gov.ph/fct/library/report/3863,2026-09-16
FC000387,F156,sugar_g_100g,0.0,https://i.fnri.dost.gov.ph/fct/library/report/3863,2026-09-16
FC000387,F156,sodium_mg_100g,76,https://i.fnri.dost.gov.ph/fct/library/report/3863,2026-09-16
FC000387,F156,cholesterol_mg_100g,-,https://i.fnri.dost.gov.ph/fct/library/report/3863,2026-09-16
FC000388,F158,kcal_100g,212,https://i.fnri.dost.gov.ph/fct/library/report/3865,2026-09-16
FC000388,F158,protein_g_100g,15.6,https://i.fnri.dost.gov.ph/fct/library/report/3865,2026-09-16
FC000388,F158,carbs_g_100g,0.0,https://i.fnri.dost.gov.ph/fct/library/report/3865,2026-09-16
FC000388,F158,fat_g_100g,16.6,https://i.fnri.dost.gov.ph/fct/library/report/3865,2026-09-16
FC000388,F158,fiber_g_100g,0.0,https://i.fnri.dost.gov.ph/fct/library/report/3865,2026-09-16
FC000388,F158,sugar_g_100g,0.0,https://i.fnri.dost.gov.ph/fct/library/report/3865,2026-09-16
FC000388,F158,sodium_mg_100g,47,https://i.fnri.dost.gov.ph/fct/library/report/3865,2026-09-16
FC000388,F158,cholesterol_mg_100g,-,https://i.fnri.dost.gov.ph/fct/library/report/3865,2026-09-16
FC000389,F159,kcal_100g,154,https://i.fnri.dost.gov.ph/fct/library/report/3866,2026-09-16
FC000389,F159,protein_g_100g,22.3,https://i.fnri.dost.gov.ph/fct/library/report/3866,2026-09-16
FC000389,F159,carbs_g_100g,0.0,https://i.fnri.dost.gov.ph/fct/library/report/3866,2026-09-16
FC000389,F159,fat_g_100g,7.2,https://i.fnri.dost.gov.ph/fct/library/report/3866,2026-09-16
FC000389,F159,fiber_g_100g,0.0,https://i.fnri.dost.gov.ph/fct/library/report/3866,2026-09-16
FC000389,F159,sugar_g_100g,0.0,https://i.fnri.dost.gov.ph/fct/library/report/3866,2026-09-16
FC000389,F159,sodium_mg_100g,57,https://i.fnri.dost.gov.ph/fct/library/report/3866,2026-09-16
FC000389,F159,cholesterol_mg_100g,54,https://i.fnri.dost.gov.ph/fct/library/report/3866,2026-09-16
FC000390,F160,kcal_100g,136,https://i.fnri.dost.gov.ph/fct/library/report/3867,2026-09-16
FC000390,F160,protein_g_100g,20.5,https://i.fnri.dost.gov.ph/fct/library/report/3867,2026-09-16
FC000390,F160,carbs_g_100g,0.0,https://i.fnri.dost.gov.ph/fct/library/report/3867,2026-09-16
FC000390,F160,fat_g_100g,6.0,https://i.fnri.dost.gov.ph/fct/library/report/3867,2026-09-16
FC000390,F160,fiber_g_100g,0.0,https://i.fnri.dost.gov.ph/fct/library/report/3867,2026-09-16
FC000390,F160,sugar_g_100g,0.0,https://i.fnri.dost.gov.ph/fct/library/report/3867,2026-09-16
FC000390,F160,sodium_mg_100g,63,https://i.fnri.dost.gov.ph/fct/library/report/3867,2026-09-16
FC000390,F160,cholesterol_mg_100g,-,https://i.fnri.dost.gov.ph/fct/library/report/3867,2026-09-16
FC000391,F172,kcal_100g,106,https://i.fnri.dost.gov.ph/fct/library/report/3879,2026-09-16
FC000391,F172,protein_g_100g,13.9,https://i.fnri.dost.gov.ph/fct/library/report/3879,2026-09-16
FC000391,F172,carbs_g_100g,5.3,https://i.fnri.dost.gov.ph/fct/library/report/3879,2026-09-16
FC000391,F172,fat_g_100g,3.2,https://i.fnri.dost.gov.ph/fct/library/report/3879,2026-09-16
FC000391,F172,fiber_g_100g,0.0,https://i.fnri.dost.gov.ph/fct/library/report/3879,2026-09-16
FC000391,F172,sugar_g_100g,0.0,https://i.fnri.dost.gov.ph/fct/library/report/3879,2026-09-16
FC000391,F172,sodium_mg_100g,60,https://i.fnri.dost.gov.ph/fct/library/report/3879,2026-09-16
FC000391,F172,cholesterol_mg_100g,-,https://i.fnri.dost.gov.ph/fct/library/report/3879,2026-09-16
FC000392,F175,kcal_100g,170,https://i.fnri.dost.gov.ph/fct/library/report/3882,2026-09-16
FC000392,F175,protein_g_100g,17.8,https://i.fnri.dost.gov.ph/fct/library/report/3882,2026-09-16
FC000392,F175,carbs_g_100g,16.9,https://i.fnri.dost.gov.ph/fct/library/report/3882,2026-09-16
FC000392,F175,fat_g_100g,3.5,https://i.fnri.dost.gov.ph/fct/library/report/3882,2026-09-16
FC000392,F175,fiber_g_100g,0.0,https://i.fnri.dost.gov.ph/fct/library/report/3882,2026-09-16
FC000392,F175,sugar_g_100g,0.0,https://i.fnri.dost.gov.ph/fct/library/report/3882,2026-09-16
FC000392,F175,sodium_mg_100g,47,https://i.fnri.dost.gov.ph/fct/library/report/3882,2026-09-16
FC000392,F175,cholesterol_mg_100g,165,https://i.fnri.dost.gov.ph/fct/library/report/3882,2026-09-16
FC000393,F176,kcal_100g,180,https://i.fnri.dost.gov.ph/fct/library/report/3883,2026-09-16
FC000393,F176,protein_g_100g,19.8,https://i.fnri.dost.gov.ph/fct/library/report/3883,2026-09-16
FC000393,F176,carbs_g_100g,15.4,https://i.fnri.dost.gov.ph/fct/library/report/3883,2026-09-16
FC000393,F176,fat_g_100g,4.4,https://i.fnri.dost.gov.ph/fct/library/report/3883,2026-09-16
FC000393,F176,fiber_g_100g,0.0,https://i.fnri.dost.gov.ph/fct/library/report/3883,2026-09-16
FC000393,F176,sugar_g_100g,0.0,https://i.fnri.dost.gov.ph/fct/library/report/3883,2026-09-16
FC000393,F176,sodium_mg_100g,49,https://i.fnri.dost.gov.ph/fct/library/report/3883,2026-09-16
FC000393,F176,cholesterol_mg_100g,-,https://i.fnri.dost.gov.ph/fct/library/report/3883,2026-09-16
FC000394,F177,kcal_100g,197,https://i.fnri.dost.gov.ph/fct/library/report/3884,2026-09-16
FC000394,F177,protein_g_100g,19.9,https://i.fnri.dost.gov.ph/fct/library/report/3884,2026-09-16
FC000394,F177,carbs_g_100g,17.1,https://i.fnri.dost.gov.ph/fct/library/report/3884,2026-09-16
FC000394,F177,fat_g_100g,5.4,https://i.fnri.dost.gov.ph/fct/library/report/3884,2026-09-16
FC000394,F177,fiber_g_100g,0.0,https://i.fnri.dost.gov.ph/fct/library/report/3884,2026-09-16
FC000394,F177,sugar_g_100g,0.0,https://i.fnri.dost.gov.ph/fct/library/report/3884,2026-09-16
FC000394,F177,sodium_mg_100g,99,https://i.fnri.dost.gov.ph/fct/library/report/3884,2026-09-16
FC000394,F177,cholesterol_mg_100g,-,https://i.fnri.dost.gov.ph/fct/library/report/3884,2026-09-16
FC000395,F180,kcal_100g,368,https://i.fnri.dost.gov.ph/fct/library/report/3887,2026-09-16
FC000395,F180,protein_g_100g,14.8,https://i.fnri.dost.gov.ph/fct/library/report/3887,2026-09-16
FC000395,F180,carbs_g_100g,0.0,https://i.fnri.dost.gov.ph/fct/library/report/3887,2026-09-16
FC000395,F180,fat_g_100g,34.3,https://i.fnri.dost.gov.ph/fct/library/report/3887,2026-09-16
FC000395,F180,fiber_g_100g,0.0,https://i.fnri.dost.gov.ph/fct/library/report/3887,2026-09-16
FC000395,F180,sugar_g_100g,0.0,https://i.fnri.dost.gov.ph/fct/library/report/3887,2026-09-16
FC000395,F180,sodium_mg_100g,119,https://i.fnri.dost.gov.ph/fct/library/report/3887,2026-09-16
FC000395,F180,cholesterol_mg_100g,-,https://i.fnri.dost.gov.ph/fct/library/report/3887,2026-09-16
FC000396,F268,kcal_100g,177,https://i.fnri.dost.gov.ph/fct/library/report/3975,2026-09-16
FC000396,F268,protein_g_100g,31.2,https://i.fnri.dost.gov.ph/fct/library/report/3975,2026-09-16
FC000396,F268,carbs_g_100g,2.0,https://i.fnri.dost.gov.ph/fct/library/report/3975,2026-09-16
FC000396,F268,fat_g_100g,4.9,https://i.fnri.dost.gov.ph/fct/library/report/3975,2026-09-16
FC000396,F268,fiber_g_100g,0.0,https://i.fnri.dost.gov.ph/fct/library/report/3975,2026-09-16
FC000396,F268,sugar_g_100g,0.5,https://i.fnri.dost.gov.ph/fct/library/report/3975,2026-09-16
FC000396,F268,sodium_mg_100g,174,https://i.fnri.dost.gov.ph/fct/library/report/3975,2026-09-16
FC000396,F268,cholesterol_mg_100g,96,https://i.fnri.dost.gov.ph/fct/library/report/3975,2026-09-16
FC000397,F005,kcal_100g,211,https://i.fnri.dost.gov.ph/fct/library/report/3712,2026-09-16
FC000397,F005,protein_g_100g,18.2,https://i.fnri.dost.gov.ph/fct/library/report/3712,2026-09-16
FC000397,F005,carbs_g_100g,0.0,https://i.fnri.dost.gov.ph/fct/library/report/3712,2026-09-16
FC000397,F005,fat_g_100g,15.4,https://i.fnri.dost.gov.ph/fct/library/report/3712,2026-09-16
FC000397,F005,fiber_g_100g,0.0,https://i.fnri.dost.gov.ph/fct/library/report/3712,2026-09-16
FC000397,F005,sugar_g_100g,0.0,https://i.fnri.dost.gov.ph/fct/library/report/3712,2026-09-16
FC000397,F005,sodium_mg_100g,58,https://i.fnri.dost.gov.ph/fct/library/report/3712,2026-09-16
FC000397,F005,cholesterol_mg_100g,55,https://i.fnri.dost.gov.ph/fct/library/report/3712,2026-09-16
FC000398,F006,kcal_100g,171,https://i.fnri.dost.gov.ph/fct/library/report/3713,2026-09-16
FC000398,F006,protein_g_100g,19.0,https://i.fnri.dost.gov.ph/fct/library/report/3713,2026-09-16
FC000398,F006,carbs_g_100g,0.0,https://i.fnri.dost.gov.ph/fct/library/report/3713,2026-09-16
FC000398,F006,fat_g_100g,10.5,https://i.fnri.dost.gov.ph/fct/library/report/3713,2026-09-16
FC000398,F006,fiber_g_100g,0.0,https://i.fnri.dost.gov.ph/fct/library/report/3713,2026-09-16
FC000398,F006,sugar_g_100g,0.0,https://i.fnri.dost.gov.ph/fct/library/report/3713,2026-09-16
FC000398,F006,sodium_mg_100g,43,https://i.fnri.dost.gov.ph/fct/library/report/3713,2026-09-16
FC000398,F006,cholesterol_mg_100g,54,https://i.fnri.dost.gov.ph/fct/library/report/3713,2026-09-16
FC000399,F008,kcal_100g,104,https://i.fnri.dost.gov.ph/fct/library/report/3715,2026-09-16
FC000399,F008,protein_g_100g,23.1,https://i.fnri.dost.gov.ph/fct/library/report/3715,2026-09-16
FC000399,F008,carbs_g_100g,0.0,https://i.fnri.dost.gov.ph/fct/library/report/3715,2026-09-16
FC000399,F008,fat_g_100g,1.3,https://i.fnri.dost.gov.ph/fct/library/report/3715,2026-09-16
FC000399,F008,fiber_g_100g,0.0,https://i.fnri.dost.gov.ph/fct/library/report/3715,2026-09-16
FC000399,F008,sugar_g_100g,0.0,https://i.fnri.dost.gov.ph/fct/library/report/3715,2026-09-16
FC000399,F008,sodium_mg_100g,36,https://i.fnri.dost.gov.ph/fct/library/report/3715,2026-09-16
FC000399,F008,cholesterol_mg_100g,-,https://i.fnri.dost.gov.ph/fct/library/report/3715,2026-09-16
FC000400,F009,kcal_100g,231,https://i.fnri.dost.gov.ph/fct/library/report/3716,2026-09-16
FC000400,F009,protein_g_100g,19.4,https://i.fnri.dost.gov.ph/fct/library/report/3716,2026-09-16
FC000400,F009,carbs_g_100g,0.0,https://i.fnri.dost.gov.ph/fct/library/report/3716,2026-09-16
FC000400,F009,fat_g_100g,17.0,https://i.fnri.dost.gov.ph/fct/library/report/3716,2026-09-16
FC000400,F009,fiber_g_100g,0.0,https://i.fnri.dost.gov.ph/fct/library/report/3716,2026-09-16
FC000400,F009,sugar_g_100g,0.0,https://i.fnri.dost.gov.ph/fct/library/report/3716,2026-09-16
FC000400,F009,sodium_mg_100g,49,https://i.fnri.dost.gov.ph/fct/library/report/3716,2026-09-16
FC000400,F009,cholesterol_mg_100g,49,https://i.fnri.dost.gov.ph/fct/library/report/3716,2026-09-16
FC000401,F011,kcal_100g,139,https://i.fnri.dost.gov.ph/fct/library/report/3718,2026-09-16
FC000401,F011,protein_g_100g,18.8,https://i.fnri.dost.gov.ph/fct/library/report/3718,2026-09-16
FC000401,F011,carbs_g_100g,1.9,https://i.fnri.dost.gov.ph/fct/library/report/3718,2026-09-16
FC000401,F011,fat_g_100g,6.2,https://i.fnri.dost.gov.ph/fct/library/report/3718,2026-09-16
FC000401,F011,fiber_g_100g,0.0,https://i.fnri.dost.gov.ph/fct/library/report/3718,2026-09-16
FC000401,F011,sugar_g_100g,0.0,https://i.fnri.dost.gov.ph/fct/library/report/3718,2026-09-16
FC000401,F011,sodium_mg_100g,81,https://i.fnri.dost.gov.ph/fct/library/report/3718,2026-09-16
FC000401,F011,cholesterol_mg_100g,195,https://i.fnri.dost.gov.ph/fct/library/report/3718,2026-09-16
FC000402,F014,kcal_100g,89,https://i.fnri.dost.gov.ph/fct/library/report/3721,2026-09-16
FC000402,F014,protein_g_100g,16.2,https://i.fnri.dost.gov.ph/fct/library/report/3721,2026-09-16
FC000402,F014,carbs_g_100g,1.1,https://i.fnri.dost.gov.ph/fct/library/report/3721,2026-09-16
FC000402,F014,fat_g_100g,2.2,https://i.fnri.dost.gov.ph/fct/library/report/3721,2026-09-16
FC000402,F014,fiber_g_100g,0.0,https://i.fnri.dost.gov.ph/fct/library/report/3721,2026-09-16
FC000402,F014,sugar_g_100g,0.0,https://i.fnri.dost.gov.ph/fct/library/report/3721,2026-09-16
FC000402,F014,sodium_mg_100g,182,https://i.fnri.dost.gov.ph/fct/library/report/3721,2026-09-16
FC000402,F014,cholesterol_mg_100g,293,https://i.fnri.dost.gov.ph/fct/library/report/3721,2026-09-16
FC000403,F025,kcal_100g,203,https://i.fnri.dost.gov.ph/fct/library/report/3732,2026-09-16
FC000403,F025,protein_g_100g,18.2,https://i.fnri.dost.gov.ph/fct/library/report/3732,2026-09-16
FC000403,F025,carbs_g_100g,0.0,https://i.fnri.dost.gov.ph/fct/library/report/3732,2026-09-16
FC000403,F025,fat_g_100g,14.5,https://i.fnri.dost.gov.ph/fct/library/report/3732,2026-09-16
FC000403,F025,fiber_g_100g,0.0,https://i.fnri.dost.gov.ph/fct/library/report/3732,2026-09-16
FC000403,F025,sugar_g_100g,0.0,https://i.fnri.dost.gov.ph/fct/library/report/3732,2026-09-16
FC000403,F025,sodium_mg_100g,66,https://i.fnri.dost.gov.ph/fct/library/report/3732,2026-09-16
FC000403,F025,cholesterol_mg_100g,70,https://i.fnri.dost.gov.ph/fct/library/report/3732,2026-09-16
FC000404,F026,kcal_100g,105,https://i.fnri.dost.gov.ph/fct/library/report/3733,2026-09-16
FC000404,F026,protein_g_100g,23.4,https://i.fnri.dost.gov.ph/fct/library/report/3733,2026-09-16
FC000404,F026,carbs_g_100g,0.0,https://i.fnri.dost.gov.ph/fct/library/report/3733,2026-09-16
FC000404,F026,fat_g_100g,1.3,https://i.fnri.dost.gov.ph/fct/library/report/3733,2026-09-16
FC000404,F026,fiber_g_100g,0.0,https://i.fnri.dost.gov.ph/fct/library/report/3733,2026-09-16
FC000404,F026,sugar_g_100g,0.0,https://i.fnri.dost.gov.ph/fct/library/report/3733,2026-09-16
FC000404,F026,sodium_mg_100g,40,https://i.fnri.dost.gov.ph/fct/library/report/3733,2026-09-16
FC000404,F026,cholesterol_mg_100g,-,https://i.fnri.dost.gov.ph/fct/library/report/3733,2026-09-16
FC000405,F029,kcal_100g,314,https://i.fnri.dost.gov.ph/fct/library/report/3736,2026-09-16
FC000405,F029,protein_g_100g,15.1,https://i.fnri.dost.gov.ph/fct/library/report/3736,2026-09-16
FC000405,F029,carbs_g_100g,0.0,https://i.fnri.dost.gov.ph/fct/library/report/3736,2026-09-16
FC000405,F029,fat_g_100g,28.2,https://i.fnri.dost.gov.ph/fct/library/report/3736,2026-09-16
FC000405,F029,fiber_g_100g,0.0,https://i.fnri.dost.gov.ph/fct/library/report/3736,2026-09-16
FC000405,F029,sugar_g_100g,0.0,https://i.fnri.dost.gov.ph/fct/library/report/3736,2026-09-16
FC000405,F029,sodium_mg_100g,39,https://i.fnri.dost.gov.ph/fct/library/report/3736,2026-09-16
FC000405,F029,cholesterol_mg_100g,96,https://i.fnri.dost.gov.ph/fct/library/report/3736,2026-09-16
FC000406,F030,kcal_100g,139,https://i.fnri.dost.gov.ph/fct/library/report/3737,2026-09-16
FC000406,F030,protein_g_100g,20.7,https://i.fnri.dost.gov.ph/fct/library/report/3737,2026-09-16
FC000406,F030,carbs_g_100g,0.0,https://i.fnri.dost.gov.ph/fct/library/report/3737,2026-09-16
FC000406,F030,fat_g_100g,6.2,https://i.fnri.dost.gov.ph/fct/library/report/3737,2026-09-16
FC000406,F030,fiber_g_100g,0.0,https://i.fnri.dost.gov.ph/fct/library/report/3737,2026-09-16
FC000406,F030,sugar_g_100g,0.0,https://i.fnri.dost.gov.ph/fct/library/report/3737,2026-09-16
FC000406,F030,sodium_mg_100g,48,https://i.fnri.dost.gov.ph/fct/library/report/3737,2026-09-16
FC000406,F030,cholesterol_mg_100g,47,https://i.fnri.dost.gov.ph/fct/library/report/3737,2026-09-16
FC000407,F034,kcal_100g,104,https://i.fnri.dost.gov.ph/fct/library/report/3741,2026-09-16
FC000407,F034,protein_g_100g,20.7,https://i.fnri.dost.gov.ph/fct/library/report/3741,2026-09-16
FC000407,F034,carbs_g_100g,0.0,https://i.fnri.dost.gov.ph/fct/library/report/3741,2026-09-16
FC000407,F034,fat_g_100g,2.4,https://i.fnri.dost.gov.ph/fct/library/report/3741,2026-09-16
FC000407,F034,fiber_g_100g,0.0,https://i.fnri.dost.gov.ph/fct/library/report/3741,2026-09-16
FC000407,F034,sugar_g_100g,0.0,https://i.fnri.dost.gov.ph/fct/library/report/3741,2026-09-16
FC000407,F034,sodium_mg_100g,42,https://i.fnri.dost.gov.ph/fct/library/report/3741,2026-09-16
FC000407,F034,cholesterol_mg_100g,-,https://i.fnri.dost.gov.ph/fct/library/report/3741,2026-09-16
FC000408,F035,kcal_100g,115,https://i.fnri.dost.gov.ph/fct/library/report/3742,2026-09-16
FC000408,F035,protein_g_100g,21.5,https://i.fnri.dost.gov.ph/fct/library/report/3742,2026-09-16
FC000408,F035,carbs_g_100g,0.0,https://i.fnri.dost.gov.ph/fct/library/report/3742,2026-09-16
FC000408,F035,fat_g_100g,3.2,https://i.fnri.dost.gov.ph/fct/library/report/3742,2026-09-16
FC000408,F035,fiber_g_100g,0.0,https://i.fnri.dost.gov.ph/fct/library/report/3742,2026-09-16
FC000408,F035,sugar_g_100g,0.0,https://i.fnri.dost.gov.ph/fct/library/report/3742,2026-09-16
FC000408,F035,sodium_mg_100g,57,https://i.fnri.dost.gov.ph/fct/library/report/3742,2026-09-16
FC000408,F035,cholesterol_mg_100g,32,https://i.fnri.dost.gov.ph/fct/library/report/3742,2026-09-16
FC000409,F037,kcal_100g,248,https://i.fnri.dost.gov.ph/fct/library/report/3744,2026-09-16
FC000409,F037,protein_g_100g,20.2,https://i.fnri.dost.gov.ph/fct/library/report/3744,2026-09-16
FC000409,F037,carbs_g_100g,0.0,https://i.fnri.dost.gov.ph/fct/library/report/3744,2026-09-16
FC000409,F037,fat_g_100g,18.6,https://i.fnri.dost.gov.ph/fct/library/report/3744,2026-09-16
FC000409,F037,fiber_g_100g,0.0,https://i.fnri.dost.gov.ph/fct/library/report/3744,2026-09-16
FC000409,F037,sugar_g_100g,0.0,https://i.fnri.dost.gov.ph/fct/library/report/3744,2026-09-16
FC000409,F037,sodium_mg_100g,70,https://i.fnri.dost.gov.ph/fct/library/report/3744,2026-09-16
FC000409,F037,cholesterol_mg_100g,76,https://i.fnri.dost.gov.ph/fct/library/report/3744,2026-09-16
FC000410,F038,kcal_100g,132,https://i.fnri.dost.gov.ph/fct/library/report/3745,2026-09-16
FC000410,F038,protein_g_100g,20.5,https://i.fnri.dost.gov.ph/fct/library/report/3745,2026-09-16
FC000410,F038,carbs_g_100g,0.0,https://i.fnri.dost.gov.ph/fct/library/report/3745,2026-09-16
FC000410,F038,fat_g_100g,5.6,https://i.fnri.dost.gov.ph/fct/library/report/3745,2026-09-16
FC000410,F038,fiber_g_100g,0.0,https://i.fnri.dost.gov.ph/fct/library/report/3745,2026-09-16
FC000410,F038,sugar_g_100g,0.0,https://i.fnri.dost.gov.ph/fct/library/report/3745,2026-09-16
FC000410,F038,sodium_mg_100g,56,https://i.fnri.dost.gov.ph/fct/library/report/3745,2026-09-16
FC000410,F038,cholesterol_mg_100g,38,https://i.fnri.dost.gov.ph/fct/library/report/3745,2026-09-16
FC000411,F044,kcal_100g,119,https://i.fnri.dost.gov.ph/fct/library/report/3751,2026-09-16
FC000411,F044,protein_g_100g,17.6,https://i.fnri.dost.gov.ph/fct/library/report/3751,2026-09-16
FC000411,F044,carbs_g_100g,0.2,https://i.fnri.dost.gov.ph/fct/library/report/3751,2026-09-16
FC000411,F044,fat_g_100g,5.3,https://i.fnri.dost.gov.ph/fct/library/report/3751,2026-09-16
FC000411,F044,fiber_g_100g,0.0,https://i.fnri.dost.gov.ph/fct/library/report/3751,2026-09-16
FC000411,F044,sugar_g_100g,0.0,https://i.fnri.dost.gov.ph/fct/library/report/3751,2026-09-16
FC000411,F044,sodium_mg_100g,57,https://i.fnri.dost.gov.ph/fct/library/report/3751,2026-09-16
FC000411,F044,cholesterol_mg_100g,175,https://i.fnri.dost.gov.ph/fct/library/report/3751,2026-09-16
FC000412,F045,kcal_100g,360,https://i.fnri.dost.gov.ph/fct/library/report/3752,2026-09-16
FC000412,F045,protein_g_100g,15.8,https://i.fnri.dost.gov.ph/fct/library/report/3752,2026-09-16
FC000412,F045,carbs_g_100g,0.0,https://i.fnri.dost.gov.ph/fct/library/report/3752,2026-09-16
FC000412,F045,fat_g_100g,33.0,https://i.fnri.dost.gov.ph/fct/library/report/3752,2026-09-16
FC000412,F045,fiber_g_100g,0.0,https://i.fnri.dost.gov.ph/fct/library/report/3752,2026-09-16
FC000412,F045,sugar_g_100g,0.0,https://i.fnri.dost.gov.ph/fct/library/report/3752,2026-09-16
FC000412,F045,sodium_mg_100g,73,https://i.fnri.dost.gov.ph/fct/library/report/3752,2026-09-16
FC000412,F045,cholesterol_mg_100g,-,https://i.fnri.dost.gov.ph/fct/library/report/3752,2026-09-16
FC000413,F046,kcal_100g,128,https://i.fnri.dost.gov.ph/fct/library/report/3753,2026-09-16
FC000413,F046,protein_g_100g,22.8,https://i.fnri.dost.gov.ph/fct/library/report/3753,2026-09-16
FC000413,F046,carbs_g_100g,0.0,https://i.fnri.dost.gov.ph/fct/library/report/3753,2026-09-16
FC000413,F046,fat_g_100g,4.1,https://i.fnri.dost.gov.ph/fct/library/report/3753,2026-09-16
FC000413,F046,fiber_g_100g,0.0,https://i.fnri.dost.gov.ph/fct/library/report/3753,2026-09-16
FC000413,F046,sugar_g_100g,0.0,https://i.fnri.dost.gov.ph/fct/library/report/3753,2026-09-16
FC000413,F046,sodium_mg_100g,42,https://i.fnri.dost.gov.ph/fct/library/report/3753,2026-09-16
FC000413,F046,cholesterol_mg_100g,37,https://i.fnri.dost.gov.ph/fct/library/report/3753,2026-09-16
FC000414,F047,kcal_100g,214,https://i.fnri.dost.gov.ph/fct/library/report/3754,2026-09-16
FC000414,F047,protein_g_100g,14.8,https://i.fnri.dost.gov.ph/fct/library/report/3754,2026-09-16
FC000414,F047,carbs_g_100g,4.4,https://i.fnri.dost.gov.ph/fct/library/report/3754,2026-09-16
FC000414,F047,fat_g_100g,15.2,https://i.fnri.dost.gov.ph/fct/library/report/3754,2026-09-16
FC000414,F047,fiber_g_100g,0.0,https://i.fnri.dost.gov.ph/fct/library/report/3754,2026-09-16
FC000414,F047,sugar_g_100g,0.4,https://i.fnri.dost.gov.ph/fct/library/report/3754,2026-09-16
FC000414,F047,sodium_mg_100g,102,https://i.fnri.dost.gov.ph/fct/library/report/3754,2026-09-16
FC000414,F047,cholesterol_mg_100g,82,https://i.fnri.dost.gov.ph/fct/library/report/3754,2026-09-16
FC000415,F049,kcal_100g,102,https://i.fnri.dost.gov.ph/fct/library/report/3756,2026-09-16
FC000415,F049,protein_g_100g,11.0,https://i.fnri.dost.gov.ph/fct/library/report/3756,2026-09-16
FC000415,F049,carbs_g_100g,1.4,https://i.fnri.dost.gov.ph/fct/library/report/3756,2026-09-16
FC000415,F049,fat_g_100g,5.8,https://i.fnri.dost.gov.ph/fct/library/report/3756,2026-09-16
FC000415,F049,fiber_g_100g,0.0,https://i.fnri.dost.gov.ph/fct/library/report/3756,2026-09-16
FC000415,F049,sugar_g_100g,0.0,https://i.fnri.dost.gov.ph/fct/library/report/3756,2026-09-16
FC000415,F049,sodium_mg_100g,116,https://i.fnri.dost.gov.ph/fct/library/report/3756,2026-09-16
FC000415,F049,cholesterol_mg_100g,192,https://i.fnri.dost.gov.ph/fct/library/report/3756,2026-09-16
FC000416,F091,kcal_100g,207,https://i.fnri.dost.gov.ph/fct/library/report/3798,2026-09-16
FC000416,F091,protein_g_100g,17.4,https://i.fnri.dost.gov.ph/fct/library/report/3798,2026-09-16
FC000416,F091,carbs_g_100g,0.0,https://i.fnri.dost.gov.ph/fct/library/report/3798,2026-09-16
FC000416,F091,fat_g_100g,15.3,https://i.fnri.dost.gov.ph/fct/library/report/3798,2026-09-16
FC000416,F091,fiber_g_100g,0.0,https://i.fnri.dost.gov.ph/fct/library/report/3798,2026-09-16
FC000416,F091,sugar_g_100g,0.0,https://i.fnri.dost.gov.ph/fct/library/report/3798,2026-09-16
FC000416,F091,sodium_mg_100g,51,https://i.fnri.dost.gov.ph/fct/library/report/3798,2026-09-16
FC000416,F091,cholesterol_mg_100g,42,https://i.fnri.dost.gov.ph/fct/library/report/3798,2026-09-16
FC000417,F094,kcal_100g,187,https://i.fnri.dost.gov.ph/fct/library/report/3801,2026-09-16
FC000417,F094,protein_g_100g,24.7,https://i.fnri.dost.gov.ph/fct/library/report/3801,2026-09-16
FC000417,F094,carbs_g_100g,0.0,https://i.fnri.dost.gov.ph/fct/library/report/3801,2026-09-16
FC000417,F094,fat_g_100g,9.8,https://i.fnri.dost.gov.ph/fct/library/report/3801,2026-09-16
FC000417,F094,fiber_g_100g,0.0,https://i.fnri.dost.gov.ph/fct/library/report/3801,2026-09-16
FC000417,F094,sugar_g_100g,0.0,https://i.fnri.dost.gov.ph/fct/library/report/3801,2026-09-16
FC000417,F094,sodium_mg_100g,112,https://i.fnri.dost.gov.ph/fct/library/report/3801,2026-09-16
FC000417,F094,cholesterol_mg_100g,89,https://i.fnri.dost.gov.ph/fct/library/report/3801,2026-09-16
FC000418,F095,kcal_100g,229,https://i.fnri.dost.gov.ph/fct/library/report/3802,2026-09-16
FC000418,F095,protein_g_100g,26.9,https://i.fnri.dost.gov.ph/fct/library/report/3802,2026-09-16
FC000418,F095,carbs_g_100g,3.6,https://i.fnri.dost.gov.ph/fct/library/report/3802,2026-09-16
FC000418,F095,fat_g_100g,11.9,https://i.fnri.dost.gov.ph/fct/library/report/3802,2026-09-16
FC000418,F095,fiber_g_100g,0.0,https://i.fnri.dost.gov.ph/fct/library/report/3802,2026-09-16
FC000418,F095,sugar_g_100g,0.8,https://i.fnri.dost.gov.ph/fct/library/report/3802,2026-09-16
FC000418,F095,sodium_mg_100g,671,https://i.fnri.dost.gov.ph/fct/library/report/3802,2026-09-16
FC000418,F095,cholesterol_mg_100g,-,https://i.fnri.dost.gov.ph/fct/library/report/3802,2026-09-16
FC000419,F096,kcal_100g,106,https://i.fnri.dost.gov.ph/fct/library/report/3803,2026-09-16
FC000419,F096,protein_g_100g,21.8,https://i.fnri.dost.gov.ph/fct/library/report/3803,2026-09-16
FC000419,F096,carbs_g_100g,2.5,https://i.fnri.dost.gov.ph/fct/library/report/3803,2026-09-16
FC000419,F096,fat_g_100g,1.0,https://i.fnri.dost.gov.ph/fct/library/report/3803,2026-09-16
FC000419,F096,fiber_g_100g,0.0,https://i.fnri.dost.gov.ph/fct/library/report/3803,2026-09-16
FC000419,F096,sugar_g_100g,0.0,https://i.fnri.dost.gov.ph/fct/library/report/3803,2026-09-16
FC000419,F096,sodium_mg_100g,83,https://i.fnri.dost.gov.ph/fct/library/report/3803,2026-09-16
FC000419,F096,cholesterol_mg_100g,117,https://i.fnri.dost.gov.ph/fct/library/report/3803,2026-09-16
FC000420,F099,kcal_100g,197,https://i.fnri.dost.gov.ph/fct/library/report/3806,2026-09-16
FC000420,F099,protein_g_100g,11.6,https://i.fnri.dost.gov.ph/fct/library/report/3806,2026-09-16
FC000420,F099,carbs_g_100g,1.9,https://i.fnri.dost.gov.ph/fct/library/report/3806,2026-09-16
FC000420,F099,fat_g_100g,15.9,https://i.fnri.dost.gov.ph/fct/library/report/3806,2026-09-16
FC000420,F099,fiber_g_100g,0.0,https://i.fnri.dost.gov.ph/fct/library/report/3806,2026-09-16
FC000420,F099,sugar_g_100g,0.0,https://i.fnri.dost.gov.ph/fct/library/report/3806,2026-09-16
FC000420,F099,sodium_mg_100g,144,https://i.fnri.dost.gov.ph/fct/library/report/3806,2026-09-16
FC000420,F099,cholesterol_mg_100g,232,https://i.fnri.dost.gov.ph/fct/library/report/3806,2026-09-16
FC000421,F104,kcal_100g,314,https://i.fnri.dost.gov.ph/fct/library/report/3811,2026-09-16
FC000421,F104,protein_g_100g,14.1,https://i.fnri.dost.gov.ph/fct/library/report/3811,2026-09-16
FC000421,F104,carbs_g_100g,0.0,https://i.fnri.dost.gov.ph/fct/library/report/3811,2026-09-16
FC000421,F104,fat_g_100g,28.6,https://i.fnri.dost.gov.ph/fct/library/report/3811,2026-09-16
FC000421,F104,fiber_g_100g,0.0,https://i.fnri.dost.gov.ph/fct/library/report/3811,2026-09-16
FC000421,F104,sugar_g_100g,0.0,https://i.fnri.dost.gov.ph/fct/library/report/3811,2026-09-16
FC000421,F104,sodium_mg_100g,68,https://i.fnri.dost.gov.ph/fct/library/report/3811,2026-09-16
FC000421,F104,cholesterol_mg_100g,108,https://i.fnri.dost.gov.ph/fct/library/report/3811,2026-09-16
FC000422,F108,kcal_100g,187,https://i.fnri.dost.gov.ph/fct/library/report/3815,2026-09-16
FC000422,F108,protein_g_100g,17.6,https://i.fnri.dost.gov.ph/fct/library/report/3815,2026-09-16
FC000422,F108,carbs_g_100g,0.0,https://i.fnri.dost.gov.ph/fct/library/report/3815,2026-09-16
FC000422,F108,fat_g_100g,13.0,https://i.fnri.dost.gov.ph/fct/library/report/3815,2026-09-16
FC000422,F108,fiber_g_100g,0.0,https://i.fnri.dost.gov.ph/fct/library/report/3815,2026-09-16
FC000422,F108,sugar_g_100g,0.0,https://i.fnri.dost.gov.ph/fct/library/report/3815,2026-09-16
FC000422,F108,sodium_mg_100g,79,https://i.fnri.dost.gov.ph/fct/library/report/3815,2026-09-16
FC000422,F108,cholesterol_mg_100g,76,https://i.fnri.dost.gov.ph/fct/library/report/3815,2026-09-16
FC000423,F110,kcal_100g,110,https://i.fnri.dost.gov.ph/fct/library/report/3817,2026-09-16
FC000423,F110,protein_g_100g,20.6,https://i.fnri.dost.gov.ph/fct/library/report/3817,2026-09-16
FC000423,F110,carbs_g_100g,0.0,https://i.fnri.dost.gov.ph/fct/library/report/3817,2026-09-16
FC000423,F110,fat_g_100g,3.1,https://i.fnri.dost.gov.ph/fct/library/report/3817,2026-09-16
FC000423,F110,fiber_g_100g,0.0,https://i.fnri.dost.gov.ph/fct/library/report/3817,2026-09-16
FC000423,F110,sugar_g_100g,0.0,https://i.fnri.dost.gov.ph/fct/library/report/3817,2026-09-16
FC000423,F110,sodium_mg_100g,78,https://i.fnri.dost.gov.ph/fct/library/report/3817,2026-09-16
FC000423,F110,cholesterol_mg_100g,70,https://i.fnri.dost.gov.ph/fct/library/report/3817,2026-09-16
FC000424,F146,kcal_100g,513,https://i.fnri.dost.gov.ph/fct/library/report/3853,2026-09-16
FC000424,F146,protein_g_100g,11.6,https://i.fnri.dost.gov.ph/fct/library/report/3853,2026-09-16
FC000424,F146,carbs_g_100g,0.0,https://i.fnri.dost.gov.ph/fct/library/report/3853,2026-09-16
FC000424,F146,fat_g_100g,51.8,https://i.fnri.dost.gov.ph/fct/library/report/3853,2026-09-16
FC000424,F146,fiber_g_100g,0.0,https://i.fnri.dost.gov.ph/fct/library/report/3853,2026-09-16
FC000424,F146,sugar_g_100g,0.0,https://i.fnri.dost.gov.ph/fct/library/report/3853,2026-09-16
FC000424,F146,sodium_mg_100g,47,https://i.fnri.dost.gov.ph/fct/library/report/3853,2026-09-16
FC000424,F146,cholesterol_mg_100g,-,https://i.fnri.dost.gov.ph/fct/library/report/3853,2026-09-16
FC000425,F161,kcal_100g,519,https://i.fnri.dost.gov.ph/fct/library/report/3868,2026-09-16
FC000425,F161,protein_g_100g,12.5,https://i.fnri.dost.gov.ph/fct/library/report/3868,2026-09-16
FC000425,F161,carbs_g_100g,0.0,https://i.fnri.dost.gov.ph/fct/library/report/3868,2026-09-16
FC000425,F161,fat_g_100g,52.1,https://i.fnri.dost.gov.ph/fct/library/report/3868,2026-09-16
FC000425,F161,fiber_g_100g,0.0,https://i.fnri.dost.gov.ph/fct/library/report/3868,2026-09-16
FC000425,F161,sugar_g_100g,0.0,https://i.fnri.dost.gov.ph/fct/library/report/3868,2026-09-16
FC000425,F161,sodium_mg_100g,49,https://i.fnri.dost.gov.ph/fct/library/report/3868,2026-09-16
FC000425,F161,cholesterol_mg_100g,-,https://i.fnri.dost.gov.ph/fct/library/report/3868,2026-09-16
FC000426,F162,kcal_100g,390,https://i.fnri.dost.gov.ph/fct/library/report/3869,2026-09-16
FC000426,F162,protein_g_100g,14.5,https://i.fnri.dost.gov.ph/fct/library/report/3869,2026-09-16
FC000426,F162,carbs_g_100g,0.0,https://i.fnri.dost.gov.ph/fct/library/report/3869,2026-09-16
FC000426,F162,fat_g_100g,36.9,https://i.fnri.dost.gov.ph/fct/library/report/3869,2026-09-16
FC000426,F162,fiber_g_100g,0.0,https://i.fnri.dost.gov.ph/fct/library/report/3869,2026-09-16
FC000426,F162,sugar_g_100g,0.0,https://i.fnri.dost.gov.ph/fct/library/report/3869,2026-09-16
FC000426,F162,sodium_mg_100g,39,https://i.fnri.dost.gov.ph/fct/library/report/3869,2026-09-16
FC000426,F162,cholesterol_mg_100g,73,https://i.fnri.dost.gov.ph/fct/library/report/3869,2026-09-16
FC000427,F163,kcal_100g,385,https://i.fnri.dost.gov.ph/fct/library/report/3870,2026-09-16
FC000427,F163,protein_g_100g,11.8,https://i.fnri.dost.gov.ph/fct/library/report/3870,2026-09-16
FC000427,F163,carbs_g_100g,1.3,https://i.fnri.dost.gov.ph/fct/library/report/3870,2026-09-16
FC000427,F163,fat_g_100g,36.9,https://i.fnri.dost.gov.ph/fct/library/report/3870,2026-09-16
FC000427,F163,fiber_g_100g,0.0,https://i.fnri.dost.gov.ph/fct/library/report/3870,2026-09-16
FC000427,F163,sugar_g_100g,0.0,https://i.fnri.dost.gov.ph/fct/library/report/3870,2026-09-16
FC000427,F163,sodium_mg_100g,249,https://i.fnri.dost.gov.ph/fct/library/report/3870,2026-09-16
FC000427,F163,cholesterol_mg_100g,200,https://i.fnri.dost.gov.ph/fct/library/report/3870,2026-09-16
FC000428,F164,kcal_100g,350,https://i.fnri.dost.gov.ph/fct/library/report/3871,2026-09-16
FC000428,F164,protein_g_100g,23.8,https://i.fnri.dost.gov.ph/fct/library/report/3871,2026-09-16
FC000428,F164,carbs_g_100g,5.4,https://i.fnri.dost.gov.ph/fct/library/report/3871,2026-09-16
FC000428,F164,fat_g_100g,25.9,https://i.fnri.dost.gov.ph/fct/library/report/3871,2026-09-16
FC000428,F164,fiber_g_100g,0.0,https://i.fnri.dost.gov.ph/fct/library/report/3871,2026-09-16
FC000428,F164,sugar_g_100g,0.5,https://i.fnri.dost.gov.ph/fct/library/report/3871,2026-09-16
FC000428,F164,sodium_mg_100g,503,https://i.fnri.dost.gov.ph/fct/library/report/3871,2026-09-16
FC000428,F164,cholesterol_mg_100g,145,https://i.fnri.dost.gov.ph/fct/library/report/3871,2026-09-16
FC000429,F165,kcal_100g,298,https://i.fnri.dost.gov.ph/fct/library/report/3872,2026-09-16
FC000429,F165,protein_g_100g,16.3,https://i.fnri.dost.gov.ph/fct/library/report/3872,2026-09-16
FC000429,F165,carbs_g_100g,0.1,https://i.fnri.dost.gov.ph/fct/library/report/3872,2026-09-16
FC000429,F165,fat_g_100g,25.8,https://i.fnri.dost.gov.ph/fct/library/report/3872,2026-09-16
FC000429,F165,fiber_g_100g,0.0,https://i.fnri.dost.gov.ph/fct/library/report/3872,2026-09-16
FC000429,F165,sugar_g_100g,0.0,https://i.fnri.dost.gov.ph/fct/library/report/3872,2026-09-16
FC000429,F165,sodium_mg_100g,58,https://i.fnri.dost.gov.ph/fct/library/report/3872,2026-09-16
FC000429,F165,cholesterol_mg_100g,100,https://i.fnri.dost.gov.ph/fct/library/report/3872,2026-09-16
FC000430,F167,kcal_100g,116,https://i.fnri.dost.gov.ph/fct/library/report/3874,2026-09-16
FC000430,F167,protein_g_100g,16.4,https://i.fnri.dost.gov.ph/fct/library/report/3874,2026-09-16
FC000430,F167,carbs_g_100g,0.6,https://i.fnri.dost.gov.ph/fct/library/report/3874,2026-09-16
FC000430,F167,fat_g_100g,5.3,https://i.fnri.dost.gov.ph/fct/library/report/3874,2026-09-16
FC000430,F167,fiber_g_100g,0.0,https://i.fnri.dost.gov.ph/fct/library/report/3874,2026-09-16
FC000430,F167,sugar_g_100g,0.0,https://i.fnri.dost.gov.ph/fct/library/report/3874,2026-09-16
FC000430,F167,sodium_mg_100g,99,https://i.fnri.dost.gov.ph/fct/library/report/3874,2026-09-16
FC000430,F167,cholesterol_mg_100g,159,https://i.fnri.dost.gov.ph/fct/library/report/3874,2026-09-16
FC000431,F171,kcal_100g,105,https://i.fnri.dost.gov.ph/fct/library/report/3878,2026-09-16
FC000431,F171,protein_g_100g,14.4,https://i.fnri.dost.gov.ph/fct/library/report/3878,2026-09-16
FC000431,F171,carbs_g_100g,3.1,https://i.fnri.dost.gov.ph/fct/library/report/3878,2026-09-16
FC000431,F171,fat_g_100g,3.9,https://i.fnri.dost.gov.ph/fct/library/report/3878,2026-09-16
FC000431,F171,fiber_g_100g,0.0,https://i.fnri.dost.gov.ph/fct/library/report/3878,2026-09-16
FC000431,F171,sugar_g_100g,0.0,https://i.fnri.dost.gov.ph/fct/library/report/3878,2026-09-16
FC000431,F171,sodium_mg_100g,132,https://i.fnri.dost.gov.ph/fct/library/report/3878,2026-09-16
FC000431,F171,cholesterol_mg_100g,383,https://i.fnri.dost.gov.ph/fct/library/report/3878,2026-09-16
FC000432,F173,kcal_100g,203,https://i.fnri.dost.gov.ph/fct/library/report/3880,2026-09-16
FC000432,F173,protein_g_100g,20.2,https://i.fnri.dost.gov.ph/fct/library/report/3880,2026-09-16
FC000432,F173,carbs_g_100g,0.0,https://i.fnri.dost.gov.ph/fct/library/report/3880,2026-09-16
FC000432,F173,fat_g_100g,13.6,https://i.fnri.dost.gov.ph/fct/library/report/3880,2026-09-16
FC000432,F173,fiber_g_100g,0.0,https://i.fnri.dost.gov.ph/fct/library/report/3880,2026-09-16
FC000432,F173,sugar_g_100g,0.0,https://i.fnri.dost.gov.ph/fct/library/report/3880,2026-09-16
FC000432,F173,sodium_mg_100g,101,https://i.fnri.dost.gov.ph/fct/library/report/3880,2026-09-16
FC000432,F173,cholesterol_mg_100g,53,https://i.fnri.dost.gov.ph/fct/library/report/3880,2026-09-16
FC000433,F179,kcal_100g,387,https://i.fnri.dost.gov.ph/fct/library/report/3886,2026-09-16
FC000433,F179,protein_g_100g,13.4,https://i.fnri.dost.gov.ph/fct/library/report/3886,2026-09-16
FC000433,F179,carbs_g_100g,0.0,https://i.fnri.dost.gov.ph/fct/library/report/3886,2026-09-16
FC000433,F179,fat_g_100g,37.0,https://i.fnri.dost.gov.ph/fct/library/report/3886,2026-09-16
FC000433,F179,fiber_g_100g,0.0,https://i.fnri.dost.gov.ph/fct/library/report/3886,2026-09-16
FC000433,F179,sugar_g_100g,0.0,https://i.fnri.dost.gov.ph/fct/library/report/3886,2026-09-16
FC000433,F179,sodium_mg_100g,61,https://i.fnri.dost.gov.ph/fct/library/report/3886,2026-09-16
FC000433,F179,cholesterol_mg_100g,-,https://i.fnri.dost.gov.ph/fct/library/report/3886,2026-09-16
FC000434,F182,kcal_100g,293,https://i.fnri.dost.gov.ph/fct/library/report/3889,2026-09-16
FC000434,F182,protein_g_100g,14.6,https://i.fnri.dost.gov.ph/fct/library/report/3889,2026-09-16
FC000434,F182,carbs_g_100g,0.0,https://i.fnri.dost.gov.ph/fct/library/report/3889,2026-09-16
FC000434,F182,fat_g_100g,26.1,https://i.fnri.dost.gov.ph/fct/library/report/3889,2026-09-16
FC000434,F182,fiber_g_100g,0.0,https://i.fnri.dost.gov.ph/fct/library/report/3889,2026-09-16
FC000434,F182,sugar_g_100g,0.0,https://i.fnri.dost.gov.ph/fct/library/report/3889,2026-09-16
FC000434,F182,sodium_mg_100g,60,https://i.fnri.dost.gov.ph/fct/library/report/3889,2026-09-16
FC000434,F182,cholesterol_mg_100g,89,https://i.fnri.dost.gov.ph/fct/library/report/3889,2026-09-16
FC000435,F185,kcal_100g,121,https://i.fnri.dost.gov.ph/fct/library/report/3892,2026-09-16
FC000435,F185,protein_g_100g,13.1,https://i.fnri.dost.gov.ph/fct/library/report/3892,2026-09-16
FC000435,F185,carbs_g_100g,2.6,https://i.fnri.dost.gov.ph/fct/library/report/3892,2026-09-16
FC000435,F185,fat_g_100g,6.5,https://i.fnri.dost.gov.ph/fct/library/report/3892,2026-09-16
FC000435,F185,fiber_g_100g,0.0,https://i.fnri.dost.gov.ph/fct/library/report/3892,2026-09-16
FC000435,F185,sugar_g_100g,0.0,https://i.fnri.dost.gov.ph/fct/library/report/3892,2026-09-16
FC000435,F185,sodium_mg_100g,64,https://i.fnri.dost.gov.ph/fct/library/report/3892,2026-09-16
FC000435,F185,cholesterol_mg_100g,143,https://i.fnri.dost.gov.ph/fct/library/report/3892,2026-09-16
FC000436,F186,kcal_100g,477,https://i.fnri.dost.gov.ph/fct/library/report/3893,2026-09-16
FC000436,F186,protein_g_100g,15.4,https://i.fnri.dost.gov.ph/fct/library/report/3893,2026-09-16
FC000436,F186,carbs_g_100g,0.0,https://i.fnri.dost.gov.ph/fct/library/report/3893,2026-09-16
FC000436,F186,fat_g_100g,46.1,https://i.fnri.dost.gov.ph/fct/library/report/3893,2026-09-16
FC000436,F186,fiber_g_100g,0.0,https://i.fnri.dost.gov.ph/fct/library/report/3893,2026-09-16
FC000436,F186,sugar_g_100g,0.0,https://i.fnri.dost.gov.ph/fct/library/report/3893,2026-09-16
FC000436,F186,sodium_mg_100g,75,https://i.fnri.dost.gov.ph/fct/library/report/3893,2026-09-16
FC000436,F186,cholesterol_mg_100g,133,https://i.fnri.dost.gov.ph/fct/library/report/3893,2026-09-16
FC000437,F187,kcal_100g,237,https://i.fnri.dost.gov.ph/fct/library/report/3894,2026-09-16
FC000437,F187,protein_g_100g,16.7,https://i.fnri.dost.gov.ph/fct/library/report/3894,2026-09-16
FC000437,F187,carbs_g_100g,0.0,https://i.fnri.dost.gov.ph/fct/library/report/3894,2026-09-16
FC000437,F187,fat_g_100g,18.9,https://i.fnri.dost.gov.ph/fct/library/report/3894,2026-09-16
FC000437,F187,fiber_g_100g,0.0,https://i.fnri.dost.gov.ph/fct/library/report/3894,2026-09-16
FC000437,F187,sugar_g_100g,0.0,https://i.fnri.dost.gov.ph/fct/library/report/3894,2026-09-16
FC000437,F187,sodium_mg_100g,57,https://i.fnri.dost.gov.ph/fct/library/report/3894,2026-09-16
FC000437,F187,cholesterol_mg_100g,-,https://i.fnri.dost.gov.ph/fct/library/report/3894,2026-09-16
FC000438,H011,kcal_100g,150,https://i.fnri.dost.gov.ph/fct/library/report/4223,2026-09-16
FC000438,H011,protein_g_100g,11.8,https://i.fnri.dost.gov.ph/fct/library/report/4223,2026-09-16
FC000438,H011,carbs_g_100g,2.2,https://i.fnri.dost.gov.ph/fct/library/report/4223,2026-09-16
FC000438,H011,fat_g_100g,10.4,https://i.fnri.dost.gov.ph/fct/library/report/4223,2026-09-16
FC000438,H011,fiber_g_100g,0.0,https://i.fnri.dost.gov.ph/fct/library/report/4223,2026-09-16
FC000438,H011,sugar_g_100g,0.4,https://i.fnri.dost.gov.ph/fct/library/report/4223,2026-09-16
FC000438,H011,sodium_mg_100g,105,https://i.fnri.dost.gov.ph/fct/library/report/4223,2026-09-16
FC000438,H011,cholesterol_mg_100g,791,https://i.fnri.dost.gov.ph/fct/library/report/4223,2026-09-16
FC000439,H016,kcal_100g,172,https://i.fnri.dost.gov.ph/fct/library/report/4228,2026-09-16
FC000439,H016,protein_g_100g,12.8,https://i.fnri.dost.gov.ph/fct/library/report/4228,2026-09-16
FC000439,H016,carbs_g_100g,2.2,https://i.fnri.dost.gov.ph/fct/library/report/4228,2026-09-16
FC000439,H016,fat_g_100g,12.4,https://i.fnri.dost.gov.ph/fct/library/report/4228,2026-09-16
FC000439,H016,fiber_g_100g,0.0,https://i.fnri.dost.gov.ph/fct/library/report/4228,2026-09-16
FC000439,H016,sugar_g_100g,0.9,https://i.fnri.dost.gov.ph/fct/library/report/4228,2026-09-16
FC000439,H016,sodium_mg_100g,141,https://i.fnri.dost.gov.ph/fct/library/report/4228,2026-09-16
FC000439,H016,cholesterol_mg_100g,726,https://i.fnri.dost.gov.ph/fct/library/report/4228,2026-09-16
FC000440,H020,kcal_100g,198,https://i.fnri.dost.gov.ph/fct/library/report/4232,2026-09-16
FC000440,H020,protein_g_100g,13.6,https://i.fnri.dost.gov.ph/fct/library/report/4232,2026-09-16
FC000440,H020,carbs_g_100g,3.5,https://i.fnri.dost.gov.ph/fct/library/report/4232,2026-09-16
FC000440,H020,fat_g_100g,14.4,https://i.fnri.dost.gov.ph/fct/library/report/4232,2026-09-16
FC000440,H020,fiber_g_100g,0.0,https://i.fnri.dost.gov.ph/fct/library/report/4232,2026-09-16
FC000440,H020,sugar_g_100g,1.0,https://i.fnri.dost.gov.ph/fct/library/report/4232,2026-09-16
FC000440,H020,sodium_mg_100g,211,https://i.fnri.dost.gov.ph/fct/library/report/4232,2026-09-16
FC000440,H020,cholesterol_mg_100g,908,https://i.fnri.dost.gov.ph/fct/library/report/4232,2026-09-16
FC000441,H002,kcal_100g,61,https://i.fnri.dost.gov.ph/fct/library/report/4214,2026-09-16
FC000441,H002,protein_g_100g,12.7,https://i.fnri.dost.gov.ph/fct/library/report/4214,2026-09-16
FC000441,H002,carbs_g_100g,2.0,https://i.fnri.dost.gov.ph/fct/library/report/4214,2026-09-16
FC000441,H002,fat_g_100g,0.2,https://i.fnri.dost.gov.ph/fct/library/report/4214,2026-09-16
FC000441,H002,fiber_g_100g,0.0,https://i.fnri.dost.gov.ph/fct/library/report/4214,2026-09-16
FC000441,H002,sugar_g_100g,0.9,https://i.fnri.dost.gov.ph/fct/library/report/4214,2026-09-16
FC000441,H002,sodium_mg_100g,240,https://i.fnri.dost.gov.ph/fct/library/report/4214,2026-09-16
FC000441,H002,cholesterol_mg_100g,0,https://i.fnri.dost.gov.ph/fct/library/report/4214,2026-09-16
FC000442,H005,kcal_100g,316,https://i.fnri.dost.gov.ph/fct/library/report/4217,2026-09-16
FC000442,H005,protein_g_100g,14.3,https://i.fnri.dost.gov.ph/fct/library/report/4217,2026-09-16
FC000442,H005,carbs_g_100g,3.9,https://i.fnri.dost.gov.ph/fct/library/report/4217,2026-09-16
FC000442,H005,fat_g_100g,27.0,https://i.fnri.dost.gov.ph/fct/library/report/4217,2026-09-16
FC000442,H005,fiber_g_100g,0.0,https://i.fnri.dost.gov.ph/fct/library/report/4217,2026-09-16
FC000442,H005,sugar_g_100g,0.5,https://i.fnri.dost.gov.ph/fct/library/report/4217,2026-09-16
FC000442,H005,sodium_mg_100g,108,https://i.fnri.dost.gov.ph/fct/library/report/4217,2026-09-16
FC000442,H005,cholesterol_mg_100g,1104,https://i.fnri.dost.gov.ph/fct/library/report/4217,2026-09-16
FC000443,H010,kcal_100g,153,https://i.fnri.dost.gov.ph/fct/library/report/4222,2026-09-16
FC000443,H010,protein_g_100g,11.8,https://i.fnri.dost.gov.ph/fct/library/report/4222,2026-09-16
FC000443,H010,carbs_g_100g,2.7,https://i.fnri.dost.gov.ph/fct/library/report/4222,2026-09-16
FC000443,H010,fat_g_100g,10.6,https://i.fnri.dost.gov.ph/fct/library/report/4222,2026-09-16
FC000443,H010,fiber_g_100g,0.0,https://i.fnri.dost.gov.ph/fct/library/report/4222,2026-09-16
FC000443,H010,sugar_g_100g,0.4,https://i.fnri.dost.gov.ph/fct/library/report/4222,2026-09-16
FC000443,H010,sodium_mg_100g,143,https://i.fnri.dost.gov.ph/fct/library/report/4222,2026-09-16
FC000443,H010,cholesterol_mg_100g,807,https://i.fnri.dost.gov.ph/fct/library/report/4222,2026-09-16
FC000444,H015,kcal_100g,215,https://i.fnri.dost.gov.ph/fct/library/report/4227,2026-09-16
FC000444,H015,protein_g_100g,12.5,https://i.fnri.dost.gov.ph/fct/library/report/4227,2026-09-16
FC000444,H015,carbs_g_100g,15.1,https://i.fnri.dost.gov.ph/fct/library/report/4227,2026-09-16
FC000444,H015,fat_g_100g,11.6,https://i.fnri.dost.gov.ph/fct/library/report/4227,2026-09-16
FC000444,H015,fiber_g_100g,0.0,https://i.fnri.dost.gov.ph/fct/library/report/4227,2026-09-16
FC000444,H015,sugar_g_100g,5.9,https://i.fnri.dost.gov.ph/fct/library/report/4227,2026-09-16
FC000444,H015,sodium_mg_100g,385,https://i.fnri.dost.gov.ph/fct/library/report/4227,2026-09-16
FC000444,H015,cholesterol_mg_100g,659,https://i.fnri.dost.gov.ph/fct/library/report/4227,2026-09-16
FC000445,H021,kcal_100g,192,https://i.fnri.dost.gov.ph/fct/library/report/4233,2026-09-16
FC000445,H021,protein_g_100g,13.6,https://i.fnri.dost.gov.ph/fct/library/report/4233,2026-09-16
FC000445,H021,carbs_g_100g,4.4,https://i.fnri.dost.gov.ph/fct/library/report/4233,2026-09-16
FC000445,H021,fat_g_100g,13.3,https://i.fnri.dost.gov.ph/fct/library/report/4233,2026-09-16
FC000445,H021,fiber_g_100g,0.0,https://i.fnri.dost.gov.ph/fct/library/report/4233,2026-09-16
FC000445,H021,sugar_g_100g,1.5,https://i.fnri.dost.gov.ph/fct/library/report/4233,2026-09-16
FC000445,H021,sodium_mg_100g,483,https://i.fnri.dost.gov.ph/fct/library/report/4233,2026-09-16
FC000445,H021,cholesterol_mg_100g,678,https://i.fnri.dost.gov.ph/fct/library/report/4233,2026-09-16
FC000446,H006,kcal_100g,56,https://i.fnri.dost.gov.ph/fct/library/report/4218,2026-09-16
FC000446,H006,protein_g_100g,13.8,https://i.fnri.dost.gov.ph/fct/library/report/4218,2026-09-16
FC000446,H006,carbs_g_100g,0.0,https://i.fnri.dost.gov.ph/fct/library/report/4218,2026-09-16
FC000446,H006,fat_g_100g,0.1,https://i.fnri.dost.gov.ph/fct/library/report/4218,2026-09-16
FC000446,H006,fiber_g_100g,0.0,https://i.fnri.dost.gov.ph/fct/library/report/4218,2026-09-16
FC000446,H006,sugar_g_100g,0.0,https://i.fnri.dost.gov.ph/fct/library/report/4218,2026-09-16
FC000446,H006,sodium_mg_100g,228,https://i.fnri.dost.gov.ph/fct/library/report/4218,2026-09-16
FC000446,H006,cholesterol_mg_100g,0,https://i.fnri.dost.gov.ph/fct/library/report/4218,2026-09-16
FC000447,H008,kcal_100g,357,https://i.fnri.dost.gov.ph/fct/library/report/4220,2026-09-16
FC000447,H008,protein_g_100g,16.4,https://i.fnri.dost.gov.ph/fct/library/report/4220,2026-09-16
FC000447,H008,carbs_g_100g,3.1,https://i.fnri.dost.gov.ph/fct/library/report/4220,2026-09-16
FC000447,H008,fat_g_100g,31.0,https://i.fnri.dost.gov.ph/fct/library/report/4220,2026-09-16
FC000447,H008,fiber_g_100g,0.0,https://i.fnri.dost.gov.ph/fct/library/report/4220,2026-09-16
FC000447,H008,sugar_g_100g,0.6,https://i.fnri.dost.gov.ph/fct/library/report/4220,2026-09-16
FC000447,H008,sodium_mg_100g,105,https://i.fnri.dost.gov.ph/fct/library/report/4220,2026-09-16
FC000447,H008,cholesterol_mg_100g,1445,https://i.fnri.dost.gov.ph/fct/library/report/4220,2026-09-16
FC000448,G022,kcal_100g,74,https://i.fnri.dost.gov.ph/fct/library/report/4002,2026-09-16
FC000448,G022,protein_g_100g,10.5,https://i.fnri.dost.gov.ph/fct/library/report/4002,2026-09-16
FC000448,G022,carbs_g_100g,5.4,https://i.fnri.dost.gov.ph/fct/library/report/4002,2026-09-16
FC000448,G022,fat_g_100g,1.1,https://i.fnri.dost.gov.ph/fct/library/report/4002,2026-09-16
FC000448,G022,fiber_g_100g,0.0,https://i.fnri.dost.gov.ph/fct/library/report/4002,2026-09-16
FC000448,G022,sugar_g_100g,0.0,https://i.fnri.dost.gov.ph/fct/library/report/4002,2026-09-16
FC000448,G022,sodium_mg_100g,-,https://i.fnri.dost.gov.ph/fct/library/report/4002,2026-09-16
FC000448,G022,cholesterol_mg_100g,38,https://i.fnri.dost.gov.ph/fct/library/report/4002,2026-09-16
FC000449,G038,kcal_100g,98,https://i.fnri.dost.gov.ph/fct/library/report/4018,2026-09-16
FC000449,G038,protein_g_100g,19.4,https://i.fnri.dost.gov.ph/fct/library/report/4018,2026-09-16
FC000449,G038,carbs_g_100g,3.1,https://i.fnri.dost.gov.ph/fct/library/report/4018,2026-09-16
FC000449,G038,fat_g_100g,0.9,https://i.fnri.dost.gov.ph/fct/library/report/4018,2026-09-16
FC000449,G038,fiber_g_100g,0.0,https://i.fnri.dost.gov.ph/fct/library/report/4018,2026-09-16
FC000449,G038,sugar_g_100g,0.0,https://i.fnri.dost.gov.ph/fct/library/report/4018,2026-09-16
FC000449,G038,sodium_mg_100g,494,https://i.fnri.dost.gov.ph/fct/library/report/4018,2026-09-16
FC000449,G038,cholesterol_mg_100g,118,https://i.fnri.dost.gov.ph/fct/library/report/4018,2026-09-16
FC000450,G041,kcal_100g,88,https://i.fnri.dost.gov.ph/fct/library/report/4021,2026-09-16
FC000450,G041,protein_g_100g,17.6,https://i.fnri.dost.gov.ph/fct/library/report/4021,2026-09-16
FC000450,G041,carbs_g_100g,0.0,https://i.fnri.dost.gov.ph/fct/library/report/4021,2026-09-16
FC000450,G041,fat_g_100g,1.9,https://i.fnri.dost.gov.ph/fct/library/report/4021,2026-09-16
FC000450,G041,fiber_g_100g,0.0,https://i.fnri.dost.gov.ph/fct/library/report/4021,2026-09-16
FC000450,G041,sugar_g_100g,0.0,https://i.fnri.dost.gov.ph/fct/library/report/4021,2026-09-16
FC000450,G041,sodium_mg_100g,326,https://i.fnri.dost.gov.ph/fct/library/report/4021,2026-09-16
FC000450,G041,cholesterol_mg_100g,-,https://i.fnri.dost.gov.ph/fct/library/report/4021,2026-09-16
FC000451,G071,kcal_100g,221,https://i.fnri.dost.gov.ph/fct/library/report/4051,2026-09-16
FC000451,G071,protein_g_100g,21.6,https://i.fnri.dost.gov.ph/fct/library/report/4051,2026-09-16
FC000451,G071,carbs_g_100g,0.0,https://i.fnri.dost.gov.ph/fct/library/report/4051,2026-09-16
FC000451,G071,fat_g_100g,14.9,https://i.fnri.dost.gov.ph/fct/library/report/4051,2026-09-16
FC000451,G071,fiber_g_100g,0.0,https://i.fnri.dost.gov.ph/fct/library/report/4051,2026-09-16
FC000451,G071,sugar_g_100g,0.0,https://i.fnri.dost.gov.ph/fct/library/report/4051,2026-09-16
FC000451,G071,sodium_mg_100g,117,https://i.fnri.dost.gov.ph/fct/library/report/4051,2026-09-16
FC000451,G071,cholesterol_mg_100g,-,https://i.fnri.dost.gov.ph/fct/library/report/4051,2026-09-16
FC000452,G076,kcal_100g,188,https://i.fnri.dost.gov.ph/fct/library/report/4056,2026-09-16
FC000452,G076,protein_g_100g,23.6,https://i.fnri.dost.gov.ph/fct/library/report/4056,2026-09-16
FC000452,G076,carbs_g_100g,0.0,https://i.fnri.dost.gov.ph/fct/library/report/4056,2026-09-16
FC000452,G076,fat_g_100g,10.4,https://i.fnri.dost.gov.ph/fct/library/report/4056,2026-09-16
FC000452,G076,fiber_g_100g,0.0,https://i.fnri.dost.gov.ph/fct/library/report/4056,2026-09-16
FC000452,G076,sugar_g_100g,0.0,https://i.fnri.dost.gov.ph/fct/library/report/4056,2026-09-16
FC000452,G076,sodium_mg_100g,106,https://i.fnri.dost.gov.ph/fct/library/report/4056,2026-09-16
FC000452,G076,cholesterol_mg_100g,-,https://i.fnri.dost.gov.ph/fct/library/report/4056,2026-09-16
FC000453,G086,kcal_100g,33,https://i.fnri.dost.gov.ph/fct/library/report/4066,2026-09-16
FC000453,G086,protein_g_100g,3.1,https://i.fnri.dost.gov.ph/fct/library/report/4066,2026-09-16
FC000453,G086,carbs_g_100g,4.3,https://i.fnri.dost.gov.ph/fct/library/report/4066,2026-09-16
FC000453,G086,fat_g_100g,0.4,https://i.fnri.dost.gov.ph/fct/library/report/4066,2026-09-16
FC000453,G086,fiber_g_100g,0.0,https://i.fnri.dost.gov.ph/fct/library/report/4066,2026-09-16
FC000453,G086,sugar_g_100g,0.0,https://i.fnri.dost.gov.ph/fct/library/report/4066,2026-09-16
FC000453,G086,sodium_mg_100g,92,https://i.fnri.dost.gov.ph/fct/library/report/4066,2026-09-16
FC000453,G086,cholesterol_mg_100g,-,https://i.fnri.dost.gov.ph/fct/library/report/4066,2026-09-16
FC000454,G114,kcal_100g,104,https://i.fnri.dost.gov.ph/fct/library/report/4094,2026-09-16
FC000454,G114,protein_g_100g,11.2,https://i.fnri.dost.gov.ph/fct/library/report/4094,2026-09-16
FC000454,G114,carbs_g_100g,14.0,https://i.fnri.dost.gov.ph/fct/library/report/4094,2026-09-16
FC000454,G114,fat_g_100g,0.4,https://i.fnri.dost.gov.ph/fct/library/report/4094,2026-09-16
FC000454,G114,fiber_g_100g,0.0,https://i.fnri.dost.gov.ph/fct/library/report/4094,2026-09-16
FC000454,G114,sugar_g_100g,0.0,https://i.fnri.dost.gov.ph/fct/library/report/4094,2026-09-16
FC000454,G114,sodium_mg_100g,113,https://i.fnri.dost.gov.ph/fct/library/report/4094,2026-09-16
FC000454,G114,cholesterol_mg_100g,-,https://i.fnri.dost.gov.ph/fct/library/report/4094,2026-09-16
FC000455,G120,kcal_100g,84,https://i.fnri.dost.gov.ph/fct/library/report/4100,2026-09-16
FC000455,G120,protein_g_100g,18.2,https://i.fnri.dost.gov.ph/fct/library/report/4100,2026-09-16
FC000455,G120,carbs_g_100g,1.9,https://i.fnri.dost.gov.ph/fct/library/report/4100,2026-09-16
FC000455,G120,fat_g_100g,0.4,https://i.fnri.dost.gov.ph/fct/library/report/4100,2026-09-16
FC000455,G120,fiber_g_100g,0.0,https://i.fnri.dost.gov.ph/fct/library/report/4100,2026-09-16
FC000455,G120,sugar_g_100g,0.0,https://i.fnri.dost.gov.ph/fct/library/report/4100,2026-09-16
FC000455,G120,sodium_mg_100g,94,https://i.fnri.dost.gov.ph/fct/library/report/4100,2026-09-16
FC000455,G120,cholesterol_mg_100g,-,https://i.fnri.dost.gov.ph/fct/library/report/4100,2026-09-16
FC000456,G132,kcal_100g,80,https://i.fnri.dost.gov.ph/fct/library/report/4112,2026-09-16
FC000456,G132,protein_g_100g,17.4,https://i.fnri.dost.gov.ph/fct/library/report/4112,2026-09-16
FC000456,G132,carbs_g_100g,0.0,https://i.fnri.dost.gov.ph/fct/library/report/4112,2026-09-16
FC000456,G132,fat_g_100g,1.2,https://i.fnri.dost.gov.ph/fct/library/report/4112,2026-09-16
FC000456,G132,fiber_g_100g,0.0,https://i.fnri.dost.gov.ph/fct/library/report/4112,2026-09-16
FC000456,G132,sugar_g_100g,0.0,https://i.fnri.dost.gov.ph/fct/library/report/4112,2026-09-16
FC000456,G132,sodium_mg_100g,40,https://i.fnri.dost.gov.ph/fct/library/report/4112,2026-09-16
FC000456,G132,cholesterol_mg_100g,-,https://i.fnri.dost.gov.ph/fct/library/report/4112,2026-09-16
FC000457,G162,kcal_100g,266,https://i.fnri.dost.gov.ph/fct/library/report/4142,2026-09-16
FC000457,G162,protein_g_100g,10.3,https://i.fnri.dost.gov.ph/fct/library/report/4142,2026-09-16
FC000457,G162,carbs_g_100g,33.3,https://i.fnri.dost.gov.ph/fct/library/report/4142,2026-09-16
FC000457,G162,fat_g_100g,10.2,https://i.fnri.dost.gov.ph/fct/library/report/4142,2026-09-16
FC000457,G162,fiber_g_100g,0.0,https://i.fnri.dost.gov.ph/fct/library/report/4142,2026-09-16
FC000457,G162,sugar_g_100g,0.8,https://i.fnri.dost.gov.ph/fct/library/report/4142,2026-09-16
FC000457,G162,sodium_mg_100g,1723,https://i.fnri.dost.gov.ph/fct/library/report/4142,2026-09-16
FC000457,G162,cholesterol_mg_100g,42,https://i.fnri.dost.gov.ph/fct/library/report/4142,2026-09-16
FC000458,G013,kcal_100g,80,https://i.fnri.dost.gov.ph/fct/library/report/3993,2026-09-16
FC000458,G013,protein_g_100g,18.7,https://i.fnri.dost.gov.ph/fct/library/report/3993,2026-09-16
FC000458,G013,carbs_g_100g,0.0,https://i.fnri.dost.gov.ph/fct/library/report/3993,2026-09-16
FC000458,G013,fat_g_100g,0.6,https://i.fnri.dost.gov.ph/fct/library/report/3993,2026-09-16
FC000458,G013,fiber_g_100g,0.0,https://i.fnri.dost.gov.ph/fct/library/report/3993,2026-09-16
FC000458,G013,sugar_g_100g,0.0,https://i.fnri.dost.gov.ph/fct/library/report/3993,2026-09-16
FC000458,G013,sodium_mg_100g,63,https://i.fnri.dost.gov.ph/fct/library/report/3993,2026-09-16
FC000458,G013,cholesterol_mg_100g,35,https://i.fnri.dost.gov.ph/fct/library/report/3993,2026-09-16
FC000459,G014,kcal_100g,86,https://i.fnri.dost.gov.ph/fct/library/report/3994,2026-09-16
FC000459,G014,protein_g_100g,18.2,https://i.fnri.dost.gov.ph/fct/library/report/3994,2026-09-16
FC000459,G014,carbs_g_100g,0.0,https://i.fnri.dost.gov.ph/fct/library/report/3994,2026-09-16
FC000459,G014,fat_g_100g,1.5,https://i.fnri.dost.gov.ph/fct/library/report/3994,2026-09-16
FC000459,G014,fiber_g_100g,0.0,https://i.fnri.dost.gov.ph/fct/library/report/3994,2026-09-16
FC000459,G014,sugar_g_100g,0.0,https://i.fnri.dost.gov.ph/fct/library/report/3994,2026-09-16
FC000459,G014,sodium_mg_100g,98,https://i.fnri.dost.gov.ph/fct/library/report/3994,2026-09-16
FC000459,G014,cholesterol_mg_100g,31,https://i.fnri.dost.gov.ph/fct/library/report/3994,2026-09-16
FC000460,G021,kcal_100g,47,https://i.fnri.dost.gov.ph/fct/library/report/4001,2026-09-16
FC000460,G021,protein_g_100g,6.7,https://i.fnri.dost.gov.ph/fct/library/report/4001,2026-09-16
FC000460,G021,carbs_g_100g,3.5,https://i.fnri.dost.gov.ph/fct/library/report/4001,2026-09-16
FC000460,G021,fat_g_100g,0.7,https://i.fnri.dost.gov.ph/fct/library/report/4001,2026-09-16
FC000460,G021,fiber_g_100g,0.0,https://i.fnri.dost.gov.ph/fct/library/report/4001,2026-09-16
FC000460,G021,sugar_g_100g,0.0,https://i.fnri.dost.gov.ph/fct/library/report/4001,2026-09-16
FC000460,G021,sodium_mg_100g,645,https://i.fnri.dost.gov.ph/fct/library/report/4001,2026-09-16
FC000460,G021,cholesterol_mg_100g,22,https://i.fnri.dost.gov.ph/fct/library/report/4001,2026-09-16
FC000461,G063,kcal_100g,63,https://i.fnri.dost.gov.ph/fct/library/report/4043,2026-09-16
FC000461,G063,protein_g_100g,14.9,https://i.fnri.dost.gov.ph/fct/library/report/4043,2026-09-16
FC000461,G063,carbs_g_100g,0.0,https://i.fnri.dost.gov.ph/fct/library/report/4043,2026-09-16
FC000461,G063,fat_g_100g,0.4,https://i.fnri.dost.gov.ph/fct/library/report/4043,2026-09-16
FC000461,G063,fiber_g_100g,0.0,https://i.fnri.dost.gov.ph/fct/library/report/4043,2026-09-16
FC000461,G063,sugar_g_100g,0.0,https://i.fnri.dost.gov.ph/fct/library/report/4043,2026-09-16
FC000461,G063,sodium_mg_100g,129,https://i.fnri.dost.gov.ph/fct/library/report/4043,2026-09-16
FC000461,G063,cholesterol_mg_100g,-,https://i.fnri.dost.gov.ph/fct/library/report/4043,2026-09-16
FC000462,G070,kcal_100g,108,https://i.fnri.dost.gov.ph/fct/library/report/4050,2026-09-16
FC000462,G070,protein_g_100g,21.6,https://i.fnri.dost.gov.ph/fct/library/report/4050,2026-09-16
FC000462,G070,carbs_g_100g,0.0,https://i.fnri.dost.gov.ph/fct/library/report/4050,2026-09-16
FC000462,G070,fat_g_100g,2.4,https://i.fnri.dost.gov.ph/fct/library/report/4050,2026-09-16
FC000462,G070,fiber_g_100g,0.0,https://i.fnri.dost.gov.ph/fct/library/report/4050,2026-09-16
FC000462,G070,sugar_g_100g,0.0,https://i.fnri.dost.gov.ph/fct/library/report/4050,2026-09-16
FC000462,G070,sodium_mg_100g,172,https://i.fnri.dost.gov.ph/fct/library/report/4050,2026-09-16
FC000462,G070,cholesterol_mg_100g,-,https://i.fnri.dost.gov.ph/fct/library/report/4050,2026-09-16
FC000463,G072,kcal_100g,80,https://i.fnri.dost.gov.ph/fct/library/report/4052,2026-09-16
FC000463,G072,protein_g_100g,17.6,https://i.fnri.dost.gov.ph/fct/library/report/4052,2026-09-16
FC000463,G072,carbs_g_100g,0.0,https://i.fnri.dost.gov.ph/fct/library/report/4052,2026-09-16
FC000463,G072,fat_g_100g,1.1,https://i.fnri.dost.gov.ph/fct/library/report/4052,2026-09-16
FC000463,G072,fiber_g_100g,0.0,https://i.fnri.dost.gov.ph/fct/library/report/4052,2026-09-16
FC000463,G072,sugar_g_100g,0.0,https://i.fnri.dost.gov.ph/fct/library/report/4052,2026-09-16
FC000463,G072,sodium_mg_100g,49,https://i.fnri.dost.gov.ph/fct/library/report/4052,2026-09-16
FC000463,G072,cholesterol_mg_100g,-,https://i.fnri.dost.gov.ph/fct/library/report/4052,2026-09-16
FC000464,G089,kcal_100g,60,https://i.fnri.dost.gov.ph/fct/library/report/4069,2026-09-16
FC000464,G089,protein_g_100g,5.9,https://i.fnri.dost.gov.ph/fct/library/report/4069,2026-09-16
FC000464,G089,carbs_g_100g,5.2,https://i.fnri.dost.gov.ph/fct/library/report/4069,2026-09-16
FC000464,G089,fat_g_100g,1.7,https://i.fnri.dost.gov.ph/fct/library/report/4069,2026-09-16
FC000464,G089,fiber_g_100g,0.0,https://i.fnri.dost.gov.ph/fct/library/report/4069,2026-09-16
FC000464,G089,sugar_g_100g,0.0,https://i.fnri.dost.gov.ph/fct/library/report/4069,2026-09-16
FC000464,G089,sodium_mg_100g,882,https://i.fnri.dost.gov.ph/fct/library/report/4069,2026-09-16
FC000464,G089,cholesterol_mg_100g,35,https://i.fnri.dost.gov.ph/fct/library/report/4069,2026-09-16
FC000465,G098,kcal_100g,64,https://i.fnri.dost.gov.ph/fct/library/report/4078,2026-09-16
FC000465,G098,protein_g_100g,15.6,https://i.fnri.dost.gov.ph/fct/library/report/4078,2026-09-16
FC000465,G098,carbs_g_100g,0.0,https://i.fnri.dost.gov.ph/fct/library/report/4078,2026-09-16
FC000465,G098,fat_g_100g,0.2,https://i.fnri.dost.gov.ph/fct/library/report/4078,2026-09-16
FC000465,G098,fiber_g_100g,0.0,https://i.fnri.dost.gov.ph/fct/library/report/4078,2026-09-16
FC000465,G098,sugar_g_100g,0.0,https://i.fnri.dost.gov.ph/fct/library/report/4078,2026-09-16
FC000465,G098,sodium_mg_100g,79,https://i.fnri.dost.gov.ph/fct/library/report/4078,2026-09-16
FC000465,G098,cholesterol_mg_100g,-,https://i.fnri.dost.gov.ph/fct/library/report/4078,2026-09-16
FC000466,G100,kcal_100g,114,https://i.fnri.dost.gov.ph/fct/library/report/4080,2026-09-16
FC000466,G100,protein_g_100g,19.3,https://i.fnri.dost.gov.ph/fct/library/report/4080,2026-09-16
FC000466,G100,carbs_g_100g,0.0,https://i.fnri.dost.gov.ph/fct/library/report/4080,2026-09-16
FC000466,G100,fat_g_100g,4.1,https://i.fnri.dost.gov.ph/fct/library/report/4080,2026-09-16
FC000466,G100,fiber_g_100g,0.0,https://i.fnri.dost.gov.ph/fct/library/report/4080,2026-09-16
FC000466,G100,sugar_g_100g,0.0,https://i.fnri.dost.gov.ph/fct/library/report/4080,2026-09-16
FC000466,G100,sodium_mg_100g,65,https://i.fnri.dost.gov.ph/fct/library/report/4080,2026-09-16
FC000466,G100,cholesterol_mg_100g,48,https://i.fnri.dost.gov.ph/fct/library/report/4080,2026-09-16
FC000467,G104,kcal_100g,105,https://i.fnri.dost.gov.ph/fct/library/report/4084,2026-09-16
FC000467,G104,protein_g_100g,20.8,https://i.fnri.dost.gov.ph/fct/library/report/4084,2026-09-16
FC000467,G104,carbs_g_100g,0.0,https://i.fnri.dost.gov.ph/fct/library/report/4084,2026-09-16
FC000467,G104,fat_g_100g,2.4,https://i.fnri.dost.gov.ph/fct/library/report/4084,2026-09-16
FC000467,G104,fiber_g_100g,0.0,https://i.fnri.dost.gov.ph/fct/library/report/4084,2026-09-16
FC000467,G104,sugar_g_100g,0.0,https://i.fnri.dost.gov.ph/fct/library/report/4084,2026-09-16
FC000467,G104,sodium_mg_100g,62,https://i.fnri.dost.gov.ph/fct/library/report/4084,2026-09-16
FC000467,G104,cholesterol_mg_100g,38,https://i.fnri.dost.gov.ph/fct/library/report/4084,2026-09-16
FC000468,G106,kcal_100g,75,https://i.fnri.dost.gov.ph/fct/library/report/4086,2026-09-16
FC000468,G106,protein_g_100g,17.8,https://i.fnri.dost.gov.ph/fct/library/report/4086,2026-09-16
FC000468,G106,carbs_g_100g,0.0,https://i.fnri.dost.gov.ph/fct/library/report/4086,2026-09-16
FC000468,G106,fat_g_100g,0.4,https://i.fnri.dost.gov.ph/fct/library/report/4086,2026-09-16
FC000468,G106,fiber_g_100g,0.0,https://i.fnri.dost.gov.ph/fct/library/report/4086,2026-09-16
FC000468,G106,sugar_g_100g,0.0,https://i.fnri.dost.gov.ph/fct/library/report/4086,2026-09-16
FC000468,G106,sodium_mg_100g,69,https://i.fnri.dost.gov.ph/fct/library/report/4086,2026-09-16
FC000468,G106,cholesterol_mg_100g,-,https://i.fnri.dost.gov.ph/fct/library/report/4086,2026-09-16
FC000469,G115,kcal_100g,93,https://i.fnri.dost.gov.ph/fct/library/report/4095,2026-09-16
FC000469,G115,protein_g_100g,19.4,https://i.fnri.dost.gov.ph/fct/library/report/4095,2026-09-16
FC000469,G115,carbs_g_100g,0.0,https://i.fnri.dost.gov.ph/fct/library/report/4095,2026-09-16
FC000469,G115,fat_g_100g,1.7,https://i.fnri.dost.gov.ph/fct/library/report/4095,2026-09-16
FC000469,G115,fiber_g_100g,0.0,https://i.fnri.dost.gov.ph/fct/library/report/4095,2026-09-16
FC000469,G115,sugar_g_100g,0.0,https://i.fnri.dost.gov.ph/fct/library/report/4095,2026-09-16
FC000469,G115,sodium_mg_100g,235,https://i.fnri.dost.gov.ph/fct/library/report/4095,2026-09-16
FC000469,G115,cholesterol_mg_100g,-,https://i.fnri.dost.gov.ph/fct/library/report/4095,2026-09-16
FC000470,G146,kcal_100g,119,https://i.fnri.dost.gov.ph/fct/library/report/4126,2026-09-16
FC000470,G146,protein_g_100g,24.0,https://i.fnri.dost.gov.ph/fct/library/report/4126,2026-09-16
FC000470,G146,carbs_g_100g,0.0,https://i.fnri.dost.gov.ph/fct/library/report/4126,2026-09-16
FC000470,G146,fat_g_100g,2.6,https://i.fnri.dost.gov.ph/fct/library/report/4126,2026-09-16
FC000470,G146,fiber_g_100g,0.0,https://i.fnri.dost.gov.ph/fct/library/report/4126,2026-09-16
FC000470,G146,sugar_g_100g,0.0,https://i.fnri.dost.gov.ph/fct/library/report/4126,2026-09-16
FC000470,G146,sodium_mg_100g,73,https://i.fnri.dost.gov.ph/fct/library/report/4126,2026-09-16
FC000470,G146,cholesterol_mg_100g,-,https://i.fnri.dost.gov.ph/fct/library/report/4126,2026-09-16
FC000471,G161,kcal_100g,121,https://i.fnri.dost.gov.ph/fct/library/report/4141,2026-09-16
FC000471,G161,protein_g_100g,8.6,https://i.fnri.dost.gov.ph/fct/library/report/4141,2026-09-16
FC000471,G161,carbs_g_100g,20.6,https://i.fnri.dost.gov.ph/fct/library/report/4141,2026-09-16
FC000471,G161,fat_g_100g,0.5,https://i.fnri.dost.gov.ph/fct/library/report/4141,2026-09-16
FC000471,G161,fiber_g_100g,0.0,https://i.fnri.dost.gov.ph/fct/library/report/4141,2026-09-16
FC000471,G161,sugar_g_100g,1.8,https://i.fnri.dost.gov.ph/fct/library/report/4141,2026-09-16
FC000471,G161,sodium_mg_100g,898,https://i.fnri.dost.gov.ph/fct/library/report/4141,2026-09-16
FC000471,G161,cholesterol_mg_100g,-,https://i.fnri.dost.gov.ph/fct/library/report/4141,2026-09-16
FC000472,G163,kcal_100g,129,https://i.fnri.dost.gov.ph/fct/library/report/4143,2026-09-16
FC000472,G163,protein_g_100g,4.2,https://i.fnri.dost.gov.ph/fct/library/report/4143,2026-09-16
FC000472,G163,carbs_g_100g,23.4,https://i.fnri.dost.gov.ph/fct/library/report/4143,2026-09-16
FC000472,G163,fat_g_100g,2.1,https://i.fnri.dost.gov.ph/fct/library/report/4143,2026-09-16
FC000472,G163,fiber_g_100g,-,https://i.fnri.dost.gov.ph/fct/library/report/4143,2026-09-16
FC000472,G163,sugar_g_100g,-,https://i.fnri.dost.gov.ph/fct/library/report/4143,2026-09-16
FC000472,G163,sodium_mg_100g,-,https://i.fnri.dost.gov.ph/fct/library/report/4143,2026-09-16
FC000472,G163,cholesterol_mg_100g,-,https://i.fnri.dost.gov.ph/fct/library/report/4143,2026-09-16
FC000473,G183,kcal_100g,212,https://i.fnri.dost.gov.ph/fct/library/report/4163,2026-09-16
FC000473,G183,protein_g_100g,27.2,https://i.fnri.dost.gov.ph/fct/library/report/4163,2026-09-16
FC000473,G183,carbs_g_100g,0.0,https://i.fnri.dost.gov.ph/fct/library/report/4163,2026-09-16
FC000473,G183,fat_g_100g,11.5,https://i.fnri.dost.gov.ph/fct/library/report/4163,2026-09-16
FC000473,G183,fiber_g_100g,0.0,https://i.fnri.dost.gov.ph/fct/library/report/4163,2026-09-16
FC000473,G183,sugar_g_100g,0.0,https://i.fnri.dost.gov.ph/fct/library/report/4163,2026-09-16
FC000473,G183,sodium_mg_100g,1446,https://i.fnri.dost.gov.ph/fct/library/report/4163,2026-09-16
FC000473,G183,cholesterol_mg_100g,89,https://i.fnri.dost.gov.ph/fct/library/report/4163,2026-09-16
FC000474,G207,kcal_100g,199,https://i.fnri.dost.gov.ph/fct/library/report/4187,2026-09-16
FC000474,G207,protein_g_100g,41.1,https://i.fnri.dost.gov.ph/fct/library/report/4187,2026-09-16
FC000474,G207,carbs_g_100g,0.0,https://i.fnri.dost.gov.ph/fct/library/report/4187,2026-09-16
FC000474,G207,fat_g_100g,3.8,https://i.fnri.dost.gov.ph/fct/library/report/4187,2026-09-16
FC000474,G207,fiber_g_100g,0.0,https://i.fnri.dost.gov.ph/fct/library/report/4187,2026-09-16
FC000474,G207,sugar_g_100g,0.0,https://i.fnri.dost.gov.ph/fct/library/report/4187,2026-09-16
FC000474,G207,sodium_mg_100g,6751,https://i.fnri.dost.gov.ph/fct/library/report/4187,2026-09-16
FC000474,G207,cholesterol_mg_100g,139,https://i.fnri.dost.gov.ph/fct/library/report/4187,2026-09-16
FC000475,G208,kcal_100g,158,https://i.fnri.dost.gov.ph/fct/library/report/4188,2026-09-16
FC000475,G208,protein_g_100g,31.6,https://i.fnri.dost.gov.ph/fct/library/report/4188,2026-09-16
FC000475,G208,carbs_g_100g,0.0,https://i.fnri.dost.gov.ph/fct/library/report/4188,2026-09-16
FC000475,G208,fat_g_100g,3.5,https://i.fnri.dost.gov.ph/fct/library/report/4188,2026-09-16
FC000475,G208,fiber_g_100g,0.0,https://i.fnri.dost.gov.ph/fct/library/report/4188,2026-09-16
FC000475,G208,sugar_g_100g,0.0,https://i.fnri.dost.gov.ph/fct/library/report/4188,2026-09-16
FC000475,G208,sodium_mg_100g,1478,https://i.fnri.dost.gov.ph/fct/library/report/4188,2026-09-16
FC000475,G208,cholesterol_mg_100g,100,https://i.fnri.dost.gov.ph/fct/library/report/4188,2026-09-16
FC000476,G217,kcal_100g,289,https://i.fnri.dost.gov.ph/fct/library/report/4197,2026-09-16
FC000476,G217,protein_g_100g,62.3,https://i.fnri.dost.gov.ph/fct/library/report/4197,2026-09-16
FC000476,G217,carbs_g_100g,0.0,https://i.fnri.dost.gov.ph/fct/library/report/4197,2026-09-16
FC000476,G217,fat_g_100g,4.4,https://i.fnri.dost.gov.ph/fct/library/report/4197,2026-09-16
FC000476,G217,fiber_g_100g,0.0,https://i.fnri.dost.gov.ph/fct/library/report/4197,2026-09-16
FC000476,G217,sugar_g_100g,0.0,https://i.fnri.dost.gov.ph/fct/library/report/4197,2026-09-16
FC000476,G217,sodium_mg_100g,864,https://i.fnri.dost.gov.ph/fct/library/report/4197,2026-09-16
FC000476,G217,cholesterol_mg_100g,-,https://i.fnri.dost.gov.ph/fct/library/report/4197,2026-09-16
FC000477,G222,kcal_100g,313,https://i.fnri.dost.gov.ph/fct/library/report/4202,2026-09-16
FC000477,G222,protein_g_100g,60.6,https://i.fnri.dost.gov.ph/fct/library/report/4202,2026-09-16
FC000477,G222,carbs_g_100g,0.0,https://i.fnri.dost.gov.ph/fct/library/report/4202,2026-09-16
FC000477,G222,fat_g_100g,7.8,https://i.fnri.dost.gov.ph/fct/library/report/4202,2026-09-16
FC000477,G222,fiber_g_100g,0.0,https://i.fnri.dost.gov.ph/fct/library/report/4202,2026-09-16
FC000477,G222,sugar_g_100g,0.0,https://i.fnri.dost.gov.ph/fct/library/report/4202,2026-09-16
FC000477,G222,sodium_mg_100g,10392,https://i.fnri.dost.gov.ph/fct/library/report/4202,2026-09-16
FC000477,G222,cholesterol_mg_100g,87,https://i.fnri.dost.gov.ph/fct/library/report/4202,2026-09-16
FC000478,G226,kcal_100g,95,https://i.fnri.dost.gov.ph/fct/library/report/4206,2026-09-16
FC000478,G226,protein_g_100g,17.9,https://i.fnri.dost.gov.ph/fct/library/report/4206,2026-09-16
FC000478,G226,carbs_g_100g,0.1,https://i.fnri.dost.gov.ph/fct/library/report/4206,2026-09-16
FC000478,G226,fat_g_100g,2.6,https://i.fnri.dost.gov.ph/fct/library/report/4206,2026-09-16
FC000478,G226,fiber_g_100g,0.0,https://i.fnri.dost.gov.ph/fct/library/report/4206,2026-09-16
FC000478,G226,sugar_g_100g,0.0,https://i.fnri.dost.gov.ph/fct/library/report/4206,2026-09-16
FC000478,G226,sodium_mg_100g,316,https://i.fnri.dost.gov.ph/fct/library/report/4206,2026-09-16
FC000478,G226,cholesterol_mg_100g,37,https://i.fnri.dost.gov.ph/fct/library/report/4206,2026-09-16
FC000479,G227,kcal_100g,309,https://i.fnri.dost.gov.ph/fct/library/report/4207,2026-09-16
FC000479,G227,protein_g_100g,15.4,https://i.fnri.dost.gov.ph/fct/library/report/4207,2026-09-16
FC000479,G227,carbs_g_100g,1.7,https://i.fnri.dost.gov.ph/fct/library/report/4207,2026-09-16
FC000479,G227,fat_g_100g,26.7,https://i.fnri.dost.gov.ph/fct/library/report/4207,2026-09-16
FC000479,G227,fiber_g_100g,0.0,https://i.fnri.dost.gov.ph/fct/library/report/4207,2026-09-16
FC000479,G227,sugar_g_100g,0.0,https://i.fnri.dost.gov.ph/fct/library/report/4207,2026-09-16
FC000479,G227,sodium_mg_100g,503,https://i.fnri.dost.gov.ph/fct/library/report/4207,2026-09-16
FC000479,G227,cholesterol_mg_100g,38,https://i.fnri.dost.gov.ph/fct/library/report/4207,2026-09-16
FC000480,G082,kcal_100g,95,https://i.fnri.dost.gov.ph/fct/library/report/4062,2026-09-16
FC000480,G082,protein_g_100g,22.8,https://i.fnri.dost.gov.ph/fct/library/report/4062,2026-09-16
FC000480,G082,carbs_g_100g,0.0,https://i.fnri.dost.gov.ph/fct/library/report/4062,2026-09-16
FC000480,G082,fat_g_100g,0.4,https://i.fnri.dost.gov.ph/fct/library/report/4062,2026-09-16
FC000480,G082,fiber_g_100g,0.0,https://i.fnri.dost.gov.ph/fct/library/report/4062,2026-09-16
FC000480,G082,sugar_g_100g,0.0,https://i.fnri.dost.gov.ph/fct/library/report/4062,2026-09-16
FC000480,G082,sodium_mg_100g,95,https://i.fnri.dost.gov.ph/fct/library/report/4062,2026-09-16
FC000480,G082,cholesterol_mg_100g,-,https://i.fnri.dost.gov.ph/fct/library/report/4062,2026-09-16
FC000481,G081,kcal_100g,99,https://i.fnri.dost.gov.ph/fct/library/report/4061,2026-09-16
FC000481,G081,protein_g_100g,21.2,https://i.fnri.dost.gov.ph/fct/library/report/4061,2026-09-16
FC000481,G081,carbs_g_100g,0.0,https://i.fnri.dost.gov.ph/fct/library/report/4061,2026-09-16
FC000481,G081,fat_g_100g,1.6,https://i.fnri.dost.gov.ph/fct/library/report/4061,2026-09-16
FC000481,G081,fiber_g_100g,0.0,https://i.fnri.dost.gov.ph/fct/library/report/4061,2026-09-16
FC000481,G081,sugar_g_100g,0.0,https://i.fnri.dost.gov.ph/fct/library/report/4061,2026-09-16
FC000481,G081,sodium_mg_100g,88,https://i.fnri.dost.gov.ph/fct/library/report/4061,2026-09-16
FC000481,G081,cholesterol_mg_100g,-,https://i.fnri.dost.gov.ph/fct/library/report/4061,2026-09-16
FC000482,G088,kcal_100g,59,https://i.fnri.dost.gov.ph/fct/library/report/4068,2026-09-16
FC000482,G088,protein_g_100g,13.3,https://i.fnri.dost.gov.ph/fct/library/report/4068,2026-09-16
FC000482,G088,carbs_g_100g,0.0,https://i.fnri.dost.gov.ph/fct/library/report/4068,2026-09-16
FC000482,G088,fat_g_100g,0.6,https://i.fnri.dost.gov.ph/fct/library/report/4068,2026-09-16
FC000482,G088,fiber_g_100g,0.0,https://i.fnri.dost.gov.ph/fct/library/report/4068,2026-09-16
FC000482,G088,sugar_g_100g,0.0,https://i.fnri.dost.gov.ph/fct/library/report/4068,2026-09-16
FC000482,G088,sodium_mg_100g,363,https://i.fnri.dost.gov.ph/fct/library/report/4068,2026-09-16
FC000482,G088,cholesterol_mg_100g,28,https://i.fnri.dost.gov.ph/fct/library/report/4068,2026-09-16
FC000483,G094,kcal_100g,93,https://i.fnri.dost.gov.ph/fct/library/report/4074,2026-09-16
FC000483,G094,protein_g_100g,18.8,https://i.fnri.dost.gov.ph/fct/library/report/4074,2026-09-16
FC000483,G094,carbs_g_100g,0.0,https://i.fnri.dost.gov.ph/fct/library/report/4074,2026-09-16
FC000483,G094,fat_g_100g,2.0,https://i.fnri.dost.gov.ph/fct/library/report/4074,2026-09-16
FC000483,G094,fiber_g_100g,0.0,https://i.fnri.dost.gov.ph/fct/library/report/4074,2026-09-16
FC000483,G094,sugar_g_100g,0.0,https://i.fnri.dost.gov.ph/fct/library/report/4074,2026-09-16
FC000483,G094,sodium_mg_100g,98,https://i.fnri.dost.gov.ph/fct/library/report/4074,2026-09-16
FC000483,G094,cholesterol_mg_100g,21,https://i.fnri.dost.gov.ph/fct/library/report/4074,2026-09-16
FC000484,G136,kcal_100g,113,https://i.fnri.dost.gov.ph/fct/library/report/4116,2026-09-16
FC000484,G136,protein_g_100g,19.2,https://i.fnri.dost.gov.ph/fct/library/report/4116,2026-09-16
FC000484,G136,carbs_g_100g,0.0,https://i.fnri.dost.gov.ph/fct/library/report/4116,2026-09-16
FC000484,G136,fat_g_100g,4.0,https://i.fnri.dost.gov.ph/fct/library/report/4116,2026-09-16
FC000484,G136,fiber_g_100g,0.0,https://i.fnri.dost.gov.ph/fct/library/report/4116,2026-09-16
FC000484,G136,sugar_g_100g,0.0,https://i.fnri.dost.gov.ph/fct/library/report/4116,2026-09-16
FC000484,G136,sodium_mg_100g,75,https://i.fnri.dost.gov.ph/fct/library/report/4116,2026-09-16
FC000484,G136,cholesterol_mg_100g,40,https://i.fnri.dost.gov.ph/fct/library/report/4116,2026-09-16
FC000485,G020,kcal_100g,105,https://i.fnri.dost.gov.ph/fct/library/report/4000,2026-09-16
FC000485,G020,protein_g_100g,8.9,https://i.fnri.dost.gov.ph/fct/library/report/4000,2026-09-16
FC000485,G020,carbs_g_100g,13.0,https://i.fnri.dost.gov.ph/fct/library/report/4000,2026-09-16
FC000485,G020,fat_g_100g,1.9,https://i.fnri.dost.gov.ph/fct/library/report/4000,2026-09-16
FC000485,G020,fiber_g_100g,0.0,https://i.fnri.dost.gov.ph/fct/library/report/4000,2026-09-16
FC000485,G020,sugar_g_100g,0.0,https://i.fnri.dost.gov.ph/fct/library/report/4000,2026-09-16
FC000485,G020,sodium_mg_100g,74,https://i.fnri.dost.gov.ph/fct/library/report/4000,2026-09-16
FC000485,G020,cholesterol_mg_100g,65,https://i.fnri.dost.gov.ph/fct/library/report/4000,2026-09-16
FC000486,G024,kcal_100g,47,https://i.fnri.dost.gov.ph/fct/library/report/4004,2026-09-16
FC000486,G024,protein_g_100g,6.4,https://i.fnri.dost.gov.ph/fct/library/report/4004,2026-09-16
FC000486,G024,carbs_g_100g,4.1,https://i.fnri.dost.gov.ph/fct/library/report/4004,2026-09-16
FC000486,G024,fat_g_100g,0.6,https://i.fnri.dost.gov.ph/fct/library/report/4004,2026-09-16
FC000486,G024,fiber_g_100g,0.0,https://i.fnri.dost.gov.ph/fct/library/report/4004,2026-09-16
FC000486,G024,sugar_g_100g,0.0,https://i.fnri.dost.gov.ph/fct/library/report/4004,2026-09-16
FC000486,G024,sodium_mg_100g,-,https://i.fnri.dost.gov.ph/fct/library/report/4004,2026-09-16
FC000486,G024,cholesterol_mg_100g,21,https://i.fnri.dost.gov.ph/fct/library/report/4004,2026-09-16
FC000487,G005,kcal_100g,85,https://i.fnri.dost.gov.ph/fct/library/report/3985,2026-09-16
FC000487,G005,protein_g_100g,20.9,https://i.fnri.dost.gov.ph/fct/library/report/3985,2026-09-16
FC000487,G005,carbs_g_100g,0.1,https://i.fnri.dost.gov.ph/fct/library/report/3985,2026-09-16
FC000487,G005,fat_g_100g,0.1,https://i.fnri.dost.gov.ph/fct/library/report/3985,2026-09-16
FC000487,G005,fiber_g_100g,0.0,https://i.fnri.dost.gov.ph/fct/library/report/3985,2026-09-16
FC000487,G005,sugar_g_100g,0.0,https://i.fnri.dost.gov.ph/fct/library/report/3985,2026-09-16
FC000487,G005,sodium_mg_100g,163,https://i.fnri.dost.gov.ph/fct/library/report/3985,2026-09-16
FC000487,G005,cholesterol_mg_100g,-,https://i.fnri.dost.gov.ph/fct/library/report/3985,2026-09-16
FC000488,G007,kcal_100g,69,https://i.fnri.dost.gov.ph/fct/library/report/3987,2026-09-16
FC000488,G007,protein_g_100g,14.1,https://i.fnri.dost.gov.ph/fct/library/report/3987,2026-09-16
FC000488,G007,carbs_g_100g,0.0,https://i.fnri.dost.gov.ph/fct/library/report/3987,2026-09-16
FC000488,G007,fat_g_100g,1.4,https://i.fnri.dost.gov.ph/fct/library/report/3987,2026-09-16
FC000488,G007,fiber_g_100g,0.0,https://i.fnri.dost.gov.ph/fct/library/report/3987,2026-09-16
FC000488,G007,sugar_g_100g,0.0,https://i.fnri.dost.gov.ph/fct/library/report/3987,2026-09-16
FC000488,G007,sodium_mg_100g,120,https://i.fnri.dost.gov.ph/fct/library/report/3987,2026-09-16
FC000488,G007,cholesterol_mg_100g,78,https://i.fnri.dost.gov.ph/fct/library/report/3987,2026-09-16
FC000489,G019,kcal_100g,95,https://i.fnri.dost.gov.ph/fct/library/report/3999,2026-09-16
FC000489,G019,protein_g_100g,7.6,https://i.fnri.dost.gov.ph/fct/library/report/3999,2026-09-16
FC000489,G019,carbs_g_100g,11.8,https://i.fnri.dost.gov.ph/fct/library/report/3999,2026-09-16
FC000489,G019,fat_g_100g,1.9,https://i.fnri.dost.gov.ph/fct/library/report/3999,2026-09-16
FC000489,G019,fiber_g_100g,0.0,https://i.fnri.dost.gov.ph/fct/library/report/3999,2026-09-16
FC000489,G019,sugar_g_100g,0.0,https://i.fnri.dost.gov.ph/fct/library/report/3999,2026-09-16
FC000489,G019,sodium_mg_100g,34,https://i.fnri.dost.gov.ph/fct/library/report/3999,2026-09-16
FC000489,G019,cholesterol_mg_100g,84,https://i.fnri.dost.gov.ph/fct/library/report/3999,2026-09-16
FC000490,G023,kcal_100g,64,https://i.fnri.dost.gov.ph/fct/library/report/4003,2026-09-16
FC000490,G023,protein_g_100g,6.8,https://i.fnri.dost.gov.ph/fct/library/report/4003,2026-09-16
FC000490,G023,carbs_g_100g,7.3,https://i.fnri.dost.gov.ph/fct/library/report/4003,2026-09-16
FC000490,G023,fat_g_100g,0.8,https://i.fnri.dost.gov.ph/fct/library/report/4003,2026-09-16
FC000490,G023,fiber_g_100g,0.0,https://i.fnri.dost.gov.ph/fct/library/report/4003,2026-09-16
FC000490,G023,sugar_g_100g,0.0,https://i.fnri.dost.gov.ph/fct/library/report/4003,2026-09-16
FC000490,G023,sodium_mg_100g,506,https://i.fnri.dost.gov.ph/fct/library/report/4003,2026-09-16
FC000490,G023,cholesterol_mg_100g,25,https://i.fnri.dost.gov.ph/fct/library/report/4003,2026-09-16
FC000491,G036,kcal_100g,86,https://i.fnri.dost.gov.ph/fct/library/report/4016,2026-09-16
FC000491,G036,protein_g_100g,11.5,https://i.fnri.dost.gov.ph/fct/library/report/4016,2026-09-16
FC000491,G036,carbs_g_100g,0.0,https://i.fnri.dost.gov.ph/fct/library/report/4016,2026-09-16
FC000491,G036,fat_g_100g,4.4,https://i.fnri.dost.gov.ph/fct/library/report/4016,2026-09-16
FC000491,G036,fiber_g_100g,0.0,https://i.fnri.dost.gov.ph/fct/library/report/4016,2026-09-16
FC000491,G036,sugar_g_100g,0.0,https://i.fnri.dost.gov.ph/fct/library/report/4016,2026-09-16
FC000491,G036,sodium_mg_100g,644,https://i.fnri.dost.gov.ph/fct/library/report/4016,2026-09-16
FC000491,G036,cholesterol_mg_100g,-,https://i.fnri.dost.gov.ph/fct/library/report/4016,2026-09-16
FC000492,G039,kcal_100g,188,https://i.fnri.dost.gov.ph/fct/library/report/4019,2026-09-16
FC000492,G039,protein_g_100g,26.0,https://i.fnri.dost.gov.ph/fct/library/report/4019,2026-09-16
FC000492,G039,carbs_g_100g,8.5,https://i.fnri.dost.gov.ph/fct/library/report/4019,2026-09-16
FC000492,G039,fat_g_100g,5.6,https://i.fnri.dost.gov.ph/fct/library/report/4019,2026-09-16
FC000492,G039,fiber_g_100g,0.0,https://i.fnri.dost.gov.ph/fct/library/report/4019,2026-09-16
FC000492,G039,sugar_g_100g,0.0,https://i.fnri.dost.gov.ph/fct/library/report/4019,2026-09-16
FC000492,G039,sodium_mg_100g,1163,https://i.fnri.dost.gov.ph/fct/library/report/4019,2026-09-16
FC000492,G039,cholesterol_mg_100g,-,https://i.fnri.dost.gov.ph/fct/library/report/4019,2026-09-16
FC000493,G042,kcal_100g,122,https://i.fnri.dost.gov.ph/fct/library/report/4022,2026-09-16
FC000493,G042,protein_g_100g,13.8,https://i.fnri.dost.gov.ph/fct/library/report/4022,2026-09-16
FC000493,G042,carbs_g_100g,8.1,https://i.fnri.dost.gov.ph/fct/library/report/4022,2026-09-16
FC000493,G042,fat_g_100g,3.8,https://i.fnri.dost.gov.ph/fct/library/report/4022,2026-09-16
FC000493,G042,fiber_g_100g,0.0,https://i.fnri.dost.gov.ph/fct/library/report/4022,2026-09-16
FC000493,G042,sugar_g_100g,0.0,https://i.fnri.dost.gov.ph/fct/library/report/4022,2026-09-16
FC000493,G042,sodium_mg_100g,453,https://i.fnri.dost.gov.ph/fct/library/report/4022,2026-09-16
FC000493,G042,cholesterol_mg_100g,-,https://i.fnri.dost.gov.ph/fct/library/report/4022,2026-09-16
FC000494,G090,kcal_100g,119,https://i.fnri.dost.gov.ph/fct/library/report/4070,2026-09-16
FC000494,G090,protein_g_100g,23.3,https://i.fnri.dost.gov.ph/fct/library/report/4070,2026-09-16
FC000494,G090,carbs_g_100g,3.3,https://i.fnri.dost.gov.ph/fct/library/report/4070,2026-09-16
FC000494,G090,fat_g_100g,1.4,https://i.fnri.dost.gov.ph/fct/library/report/4070,2026-09-16
FC000494,G090,fiber_g_100g,0.0,https://i.fnri.dost.gov.ph/fct/library/report/4070,2026-09-16
FC000494,G090,sugar_g_100g,0.0,https://i.fnri.dost.gov.ph/fct/library/report/4070,2026-09-16
FC000494,G090,sodium_mg_100g,467,https://i.fnri.dost.gov.ph/fct/library/report/4070,2026-09-16
FC000494,G090,cholesterol_mg_100g,29,https://i.fnri.dost.gov.ph/fct/library/report/4070,2026-09-16
FC000495,G101,kcal_100g,106,https://i.fnri.dost.gov.ph/fct/library/report/4081,2026-09-16
FC000495,G101,protein_g_100g,20.5,https://i.fnri.dost.gov.ph/fct/library/report/4081,2026-09-16
FC000495,G101,carbs_g_100g,0.0,https://i.fnri.dost.gov.ph/fct/library/report/4081,2026-09-16
FC000495,G101,fat_g_100g,2.7,https://i.fnri.dost.gov.ph/fct/library/report/4081,2026-09-16
FC000495,G101,fiber_g_100g,0.0,https://i.fnri.dost.gov.ph/fct/library/report/4081,2026-09-16
FC000495,G101,sugar_g_100g,0.0,https://i.fnri.dost.gov.ph/fct/library/report/4081,2026-09-16
FC000495,G101,sodium_mg_100g,96,https://i.fnri.dost.gov.ph/fct/library/report/4081,2026-09-16
FC000495,G101,cholesterol_mg_100g,32,https://i.fnri.dost.gov.ph/fct/library/report/4081,2026-09-16
FC000496,G102,kcal_100g,101,https://i.fnri.dost.gov.ph/fct/library/report/4082,2026-09-16
FC000496,G102,protein_g_100g,20.6,https://i.fnri.dost.gov.ph/fct/library/report/4082,2026-09-16
FC000496,G102,carbs_g_100g,0.0,https://i.fnri.dost.gov.ph/fct/library/report/4082,2026-09-16
FC000496,G102,fat_g_100g,2.1,https://i.fnri.dost.gov.ph/fct/library/report/4082,2026-09-16
FC000496,G102,fiber_g_100g,0.0,https://i.fnri.dost.gov.ph/fct/library/report/4082,2026-09-16
FC000496,G102,sugar_g_100g,0.0,https://i.fnri.dost.gov.ph/fct/library/report/4082,2026-09-16
FC000496,G102,sodium_mg_100g,115,https://i.fnri.dost.gov.ph/fct/library/report/4082,2026-09-16
FC000496,G102,cholesterol_mg_100g,25,https://i.fnri.dost.gov.ph/fct/library/report/4082,2026-09-16
FC000497,G116,kcal_100g,98,https://i.fnri.dost.gov.ph/fct/library/report/4096,2026-09-16
FC000497,G116,protein_g_100g,20.2,https://i.fnri.dost.gov.ph/fct/library/report/4096,2026-09-16
FC000497,G116,carbs_g_100g,0.0,https://i.fnri.dost.gov.ph/fct/library/report/4096,2026-09-16
FC000497,G116,fat_g_100g,1.9,https://i.fnri.dost.gov.ph/fct/library/report/4096,2026-09-16
FC000497,G116,fiber_g_100g,0.0,https://i.fnri.dost.gov.ph/fct/library/report/4096,2026-09-16
FC000497,G116,sugar_g_100g,0.0,https://i.fnri.dost.gov.ph/fct/library/report/4096,2026-09-16
FC000497,G116,sodium_mg_100g,21,https://i.fnri.dost.gov.ph/fct/library/report/4096,2026-09-16
FC000497,G116,cholesterol_mg_100g,-,https://i.fnri.dost.gov.ph/fct/library/report/4096,2026-09-16
FC000498,G121,kcal_100g,78,https://i.fnri.dost.gov.ph/fct/library/report/4101,2026-09-16
FC000498,G121,protein_g_100g,16.6,https://i.fnri.dost.gov.ph/fct/library/report/4101,2026-09-16
FC000498,G121,carbs_g_100g,0.0,https://i.fnri.dost.gov.ph/fct/library/report/4101,2026-09-16
FC000498,G121,fat_g_100g,1.3,https://i.fnri.dost.gov.ph/fct/library/report/4101,2026-09-16
FC000498,G121,fiber_g_100g,0.0,https://i.fnri.dost.gov.ph/fct/library/report/4101,2026-09-16
FC000498,G121,sugar_g_100g,0.0,https://i.fnri.dost.gov.ph/fct/library/report/4101,2026-09-16
FC000498,G121,sodium_mg_100g,418,https://i.fnri.dost.gov.ph/fct/library/report/4101,2026-09-16
FC000498,G121,cholesterol_mg_100g,-,https://i.fnri.dost.gov.ph/fct/library/report/4101,2026-09-16
FC000499,G151,kcal_100g,351,https://i.fnri.dost.gov.ph/fct/library/report/4131,2026-09-16
FC000499,G151,protein_g_100g,82.0,https://i.fnri.dost.gov.ph/fct/library/report/4131,2026-09-16
FC000499,G151,carbs_g_100g,0.0,https://i.fnri.dost.gov.ph/fct/library/report/4131,2026-09-16
FC000499,G151,fat_g_100g,2.6,https://i.fnri.dost.gov.ph/fct/library/report/4131,2026-09-16
FC000499,G151,fiber_g_100g,0.0,https://i.fnri.dost.gov.ph/fct/library/report/4131,2026-09-16
FC000499,G151,sugar_g_100g,0.0,https://i.fnri.dost.gov.ph/fct/library/report/4131,2026-09-16
FC000499,G151,sodium_mg_100g,-,https://i.fnri.dost.gov.ph/fct/library/report/4131,2026-09-16
FC000499,G151,cholesterol_mg_100g,51,https://i.fnri.dost.gov.ph/fct/library/report/4131,2026-09-16
FC000500,G153,kcal_100g,275,https://i.fnri.dost.gov.ph/fct/library/report/4133,2026-09-16
FC000500,G153,protein_g_100g,45.6,https://i.fnri.dost.gov.ph/fct/library/report/4133,2026-09-16
FC000500,G153,carbs_g_100g,0.0,https://i.fnri.dost.gov.ph/fct/library/report/4133,2026-09-16
FC000500,G153,fat_g_100g,10.3,https://i.fnri.dost.gov.ph/fct/library/report/4133,2026-09-16
FC000500,G153,fiber_g_100g,0.0,https://i.fnri.dost.gov.ph/fct/library/report/4133,2026-09-16
FC000500,G153,sugar_g_100g,0.0,https://i.fnri.dost.gov.ph/fct/library/report/4133,2026-09-16
FC000500,G153,sodium_mg_100g,7799,https://i.fnri.dost.gov.ph/fct/library/report/4133,2026-09-16
FC000500,G153,cholesterol_mg_100g,-,https://i.fnri.dost.gov.ph/fct/library/report/4133,2026-09-16
FC000501,G154,kcal_100g,201,https://i.fnri.dost.gov.ph/fct/library/report/4134,2026-09-16
FC000501,G154,protein_g_100g,43.9,https://i.fnri.dost.gov.ph/fct/library/report/4134,2026-09-16
FC000501,G154,carbs_g_100g,0.0,https://i.fnri.dost.gov.ph/fct/library/report/4134,2026-09-16
FC000501,G154,fat_g_100g,2.8,https://i.fnri.dost.gov.ph/fct/library/report/4134,2026-09-16
FC000501,G154,fiber_g_100g,0.0,https://i.fnri.dost.gov.ph/fct/library/report/4134,2026-09-16
FC000501,G154,sugar_g_100g,0.0,https://i.fnri.dost.gov.ph/fct/library/report/4134,2026-09-16
FC000501,G154,sodium_mg_100g,6807,https://i.fnri.dost.gov.ph/fct/library/report/4134,2026-09-16
FC000501,G154,cholesterol_mg_100g,58,https://i.fnri.dost.gov.ph/fct/library/report/4134,2026-09-16
FC000502,G157,kcal_100g,102,https://i.fnri.dost.gov.ph/fct/library/report/4137,2026-09-16
FC000502,G157,protein_g_100g,23.5,https://i.fnri.dost.gov.ph/fct/library/report/4137,2026-09-16
FC000502,G157,carbs_g_100g,0.3,https://i.fnri.dost.gov.ph/fct/library/report/4137,2026-09-16
FC000502,G157,fat_g_100g,0.8,https://i.fnri.dost.gov.ph/fct/library/report/4137,2026-09-16
FC000502,G157,fiber_g_100g,0.0,https://i.fnri.dost.gov.ph/fct/library/report/4137,2026-09-16
FC000502,G157,sugar_g_100g,0.0,https://i.fnri.dost.gov.ph/fct/library/report/4137,2026-09-16
FC000502,G157,sodium_mg_100g,743,https://i.fnri.dost.gov.ph/fct/library/report/4137,2026-09-16
FC000502,G157,cholesterol_mg_100g,105,https://i.fnri.dost.gov.ph/fct/library/report/4137,2026-09-16
FC000503,G170,kcal_100g,158,https://i.fnri.dost.gov.ph/fct/library/report/4150,2026-09-16
FC000503,G170,protein_g_100g,35.8,https://i.fnri.dost.gov.ph/fct/library/report/4150,2026-09-16
FC000503,G170,carbs_g_100g,0.0,https://i.fnri.dost.gov.ph/fct/library/report/4150,2026-09-16
FC000503,G170,fat_g_100g,1.6,https://i.fnri.dost.gov.ph/fct/library/report/4150,2026-09-16
FC000503,G170,fiber_g_100g,0.0,https://i.fnri.dost.gov.ph/fct/library/report/4150,2026-09-16
FC000503,G170,sugar_g_100g,0.0,https://i.fnri.dost.gov.ph/fct/library/report/4150,2026-09-16
FC000503,G170,sodium_mg_100g,4584,https://i.fnri.dost.gov.ph/fct/library/report/4150,2026-09-16
FC000503,G170,cholesterol_mg_100g,58,https://i.fnri.dost.gov.ph/fct/library/report/4150,2026-09-16
FC000504,G174,kcal_100g,147,https://i.fnri.dost.gov.ph/fct/library/report/4154,2026-09-16
FC000504,G174,protein_g_100g,13.4,https://i.fnri.dost.gov.ph/fct/library/report/4154,2026-09-16
FC000504,G174,carbs_g_100g,2.2,https://i.fnri.dost.gov.ph/fct/library/report/4154,2026-09-16
FC000504,G174,fat_g_100g,9.4,https://i.fnri.dost.gov.ph/fct/library/report/4154,2026-09-16
FC000504,G174,fiber_g_100g,0.2,https://i.fnri.dost.gov.ph/fct/library/report/4154,2026-09-16
FC000504,G174,sugar_g_100g,1.2,https://i.fnri.dost.gov.ph/fct/library/report/4154,2026-09-16
FC000504,G174,sodium_mg_100g,212,https://i.fnri.dost.gov.ph/fct/library/report/4154,2026-09-16
FC000504,G174,cholesterol_mg_100g,34,https://i.fnri.dost.gov.ph/fct/library/report/4154,2026-09-16
FC000505,G175,kcal_100g,202,https://i.fnri.dost.gov.ph/fct/library/report/4155,2026-09-16
FC000505,G175,protein_g_100g,41.2,https://i.fnri.dost.gov.ph/fct/library/report/4155,2026-09-16
FC000505,G175,carbs_g_100g,0.0,https://i.fnri.dost.gov.ph/fct/library/report/4155,2026-09-16
FC000505,G175,fat_g_100g,4.1,https://i.fnri.dost.gov.ph/fct/library/report/4155,2026-09-16
FC000505,G175,fiber_g_100g,0.0,https://i.fnri.dost.gov.ph/fct/library/report/4155,2026-09-16
FC000505,G175,sugar_g_100g,0.0,https://i.fnri.dost.gov.ph/fct/library/report/4155,2026-09-16
FC000505,G175,sodium_mg_100g,6840,https://i.fnri.dost.gov.ph/fct/library/report/4155,2026-09-16
FC000505,G175,cholesterol_mg_100g,150,https://i.fnri.dost.gov.ph/fct/library/report/4155,2026-09-16
FC000506,G176,kcal_100g,139,https://i.fnri.dost.gov.ph/fct/library/report/4156,2026-09-16
FC000506,G176,protein_g_100g,29.8,https://i.fnri.dost.gov.ph/fct/library/report/4156,2026-09-16
FC000506,G176,carbs_g_100g,0.0,https://i.fnri.dost.gov.ph/fct/library/report/4156,2026-09-16
FC000506,G176,fat_g_100g,2.2,https://i.fnri.dost.gov.ph/fct/library/report/4156,2026-09-16
FC000506,G176,fiber_g_100g,0.0,https://i.fnri.dost.gov.ph/fct/library/report/4156,2026-09-16
FC000506,G176,sugar_g_100g,0.0,https://i.fnri.dost.gov.ph/fct/library/report/4156,2026-09-16
FC000506,G176,sodium_mg_100g,544,https://i.fnri.dost.gov.ph/fct/library/report/4156,2026-09-16
FC000506,G176,cholesterol_mg_100g,-,https://i.fnri.dost.gov.ph/fct/library/report/4156,2026-09-16
FC000507,G177,kcal_100g,184,https://i.fnri.dost.gov.ph/fct/library/report/4157,2026-09-16
FC000507,G177,protein_g_100g,41.0,https://i.fnri.dost.gov.ph/fct/library/report/4157,2026-09-16
FC000507,G177,carbs_g_100g,0.0,https://i.fnri.dost.gov.ph/fct/library/report/4157,2026-09-16
FC000507,G177,fat_g_100g,2.2,https://i.fnri.dost.gov.ph/fct/library/report/4157,2026-09-16
FC000507,G177,fiber_g_100g,0.0,https://i.fnri.dost.gov.ph/fct/library/report/4157,2026-09-16
FC000507,G177,sugar_g_100g,0.0,https://i.fnri.dost.gov.ph/fct/library/report/4157,2026-09-16
FC000507,G177,sodium_mg_100g,6409,https://i.fnri.dost.gov.ph/fct/library/report/4157,2026-09-16
FC000507,G177,cholesterol_mg_100g,81,https://i.fnri.dost.gov.ph/fct/library/report/4157,2026-09-16
FC000508,G178,kcal_100g,193,https://i.fnri.dost.gov.ph/fct/library/report/4158,2026-09-16
FC000508,G178,protein_g_100g,41.0,https://i.fnri.dost.gov.ph/fct/library/report/4158,2026-09-16
FC000508,G178,carbs_g_100g,0.0,https://i.fnri.dost.gov.ph/fct/library/report/4158,2026-09-16
FC000508,G178,fat_g_100g,3.2,https://i.fnri.dost.gov.ph/fct/library/report/4158,2026-09-16
FC000508,G178,fiber_g_100g,0.0,https://i.fnri.dost.gov.ph/fct/library/report/4158,2026-09-16
FC000508,G178,sugar_g_100g,0.0,https://i.fnri.dost.gov.ph/fct/library/report/4158,2026-09-16
FC000508,G178,sodium_mg_100g,6442,https://i.fnri.dost.gov.ph/fct/library/report/4158,2026-09-16
FC000508,G178,cholesterol_mg_100g,117,https://i.fnri.dost.gov.ph/fct/library/report/4158,2026-09-16
FC000509,G179,kcal_100g,105,https://i.fnri.dost.gov.ph/fct/library/report/4159,2026-09-16
FC000509,G179,protein_g_100g,16.5,https://i.fnri.dost.gov.ph/fct/library/report/4159,2026-09-16
FC000509,G179,carbs_g_100g,0.0,https://i.fnri.dost.gov.ph/fct/library/report/4159,2026-09-16
FC000509,G179,fat_g_100g,4.1,https://i.fnri.dost.gov.ph/fct/library/report/4159,2026-09-16
FC000509,G179,fiber_g_100g,0.1,https://i.fnri.dost.gov.ph/fct/library/report/4159,2026-09-16
FC000509,G179,sugar_g_100g,-,https://i.fnri.dost.gov.ph/fct/library/report/4159,2026-09-16
FC000509,G179,sodium_mg_100g,186,https://i.fnri.dost.gov.ph/fct/library/report/4159,2026-09-16
FC000509,G179,cholesterol_mg_100g,15,https://i.fnri.dost.gov.ph/fct/library/report/4159,2026-09-16
FC000510,G181,kcal_100g,108,https://i.fnri.dost.gov.ph/fct/library/report/4161,2026-09-16
FC000510,G181,protein_g_100g,16.6,https://i.fnri.dost.gov.ph/fct/library/report/4161,2026-09-16
FC000510,G181,carbs_g_100g,0.3,https://i.fnri.dost.gov.ph/fct/library/report/4161,2026-09-16
FC000510,G181,fat_g_100g,4.5,https://i.fnri.dost.gov.ph/fct/library/report/4161,2026-09-16
FC000510,G181,fiber_g_100g,0.0,https://i.fnri.dost.gov.ph/fct/library/report/4161,2026-09-16
FC000510,G181,sugar_g_100g,0.0,https://i.fnri.dost.gov.ph/fct/library/report/4161,2026-09-16
FC000510,G181,sodium_mg_100g,266,https://i.fnri.dost.gov.ph/fct/library/report/4161,2026-09-16
FC000510,G181,cholesterol_mg_100g,-,https://i.fnri.dost.gov.ph/fct/library/report/4161,2026-09-16
FC000511,G182,kcal_100g,295,https://i.fnri.dost.gov.ph/fct/library/report/4162,2026-09-16
FC000511,G182,protein_g_100g,15.8,https://i.fnri.dost.gov.ph/fct/library/report/4162,2026-09-16
FC000511,G182,carbs_g_100g,0.9,https://i.fnri.dost.gov.ph/fct/library/report/4162,2026-09-16
FC000511,G182,fat_g_100g,25.4,https://i.fnri.dost.gov.ph/fct/library/report/4162,2026-09-16
FC000511,G182,fiber_g_100g,0.5,https://i.fnri.dost.gov.ph/fct/library/report/4162,2026-09-16
FC000511,G182,sugar_g_100g,0.6,https://i.fnri.dost.gov.ph/fct/library/report/4162,2026-09-16
FC000511,G182,sodium_mg_100g,323,https://i.fnri.dost.gov.ph/fct/library/report/4162,2026-09-16
FC000511,G182,cholesterol_mg_100g,36,https://i.fnri.dost.gov.ph/fct/library/report/4162,2026-09-16
FC000512,G188,kcal_100g,355,https://i.fnri.dost.gov.ph/fct/library/report/4168,2026-09-16
FC000512,G188,protein_g_100g,46.0,https://i.fnri.dost.gov.ph/fct/library/report/4168,2026-09-16
FC000512,G188,carbs_g_100g,24.9,https://i.fnri.dost.gov.ph/fct/library/report/4168,2026-09-16
FC000512,G188,fat_g_100g,7.9,https://i.fnri.dost.gov.ph/fct/library/report/4168,2026-09-16
FC000512,G188,fiber_g_100g,0.0,https://i.fnri.dost.gov.ph/fct/library/report/4168,2026-09-16
FC000512,G188,sugar_g_100g,0.0,https://i.fnri.dost.gov.ph/fct/library/report/4168,2026-09-16
FC000512,G188,sodium_mg_100g,802,https://i.fnri.dost.gov.ph/fct/library/report/4168,2026-09-16
FC000512,G188,cholesterol_mg_100g,-,https://i.fnri.dost.gov.ph/fct/library/report/4168,2026-09-16
FC000513,G192,kcal_100g,204,https://i.fnri.dost.gov.ph/fct/library/report/4172,2026-09-16
FC000513,G192,protein_g_100g,45.0,https://i.fnri.dost.gov.ph/fct/library/report/4172,2026-09-16
FC000513,G192,carbs_g_100g,0.0,https://i.fnri.dost.gov.ph/fct/library/report/4172,2026-09-16
FC000513,G192,fat_g_100g,2.7,https://i.fnri.dost.gov.ph/fct/library/report/4172,2026-09-16
FC000513,G192,fiber_g_100g,0.0,https://i.fnri.dost.gov.ph/fct/library/report/4172,2026-09-16
FC000513,G192,sugar_g_100g,0.0,https://i.fnri.dost.gov.ph/fct/library/report/4172,2026-09-16
FC000513,G192,sodium_mg_100g,7468,https://i.fnri.dost.gov.ph/fct/library/report/4172,2026-09-16
FC000513,G192,cholesterol_mg_100g,75,https://i.fnri.dost.gov.ph/fct/library/report/4172,2026-09-16
FC000514,G194,kcal_100g,157,https://i.fnri.dost.gov.ph/fct/library/report/4174,2026-09-16
FC000514,G194,protein_g_100g,26.2,https://i.fnri.dost.gov.ph/fct/library/report/4174,2026-09-16
FC000514,G194,carbs_g_100g,0.0,https://i.fnri.dost.gov.ph/fct/library/report/4174,2026-09-16
FC000514,G194,fat_g_100g,5.8,https://i.fnri.dost.gov.ph/fct/library/report/4174,2026-09-16
FC000514,G194,fiber_g_100g,0.0,https://i.fnri.dost.gov.ph/fct/library/report/4174,2026-09-16
FC000514,G194,sugar_g_100g,0.0,https://i.fnri.dost.gov.ph/fct/library/report/4174,2026-09-16
FC000514,G194,sodium_mg_100g,207,https://i.fnri.dost.gov.ph/fct/library/report/4174,2026-09-16
FC000514,G194,cholesterol_mg_100g,116,https://i.fnri.dost.gov.ph/fct/library/report/4174,2026-09-16
FC000515,G195,kcal_100g,155,https://i.fnri.dost.gov.ph/fct/library/report/4175,2026-09-16
FC000515,G195,protein_g_100g,31.0,https://i.fnri.dost.gov.ph/fct/library/report/4175,2026-09-16
FC000515,G195,carbs_g_100g,0.0,https://i.fnri.dost.gov.ph/fct/library/report/4175,2026-09-16
FC000515,G195,fat_g_100g,3.4,https://i.fnri.dost.gov.ph/fct/library/report/4175,2026-09-16
FC000515,G195,fiber_g_100g,0.0,https://i.fnri.dost.gov.ph/fct/library/report/4175,2026-09-16
FC000515,G195,sugar_g_100g,0.0,https://i.fnri.dost.gov.ph/fct/library/report/4175,2026-09-16
FC000515,G195,sodium_mg_100g,1453,https://i.fnri.dost.gov.ph/fct/library/report/4175,2026-09-16
FC000515,G195,cholesterol_mg_100g,40,https://i.fnri.dost.gov.ph/fct/library/report/4175,2026-09-16
FC000516,G198,kcal_100g,168,https://i.fnri.dost.gov.ph/fct/library/report/4178,2026-09-16
FC000516,G198,protein_g_100g,31.2,https://i.fnri.dost.gov.ph/fct/library/report/4178,2026-09-16
FC000516,G198,carbs_g_100g,1.9,https://i.fnri.dost.gov.ph/fct/library/report/4178,2026-09-16
FC000516,G198,fat_g_100g,4.0,https://i.fnri.dost.gov.ph/fct/library/report/4178,2026-09-16
FC000516,G198,fiber_g_100g,0.0,https://i.fnri.dost.gov.ph/fct/library/report/4178,2026-09-16
FC000516,G198,sugar_g_100g,0.0,https://i.fnri.dost.gov.ph/fct/library/report/4178,2026-09-16
FC000516,G198,sodium_mg_100g,1443,https://i.fnri.dost.gov.ph/fct/library/report/4178,2026-09-16
FC000516,G198,cholesterol_mg_100g,47,https://i.fnri.dost.gov.ph/fct/library/report/4178,2026-09-16
FC000517,G201,kcal_100g,160,https://i.fnri.dost.gov.ph/fct/library/report/4181,2026-09-16
FC000517,G201,protein_g_100g,30.0,https://i.fnri.dost.gov.ph/fct/library/report/4181,2026-09-16
FC000517,G201,carbs_g_100g,0.0,https://i.fnri.dost.gov.ph/fct/library/report/4181,2026-09-16
FC000517,G201,fat_g_100g,4.4,https://i.fnri.dost.gov.ph/fct/library/report/4181,2026-09-16
FC000517,G201,fiber_g_100g,0.0,https://i.fnri.dost.gov.ph/fct/library/report/4181,2026-09-16
FC000517,G201,sugar_g_100g,0.0,https://i.fnri.dost.gov.ph/fct/library/report/4181,2026-09-16
FC000517,G201,sodium_mg_100g,1348,https://i.fnri.dost.gov.ph/fct/library/report/4181,2026-09-16
FC000517,G201,cholesterol_mg_100g,51,https://i.fnri.dost.gov.ph/fct/library/report/4181,2026-09-16
FC000518,G204,kcal_100g,157,https://i.fnri.dost.gov.ph/fct/library/report/4184,2026-09-16
FC000518,G204,protein_g_100g,29.0,https://i.fnri.dost.gov.ph/fct/library/report/4184,2026-09-16
FC000518,G204,carbs_g_100g,0.8,https://i.fnri.dost.gov.ph/fct/library/report/4184,2026-09-16
FC000518,G204,fat_g_100g,4.2,https://i.fnri.dost.gov.ph/fct/library/report/4184,2026-09-16
FC000518,G204,fiber_g_100g,0.0,https://i.fnri.dost.gov.ph/fct/library/report/4184,2026-09-16
FC000518,G204,sugar_g_100g,0.0,https://i.fnri.dost.gov.ph/fct/library/report/4184,2026-09-16
FC000518,G204,sodium_mg_100g,1112,https://i.fnri.dost.gov.ph/fct/library/report/4184,2026-09-16
FC000518,G204,cholesterol_mg_100g,-,https://i.fnri.dost.gov.ph/fct/library/report/4184,2026-09-16
FC000519,G205,kcal_100g,175,https://i.fnri.dost.gov.ph/fct/library/report/4185,2026-09-16
FC000519,G205,protein_g_100g,39.8,https://i.fnri.dost.gov.ph/fct/library/report/4185,2026-09-16
FC000519,G205,carbs_g_100g,0.0,https://i.fnri.dost.gov.ph/fct/library/report/4185,2026-09-16
FC000519,G205,fat_g_100g,1.7,https://i.fnri.dost.gov.ph/fct/library/report/4185,2026-09-16
FC000519,G205,fiber_g_100g,0.0,https://i.fnri.dost.gov.ph/fct/library/report/4185,2026-09-16
FC000519,G205,sugar_g_100g,0.0,https://i.fnri.dost.gov.ph/fct/library/report/4185,2026-09-16
FC000519,G205,sodium_mg_100g,6531,https://i.fnri.dost.gov.ph/fct/library/report/4185,2026-09-16
FC000519,G205,cholesterol_mg_100g,62,https://i.fnri.dost.gov.ph/fct/library/report/4185,2026-09-16
FC000520,G206,kcal_100g,134,https://i.fnri.dost.gov.ph/fct/library/report/4186,2026-09-16
FC000520,G206,protein_g_100g,25.5,https://i.fnri.dost.gov.ph/fct/library/report/4186,2026-09-16
FC000520,G206,carbs_g_100g,0.0,https://i.fnri.dost.gov.ph/fct/library/report/4186,2026-09-16
FC000520,G206,fat_g_100g,3.6,https://i.fnri.dost.gov.ph/fct/library/report/4186,2026-09-16
FC000520,G206,fiber_g_100g,0.0,https://i.fnri.dost.gov.ph/fct/library/report/4186,2026-09-16
FC000520,G206,sugar_g_100g,0.0,https://i.fnri.dost.gov.ph/fct/library/report/4186,2026-09-16
FC000520,G206,sodium_mg_100g,1233,https://i.fnri.dost.gov.ph/fct/library/report/4186,2026-09-16
FC000520,G206,cholesterol_mg_100g,57,https://i.fnri.dost.gov.ph/fct/library/report/4186,2026-09-16
FC000521,G209,kcal_100g,244,https://i.fnri.dost.gov.ph/fct/library/report/4189,2026-09-16
FC000521,G209,protein_g_100g,44.0,https://i.fnri.dost.gov.ph/fct/library/report/4189,2026-09-16
FC000521,G209,carbs_g_100g,0.0,https://i.fnri.dost.gov.ph/fct/library/report/4189,2026-09-16
FC000521,G209,fat_g_100g,7.6,https://i.fnri.dost.gov.ph/fct/library/report/4189,2026-09-16
FC000521,G209,fiber_g_100g,0.0,https://i.fnri.dost.gov.ph/fct/library/report/4189,2026-09-16
FC000521,G209,sugar_g_100g,0.0,https://i.fnri.dost.gov.ph/fct/library/report/4189,2026-09-16
FC000521,G209,sodium_mg_100g,4869,https://i.fnri.dost.gov.ph/fct/library/report/4189,2026-09-16
FC000521,G209,cholesterol_mg_100g,156,https://i.fnri.dost.gov.ph/fct/library/report/4189,2026-09-16
FC000522,G210,kcal_100g,246,https://i.fnri.dost.gov.ph/fct/library/report/4190,2026-09-16
FC000522,G210,protein_g_100g,23.1,https://i.fnri.dost.gov.ph/fct/library/report/4190,2026-09-16
FC000522,G210,carbs_g_100g,33.2,https://i.fnri.dost.gov.ph/fct/library/report/4190,2026-09-16
FC000522,G210,fat_g_100g,2.3,https://i.fnri.dost.gov.ph/fct/library/report/4190,2026-09-16
FC000522,G210,fiber_g_100g,0.0,https://i.fnri.dost.gov.ph/fct/library/report/4190,2026-09-16
FC000522,G210,sugar_g_100g,0.0,https://i.fnri.dost.gov.ph/fct/library/report/4190,2026-09-16
FC000522,G210,sodium_mg_100g,3129,https://i.fnri.dost.gov.ph/fct/library/report/4190,2026-09-16
FC000522,G210,cholesterol_mg_100g,403,https://i.fnri.dost.gov.ph/fct/library/report/4190,2026-09-16
FC000523,G211,kcal_100g,283,https://i.fnri.dost.gov.ph/fct/library/report/4191,2026-09-16
FC000523,G211,protein_g_100g,52.4,https://i.fnri.dost.gov.ph/fct/library/report/4191,2026-09-16
FC000523,G211,carbs_g_100g,10.2,https://i.fnri.dost.gov.ph/fct/library/report/4191,2026-09-16
FC000523,G211,fat_g_100g,3.6,https://i.fnri.dost.gov.ph/fct/library/report/4191,2026-09-16
FC000523,G211,fiber_g_100g,0.0,https://i.fnri.dost.gov.ph/fct/library/report/4191,2026-09-16
FC000523,G211,sugar_g_100g,0.0,https://i.fnri.dost.gov.ph/fct/library/report/4191,2026-09-16
FC000523,G211,sodium_mg_100g,2900,https://i.fnri.dost.gov.ph/fct/library/report/4191,2026-09-16
FC000523,G211,cholesterol_mg_100g,630,https://i.fnri.dost.gov.ph/fct/library/report/4191,2026-09-16
FC000524,G212,kcal_100g,263,https://i.fnri.dost.gov.ph/fct/library/report/4192,2026-09-16
FC000524,G212,protein_g_100g,57.4,https://i.fnri.dost.gov.ph/fct/library/report/4192,2026-09-16
FC000524,G212,carbs_g_100g,3.4,https://i.fnri.dost.gov.ph/fct/library/report/4192,2026-09-16
FC000524,G212,fat_g_100g,2.2,https://i.fnri.dost.gov.ph/fct/library/report/4192,2026-09-16
FC000524,G212,fiber_g_100g,0.0,https://i.fnri.dost.gov.ph/fct/library/report/4192,2026-09-16
FC000524,G212,sugar_g_100g,0.0,https://i.fnri.dost.gov.ph/fct/library/report/4192,2026-09-16
FC000524,G212,sodium_mg_100g,2774,https://i.fnri.dost.gov.ph/fct/library/report/4192,2026-09-16
FC000524,G212,cholesterol_mg_100g,385,https://i.fnri.dost.gov.ph/fct/library/report/4192,2026-09-16
FC000525,G223,kcal_100g,140,https://i.fnri.dost.gov.ph/fct/library/report/4203,2026-09-16
FC000525,G223,protein_g_100g,14.0,https://i.fnri.dost.gov.ph/fct/library/report/4203,2026-09-16
FC000525,G223,carbs_g_100g,4.0,https://i.fnri.dost.gov.ph/fct/library/report/4203,2026-09-16
FC000525,G223,fat_g_100g,7.6,https://i.fnri.dost.gov.ph/fct/library/report/4203,2026-09-16
FC000525,G223,fiber_g_100g,0.0,https://i.fnri.dost.gov.ph/fct/library/report/4203,2026-09-16
FC000525,G223,sugar_g_100g,0.0,https://i.fnri.dost.gov.ph/fct/library/report/4203,2026-09-16
FC000525,G223,sodium_mg_100g,309,https://i.fnri.dost.gov.ph/fct/library/report/4203,2026-09-16
FC000525,G223,cholesterol_mg_100g,29,https://i.fnri.dost.gov.ph/fct/library/report/4203,2026-09-16
FC000526,G224,kcal_100g,309,https://i.fnri.dost.gov.ph/fct/library/report/4204,2026-09-16
FC000526,G224,protein_g_100g,28.6,https://i.fnri.dost.gov.ph/fct/library/report/4204,2026-09-16
FC000526,G224,carbs_g_100g,0.0,https://i.fnri.dost.gov.ph/fct/library/report/4204,2026-09-16
FC000526,G224,fat_g_100g,21.6,https://i.fnri.dost.gov.ph/fct/library/report/4204,2026-09-16
FC000526,G224,fiber_g_100g,0.0,https://i.fnri.dost.gov.ph/fct/library/report/4204,2026-09-16
FC000526,G224,sugar_g_100g,0.0,https://i.fnri.dost.gov.ph/fct/library/report/4204,2026-09-16
FC000526,G224,sodium_mg_100g,577,https://i.fnri.dost.gov.ph/fct/library/report/4204,2026-09-16
FC000526,G224,cholesterol_mg_100g,31,https://i.fnri.dost.gov.ph/fct/library/report/4204,2026-09-16
FC000527,G225,kcal_100g,258,https://i.fnri.dost.gov.ph/fct/library/report/4205,2026-09-16
FC000527,G225,protein_g_100g,28.0,https://i.fnri.dost.gov.ph/fct/library/report/4205,2026-09-16
FC000527,G225,carbs_g_100g,0.6,https://i.fnri.dost.gov.ph/fct/library/report/4205,2026-09-16
FC000527,G225,fat_g_100g,15.9,https://i.fnri.dost.gov.ph/fct/library/report/4205,2026-09-16
FC000527,G225,fiber_g_100g,0.0,https://i.fnri.dost.gov.ph/fct/library/report/4205,2026-09-16
FC000527,G225,sugar_g_100g,0.0,https://i.fnri.dost.gov.ph/fct/library/report/4205,2026-09-16
FC000527,G225,sodium_mg_100g,516,https://i.fnri.dost.gov.ph/fct/library/report/4205,2026-09-16
FC000527,G225,cholesterol_mg_100g,38,https://i.fnri.dost.gov.ph/fct/library/report/4205,2026-09-16
FC000528,G228,kcal_100g,121,https://i.fnri.dost.gov.ph/fct/library/report/4208,2026-09-16
FC000528,G228,protein_g_100g,11.1,https://i.fnri.dost.gov.ph/fct/library/report/4208,2026-09-16
FC000528,G228,carbs_g_100g,6.3,https://i.fnri.dost.gov.ph/fct/library/report/4208,2026-09-16
FC000528,G228,fat_g_100g,5.7,https://i.fnri.dost.gov.ph/fct/library/report/4208,2026-09-16
FC000528,G228,fiber_g_100g,0.5,https://i.fnri.dost.gov.ph/fct/library/report/4208,2026-09-16
FC000528,G228,sugar_g_100g,5.1,https://i.fnri.dost.gov.ph/fct/library/report/4208,2026-09-16
FC000528,G228,sodium_mg_100g,408,https://i.fnri.dost.gov.ph/fct/library/report/4208,2026-09-16
FC000528,G228,cholesterol_mg_100g,22,https://i.fnri.dost.gov.ph/fct/library/report/4208,2026-09-16
FC000529,G229,kcal_100g,183,https://i.fnri.dost.gov.ph/fct/library/report/4209,2026-09-16
FC000529,G229,protein_g_100g,16.4,https://i.fnri.dost.gov.ph/fct/library/report/4209,2026-09-16
FC000529,G229,carbs_g_100g,1.3,https://i.fnri.dost.gov.ph/fct/library/report/4209,2026-09-16
FC000529,G229,fat_g_100g,12.5,https://i.fnri.dost.gov.ph/fct/library/report/4209,2026-09-16
FC000529,G229,fiber_g_100g,0.0,https://i.fnri.dost.gov.ph/fct/library/report/4209,2026-09-16
FC000529,G229,sugar_g_100g,0.0,https://i.fnri.dost.gov.ph/fct/library/report/4209,2026-09-16
FC000529,G229,sodium_mg_100g,357,https://i.fnri.dost.gov.ph/fct/library/report/4209,2026-09-16
FC000529,G229,cholesterol_mg_100g,30,https://i.fnri.dost.gov.ph/fct/library/report/4209,2026-09-16
FC000530,G231,kcal_100g,251,https://i.fnri.dost.gov.ph/fct/library/report/4211,2026-09-16
FC000530,G231,protein_g_100g,52.7,https://i.fnri.dost.gov.ph/fct/library/report/4211,2026-09-16
FC000530,G231,carbs_g_100g,4.7,https://i.fnri.dost.gov.ph/fct/library/report/4211,2026-09-16
FC000530,G231,fat_g_100g,2.4,https://i.fnri.dost.gov.ph/fct/library/report/4211,2026-09-16
FC000530,G231,fiber_g_100g,0.0,https://i.fnri.dost.gov.ph/fct/library/report/4211,2026-09-16
FC000530,G231,sugar_g_100g,0.0,https://i.fnri.dost.gov.ph/fct/library/report/4211,2026-09-16
FC000530,G231,sodium_mg_100g,6050,https://i.fnri.dost.gov.ph/fct/library/report/4211,2026-09-16
FC000530,G231,cholesterol_mg_100g,112,https://i.fnri.dost.gov.ph/fct/library/report/4211,2026-09-16
FC000531,G232,kcal_100g,230,https://i.fnri.dost.gov.ph/fct/library/report/4212,2026-09-16
FC000531,G232,protein_g_100g,54.5,https://i.fnri.dost.gov.ph/fct/library/report/4212,2026-09-16
FC000531,G232,carbs_g_100g,0.0,https://i.fnri.dost.gov.ph/fct/library/report/4212,2026-09-16
FC000531,G232,fat_g_100g,1.3,https://i.fnri.dost.gov.ph/fct/library/report/4212,2026-09-16
FC000531,G232,fiber_g_100g,0.0,https://i.fnri.dost.gov.ph/fct/library/report/4212,2026-09-16
FC000531,G232,sugar_g_100g,0.0,https://i.fnri.dost.gov.ph/fct/library/report/4212,2026-09-16
FC000531,G232,sodium_mg_100g,5916,https://i.fnri.dost.gov.ph/fct/library/report/4212,2026-09-16
FC000531,G232,cholesterol_mg_100g,103,https://i.fnri.dost.gov.ph/fct/library/report/4212,2026-09-16
FC000532,G006,kcal_100g,129,https://i.fnri.dost.gov.ph/fct/library/report/3986,2026-09-16
FC000532,G006,protein_g_100g,19.9,https://i.fnri.dost.gov.ph/fct/library/report/3986,2026-09-16
FC000532,G006,carbs_g_100g,0.0,https://i.fnri.dost.gov.ph/fct/library/report/3986,2026-09-16
FC000532,G006,fat_g_100g,5.5,https://i.fnri.dost.gov.ph/fct/library/report/3986,2026-09-16
FC000532,G006,fiber_g_100g,0.0,https://i.fnri.dost.gov.ph/fct/library/report/3986,2026-09-16
FC000532,G006,sugar_g_100g,0.0,https://i.fnri.dost.gov.ph/fct/library/report/3986,2026-09-16
FC000532,G006,sodium_mg_100g,148,https://i.fnri.dost.gov.ph/fct/library/report/3986,2026-09-16
FC000532,G006,cholesterol_mg_100g,-,https://i.fnri.dost.gov.ph/fct/library/report/3986,2026-09-16
FC000533,G107,kcal_100g,89,https://i.fnri.dost.gov.ph/fct/library/report/4087,2026-09-16
FC000533,G107,protein_g_100g,21.3,https://i.fnri.dost.gov.ph/fct/library/report/4087,2026-09-16
FC000533,G107,carbs_g_100g,0.0,https://i.fnri.dost.gov.ph/fct/library/report/4087,2026-09-16
FC000533,G107,fat_g_100g,0.4,https://i.fnri.dost.gov.ph/fct/library/report/4087,2026-09-16
FC000533,G107,fiber_g_100g,0.0,https://i.fnri.dost.gov.ph/fct/library/report/4087,2026-09-16
FC000533,G107,sugar_g_100g,0.0,https://i.fnri.dost.gov.ph/fct/library/report/4087,2026-09-16
FC000533,G107,sodium_mg_100g,106,https://i.fnri.dost.gov.ph/fct/library/report/4087,2026-09-16
FC000533,G107,cholesterol_mg_100g,-,https://i.fnri.dost.gov.ph/fct/library/report/4087,2026-09-16
FC000534,G118,kcal_100g,74,https://i.fnri.dost.gov.ph/fct/library/report/4098,2026-09-16
FC000534,G118,protein_g_100g,11.9,https://i.fnri.dost.gov.ph/fct/library/report/4098,2026-09-16
FC000534,G118,carbs_g_100g,1.6,https://i.fnri.dost.gov.ph/fct/library/report/4098,2026-09-16
FC000534,G118,fat_g_100g,2.2,https://i.fnri.dost.gov.ph/fct/library/report/4098,2026-09-16
FC000534,G118,fiber_g_100g,0.0,https://i.fnri.dost.gov.ph/fct/library/report/4098,2026-09-16
FC000534,G118,sugar_g_100g,0.0,https://i.fnri.dost.gov.ph/fct/library/report/4098,2026-09-16
FC000534,G118,sodium_mg_100g,101,https://i.fnri.dost.gov.ph/fct/library/report/4098,2026-09-16
FC000534,G118,cholesterol_mg_100g,-,https://i.fnri.dost.gov.ph/fct/library/report/4098,2026-09-16
FC000535,G016,kcal_100g,160,https://i.fnri.dost.gov.ph/fct/library/report/3996,2026-09-16
FC000535,G016,protein_g_100g,20.2,https://i.fnri.dost.gov.ph/fct/library/report/3996,2026-09-16
FC000535,G016,carbs_g_100g,0.0,https://i.fnri.dost.gov.ph/fct/library/report/3996,2026-09-16
FC000535,G016,fat_g_100g,8.8,https://i.fnri.dost.gov.ph/fct/library/report/3996,2026-09-16
FC000535,G016,fiber_g_100g,0.0,https://i.fnri.dost.gov.ph/fct/library/report/3996,2026-09-16
FC000535,G016,sugar_g_100g,0.0,https://i.fnri.dost.gov.ph/fct/library/report/3996,2026-09-16
FC000535,G016,sodium_mg_100g,87,https://i.fnri.dost.gov.ph/fct/library/report/3996,2026-09-16
FC000535,G016,cholesterol_mg_100g,-,https://i.fnri.dost.gov.ph/fct/library/report/3996,2026-09-16
FC000536,G017,kcal_100g,67,https://i.fnri.dost.gov.ph/fct/library/report/3997,2026-09-16
FC000536,G017,protein_g_100g,11.2,https://i.fnri.dost.gov.ph/fct/library/report/3997,2026-09-16
FC000536,G017,carbs_g_100g,0.0,https://i.fnri.dost.gov.ph/fct/library/report/3997,2026-09-16
FC000536,G017,fat_g_100g,2.5,https://i.fnri.dost.gov.ph/fct/library/report/3997,2026-09-16
FC000536,G017,fiber_g_100g,0.0,https://i.fnri.dost.gov.ph/fct/library/report/3997,2026-09-16
FC000536,G017,sugar_g_100g,0.0,https://i.fnri.dost.gov.ph/fct/library/report/3997,2026-09-16
FC000536,G017,sodium_mg_100g,42,https://i.fnri.dost.gov.ph/fct/library/report/3997,2026-09-16
FC000536,G017,cholesterol_mg_100g,-,https://i.fnri.dost.gov.ph/fct/library/report/3997,2026-09-16
FC000537,G001,kcal_100g,120,https://i.fnri.dost.gov.ph/fct/library/report/3981,2026-09-16
FC000537,G001,protein_g_100g,20.5,https://i.fnri.dost.gov.ph/fct/library/report/3981,2026-09-16
FC000537,G001,carbs_g_100g,7.4,https://i.fnri.dost.gov.ph/fct/library/report/3981,2026-09-16
FC000537,G001,fat_g_100g,0.9,https://i.fnri.dost.gov.ph/fct/library/report/3981,2026-09-16
FC000537,G001,fiber_g_100g,0.0,https://i.fnri.dost.gov.ph/fct/library/report/3981,2026-09-16
FC000537,G001,sugar_g_100g,0.0,https://i.fnri.dost.gov.ph/fct/library/report/3981,2026-09-16
FC000537,G001,sodium_mg_100g,372,https://i.fnri.dost.gov.ph/fct/library/report/3981,2026-09-16
FC000537,G001,cholesterol_mg_100g,101,https://i.fnri.dost.gov.ph/fct/library/report/3981,2026-09-16
FC000538,G002,kcal_100g,74,https://i.fnri.dost.gov.ph/fct/library/report/3982,2026-09-16
FC000538,G002,protein_g_100g,10.6,https://i.fnri.dost.gov.ph/fct/library/report/3982,2026-09-16
FC000538,G002,carbs_g_100g,7.1,https://i.fnri.dost.gov.ph/fct/library/report/3982,2026-09-16
FC000538,G002,fat_g_100g,0.4,https://i.fnri.dost.gov.ph/fct/library/report/3982,2026-09-16
FC000538,G002,fiber_g_100g,0.0,https://i.fnri.dost.gov.ph/fct/library/report/3982,2026-09-16
FC000538,G002,sugar_g_100g,0.0,https://i.fnri.dost.gov.ph/fct/library/report/3982,2026-09-16
FC000538,G002,sodium_mg_100g,241,https://i.fnri.dost.gov.ph/fct/library/report/3982,2026-09-16
FC000538,G002,cholesterol_mg_100g,-,https://i.fnri.dost.gov.ph/fct/library/report/3982,2026-09-16
FC000539,G003,kcal_100g,81,https://i.fnri.dost.gov.ph/fct/library/report/3983,2026-09-16
FC000539,G003,protein_g_100g,18.1,https://i.fnri.dost.gov.ph/fct/library/report/3983,2026-09-16
FC000539,G003,carbs_g_100g,0.0,https://i.fnri.dost.gov.ph/fct/library/report/3983,2026-09-16
FC000539,G003,fat_g_100g,0.9,https://i.fnri.dost.gov.ph/fct/library/report/3983,2026-09-16
FC000539,G003,fiber_g_100g,0.0,https://i.fnri.dost.gov.ph/fct/library/report/3983,2026-09-16
FC000539,G003,sugar_g_100g,0.0,https://i.fnri.dost.gov.ph/fct/library/report/3983,2026-09-16
FC000539,G003,sodium_mg_100g,31,https://i.fnri.dost.gov.ph/fct/library/report/3983,2026-09-16
FC000539,G003,cholesterol_mg_100g,-,https://i.fnri.dost.gov.ph/fct/library/report/3983,2026-09-16
FC000540,G004,kcal_100g,64,https://i.fnri.dost.gov.ph/fct/library/report/3984,2026-09-16
FC000540,G004,protein_g_100g,13.3,https://i.fnri.dost.gov.ph/fct/library/report/3984,2026-09-16
FC000540,G004,carbs_g_100g,0.0,https://i.fnri.dost.gov.ph/fct/library/report/3984,2026-09-16
FC000540,G004,fat_g_100g,1.2,https://i.fnri.dost.gov.ph/fct/library/report/3984,2026-09-16
FC000540,G004,fiber_g_100g,0.0,https://i.fnri.dost.gov.ph/fct/library/report/3984,2026-09-16
FC000540,G004,sugar_g_100g,0.0,https://i.fnri.dost.gov.ph/fct/library/report/3984,2026-09-16
FC000540,G004,sodium_mg_100g,66,https://i.fnri.dost.gov.ph/fct/library/report/3984,2026-09-16
FC000540,G004,cholesterol_mg_100g,67,https://i.fnri.dost.gov.ph/fct/library/report/3984,2026-09-16
FC000541,G008,kcal_100g,90,https://i.fnri.dost.gov.ph/fct/library/report/3988,2026-09-16
FC000541,G008,protein_g_100g,19.7,https://i.fnri.dost.gov.ph/fct/library/report/3988,2026-09-16
FC000541,G008,carbs_g_100g,0.0,https://i.fnri.dost.gov.ph/fct/library/report/3988,2026-09-16
FC000541,G008,fat_g_100g,1.2,https://i.fnri.dost.gov.ph/fct/library/report/3988,2026-09-16
FC000541,G008,fiber_g_100g,-,https://i.fnri.dost.gov.ph/fct/library/report/3988,2026-09-16
FC000541,G008,sugar_g_100g,-,https://i.fnri.dost.gov.ph/fct/library/report/3988,2026-09-16
FC000541,G008,sodium_mg_100g,154,https://i.fnri.dost.gov.ph/fct/library/report/3988,2026-09-16
FC000541,G008,cholesterol_mg_100g,-,https://i.fnri.dost.gov.ph/fct/library/report/3988,2026-09-16
FC000542,G009,kcal_100g,85,https://i.fnri.dost.gov.ph/fct/library/report/3989,2026-09-16
FC000542,G009,protein_g_100g,19.8,https://i.fnri.dost.gov.ph/fct/library/report/3989,2026-09-16
FC000542,G009,carbs_g_100g,0.0,https://i.fnri.dost.gov.ph/fct/library/report/3989,2026-09-16
FC000542,G009,fat_g_100g,0.6,https://i.fnri.dost.gov.ph/fct/library/report/3989,2026-09-16
FC000542,G009,fiber_g_100g,-,https://i.fnri.dost.gov.ph/fct/library/report/3989,2026-09-16
FC000542,G009,sugar_g_100g,-,https://i.fnri.dost.gov.ph/fct/library/report/3989,2026-09-16
FC000542,G009,sodium_mg_100g,-,https://i.fnri.dost.gov.ph/fct/library/report/3989,2026-09-16
FC000542,G009,cholesterol_mg_100g,-,https://i.fnri.dost.gov.ph/fct/library/report/3989,2026-09-16
FC000543,G010,kcal_100g,128,https://i.fnri.dost.gov.ph/fct/library/report/3990,2026-09-16
FC000543,G010,protein_g_100g,21.5,https://i.fnri.dost.gov.ph/fct/library/report/3990,2026-09-16
FC000543,G010,carbs_g_100g,0.0,https://i.fnri.dost.gov.ph/fct/library/report/3990,2026-09-16
FC000543,G010,fat_g_100g,4.7,https://i.fnri.dost.gov.ph/fct/library/report/3990,2026-09-16
FC000543,G010,fiber_g_100g,0.0,https://i.fnri.dost.gov.ph/fct/library/report/3990,2026-09-16
FC000543,G010,sugar_g_100g,0.0,https://i.fnri.dost.gov.ph/fct/library/report/3990,2026-09-16
FC000543,G010,sodium_mg_100g,74,https://i.fnri.dost.gov.ph/fct/library/report/3990,2026-09-16
FC000543,G010,cholesterol_mg_100g,-,https://i.fnri.dost.gov.ph/fct/library/report/3990,2026-09-16
FC000544,G011,kcal_100g,73,https://i.fnri.dost.gov.ph/fct/library/report/3991,2026-09-16
FC000544,G011,protein_g_100g,17.4,https://i.fnri.dost.gov.ph/fct/library/report/3991,2026-09-16
FC000544,G011,carbs_g_100g,0.0,https://i.fnri.dost.gov.ph/fct/library/report/3991,2026-09-16
FC000544,G011,fat_g_100g,0.4,https://i.fnri.dost.gov.ph/fct/library/report/3991,2026-09-16
FC000544,G011,fiber_g_100g,-,https://i.fnri.dost.gov.ph/fct/library/report/3991,2026-09-16
FC000544,G011,sugar_g_100g,-,https://i.fnri.dost.gov.ph/fct/library/report/3991,2026-09-16
FC000544,G011,sodium_mg_100g,-,https://i.fnri.dost.gov.ph/fct/library/report/3991,2026-09-16
FC000544,G011,cholesterol_mg_100g,-,https://i.fnri.dost.gov.ph/fct/library/report/3991,2026-09-16
FC000545,G012,kcal_100g,185,https://i.fnri.dost.gov.ph/fct/library/report/3992,2026-09-16
FC000545,G012,protein_g_100g,17.8,https://i.fnri.dost.gov.ph/fct/library/report/3992,2026-09-16
FC000545,G012,carbs_g_100g,0.0,https://i.fnri.dost.gov.ph/fct/library/report/3992,2026-09-16
FC000545,G012,fat_g_100g,12.6,https://i.fnri.dost.gov.ph/fct/library/report/3992,2026-09-16
FC000545,G012,fiber_g_100g,0.0,https://i.fnri.dost.gov.ph/fct/library/report/3992,2026-09-16
FC000545,G012,sugar_g_100g,0.0,https://i.fnri.dost.gov.ph/fct/library/report/3992,2026-09-16
FC000545,G012,sodium_mg_100g,102,https://i.fnri.dost.gov.ph/fct/library/report/3992,2026-09-16
FC000545,G012,cholesterol_mg_100g,-,https://i.fnri.dost.gov.ph/fct/library/report/3992,2026-09-16
FC000546,G015,kcal_100g,108,https://i.fnri.dost.gov.ph/fct/library/report/3995,2026-09-16
FC000546,G015,protein_g_100g,20.1,https://i.fnri.dost.gov.ph/fct/library/report/3995,2026-09-16
FC000546,G015,carbs_g_100g,0.0,https://i.fnri.dost.gov.ph/fct/library/report/3995,2026-09-16
FC000546,G015,fat_g_100g,3.1,https://i.fnri.dost.gov.ph/fct/library/report/3995,2026-09-16
FC000546,G015,fiber_g_100g,0.0,https://i.fnri.dost.gov.ph/fct/library/report/3995,2026-09-16
FC000546,G015,sugar_g_100g,0.0,https://i.fnri.dost.gov.ph/fct/library/report/3995,2026-09-16
FC000546,G015,sodium_mg_100g,70,https://i.fnri.dost.gov.ph/fct/library/report/3995,2026-09-16
FC000546,G015,cholesterol_mg_100g,47,https://i.fnri.dost.gov.ph/fct/library/report/3995,2026-09-16
FC000547,G018,kcal_100g,82,https://i.fnri.dost.gov.ph/fct/library/report/3998,2026-09-16
FC000547,G018,protein_g_100g,10.2,https://i.fnri.dost.gov.ph/fct/library/report/3998,2026-09-16
FC000547,G018,carbs_g_100g,5.8,https://i.fnri.dost.gov.ph/fct/library/report/3998,2026-09-16
FC000547,G018,fat_g_100g,2.0,https://i.fnri.dost.gov.ph/fct/library/report/3998,2026-09-16
FC000547,G018,fiber_g_100g,0.0,https://i.fnri.dost.gov.ph/fct/library/report/3998,2026-09-16
FC000547,G018,sugar_g_100g,0.0,https://i.fnri.dost.gov.ph/fct/library/report/3998,2026-09-16
FC000547,G018,sodium_mg_100g,572,https://i.fnri.dost.gov.ph/fct/library/report/3998,2026-09-16
FC000547,G018,cholesterol_mg_100g,63,https://i.fnri.dost.gov.ph/fct/library/report/3998,2026-09-16
FC000548,E095,kcal_100g,30,https://i.fnri.dost.gov.ph/fct/library/report/3677,2026-09-16
FC000548,E095,protein_g_100g,0.7,https://i.fnri.dost.gov.ph/fct/library/report/3677,2026-09-16
FC000548,E095,carbs_g_100g,6.6,https://i.fnri.dost.gov.ph/fct/library/report/3677,2026-09-16
FC000548,E095,fat_g_100g,0.1,https://i.fnri.dost.gov.ph/fct/library/report/3677,2026-09-16
FC000548,E095,fiber_g_100g,-,https://i.fnri.dost.gov.ph/fct/library/report/3677,2026-09-16
FC000548,E095,sugar_g_100g,-,https://i.fnri.dost.gov.ph/fct/library/report/3677,2026-09-16
FC000548,E095,sodium_mg_100g,-,https://i.fnri.dost.gov.ph/fct/library/report/3677,2026-09-16
FC000548,E095,cholesterol_mg_100g,0,https://i.fnri.dost.gov.ph/fct/library/report/3677,2026-09-16
FC000549,E101,kcal_100g,183,https://i.fnri.dost.gov.ph/fct/library/report/3683,2026-09-16
FC000549,E101,protein_g_100g,2.0,https://i.fnri.dost.gov.ph/fct/library/report/3683,2026-09-16
FC000549,E101,carbs_g_100g,37.8,https://i.fnri.dost.gov.ph/fct/library/report/3683,2026-09-16
FC000549,E101,fat_g_100g,2.6,https://i.fnri.dost.gov.ph/fct/library/report/3683,2026-09-16
FC000549,E101,fiber_g_100g,1.6,https://i.fnri.dost.gov.ph/fct/library/report/3683,2026-09-16
FC000549,E101,sugar_g_100g,36.2,https://i.fnri.dost.gov.ph/fct/library/report/3683,2026-09-16
FC000549,E101,sodium_mg_100g,6,https://i.fnri.dost.gov.ph/fct/library/report/3683,2026-09-16
FC000549,E101,cholesterol_mg_100g,0,https://i.fnri.dost.gov.ph/fct/library/report/3683,2026-09-16
FC000550,E102,kcal_100g,259,https://i.fnri.dost.gov.ph/fct/library/report/3684,2026-09-16
FC000550,E102,protein_g_100g,2.4,https://i.fnri.dost.gov.ph/fct/library/report/3684,2026-09-16
FC000550,E102,carbs_g_100g,48.0,https://i.fnri.dost.gov.ph/fct/library/report/3684,2026-09-16
FC000550,E102,fat_g_100g,6.4,https://i.fnri.dost.gov.ph/fct/library/report/3684,2026-09-16
FC000550,E102,fiber_g_100g,1.6,https://i.fnri.dost.gov.ph/fct/library/report/3684,2026-09-16
FC000550,E102,sugar_g_100g,28.8,https://i.fnri.dost.gov.ph/fct/library/report/3684,2026-09-16
FC000550,E102,sodium_mg_100g,89,https://i.fnri.dost.gov.ph/fct/library/report/3684,2026-09-16
FC000550,E102,cholesterol_mg_100g,0,https://i.fnri.dost.gov.ph/fct/library/report/3684,2026-09-16
FC000551,E001,kcal_100g,63,https://i.fnri.dost.gov.ph/fct/library/report/3583,2026-09-16
FC000551,E001,protein_g_100g,0.5,https://i.fnri.dost.gov.ph/fct/library/report/3583,2026-09-16
FC000551,E001,carbs_g_100g,14.9,https://i.fnri.dost.gov.ph/fct/library/report/3583,2026-09-16
FC000551,E001,fat_g_100g,0.1,https://i.fnri.dost.gov.ph/fct/library/report/3583,2026-09-16
FC000551,E001,fiber_g_100g,3.0,https://i.fnri.dost.gov.ph/fct/library/report/3583,2026-09-16
FC000551,E001,sugar_g_100g,10.4,https://i.fnri.dost.gov.ph/fct/library/report/3583,2026-09-16
FC000551,E001,sodium_mg_100g,4,https://i.fnri.dost.gov.ph/fct/library/report/3583,2026-09-16
FC000551,E001,cholesterol_mg_100g,0,https://i.fnri.dost.gov.ph/fct/library/report/3583,2026-09-16
FC000552,E002,kcal_100g,67,https://i.fnri.dost.gov.ph/fct/library/report/3584,2026-09-16
FC000552,E002,protein_g_100g,0.7,https://i.fnri.dost.gov.ph/fct/library/report/3584,2026-09-16
FC000552,E002,carbs_g_100g,15.8,https://i.fnri.dost.gov.ph/fct/library/report/3584,2026-09-16
FC000552,E002,fat_g_100g,0.1,https://i.fnri.dost.gov.ph/fct/library/report/3584,2026-09-16
FC000552,E002,fiber_g_100g,2.6,https://i.fnri.dost.gov.ph/fct/library/report/3584,2026-09-16
FC000552,E002,sugar_g_100g,12.0,https://i.fnri.dost.gov.ph/fct/library/report/3584,2026-09-16
FC000552,E002,sodium_mg_100g,2,https://i.fnri.dost.gov.ph/fct/library/report/3584,2026-09-16
FC000552,E002,cholesterol_mg_100g,0,https://i.fnri.dost.gov.ph/fct/library/report/3584,2026-09-16
FC000553,E006,kcal_100g,106,https://i.fnri.dost.gov.ph/fct/library/report/3588,2026-09-16
FC000553,E006,protein_g_100g,1.0,https://i.fnri.dost.gov.ph/fct/library/report/3588,2026-09-16
FC000553,E006,carbs_g_100g,24.5,https://i.fnri.dost.gov.ph/fct/library/report/3588,2026-09-16
FC000553,E006,fat_g_100g,0.4,https://i.fnri.dost.gov.ph/fct/library/report/3588,2026-09-16
FC000553,E006,fiber_g_100g,2.8,https://i.fnri.dost.gov.ph/fct/library/report/3588,2026-09-16
FC000553,E006,sugar_g_100g,13.0,https://i.fnri.dost.gov.ph/fct/library/report/3588,2026-09-16
FC000553,E006,sodium_mg_100g,1,https://i.fnri.dost.gov.ph/fct/library/report/3588,2026-09-16
FC000553,E006,cholesterol_mg_100g,0,https://i.fnri.dost.gov.ph/fct/library/report/3588,2026-09-16
FC000554,E007,kcal_100g,101,https://i.fnri.dost.gov.ph/fct/library/report/3589,2026-09-16
FC000554,E007,protein_g_100g,1.3,https://i.fnri.dost.gov.ph/fct/library/report/3589,2026-09-16
FC000554,E007,carbs_g_100g,23.2,https://i.fnri.dost.gov.ph/fct/library/report/3589,2026-09-16
FC000554,E007,fat_g_100g,0.3,https://i.fnri.dost.gov.ph/fct/library/report/3589,2026-09-16
FC000554,E007,fiber_g_100g,2.7,https://i.fnri.dost.gov.ph/fct/library/report/3589,2026-09-16
FC000554,E007,sugar_g_100g,12.5,https://i.fnri.dost.gov.ph/fct/library/report/3589,2026-09-16
FC000554,E007,sodium_mg_100g,1,https://i.fnri.dost.gov.ph/fct/library/report/3589,2026-09-16
FC000554,E007,cholesterol_mg_100g,0,https://i.fnri.dost.gov.ph/fct/library/report/3589,2026-09-16
FC000555,E008,kcal_100g,104,https://i.fnri.dost.gov.ph/fct/library/report/3590,2026-09-16
FC000555,E008,protein_g_100g,0.9,https://i.fnri.dost.gov.ph/fct/library/report/3590,2026-09-16
FC000555,E008,carbs_g_100g,23.1,https://i.fnri.dost.gov.ph/fct/library/report/3590,2026-09-16
FC000555,E008,fat_g_100g,0.9,https://i.fnri.dost.gov.ph/fct/library/report/3590,2026-09-16
FC000555,E008,fiber_g_100g,2.7,https://i.fnri.dost.gov.ph/fct/library/report/3590,2026-09-16
FC000555,E008,sugar_g_100g,12.5,https://i.fnri.dost.gov.ph/fct/library/report/3590,2026-09-16
FC000555,E008,sodium_mg_100g,13,https://i.fnri.dost.gov.ph/fct/library/report/3590,2026-09-16
FC000555,E008,cholesterol_mg_100g,0,https://i.fnri.dost.gov.ph/fct/library/report/3590,2026-09-16
FC000556,E009,kcal_100g,112,https://i.fnri.dost.gov.ph/fct/library/report/3591,2026-09-16
FC000556,E009,protein_g_100g,1.1,https://i.fnri.dost.gov.ph/fct/library/report/3591,2026-09-16
FC000556,E009,carbs_g_100g,25.4,https://i.fnri.dost.gov.ph/fct/library/report/3591,2026-09-16
FC000556,E009,fat_g_100g,0.7,https://i.fnri.dost.gov.ph/fct/library/report/3591,2026-09-16
FC000556,E009,fiber_g_100g,2.9,https://i.fnri.dost.gov.ph/fct/library/report/3591,2026-09-16
FC000556,E009,sugar_g_100g,13.6,https://i.fnri.dost.gov.ph/fct/library/report/3591,2026-09-16
FC000556,E009,sodium_mg_100g,1,https://i.fnri.dost.gov.ph/fct/library/report/3591,2026-09-16
FC000556,E009,cholesterol_mg_100g,0,https://i.fnri.dost.gov.ph/fct/library/report/3591,2026-09-16
FC000557,E010,kcal_100g,132,https://i.fnri.dost.gov.ph/fct/library/report/3592,2026-09-16
FC000557,E010,protein_g_100g,1.1,https://i.fnri.dost.gov.ph/fct/library/report/3592,2026-09-16
FC000557,E010,carbs_g_100g,31.7,https://i.fnri.dost.gov.ph/fct/library/report/3592,2026-09-16
FC000557,E010,fat_g_100g,0.1,https://i.fnri.dost.gov.ph/fct/library/report/3592,2026-09-16
FC000557,E010,fiber_g_100g,3.5,https://i.fnri.dost.gov.ph/fct/library/report/3592,2026-09-16
FC000557,E010,sugar_g_100g,16.4,https://i.fnri.dost.gov.ph/fct/library/report/3592,2026-09-16
FC000557,E010,sodium_mg_100g,3,https://i.fnri.dost.gov.ph/fct/library/report/3592,2026-09-16
FC000557,E010,cholesterol_mg_100g,0,https://i.fnri.dost.gov.ph/fct/library/report/3592,2026-09-16
FC000558,E013,kcal_100g,107,https://i.fnri.dost.gov.ph/fct/library/report/3595,2026-09-16
FC000558,E013,protein_g_100g,1.2,https://i.fnri.dost.gov.ph/fct/library/report/3595,2026-09-16
FC000558,E013,carbs_g_100g,24.5,https://i.fnri.dost.gov.ph/fct/library/report/3595,2026-09-16
FC000558,E013,fat_g_100g,0.5,https://i.fnri.dost.gov.ph/fct/library/report/3595,2026-09-16
FC000558,E013,fiber_g_100g,2.8,https://i.fnri.dost.gov.ph/fct/library/report/3595,2026-09-16
FC000558,E013,sugar_g_100g,13.1,https://i.fnri.dost.gov.ph/fct/library/report/3595,2026-09-16
FC000558,E013,sodium_mg_100g,2,https://i.fnri.dost.gov.ph/fct/library/report/3595,2026-09-16
FC000558,E013,cholesterol_mg_100g,0,https://i.fnri.dost.gov.ph/fct/library/report/3595,2026-09-16
FC000559,E016,kcal_100g,134,https://i.fnri.dost.gov.ph/fct/library/report/3598,2026-09-16
FC000559,E016,protein_g_100g,0.9,https://i.fnri.dost.gov.ph/fct/library/report/3598,2026-09-16
FC000559,E016,carbs_g_100g,31.6,https://i.fnri.dost.gov.ph/fct/library/report/3598,2026-09-16
FC000559,E016,fat_g_100g,0.4,https://i.fnri.dost.gov.ph/fct/library/report/3598,2026-09-16
FC000559,E016,fiber_g_100g,3.5,https://i.fnri.dost.gov.ph/fct/library/report/3598,2026-09-16
FC000559,E016,sugar_g_100g,16.5,https://i.fnri.dost.gov.ph/fct/library/report/3598,2026-09-16
FC000559,E016,sodium_mg_100g,1,https://i.fnri.dost.gov.ph/fct/library/report/3598,2026-09-16
FC000559,E016,cholesterol_mg_100g,0,https://i.fnri.dost.gov.ph/fct/library/report/3598,2026-09-16
FC000560,E017,kcal_100g,99,https://i.fnri.dost.gov.ph/fct/library/report/3599,2026-09-16
FC000560,E017,protein_g_100g,1.1,https://i.fnri.dost.gov.ph/fct/library/report/3599,2026-09-16
FC000560,E017,carbs_g_100g,23.3,https://i.fnri.dost.gov.ph/fct/library/report/3599,2026-09-16
FC000560,E017,fat_g_100g,0.2,https://i.fnri.dost.gov.ph/fct/library/report/3599,2026-09-16
FC000560,E017,fiber_g_100g,2.6,https://i.fnri.dost.gov.ph/fct/library/report/3599,2026-09-16
FC000560,E017,sugar_g_100g,12.3,https://i.fnri.dost.gov.ph/fct/library/report/3599,2026-09-16
FC000560,E017,sodium_mg_100g,1,https://i.fnri.dost.gov.ph/fct/library/report/3599,2026-09-16
FC000560,E017,cholesterol_mg_100g,0,https://i.fnri.dost.gov.ph/fct/library/report/3599,2026-09-16
FC000561,E026,kcal_100g,34,https://i.fnri.dost.gov.ph/fct/library/report/3608,2026-09-16
FC000561,E026,protein_g_100g,0.4,https://i.fnri.dost.gov.ph/fct/library/report/3608,2026-09-16
FC000561,E026,carbs_g_100g,7.8,https://i.fnri.dost.gov.ph/fct/library/report/3608,2026-09-16
FC000561,E026,fat_g_100g,0.1,https://i.fnri.dost.gov.ph/fct/library/report/3608,2026-09-16
FC000561,E026,fiber_g_100g,1.3,https://i.fnri.dost.gov.ph/fct/library/report/3608,2026-09-16
FC000561,E026,sugar_g_100g,6.1,https://i.fnri.dost.gov.ph/fct/library/report/3608,2026-09-16
FC000561,E026,sodium_mg_100g,2,https://i.fnri.dost.gov.ph/fct/library/report/3608,2026-09-16
FC000561,E026,cholesterol_mg_100g,0,https://i.fnri.dost.gov.ph/fct/library/report/3608,2026-09-16
FC000562,E027,kcal_100g,131,https://i.fnri.dost.gov.ph/fct/library/report/3609,2026-09-16
FC000562,E027,protein_g_100g,1.4,https://i.fnri.dost.gov.ph/fct/library/report/3609,2026-09-16
FC000562,E027,carbs_g_100g,31.0,https://i.fnri.dost.gov.ph/fct/library/report/3609,2026-09-16
FC000562,E027,fat_g_100g,0.2,https://i.fnri.dost.gov.ph/fct/library/report/3609,2026-09-16
FC000562,E027,fiber_g_100g,2.9,https://i.fnri.dost.gov.ph/fct/library/report/3609,2026-09-16
FC000562,E027,sugar_g_100g,22.9,https://i.fnri.dost.gov.ph/fct/library/report/3609,2026-09-16
FC000562,E027,sodium_mg_100g,5,https://i.fnri.dost.gov.ph/fct/library/report/3609,2026-09-16
FC000562,E027,cholesterol_mg_100g,0,https://i.fnri.dost.gov.ph/fct/library/report/3609,2026-09-16
FC000563,E029,kcal_100g,88,https://i.fnri.dost.gov.ph/fct/library/report/3611,2026-09-16
FC000563,E029,protein_g_100g,0.6,https://i.fnri.dost.gov.ph/fct/library/report/3611,2026-09-16
FC000563,E029,carbs_g_100g,20.8,https://i.fnri.dost.gov.ph/fct/library/report/3611,2026-09-16
FC000563,E029,fat_g_100g,0.3,https://i.fnri.dost.gov.ph/fct/library/report/3611,2026-09-16
FC000563,E029,fiber_g_100g,4.1,https://i.fnri.dost.gov.ph/fct/library/report/3611,2026-09-16
FC000563,E029,sugar_g_100g,14.2,https://i.fnri.dost.gov.ph/fct/library/report/3611,2026-09-16
FC000563,E029,sodium_mg_100g,3,https://i.fnri.dost.gov.ph/fct/library/report/3611,2026-09-16
FC000563,E029,cholesterol_mg_100g,0,https://i.fnri.dost.gov.ph/fct/library/report/3611,2026-09-16
FC000564,E030,kcal_100g,83,https://i.fnri.dost.gov.ph/fct/library/report/3612,2026-09-16
FC000564,E030,protein_g_100g,0.4,https://i.fnri.dost.gov.ph/fct/library/report/3612,2026-09-16
FC000564,E030,carbs_g_100g,19.7,https://i.fnri.dost.gov.ph/fct/library/report/3612,2026-09-16
FC000564,E030,fat_g_100g,0.3,https://i.fnri.dost.gov.ph/fct/library/report/3612,2026-09-16
FC000564,E030,fiber_g_100g,1.0,https://i.fnri.dost.gov.ph/fct/library/report/3612,2026-09-16
FC000564,E030,sugar_g_100g,18.1,https://i.fnri.dost.gov.ph/fct/library/report/3612,2026-09-16
FC000564,E030,sodium_mg_100g,16,https://i.fnri.dost.gov.ph/fct/library/report/3612,2026-09-16
FC000564,E030,cholesterol_mg_100g,0,https://i.fnri.dost.gov.ph/fct/library/report/3612,2026-09-16
FC000565,E033,kcal_100g,111,https://i.fnri.dost.gov.ph/fct/library/report/3615,2026-09-16
FC000565,E033,protein_g_100g,1.4,https://i.fnri.dost.gov.ph/fct/library/report/3615,2026-09-16
FC000565,E033,carbs_g_100g,25.4,https://i.fnri.dost.gov.ph/fct/library/report/3615,2026-09-16
FC000565,E033,fat_g_100g,0.4,https://i.fnri.dost.gov.ph/fct/library/report/3615,2026-09-16
FC000565,E033,fiber_g_100g,1.6,https://i.fnri.dost.gov.ph/fct/library/report/3615,2026-09-16
FC000565,E033,sugar_g_100g,20.3,https://i.fnri.dost.gov.ph/fct/library/report/3615,2026-09-16
FC000565,E033,sodium_mg_100g,2,https://i.fnri.dost.gov.ph/fct/library/report/3615,2026-09-16
FC000565,E033,cholesterol_mg_100g,0,https://i.fnri.dost.gov.ph/fct/library/report/3615,2026-09-16
FC000566,E039,kcal_100g,64,https://i.fnri.dost.gov.ph/fct/library/report/3621,2026-09-16
FC000566,E039,protein_g_100g,1.0,https://i.fnri.dost.gov.ph/fct/library/report/3621,2026-09-16
FC000566,E039,carbs_g_100g,14.2,https://i.fnri.dost.gov.ph/fct/library/report/3621,2026-09-16
FC000566,E039,fat_g_100g,0.3,https://i.fnri.dost.gov.ph/fct/library/report/3621,2026-09-16
FC000566,E039,fiber_g_100g,2.7,https://i.fnri.dost.gov.ph/fct/library/report/3621,2026-09-16
FC000566,E039,sugar_g_100g,-,https://i.fnri.dost.gov.ph/fct/library/report/3621,2026-09-16
FC000566,E039,sodium_mg_100g,1,https://i.fnri.dost.gov.ph/fct/library/report/3621,2026-09-16
FC000566,E039,cholesterol_mg_100g,0,https://i.fnri.dost.gov.ph/fct/library/report/3621,2026-09-16
FC000567,E045,kcal_100g,87,https://i.fnri.dost.gov.ph/fct/library/report/3627,2026-09-16
FC000567,E045,protein_g_100g,1.5,https://i.fnri.dost.gov.ph/fct/library/report/3627,2026-09-16
FC000567,E045,carbs_g_100g,20.1,https://i.fnri.dost.gov.ph/fct/library/report/3627,2026-09-16
FC000567,E045,fat_g_100g,0.1,https://i.fnri.dost.gov.ph/fct/library/report/3627,2026-09-16
FC000567,E045,fiber_g_100g,1.6,https://i.fnri.dost.gov.ph/fct/library/report/3627,2026-09-16
FC000567,E045,sugar_g_100g,18.4,https://i.fnri.dost.gov.ph/fct/library/report/3627,2026-09-16
FC000567,E045,sodium_mg_100g,6,https://i.fnri.dost.gov.ph/fct/library/report/3627,2026-09-16
FC000567,E045,cholesterol_mg_100g,0,https://i.fnri.dost.gov.ph/fct/library/report/3627,2026-09-16
FC000568,E047,kcal_100g,44,https://i.fnri.dost.gov.ph/fct/library/report/3629,2026-09-16
FC000568,E047,protein_g_100g,0.5,https://i.fnri.dost.gov.ph/fct/library/report/3629,2026-09-16
FC000568,E047,carbs_g_100g,10.0,https://i.fnri.dost.gov.ph/fct/library/report/3629,2026-09-16
FC000568,E047,fat_g_100g,0.2,https://i.fnri.dost.gov.ph/fct/library/report/3629,2026-09-16
FC000568,E047,fiber_g_100g,1.7,https://i.fnri.dost.gov.ph/fct/library/report/3629,2026-09-16
FC000568,E047,sugar_g_100g,7.9,https://i.fnri.dost.gov.ph/fct/library/report/3629,2026-09-16
FC000568,E047,sodium_mg_100g,2,https://i.fnri.dost.gov.ph/fct/library/report/3629,2026-09-16
FC000568,E047,cholesterol_mg_100g,0,https://i.fnri.dost.gov.ph/fct/library/report/3629,2026-09-16
FC000569,E049,kcal_100g,53,https://i.fnri.dost.gov.ph/fct/library/report/3631,2026-09-16
FC000569,E049,protein_g_100g,0.3,https://i.fnri.dost.gov.ph/fct/library/report/3631,2026-09-16
FC000569,E049,carbs_g_100g,12.5,https://i.fnri.dost.gov.ph/fct/library/report/3631,2026-09-16
FC000569,E049,fat_g_100g,0.2,https://i.fnri.dost.gov.ph/fct/library/report/3631,2026-09-16
FC000569,E049,fiber_g_100g,1.3,https://i.fnri.dost.gov.ph/fct/library/report/3631,2026-09-16
FC000569,E049,sugar_g_100g,4.7,https://i.fnri.dost.gov.ph/fct/library/report/3631,2026-09-16
FC000569,E049,sodium_mg_100g,3,https://i.fnri.dost.gov.ph/fct/library/report/3631,2026-09-16
FC000569,E049,cholesterol_mg_100g,0,https://i.fnri.dost.gov.ph/fct/library/report/3631,2026-09-16
FC000570,E050,kcal_100g,66,https://i.fnri.dost.gov.ph/fct/library/report/3632,2026-09-16
FC000570,E050,protein_g_100g,0.4,https://i.fnri.dost.gov.ph/fct/library/report/3632,2026-09-16
FC000570,E050,carbs_g_100g,15.2,https://i.fnri.dost.gov.ph/fct/library/report/3632,2026-09-16
FC000570,E050,fat_g_100g,0.4,https://i.fnri.dost.gov.ph/fct/library/report/3632,2026-09-16
FC000570,E050,fiber_g_100g,1.6,https://i.fnri.dost.gov.ph/fct/library/report/3632,2026-09-16
FC000570,E050,sugar_g_100g,9.4,https://i.fnri.dost.gov.ph/fct/library/report/3632,2026-09-16
FC000570,E050,sodium_mg_100g,14,https://i.fnri.dost.gov.ph/fct/library/report/3632,2026-09-16
FC000570,E050,cholesterol_mg_100g,0,https://i.fnri.dost.gov.ph/fct/library/report/3632,2026-09-16
FC000571,E052,kcal_100g,63,https://i.fnri.dost.gov.ph/fct/library/report/3634,2026-09-16
FC000571,E052,protein_g_100g,0.5,https://i.fnri.dost.gov.ph/fct/library/report/3634,2026-09-16
FC000571,E052,carbs_g_100g,14.9,https://i.fnri.dost.gov.ph/fct/library/report/3634,2026-09-16
FC000571,E052,fat_g_100g,0.2,https://i.fnri.dost.gov.ph/fct/library/report/3634,2026-09-16
FC000571,E052,fiber_g_100g,1.5,https://i.fnri.dost.gov.ph/fct/library/report/3634,2026-09-16
FC000571,E052,sugar_g_100g,5.7,https://i.fnri.dost.gov.ph/fct/library/report/3634,2026-09-16
FC000571,E052,sodium_mg_100g,6,https://i.fnri.dost.gov.ph/fct/library/report/3634,2026-09-16
FC000571,E052,cholesterol_mg_100g,0,https://i.fnri.dost.gov.ph/fct/library/report/3634,2026-09-16
FC000572,E053,kcal_100g,74,https://i.fnri.dost.gov.ph/fct/library/report/3635,2026-09-16
FC000572,E053,protein_g_100g,0.7,https://i.fnri.dost.gov.ph/fct/library/report/3635,2026-09-16
FC000572,E053,carbs_g_100g,16.4,https://i.fnri.dost.gov.ph/fct/library/report/3635,2026-09-16
FC000572,E053,fat_g_100g,0.6,https://i.fnri.dost.gov.ph/fct/library/report/3635,2026-09-16
FC000572,E053,fiber_g_100g,1.8,https://i.fnri.dost.gov.ph/fct/library/report/3635,2026-09-16
FC000572,E053,sugar_g_100g,6.5,https://i.fnri.dost.gov.ph/fct/library/report/3635,2026-09-16
FC000572,E053,sodium_mg_100g,7,https://i.fnri.dost.gov.ph/fct/library/report/3635,2026-09-16
FC000572,E053,cholesterol_mg_100g,0,https://i.fnri.dost.gov.ph/fct/library/report/3635,2026-09-16
FC000573,E054,kcal_100g,83,https://i.fnri.dost.gov.ph/fct/library/report/3636,2026-09-16
FC000573,E054,protein_g_100g,0.3,https://i.fnri.dost.gov.ph/fct/library/report/3636,2026-09-16
FC000573,E054,carbs_g_100g,18.4,https://i.fnri.dost.gov.ph/fct/library/report/3636,2026-09-16
FC000573,E054,fat_g_100g,0.9,https://i.fnri.dost.gov.ph/fct/library/report/3636,2026-09-16
FC000573,E054,fiber_g_100g,1.9,https://i.fnri.dost.gov.ph/fct/library/report/3636,2026-09-16
FC000573,E054,sugar_g_100g,11.4,https://i.fnri.dost.gov.ph/fct/library/report/3636,2026-09-16
FC000573,E054,sodium_mg_100g,17,https://i.fnri.dost.gov.ph/fct/library/report/3636,2026-09-16
FC000573,E054,cholesterol_mg_100g,0,https://i.fnri.dost.gov.ph/fct/library/report/3636,2026-09-16
FC000574,E056,kcal_100g,69,https://i.fnri.dost.gov.ph/fct/library/report/3638,2026-09-16
FC000574,E056,protein_g_100g,0.5,https://i.fnri.dost.gov.ph/fct/library/report/3638,2026-09-16
FC000574,E056,carbs_g_100g,15.8,https://i.fnri.dost.gov.ph/fct/library/report/3638,2026-09-16
FC000574,E056,fat_g_100g,0.4,https://i.fnri.dost.gov.ph/fct/library/report/3638,2026-09-16
FC000574,E056,fiber_g_100g,1.6,https://i.fnri.dost.gov.ph/fct/library/report/3638,2026-09-16
FC000574,E056,sugar_g_100g,6.1,https://i.fnri.dost.gov.ph/fct/library/report/3638,2026-09-16
FC000574,E056,sodium_mg_100g,6,https://i.fnri.dost.gov.ph/fct/library/report/3638,2026-09-16
FC000574,E056,cholesterol_mg_100g,0,https://i.fnri.dost.gov.ph/fct/library/report/3638,2026-09-16
FC000575,E058,kcal_100g,84,https://i.fnri.dost.gov.ph/fct/library/report/3640,2026-09-16
FC000575,E058,protein_g_100g,0.7,https://i.fnri.dost.gov.ph/fct/library/report/3640,2026-09-16
FC000575,E058,carbs_g_100g,18.6,https://i.fnri.dost.gov.ph/fct/library/report/3640,2026-09-16
FC000575,E058,fat_g_100g,0.8,https://i.fnri.dost.gov.ph/fct/library/report/3640,2026-09-16
FC000575,E058,fiber_g_100g,1.8,https://i.fnri.dost.gov.ph/fct/library/report/3640,2026-09-16
FC000575,E058,sugar_g_100g,-,https://i.fnri.dost.gov.ph/fct/library/report/3640,2026-09-16
FC000575,E058,sodium_mg_100g,12,https://i.fnri.dost.gov.ph/fct/library/report/3640,2026-09-16
FC000575,E058,cholesterol_mg_100g,0,https://i.fnri.dost.gov.ph/fct/library/report/3640,2026-09-16
FC000576,E061,kcal_100g,23,https://i.fnri.dost.gov.ph/fct/library/report/3643,2026-09-16
FC000576,E061,protein_g_100g,0.5,https://i.fnri.dost.gov.ph/fct/library/report/3643,2026-09-16
FC000576,E061,carbs_g_100g,4.8,https://i.fnri.dost.gov.ph/fct/library/report/3643,2026-09-16
FC000576,E061,fat_g_100g,0.3,https://i.fnri.dost.gov.ph/fct/library/report/3643,2026-09-16
FC000576,E061,fiber_g_100g,0.6,https://i.fnri.dost.gov.ph/fct/library/report/3643,2026-09-16
FC000576,E061,sugar_g_100g,4.0,https://i.fnri.dost.gov.ph/fct/library/report/3643,2026-09-16
FC000576,E061,sodium_mg_100g,11,https://i.fnri.dost.gov.ph/fct/library/report/3643,2026-09-16
FC000576,E061,cholesterol_mg_100g,0,https://i.fnri.dost.gov.ph/fct/library/report/3643,2026-09-16
FC000577,E062,kcal_100g,42,https://i.fnri.dost.gov.ph/fct/library/report/3644,2026-09-16
FC000577,E062,protein_g_100g,0.3,https://i.fnri.dost.gov.ph/fct/library/report/3644,2026-09-16
FC000577,E062,carbs_g_100g,9.5,https://i.fnri.dost.gov.ph/fct/library/report/3644,2026-09-16
FC000577,E062,fat_g_100g,0.3,https://i.fnri.dost.gov.ph/fct/library/report/3644,2026-09-16
FC000577,E062,fiber_g_100g,0.8,https://i.fnri.dost.gov.ph/fct/library/report/3644,2026-09-16
FC000577,E062,sugar_g_100g,8.3,https://i.fnri.dost.gov.ph/fct/library/report/3644,2026-09-16
FC000577,E062,sodium_mg_100g,18,https://i.fnri.dost.gov.ph/fct/library/report/3644,2026-09-16
FC000577,E062,cholesterol_mg_100g,0,https://i.fnri.dost.gov.ph/fct/library/report/3644,2026-09-16
FC000578,E065,kcal_100g,35,https://i.fnri.dost.gov.ph/fct/library/report/3647,2026-09-16
FC000578,E065,protein_g_100g,0.4,https://i.fnri.dost.gov.ph/fct/library/report/3647,2026-09-16
FC000578,E065,carbs_g_100g,7.8,https://i.fnri.dost.gov.ph/fct/library/report/3647,2026-09-16
FC000578,E065,fat_g_100g,0.2,https://i.fnri.dost.gov.ph/fct/library/report/3647,2026-09-16
FC000578,E065,fiber_g_100g,1.6,https://i.fnri.dost.gov.ph/fct/library/report/3647,2026-09-16
FC000578,E065,sugar_g_100g,6.1,https://i.fnri.dost.gov.ph/fct/library/report/3647,2026-09-16
FC000578,E065,sodium_mg_100g,3,https://i.fnri.dost.gov.ph/fct/library/report/3647,2026-09-16
FC000578,E065,cholesterol_mg_100g,0,https://i.fnri.dost.gov.ph/fct/library/report/3647,2026-09-16
FC000579,E066,kcal_100g,31,https://i.fnri.dost.gov.ph/fct/library/report/3648,2026-09-16
FC000579,E066,protein_g_100g,0.3,https://i.fnri.dost.gov.ph/fct/library/report/3648,2026-09-16
FC000579,E066,carbs_g_100g,6.9,https://i.fnri.dost.gov.ph/fct/library/report/3648,2026-09-16
FC000579,E066,fat_g_100g,0.2,https://i.fnri.dost.gov.ph/fct/library/report/3648,2026-09-16
FC000579,E066,fiber_g_100g,0.9,https://i.fnri.dost.gov.ph/fct/library/report/3648,2026-09-16
FC000579,E066,sugar_g_100g,5.5,https://i.fnri.dost.gov.ph/fct/library/report/3648,2026-09-16
FC000579,E066,sodium_mg_100g,1,https://i.fnri.dost.gov.ph/fct/library/report/3648,2026-09-16
FC000579,E066,cholesterol_mg_100g,0,https://i.fnri.dost.gov.ph/fct/library/report/3648,2026-09-16
FC000580,E068,kcal_100g,53,https://i.fnri.dost.gov.ph/fct/library/report/3650,2026-09-16
FC000580,E068,protein_g_100g,0.7,https://i.fnri.dost.gov.ph/fct/library/report/3650,2026-09-16
FC000580,E068,carbs_g_100g,12.0,https://i.fnri.dost.gov.ph/fct/library/report/3650,2026-09-16
FC000580,E068,fat_g_100g,0.2,https://i.fnri.dost.gov.ph/fct/library/report/3650,2026-09-16
FC000580,E068,fiber_g_100g,2.0,https://i.fnri.dost.gov.ph/fct/library/report/3650,2026-09-16
FC000580,E068,sugar_g_100g,9.0,https://i.fnri.dost.gov.ph/fct/library/report/3650,2026-09-16
FC000580,E068,sodium_mg_100g,3,https://i.fnri.dost.gov.ph/fct/library/report/3650,2026-09-16
FC000580,E068,cholesterol_mg_100g,0,https://i.fnri.dost.gov.ph/fct/library/report/3650,2026-09-16
FC000581,E070,kcal_100g,57,https://i.fnri.dost.gov.ph/fct/library/report/3652,2026-09-16
FC000581,E070,protein_g_100g,0.4,https://i.fnri.dost.gov.ph/fct/library/report/3652,2026-09-16
FC000581,E070,carbs_g_100g,12.6,https://i.fnri.dost.gov.ph/fct/library/report/3652,2026-09-16
FC000581,E070,fat_g_100g,0.6,https://i.fnri.dost.gov.ph/fct/library/report/3652,2026-09-16
FC000581,E070,fiber_g_100g,2.7,https://i.fnri.dost.gov.ph/fct/library/report/3652,2026-09-16
FC000581,E070,sugar_g_100g,8.4,https://i.fnri.dost.gov.ph/fct/library/report/3652,2026-09-16
FC000581,E070,sodium_mg_100g,1,https://i.fnri.dost.gov.ph/fct/library/report/3652,2026-09-16
FC000581,E070,cholesterol_mg_100g,0,https://i.fnri.dost.gov.ph/fct/library/report/3652,2026-09-16
FC000582,E076,kcal_100g,87,https://i.fnri.dost.gov.ph/fct/library/report/3658,2026-09-16
FC000582,E076,protein_g_100g,1.2,https://i.fnri.dost.gov.ph/fct/library/report/3658,2026-09-16
FC000582,E076,carbs_g_100g,18.6,https://i.fnri.dost.gov.ph/fct/library/report/3658,2026-09-16
FC000582,E076,fat_g_100g,0.9,https://i.fnri.dost.gov.ph/fct/library/report/3658,2026-09-16
FC000582,E076,fiber_g_100g,0.9,https://i.fnri.dost.gov.ph/fct/library/report/3658,2026-09-16
FC000582,E076,sugar_g_100g,-,https://i.fnri.dost.gov.ph/fct/library/report/3658,2026-09-16
FC000582,E076,sodium_mg_100g,18,https://i.fnri.dost.gov.ph/fct/library/report/3658,2026-09-16
FC000582,E076,cholesterol_mg_100g,0,https://i.fnri.dost.gov.ph/fct/library/report/3658,2026-09-16
FC000583,E078,kcal_100g,67,https://i.fnri.dost.gov.ph/fct/library/report/3660,2026-09-16
FC000583,E078,protein_g_100g,0.7,https://i.fnri.dost.gov.ph/fct/library/report/3660,2026-09-16
FC000583,E078,carbs_g_100g,13.8,https://i.fnri.dost.gov.ph/fct/library/report/3660,2026-09-16
FC000583,E078,fat_g_100g,1.0,https://i.fnri.dost.gov.ph/fct/library/report/3660,2026-09-16
FC000583,E078,fiber_g_100g,0.2,https://i.fnri.dost.gov.ph/fct/library/report/3660,2026-09-16
FC000583,E078,sugar_g_100g,13.0,https://i.fnri.dost.gov.ph/fct/library/report/3660,2026-09-16
FC000583,E078,sodium_mg_100g,3,https://i.fnri.dost.gov.ph/fct/library/report/3660,2026-09-16
FC000583,E078,cholesterol_mg_100g,0,https://i.fnri.dost.gov.ph/fct/library/report/3660,2026-09-16
FC000584,E081,kcal_100g,62,https://i.fnri.dost.gov.ph/fct/library/report/3663,2026-09-16
FC000584,E081,protein_g_100g,0.6,https://i.fnri.dost.gov.ph/fct/library/report/3663,2026-09-16
FC000584,E081,carbs_g_100g,13.7,https://i.fnri.dost.gov.ph/fct/library/report/3663,2026-09-16
FC000584,E081,fat_g_100g,0.5,https://i.fnri.dost.gov.ph/fct/library/report/3663,2026-09-16
FC000584,E081,fiber_g_100g,6.1,https://i.fnri.dost.gov.ph/fct/library/report/3663,2026-09-16
FC000584,E081,sugar_g_100g,6.5,https://i.fnri.dost.gov.ph/fct/library/report/3663,2026-09-16
FC000584,E081,sodium_mg_100g,16,https://i.fnri.dost.gov.ph/fct/library/report/3663,2026-09-16
FC000584,E081,cholesterol_mg_100g,0,https://i.fnri.dost.gov.ph/fct/library/report/3663,2026-09-16
FC000585,E082,kcal_100g,56,https://i.fnri.dost.gov.ph/fct/library/report/3664,2026-09-16
FC000585,E082,protein_g_100g,0.8,https://i.fnri.dost.gov.ph/fct/library/report/3664,2026-09-16
FC000585,E082,carbs_g_100g,11.8,https://i.fnri.dost.gov.ph/fct/library/report/3664,2026-09-16
FC000585,E082,fat_g_100g,0.6,https://i.fnri.dost.gov.ph/fct/library/report/3664,2026-09-16
FC000585,E082,fiber_g_100g,0.2,https://i.fnri.dost.gov.ph/fct/library/report/3664,2026-09-16
FC000585,E082,sugar_g_100g,-,https://i.fnri.dost.gov.ph/fct/library/report/3664,2026-09-16
FC000585,E082,sodium_mg_100g,5,https://i.fnri.dost.gov.ph/fct/library/report/3664,2026-09-16
FC000585,E082,cholesterol_mg_100g,0,https://i.fnri.dost.gov.ph/fct/library/report/3664,2026-09-16
FC000586,E083,kcal_100g,70,https://i.fnri.dost.gov.ph/fct/library/report/3665,2026-09-16
FC000586,E083,protein_g_100g,1.1,https://i.fnri.dost.gov.ph/fct/library/report/3665,2026-09-16
FC000586,E083,carbs_g_100g,16.2,https://i.fnri.dost.gov.ph/fct/library/report/3665,2026-09-16
FC000586,E083,fat_g_100g,0.1,https://i.fnri.dost.gov.ph/fct/library/report/3665,2026-09-16
FC000586,E083,fiber_g_100g,3.2,https://i.fnri.dost.gov.ph/fct/library/report/3665,2026-09-16
FC000586,E083,sugar_g_100g,12.9,https://i.fnri.dost.gov.ph/fct/library/report/3665,2026-09-16
FC000586,E083,sodium_mg_100g,4,https://i.fnri.dost.gov.ph/fct/library/report/3665,2026-09-16
FC000586,E083,cholesterol_mg_100g,0,https://i.fnri.dost.gov.ph/fct/library/report/3665,2026-09-16
FC000587,E085,kcal_100g,74,https://i.fnri.dost.gov.ph/fct/library/report/3667,2026-09-16
FC000587,E085,protein_g_100g,0.7,https://i.fnri.dost.gov.ph/fct/library/report/3667,2026-09-16
FC000587,E085,carbs_g_100g,15.3,https://i.fnri.dost.gov.ph/fct/library/report/3667,2026-09-16
FC000587,E085,fat_g_100g,1.1,https://i.fnri.dost.gov.ph/fct/library/report/3667,2026-09-16
FC000587,E085,fiber_g_100g,2.7,https://i.fnri.dost.gov.ph/fct/library/report/3667,2026-09-16
FC000587,E085,sugar_g_100g,10.0,https://i.fnri.dost.gov.ph/fct/library/report/3667,2026-09-16
FC000587,E085,sodium_mg_100g,8,https://i.fnri.dost.gov.ph/fct/library/report/3667,2026-09-16
FC000587,E085,cholesterol_mg_100g,0,https://i.fnri.dost.gov.ph/fct/library/report/3667,2026-09-16
FC000588,E086,kcal_100g,80,https://i.fnri.dost.gov.ph/fct/library/report/3668,2026-09-16
FC000588,E086,protein_g_100g,1.3,https://i.fnri.dost.gov.ph/fct/library/report/3668,2026-09-16
FC000588,E086,carbs_g_100g,17.4,https://i.fnri.dost.gov.ph/fct/library/report/3668,2026-09-16
FC000588,E086,fat_g_100g,0.6,https://i.fnri.dost.gov.ph/fct/library/report/3668,2026-09-16
FC000588,E086,fiber_g_100g,3.0,https://i.fnri.dost.gov.ph/fct/library/report/3668,2026-09-16
FC000588,E086,sugar_g_100g,11.2,https://i.fnri.dost.gov.ph/fct/library/report/3668,2026-09-16
FC000588,E086,sodium_mg_100g,9,https://i.fnri.dost.gov.ph/fct/library/report/3668,2026-09-16
FC000588,E086,cholesterol_mg_100g,0,https://i.fnri.dost.gov.ph/fct/library/report/3668,2026-09-16
FC000589,E088,kcal_100g,34,https://i.fnri.dost.gov.ph/fct/library/report/3670,2026-09-16
FC000589,E088,protein_g_100g,0.8,https://i.fnri.dost.gov.ph/fct/library/report/3670,2026-09-16
FC000589,E088,carbs_g_100g,7.2,https://i.fnri.dost.gov.ph/fct/library/report/3670,2026-09-16
FC000589,E088,fat_g_100g,0.2,https://i.fnri.dost.gov.ph/fct/library/report/3670,2026-09-16
FC000589,E088,fiber_g_100g,1.9,https://i.fnri.dost.gov.ph/fct/library/report/3670,2026-09-16
FC000589,E088,sugar_g_100g,4.7,https://i.fnri.dost.gov.ph/fct/library/report/3670,2026-09-16
FC000589,E088,sodium_mg_100g,1,https://i.fnri.dost.gov.ph/fct/library/report/3670,2026-09-16
FC000589,E088,cholesterol_mg_100g,0,https://i.fnri.dost.gov.ph/fct/library/report/3670,2026-09-16
FC000590,E089,kcal_100g,104,https://i.fnri.dost.gov.ph/fct/library/report/3671,2026-09-16
FC000590,E089,protein_g_100g,1.3,https://i.fnri.dost.gov.ph/fct/library/report/3671,2026-09-16
FC000590,E089,carbs_g_100g,23.7,https://i.fnri.dost.gov.ph/fct/library/report/3671,2026-09-16
FC000590,E089,fat_g_100g,0.4,https://i.fnri.dost.gov.ph/fct/library/report/3671,2026-09-16
FC000590,E089,fiber_g_100g,4.3,https://i.fnri.dost.gov.ph/fct/library/report/3671,2026-09-16
FC000590,E089,sugar_g_100g,17.7,https://i.fnri.dost.gov.ph/fct/library/report/3671,2026-09-16
FC000590,E089,sodium_mg_100g,4,https://i.fnri.dost.gov.ph/fct/library/report/3671,2026-09-16
FC000590,E089,cholesterol_mg_100g,0,https://i.fnri.dost.gov.ph/fct/library/report/3671,2026-09-16
FC000591,E093,kcal_100g,258,https://i.fnri.dost.gov.ph/fct/library/report/3675,2026-09-16
FC000591,E093,protein_g_100g,2.0,https://i.fnri.dost.gov.ph/fct/library/report/3675,2026-09-16
FC000591,E093,carbs_g_100g,61.1,https://i.fnri.dost.gov.ph/fct/library/report/3675,2026-09-16
FC000591,E093,fat_g_100g,0.6,https://i.fnri.dost.gov.ph/fct/library/report/3675,2026-09-16
FC000591,E093,fiber_g_100g,5.0,https://i.fnri.dost.gov.ph/fct/library/report/3675,2026-09-16
FC000591,E093,sugar_g_100g,37.7,https://i.fnri.dost.gov.ph/fct/library/report/3675,2026-09-16
FC000591,E093,sodium_mg_100g,4,https://i.fnri.dost.gov.ph/fct/library/report/3675,2026-09-16
FC000591,E093,cholesterol_mg_100g,0,https://i.fnri.dost.gov.ph/fct/library/report/3675,2026-09-16
FC000592,E094,kcal_100g,77,https://i.fnri.dost.gov.ph/fct/library/report/3676,2026-09-16
FC000592,E094,protein_g_100g,0.9,https://i.fnri.dost.gov.ph/fct/library/report/3676,2026-09-16
FC000592,E094,carbs_g_100g,17.7,https://i.fnri.dost.gov.ph/fct/library/report/3676,2026-09-16
FC000592,E094,fat_g_100g,0.3,https://i.fnri.dost.gov.ph/fct/library/report/3676,2026-09-16
FC000592,E094,fiber_g_100g,-,https://i.fnri.dost.gov.ph/fct/library/report/3676,2026-09-16
FC000592,E094,sugar_g_100g,-,https://i.fnri.dost.gov.ph/fct/library/report/3676,2026-09-16
FC000592,E094,sodium_mg_100g,3,https://i.fnri.dost.gov.ph/fct/library/report/3676,2026-09-16
FC000592,E094,cholesterol_mg_100g,0,https://i.fnri.dost.gov.ph/fct/library/report/3676,2026-09-16
FC000593,J001,kcal_100g,322,https://i.fnri.dost.gov.ph/fct/library/report/4235,2026-09-16
FC000593,J001,protein_g_100g,21.7,https://i.fnri.dost.gov.ph/fct/library/report/4235,2026-09-16
FC000593,J001,carbs_g_100g,7.8,https://i.fnri.dost.gov.ph/fct/library/report/4235,2026-09-16
FC000593,J001,fat_g_100g,22.7,https://i.fnri.dost.gov.ph/fct/library/report/4235,2026-09-16
FC000593,J001,fiber_g_100g,0.0,https://i.fnri.dost.gov.ph/fct/library/report/4235,2026-09-16
FC000593,J001,sugar_g_100g,0.3,https://i.fnri.dost.gov.ph/fct/library/report/4235,2026-09-16
FC000593,J001,sodium_mg_100g,1337,https://i.fnri.dost.gov.ph/fct/library/report/4235,2026-09-16
FC000593,J001,cholesterol_mg_100g,68,https://i.fnri.dost.gov.ph/fct/library/report/4235,2026-09-16
FC000594,J002,kcal_100g,94,https://i.fnri.dost.gov.ph/fct/library/report/4236,2026-09-16
FC000594,J002,protein_g_100g,13.2,https://i.fnri.dost.gov.ph/fct/library/report/4236,2026-09-16
FC000594,J002,carbs_g_100g,3.6,https://i.fnri.dost.gov.ph/fct/library/report/4236,2026-09-16
FC000594,J002,fat_g_100g,3.0,https://i.fnri.dost.gov.ph/fct/library/report/4236,2026-09-16
FC000594,J002,fiber_g_100g,0.0,https://i.fnri.dost.gov.ph/fct/library/report/4236,2026-09-16
FC000594,J002,sugar_g_100g,2.8,https://i.fnri.dost.gov.ph/fct/library/report/4236,2026-09-16
FC000594,J002,sodium_mg_100g,385,https://i.fnri.dost.gov.ph/fct/library/report/4236,2026-09-16
FC000594,J002,cholesterol_mg_100g,11,https://i.fnri.dost.gov.ph/fct/library/report/4236,2026-09-16
FC000595,J003,kcal_100g,297,https://i.fnri.dost.gov.ph/fct/library/report/4237,2026-09-16
FC000595,J003,protein_g_100g,16.2,https://i.fnri.dost.gov.ph/fct/library/report/4237,2026-09-16
FC000595,J003,carbs_g_100g,5.5,https://i.fnri.dost.gov.ph/fct/library/report/4237,2026-09-16
FC000595,J003,fat_g_100g,23.4,https://i.fnri.dost.gov.ph/fct/library/report/4237,2026-09-16
FC000595,J003,fiber_g_100g,0.0,https://i.fnri.dost.gov.ph/fct/library/report/4237,2026-09-16
FC000595,J003,sugar_g_100g,5.0,https://i.fnri.dost.gov.ph/fct/library/report/4237,2026-09-16
FC000595,J003,sodium_mg_100g,1297,https://i.fnri.dost.gov.ph/fct/library/report/4237,2026-09-16
FC000595,J003,cholesterol_mg_100g,77,https://i.fnri.dost.gov.ph/fct/library/report/4237,2026-09-16
FC000596,J004,kcal_100g,299,https://i.fnri.dost.gov.ph/fct/library/report/4238,2026-09-16
FC000596,J004,protein_g_100g,13.2,https://i.fnri.dost.gov.ph/fct/library/report/4238,2026-09-16
FC000596,J004,carbs_g_100g,5.3,https://i.fnri.dost.gov.ph/fct/library/report/4238,2026-09-16
FC000596,J004,fat_g_100g,25.0,https://i.fnri.dost.gov.ph/fct/library/report/4238,2026-09-16
FC000596,J004,fiber_g_100g,0.0,https://i.fnri.dost.gov.ph/fct/library/report/4238,2026-09-16
FC000596,J004,sugar_g_100g,-,https://i.fnri.dost.gov.ph/fct/library/report/4238,2026-09-16
FC000596,J004,sodium_mg_100g,865,https://i.fnri.dost.gov.ph/fct/library/report/4238,2026-09-16
FC000596,J004,cholesterol_mg_100g,-,https://i.fnri.dost.gov.ph/fct/library/report/4238,2026-09-16
FC000597,J005,kcal_100g,354,https://i.fnri.dost.gov.ph/fct/library/report/4239,2026-09-16
FC000597,J005,protein_g_100g,19.9,https://i.fnri.dost.gov.ph/fct/library/report/4239,2026-09-16
FC000597,J005,carbs_g_100g,5.8,https://i.fnri.dost.gov.ph/fct/library/report/4239,2026-09-16
FC000597,J005,fat_g_100g,27.9,https://i.fnri.dost.gov.ph/fct/library/report/4239,2026-09-16
FC000597,J005,fiber_g_100g,0.1,https://i.fnri.dost.gov.ph/fct/library/report/4239,2026-09-16
FC000597,J005,sugar_g_100g,0.6,https://i.fnri.dost.gov.ph/fct/library/report/4239,2026-09-16
FC000597,J005,sodium_mg_100g,901,https://i.fnri.dost.gov.ph/fct/library/report/4239,2026-09-16
FC000597,J005,cholesterol_mg_100g,84,https://i.fnri.dost.gov.ph/fct/library/report/4239,2026-09-16
FC000598,J006,kcal_100g,210,https://i.fnri.dost.gov.ph/fct/library/report/4240,2026-09-16
FC000598,J006,protein_g_100g,14.0,https://i.fnri.dost.gov.ph/fct/library/report/4240,2026-09-16
FC000598,J006,carbs_g_100g,13.7,https://i.fnri.dost.gov.ph/fct/library/report/4240,2026-09-16
FC000598,J006,fat_g_100g,11.0,https://i.fnri.dost.gov.ph/fct/library/report/4240,2026-09-16
FC000598,J006,fiber_g_100g,0.0,https://i.fnri.dost.gov.ph/fct/library/report/4240,2026-09-16
FC000598,J006,sugar_g_100g,6.3,https://i.fnri.dost.gov.ph/fct/library/report/4240,2026-09-16
FC000598,J006,sodium_mg_100g,1391,https://i.fnri.dost.gov.ph/fct/library/report/4240,2026-09-16
FC000598,J006,cholesterol_mg_100g,28,https://i.fnri.dost.gov.ph/fct/library/report/4240,2026-09-16
FC000599,J007,kcal_100g,241,https://i.fnri.dost.gov.ph/fct/library/report/4241,2026-09-16
FC000599,J007,protein_g_100g,2.3,https://i.fnri.dost.gov.ph/fct/library/report/4241,2026-09-16
FC000599,J007,carbs_g_100g,4.2,https://i.fnri.dost.gov.ph/fct/library/report/4241,2026-09-16
FC000599,J007,fat_g_100g,23.9,https://i.fnri.dost.gov.ph/fct/library/report/4241,2026-09-16
FC000599,J007,fiber_g_100g,0.0,https://i.fnri.dost.gov.ph/fct/library/report/4241,2026-09-16
FC000599,J007,sugar_g_100g,3.0,https://i.fnri.dost.gov.ph/fct/library/report/4241,2026-09-16
FC000599,J007,sodium_mg_100g,39,https://i.fnri.dost.gov.ph/fct/library/report/4241,2026-09-16
FC000599,J007,cholesterol_mg_100g,-,https://i.fnri.dost.gov.ph/fct/library/report/4241,2026-09-16
FC000600,J008,kcal_100g,157,https://i.fnri.dost.gov.ph/fct/library/report/4242,2026-09-16
FC000600,J008,protein_g_100g,4.2,https://i.fnri.dost.gov.ph/fct/library/report/4242,2026-09-16
FC000600,J008,carbs_g_100g,13.7,https://i.fnri.dost.gov.ph/fct/library/report/4242,2026-09-16
FC000600,J008,fat_g_100g,9.5,https://i.fnri.dost.gov.ph/fct/library/report/4242,2026-09-16
FC000600,J008,fiber_g_100g,0.5,https://i.fnri.dost.gov.ph/fct/library/report/4242,2026-09-16
FC000600,J008,sugar_g_100g,12.9,https://i.fnri.dost.gov.ph/fct/library/report/4242,2026-09-16
FC000600,J008,sodium_mg_100g,58,https://i.fnri.dost.gov.ph/fct/library/report/4242,2026-09-16
FC000600,J008,cholesterol_mg_100g,33,https://i.fnri.dost.gov.ph/fct/library/report/4242,2026-09-16
FC000601,J009,kcal_100g,183,https://i.fnri.dost.gov.ph/fct/library/report/4243,2026-09-16
FC000601,J009,protein_g_100g,3.4,https://i.fnri.dost.gov.ph/fct/library/report/4243,2026-09-16
FC000601,J009,carbs_g_100g,17.7,https://i.fnri.dost.gov.ph/fct/library/report/4243,2026-09-16
FC000601,J009,fat_g_100g,10.9,https://i.fnri.dost.gov.ph/fct/library/report/4243,2026-09-16
FC000601,J009,fiber_g_100g,0.7,https://i.fnri.dost.gov.ph/fct/library/report/4243,2026-09-16
FC000601,J009,sugar_g_100g,14.8,https://i.fnri.dost.gov.ph/fct/library/report/4243,2026-09-16
FC000601,J009,sodium_mg_100g,49,https://i.fnri.dost.gov.ph/fct/library/report/4243,2026-09-16
FC000601,J009,cholesterol_mg_100g,38,https://i.fnri.dost.gov.ph/fct/library/report/4243,2026-09-16
FC000602,J010,kcal_100g,71,https://i.fnri.dost.gov.ph/fct/library/report/4244,2026-09-16
FC000602,J010,protein_g_100g,1.2,https://i.fnri.dost.gov.ph/fct/library/report/4244,2026-09-16
FC000602,J010,carbs_g_100g,16.0,https://i.fnri.dost.gov.ph/fct/library/report/4244,2026-09-16
FC000602,J010,fat_g_100g,0.2,https://i.fnri.dost.gov.ph/fct/library/report/4244,2026-09-16
FC000602,J010,fiber_g_100g,0.0,https://i.fnri.dost.gov.ph/fct/library/report/4244,2026-09-16
FC000602,J010,sugar_g_100g,6.0,https://i.fnri.dost.gov.ph/fct/library/report/4244,2026-09-16
FC000602,J010,sodium_mg_100g,61,https://i.fnri.dost.gov.ph/fct/library/report/4244,2026-09-16
FC000602,J010,cholesterol_mg_100g,0,https://i.fnri.dost.gov.ph/fct/library/report/4244,2026-09-16
FC000603,J016,kcal_100g,120,https://i.fnri.dost.gov.ph/fct/library/report/4250,2026-09-16
FC000603,J016,protein_g_100g,7.6,https://i.fnri.dost.gov.ph/fct/library/report/4250,2026-09-16
FC000603,J016,carbs_g_100g,11.6,https://i.fnri.dost.gov.ph/fct/library/report/4250,2026-09-16
FC000603,J016,fat_g_100g,4.8,https://i.fnri.dost.gov.ph/fct/library/report/4250,2026-09-16
FC000603,J016,fiber_g_100g,0.0,https://i.fnri.dost.gov.ph/fct/library/report/4250,2026-09-16
FC000603,J016,sugar_g_100g,10.0,https://i.fnri.dost.gov.ph/fct/library/report/4250,2026-09-16
FC000603,J016,sodium_mg_100g,123,https://i.fnri.dost.gov.ph/fct/library/report/4250,2026-09-16
FC000603,J016,cholesterol_mg_100g,18,https://i.fnri.dost.gov.ph/fct/library/report/4250,2026-09-16
FC000604,J024,kcal_100g,87,https://i.fnri.dost.gov.ph/fct/library/report/4258,2026-09-16
FC000604,J024,protein_g_100g,5.2,https://i.fnri.dost.gov.ph/fct/library/report/4258,2026-09-16
FC000604,J024,carbs_g_100g,4.2,https://i.fnri.dost.gov.ph/fct/library/report/4258,2026-09-16
FC000604,J024,fat_g_100g,5.5,https://i.fnri.dost.gov.ph/fct/library/report/4258,2026-09-16
FC000604,J024,fiber_g_100g,0.0,https://i.fnri.dost.gov.ph/fct/library/report/4258,2026-09-16
FC000604,J024,sugar_g_100g,-,https://i.fnri.dost.gov.ph/fct/library/report/4258,2026-09-16
FC000604,J024,sodium_mg_100g,40,https://i.fnri.dost.gov.ph/fct/library/report/4258,2026-09-16
FC000604,J024,cholesterol_mg_100g,15,https://i.fnri.dost.gov.ph/fct/library/report/4258,2026-09-16
FC000605,J025,kcal_100g,334,https://i.fnri.dost.gov.ph/fct/library/report/4259,2026-09-16
FC000605,J025,protein_g_100g,8.5,https://i.fnri.dost.gov.ph/fct/library/report/4259,2026-09-16
FC000605,J025,carbs_g_100g,59.3,https://i.fnri.dost.gov.ph/fct/library/report/4259,2026-09-16
FC000605,J025,fat_g_100g,7.0,https://i.fnri.dost.gov.ph/fct/library/report/4259,2026-09-16
FC000605,J025,fiber_g_100g,0.0,https://i.fnri.dost.gov.ph/fct/library/report/4259,2026-09-16
FC000605,J025,sugar_g_100g,57.2,https://i.fnri.dost.gov.ph/fct/library/report/4259,2026-09-16
FC000605,J025,sodium_mg_100g,109,https://i.fnri.dost.gov.ph/fct/library/report/4259,2026-09-16
FC000605,J025,cholesterol_mg_100g,27,https://i.fnri.dost.gov.ph/fct/library/report/4259,2026-09-16
FC000606,J011,kcal_100g,66,https://i.fnri.dost.gov.ph/fct/library/report/4245,2026-09-16
FC000606,J011,protein_g_100g,2.9,https://i.fnri.dost.gov.ph/fct/library/report/4245,2026-09-16
FC000606,J011,carbs_g_100g,10.8,https://i.fnri.dost.gov.ph/fct/library/report/4245,2026-09-16
FC000606,J011,fat_g_100g,1.2,https://i.fnri.dost.gov.ph/fct/library/report/4245,2026-09-16
FC000606,J011,fiber_g_100g,0.0,https://i.fnri.dost.gov.ph/fct/library/report/4245,2026-09-16
FC000606,J011,sugar_g_100g,8.6,https://i.fnri.dost.gov.ph/fct/library/report/4245,2026-09-16
FC000606,J011,sodium_mg_100g,39,https://i.fnri.dost.gov.ph/fct/library/report/4245,2026-09-16
FC000606,J011,cholesterol_mg_100g,5,https://i.fnri.dost.gov.ph/fct/library/report/4245,2026-09-16
FC000607,J012,kcal_100g,43,https://i.fnri.dost.gov.ph/fct/library/report/4246,2026-09-16
FC000607,J012,protein_g_100g,3.5,https://i.fnri.dost.gov.ph/fct/library/report/4246,2026-09-16
FC000607,J012,carbs_g_100g,6.2,https://i.fnri.dost.gov.ph/fct/library/report/4246,2026-09-16
FC000607,J012,fat_g_100g,0.5,https://i.fnri.dost.gov.ph/fct/library/report/4246,2026-09-16
FC000607,J012,fiber_g_100g,0.0,https://i.fnri.dost.gov.ph/fct/library/report/4246,2026-09-16
FC000607,J012,sugar_g_100g,4.4,https://i.fnri.dost.gov.ph/fct/library/report/4246,2026-09-16
FC000607,J012,sodium_mg_100g,68,https://i.fnri.dost.gov.ph/fct/library/report/4246,2026-09-16
FC000607,J012,cholesterol_mg_100g,2,https://i.fnri.dost.gov.ph/fct/library/report/4246,2026-09-16
FC000608,N004,kcal_100g,221,https://i.fnri.dost.gov.ph/fct/library/report/4327,2026-09-16
FC000608,N004,protein_g_100g,0.7,https://i.fnri.dost.gov.ph/fct/library/report/4327,2026-09-16
FC000608,N004,carbs_g_100g,54.0,https://i.fnri.dost.gov.ph/fct/library/report/4327,2026-09-16
FC000608,N004,fat_g_100g,0.2,https://i.fnri.dost.gov.ph/fct/library/report/4327,2026-09-16
FC000608,N004,fiber_g_100g,0.6,https://i.fnri.dost.gov.ph/fct/library/report/4327,2026-09-16
FC000608,N004,sugar_g_100g,39.1,https://i.fnri.dost.gov.ph/fct/library/report/4327,2026-09-16
FC000608,N004,sodium_mg_100g,1668,https://i.fnri.dost.gov.ph/fct/library/report/4327,2026-09-16
FC000608,N004,cholesterol_mg_100g,0,https://i.fnri.dost.gov.ph/fct/library/report/4327,2026-09-16
FC000609,N005,kcal_100g,131,https://i.fnri.dost.gov.ph/fct/library/report/4328,2026-09-16
FC000609,N005,protein_g_100g,1.6,https://i.fnri.dost.gov.ph/fct/library/report/4328,2026-09-16
FC000609,N005,carbs_g_100g,29.9,https://i.fnri.dost.gov.ph/fct/library/report/4328,2026-09-16
FC000609,N005,fat_g_100g,0.6,https://i.fnri.dost.gov.ph/fct/library/report/4328,2026-09-16
FC000609,N005,fiber_g_100g,0.3,https://i.fnri.dost.gov.ph/fct/library/report/4328,2026-09-16
FC000609,N005,sugar_g_100g,23.6,https://i.fnri.dost.gov.ph/fct/library/report/4328,2026-09-16
FC000609,N005,sodium_mg_100g,1021,https://i.fnri.dost.gov.ph/fct/library/report/4328,2026-09-16
FC000609,N005,cholesterol_mg_100g,0,https://i.fnri.dost.gov.ph/fct/library/report/4328,2026-09-16
FC000610,N007,kcal_100g,133,https://i.fnri.dost.gov.ph/fct/library/report/4330,2026-09-16
FC000610,N007,protein_g_100g,10.0,https://i.fnri.dost.gov.ph/fct/library/report/4330,2026-09-16
FC000610,N007,carbs_g_100g,17.5,https://i.fnri.dost.gov.ph/fct/library/report/4330,2026-09-16
FC000610,N007,fat_g_100g,2.5,https://i.fnri.dost.gov.ph/fct/library/report/4330,2026-09-16
FC000610,N007,fiber_g_100g,0.0,https://i.fnri.dost.gov.ph/fct/library/report/4330,2026-09-16
FC000610,N007,sugar_g_100g,1.1,https://i.fnri.dost.gov.ph/fct/library/report/4330,2026-09-16
FC000610,N007,sodium_mg_100g,4014,https://i.fnri.dost.gov.ph/fct/library/report/4330,2026-09-16
FC000610,N007,cholesterol_mg_100g,129,https://i.fnri.dost.gov.ph/fct/library/report/4330,2026-09-16
FC000611,N013,kcal_100g,118,https://i.fnri.dost.gov.ph/fct/library/report/4336,2026-09-16
FC000611,N013,protein_g_100g,1.2,https://i.fnri.dost.gov.ph/fct/library/report/4336,2026-09-16
FC000611,N013,carbs_g_100g,27.6,https://i.fnri.dost.gov.ph/fct/library/report/4336,2026-09-16
FC000611,N013,fat_g_100g,0.3,https://i.fnri.dost.gov.ph/fct/library/report/4336,2026-09-16
FC000611,N013,fiber_g_100g,1.2,https://i.fnri.dost.gov.ph/fct/library/report/4336,2026-09-16
FC000611,N013,sugar_g_100g,16.3,https://i.fnri.dost.gov.ph/fct/library/report/4336,2026-09-16
FC000611,N013,sodium_mg_100g,1164,https://i.fnri.dost.gov.ph/fct/library/report/4336,2026-09-16
FC000611,N013,cholesterol_mg_100g,-,https://i.fnri.dost.gov.ph/fct/library/report/4336,2026-09-16
FC000612,N019,kcal_100g,0,https://i.fnri.dost.gov.ph/fct/library/report/4342,2026-09-16
FC000612,N019,protein_g_100g,0.0,https://i.fnri.dost.gov.ph/fct/library/report/4342,2026-09-16
FC000612,N019,carbs_g_100g,0.0,https://i.fnri.dost.gov.ph/fct/library/report/4342,2026-09-16
FC000612,N019,fat_g_100g,0.0,https://i.fnri.dost.gov.ph/fct/library/report/4342,2026-09-16
FC000612,N019,fiber_g_100g,0.0,https://i.fnri.dost.gov.ph/fct/library/report/4342,2026-09-16
FC000612,N019,sugar_g_100g,0.0,https://i.fnri.dost.gov.ph/fct/library/report/4342,2026-09-16
FC000612,N019,sodium_mg_100g,34836,https://i.fnri.dost.gov.ph/fct/library/report/4342,2026-09-16
FC000612,N019,cholesterol_mg_100g,0,https://i.fnri.dost.gov.ph/fct/library/report/4342,2026-09-16
FC000613,N020,kcal_100g,68,https://i.fnri.dost.gov.ph/fct/library/report/4343,2026-09-16
FC000613,N020,protein_g_100g,12.5,https://i.fnri.dost.gov.ph/fct/library/report/4343,2026-09-16
FC000613,N020,carbs_g_100g,0.1,https://i.fnri.dost.gov.ph/fct/library/report/4343,2026-09-16
FC000613,N020,fat_g_100g,1.9,https://i.fnri.dost.gov.ph/fct/library/report/4343,2026-09-16
FC000613,N020,fiber_g_100g,1.3,https://i.fnri.dost.gov.ph/fct/library/report/4343,2026-09-16
FC000613,N020,sugar_g_100g,0.0,https://i.fnri.dost.gov.ph/fct/library/report/4343,2026-09-16
FC000613,N020,sodium_mg_100g,4396,https://i.fnri.dost.gov.ph/fct/library/report/4343,2026-09-16
FC000613,N020,cholesterol_mg_100g,-,https://i.fnri.dost.gov.ph/fct/library/report/4343,2026-09-16
FC000614,N021,kcal_100g,61,https://i.fnri.dost.gov.ph/fct/library/report/4344,2026-09-16
FC000614,N021,protein_g_100g,12.4,https://i.fnri.dost.gov.ph/fct/library/report/4344,2026-09-16
FC000614,N021,carbs_g_100g,0.6,https://i.fnri.dost.gov.ph/fct/library/report/4344,2026-09-16
FC000614,N021,fat_g_100g,1.0,https://i.fnri.dost.gov.ph/fct/library/report/4344,2026-09-16
FC000614,N021,fiber_g_100g,1.3,https://i.fnri.dost.gov.ph/fct/library/report/4344,2026-09-16
FC000614,N021,sugar_g_100g,0.0,https://i.fnri.dost.gov.ph/fct/library/report/4344,2026-09-16
FC000614,N021,sodium_mg_100g,4396,https://i.fnri.dost.gov.ph/fct/library/report/4344,2026-09-16
FC000614,N021,cholesterol_mg_100g,-,https://i.fnri.dost.gov.ph/fct/library/report/4344,2026-09-16
FC000615,N027,kcal_100g,7,https://i.fnri.dost.gov.ph/fct/library/report/4350,2026-09-16
FC000615,N027,protein_g_100g,0.0,https://i.fnri.dost.gov.ph/fct/library/report/4350,2026-09-16
FC000615,N027,carbs_g_100g,1.4,https://i.fnri.dost.gov.ph/fct/library/report/4350,2026-09-16
FC000615,N027,fat_g_100g,0.1,https://i.fnri.dost.gov.ph/fct/library/report/4350,2026-09-16
FC000615,N027,fiber_g_100g,0.0,https://i.fnri.dost.gov.ph/fct/library/report/4350,2026-09-16
FC000615,N027,sugar_g_100g,0.0,https://i.fnri.dost.gov.ph/fct/library/report/4350,2026-09-16
FC000615,N027,sodium_mg_100g,1,https://i.fnri.dost.gov.ph/fct/library/report/4350,2026-09-16
FC000615,N027,cholesterol_mg_100g,0,https://i.fnri.dost.gov.ph/fct/library/report/4350,2026-09-16
FC000616,N024,kcal_100g,112,https://i.fnri.dost.gov.ph/fct/library/report/4347,2026-09-16
FC000616,N024,protein_g_100g,4.3,https://i.fnri.dost.gov.ph/fct/library/report/4347,2026-09-16
FC000616,N024,carbs_g_100g,23.4,https://i.fnri.dost.gov.ph/fct/library/report/4347,2026-09-16
FC000616,N024,fat_g_100g,0.1,https://i.fnri.dost.gov.ph/fct/library/report/4347,2026-09-16
FC000616,N024,fiber_g_100g,4.6,https://i.fnri.dost.gov.ph/fct/library/report/4347,2026-09-16
FC000616,N024,sugar_g_100g,13.8,https://i.fnri.dost.gov.ph/fct/library/report/4347,2026-09-16
FC000616,N024,sodium_mg_100g,894,https://i.fnri.dost.gov.ph/fct/library/report/4347,2026-09-16
FC000616,N024,cholesterol_mg_100g,0,https://i.fnri.dost.gov.ph/fct/library/report/4347,2026-09-16
FC000617,N025,kcal_100g,45,https://i.fnri.dost.gov.ph/fct/library/report/4348,2026-09-16
FC000617,N025,protein_g_100g,0.9,https://i.fnri.dost.gov.ph/fct/library/report/4348,2026-09-16
FC000617,N025,carbs_g_100g,10.0,https://i.fnri.dost.gov.ph/fct/library/report/4348,2026-09-16
FC000617,N025,fat_g_100g,0.2,https://i.fnri.dost.gov.ph/fct/library/report/4348,2026-09-16
FC000617,N025,fiber_g_100g,2.1,https://i.fnri.dost.gov.ph/fct/library/report/4348,2026-09-16
FC000617,N025,sugar_g_100g,4.9,https://i.fnri.dost.gov.ph/fct/library/report/4348,2026-09-16
FC000617,N025,sodium_mg_100g,658,https://i.fnri.dost.gov.ph/fct/library/report/4348,2026-09-16
FC000617,N025,cholesterol_mg_100g,0,https://i.fnri.dost.gov.ph/fct/library/report/4348,2026-09-16
FC000618,R004,kcal_100g,279,https://i.fnri.dost.gov.ph/fct/library/report/4424,2026-09-16
FC000618,R004,protein_g_100g,6.7,https://i.fnri.dost.gov.ph/fct/library/report/4424,2026-09-16
FC000618,R004,carbs_g_100g,56.4,https://i.fnri.dost.gov.ph/fct/library/report/4424,2026-09-16
FC000618,R004,fat_g_100g,2.9,https://i.fnri.dost.gov.ph/fct/library/report/4424,2026-09-16
FC000618,R004,fiber_g_100g,-,https://i.fnri.dost.gov.ph/fct/library/report/4424,2026-09-16
FC000618,R004,sugar_g_100g,-,https://i.fnri.dost.gov.ph/fct/library/report/4424,2026-09-16
FC000618,R004,sodium_mg_100g,-,https://i.fnri.dost.gov.ph/fct/library/report/4424,2026-09-16
FC000618,R004,cholesterol_mg_100g,-,https://i.fnri.dost.gov.ph/fct/library/report/4424,2026-09-16
FC000619,R005,kcal_100g,294,https://i.fnri.dost.gov.ph/fct/library/report/4425,2026-09-16
FC000619,R005,protein_g_100g,9.2,https://i.fnri.dost.gov.ph/fct/library/report/4425,2026-09-16
FC000619,R005,carbs_g_100g,39.0,https://i.fnri.dost.gov.ph/fct/library/report/4425,2026-09-16
FC000619,R005,fat_g_100g,11.2,https://i.fnri.dost.gov.ph/fct/library/report/4425,2026-09-16
FC000619,R005,fiber_g_100g,-,https://i.fnri.dost.gov.ph/fct/library/report/4425,2026-09-16
FC000619,R005,sugar_g_100g,-,https://i.fnri.dost.gov.ph/fct/library/report/4425,2026-09-16
FC000619,R005,sodium_mg_100g,-,https://i.fnri.dost.gov.ph/fct/library/report/4425,2026-09-16
FC000619,R005,cholesterol_mg_100g,-,https://i.fnri.dost.gov.ph/fct/library/report/4425,2026-09-16
FC000620,R064,kcal_100g,266,https://i.fnri.dost.gov.ph/fct/library/report/4484,2026-09-16
FC000620,R064,protein_g_100g,5.8,https://i.fnri.dost.gov.ph/fct/library/report/4484,2026-09-16
FC000620,R064,carbs_g_100g,38.3,https://i.fnri.dost.gov.ph/fct/library/report/4484,2026-09-16
FC000620,R064,fat_g_100g,10.0,https://i.fnri.dost.gov.ph/fct/library/report/4484,2026-09-16
FC000620,R064,fiber_g_100g,1.2,https://i.fnri.dost.gov.ph/fct/library/report/4484,2026-09-16
FC000620,R064,sugar_g_100g,0.7,https://i.fnri.dost.gov.ph/fct/library/report/4484,2026-09-16
FC000620,R064,sodium_mg_100g,275,https://i.fnri.dost.gov.ph/fct/library/report/4484,2026-09-16
FC000620,R064,cholesterol_mg_100g,50,https://i.fnri.dost.gov.ph/fct/library/report/4484,2026-09-16
FC000621,R077,kcal_100g,50,https://i.fnri.dost.gov.ph/fct/library/report/4497,2026-09-16
FC000621,R077,protein_g_100g,3.1,https://i.fnri.dost.gov.ph/fct/library/report/4497,2026-09-16
FC000621,R077,carbs_g_100g,8.3,https://i.fnri.dost.gov.ph/fct/library/report/4497,2026-09-16
FC000621,R077,fat_g_100g,0.5,https://i.fnri.dost.gov.ph/fct/library/report/4497,2026-09-16
FC000621,R077,fiber_g_100g,2.8,https://i.fnri.dost.gov.ph/fct/library/report/4497,2026-09-16
FC000621,R077,sugar_g_100g,1.4,https://i.fnri.dost.gov.ph/fct/library/report/4497,2026-09-16
FC000621,R077,sodium_mg_100g,180,https://i.fnri.dost.gov.ph/fct/library/report/4497,2026-09-16
FC000621,R077,cholesterol_mg_100g,11,https://i.fnri.dost.gov.ph/fct/library/report/4497,2026-09-16
FC000622,R002,kcal_100g,302,https://i.fnri.dost.gov.ph/fct/library/report/4422,2026-09-16
FC000622,R002,protein_g_100g,11.2,https://i.fnri.dost.gov.ph/fct/library/report/4422,2026-09-16
FC000622,R002,carbs_g_100g,50.3,https://i.fnri.dost.gov.ph/fct/library/report/4422,2026-09-16
FC000622,R002,fat_g_100g,6.2,https://i.fnri.dost.gov.ph/fct/library/report/4422,2026-09-16
FC000622,R002,fiber_g_100g,2.3,https://i.fnri.dost.gov.ph/fct/library/report/4422,2026-09-16
FC000622,R002,sugar_g_100g,10.1,https://i.fnri.dost.gov.ph/fct/library/report/4422,2026-09-16
FC000622,R002,sodium_mg_100g,320,https://i.fnri.dost.gov.ph/fct/library/report/4422,2026-09-16
FC000622,R002,cholesterol_mg_100g,18,https://i.fnri.dost.gov.ph/fct/library/report/4422,2026-09-16
FC000623,R003,kcal_100g,250,https://i.fnri.dost.gov.ph/fct/library/report/4423,2026-09-16
FC000623,R003,protein_g_100g,11.2,https://i.fnri.dost.gov.ph/fct/library/report/4423,2026-09-16
FC000623,R003,carbs_g_100g,30.0,https://i.fnri.dost.gov.ph/fct/library/report/4423,2026-09-16
FC000623,R003,fat_g_100g,9.5,https://i.fnri.dost.gov.ph/fct/library/report/4423,2026-09-16
FC000623,R003,fiber_g_100g,1.7,https://i.fnri.dost.gov.ph/fct/library/report/4423,2026-09-16
FC000623,R003,sugar_g_100g,4.2,https://i.fnri.dost.gov.ph/fct/library/report/4423,2026-09-16
FC000623,R003,sodium_mg_100g,441,https://i.fnri.dost.gov.ph/fct/library/report/4423,2026-09-16
FC000623,R003,cholesterol_mg_100g,28,https://i.fnri.dost.gov.ph/fct/library/report/4423,2026-09-16
FC000624,R011,kcal_100g,63,https://i.fnri.dost.gov.ph/fct/library/report/4431,2026-09-16
FC000624,R011,protein_g_100g,2.0,https://i.fnri.dost.gov.ph/fct/library/report/4431,2026-09-16
FC000624,R011,carbs_g_100g,12.8,https://i.fnri.dost.gov.ph/fct/library/report/4431,2026-09-16
FC000624,R011,fat_g_100g,0.4,https://i.fnri.dost.gov.ph/fct/library/report/4431,2026-09-16
FC000624,R011,fiber_g_100g,0.5,https://i.fnri.dost.gov.ph/fct/library/report/4431,2026-09-16
FC000624,R011,sugar_g_100g,0.7,https://i.fnri.dost.gov.ph/fct/library/report/4431,2026-09-16
FC000624,R011,sodium_mg_100g,453,https://i.fnri.dost.gov.ph/fct/library/report/4431,2026-09-16
FC000624,R011,cholesterol_mg_100g,10,https://i.fnri.dost.gov.ph/fct/library/report/4431,2026-09-16
FC000625,R012,kcal_100g,97,https://i.fnri.dost.gov.ph/fct/library/report/4432,2026-09-16
FC000625,R012,protein_g_100g,1.7,https://i.fnri.dost.gov.ph/fct/library/report/4432,2026-09-16
FC000625,R012,carbs_g_100g,22.0,https://i.fnri.dost.gov.ph/fct/library/report/4432,2026-09-16
FC000625,R012,fat_g_100g,0.2,https://i.fnri.dost.gov.ph/fct/library/report/4432,2026-09-16
FC000625,R012,fiber_g_100g,0.7,https://i.fnri.dost.gov.ph/fct/library/report/4432,2026-09-16
FC000625,R012,sugar_g_100g,4.8,https://i.fnri.dost.gov.ph/fct/library/report/4432,2026-09-16
FC000625,R012,sodium_mg_100g,13,https://i.fnri.dost.gov.ph/fct/library/report/4432,2026-09-16
FC000625,R012,cholesterol_mg_100g,2,https://i.fnri.dost.gov.ph/fct/library/report/4432,2026-09-16
FC000626,R013,kcal_100g,53,https://i.fnri.dost.gov.ph/fct/library/report/4433,2026-09-16
FC000626,R013,protein_g_100g,2.0,https://i.fnri.dost.gov.ph/fct/library/report/4433,2026-09-16
FC000626,R013,carbs_g_100g,8.3,https://i.fnri.dost.gov.ph/fct/library/report/4433,2026-09-16
FC000626,R013,fat_g_100g,1.3,https://i.fnri.dost.gov.ph/fct/library/report/4433,2026-09-16
FC000626,R013,fiber_g_100g,0.1,https://i.fnri.dost.gov.ph/fct/library/report/4433,2026-09-16
FC000626,R013,sugar_g_100g,0.2,https://i.fnri.dost.gov.ph/fct/library/report/4433,2026-09-16
FC000626,R013,sodium_mg_100g,179,https://i.fnri.dost.gov.ph/fct/library/report/4433,2026-09-16
FC000626,R013,cholesterol_mg_100g,29,https://i.fnri.dost.gov.ph/fct/library/report/4433,2026-09-16
FC000627,R016,kcal_100g,266,https://i.fnri.dost.gov.ph/fct/library/report/4436,2026-09-16
FC000627,R016,protein_g_100g,4.4,https://i.fnri.dost.gov.ph/fct/library/report/4436,2026-09-16
FC000627,R016,carbs_g_100g,45.9,https://i.fnri.dost.gov.ph/fct/library/report/4436,2026-09-16
FC000627,R016,fat_g_100g,7.2,https://i.fnri.dost.gov.ph/fct/library/report/4436,2026-09-16
FC000627,R016,fiber_g_100g,2.0,https://i.fnri.dost.gov.ph/fct/library/report/4436,2026-09-16
FC000627,R016,sugar_g_100g,18.8,https://i.fnri.dost.gov.ph/fct/library/report/4436,2026-09-16
FC000627,R016,sodium_mg_100g,380,https://i.fnri.dost.gov.ph/fct/library/report/4436,2026-09-16
FC000627,R016,cholesterol_mg_100g,19,https://i.fnri.dost.gov.ph/fct/library/report/4436,2026-09-16
FC000628,R017,kcal_100g,228,https://i.fnri.dost.gov.ph/fct/library/report/4437,2026-09-16
FC000628,R017,protein_g_100g,9.6,https://i.fnri.dost.gov.ph/fct/library/report/4437,2026-09-16
FC000628,R017,carbs_g_100g,40.0,https://i.fnri.dost.gov.ph/fct/library/report/4437,2026-09-16
FC000628,R017,fat_g_100g,3.5,https://i.fnri.dost.gov.ph/fct/library/report/4437,2026-09-16
FC000628,R017,fiber_g_100g,2.2,https://i.fnri.dost.gov.ph/fct/library/report/4437,2026-09-16
FC000628,R017,sugar_g_100g,16.1,https://i.fnri.dost.gov.ph/fct/library/report/4437,2026-09-16
FC000628,R017,sodium_mg_100g,383,https://i.fnri.dost.gov.ph/fct/library/report/4437,2026-09-16
FC000628,R017,cholesterol_mg_100g,10,https://i.fnri.dost.gov.ph/fct/library/report/4437,2026-09-16
FC000629,R018,kcal_100g,242,https://i.fnri.dost.gov.ph/fct/library/report/4438,2026-09-16
FC000629,R018,protein_g_100g,2.3,https://i.fnri.dost.gov.ph/fct/library/report/4438,2026-09-16
FC000629,R018,carbs_g_100g,57.4,https://i.fnri.dost.gov.ph/fct/library/report/4438,2026-09-16
FC000629,R018,fat_g_100g,0.3,https://i.fnri.dost.gov.ph/fct/library/report/4438,2026-09-16
FC000629,R018,fiber_g_100g,-,https://i.fnri.dost.gov.ph/fct/library/report/4438,2026-09-16
FC000629,R018,sugar_g_100g,-,https://i.fnri.dost.gov.ph/fct/library/report/4438,2026-09-16
FC000629,R018,sodium_mg_100g,-,https://i.fnri.dost.gov.ph/fct/library/report/4438,2026-09-16
FC000629,R018,cholesterol_mg_100g,-,https://i.fnri.dost.gov.ph/fct/library/report/4438,2026-09-16
FC000630,R019,kcal_100g,82,https://i.fnri.dost.gov.ph/fct/library/report/4439,2026-09-16
FC000630,R019,protein_g_100g,1.0,https://i.fnri.dost.gov.ph/fct/library/report/4439,2026-09-16
FC000630,R019,carbs_g_100g,18.7,https://i.fnri.dost.gov.ph/fct/library/report/4439,2026-09-16
FC000630,R019,fat_g_100g,0.3,https://i.fnri.dost.gov.ph/fct/library/report/4439,2026-09-16
FC000630,R019,fiber_g_100g,-,https://i.fnri.dost.gov.ph/fct/library/report/4439,2026-09-16
FC000630,R019,sugar_g_100g,-,https://i.fnri.dost.gov.ph/fct/library/report/4439,2026-09-16
FC000630,R019,sodium_mg_100g,-,https://i.fnri.dost.gov.ph/fct/library/report/4439,2026-09-16
FC000630,R019,cholesterol_mg_100g,-,https://i.fnri.dost.gov.ph/fct/library/report/4439,2026-09-16
FC000631,R027,kcal_100g,284,https://i.fnri.dost.gov.ph/fct/library/report/4447,2026-09-16
FC000631,R027,protein_g_100g,13.3,https://i.fnri.dost.gov.ph/fct/library/report/4447,2026-09-16
FC000631,R027,carbs_g_100g,1.6,https://i.fnri.dost.gov.ph/fct/library/report/4447,2026-09-16
FC000631,R027,fat_g_100g,24.9,https://i.fnri.dost.gov.ph/fct/library/report/4447,2026-09-16
FC000631,R027,fiber_g_100g,1.1,https://i.fnri.dost.gov.ph/fct/library/report/4447,2026-09-16
FC000631,R027,sugar_g_100g,-,https://i.fnri.dost.gov.ph/fct/library/report/4447,2026-09-16
FC000631,R027,sodium_mg_100g,315,https://i.fnri.dost.gov.ph/fct/library/report/4447,2026-09-16
FC000631,R027,cholesterol_mg_100g,-,https://i.fnri.dost.gov.ph/fct/library/report/4447,2026-09-16
FC000632,R031,kcal_100g,64,https://i.fnri.dost.gov.ph/fct/library/report/4451,2026-09-16
FC000632,R031,protein_g_100g,9.0,https://i.fnri.dost.gov.ph/fct/library/report/4451,2026-09-16
FC000632,R031,carbs_g_100g,4.4,https://i.fnri.dost.gov.ph/fct/library/report/4451,2026-09-16
FC000632,R031,fat_g_100g,1.1,https://i.fnri.dost.gov.ph/fct/library/report/4451,2026-09-16
FC000632,R031,fiber_g_100g,1.5,https://i.fnri.dost.gov.ph/fct/library/report/4451,2026-09-16
FC000632,R031,sugar_g_100g,1.7,https://i.fnri.dost.gov.ph/fct/library/report/4451,2026-09-16
FC000632,R031,sodium_mg_100g,109,https://i.fnri.dost.gov.ph/fct/library/report/4451,2026-09-16
FC000632,R031,cholesterol_mg_100g,-,https://i.fnri.dost.gov.ph/fct/library/report/4451,2026-09-16
FC000633,R047,kcal_100g,189,https://i.fnri.dost.gov.ph/fct/library/report/4467,2026-09-16
FC000633,R047,protein_g_100g,14.5,https://i.fnri.dost.gov.ph/fct/library/report/4467,2026-09-16
FC000633,R047,carbs_g_100g,0.0,https://i.fnri.dost.gov.ph/fct/library/report/4467,2026-09-16
FC000633,R047,fat_g_100g,14.6,https://i.fnri.dost.gov.ph/fct/library/report/4467,2026-09-16
FC000633,R047,fiber_g_100g,0.2,https://i.fnri.dost.gov.ph/fct/library/report/4467,2026-09-16
FC000633,R047,sugar_g_100g,0.0,https://i.fnri.dost.gov.ph/fct/library/report/4467,2026-09-16
FC000633,R047,sodium_mg_100g,201,https://i.fnri.dost.gov.ph/fct/library/report/4467,2026-09-16
FC000633,R047,cholesterol_mg_100g,-,https://i.fnri.dost.gov.ph/fct/library/report/4467,2026-09-16
FC000634,R050,kcal_100g,277,https://i.fnri.dost.gov.ph/fct/library/report/4470,2026-09-16
FC000634,R050,protein_g_100g,10.3,https://i.fnri.dost.gov.ph/fct/library/report/4470,2026-09-16
FC000634,R050,carbs_g_100g,3.1,https://i.fnri.dost.gov.ph/fct/library/report/4470,2026-09-16
FC000634,R050,fat_g_100g,24.8,https://i.fnri.dost.gov.ph/fct/library/report/4470,2026-09-16
FC000634,R050,fiber_g_100g,0.3,https://i.fnri.dost.gov.ph/fct/library/report/4470,2026-09-16
FC000634,R050,sugar_g_100g,0.1,https://i.fnri.dost.gov.ph/fct/library/report/4470,2026-09-16
FC000634,R050,sodium_mg_100g,254,https://i.fnri.dost.gov.ph/fct/library/report/4470,2026-09-16
FC000634,R050,cholesterol_mg_100g,-,https://i.fnri.dost.gov.ph/fct/library/report/4470,2026-09-16
FC000635,R051,kcal_100g,261,https://i.fnri.dost.gov.ph/fct/library/report/4471,2026-09-16
FC000635,R051,protein_g_100g,13.4,https://i.fnri.dost.gov.ph/fct/library/report/4471,2026-09-16
FC000635,R051,carbs_g_100g,6.3,https://i.fnri.dost.gov.ph/fct/library/report/4471,2026-09-16
FC000635,R051,fat_g_100g,20.2,https://i.fnri.dost.gov.ph/fct/library/report/4471,2026-09-16
FC000635,R051,fiber_g_100g,0.3,https://i.fnri.dost.gov.ph/fct/library/report/4471,2026-09-16
FC000635,R051,sugar_g_100g,0.2,https://i.fnri.dost.gov.ph/fct/library/report/4471,2026-09-16
FC000635,R051,sodium_mg_100g,237,https://i.fnri.dost.gov.ph/fct/library/report/4471,2026-09-16
FC000635,R051,cholesterol_mg_100g,-,https://i.fnri.dost.gov.ph/fct/library/report/4471,2026-09-16
FC000636,R086,kcal_100g,105,https://i.fnri.dost.gov.ph/fct/library/report/4506,2026-09-16
FC000636,R086,protein_g_100g,4.7,https://i.fnri.dost.gov.ph/fct/library/report/4506,2026-09-16
FC000636,R086,carbs_g_100g,17.6,https://i.fnri.dost.gov.ph/fct/library/report/4506,2026-09-16
FC000636,R086,fat_g_100g,1.8,https://i.fnri.dost.gov.ph/fct/library/report/4506,2026-09-16
FC000636,R086,fiber_g_100g,5.3,https://i.fnri.dost.gov.ph/fct/library/report/4506,2026-09-16
FC000636,R086,sugar_g_100g,6.1,https://i.fnri.dost.gov.ph/fct/library/report/4506,2026-09-16
FC000636,R086,sodium_mg_100g,333,https://i.fnri.dost.gov.ph/fct/library/report/4506,2026-09-16
FC000636,R086,cholesterol_mg_100g,14,https://i.fnri.dost.gov.ph/fct/library/report/4506,2026-09-16
FC000637,R053,kcal_100g,155,https://i.fnri.dost.gov.ph/fct/library/report/4473,2026-09-16
FC000637,R053,protein_g_100g,14.8,https://i.fnri.dost.gov.ph/fct/library/report/4473,2026-09-16
FC000637,R053,carbs_g_100g,0.0,https://i.fnri.dost.gov.ph/fct/library/report/4473,2026-09-16
FC000637,R053,fat_g_100g,10.6,https://i.fnri.dost.gov.ph/fct/library/report/4473,2026-09-16
FC000637,R053,fiber_g_100g,0.2,https://i.fnri.dost.gov.ph/fct/library/report/4473,2026-09-16
FC000637,R053,sugar_g_100g,0.0,https://i.fnri.dost.gov.ph/fct/library/report/4473,2026-09-16
FC000637,R053,sodium_mg_100g,-,https://i.fnri.dost.gov.ph/fct/library/report/4473,2026-09-16
FC000637,R053,cholesterol_mg_100g,-,https://i.fnri.dost.gov.ph/fct/library/report/4473,2026-09-16
FC000638,K003,kcal_100g,900,https://i.fnri.dost.gov.ph/fct/library/report/4263,2026-09-16
FC000638,K003,protein_g_100g,0.0,https://i.fnri.dost.gov.ph/fct/library/report/4263,2026-09-16
FC000638,K003,carbs_g_100g,0.0,https://i.fnri.dost.gov.ph/fct/library/report/4263,2026-09-16
FC000638,K003,fat_g_100g,100.0,https://i.fnri.dost.gov.ph/fct/library/report/4263,2026-09-16
FC000638,K003,fiber_g_100g,0.0,https://i.fnri.dost.gov.ph/fct/library/report/4263,2026-09-16
FC000638,K003,sugar_g_100g,0.0,https://i.fnri.dost.gov.ph/fct/library/report/4263,2026-09-16
FC000638,K003,sodium_mg_100g,0,https://i.fnri.dost.gov.ph/fct/library/report/4263,2026-09-16
FC000638,K003,cholesterol_mg_100g,95,https://i.fnri.dost.gov.ph/fct/library/report/4263,2026-09-16
FC000639,K004,kcal_100g,831,https://i.fnri.dost.gov.ph/fct/library/report/4264,2026-09-16
FC000639,K004,protein_g_100g,0.3,https://i.fnri.dost.gov.ph/fct/library/report/4264,2026-09-16
FC000639,K004,carbs_g_100g,0.5,https://i.fnri.dost.gov.ph/fct/library/report/4264,2026-09-16
FC000639,K004,fat_g_100g,91.9,https://i.fnri.dost.gov.ph/fct/library/report/4264,2026-09-16
FC000639,K004,fiber_g_100g,0.0,https://i.fnri.dost.gov.ph/fct/library/report/4264,2026-09-16
FC000639,K004,sugar_g_100g,0.0,https://i.fnri.dost.gov.ph/fct/library/report/4264,2026-09-16
FC000639,K004,sodium_mg_100g,752,https://i.fnri.dost.gov.ph/fct/library/report/4264,2026-09-16
FC000639,K004,cholesterol_mg_100g,0,https://i.fnri.dost.gov.ph/fct/library/report/4264,2026-09-16
FC000640,K006,kcal_100g,818,https://i.fnri.dost.gov.ph/fct/library/report/4266,2026-09-16
FC000640,K006,protein_g_100g,0.1,https://i.fnri.dost.gov.ph/fct/library/report/4266,2026-09-16
FC000640,K006,carbs_g_100g,0.0,https://i.fnri.dost.gov.ph/fct/library/report/4266,2026-09-16
FC000640,K006,fat_g_100g,90.8,https://i.fnri.dost.gov.ph/fct/library/report/4266,2026-09-16
FC000640,K006,fiber_g_100g,0.0,https://i.fnri.dost.gov.ph/fct/library/report/4266,2026-09-16
FC000640,K006,sugar_g_100g,0.0,https://i.fnri.dost.gov.ph/fct/library/report/4266,2026-09-16
FC000640,K006,sodium_mg_100g,724,https://i.fnri.dost.gov.ph/fct/library/report/4266,2026-09-16
FC000640,K006,cholesterol_mg_100g,0,https://i.fnri.dost.gov.ph/fct/library/report/4266,2026-09-16
FC000641,K007,kcal_100g,715,https://i.fnri.dost.gov.ph/fct/library/report/4267,2026-09-16
FC000641,K007,protein_g_100g,1.2,https://i.fnri.dost.gov.ph/fct/library/report/4267,2026-09-16
FC000641,K007,carbs_g_100g,1.4,https://i.fnri.dost.gov.ph/fct/library/report/4267,2026-09-16
FC000641,K007,fat_g_100g,78.3,https://i.fnri.dost.gov.ph/fct/library/report/4267,2026-09-16
FC000641,K007,fiber_g_100g,0.0,https://i.fnri.dost.gov.ph/fct/library/report/4267,2026-09-16
FC000641,K007,sugar_g_100g,0.6,https://i.fnri.dost.gov.ph/fct/library/report/4267,2026-09-16
FC000641,K007,sodium_mg_100g,506,https://i.fnri.dost.gov.ph/fct/library/report/4267,2026-09-16
FC000641,K007,cholesterol_mg_100g,44,https://i.fnri.dost.gov.ph/fct/library/report/4267,2026-09-16
FC000642,K009,kcal_100g,896,https://i.fnri.dost.gov.ph/fct/library/report/4269,2026-09-16
FC000642,K009,protein_g_100g,0.0,https://i.fnri.dost.gov.ph/fct/library/report/4269,2026-09-16
FC000642,K009,carbs_g_100g,0.0,https://i.fnri.dost.gov.ph/fct/library/report/4269,2026-09-16
FC000642,K009,fat_g_100g,99.6,https://i.fnri.dost.gov.ph/fct/library/report/4269,2026-09-16
FC000642,K009,fiber_g_100g,0.0,https://i.fnri.dost.gov.ph/fct/library/report/4269,2026-09-16
FC000642,K009,sugar_g_100g,0.0,https://i.fnri.dost.gov.ph/fct/library/report/4269,2026-09-16
FC000642,K009,sodium_mg_100g,0,https://i.fnri.dost.gov.ph/fct/library/report/4269,2026-09-16
FC000642,K009,cholesterol_mg_100g,0,https://i.fnri.dost.gov.ph/fct/library/report/4269,2026-09-16
FC000643,Q013,kcal_100g,406,https://i.fnri.dost.gov.ph/fct/library/report/4372,2026-09-16
FC000643,Q013,protein_g_100g,15.2,https://i.fnri.dost.gov.ph/fct/library/report/4372,2026-09-16
FC000643,Q013,carbs_g_100g,70.4,https://i.fnri.dost.gov.ph/fct/library/report/4372,2026-09-16
FC000643,Q013,fat_g_100g,7.1,https://i.fnri.dost.gov.ph/fct/library/report/4372,2026-09-16
FC000643,Q013,fiber_g_100g,20.5,https://i.fnri.dost.gov.ph/fct/library/report/4372,2026-09-16
FC000643,Q013,sugar_g_100g,0.0,https://i.fnri.dost.gov.ph/fct/library/report/4372,2026-09-16
FC000643,Q013,sodium_mg_100g,77,https://i.fnri.dost.gov.ph/fct/library/report/4372,2026-09-16
FC000643,Q013,cholesterol_mg_100g,0,https://i.fnri.dost.gov.ph/fct/library/report/4372,2026-09-16
FC000644,Q010,kcal_100g,22,https://i.fnri.dost.gov.ph/fct/library/report/4369,2026-09-16
FC000644,Q010,protein_g_100g,0.0,https://i.fnri.dost.gov.ph/fct/library/report/4369,2026-09-16
FC000644,Q010,carbs_g_100g,5.1,https://i.fnri.dost.gov.ph/fct/library/report/4369,2026-09-16
FC000644,Q010,fat_g_100g,0.2,https://i.fnri.dost.gov.ph/fct/library/report/4369,2026-09-16
FC000644,Q010,fiber_g_100g,1.2,https://i.fnri.dost.gov.ph/fct/library/report/4369,2026-09-16
FC000644,Q010,sugar_g_100g,2.9,https://i.fnri.dost.gov.ph/fct/library/report/4369,2026-09-16
FC000644,Q010,sodium_mg_100g,1,https://i.fnri.dost.gov.ph/fct/library/report/4369,2026-09-16
FC000644,Q010,cholesterol_mg_100g,0,https://i.fnri.dost.gov.ph/fct/library/report/4369,2026-09-16
FC000645,Q011,kcal_100g,392,https://i.fnri.dost.gov.ph/fct/library/report/4370,2026-09-16
FC000645,Q011,protein_g_100g,3.6,https://i.fnri.dost.gov.ph/fct/library/report/4370,2026-09-16
FC000645,Q011,carbs_g_100g,92.5,https://i.fnri.dost.gov.ph/fct/library/report/4370,2026-09-16
FC000645,Q011,fat_g_100g,0.8,https://i.fnri.dost.gov.ph/fct/library/report/4370,2026-09-16
FC000645,Q011,fiber_g_100g,0.0,https://i.fnri.dost.gov.ph/fct/library/report/4370,2026-09-16
FC000645,Q011,sugar_g_100g,46.5,https://i.fnri.dost.gov.ph/fct/library/report/4370,2026-09-16
FC000645,Q011,sodium_mg_100g,65,https://i.fnri.dost.gov.ph/fct/library/report/4370,2026-09-16
FC000645,Q011,cholesterol_mg_100g,0,https://i.fnri.dost.gov.ph/fct/library/report/4370,2026-09-16
FC000646,Q012,kcal_100g,329,https://i.fnri.dost.gov.ph/fct/library/report/4371,2026-09-16
FC000646,Q012,protein_g_100g,21.6,https://i.fnri.dost.gov.ph/fct/library/report/4371,2026-09-16
FC000646,Q012,carbs_g_100g,60.3,https://i.fnri.dost.gov.ph/fct/library/report/4371,2026-09-16
FC000646,Q012,fat_g_100g,0.1,https://i.fnri.dost.gov.ph/fct/library/report/4371,2026-09-16
FC000646,Q012,fiber_g_100g,0.0,https://i.fnri.dost.gov.ph/fct/library/report/4371,2026-09-16
FC000646,Q012,sugar_g_100g,0.0,https://i.fnri.dost.gov.ph/fct/library/report/4371,2026-09-16
FC000646,Q012,sodium_mg_100g,37,https://i.fnri.dost.gov.ph/fct/library/report/4371,2026-09-16
FC000646,Q012,cholesterol_mg_100g,0,https://i.fnri.dost.gov.ph/fct/library/report/4371,2026-09-16
FC000647,Q008,kcal_100g,474,https://i.fnri.dost.gov.ph/fct/library/report/4367,2026-09-16
FC000647,Q008,protein_g_100g,20.0,https://i.fnri.dost.gov.ph/fct/library/report/4367,2026-09-16
FC000647,Q008,carbs_g_100g,51.0,https://i.fnri.dost.gov.ph/fct/library/report/4367,2026-09-16
FC000647,Q008,fat_g_100g,21.1,https://i.fnri.dost.gov.ph/fct/library/report/4367,2026-09-16
FC000647,Q008,fiber_g_100g,9.5,https://i.fnri.dost.gov.ph/fct/library/report/4367,2026-09-16
FC000647,Q008,sugar_g_100g,28.5,https://i.fnri.dost.gov.ph/fct/library/report/4367,2026-09-16
FC000647,Q008,sodium_mg_100g,95,https://i.fnri.dost.gov.ph/fct/library/report/4367,2026-09-16
FC000647,Q008,cholesterol_mg_100g,0,https://i.fnri.dost.gov.ph/fct/library/report/4367,2026-09-16
FC000648,A033,kcal_100g,387,https://i.fnri.dost.gov.ph/fct/library/report/2995,2026-09-16
FC000648,A033,protein_g_100g,9.1,https://i.fnri.dost.gov.ph/fct/library/report/2995,2026-09-16
FC000648,A033,carbs_g_100g,58.1,https://i.fnri.dost.gov.ph/fct/library/report/2995,2026-09-16
FC000648,A033,fat_g_100g,13.1,https://i.fnri.dost.gov.ph/fct/library/report/2995,2026-09-16
FC000648,A033,fiber_g_100g,2.6,https://i.fnri.dost.gov.ph/fct/library/report/2995,2026-09-16
FC000648,A033,sugar_g_100g,34.3,https://i.fnri.dost.gov.ph/fct/library/report/2995,2026-09-16
FC000648,A033,sodium_mg_100g,329,https://i.fnri.dost.gov.ph/fct/library/report/2995,2026-09-16
FC000648,A033,cholesterol_mg_100g,34,https://i.fnri.dost.gov.ph/fct/library/report/2995,2026-09-16
FC000649,A034,kcal_100g,320,https://i.fnri.dost.gov.ph/fct/library/report/2996,2026-09-16
FC000649,A034,protein_g_100g,10.2,https://i.fnri.dost.gov.ph/fct/library/report/2996,2026-09-16
FC000649,A034,carbs_g_100g,61.3,https://i.fnri.dost.gov.ph/fct/library/report/2996,2026-09-16
FC000649,A034,fat_g_100g,3.8,https://i.fnri.dost.gov.ph/fct/library/report/2996,2026-09-16
FC000649,A034,fiber_g_100g,2.4,https://i.fnri.dost.gov.ph/fct/library/report/2996,2026-09-16
FC000649,A034,sugar_g_100g,7.4,https://i.fnri.dost.gov.ph/fct/library/report/2996,2026-09-16
FC000649,A034,sodium_mg_100g,577,https://i.fnri.dost.gov.ph/fct/library/report/2996,2026-09-16
FC000649,A034,cholesterol_mg_100g,0,https://i.fnri.dost.gov.ph/fct/library/report/2996,2026-09-16
FC000650,A035,kcal_100g,412,https://i.fnri.dost.gov.ph/fct/library/report/2997,2026-09-16
FC000650,A035,protein_g_100g,9.3,https://i.fnri.dost.gov.ph/fct/library/report/2997,2026-09-16
FC000650,A035,carbs_g_100g,77.1,https://i.fnri.dost.gov.ph/fct/library/report/2997,2026-09-16
FC000650,A035,fat_g_100g,7.4,https://i.fnri.dost.gov.ph/fct/library/report/2997,2026-09-16
FC000650,A035,fiber_g_100g,6.3,https://i.fnri.dost.gov.ph/fct/library/report/2997,2026-09-16
FC000650,A035,sugar_g_100g,0.9,https://i.fnri.dost.gov.ph/fct/library/report/2997,2026-09-16
FC000650,A035,sodium_mg_100g,599,https://i.fnri.dost.gov.ph/fct/library/report/2997,2026-09-16
FC000650,A035,cholesterol_mg_100g,0,https://i.fnri.dost.gov.ph/fct/library/report/2997,2026-09-16
FC000651,A036,kcal_100g,352,https://i.fnri.dost.gov.ph/fct/library/report/2998,2026-09-16
FC000651,A036,protein_g_100g,13.5,https://i.fnri.dost.gov.ph/fct/library/report/2998,2026-09-16
FC000651,A036,carbs_g_100g,55.8,https://i.fnri.dost.gov.ph/fct/library/report/2998,2026-09-16
FC000651,A036,fat_g_100g,8.3,https://i.fnri.dost.gov.ph/fct/library/report/2998,2026-09-16
FC000651,A036,fiber_g_100g,4.4,https://i.fnri.dost.gov.ph/fct/library/report/2998,2026-09-16
FC000651,A036,sugar_g_100g,26.3,https://i.fnri.dost.gov.ph/fct/library/report/2998,2026-09-16
FC000651,A036,sodium_mg_100g,163,https://i.fnri.dost.gov.ph/fct/library/report/2998,2026-09-16
FC000651,A036,cholesterol_mg_100g,16,https://i.fnri.dost.gov.ph/fct/library/report/2998,2026-09-16
FC000652,A037,kcal_100g,329,https://i.fnri.dost.gov.ph/fct/library/report/2999,2026-09-16
FC000652,A037,protein_g_100g,12.3,https://i.fnri.dost.gov.ph/fct/library/report/2999,2026-09-16
FC000652,A037,carbs_g_100g,60.0,https://i.fnri.dost.gov.ph/fct/library/report/2999,2026-09-16
FC000652,A037,fat_g_100g,4.4,https://i.fnri.dost.gov.ph/fct/library/report/2999,2026-09-16
FC000652,A037,fiber_g_100g,2.5,https://i.fnri.dost.gov.ph/fct/library/report/2999,2026-09-16
FC000652,A037,sugar_g_100g,7.5,https://i.fnri.dost.gov.ph/fct/library/report/2999,2026-09-16
FC000652,A037,sodium_mg_100g,592,https://i.fnri.dost.gov.ph/fct/library/report/2999,2026-09-16
FC000652,A037,cholesterol_mg_100g,4,https://i.fnri.dost.gov.ph/fct/library/report/2999,2026-09-16
FC000653,A040,kcal_100g,321,https://i.fnri.dost.gov.ph/fct/library/report/3002,2026-09-16
FC000653,A040,protein_g_100g,10.6,https://i.fnri.dost.gov.ph/fct/library/report/3002,2026-09-16
FC000653,A040,carbs_g_100g,60.9,https://i.fnri.dost.gov.ph/fct/library/report/3002,2026-09-16
FC000653,A040,fat_g_100g,3.9,https://i.fnri.dost.gov.ph/fct/library/report/3002,2026-09-16
FC000653,A040,fiber_g_100g,2.4,https://i.fnri.dost.gov.ph/fct/library/report/3002,2026-09-16
FC000653,A040,sugar_g_100g,7.4,https://i.fnri.dost.gov.ph/fct/library/report/3002,2026-09-16
FC000653,A040,sodium_mg_100g,579,https://i.fnri.dost.gov.ph/fct/library/report/3002,2026-09-16
FC000653,A040,cholesterol_mg_100g,4,https://i.fnri.dost.gov.ph/fct/library/report/3002,2026-09-16
FC000654,A043,kcal_100g,295,https://i.fnri.dost.gov.ph/fct/library/report/3005,2026-09-16
FC000654,A043,protein_g_100g,9.4,https://i.fnri.dost.gov.ph/fct/library/report/3005,2026-09-16
FC000654,A043,carbs_g_100g,53.9,https://i.fnri.dost.gov.ph/fct/library/report/3005,2026-09-16
FC000654,A043,fat_g_100g,4.6,https://i.fnri.dost.gov.ph/fct/library/report/3005,2026-09-16
FC000654,A043,fiber_g_100g,4.5,https://i.fnri.dost.gov.ph/fct/library/report/3005,2026-09-16
FC000654,A043,sugar_g_100g,15.9,https://i.fnri.dost.gov.ph/fct/library/report/3005,2026-09-16
FC000654,A043,sodium_mg_100g,409,https://i.fnri.dost.gov.ph/fct/library/report/3005,2026-09-16
FC000654,A043,cholesterol_mg_100g,0,https://i.fnri.dost.gov.ph/fct/library/report/3005,2026-09-16
FC000655,A044,kcal_100g,304,https://i.fnri.dost.gov.ph/fct/library/report/3006,2026-09-16
FC000655,A044,protein_g_100g,12.1,https://i.fnri.dost.gov.ph/fct/library/report/3006,2026-09-16
FC000655,A044,carbs_g_100g,56.0,https://i.fnri.dost.gov.ph/fct/library/report/3006,2026-09-16
FC000655,A044,fat_g_100g,3.5,https://i.fnri.dost.gov.ph/fct/library/report/3006,2026-09-16
FC000655,A044,fiber_g_100g,6.9,https://i.fnri.dost.gov.ph/fct/library/report/3006,2026-09-16
FC000655,A044,sugar_g_100g,4.6,https://i.fnri.dost.gov.ph/fct/library/report/3006,2026-09-16
FC000655,A044,sodium_mg_100g,457,https://i.fnri.dost.gov.ph/fct/library/report/3006,2026-09-16
FC000655,A044,cholesterol_mg_100g,0,https://i.fnri.dost.gov.ph/fct/library/report/3006,2026-09-16
FC000656,A046,kcal_100g,307,https://i.fnri.dost.gov.ph/fct/library/report/3008,2026-09-16
FC000656,A046,protein_g_100g,9.6,https://i.fnri.dost.gov.ph/fct/library/report/3008,2026-09-16
FC000656,A046,carbs_g_100g,62.5,https://i.fnri.dost.gov.ph/fct/library/report/3008,2026-09-16
FC000656,A046,fat_g_100g,2.1,https://i.fnri.dost.gov.ph/fct/library/report/3008,2026-09-16
FC000656,A046,fiber_g_100g,4.2,https://i.fnri.dost.gov.ph/fct/library/report/3008,2026-09-16
FC000656,A046,sugar_g_100g,25.0,https://i.fnri.dost.gov.ph/fct/library/report/3008,2026-09-16
FC000656,A046,sodium_mg_100g,155,https://i.fnri.dost.gov.ph/fct/library/report/3008,2026-09-16
FC000656,A046,cholesterol_mg_100g,4,https://i.fnri.dost.gov.ph/fct/library/report/3008,2026-09-16
FC000657,A050,kcal_100g,262,https://i.fnri.dost.gov.ph/fct/library/report/3012,2026-09-16
FC000657,A050,protein_g_100g,7.2,https://i.fnri.dost.gov.ph/fct/library/report/3012,2026-09-16
FC000657,A050,carbs_g_100g,57.7,https://i.fnri.dost.gov.ph/fct/library/report/3012,2026-09-16
FC000657,A050,fat_g_100g,0.3,https://i.fnri.dost.gov.ph/fct/library/report/3012,2026-09-16
FC000657,A050,fiber_g_100g,1.5,https://i.fnri.dost.gov.ph/fct/library/report/3012,2026-09-16
FC000657,A050,sugar_g_100g,30.1,https://i.fnri.dost.gov.ph/fct/library/report/3012,2026-09-16
FC000657,A050,sodium_mg_100g,741,https://i.fnri.dost.gov.ph/fct/library/report/3012,2026-09-16
FC000657,A050,cholesterol_mg_100g,0,https://i.fnri.dost.gov.ph/fct/library/report/3012,2026-09-16
FC000658,A052,kcal_100g,399,https://i.fnri.dost.gov.ph/fct/library/report/3014,2026-09-16
FC000658,A052,protein_g_100g,2.8,https://i.fnri.dost.gov.ph/fct/library/report/3014,2026-09-16
FC000658,A052,carbs_g_100g,51.0,https://i.fnri.dost.gov.ph/fct/library/report/3014,2026-09-16
FC000658,A052,fat_g_100g,20.4,https://i.fnri.dost.gov.ph/fct/library/report/3014,2026-09-16
FC000658,A052,fiber_g_100g,0.6,https://i.fnri.dost.gov.ph/fct/library/report/3014,2026-09-16
FC000658,A052,sugar_g_100g,33.8,https://i.fnri.dost.gov.ph/fct/library/report/3014,2026-09-16
FC000658,A052,sodium_mg_100g,382,https://i.fnri.dost.gov.ph/fct/library/report/3014,2026-09-16
FC000658,A052,cholesterol_mg_100g,96,https://i.fnri.dost.gov.ph/fct/library/report/3014,2026-09-16
FC000659,A053,kcal_100g,410,https://i.fnri.dost.gov.ph/fct/library/report/3015,2026-09-16
FC000659,A053,protein_g_100g,5.6,https://i.fnri.dost.gov.ph/fct/library/report/3015,2026-09-16
FC000659,A053,carbs_g_100g,60.0,https://i.fnri.dost.gov.ph/fct/library/report/3015,2026-09-16
FC000659,A053,fat_g_100g,16.4,https://i.fnri.dost.gov.ph/fct/library/report/3015,2026-09-16
FC000659,A053,fiber_g_100g,2.2,https://i.fnri.dost.gov.ph/fct/library/report/3015,2026-09-16
FC000659,A053,sugar_g_100g,2.2,https://i.fnri.dost.gov.ph/fct/library/report/3015,2026-09-16
FC000659,A053,sodium_mg_100g,797,https://i.fnri.dost.gov.ph/fct/library/report/3015,2026-09-16
FC000659,A053,cholesterol_mg_100g,68,https://i.fnri.dost.gov.ph/fct/library/report/3015,2026-09-16
FC000660,A054,kcal_100g,332,https://i.fnri.dost.gov.ph/fct/library/report/3016,2026-09-16
FC000660,A054,protein_g_100g,7.2,https://i.fnri.dost.gov.ph/fct/library/report/3016,2026-09-16
FC000660,A054,carbs_g_100g,49.8,https://i.fnri.dost.gov.ph/fct/library/report/3016,2026-09-16
FC000660,A054,fat_g_100g,11.6,https://i.fnri.dost.gov.ph/fct/library/report/3016,2026-09-16
FC000660,A054,fiber_g_100g,0.5,https://i.fnri.dost.gov.ph/fct/library/report/3016,2026-09-16
FC000660,A054,sugar_g_100g,36.6,https://i.fnri.dost.gov.ph/fct/library/report/3016,2026-09-16
FC000660,A054,sodium_mg_100g,622,https://i.fnri.dost.gov.ph/fct/library/report/3016,2026-09-16
FC000660,A054,cholesterol_mg_100g,131,https://i.fnri.dost.gov.ph/fct/library/report/3016,2026-09-16
FC000661,A055,kcal_100g,373,https://i.fnri.dost.gov.ph/fct/library/report/3017,2026-09-16
FC000661,A055,protein_g_100g,5.6,https://i.fnri.dost.gov.ph/fct/library/report/3017,2026-09-16
FC000661,A055,carbs_g_100g,59.3,https://i.fnri.dost.gov.ph/fct/library/report/3017,2026-09-16
FC000661,A055,fat_g_100g,12.6,https://i.fnri.dost.gov.ph/fct/library/report/3017,2026-09-16
FC000661,A055,fiber_g_100g,2.2,https://i.fnri.dost.gov.ph/fct/library/report/3017,2026-09-16
FC000661,A055,sugar_g_100g,40.4,https://i.fnri.dost.gov.ph/fct/library/report/3017,2026-09-16
FC000661,A055,sodium_mg_100g,352,https://i.fnri.dost.gov.ph/fct/library/report/3017,2026-09-16
FC000661,A055,cholesterol_mg_100g,14,https://i.fnri.dost.gov.ph/fct/library/report/3017,2026-09-16
FC000662,A057,kcal_100g,365,https://i.fnri.dost.gov.ph/fct/library/report/3019,2026-09-16
FC000662,A057,protein_g_100g,5.0,https://i.fnri.dost.gov.ph/fct/library/report/3019,2026-09-16
FC000662,A057,carbs_g_100g,53.4,https://i.fnri.dost.gov.ph/fct/library/report/3019,2026-09-16
FC000662,A057,fat_g_100g,14.6,https://i.fnri.dost.gov.ph/fct/library/report/3019,2026-09-16
FC000662,A057,fiber_g_100g,3.7,https://i.fnri.dost.gov.ph/fct/library/report/3019,2026-09-16
FC000662,A057,sugar_g_100g,27.2,https://i.fnri.dost.gov.ph/fct/library/report/3019,2026-09-16
FC000662,A057,sodium_mg_100g,100,https://i.fnri.dost.gov.ph/fct/library/report/3019,2026-09-16
FC000662,A057,cholesterol_mg_100g,8,https://i.fnri.dost.gov.ph/fct/library/report/3019,2026-09-16
FC000663,A061,kcal_100g,416,https://i.fnri.dost.gov.ph/fct/library/report/3023,2026-09-16
FC000663,A061,protein_g_100g,10.4,https://i.fnri.dost.gov.ph/fct/library/report/3023,2026-09-16
FC000663,A061,carbs_g_100g,78.5,https://i.fnri.dost.gov.ph/fct/library/report/3023,2026-09-16
FC000663,A061,fat_g_100g,6.7,https://i.fnri.dost.gov.ph/fct/library/report/3023,2026-09-16
FC000663,A061,fiber_g_100g,3.9,https://i.fnri.dost.gov.ph/fct/library/report/3023,2026-09-16
FC000663,A061,sugar_g_100g,7.3,https://i.fnri.dost.gov.ph/fct/library/report/3023,2026-09-16
FC000663,A061,sodium_mg_100g,258,https://i.fnri.dost.gov.ph/fct/library/report/3023,2026-09-16
FC000663,A061,cholesterol_mg_100g,73,https://i.fnri.dost.gov.ph/fct/library/report/3023,2026-09-16
FC000664,A065,kcal_100g,306,https://i.fnri.dost.gov.ph/fct/library/report/3027,2026-09-16
FC000664,A065,protein_g_100g,8.2,https://i.fnri.dost.gov.ph/fct/library/report/3027,2026-09-16
FC000664,A065,carbs_g_100g,56.3,https://i.fnri.dost.gov.ph/fct/library/report/3027,2026-09-16
FC000664,A065,fat_g_100g,5.3,https://i.fnri.dost.gov.ph/fct/library/report/3027,2026-09-16
FC000664,A065,fiber_g_100g,0.5,https://i.fnri.dost.gov.ph/fct/library/report/3027,2026-09-16
FC000664,A065,sugar_g_100g,37.0,https://i.fnri.dost.gov.ph/fct/library/report/3027,2026-09-16
FC000664,A065,sodium_mg_100g,629,https://i.fnri.dost.gov.ph/fct/library/report/3027,2026-09-16
FC000664,A065,cholesterol_mg_100g,200,https://i.fnri.dost.gov.ph/fct/library/report/3027,2026-09-16
FC000665,A083,kcal_100g,388,https://i.fnri.dost.gov.ph/fct/library/report/3045,2026-09-16
FC000665,A083,protein_g_100g,5.4,https://i.fnri.dost.gov.ph/fct/library/report/3045,2026-09-16
FC000665,A083,carbs_g_100g,90.4,https://i.fnri.dost.gov.ph/fct/library/report/3045,2026-09-16
FC000665,A083,fat_g_100g,0.5,https://i.fnri.dost.gov.ph/fct/library/report/3045,2026-09-16
FC000665,A083,fiber_g_100g,1.1,https://i.fnri.dost.gov.ph/fct/library/report/3045,2026-09-16
FC000665,A083,sugar_g_100g,23.9,https://i.fnri.dost.gov.ph/fct/library/report/3045,2026-09-16
FC000665,A083,sodium_mg_100g,357,https://i.fnri.dost.gov.ph/fct/library/report/3045,2026-09-16
FC000665,A083,cholesterol_mg_100g,0,https://i.fnri.dost.gov.ph/fct/library/report/3045,2026-09-16
FC000666,A084,kcal_100g,417,https://i.fnri.dost.gov.ph/fct/library/report/3046,2026-09-16
FC000666,A084,protein_g_100g,1.1,https://i.fnri.dost.gov.ph/fct/library/report/3046,2026-09-16
FC000666,A084,carbs_g_100g,83.9,https://i.fnri.dost.gov.ph/fct/library/report/3046,2026-09-16
FC000666,A084,fat_g_100g,8.5,https://i.fnri.dost.gov.ph/fct/library/report/3046,2026-09-16
FC000666,A084,fiber_g_100g,0.2,https://i.fnri.dost.gov.ph/fct/library/report/3046,2026-09-16
FC000666,A084,sugar_g_100g,22.8,https://i.fnri.dost.gov.ph/fct/library/report/3046,2026-09-16
FC000666,A084,sodium_mg_100g,318,https://i.fnri.dost.gov.ph/fct/library/report/3046,2026-09-16
FC000666,A084,cholesterol_mg_100g,0,https://i.fnri.dost.gov.ph/fct/library/report/3046,2026-09-16
FC000667,A086,kcal_100g,417,https://i.fnri.dost.gov.ph/fct/library/report/3048,2026-09-16
FC000667,A086,protein_g_100g,7.4,https://i.fnri.dost.gov.ph/fct/library/report/3048,2026-09-16
FC000667,A086,carbs_g_100g,59.1,https://i.fnri.dost.gov.ph/fct/library/report/3048,2026-09-16
FC000667,A086,fat_g_100g,16.8,https://i.fnri.dost.gov.ph/fct/library/report/3048,2026-09-16
FC000667,A086,fiber_g_100g,2.1,https://i.fnri.dost.gov.ph/fct/library/report/3048,2026-09-16
FC000667,A086,sugar_g_100g,36.1,https://i.fnri.dost.gov.ph/fct/library/report/3048,2026-09-16
FC000667,A086,sodium_mg_100g,282,https://i.fnri.dost.gov.ph/fct/library/report/3048,2026-09-16
FC000667,A086,cholesterol_mg_100g,18,https://i.fnri.dost.gov.ph/fct/library/report/3048,2026-09-16
FC000668,A087,kcal_100g,508,https://i.fnri.dost.gov.ph/fct/library/report/3049,2026-09-16
FC000668,A087,protein_g_100g,8.3,https://i.fnri.dost.gov.ph/fct/library/report/3049,2026-09-16
FC000668,A087,carbs_g_100g,64.5,https://i.fnri.dost.gov.ph/fct/library/report/3049,2026-09-16
FC000668,A087,fat_g_100g,24.1,https://i.fnri.dost.gov.ph/fct/library/report/3049,2026-09-16
FC000668,A087,fiber_g_100g,0.8,https://i.fnri.dost.gov.ph/fct/library/report/3049,2026-09-16
FC000668,A087,sugar_g_100g,20.9,https://i.fnri.dost.gov.ph/fct/library/report/3049,2026-09-16
FC000668,A087,sodium_mg_100g,362,https://i.fnri.dost.gov.ph/fct/library/report/3049,2026-09-16
FC000668,A087,cholesterol_mg_100g,150,https://i.fnri.dost.gov.ph/fct/library/report/3049,2026-09-16
FC000669,A090,kcal_100g,449,https://i.fnri.dost.gov.ph/fct/library/report/3052,2026-09-16
FC000669,A090,protein_g_100g,7.0,https://i.fnri.dost.gov.ph/fct/library/report/3052,2026-09-16
FC000669,A090,carbs_g_100g,75.4,https://i.fnri.dost.gov.ph/fct/library/report/3052,2026-09-16
FC000669,A090,fat_g_100g,13.3,https://i.fnri.dost.gov.ph/fct/library/report/3052,2026-09-16
FC000669,A090,fiber_g_100g,2.5,https://i.fnri.dost.gov.ph/fct/library/report/3052,2026-09-16
FC000669,A090,sugar_g_100g,17.7,https://i.fnri.dost.gov.ph/fct/library/report/3052,2026-09-16
FC000669,A090,sodium_mg_100g,369,https://i.fnri.dost.gov.ph/fct/library/report/3052,2026-09-16
FC000669,A090,cholesterol_mg_100g,6,https://i.fnri.dost.gov.ph/fct/library/report/3052,2026-09-16
FC000670,A091,kcal_100g,388,https://i.fnri.dost.gov.ph/fct/library/report/3053,2026-09-16
FC000670,A091,protein_g_100g,8.6,https://i.fnri.dost.gov.ph/fct/library/report/3053,2026-09-16
FC000670,A091,carbs_g_100g,73.7,https://i.fnri.dost.gov.ph/fct/library/report/3053,2026-09-16
FC000670,A091,fat_g_100g,6.5,https://i.fnri.dost.gov.ph/fct/library/report/3053,2026-09-16
FC000670,A091,fiber_g_100g,1.1,https://i.fnri.dost.gov.ph/fct/library/report/3053,2026-09-16
FC000670,A091,sugar_g_100g,52.9,https://i.fnri.dost.gov.ph/fct/library/report/3053,2026-09-16
FC000670,A091,sodium_mg_100g,163,https://i.fnri.dost.gov.ph/fct/library/report/3053,2026-09-16
FC000670,A091,cholesterol_mg_100g,-,https://i.fnri.dost.gov.ph/fct/library/report/3053,2026-09-16
FC000671,A092,kcal_100g,421,https://i.fnri.dost.gov.ph/fct/library/report/3054,2026-09-16
FC000671,A092,protein_g_100g,8.1,https://i.fnri.dost.gov.ph/fct/library/report/3054,2026-09-16
FC000671,A092,carbs_g_100g,77.1,https://i.fnri.dost.gov.ph/fct/library/report/3054,2026-09-16
FC000671,A092,fat_g_100g,8.9,https://i.fnri.dost.gov.ph/fct/library/report/3054,2026-09-16
FC000671,A092,fiber_g_100g,1.1,https://i.fnri.dost.gov.ph/fct/library/report/3054,2026-09-16
FC000671,A092,sugar_g_100g,21.9,https://i.fnri.dost.gov.ph/fct/library/report/3054,2026-09-16
FC000671,A092,sodium_mg_100g,402,https://i.fnri.dost.gov.ph/fct/library/report/3054,2026-09-16
FC000671,A092,cholesterol_mg_100g,0,https://i.fnri.dost.gov.ph/fct/library/report/3054,2026-09-16
FC000672,A093,kcal_100g,441,https://i.fnri.dost.gov.ph/fct/library/report/3055,2026-09-16
FC000672,A093,protein_g_100g,8.3,https://i.fnri.dost.gov.ph/fct/library/report/3055,2026-09-16
FC000672,A093,carbs_g_100g,75.3,https://i.fnri.dost.gov.ph/fct/library/report/3055,2026-09-16
FC000672,A093,fat_g_100g,11.8,https://i.fnri.dost.gov.ph/fct/library/report/3055,2026-09-16
FC000672,A093,fiber_g_100g,2.5,https://i.fnri.dost.gov.ph/fct/library/report/3055,2026-09-16
FC000672,A093,sugar_g_100g,15.4,https://i.fnri.dost.gov.ph/fct/library/report/3055,2026-09-16
FC000672,A093,sodium_mg_100g,367,https://i.fnri.dost.gov.ph/fct/library/report/3055,2026-09-16
FC000672,A093,cholesterol_mg_100g,5,https://i.fnri.dost.gov.ph/fct/library/report/3055,2026-09-16
FC000673,A095,kcal_100g,397,https://i.fnri.dost.gov.ph/fct/library/report/3057,2026-09-16
FC000673,A095,protein_g_100g,6.9,https://i.fnri.dost.gov.ph/fct/library/report/3057,2026-09-16
FC000673,A095,carbs_g_100g,84.9,https://i.fnri.dost.gov.ph/fct/library/report/3057,2026-09-16
FC000673,A095,fat_g_100g,3.3,https://i.fnri.dost.gov.ph/fct/library/report/3057,2026-09-16
FC000673,A095,fiber_g_100g,1.1,https://i.fnri.dost.gov.ph/fct/library/report/3057,2026-09-16
FC000673,A095,sugar_g_100g,21.9,https://i.fnri.dost.gov.ph/fct/library/report/3057,2026-09-16
FC000673,A095,sodium_mg_100g,402,https://i.fnri.dost.gov.ph/fct/library/report/3057,2026-09-16
FC000673,A095,cholesterol_mg_100g,0,https://i.fnri.dost.gov.ph/fct/library/report/3057,2026-09-16
FC000674,A097,kcal_100g,470,https://i.fnri.dost.gov.ph/fct/library/report/3059,2026-09-16
FC000674,A097,protein_g_100g,6.7,https://i.fnri.dost.gov.ph/fct/library/report/3059,2026-09-16
FC000674,A097,carbs_g_100g,72.6,https://i.fnri.dost.gov.ph/fct/library/report/3059,2026-09-16
FC000674,A097,fat_g_100g,17.0,https://i.fnri.dost.gov.ph/fct/library/report/3059,2026-09-16
FC000674,A097,fiber_g_100g,2.4,https://i.fnri.dost.gov.ph/fct/library/report/3059,2026-09-16
FC000674,A097,sugar_g_100g,38.4,https://i.fnri.dost.gov.ph/fct/library/report/3059,2026-09-16
FC000674,A097,sodium_mg_100g,564,https://i.fnri.dost.gov.ph/fct/library/report/3059,2026-09-16
FC000674,A097,cholesterol_mg_100g,0,https://i.fnri.dost.gov.ph/fct/library/report/3059,2026-09-16
FC000675,A098,kcal_100g,478,https://i.fnri.dost.gov.ph/fct/library/report/3060,2026-09-16
FC000675,A098,protein_g_100g,5.2,https://i.fnri.dost.gov.ph/fct/library/report/3060,2026-09-16
FC000675,A098,carbs_g_100g,71.0,https://i.fnri.dost.gov.ph/fct/library/report/3060,2026-09-16
FC000675,A098,fat_g_100g,19.2,https://i.fnri.dost.gov.ph/fct/library/report/3060,2026-09-16
FC000675,A098,fiber_g_100g,1.3,https://i.fnri.dost.gov.ph/fct/library/report/3060,2026-09-16
FC000675,A098,sugar_g_100g,21.5,https://i.fnri.dost.gov.ph/fct/library/report/3060,2026-09-16
FC000675,A098,sodium_mg_100g,351,https://i.fnri.dost.gov.ph/fct/library/report/3060,2026-09-16
FC000675,A098,cholesterol_mg_100g,0,https://i.fnri.dost.gov.ph/fct/library/report/3060,2026-09-16
FC000676,A103,kcal_100g,387,https://i.fnri.dost.gov.ph/fct/library/report/3065,2026-09-16
FC000676,A103,protein_g_100g,8.2,https://i.fnri.dost.gov.ph/fct/library/report/3065,2026-09-16
FC000676,A103,carbs_g_100g,87.2,https://i.fnri.dost.gov.ph/fct/library/report/3065,2026-09-16
FC000676,A103,fat_g_100g,0.6,https://i.fnri.dost.gov.ph/fct/library/report/3065,2026-09-16
FC000676,A103,fiber_g_100g,3.4,https://i.fnri.dost.gov.ph/fct/library/report/3065,2026-09-16
FC000676,A103,sugar_g_100g,9.7,https://i.fnri.dost.gov.ph/fct/library/report/3065,2026-09-16
FC000676,A103,sodium_mg_100g,838,https://i.fnri.dost.gov.ph/fct/library/report/3065,2026-09-16
FC000676,A103,cholesterol_mg_100g,0,https://i.fnri.dost.gov.ph/fct/library/report/3065,2026-09-16
FC000677,A104,kcal_100g,149,https://i.fnri.dost.gov.ph/fct/library/report/3066,2026-09-16
FC000677,A104,protein_g_100g,1.3,https://i.fnri.dost.gov.ph/fct/library/report/3066,2026-09-16
FC000677,A104,carbs_g_100g,33.4,https://i.fnri.dost.gov.ph/fct/library/report/3066,2026-09-16
FC000677,A104,fat_g_100g,1.1,https://i.fnri.dost.gov.ph/fct/library/report/3066,2026-09-16
FC000677,A104,fiber_g_100g,1.9,https://i.fnri.dost.gov.ph/fct/library/report/3066,2026-09-16
FC000677,A104,sugar_g_100g,17.6,https://i.fnri.dost.gov.ph/fct/library/report/3066,2026-09-16
FC000677,A104,sodium_mg_100g,14,https://i.fnri.dost.gov.ph/fct/library/report/3066,2026-09-16
FC000677,A104,cholesterol_mg_100g,0,https://i.fnri.dost.gov.ph/fct/library/report/3066,2026-09-16
FC000678,A106,kcal_100g,127,https://i.fnri.dost.gov.ph/fct/library/report/3068,2026-09-16
FC000678,A106,protein_g_100g,1.1,https://i.fnri.dost.gov.ph/fct/library/report/3068,2026-09-16
FC000678,A106,carbs_g_100g,27.6,https://i.fnri.dost.gov.ph/fct/library/report/3068,2026-09-16
FC000678,A106,fat_g_100g,1.3,https://i.fnri.dost.gov.ph/fct/library/report/3068,2026-09-16
FC000678,A106,fiber_g_100g,2.2,https://i.fnri.dost.gov.ph/fct/library/report/3068,2026-09-16
FC000678,A106,sugar_g_100g,16.3,https://i.fnri.dost.gov.ph/fct/library/report/3068,2026-09-16
FC000678,A106,sodium_mg_100g,13,https://i.fnri.dost.gov.ph/fct/library/report/3068,2026-09-16
FC000678,A106,cholesterol_mg_100g,0,https://i.fnri.dost.gov.ph/fct/library/report/3068,2026-09-16
FC000679,A108,kcal_100g,483,https://i.fnri.dost.gov.ph/fct/library/report/3070,2026-09-16
FC000679,A108,protein_g_100g,8.5,https://i.fnri.dost.gov.ph/fct/library/report/3070,2026-09-16
FC000679,A108,carbs_g_100g,63.2,https://i.fnri.dost.gov.ph/fct/library/report/3070,2026-09-16
FC000679,A108,fat_g_100g,21.8,https://i.fnri.dost.gov.ph/fct/library/report/3070,2026-09-16
FC000679,A108,fiber_g_100g,2.1,https://i.fnri.dost.gov.ph/fct/library/report/3070,2026-09-16
FC000679,A108,sugar_g_100g,4.6,https://i.fnri.dost.gov.ph/fct/library/report/3070,2026-09-16
FC000679,A108,sodium_mg_100g,1139,https://i.fnri.dost.gov.ph/fct/library/report/3070,2026-09-16
FC000679,A108,cholesterol_mg_100g,0,https://i.fnri.dost.gov.ph/fct/library/report/3070,2026-09-16
FC000680,A109,kcal_100g,70,https://i.fnri.dost.gov.ph/fct/library/report/3071,2026-09-16
FC000680,A109,protein_g_100g,1.3,https://i.fnri.dost.gov.ph/fct/library/report/3071,2026-09-16
FC000680,A109,carbs_g_100g,15.4,https://i.fnri.dost.gov.ph/fct/library/report/3071,2026-09-16
FC000680,A109,fat_g_100g,0.4,https://i.fnri.dost.gov.ph/fct/library/report/3071,2026-09-16
FC000680,A109,fiber_g_100g,2.1,https://i.fnri.dost.gov.ph/fct/library/report/3071,2026-09-16
FC000680,A109,sugar_g_100g,2.2,https://i.fnri.dost.gov.ph/fct/library/report/3071,2026-09-16
FC000680,A109,sodium_mg_100g,167,https://i.fnri.dost.gov.ph/fct/library/report/3071,2026-09-16
FC000680,A109,cholesterol_mg_100g,0,https://i.fnri.dost.gov.ph/fct/library/report/3071,2026-09-16
FC000681,A110,kcal_100g,370,https://i.fnri.dost.gov.ph/fct/library/report/3072,2026-09-16
FC000681,A110,protein_g_100g,0.3,https://i.fnri.dost.gov.ph/fct/library/report/3072,2026-09-16
FC000681,A110,carbs_g_100g,91.5,https://i.fnri.dost.gov.ph/fct/library/report/3072,2026-09-16
FC000681,A110,fat_g_100g,0.3,https://i.fnri.dost.gov.ph/fct/library/report/3072,2026-09-16
FC000681,A110,fiber_g_100g,0.9,https://i.fnri.dost.gov.ph/fct/library/report/3072,2026-09-16
FC000681,A110,sugar_g_100g,0.0,https://i.fnri.dost.gov.ph/fct/library/report/3072,2026-09-16
FC000681,A110,sodium_mg_100g,9,https://i.fnri.dost.gov.ph/fct/library/report/3072,2026-09-16
FC000681,A110,cholesterol_mg_100g,0,https://i.fnri.dost.gov.ph/fct/library/report/3072,2026-09-16
FC000682,A111,kcal_100g,422,https://i.fnri.dost.gov.ph/fct/library/report/3073,2026-09-16
FC000682,A111,protein_g_100g,15.0,https://i.fnri.dost.gov.ph/fct/library/report/3073,2026-09-16
FC000682,A111,carbs_g_100g,72.3,https://i.fnri.dost.gov.ph/fct/library/report/3073,2026-09-16
FC000682,A111,fat_g_100g,8.1,https://i.fnri.dost.gov.ph/fct/library/report/3073,2026-09-16
FC000682,A111,fiber_g_100g,2.9,https://i.fnri.dost.gov.ph/fct/library/report/3073,2026-09-16
FC000682,A111,sugar_g_100g,0.3,https://i.fnri.dost.gov.ph/fct/library/report/3073,2026-09-16
FC000682,A111,sodium_mg_100g,22,https://i.fnri.dost.gov.ph/fct/library/report/3073,2026-09-16
FC000682,A111,cholesterol_mg_100g,78,https://i.fnri.dost.gov.ph/fct/library/report/3073,2026-09-16
FC000683,A112,kcal_100g,423,https://i.fnri.dost.gov.ph/fct/library/report/3074,2026-09-16
FC000683,A112,protein_g_100g,8.0,https://i.fnri.dost.gov.ph/fct/library/report/3074,2026-09-16
FC000683,A112,carbs_g_100g,79.5,https://i.fnri.dost.gov.ph/fct/library/report/3074,2026-09-16
FC000683,A112,fat_g_100g,8.1,https://i.fnri.dost.gov.ph/fct/library/report/3074,2026-09-16
FC000683,A112,fiber_g_100g,3.4,https://i.fnri.dost.gov.ph/fct/library/report/3074,2026-09-16
FC000683,A112,sugar_g_100g,25.0,https://i.fnri.dost.gov.ph/fct/library/report/3074,2026-09-16
FC000683,A112,sodium_mg_100g,462,https://i.fnri.dost.gov.ph/fct/library/report/3074,2026-09-16
FC000683,A112,cholesterol_mg_100g,0,https://i.fnri.dost.gov.ph/fct/library/report/3074,2026-09-16
FC000684,A113,kcal_100g,482,https://i.fnri.dost.gov.ph/fct/library/report/3075,2026-09-16
FC000684,A113,protein_g_100g,7.5,https://i.fnri.dost.gov.ph/fct/library/report/3075,2026-09-16
FC000684,A113,carbs_g_100g,68.7,https://i.fnri.dost.gov.ph/fct/library/report/3075,2026-09-16
FC000684,A113,fat_g_100g,19.7,https://i.fnri.dost.gov.ph/fct/library/report/3075,2026-09-16
FC000684,A113,fiber_g_100g,3.0,https://i.fnri.dost.gov.ph/fct/library/report/3075,2026-09-16
FC000684,A113,sugar_g_100g,1.3,https://i.fnri.dost.gov.ph/fct/library/report/3075,2026-09-16
FC000684,A113,sodium_mg_100g,777,https://i.fnri.dost.gov.ph/fct/library/report/3075,2026-09-16
FC000684,A113,cholesterol_mg_100g,0,https://i.fnri.dost.gov.ph/fct/library/report/3075,2026-09-16
FC000685,A114,kcal_100g,480,https://i.fnri.dost.gov.ph/fct/library/report/3076,2026-09-16
FC000685,A114,protein_g_100g,9.6,https://i.fnri.dost.gov.ph/fct/library/report/3076,2026-09-16
FC000685,A114,carbs_g_100g,65.5,https://i.fnri.dost.gov.ph/fct/library/report/3076,2026-09-16
FC000685,A114,fat_g_100g,19.9,https://i.fnri.dost.gov.ph/fct/library/report/3076,2026-09-16
FC000685,A114,fiber_g_100g,2.9,https://i.fnri.dost.gov.ph/fct/library/report/3076,2026-09-16
FC000685,A114,sugar_g_100g,1.3,https://i.fnri.dost.gov.ph/fct/library/report/3076,2026-09-16
FC000685,A114,sodium_mg_100g,961,https://i.fnri.dost.gov.ph/fct/library/report/3076,2026-09-16
FC000685,A114,cholesterol_mg_100g,0,https://i.fnri.dost.gov.ph/fct/library/report/3076,2026-09-16
FC000686,A115,kcal_100g,505,https://i.fnri.dost.gov.ph/fct/library/report/3077,2026-09-16
FC000686,A115,protein_g_100g,7.2,https://i.fnri.dost.gov.ph/fct/library/report/3077,2026-09-16
FC000686,A115,carbs_g_100g,63.4,https://i.fnri.dost.gov.ph/fct/library/report/3077,2026-09-16
FC000686,A115,fat_g_100g,24.7,https://i.fnri.dost.gov.ph/fct/library/report/3077,2026-09-16
FC000686,A115,fiber_g_100g,2.9,https://i.fnri.dost.gov.ph/fct/library/report/3077,2026-09-16
FC000686,A115,sugar_g_100g,1.3,https://i.fnri.dost.gov.ph/fct/library/report/3077,2026-09-16
FC000686,A115,sodium_mg_100g,962,https://i.fnri.dost.gov.ph/fct/library/report/3077,2026-09-16
FC000686,A115,cholesterol_mg_100g,0,https://i.fnri.dost.gov.ph/fct/library/report/3077,2026-09-16
FC000687,A116,kcal_100g,293,https://i.fnri.dost.gov.ph/fct/library/report/3078,2026-09-16
FC000687,A116,protein_g_100g,5.4,https://i.fnri.dost.gov.ph/fct/library/report/3078,2026-09-16
FC000687,A116,carbs_g_100g,50.9,https://i.fnri.dost.gov.ph/fct/library/report/3078,2026-09-16
FC000687,A116,fat_g_100g,7.5,https://i.fnri.dost.gov.ph/fct/library/report/3078,2026-09-16
FC000687,A116,fiber_g_100g,0.9,https://i.fnri.dost.gov.ph/fct/library/report/3078,2026-09-16
FC000687,A116,sugar_g_100g,23.1,https://i.fnri.dost.gov.ph/fct/library/report/3078,2026-09-16
FC000687,A116,sodium_mg_100g,278,https://i.fnri.dost.gov.ph/fct/library/report/3078,2026-09-16
FC000687,A116,cholesterol_mg_100g,27,https://i.fnri.dost.gov.ph/fct/library/report/3078,2026-09-16
FC000688,A124,kcal_100g,431,https://i.fnri.dost.gov.ph/fct/library/report/3086,2026-09-16
FC000688,A124,protein_g_100g,7.5,https://i.fnri.dost.gov.ph/fct/library/report/3086,2026-09-16
FC000688,A124,carbs_g_100g,49.2,https://i.fnri.dost.gov.ph/fct/library/report/3086,2026-09-16
FC000688,A124,fat_g_100g,22.7,https://i.fnri.dost.gov.ph/fct/library/report/3086,2026-09-16
FC000688,A124,fiber_g_100g,1.5,https://i.fnri.dost.gov.ph/fct/library/report/3086,2026-09-16
FC000688,A124,sugar_g_100g,34.6,https://i.fnri.dost.gov.ph/fct/library/report/3086,2026-09-16
FC000688,A124,sodium_mg_100g,404,https://i.fnri.dost.gov.ph/fct/library/report/3086,2026-09-16
FC000688,A124,cholesterol_mg_100g,23,https://i.fnri.dost.gov.ph/fct/library/report/3086,2026-09-16
FC000689,A137,kcal_100g,353,https://i.fnri.dost.gov.ph/fct/library/report/3099,2026-09-16
FC000689,A137,protein_g_100g,2.7,https://i.fnri.dost.gov.ph/fct/library/report/3099,2026-09-16
FC000689,A137,carbs_g_100g,84.5,https://i.fnri.dost.gov.ph/fct/library/report/3099,2026-09-16
FC000689,A137,fat_g_100g,0.5,https://i.fnri.dost.gov.ph/fct/library/report/3099,2026-09-16
FC000689,A137,fiber_g_100g,1.6,https://i.fnri.dost.gov.ph/fct/library/report/3099,2026-09-16
FC000689,A137,sugar_g_100g,0.1,https://i.fnri.dost.gov.ph/fct/library/report/3099,2026-09-16
FC000689,A137,sodium_mg_100g,13,https://i.fnri.dost.gov.ph/fct/library/report/3099,2026-09-16
FC000689,A137,cholesterol_mg_100g,0,https://i.fnri.dost.gov.ph/fct/library/report/3099,2026-09-16
FC000690,A141,kcal_100g,73,https://i.fnri.dost.gov.ph/fct/library/report/3103,2026-09-16
FC000690,A141,protein_g_100g,6.8,https://i.fnri.dost.gov.ph/fct/library/report/3103,2026-09-16
FC000690,A141,carbs_g_100g,10.9,https://i.fnri.dost.gov.ph/fct/library/report/3103,2026-09-16
FC000690,A141,fat_g_100g,0.2,https://i.fnri.dost.gov.ph/fct/library/report/3103,2026-09-16
FC000690,A141,fiber_g_100g,0.8,https://i.fnri.dost.gov.ph/fct/library/report/3103,2026-09-16
FC000690,A141,sugar_g_100g,1.2,https://i.fnri.dost.gov.ph/fct/library/report/3103,2026-09-16
FC000690,A141,sodium_mg_100g,178,https://i.fnri.dost.gov.ph/fct/library/report/3103,2026-09-16
FC000690,A141,cholesterol_mg_100g,0,https://i.fnri.dost.gov.ph/fct/library/report/3103,2026-09-16
FC000691,A142,kcal_100g,433,https://i.fnri.dost.gov.ph/fct/library/report/3104,2026-09-16
FC000691,A142,protein_g_100g,10.4,https://i.fnri.dost.gov.ph/fct/library/report/3104,2026-09-16
FC000691,A142,carbs_g_100g,57.1,https://i.fnri.dost.gov.ph/fct/library/report/3104,2026-09-16
FC000691,A142,fat_g_100g,18.1,https://i.fnri.dost.gov.ph/fct/library/report/3104,2026-09-16
FC000691,A142,fiber_g_100g,2.9,https://i.fnri.dost.gov.ph/fct/library/report/3104,2026-09-16
FC000691,A142,sugar_g_100g,2.0,https://i.fnri.dost.gov.ph/fct/library/report/3104,2026-09-16
FC000691,A142,sodium_mg_100g,1956,https://i.fnri.dost.gov.ph/fct/library/report/3104,2026-09-16
FC000691,A142,cholesterol_mg_100g,0,https://i.fnri.dost.gov.ph/fct/library/report/3104,2026-09-16
FC000692,A144,kcal_100g,344,https://i.fnri.dost.gov.ph/fct/library/report/3106,2026-09-16
FC000692,A144,protein_g_100g,12.2,https://i.fnri.dost.gov.ph/fct/library/report/3106,2026-09-16
FC000692,A144,carbs_g_100g,73.0,https://i.fnri.dost.gov.ph/fct/library/report/3106,2026-09-16
FC000692,A144,fat_g_100g,0.3,https://i.fnri.dost.gov.ph/fct/library/report/3106,2026-09-16
FC000692,A144,fiber_g_100g,4.2,https://i.fnri.dost.gov.ph/fct/library/report/3106,2026-09-16
FC000692,A144,sugar_g_100g,5.1,https://i.fnri.dost.gov.ph/fct/library/report/3106,2026-09-16
FC000692,A144,sodium_mg_100g,1406,https://i.fnri.dost.gov.ph/fct/library/report/3106,2026-09-16
FC000692,A144,cholesterol_mg_100g,0,https://i.fnri.dost.gov.ph/fct/library/report/3106,2026-09-16
FC000693,A146,kcal_100g,472,https://i.fnri.dost.gov.ph/fct/library/report/3108,2026-09-16
FC000693,A146,protein_g_100g,12.4,https://i.fnri.dost.gov.ph/fct/library/report/3108,2026-09-16
FC000693,A146,carbs_g_100g,55.3,https://i.fnri.dost.gov.ph/fct/library/report/3108,2026-09-16
FC000693,A146,fat_g_100g,22.4,https://i.fnri.dost.gov.ph/fct/library/report/3108,2026-09-16
FC000693,A146,fiber_g_100g,3.3,https://i.fnri.dost.gov.ph/fct/library/report/3108,2026-09-16
FC000693,A146,sugar_g_100g,1.9,https://i.fnri.dost.gov.ph/fct/library/report/3108,2026-09-16
FC000693,A146,sodium_mg_100g,440,https://i.fnri.dost.gov.ph/fct/library/report/3108,2026-09-16
FC000693,A146,cholesterol_mg_100g,-,https://i.fnri.dost.gov.ph/fct/library/report/3108,2026-09-16
FC000694,A151,kcal_100g,269,https://i.fnri.dost.gov.ph/fct/library/report/3113,2026-09-16
FC000694,A151,protein_g_100g,8.4,https://i.fnri.dost.gov.ph/fct/library/report/3113,2026-09-16
FC000694,A151,carbs_g_100g,41.8,https://i.fnri.dost.gov.ph/fct/library/report/3113,2026-09-16
FC000694,A151,fat_g_100g,7.6,https://i.fnri.dost.gov.ph/fct/library/report/3113,2026-09-16
FC000694,A151,fiber_g_100g,2.3,https://i.fnri.dost.gov.ph/fct/library/report/3113,2026-09-16
FC000694,A151,sugar_g_100g,5.7,https://i.fnri.dost.gov.ph/fct/library/report/3113,2026-09-16
FC000694,A151,sodium_mg_100g,554,https://i.fnri.dost.gov.ph/fct/library/report/3113,2026-09-16
FC000694,A151,cholesterol_mg_100g,46,https://i.fnri.dost.gov.ph/fct/library/report/3113,2026-09-16
FC000695,A156,kcal_100g,471,https://i.fnri.dost.gov.ph/fct/library/report/3118,2026-09-16
FC000695,A156,protein_g_100g,6.7,https://i.fnri.dost.gov.ph/fct/library/report/3118,2026-09-16
FC000695,A156,carbs_g_100g,69.2,https://i.fnri.dost.gov.ph/fct/library/report/3118,2026-09-16
FC000695,A156,fat_g_100g,18.6,https://i.fnri.dost.gov.ph/fct/library/report/3118,2026-09-16
FC000695,A156,fiber_g_100g,9.9,https://i.fnri.dost.gov.ph/fct/library/report/3118,2026-09-16
FC000695,A156,sugar_g_100g,0.6,https://i.fnri.dost.gov.ph/fct/library/report/3118,2026-09-16
FC000695,A156,sodium_mg_100g,875,https://i.fnri.dost.gov.ph/fct/library/report/3118,2026-09-16
FC000695,A156,cholesterol_mg_100g,0,https://i.fnri.dost.gov.ph/fct/library/report/3118,2026-09-16
FC000696,A157,kcal_100g,443,https://i.fnri.dost.gov.ph/fct/library/report/3119,2026-09-16
FC000696,A157,protein_g_100g,4.0,https://i.fnri.dost.gov.ph/fct/library/report/3119,2026-09-16
FC000696,A157,carbs_g_100g,81.9,https://i.fnri.dost.gov.ph/fct/library/report/3119,2026-09-16
FC000696,A157,fat_g_100g,11.0,https://i.fnri.dost.gov.ph/fct/library/report/3119,2026-09-16
FC000696,A157,fiber_g_100g,5.2,https://i.fnri.dost.gov.ph/fct/library/report/3119,2026-09-16
FC000696,A157,sugar_g_100g,53.5,https://i.fnri.dost.gov.ph/fct/library/report/3119,2026-09-16
FC000696,A157,sodium_mg_100g,207,https://i.fnri.dost.gov.ph/fct/library/report/3119,2026-09-16
FC000696,A157,cholesterol_mg_100g,0,https://i.fnri.dost.gov.ph/fct/library/report/3119,2026-09-16
FC000697,A169,kcal_100g,246,https://i.fnri.dost.gov.ph/fct/library/report/3131,2026-09-16
FC000697,A169,protein_g_100g,3.3,https://i.fnri.dost.gov.ph/fct/library/report/3131,2026-09-16
FC000697,A169,carbs_g_100g,54.7,https://i.fnri.dost.gov.ph/fct/library/report/3131,2026-09-16
FC000697,A169,fat_g_100g,1.6,https://i.fnri.dost.gov.ph/fct/library/report/3131,2026-09-16
FC000697,A169,fiber_g_100g,2.1,https://i.fnri.dost.gov.ph/fct/library/report/3131,2026-09-16
FC000697,A169,sugar_g_100g,21.6,https://i.fnri.dost.gov.ph/fct/library/report/3131,2026-09-16
FC000697,A169,sodium_mg_100g,92,https://i.fnri.dost.gov.ph/fct/library/report/3131,2026-09-16
FC000697,A169,cholesterol_mg_100g,0,https://i.fnri.dost.gov.ph/fct/library/report/3131,2026-09-16
FC000698,A170,kcal_100g,227,https://i.fnri.dost.gov.ph/fct/library/report/3132,2026-09-16
FC000698,A170,protein_g_100g,2.6,https://i.fnri.dost.gov.ph/fct/library/report/3132,2026-09-16
FC000698,A170,carbs_g_100g,53.2,https://i.fnri.dost.gov.ph/fct/library/report/3132,2026-09-16
FC000698,A170,fat_g_100g,0.4,https://i.fnri.dost.gov.ph/fct/library/report/3132,2026-09-16
FC000698,A170,fiber_g_100g,1.4,https://i.fnri.dost.gov.ph/fct/library/report/3132,2026-09-16
FC000698,A170,sugar_g_100g,16.3,https://i.fnri.dost.gov.ph/fct/library/report/3132,2026-09-16
FC000698,A170,sodium_mg_100g,177,https://i.fnri.dost.gov.ph/fct/library/report/3132,2026-09-16
FC000698,A170,cholesterol_mg_100g,0,https://i.fnri.dost.gov.ph/fct/library/report/3132,2026-09-16
FC000699,A171,kcal_100g,250,https://i.fnri.dost.gov.ph/fct/library/report/3133,2026-09-16
FC000699,A171,protein_g_100g,2.5,https://i.fnri.dost.gov.ph/fct/library/report/3133,2026-09-16
FC000699,A171,carbs_g_100g,59.4,https://i.fnri.dost.gov.ph/fct/library/report/3133,2026-09-16
FC000699,A171,fat_g_100g,0.3,https://i.fnri.dost.gov.ph/fct/library/report/3133,2026-09-16
FC000699,A171,fiber_g_100g,1.2,https://i.fnri.dost.gov.ph/fct/library/report/3133,2026-09-16
FC000699,A171,sugar_g_100g,21.8,https://i.fnri.dost.gov.ph/fct/library/report/3133,2026-09-16
FC000699,A171,sodium_mg_100g,4,https://i.fnri.dost.gov.ph/fct/library/report/3133,2026-09-16
FC000699,A171,cholesterol_mg_100g,0,https://i.fnri.dost.gov.ph/fct/library/report/3133,2026-09-16
FC000700,A172,kcal_100g,247,https://i.fnri.dost.gov.ph/fct/library/report/3134,2026-09-16
FC000700,A172,protein_g_100g,6.4,https://i.fnri.dost.gov.ph/fct/library/report/3134,2026-09-16
FC000700,A172,carbs_g_100g,51.4,https://i.fnri.dost.gov.ph/fct/library/report/3134,2026-09-16
FC000700,A172,fat_g_100g,1.8,https://i.fnri.dost.gov.ph/fct/library/report/3134,2026-09-16
FC000700,A172,fiber_g_100g,1.4,https://i.fnri.dost.gov.ph/fct/library/report/3134,2026-09-16
FC000700,A172,sugar_g_100g,21.3,https://i.fnri.dost.gov.ph/fct/library/report/3134,2026-09-16
FC000700,A172,sodium_mg_100g,4,https://i.fnri.dost.gov.ph/fct/library/report/3134,2026-09-16
FC000700,A172,cholesterol_mg_100g,0,https://i.fnri.dost.gov.ph/fct/library/report/3134,2026-09-16
FC000701,A174,kcal_100g,223,https://i.fnri.dost.gov.ph/fct/library/report/3136,2026-09-16
FC000701,A174,protein_g_100g,2.8,https://i.fnri.dost.gov.ph/fct/library/report/3136,2026-09-16
FC000701,A174,carbs_g_100g,47.2,https://i.fnri.dost.gov.ph/fct/library/report/3136,2026-09-16
FC000701,A174,fat_g_100g,2.6,https://i.fnri.dost.gov.ph/fct/library/report/3136,2026-09-16
FC000701,A174,fiber_g_100g,1.0,https://i.fnri.dost.gov.ph/fct/library/report/3136,2026-09-16
FC000701,A174,sugar_g_100g,8.3,https://i.fnri.dost.gov.ph/fct/library/report/3136,2026-09-16
FC000701,A174,sodium_mg_100g,313,https://i.fnri.dost.gov.ph/fct/library/report/3136,2026-09-16
FC000701,A174,cholesterol_mg_100g,54,https://i.fnri.dost.gov.ph/fct/library/report/3136,2026-09-16
FC000702,A176,kcal_100g,206,https://i.fnri.dost.gov.ph/fct/library/report/3138,2026-09-16
FC000702,A176,protein_g_100g,2.0,https://i.fnri.dost.gov.ph/fct/library/report/3138,2026-09-16
FC000702,A176,carbs_g_100g,49.3,https://i.fnri.dost.gov.ph/fct/library/report/3138,2026-09-16
FC000702,A176,fat_g_100g,0.1,https://i.fnri.dost.gov.ph/fct/library/report/3138,2026-09-16
FC000702,A176,fiber_g_100g,1.5,https://i.fnri.dost.gov.ph/fct/library/report/3138,2026-09-16
FC000702,A176,sugar_g_100g,19.2,https://i.fnri.dost.gov.ph/fct/library/report/3138,2026-09-16
FC000702,A176,sodium_mg_100g,225,https://i.fnri.dost.gov.ph/fct/library/report/3138,2026-09-16
FC000702,A176,cholesterol_mg_100g,12,https://i.fnri.dost.gov.ph/fct/library/report/3138,2026-09-16
FC000703,A178,kcal_100g,209,https://i.fnri.dost.gov.ph/fct/library/report/3140,2026-09-16
FC000703,A178,protein_g_100g,2.7,https://i.fnri.dost.gov.ph/fct/library/report/3140,2026-09-16
FC000703,A178,carbs_g_100g,47.1,https://i.fnri.dost.gov.ph/fct/library/report/3140,2026-09-16
FC000703,A178,fat_g_100g,1.1,https://i.fnri.dost.gov.ph/fct/library/report/3140,2026-09-16
FC000703,A178,fiber_g_100g,2.1,https://i.fnri.dost.gov.ph/fct/library/report/3140,2026-09-16
FC000703,A178,sugar_g_100g,17.8,https://i.fnri.dost.gov.ph/fct/library/report/3140,2026-09-16
FC000703,A178,sodium_mg_100g,205,https://i.fnri.dost.gov.ph/fct/library/report/3140,2026-09-16
FC000703,A178,cholesterol_mg_100g,11,https://i.fnri.dost.gov.ph/fct/library/report/3140,2026-09-16
FC000704,A180,kcal_100g,165,https://i.fnri.dost.gov.ph/fct/library/report/3142,2026-09-16
FC000704,A180,protein_g_100g,1.6,https://i.fnri.dost.gov.ph/fct/library/report/3142,2026-09-16
FC000704,A180,carbs_g_100g,32.4,https://i.fnri.dost.gov.ph/fct/library/report/3142,2026-09-16
FC000704,A180,fat_g_100g,3.2,https://i.fnri.dost.gov.ph/fct/library/report/3142,2026-09-16
FC000704,A180,fiber_g_100g,1.6,https://i.fnri.dost.gov.ph/fct/library/report/3142,2026-09-16
FC000704,A180,sugar_g_100g,16.5,https://i.fnri.dost.gov.ph/fct/library/report/3142,2026-09-16
FC000704,A180,sodium_mg_100g,78,https://i.fnri.dost.gov.ph/fct/library/report/3142,2026-09-16
FC000704,A180,cholesterol_mg_100g,0,https://i.fnri.dost.gov.ph/fct/library/report/3142,2026-09-16
FC000705,A181,kcal_100g,358,https://i.fnri.dost.gov.ph/fct/library/report/3143,2026-09-16
FC000705,A181,protein_g_100g,7.6,https://i.fnri.dost.gov.ph/fct/library/report/3143,2026-09-16
FC000705,A181,carbs_g_100g,81.3,https://i.fnri.dost.gov.ph/fct/library/report/3143,2026-09-16
FC000705,A181,fat_g_100g,0.3,https://i.fnri.dost.gov.ph/fct/library/report/3143,2026-09-16
FC000705,A181,fiber_g_100g,2.4,https://i.fnri.dost.gov.ph/fct/library/report/3143,2026-09-16
FC000705,A181,sugar_g_100g,0.1,https://i.fnri.dost.gov.ph/fct/library/report/3143,2026-09-16
FC000705,A181,sodium_mg_100g,3,https://i.fnri.dost.gov.ph/fct/library/report/3143,2026-09-16
FC000705,A181,cholesterol_mg_100g,0,https://i.fnri.dost.gov.ph/fct/library/report/3143,2026-09-16
FC000706,A182,kcal_100g,101,https://i.fnri.dost.gov.ph/fct/library/report/3144,2026-09-16
FC000706,A182,protein_g_100g,1.3,https://i.fnri.dost.gov.ph/fct/library/report/3144,2026-09-16
FC000706,A182,carbs_g_100g,21.8,https://i.fnri.dost.gov.ph/fct/library/report/3144,2026-09-16
FC000706,A182,fat_g_100g,0.9,https://i.fnri.dost.gov.ph/fct/library/report/3144,2026-09-16
FC000706,A182,fiber_g_100g,2.2,https://i.fnri.dost.gov.ph/fct/library/report/3144,2026-09-16
FC000706,A182,sugar_g_100g,4.2,https://i.fnri.dost.gov.ph/fct/library/report/3144,2026-09-16
FC000706,A182,sodium_mg_100g,230,https://i.fnri.dost.gov.ph/fct/library/report/3144,2026-09-16
FC000706,A182,cholesterol_mg_100g,-,https://i.fnri.dost.gov.ph/fct/library/report/3144,2026-09-16
FC000707,A183,kcal_100g,71,https://i.fnri.dost.gov.ph/fct/library/report/3145,2026-09-16
FC000707,A183,protein_g_100g,1.4,https://i.fnri.dost.gov.ph/fct/library/report/3145,2026-09-16
FC000707,A183,carbs_g_100g,13.9,https://i.fnri.dost.gov.ph/fct/library/report/3145,2026-09-16
FC000707,A183,fat_g_100g,1.1,https://i.fnri.dost.gov.ph/fct/library/report/3145,2026-09-16
FC000707,A183,fiber_g_100g,0.1,https://i.fnri.dost.gov.ph/fct/library/report/3145,2026-09-16
FC000707,A183,sugar_g_100g,0.1,https://i.fnri.dost.gov.ph/fct/library/report/3145,2026-09-16
FC000707,A183,sodium_mg_100g,1,https://i.fnri.dost.gov.ph/fct/library/report/3145,2026-09-16
FC000707,A183,cholesterol_mg_100g,0,https://i.fnri.dost.gov.ph/fct/library/report/3145,2026-09-16
FC000708,A184,kcal_100g,329,https://i.fnri.dost.gov.ph/fct/library/report/3146,2026-09-16
FC000708,A184,protein_g_100g,6.4,https://i.fnri.dost.gov.ph/fct/library/report/3146,2026-09-16
FC000708,A184,carbs_g_100g,48.9,https://i.fnri.dost.gov.ph/fct/library/report/3146,2026-09-16
FC000708,A184,fat_g_100g,12.0,https://i.fnri.dost.gov.ph/fct/library/report/3146,2026-09-16
FC000708,A184,fiber_g_100g,2.9,https://i.fnri.dost.gov.ph/fct/library/report/3146,2026-09-16
FC000708,A184,sugar_g_100g,21.7,https://i.fnri.dost.gov.ph/fct/library/report/3146,2026-09-16
FC000708,A184,sodium_mg_100g,6,https://i.fnri.dost.gov.ph/fct/library/report/3146,2026-09-16
FC000708,A184,cholesterol_mg_100g,0,https://i.fnri.dost.gov.ph/fct/library/report/3146,2026-09-16
FC000709,A185,kcal_100g,310,https://i.fnri.dost.gov.ph/fct/library/report/3147,2026-09-16
FC000709,A185,protein_g_100g,5.6,https://i.fnri.dost.gov.ph/fct/library/report/3147,2026-09-16
FC000709,A185,carbs_g_100g,53.5,https://i.fnri.dost.gov.ph/fct/library/report/3147,2026-09-16
FC000709,A185,fat_g_100g,8.2,https://i.fnri.dost.gov.ph/fct/library/report/3147,2026-09-16
FC000709,A185,fiber_g_100g,2.0,https://i.fnri.dost.gov.ph/fct/library/report/3147,2026-09-16
FC000709,A185,sugar_g_100g,6.5,https://i.fnri.dost.gov.ph/fct/library/report/3147,2026-09-16
FC000709,A185,sodium_mg_100g,13,https://i.fnri.dost.gov.ph/fct/library/report/3147,2026-09-16
FC000709,A185,cholesterol_mg_100g,0,https://i.fnri.dost.gov.ph/fct/library/report/3147,2026-09-16
FC000710,A186,kcal_100g,208,https://i.fnri.dost.gov.ph/fct/library/report/3148,2026-09-16
FC000710,A186,protein_g_100g,2.7,https://i.fnri.dost.gov.ph/fct/library/report/3148,2026-09-16
FC000710,A186,carbs_g_100g,48.5,https://i.fnri.dost.gov.ph/fct/library/report/3148,2026-09-16
FC000710,A186,fat_g_100g,0.4,https://i.fnri.dost.gov.ph/fct/library/report/3148,2026-09-16
FC000710,A186,fiber_g_100g,2.1,https://i.fnri.dost.gov.ph/fct/library/report/3148,2026-09-16
FC000710,A186,sugar_g_100g,19.9,https://i.fnri.dost.gov.ph/fct/library/report/3148,2026-09-16
FC000710,A186,sodium_mg_100g,16,https://i.fnri.dost.gov.ph/fct/library/report/3148,2026-09-16
FC000710,A186,cholesterol_mg_100g,0,https://i.fnri.dost.gov.ph/fct/library/report/3148,2026-09-16
FC000711,A187,kcal_100g,178,https://i.fnri.dost.gov.ph/fct/library/report/3149,2026-09-16
FC000711,A187,protein_g_100g,2.2,https://i.fnri.dost.gov.ph/fct/library/report/3149,2026-09-16
FC000711,A187,carbs_g_100g,41.7,https://i.fnri.dost.gov.ph/fct/library/report/3149,2026-09-16
FC000711,A187,fat_g_100g,0.3,https://i.fnri.dost.gov.ph/fct/library/report/3149,2026-09-16
FC000711,A187,fiber_g_100g,2.3,https://i.fnri.dost.gov.ph/fct/library/report/3149,2026-09-16
FC000711,A187,sugar_g_100g,27.7,https://i.fnri.dost.gov.ph/fct/library/report/3149,2026-09-16
FC000711,A187,sodium_mg_100g,8,https://i.fnri.dost.gov.ph/fct/library/report/3149,2026-09-16
FC000711,A187,cholesterol_mg_100g,0,https://i.fnri.dost.gov.ph/fct/library/report/3149,2026-09-16
FC000712,A189,kcal_100g,213,https://i.fnri.dost.gov.ph/fct/library/report/3151,2026-09-16
FC000712,A189,protein_g_100g,2.6,https://i.fnri.dost.gov.ph/fct/library/report/3151,2026-09-16
FC000712,A189,carbs_g_100g,40.5,https://i.fnri.dost.gov.ph/fct/library/report/3151,2026-09-16
FC000712,A189,fat_g_100g,4.5,https://i.fnri.dost.gov.ph/fct/library/report/3151,2026-09-16
FC000712,A189,fiber_g_100g,2.0,https://i.fnri.dost.gov.ph/fct/library/report/3151,2026-09-16
FC000712,A189,sugar_g_100g,14.7,https://i.fnri.dost.gov.ph/fct/library/report/3151,2026-09-16
FC000712,A189,sodium_mg_100g,5,https://i.fnri.dost.gov.ph/fct/library/report/3151,2026-09-16
FC000712,A189,cholesterol_mg_100g,0,https://i.fnri.dost.gov.ph/fct/library/report/3151,2026-09-16
FC000713,A193,kcal_100g,211,https://i.fnri.dost.gov.ph/fct/library/report/3155,2026-09-16
FC000713,A193,protein_g_100g,2.6,https://i.fnri.dost.gov.ph/fct/library/report/3155,2026-09-16
FC000713,A193,carbs_g_100g,44.8,https://i.fnri.dost.gov.ph/fct/library/report/3155,2026-09-16
FC000713,A193,fat_g_100g,2.4,https://i.fnri.dost.gov.ph/fct/library/report/3155,2026-09-16
FC000713,A193,fiber_g_100g,2.4,https://i.fnri.dost.gov.ph/fct/library/report/3155,2026-09-16
FC000713,A193,sugar_g_100g,1.4,https://i.fnri.dost.gov.ph/fct/library/report/3155,2026-09-16
FC000713,A193,sodium_mg_100g,12,https://i.fnri.dost.gov.ph/fct/library/report/3155,2026-09-16
FC000713,A193,cholesterol_mg_100g,0,https://i.fnri.dost.gov.ph/fct/library/report/3155,2026-09-16
FC000714,A194,kcal_100g,300,https://i.fnri.dost.gov.ph/fct/library/report/3156,2026-09-16
FC000714,A194,protein_g_100g,3.6,https://i.fnri.dost.gov.ph/fct/library/report/3156,2026-09-16
FC000714,A194,carbs_g_100g,65.6,https://i.fnri.dost.gov.ph/fct/library/report/3156,2026-09-16
FC000714,A194,fat_g_100g,2.6,https://i.fnri.dost.gov.ph/fct/library/report/3156,2026-09-16
FC000714,A194,fiber_g_100g,2.3,https://i.fnri.dost.gov.ph/fct/library/report/3156,2026-09-16
FC000714,A194,sugar_g_100g,13.9,https://i.fnri.dost.gov.ph/fct/library/report/3156,2026-09-16
FC000714,A194,sodium_mg_100g,11,https://i.fnri.dost.gov.ph/fct/library/report/3156,2026-09-16
FC000714,A194,cholesterol_mg_100g,0,https://i.fnri.dost.gov.ph/fct/library/report/3156,2026-09-16
FC000715,A195,kcal_100g,312,https://i.fnri.dost.gov.ph/fct/library/report/3157,2026-09-16
FC000715,A195,protein_g_100g,4.0,https://i.fnri.dost.gov.ph/fct/library/report/3157,2026-09-16
FC000715,A195,carbs_g_100g,65.8,https://i.fnri.dost.gov.ph/fct/library/report/3157,2026-09-16
FC000715,A195,fat_g_100g,3.6,https://i.fnri.dost.gov.ph/fct/library/report/3157,2026-09-16
FC000715,A195,fiber_g_100g,2.1,https://i.fnri.dost.gov.ph/fct/library/report/3157,2026-09-16
FC000715,A195,sugar_g_100g,23.8,https://i.fnri.dost.gov.ph/fct/library/report/3157,2026-09-16
FC000715,A195,sodium_mg_100g,124,https://i.fnri.dost.gov.ph/fct/library/report/3157,2026-09-16
FC000715,A195,cholesterol_mg_100g,0,https://i.fnri.dost.gov.ph/fct/library/report/3157,2026-09-16
FC000716,A197,kcal_100g,373,https://i.fnri.dost.gov.ph/fct/library/report/3159,2026-09-16
FC000716,A197,protein_g_100g,3.0,https://i.fnri.dost.gov.ph/fct/library/report/3159,2026-09-16
FC000716,A197,carbs_g_100g,88.8,https://i.fnri.dost.gov.ph/fct/library/report/3159,2026-09-16
FC000716,A197,fat_g_100g,0.6,https://i.fnri.dost.gov.ph/fct/library/report/3159,2026-09-16
FC000716,A197,fiber_g_100g,0.4,https://i.fnri.dost.gov.ph/fct/library/report/3159,2026-09-16
FC000716,A197,sugar_g_100g,9.7,https://i.fnri.dost.gov.ph/fct/library/report/3159,2026-09-16
FC000716,A197,sodium_mg_100g,519,https://i.fnri.dost.gov.ph/fct/library/report/3159,2026-09-16
FC000716,A197,cholesterol_mg_100g,0,https://i.fnri.dost.gov.ph/fct/library/report/3159,2026-09-16
FC000717,A198,kcal_100g,388,https://i.fnri.dost.gov.ph/fct/library/report/3160,2026-09-16
FC000717,A198,protein_g_100g,6.0,https://i.fnri.dost.gov.ph/fct/library/report/3160,2026-09-16
FC000717,A198,carbs_g_100g,87.0,https://i.fnri.dost.gov.ph/fct/library/report/3160,2026-09-16
FC000717,A198,fat_g_100g,1.8,https://i.fnri.dost.gov.ph/fct/library/report/3160,2026-09-16
FC000717,A198,fiber_g_100g,0.8,https://i.fnri.dost.gov.ph/fct/library/report/3160,2026-09-16
FC000717,A198,sugar_g_100g,25.5,https://i.fnri.dost.gov.ph/fct/library/report/3160,2026-09-16
FC000717,A198,sodium_mg_100g,469,https://i.fnri.dost.gov.ph/fct/library/report/3160,2026-09-16
FC000717,A198,cholesterol_mg_100g,-,https://i.fnri.dost.gov.ph/fct/library/report/3160,2026-09-16
FC000718,A202,kcal_100g,377,https://i.fnri.dost.gov.ph/fct/library/report/3164,2026-09-16
FC000718,A202,protein_g_100g,11.0,https://i.fnri.dost.gov.ph/fct/library/report/3164,2026-09-16
FC000718,A202,carbs_g_100g,75.2,https://i.fnri.dost.gov.ph/fct/library/report/3164,2026-09-16
FC000718,A202,fat_g_100g,3.6,https://i.fnri.dost.gov.ph/fct/library/report/3164,2026-09-16
FC000718,A202,fiber_g_100g,2.8,https://i.fnri.dost.gov.ph/fct/library/report/3164,2026-09-16
FC000718,A202,sugar_g_100g,0.3,https://i.fnri.dost.gov.ph/fct/library/report/3164,2026-09-16
FC000718,A202,sodium_mg_100g,2,https://i.fnri.dost.gov.ph/fct/library/report/3164,2026-09-16
FC000718,A202,cholesterol_mg_100g,0,https://i.fnri.dost.gov.ph/fct/library/report/3164,2026-09-16
FC000719,A203,kcal_100g,370,https://i.fnri.dost.gov.ph/fct/library/report/3165,2026-09-16
FC000719,A203,protein_g_100g,8.9,https://i.fnri.dost.gov.ph/fct/library/report/3165,2026-09-16
FC000719,A203,carbs_g_100g,79.7,https://i.fnri.dost.gov.ph/fct/library/report/3165,2026-09-16
FC000719,A203,fat_g_100g,1.7,https://i.fnri.dost.gov.ph/fct/library/report/3165,2026-09-16
FC000719,A203,fiber_g_100g,1.8,https://i.fnri.dost.gov.ph/fct/library/report/3165,2026-09-16
FC000719,A203,sugar_g_100g,0.3,https://i.fnri.dost.gov.ph/fct/library/report/3165,2026-09-16
FC000719,A203,sodium_mg_100g,2,https://i.fnri.dost.gov.ph/fct/library/report/3165,2026-09-16
FC000719,A203,cholesterol_mg_100g,0,https://i.fnri.dost.gov.ph/fct/library/report/3165,2026-09-16
FC000720,A204,kcal_100g,429,https://i.fnri.dost.gov.ph/fct/library/report/3166,2026-09-16
FC000720,A204,protein_g_100g,10.5,https://i.fnri.dost.gov.ph/fct/library/report/3166,2026-09-16
FC000720,A204,carbs_g_100g,57.3,https://i.fnri.dost.gov.ph/fct/library/report/3166,2026-09-16
FC000720,A204,fat_g_100g,17.5,https://i.fnri.dost.gov.ph/fct/library/report/3166,2026-09-16
FC000720,A204,fiber_g_100g,2.5,https://i.fnri.dost.gov.ph/fct/library/report/3166,2026-09-16
FC000720,A204,sugar_g_100g,4.6,https://i.fnri.dost.gov.ph/fct/library/report/3166,2026-09-16
FC000720,A204,sodium_mg_100g,2910,https://i.fnri.dost.gov.ph/fct/library/report/3166,2026-09-16
FC000720,A204,cholesterol_mg_100g,3,https://i.fnri.dost.gov.ph/fct/library/report/3166,2026-09-16
FC000721,A205,kcal_100g,48,https://i.fnri.dost.gov.ph/fct/library/report/3167,2026-09-16
FC000721,A205,protein_g_100g,1.3,https://i.fnri.dost.gov.ph/fct/library/report/3167,2026-09-16
FC000721,A205,carbs_g_100g,6.0,https://i.fnri.dost.gov.ph/fct/library/report/3167,2026-09-16
FC000721,A205,fat_g_100g,2.1,https://i.fnri.dost.gov.ph/fct/library/report/3167,2026-09-16
FC000721,A205,fiber_g_100g,0.0,https://i.fnri.dost.gov.ph/fct/library/report/3167,2026-09-16
FC000721,A205,sugar_g_100g,0.8,https://i.fnri.dost.gov.ph/fct/library/report/3167,2026-09-16
FC000721,A205,sodium_mg_100g,320,https://i.fnri.dost.gov.ph/fct/library/report/3167,2026-09-16
FC000721,A205,cholesterol_mg_100g,1,https://i.fnri.dost.gov.ph/fct/library/report/3167,2026-09-16
FC000722,A008,kcal_100g,368,https://i.fnri.dost.gov.ph/fct/library/report/2970,2026-09-16
FC000722,A008,protein_g_100g,13.1,https://i.fnri.dost.gov.ph/fct/library/report/2970,2026-09-16
FC000722,A008,carbs_g_100g,73.3,https://i.fnri.dost.gov.ph/fct/library/report/2970,2026-09-16
FC000722,A008,fat_g_100g,2.5,https://i.fnri.dost.gov.ph/fct/library/report/2970,2026-09-16
FC000722,A008,fiber_g_100g,9.0,https://i.fnri.dost.gov.ph/fct/library/report/2970,2026-09-16
FC000722,A008,sugar_g_100g,0.7,https://i.fnri.dost.gov.ph/fct/library/report/2970,2026-09-16
FC000722,A008,sodium_mg_100g,42,https://i.fnri.dost.gov.ph/fct/library/report/2970,2026-09-16
FC000722,A008,cholesterol_mg_100g,0,https://i.fnri.dost.gov.ph/fct/library/report/2970,2026-09-16
FC000723,B018,kcal_100g,99,https://i.fnri.dost.gov.ph/fct/library/report/3185,2026-09-16
FC000723,B018,protein_g_100g,2.5,https://i.fnri.dost.gov.ph/fct/library/report/3185,2026-09-16
FC000723,B018,carbs_g_100g,22.1,https://i.fnri.dost.gov.ph/fct/library/report/3185,2026-09-16
FC000723,B018,fat_g_100g,0.1,https://i.fnri.dost.gov.ph/fct/library/report/3185,2026-09-16
FC000723,B018,fiber_g_100g,3.4,https://i.fnri.dost.gov.ph/fct/library/report/3185,2026-09-16
FC000723,B018,sugar_g_100g,0.4,https://i.fnri.dost.gov.ph/fct/library/report/3185,2026-09-16
FC000723,B018,sodium_mg_100g,7,https://i.fnri.dost.gov.ph/fct/library/report/3185,2026-09-16
FC000723,B018,cholesterol_mg_100g,0,https://i.fnri.dost.gov.ph/fct/library/report/3185,2026-09-16
FC000724,B022,kcal_100g,141,https://i.fnri.dost.gov.ph/fct/library/report/3189,2026-09-16
FC000724,B022,protein_g_100g,1.0,https://i.fnri.dost.gov.ph/fct/library/report/3189,2026-09-16
FC000724,B022,carbs_g_100g,28.2,https://i.fnri.dost.gov.ph/fct/library/report/3189,2026-09-16
FC000724,B022,fat_g_100g,2.7,https://i.fnri.dost.gov.ph/fct/library/report/3189,2026-09-16
FC000724,B022,fiber_g_100g,4.4,https://i.fnri.dost.gov.ph/fct/library/report/3189,2026-09-16
FC000724,B022,sugar_g_100g,0.5,https://i.fnri.dost.gov.ph/fct/library/report/3189,2026-09-16
FC000724,B022,sodium_mg_100g,10,https://i.fnri.dost.gov.ph/fct/library/report/3189,2026-09-16
FC000724,B022,cholesterol_mg_100g,0,https://i.fnri.dost.gov.ph/fct/library/report/3189,2026-09-16
FC000725,B023,kcal_100g,69,https://i.fnri.dost.gov.ph/fct/library/report/3190,2026-09-16
FC000725,B023,protein_g_100g,0.4,https://i.fnri.dost.gov.ph/fct/library/report/3190,2026-09-16
FC000725,B023,carbs_g_100g,14.1,https://i.fnri.dost.gov.ph/fct/library/report/3190,2026-09-16
FC000725,B023,fat_g_100g,1.2,https://i.fnri.dost.gov.ph/fct/library/report/3190,2026-09-16
FC000725,B023,fiber_g_100g,2.1,https://i.fnri.dost.gov.ph/fct/library/report/3190,2026-09-16
FC000725,B023,sugar_g_100g,0.3,https://i.fnri.dost.gov.ph/fct/library/report/3190,2026-09-16
FC000725,B023,sodium_mg_100g,4,https://i.fnri.dost.gov.ph/fct/library/report/3190,2026-09-16
FC000725,B023,cholesterol_mg_100g,0,https://i.fnri.dost.gov.ph/fct/library/report/3190,2026-09-16
FC000726,B025,kcal_100g,351,https://i.fnri.dost.gov.ph/fct/library/report/3192,2026-09-16
FC000726,B025,protein_g_100g,0.1,https://i.fnri.dost.gov.ph/fct/library/report/3192,2026-09-16
FC000726,B025,carbs_g_100g,86.4,https://i.fnri.dost.gov.ph/fct/library/report/3192,2026-09-16
FC000726,B025,fat_g_100g,0.5,https://i.fnri.dost.gov.ph/fct/library/report/3192,2026-09-16
FC000726,B025,fiber_g_100g,3.4,https://i.fnri.dost.gov.ph/fct/library/report/3192,2026-09-16
FC000726,B025,sugar_g_100g,0.0,https://i.fnri.dost.gov.ph/fct/library/report/3192,2026-09-16
FC000726,B025,sodium_mg_100g,2,https://i.fnri.dost.gov.ph/fct/library/report/3192,2026-09-16
FC000726,B025,cholesterol_mg_100g,0,https://i.fnri.dost.gov.ph/fct/library/report/3192,2026-09-16
FC000727,B032,kcal_100g,348,https://i.fnri.dost.gov.ph/fct/library/report/3199,2026-09-16
FC000727,B032,protein_g_100g,0.1,https://i.fnri.dost.gov.ph/fct/library/report/3199,2026-09-16
FC000727,B032,carbs_g_100g,85.8,https://i.fnri.dost.gov.ph/fct/library/report/3199,2026-09-16
FC000727,B032,fat_g_100g,0.5,https://i.fnri.dost.gov.ph/fct/library/report/3199,2026-09-16
FC000727,B032,fiber_g_100g,3.3,https://i.fnri.dost.gov.ph/fct/library/report/3199,2026-09-16
FC000727,B032,sugar_g_100g,0.0,https://i.fnri.dost.gov.ph/fct/library/report/3199,2026-09-16
FC000727,B032,sodium_mg_100g,2,https://i.fnri.dost.gov.ph/fct/library/report/3199,2026-09-16
FC000727,B032,cholesterol_mg_100g,0,https://i.fnri.dost.gov.ph/fct/library/report/3199,2026-09-16
FC000728,B042,kcal_100g,35,https://i.fnri.dost.gov.ph/fct/library/report/3209,2026-09-16
FC000728,B042,protein_g_100g,0.4,https://i.fnri.dost.gov.ph/fct/library/report/3209,2026-09-16
FC000728,B042,carbs_g_100g,8.1,https://i.fnri.dost.gov.ph/fct/library/report/3209,2026-09-16
FC000728,B042,fat_g_100g,0.1,https://i.fnri.dost.gov.ph/fct/library/report/3209,2026-09-16
FC000728,B042,fiber_g_100g,0.7,https://i.fnri.dost.gov.ph/fct/library/report/3209,2026-09-16
FC000728,B042,sugar_g_100g,1.6,https://i.fnri.dost.gov.ph/fct/library/report/3209,2026-09-16
FC000728,B042,sodium_mg_100g,27,https://i.fnri.dost.gov.ph/fct/library/report/3209,2026-09-16
FC000728,B042,cholesterol_mg_100g,0,https://i.fnri.dost.gov.ph/fct/library/report/3209,2026-09-16
FC000729,B004,kcal_100g,144,https://i.fnri.dost.gov.ph/fct/library/report/3171,2026-09-16
FC000729,B004,protein_g_100g,3.1,https://i.fnri.dost.gov.ph/fct/library/report/3171,2026-09-16
FC000729,B004,carbs_g_100g,32.6,https://i.fnri.dost.gov.ph/fct/library/report/3171,2026-09-16
FC000729,B004,fat_g_100g,0.1,https://i.fnri.dost.gov.ph/fct/library/report/3171,2026-09-16
FC000729,B004,fiber_g_100g,2.5,https://i.fnri.dost.gov.ph/fct/library/report/3171,2026-09-16
FC000729,B004,sugar_g_100g,0.0,https://i.fnri.dost.gov.ph/fct/library/report/3171,2026-09-16
FC000729,B004,sodium_mg_100g,50,https://i.fnri.dost.gov.ph/fct/library/report/3171,2026-09-16
FC000729,B004,cholesterol_mg_100g,0,https://i.fnri.dost.gov.ph/fct/library/report/3171,2026-09-16
FC000730,B006,kcal_100g,153,https://i.fnri.dost.gov.ph/fct/library/report/3173,2026-09-16
FC000730,B006,protein_g_100g,0.5,https://i.fnri.dost.gov.ph/fct/library/report/3173,2026-09-16
FC000730,B006,carbs_g_100g,37.3,https://i.fnri.dost.gov.ph/fct/library/report/3173,2026-09-16
FC000730,B006,fat_g_100g,0.2,https://i.fnri.dost.gov.ph/fct/library/report/3173,2026-09-16
FC000730,B006,fiber_g_100g,5.4,https://i.fnri.dost.gov.ph/fct/library/report/3173,2026-09-16
FC000730,B006,sugar_g_100g,0.5,https://i.fnri.dost.gov.ph/fct/library/report/3173,2026-09-16
FC000730,B006,sodium_mg_100g,14,https://i.fnri.dost.gov.ph/fct/library/report/3173,2026-09-16
FC000730,B006,cholesterol_mg_100g,0,https://i.fnri.dost.gov.ph/fct/library/report/3173,2026-09-16
FC000731,C003,kcal_100g,256,https://i.fnri.dost.gov.ph/fct/library/report/3213,2026-09-16
FC000731,C003,protein_g_100g,5.0,https://i.fnri.dost.gov.ph/fct/library/report/3213,2026-09-16
FC000731,C003,carbs_g_100g,56.4,https://i.fnri.dost.gov.ph/fct/library/report/3213,2026-09-16
FC000731,C003,fat_g_100g,1.2,https://i.fnri.dost.gov.ph/fct/library/report/3213,2026-09-16
FC000731,C003,fiber_g_100g,5.5,https://i.fnri.dost.gov.ph/fct/library/report/3213,2026-09-16
FC000731,C003,sugar_g_100g,11.3,https://i.fnri.dost.gov.ph/fct/library/report/3213,2026-09-16
FC000731,C003,sodium_mg_100g,5,https://i.fnri.dost.gov.ph/fct/library/report/3213,2026-09-16
FC000731,C003,cholesterol_mg_100g,0,https://i.fnri.dost.gov.ph/fct/library/report/3213,2026-09-16
FC000732,C009,kcal_100g,226,https://i.fnri.dost.gov.ph/fct/library/report/3219,2026-09-16
FC000732,C009,protein_g_100g,2.4,https://i.fnri.dost.gov.ph/fct/library/report/3219,2026-09-16
FC000732,C009,carbs_g_100g,14.5,https://i.fnri.dost.gov.ph/fct/library/report/3219,2026-09-16
FC000732,C009,fat_g_100g,17.6,https://i.fnri.dost.gov.ph/fct/library/report/3219,2026-09-16
FC000732,C009,fiber_g_100g,2.1,https://i.fnri.dost.gov.ph/fct/library/report/3219,2026-09-16
FC000732,C009,sugar_g_100g,10.9,https://i.fnri.dost.gov.ph/fct/library/report/3219,2026-09-16
FC000732,C009,sodium_mg_100g,38,https://i.fnri.dost.gov.ph/fct/library/report/3219,2026-09-16
FC000732,C009,cholesterol_mg_100g,0,https://i.fnri.dost.gov.ph/fct/library/report/3219,2026-09-16
FC000733,C010,kcal_100g,358,https://i.fnri.dost.gov.ph/fct/library/report/3220,2026-09-16
FC000733,C010,protein_g_100g,20.4,https://i.fnri.dost.gov.ph/fct/library/report/3220,2026-09-16
FC000733,C010,carbs_g_100g,65.8,https://i.fnri.dost.gov.ph/fct/library/report/3220,2026-09-16
FC000733,C010,fat_g_100g,1.5,https://i.fnri.dost.gov.ph/fct/library/report/3220,2026-09-16
FC000733,C010,fiber_g_100g,11.0,https://i.fnri.dost.gov.ph/fct/library/report/3220,2026-09-16
FC000733,C010,sugar_g_100g,7.1,https://i.fnri.dost.gov.ph/fct/library/report/3220,2026-09-16
FC000733,C010,sodium_mg_100g,15,https://i.fnri.dost.gov.ph/fct/library/report/3220,2026-09-16
FC000733,C010,cholesterol_mg_100g,0,https://i.fnri.dost.gov.ph/fct/library/report/3220,2026-09-16
FC000734,C018,kcal_100g,374,https://i.fnri.dost.gov.ph/fct/library/report/3228,2026-09-16
FC000734,C018,protein_g_100g,20.2,https://i.fnri.dost.gov.ph/fct/library/report/3228,2026-09-16
FC000734,C018,carbs_g_100g,69.1,https://i.fnri.dost.gov.ph/fct/library/report/3228,2026-09-16
FC000734,C018,fat_g_100g,1.9,https://i.fnri.dost.gov.ph/fct/library/report/3228,2026-09-16
FC000734,C018,fiber_g_100g,16.5,https://i.fnri.dost.gov.ph/fct/library/report/3228,2026-09-16
FC000734,C018,sugar_g_100g,2.3,https://i.fnri.dost.gov.ph/fct/library/report/3228,2026-09-16
FC000734,C018,sodium_mg_100g,5,https://i.fnri.dost.gov.ph/fct/library/report/3228,2026-09-16
FC000734,C018,cholesterol_mg_100g,0,https://i.fnri.dost.gov.ph/fct/library/report/3228,2026-09-16
FC000735,C022,kcal_100g,354,https://i.fnri.dost.gov.ph/fct/library/report/3232,2026-09-16
FC000735,C022,protein_g_100g,18.8,https://i.fnri.dost.gov.ph/fct/library/report/3232,2026-09-16
FC000735,C022,carbs_g_100g,67.1,https://i.fnri.dost.gov.ph/fct/library/report/3232,2026-09-16
FC000735,C022,fat_g_100g,1.1,https://i.fnri.dost.gov.ph/fct/library/report/3232,2026-09-16
FC000735,C022,fiber_g_100g,15.5,https://i.fnri.dost.gov.ph/fct/library/report/3232,2026-09-16
FC000735,C022,sugar_g_100g,2.2,https://i.fnri.dost.gov.ph/fct/library/report/3232,2026-09-16
FC000735,C022,sodium_mg_100g,16,https://i.fnri.dost.gov.ph/fct/library/report/3232,2026-09-16
FC000735,C022,cholesterol_mg_100g,0,https://i.fnri.dost.gov.ph/fct/library/report/3232,2026-09-16
FC000736,C023,kcal_100g,142,https://i.fnri.dost.gov.ph/fct/library/report/3233,2026-09-16
FC000736,C023,protein_g_100g,6.5,https://i.fnri.dost.gov.ph/fct/library/report/3233,2026-09-16
FC000736,C023,carbs_g_100g,27.3,https://i.fnri.dost.gov.ph/fct/library/report/3233,2026-09-16
FC000736,C023,fat_g_100g,0.7,https://i.fnri.dost.gov.ph/fct/library/report/3233,2026-09-16
FC000736,C023,fiber_g_100g,6.1,https://i.fnri.dost.gov.ph/fct/library/report/3233,2026-09-16
FC000736,C023,sugar_g_100g,0.3,https://i.fnri.dost.gov.ph/fct/library/report/3233,2026-09-16
FC000736,C023,sodium_mg_100g,6,https://i.fnri.dost.gov.ph/fct/library/report/3233,2026-09-16
FC000736,C023,cholesterol_mg_100g,0,https://i.fnri.dost.gov.ph/fct/library/report/3233,2026-09-16
FC000737,C024,kcal_100g,348,https://i.fnri.dost.gov.ph/fct/library/report/3234,2026-09-16
FC000737,C024,protein_g_100g,19.8,https://i.fnri.dost.gov.ph/fct/library/report/3234,2026-09-16
FC000737,C024,carbs_g_100g,64.9,https://i.fnri.dost.gov.ph/fct/library/report/3234,2026-09-16
FC000737,C024,fat_g_100g,1.0,https://i.fnri.dost.gov.ph/fct/library/report/3234,2026-09-16
FC000737,C024,fiber_g_100g,19.0,https://i.fnri.dost.gov.ph/fct/library/report/3234,2026-09-16
FC000737,C024,sugar_g_100g,8.5,https://i.fnri.dost.gov.ph/fct/library/report/3234,2026-09-16
FC000737,C024,sodium_mg_100g,18,https://i.fnri.dost.gov.ph/fct/library/report/3234,2026-09-16
FC000737,C024,cholesterol_mg_100g,0,https://i.fnri.dost.gov.ph/fct/library/report/3234,2026-09-16
FC000738,C029,kcal_100g,347,https://i.fnri.dost.gov.ph/fct/library/report/3239,2026-09-16
FC000738,C029,protein_g_100g,22.2,https://i.fnri.dost.gov.ph/fct/library/report/3239,2026-09-16
FC000738,C029,carbs_g_100g,62.2,https://i.fnri.dost.gov.ph/fct/library/report/3239,2026-09-16
FC000738,C029,fat_g_100g,1.0,https://i.fnri.dost.gov.ph/fct/library/report/3239,2026-09-16
FC000738,C029,fiber_g_100g,18.4,https://i.fnri.dost.gov.ph/fct/library/report/3239,2026-09-16
FC000738,C029,sugar_g_100g,6.4,https://i.fnri.dost.gov.ph/fct/library/report/3239,2026-09-16
FC000738,C029,sodium_mg_100g,24,https://i.fnri.dost.gov.ph/fct/library/report/3239,2026-09-16
FC000738,C029,cholesterol_mg_100g,0,https://i.fnri.dost.gov.ph/fct/library/report/3239,2026-09-16
FC000739,C030,kcal_100g,150,https://i.fnri.dost.gov.ph/fct/library/report/3240,2026-09-16
FC000739,C030,protein_g_100g,6.9,https://i.fnri.dost.gov.ph/fct/library/report/3240,2026-09-16
FC000739,C030,carbs_g_100g,28.9,https://i.fnri.dost.gov.ph/fct/library/report/3240,2026-09-16
FC000739,C030,fat_g_100g,0.7,https://i.fnri.dost.gov.ph/fct/library/report/3240,2026-09-16
FC000739,C030,fiber_g_100g,10.6,https://i.fnri.dost.gov.ph/fct/library/report/3240,2026-09-16
FC000739,C030,sugar_g_100g,2.8,https://i.fnri.dost.gov.ph/fct/library/report/3240,2026-09-16
FC000739,C030,sodium_mg_100g,3,https://i.fnri.dost.gov.ph/fct/library/report/3240,2026-09-16
FC000739,C030,cholesterol_mg_100g,0,https://i.fnri.dost.gov.ph/fct/library/report/3240,2026-09-16
FC000740,C031,kcal_100g,365,https://i.fnri.dost.gov.ph/fct/library/report/3241,2026-09-16
FC000740,C031,protein_g_100g,23.5,https://i.fnri.dost.gov.ph/fct/library/report/3241,2026-09-16
FC000740,C031,carbs_g_100g,64.5,https://i.fnri.dost.gov.ph/fct/library/report/3241,2026-09-16
FC000740,C031,fat_g_100g,1.4,https://i.fnri.dost.gov.ph/fct/library/report/3241,2026-09-16
FC000740,C031,fiber_g_100g,19.3,https://i.fnri.dost.gov.ph/fct/library/report/3241,2026-09-16
FC000740,C031,sugar_g_100g,6.7,https://i.fnri.dost.gov.ph/fct/library/report/3241,2026-09-16
FC000740,C031,sodium_mg_100g,25,https://i.fnri.dost.gov.ph/fct/library/report/3241,2026-09-16
FC000740,C031,cholesterol_mg_100g,0,https://i.fnri.dost.gov.ph/fct/library/report/3241,2026-09-16
FC000741,C032,kcal_100g,116,https://i.fnri.dost.gov.ph/fct/library/report/3242,2026-09-16
FC000741,C032,protein_g_100g,7.2,https://i.fnri.dost.gov.ph/fct/library/report/3242,2026-09-16
FC000741,C032,carbs_g_100g,21.1,https://i.fnri.dost.gov.ph/fct/library/report/3242,2026-09-16
FC000741,C032,fat_g_100g,0.3,https://i.fnri.dost.gov.ph/fct/library/report/3242,2026-09-16
FC000741,C032,fiber_g_100g,8.3,https://i.fnri.dost.gov.ph/fct/library/report/3242,2026-09-16
FC000741,C032,sugar_g_100g,2.2,https://i.fnri.dost.gov.ph/fct/library/report/3242,2026-09-16
FC000741,C032,sodium_mg_100g,2,https://i.fnri.dost.gov.ph/fct/library/report/3242,2026-09-16
FC000741,C032,cholesterol_mg_100g,0,https://i.fnri.dost.gov.ph/fct/library/report/3242,2026-09-16
FC000742,C034,kcal_100g,401,https://i.fnri.dost.gov.ph/fct/library/report/3244,2026-09-16
FC000742,C034,protein_g_100g,17.4,https://i.fnri.dost.gov.ph/fct/library/report/3244,2026-09-16
FC000742,C034,carbs_g_100g,22.9,https://i.fnri.dost.gov.ph/fct/library/report/3244,2026-09-16
FC000742,C034,fat_g_100g,26.6,https://i.fnri.dost.gov.ph/fct/library/report/3244,2026-09-16
FC000742,C034,fiber_g_100g,6.2,https://i.fnri.dost.gov.ph/fct/library/report/3244,2026-09-16
FC000742,C034,sugar_g_100g,3.5,https://i.fnri.dost.gov.ph/fct/library/report/3244,2026-09-16
FC000742,C034,sodium_mg_100g,13,https://i.fnri.dost.gov.ph/fct/library/report/3244,2026-09-16
FC000742,C034,cholesterol_mg_100g,0,https://i.fnri.dost.gov.ph/fct/library/report/3244,2026-09-16
FC000743,C037,kcal_100g,617,https://i.fnri.dost.gov.ph/fct/library/report/3247,2026-09-16
FC000743,C037,protein_g_100g,25.8,https://i.fnri.dost.gov.ph/fct/library/report/3247,2026-09-16
FC000743,C037,carbs_g_100g,17.1,https://i.fnri.dost.gov.ph/fct/library/report/3247,2026-09-16
FC000743,C037,fat_g_100g,49.5,https://i.fnri.dost.gov.ph/fct/library/report/3247,2026-09-16
FC000743,C037,fiber_g_100g,8.6,https://i.fnri.dost.gov.ph/fct/library/report/3247,2026-09-16
FC000743,C037,sugar_g_100g,4.8,https://i.fnri.dost.gov.ph/fct/library/report/3247,2026-09-16
FC000743,C037,sodium_mg_100g,18,https://i.fnri.dost.gov.ph/fct/library/report/3247,2026-09-16
FC000743,C037,cholesterol_mg_100g,0,https://i.fnri.dost.gov.ph/fct/library/report/3247,2026-09-16
FC000744,C039,kcal_100g,348,https://i.fnri.dost.gov.ph/fct/library/report/3249,2026-09-16
FC000744,C039,protein_g_100g,21.2,https://i.fnri.dost.gov.ph/fct/library/report/3249,2026-09-16
FC000744,C039,carbs_g_100g,63.2,https://i.fnri.dost.gov.ph/fct/library/report/3249,2026-09-16
FC000744,C039,fat_g_100g,1.2,https://i.fnri.dost.gov.ph/fct/library/report/3249,2026-09-16
FC000744,C039,fiber_g_100g,15.0,https://i.fnri.dost.gov.ph/fct/library/report/3249,2026-09-16
FC000744,C039,sugar_g_100g,7.9,https://i.fnri.dost.gov.ph/fct/library/report/3249,2026-09-16
FC000744,C039,sodium_mg_100g,17,https://i.fnri.dost.gov.ph/fct/library/report/3249,2026-09-16
FC000744,C039,cholesterol_mg_100g,0,https://i.fnri.dost.gov.ph/fct/library/report/3249,2026-09-16
FC000745,C040,kcal_100g,125,https://i.fnri.dost.gov.ph/fct/library/report/3250,2026-09-16
FC000745,C040,protein_g_100g,5.7,https://i.fnri.dost.gov.ph/fct/library/report/3250,2026-09-16
FC000745,C040,carbs_g_100g,24.3,https://i.fnri.dost.gov.ph/fct/library/report/3250,2026-09-16
FC000745,C040,fat_g_100g,0.6,https://i.fnri.dost.gov.ph/fct/library/report/3250,2026-09-16
FC000745,C040,fiber_g_100g,6.8,https://i.fnri.dost.gov.ph/fct/library/report/3250,2026-09-16
FC000745,C040,sugar_g_100g,2.8,https://i.fnri.dost.gov.ph/fct/library/report/3250,2026-09-16
FC000745,C040,sodium_mg_100g,5,https://i.fnri.dost.gov.ph/fct/library/report/3250,2026-09-16
FC000745,C040,cholesterol_mg_100g,0,https://i.fnri.dost.gov.ph/fct/library/report/3250,2026-09-16
FC000746,C042,kcal_100g,356,https://i.fnri.dost.gov.ph/fct/library/report/3252,2026-09-16
FC000746,C042,protein_g_100g,18.4,https://i.fnri.dost.gov.ph/fct/library/report/3252,2026-09-16
FC000746,C042,carbs_g_100g,63.7,https://i.fnri.dost.gov.ph/fct/library/report/3252,2026-09-16
FC000746,C042,fat_g_100g,3.1,https://i.fnri.dost.gov.ph/fct/library/report/3252,2026-09-16
FC000746,C042,fiber_g_100g,16.0,https://i.fnri.dost.gov.ph/fct/library/report/3252,2026-09-16
FC000746,C042,sugar_g_100g,6.5,https://i.fnri.dost.gov.ph/fct/library/report/3252,2026-09-16
FC000746,C042,sodium_mg_100g,9,https://i.fnri.dost.gov.ph/fct/library/report/3252,2026-09-16
FC000746,C042,cholesterol_mg_100g,0,https://i.fnri.dost.gov.ph/fct/library/report/3252,2026-09-16
FC000747,C045,kcal_100g,451,https://i.fnri.dost.gov.ph/fct/library/report/3255,2026-09-16
FC000747,C045,protein_g_100g,36.6,https://i.fnri.dost.gov.ph/fct/library/report/3255,2026-09-16
FC000747,C045,carbs_g_100g,31.6,https://i.fnri.dost.gov.ph/fct/library/report/3255,2026-09-16
FC000747,C045,fat_g_100g,19.8,https://i.fnri.dost.gov.ph/fct/library/report/3255,2026-09-16
FC000747,C045,fiber_g_100g,9.5,https://i.fnri.dost.gov.ph/fct/library/report/3255,2026-09-16
FC000747,C045,sugar_g_100g,7.5,https://i.fnri.dost.gov.ph/fct/library/report/3255,2026-09-16
FC000747,C045,sodium_mg_100g,38,https://i.fnri.dost.gov.ph/fct/library/report/3255,2026-09-16
FC000747,C045,cholesterol_mg_100g,0,https://i.fnri.dost.gov.ph/fct/library/report/3255,2026-09-16
FC000748,C046,kcal_100g,241,https://i.fnri.dost.gov.ph/fct/library/report/3256,2026-09-16
FC000748,C046,protein_g_100g,15.3,https://i.fnri.dost.gov.ph/fct/library/report/3256,2026-09-16
FC000748,C046,carbs_g_100g,31.2,https://i.fnri.dost.gov.ph/fct/library/report/3256,2026-09-16
FC000748,C046,fat_g_100g,6.1,https://i.fnri.dost.gov.ph/fct/library/report/3256,2026-09-16
FC000748,C046,fiber_g_100g,8.8,https://i.fnri.dost.gov.ph/fct/library/report/3256,2026-09-16
FC000748,C046,sugar_g_100g,4.4,https://i.fnri.dost.gov.ph/fct/library/report/3256,2026-09-16
FC000748,C046,sodium_mg_100g,2,https://i.fnri.dost.gov.ph/fct/library/report/3256,2026-09-16
FC000748,C046,cholesterol_mg_100g,0,https://i.fnri.dost.gov.ph/fct/library/report/3256,2026-09-16
FC000749,C047,kcal_100g,456,https://i.fnri.dost.gov.ph/fct/library/report/3257,2026-09-16
FC000749,C047,protein_g_100g,35.8,https://i.fnri.dost.gov.ph/fct/library/report/3257,2026-09-16
FC000749,C047,carbs_g_100g,34.2,https://i.fnri.dost.gov.ph/fct/library/report/3257,2026-09-16
FC000749,C047,fat_g_100g,19.5,https://i.fnri.dost.gov.ph/fct/library/report/3257,2026-09-16
FC000749,C047,fiber_g_100g,9.6,https://i.fnri.dost.gov.ph/fct/library/report/3257,2026-09-16
FC000749,C047,sugar_g_100g,7.6,https://i.fnri.dost.gov.ph/fct/library/report/3257,2026-09-16
FC000749,C047,sodium_mg_100g,33,https://i.fnri.dost.gov.ph/fct/library/report/3257,2026-09-16
FC000749,C047,cholesterol_mg_100g,0,https://i.fnri.dost.gov.ph/fct/library/report/3257,2026-09-16
FC000750,C049,kcal_100g,371,https://i.fnri.dost.gov.ph/fct/library/report/3259,2026-09-16
FC000750,C049,protein_g_100g,30.7,https://i.fnri.dost.gov.ph/fct/library/report/3259,2026-09-16
FC000750,C049,carbs_g_100g,56.8,https://i.fnri.dost.gov.ph/fct/library/report/3259,2026-09-16
FC000750,C049,fat_g_100g,2.3,https://i.fnri.dost.gov.ph/fct/library/report/3259,2026-09-16
FC000750,C049,fiber_g_100g,11.4,https://i.fnri.dost.gov.ph/fct/library/report/3259,2026-09-16
FC000750,C049,sugar_g_100g,7.5,https://i.fnri.dost.gov.ph/fct/library/report/3259,2026-09-16
FC000750,C049,sodium_mg_100g,18,https://i.fnri.dost.gov.ph/fct/library/report/3259,2026-09-16
FC000750,C049,cholesterol_mg_100g,0,https://i.fnri.dost.gov.ph/fct/library/report/3259,2026-09-16
FC000751,C052,kcal_100g,580,https://i.fnri.dost.gov.ph/fct/library/report/3262,2026-09-16
FC000751,C052,protein_g_100g,4.2,https://i.fnri.dost.gov.ph/fct/library/report/3262,2026-09-16
FC000751,C052,carbs_g_100g,56.5,https://i.fnri.dost.gov.ph/fct/library/report/3262,2026-09-16
FC000751,C052,fat_g_100g,37.5,https://i.fnri.dost.gov.ph/fct/library/report/3262,2026-09-16
FC000751,C052,fiber_g_100g,5.1,https://i.fnri.dost.gov.ph/fct/library/report/3262,2026-09-16
FC000751,C052,sugar_g_100g,49.0,https://i.fnri.dost.gov.ph/fct/library/report/3262,2026-09-16
FC000751,C052,sodium_mg_100g,298,https://i.fnri.dost.gov.ph/fct/library/report/3262,2026-09-16
FC000751,C052,cholesterol_mg_100g,0,https://i.fnri.dost.gov.ph/fct/library/report/3262,2026-09-16
FC000752,C053,kcal_100g,620,https://i.fnri.dost.gov.ph/fct/library/report/3263,2026-09-16
FC000752,C053,protein_g_100g,13.2,https://i.fnri.dost.gov.ph/fct/library/report/3263,2026-09-16
FC000752,C053,carbs_g_100g,24.8,https://i.fnri.dost.gov.ph/fct/library/report/3263,2026-09-16
FC000752,C053,fat_g_100g,52.0,https://i.fnri.dost.gov.ph/fct/library/report/3263,2026-09-16
FC000752,C053,fiber_g_100g,4.5,https://i.fnri.dost.gov.ph/fct/library/report/3263,2026-09-16
FC000752,C053,sugar_g_100g,0.9,https://i.fnri.dost.gov.ph/fct/library/report/3263,2026-09-16
FC000752,C053,sodium_mg_100g,39,https://i.fnri.dost.gov.ph/fct/library/report/3263,2026-09-16
FC000752,C053,cholesterol_mg_100g,0,https://i.fnri.dost.gov.ph/fct/library/report/3263,2026-09-16
FC000753,C054,kcal_100g,468,https://i.fnri.dost.gov.ph/fct/library/report/3264,2026-09-16
FC000753,C054,protein_g_100g,19.0,https://i.fnri.dost.gov.ph/fct/library/report/3264,2026-09-16
FC000753,C054,carbs_g_100g,52.4,https://i.fnri.dost.gov.ph/fct/library/report/3264,2026-09-16
FC000753,C054,fat_g_100g,20.3,https://i.fnri.dost.gov.ph/fct/library/report/3264,2026-09-16
FC000753,C054,fiber_g_100g,24.7,https://i.fnri.dost.gov.ph/fct/library/report/3264,2026-09-16
FC000753,C054,sugar_g_100g,2.1,https://i.fnri.dost.gov.ph/fct/library/report/3264,2026-09-16
FC000753,C054,sodium_mg_100g,577,https://i.fnri.dost.gov.ph/fct/library/report/3264,2026-09-16
FC000753,C054,cholesterol_mg_100g,6,https://i.fnri.dost.gov.ph/fct/library/report/3264,2026-09-16
FC000754,C056,kcal_100g,511,https://i.fnri.dost.gov.ph/fct/library/report/3266,2026-09-16
FC000754,C056,protein_g_100g,19.8,https://i.fnri.dost.gov.ph/fct/library/report/3266,2026-09-16
FC000754,C056,carbs_g_100g,48.4,https://i.fnri.dost.gov.ph/fct/library/report/3266,2026-09-16
FC000754,C056,fat_g_100g,26.5,https://i.fnri.dost.gov.ph/fct/library/report/3266,2026-09-16
FC000754,C056,fiber_g_100g,-,https://i.fnri.dost.gov.ph/fct/library/report/3266,2026-09-16
FC000754,C056,sugar_g_100g,-,https://i.fnri.dost.gov.ph/fct/library/report/3266,2026-09-16
FC000754,C056,sodium_mg_100g,-,https://i.fnri.dost.gov.ph/fct/library/report/3266,2026-09-16
FC000754,C056,cholesterol_mg_100g,-,https://i.fnri.dost.gov.ph/fct/library/report/3266,2026-09-16
FC000755,C057,kcal_100g,500,https://i.fnri.dost.gov.ph/fct/library/report/3267,2026-09-16
FC000755,C057,protein_g_100g,24.4,https://i.fnri.dost.gov.ph/fct/library/report/3267,2026-09-16
FC000755,C057,carbs_g_100g,42.2,https://i.fnri.dost.gov.ph/fct/library/report/3267,2026-09-16
FC000755,C057,fat_g_100g,26.0,https://i.fnri.dost.gov.ph/fct/library/report/3267,2026-09-16
FC000755,C057,fiber_g_100g,-,https://i.fnri.dost.gov.ph/fct/library/report/3267,2026-09-16
FC000755,C057,sugar_g_100g,-,https://i.fnri.dost.gov.ph/fct/library/report/3267,2026-09-16
FC000755,C057,sodium_mg_100g,-,https://i.fnri.dost.gov.ph/fct/library/report/3267,2026-09-16
FC000755,C057,cholesterol_mg_100g,-,https://i.fnri.dost.gov.ph/fct/library/report/3267,2026-09-16
FC000756,D016,kcal_100g,41,https://i.fnri.dost.gov.ph/fct/library/report/3295,2026-09-16
FC000756,D016,protein_g_100g,1.7,https://i.fnri.dost.gov.ph/fct/library/report/3295,2026-09-16
FC000756,D016,carbs_g_100g,8.0,https://i.fnri.dost.gov.ph/fct/library/report/3295,2026-09-16
FC000756,D016,fat_g_100g,0.2,https://i.fnri.dost.gov.ph/fct/library/report/3295,2026-09-16
FC000756,D016,fiber_g_100g,2.5,https://i.fnri.dost.gov.ph/fct/library/report/3295,2026-09-16
FC000756,D016,sugar_g_100g,-,https://i.fnri.dost.gov.ph/fct/library/report/3295,2026-09-16
FC000756,D016,sodium_mg_100g,36,https://i.fnri.dost.gov.ph/fct/library/report/3295,2026-09-16
FC000756,D016,cholesterol_mg_100g,0,https://i.fnri.dost.gov.ph/fct/library/report/3295,2026-09-16
FC000757,D017,kcal_100g,45,https://i.fnri.dost.gov.ph/fct/library/report/3296,2026-09-16
FC000757,D017,protein_g_100g,1.9,https://i.fnri.dost.gov.ph/fct/library/report/3296,2026-09-16
FC000757,D017,carbs_g_100g,9.1,https://i.fnri.dost.gov.ph/fct/library/report/3296,2026-09-16
FC000757,D017,fat_g_100g,0.1,https://i.fnri.dost.gov.ph/fct/library/report/3296,2026-09-16
FC000757,D017,fiber_g_100g,2.0,https://i.fnri.dost.gov.ph/fct/library/report/3296,2026-09-16
FC000757,D017,sugar_g_100g,-,https://i.fnri.dost.gov.ph/fct/library/report/3296,2026-09-16
FC000757,D017,sodium_mg_100g,77,https://i.fnri.dost.gov.ph/fct/library/report/3296,2026-09-16
FC000757,D017,cholesterol_mg_100g,0,https://i.fnri.dost.gov.ph/fct/library/report/3296,2026-09-16
FC000758,D029,kcal_100g,65,https://i.fnri.dost.gov.ph/fct/library/report/3308,2026-09-16
FC000758,D029,protein_g_100g,2.4,https://i.fnri.dost.gov.ph/fct/library/report/3308,2026-09-16
FC000758,D029,carbs_g_100g,12.8,https://i.fnri.dost.gov.ph/fct/library/report/3308,2026-09-16
FC000758,D029,fat_g_100g,0.5,https://i.fnri.dost.gov.ph/fct/library/report/3308,2026-09-16
FC000758,D029,fiber_g_100g,2.7,https://i.fnri.dost.gov.ph/fct/library/report/3308,2026-09-16
FC000758,D029,sugar_g_100g,6.1,https://i.fnri.dost.gov.ph/fct/library/report/3308,2026-09-16
FC000758,D029,sodium_mg_100g,1,https://i.fnri.dost.gov.ph/fct/library/report/3308,2026-09-16
FC000758,D029,cholesterol_mg_100g,0,https://i.fnri.dost.gov.ph/fct/library/report/3308,2026-09-16
FC000759,D047,kcal_100g,25,https://i.fnri.dost.gov.ph/fct/library/report/3326,2026-09-16
FC000759,D047,protein_g_100g,1.2,https://i.fnri.dost.gov.ph/fct/library/report/3326,2026-09-16
FC000759,D047,carbs_g_100g,5.1,https://i.fnri.dost.gov.ph/fct/library/report/3326,2026-09-16
FC000759,D047,fat_g_100g,0.0,https://i.fnri.dost.gov.ph/fct/library/report/3326,2026-09-16
FC000759,D047,fiber_g_100g,2.6,https://i.fnri.dost.gov.ph/fct/library/report/3326,2026-09-16
FC000759,D047,sugar_g_100g,2.1,https://i.fnri.dost.gov.ph/fct/library/report/3326,2026-09-16
FC000759,D047,sodium_mg_100g,14,https://i.fnri.dost.gov.ph/fct/library/report/3326,2026-09-16
FC000759,D047,cholesterol_mg_100g,0,https://i.fnri.dost.gov.ph/fct/library/report/3326,2026-09-16
FC000760,D048,kcal_100g,37,https://i.fnri.dost.gov.ph/fct/library/report/3327,2026-09-16
FC000760,D048,protein_g_100g,2.4,https://i.fnri.dost.gov.ph/fct/library/report/3327,2026-09-16
FC000760,D048,carbs_g_100g,5.4,https://i.fnri.dost.gov.ph/fct/library/report/3327,2026-09-16
FC000760,D048,fat_g_100g,0.6,https://i.fnri.dost.gov.ph/fct/library/report/3327,2026-09-16
FC000760,D048,fiber_g_100g,3.5,https://i.fnri.dost.gov.ph/fct/library/report/3327,2026-09-16
FC000760,D048,sugar_g_100g,-,https://i.fnri.dost.gov.ph/fct/library/report/3327,2026-09-16
FC000760,D048,sodium_mg_100g,151,https://i.fnri.dost.gov.ph/fct/library/report/3327,2026-09-16
FC000760,D048,cholesterol_mg_100g,0,https://i.fnri.dost.gov.ph/fct/library/report/3327,2026-09-16
FC000761,D052,kcal_100g,44,https://i.fnri.dost.gov.ph/fct/library/report/3331,2026-09-16
FC000761,D052,protein_g_100g,4.6,https://i.fnri.dost.gov.ph/fct/library/report/3331,2026-09-16
FC000761,D052,carbs_g_100g,5.7,https://i.fnri.dost.gov.ph/fct/library/report/3331,2026-09-16
FC000761,D052,fat_g_100g,0.3,https://i.fnri.dost.gov.ph/fct/library/report/3331,2026-09-16
FC000761,D052,fiber_g_100g,-,https://i.fnri.dost.gov.ph/fct/library/report/3331,2026-09-16
FC000761,D052,sugar_g_100g,-,https://i.fnri.dost.gov.ph/fct/library/report/3331,2026-09-16
FC000761,D052,sodium_mg_100g,1,https://i.fnri.dost.gov.ph/fct/library/report/3331,2026-09-16
FC000761,D052,cholesterol_mg_100g,0,https://i.fnri.dost.gov.ph/fct/library/report/3331,2026-09-16
FC000762,D060,kcal_100g,37,https://i.fnri.dost.gov.ph/fct/library/report/3339,2026-09-16
FC000762,D060,protein_g_100g,3.0,https://i.fnri.dost.gov.ph/fct/library/report/3339,2026-09-16
FC000762,D060,carbs_g_100g,4.8,https://i.fnri.dost.gov.ph/fct/library/report/3339,2026-09-16
FC000762,D060,fat_g_100g,0.6,https://i.fnri.dost.gov.ph/fct/library/report/3339,2026-09-16
FC000762,D060,fiber_g_100g,3.5,https://i.fnri.dost.gov.ph/fct/library/report/3339,2026-09-16
FC000762,D060,sugar_g_100g,1.2,https://i.fnri.dost.gov.ph/fct/library/report/3339,2026-09-16
FC000762,D060,sodium_mg_100g,29,https://i.fnri.dost.gov.ph/fct/library/report/3339,2026-09-16
FC000762,D060,cholesterol_mg_100g,0,https://i.fnri.dost.gov.ph/fct/library/report/3339,2026-09-16
FC000763,D063,kcal_100g,51,https://i.fnri.dost.gov.ph/fct/library/report/3342,2026-09-16
FC000763,D063,protein_g_100g,3.4,https://i.fnri.dost.gov.ph/fct/library/report/3342,2026-09-16
FC000763,D063,carbs_g_100g,8.5,https://i.fnri.dost.gov.ph/fct/library/report/3342,2026-09-16
FC000763,D063,fat_g_100g,0.4,https://i.fnri.dost.gov.ph/fct/library/report/3342,2026-09-16
FC000763,D063,fiber_g_100g,3.1,https://i.fnri.dost.gov.ph/fct/library/report/3342,2026-09-16
FC000763,D063,sugar_g_100g,4.7,https://i.fnri.dost.gov.ph/fct/library/report/3342,2026-09-16
FC000763,D063,sodium_mg_100g,1,https://i.fnri.dost.gov.ph/fct/library/report/3342,2026-09-16
FC000763,D063,cholesterol_mg_100g,0,https://i.fnri.dost.gov.ph/fct/library/report/3342,2026-09-16
FC000764,D064,kcal_100g,52,https://i.fnri.dost.gov.ph/fct/library/report/3343,2026-09-16
FC000764,D064,protein_g_100g,2.8,https://i.fnri.dost.gov.ph/fct/library/report/3343,2026-09-16
FC000764,D064,carbs_g_100g,9.4,https://i.fnri.dost.gov.ph/fct/library/report/3343,2026-09-16
FC000764,D064,fat_g_100g,0.4,https://i.fnri.dost.gov.ph/fct/library/report/3343,2026-09-16
FC000764,D064,fiber_g_100g,3.1,https://i.fnri.dost.gov.ph/fct/library/report/3343,2026-09-16
FC000764,D064,sugar_g_100g,4.8,https://i.fnri.dost.gov.ph/fct/library/report/3343,2026-09-16
FC000764,D064,sodium_mg_100g,1,https://i.fnri.dost.gov.ph/fct/library/report/3343,2026-09-16
FC000764,D064,cholesterol_mg_100g,0,https://i.fnri.dost.gov.ph/fct/library/report/3343,2026-09-16
FC000765,D065,kcal_100g,86,https://i.fnri.dost.gov.ph/fct/library/report/3344,2026-09-16
FC000765,D065,protein_g_100g,5.1,https://i.fnri.dost.gov.ph/fct/library/report/3344,2026-09-16
FC000765,D065,carbs_g_100g,16.1,https://i.fnri.dost.gov.ph/fct/library/report/3344,2026-09-16
FC000765,D065,fat_g_100g,0.1,https://i.fnri.dost.gov.ph/fct/library/report/3344,2026-09-16
FC000765,D065,fiber_g_100g,4.9,https://i.fnri.dost.gov.ph/fct/library/report/3344,2026-09-16
FC000765,D065,sugar_g_100g,3.0,https://i.fnri.dost.gov.ph/fct/library/report/3344,2026-09-16
FC000765,D065,sodium_mg_100g,4,https://i.fnri.dost.gov.ph/fct/library/report/3344,2026-09-16
FC000765,D065,cholesterol_mg_100g,0,https://i.fnri.dost.gov.ph/fct/library/report/3344,2026-09-16
FC000766,D075,kcal_100g,29,https://i.fnri.dost.gov.ph/fct/library/report/3354,2026-09-16
FC000766,D075,protein_g_100g,1.6,https://i.fnri.dost.gov.ph/fct/library/report/3354,2026-09-16
FC000766,D075,carbs_g_100g,5.3,https://i.fnri.dost.gov.ph/fct/library/report/3354,2026-09-16
FC000766,D075,fat_g_100g,0.2,https://i.fnri.dost.gov.ph/fct/library/report/3354,2026-09-16
FC000766,D075,fiber_g_100g,4.1,https://i.fnri.dost.gov.ph/fct/library/report/3354,2026-09-16
FC000766,D075,sugar_g_100g,0.3,https://i.fnri.dost.gov.ph/fct/library/report/3354,2026-09-16
FC000766,D075,sodium_mg_100g,29,https://i.fnri.dost.gov.ph/fct/library/report/3354,2026-09-16
FC000766,D075,cholesterol_mg_100g,0,https://i.fnri.dost.gov.ph/fct/library/report/3354,2026-09-16
FC000767,D085,kcal_100g,50,https://i.fnri.dost.gov.ph/fct/library/report/3364,2026-09-16
FC000767,D085,protein_g_100g,2.0,https://i.fnri.dost.gov.ph/fct/library/report/3364,2026-09-16
FC000767,D085,carbs_g_100g,9.2,https://i.fnri.dost.gov.ph/fct/library/report/3364,2026-09-16
FC000767,D085,fat_g_100g,0.6,https://i.fnri.dost.gov.ph/fct/library/report/3364,2026-09-16
FC000767,D085,fiber_g_100g,3.0,https://i.fnri.dost.gov.ph/fct/library/report/3364,2026-09-16
FC000767,D085,sugar_g_100g,-,https://i.fnri.dost.gov.ph/fct/library/report/3364,2026-09-16
FC000767,D085,sodium_mg_100g,4,https://i.fnri.dost.gov.ph/fct/library/report/3364,2026-09-16
FC000767,D085,cholesterol_mg_100g,0,https://i.fnri.dost.gov.ph/fct/library/report/3364,2026-09-16
FC000768,D087,kcal_100g,79,https://i.fnri.dost.gov.ph/fct/library/report/3366,2026-09-16
FC000768,D087,protein_g_100g,2.6,https://i.fnri.dost.gov.ph/fct/library/report/3366,2026-09-16
FC000768,D087,carbs_g_100g,15.8,https://i.fnri.dost.gov.ph/fct/library/report/3366,2026-09-16
FC000768,D087,fat_g_100g,0.6,https://i.fnri.dost.gov.ph/fct/library/report/3366,2026-09-16
FC000768,D087,fiber_g_100g,5.0,https://i.fnri.dost.gov.ph/fct/library/report/3366,2026-09-16
FC000768,D087,sugar_g_100g,4.5,https://i.fnri.dost.gov.ph/fct/library/report/3366,2026-09-16
FC000768,D087,sodium_mg_100g,31,https://i.fnri.dost.gov.ph/fct/library/report/3366,2026-09-16
FC000768,D087,cholesterol_mg_100g,0,https://i.fnri.dost.gov.ph/fct/library/report/3366,2026-09-16
FC000769,D096,kcal_100g,89,https://i.fnri.dost.gov.ph/fct/library/report/3375,2026-09-16
FC000769,D096,protein_g_100g,9.0,https://i.fnri.dost.gov.ph/fct/library/report/3375,2026-09-16
FC000769,D096,carbs_g_100g,6.2,https://i.fnri.dost.gov.ph/fct/library/report/3375,2026-09-16
FC000769,D096,fat_g_100g,3.1,https://i.fnri.dost.gov.ph/fct/library/report/3375,2026-09-16
FC000769,D096,fiber_g_100g,5.0,https://i.fnri.dost.gov.ph/fct/library/report/3375,2026-09-16
FC000769,D096,sugar_g_100g,-,https://i.fnri.dost.gov.ph/fct/library/report/3375,2026-09-16
FC000769,D096,sodium_mg_100g,13,https://i.fnri.dost.gov.ph/fct/library/report/3375,2026-09-16
FC000769,D096,cholesterol_mg_100g,0,https://i.fnri.dost.gov.ph/fct/library/report/3375,2026-09-16
FC000770,D098,kcal_100g,60,https://i.fnri.dost.gov.ph/fct/library/report/3377,2026-09-16
FC000770,D098,protein_g_100g,6.2,https://i.fnri.dost.gov.ph/fct/library/report/3377,2026-09-16
FC000770,D098,carbs_g_100g,5.2,https://i.fnri.dost.gov.ph/fct/library/report/3377,2026-09-16
FC000770,D098,fat_g_100g,1.6,https://i.fnri.dost.gov.ph/fct/library/report/3377,2026-09-16
FC000770,D098,fiber_g_100g,3.6,https://i.fnri.dost.gov.ph/fct/library/report/3377,2026-09-16
FC000770,D098,sugar_g_100g,-,https://i.fnri.dost.gov.ph/fct/library/report/3377,2026-09-16
FC000770,D098,sodium_mg_100g,9,https://i.fnri.dost.gov.ph/fct/library/report/3377,2026-09-16
FC000770,D098,cholesterol_mg_100g,0,https://i.fnri.dost.gov.ph/fct/library/report/3377,2026-09-16
FC000771,D100,kcal_100g,93,https://i.fnri.dost.gov.ph/fct/library/report/3379,2026-09-16
FC000771,D100,protein_g_100g,2.5,https://i.fnri.dost.gov.ph/fct/library/report/3379,2026-09-16
FC000771,D100,carbs_g_100g,19.9,https://i.fnri.dost.gov.ph/fct/library/report/3379,2026-09-16
FC000771,D100,fat_g_100g,0.4,https://i.fnri.dost.gov.ph/fct/library/report/3379,2026-09-16
FC000771,D100,fiber_g_100g,6.5,https://i.fnri.dost.gov.ph/fct/library/report/3379,2026-09-16
FC000771,D100,sugar_g_100g,3.5,https://i.fnri.dost.gov.ph/fct/library/report/3379,2026-09-16
FC000771,D100,sodium_mg_100g,85,https://i.fnri.dost.gov.ph/fct/library/report/3379,2026-09-16
FC000771,D100,cholesterol_mg_100g,0,https://i.fnri.dost.gov.ph/fct/library/report/3379,2026-09-16
FC000772,D105,kcal_100g,164,https://i.fnri.dost.gov.ph/fct/library/report/3384,2026-09-16
FC000772,D105,protein_g_100g,5.5,https://i.fnri.dost.gov.ph/fct/library/report/3384,2026-09-16
FC000772,D105,carbs_g_100g,34.4,https://i.fnri.dost.gov.ph/fct/library/report/3384,2026-09-16
FC000772,D105,fat_g_100g,0.5,https://i.fnri.dost.gov.ph/fct/library/report/3384,2026-09-16
FC000772,D105,fiber_g_100g,5.0,https://i.fnri.dost.gov.ph/fct/library/report/3384,2026-09-16
FC000772,D105,sugar_g_100g,-,https://i.fnri.dost.gov.ph/fct/library/report/3384,2026-09-16
FC000772,D105,sodium_mg_100g,24,https://i.fnri.dost.gov.ph/fct/library/report/3384,2026-09-16
FC000772,D105,cholesterol_mg_100g,0,https://i.fnri.dost.gov.ph/fct/library/report/3384,2026-09-16
FC000773,D113,kcal_100g,34,https://i.fnri.dost.gov.ph/fct/library/report/3392,2026-09-16
FC000773,D113,protein_g_100g,2.4,https://i.fnri.dost.gov.ph/fct/library/report/3392,2026-09-16
FC000773,D113,carbs_g_100g,4.6,https://i.fnri.dost.gov.ph/fct/library/report/3392,2026-09-16
FC000773,D113,fat_g_100g,0.7,https://i.fnri.dost.gov.ph/fct/library/report/3392,2026-09-16
FC000773,D113,fiber_g_100g,0.9,https://i.fnri.dost.gov.ph/fct/library/report/3392,2026-09-16
FC000773,D113,sugar_g_100g,2.0,https://i.fnri.dost.gov.ph/fct/library/report/3392,2026-09-16
FC000773,D113,sodium_mg_100g,6,https://i.fnri.dost.gov.ph/fct/library/report/3392,2026-09-16
FC000773,D113,cholesterol_mg_100g,0,https://i.fnri.dost.gov.ph/fct/library/report/3392,2026-09-16
FC000774,D118,kcal_100g,126,https://i.fnri.dost.gov.ph/fct/library/report/3397,2026-09-16
FC000774,D118,protein_g_100g,8.3,https://i.fnri.dost.gov.ph/fct/library/report/3397,2026-09-16
FC000774,D118,carbs_g_100g,21.7,https://i.fnri.dost.gov.ph/fct/library/report/3397,2026-09-16
FC000774,D118,fat_g_100g,0.7,https://i.fnri.dost.gov.ph/fct/library/report/3397,2026-09-16
FC000774,D118,fiber_g_100g,5.3,https://i.fnri.dost.gov.ph/fct/library/report/3397,2026-09-16
FC000774,D118,sugar_g_100g,1.6,https://i.fnri.dost.gov.ph/fct/library/report/3397,2026-09-16
FC000774,D118,sodium_mg_100g,2,https://i.fnri.dost.gov.ph/fct/library/report/3397,2026-09-16
FC000774,D118,cholesterol_mg_100g,0,https://i.fnri.dost.gov.ph/fct/library/report/3397,2026-09-16
FC000775,D119,kcal_100g,100,https://i.fnri.dost.gov.ph/fct/library/report/3398,2026-09-16
FC000775,D119,protein_g_100g,7.0,https://i.fnri.dost.gov.ph/fct/library/report/3398,2026-09-16
FC000775,D119,carbs_g_100g,17.2,https://i.fnri.dost.gov.ph/fct/library/report/3398,2026-09-16
FC000775,D119,fat_g_100g,0.3,https://i.fnri.dost.gov.ph/fct/library/report/3398,2026-09-16
FC000775,D119,fiber_g_100g,4.1,https://i.fnri.dost.gov.ph/fct/library/report/3398,2026-09-16
FC000775,D119,sugar_g_100g,1.3,https://i.fnri.dost.gov.ph/fct/library/report/3398,2026-09-16
FC000775,D119,sodium_mg_100g,13,https://i.fnri.dost.gov.ph/fct/library/report/3398,2026-09-16
FC000775,D119,cholesterol_mg_100g,0,https://i.fnri.dost.gov.ph/fct/library/report/3398,2026-09-16
FC000776,D121,kcal_100g,33,https://i.fnri.dost.gov.ph/fct/library/report/3400,2026-09-16
FC000776,D121,protein_g_100g,2.4,https://i.fnri.dost.gov.ph/fct/library/report/3400,2026-09-16
FC000776,D121,carbs_g_100g,5.0,https://i.fnri.dost.gov.ph/fct/library/report/3400,2026-09-16
FC000776,D121,fat_g_100g,0.4,https://i.fnri.dost.gov.ph/fct/library/report/3400,2026-09-16
FC000776,D121,fiber_g_100g,2.5,https://i.fnri.dost.gov.ph/fct/library/report/3400,2026-09-16
FC000776,D121,sugar_g_100g,1.7,https://i.fnri.dost.gov.ph/fct/library/report/3400,2026-09-16
FC000776,D121,sodium_mg_100g,27,https://i.fnri.dost.gov.ph/fct/library/report/3400,2026-09-16
FC000776,D121,cholesterol_mg_100g,0,https://i.fnri.dost.gov.ph/fct/library/report/3400,2026-09-16
FC000777,D122,kcal_100g,21,https://i.fnri.dost.gov.ph/fct/library/report/3401,2026-09-16
FC000777,D122,protein_g_100g,0.6,https://i.fnri.dost.gov.ph/fct/library/report/3401,2026-09-16
FC000777,D122,carbs_g_100g,4.3,https://i.fnri.dost.gov.ph/fct/library/report/3401,2026-09-16
FC000777,D122,fat_g_100g,0.2,https://i.fnri.dost.gov.ph/fct/library/report/3401,2026-09-16
FC000777,D122,fiber_g_100g,1.6,https://i.fnri.dost.gov.ph/fct/library/report/3401,2026-09-16
FC000777,D122,sugar_g_100g,1.1,https://i.fnri.dost.gov.ph/fct/library/report/3401,2026-09-16
FC000777,D122,sodium_mg_100g,17,https://i.fnri.dost.gov.ph/fct/library/report/3401,2026-09-16
FC000777,D122,cholesterol_mg_100g,0,https://i.fnri.dost.gov.ph/fct/library/report/3401,2026-09-16
FC000778,D126,kcal_100g,34,https://i.fnri.dost.gov.ph/fct/library/report/3405,2026-09-16
FC000778,D126,protein_g_100g,3.1,https://i.fnri.dost.gov.ph/fct/library/report/3405,2026-09-16
FC000778,D126,carbs_g_100g,4.3,https://i.fnri.dost.gov.ph/fct/library/report/3405,2026-09-16
FC000778,D126,fat_g_100g,0.5,https://i.fnri.dost.gov.ph/fct/library/report/3405,2026-09-16
FC000778,D126,fiber_g_100g,2.1,https://i.fnri.dost.gov.ph/fct/library/report/3405,2026-09-16
FC000778,D126,sugar_g_100g,1.3,https://i.fnri.dost.gov.ph/fct/library/report/3405,2026-09-16
FC000778,D126,sodium_mg_100g,23,https://i.fnri.dost.gov.ph/fct/library/report/3405,2026-09-16
FC000778,D126,cholesterol_mg_100g,0,https://i.fnri.dost.gov.ph/fct/library/report/3405,2026-09-16
FC000779,D130,kcal_100g,119,https://i.fnri.dost.gov.ph/fct/library/report/3409,2026-09-16
FC000779,D130,protein_g_100g,7.7,https://i.fnri.dost.gov.ph/fct/library/report/3409,2026-09-16
FC000779,D130,carbs_g_100g,21.6,https://i.fnri.dost.gov.ph/fct/library/report/3409,2026-09-16
FC000779,D130,fat_g_100g,0.2,https://i.fnri.dost.gov.ph/fct/library/report/3409,2026-09-16
FC000779,D130,fiber_g_100g,6.4,https://i.fnri.dost.gov.ph/fct/library/report/3409,2026-09-16
FC000779,D130,sugar_g_100g,2.2,https://i.fnri.dost.gov.ph/fct/library/report/3409,2026-09-16
FC000779,D130,sodium_mg_100g,8,https://i.fnri.dost.gov.ph/fct/library/report/3409,2026-09-16
FC000779,D130,cholesterol_mg_100g,0,https://i.fnri.dost.gov.ph/fct/library/report/3409,2026-09-16
FC000780,D137,kcal_100g,33,https://i.fnri.dost.gov.ph/fct/library/report/3416,2026-09-16
FC000780,D137,protein_g_100g,3.3,https://i.fnri.dost.gov.ph/fct/library/report/3416,2026-09-16
FC000780,D137,carbs_g_100g,3.7,https://i.fnri.dost.gov.ph/fct/library/report/3416,2026-09-16
FC000780,D137,fat_g_100g,0.5,https://i.fnri.dost.gov.ph/fct/library/report/3416,2026-09-16
FC000780,D137,fiber_g_100g,2.3,https://i.fnri.dost.gov.ph/fct/library/report/3416,2026-09-16
FC000780,D137,sugar_g_100g,0.4,https://i.fnri.dost.gov.ph/fct/library/report/3416,2026-09-16
FC000780,D137,sodium_mg_100g,88,https://i.fnri.dost.gov.ph/fct/library/report/3416,2026-09-16
FC000780,D137,cholesterol_mg_100g,0,https://i.fnri.dost.gov.ph/fct/library/report/3416,2026-09-16
FC000781,D138,kcal_100g,28,https://i.fnri.dost.gov.ph/fct/library/report/3417,2026-09-16
FC000781,D138,protein_g_100g,1.4,https://i.fnri.dost.gov.ph/fct/library/report/3417,2026-09-16
FC000781,D138,carbs_g_100g,4.9,https://i.fnri.dost.gov.ph/fct/library/report/3417,2026-09-16
FC000781,D138,fat_g_100g,0.3,https://i.fnri.dost.gov.ph/fct/library/report/3417,2026-09-16
FC000781,D138,fiber_g_100g,1.9,https://i.fnri.dost.gov.ph/fct/library/report/3417,2026-09-16
FC000781,D138,sugar_g_100g,0.3,https://i.fnri.dost.gov.ph/fct/library/report/3417,2026-09-16
FC000781,D138,sodium_mg_100g,146,https://i.fnri.dost.gov.ph/fct/library/report/3417,2026-09-16
FC000781,D138,cholesterol_mg_100g,0,https://i.fnri.dost.gov.ph/fct/library/report/3417,2026-09-16
FC000782,D145,kcal_100g,37,https://i.fnri.dost.gov.ph/fct/library/report/3424,2026-09-16
FC000782,D145,protein_g_100g,1.7,https://i.fnri.dost.gov.ph/fct/library/report/3424,2026-09-16
FC000782,D145,carbs_g_100g,5.4,https://i.fnri.dost.gov.ph/fct/library/report/3424,2026-09-16
FC000782,D145,fat_g_100g,1.0,https://i.fnri.dost.gov.ph/fct/library/report/3424,2026-09-16
FC000782,D145,fiber_g_100g,2.1,https://i.fnri.dost.gov.ph/fct/library/report/3424,2026-09-16
FC000782,D145,sugar_g_100g,2.0,https://i.fnri.dost.gov.ph/fct/library/report/3424,2026-09-16
FC000782,D145,sodium_mg_100g,3,https://i.fnri.dost.gov.ph/fct/library/report/3424,2026-09-16
FC000782,D145,cholesterol_mg_100g,0,https://i.fnri.dost.gov.ph/fct/library/report/3424,2026-09-16
FC000783,D159,kcal_100g,58,https://i.fnri.dost.gov.ph/fct/library/report/3438,2026-09-16
FC000783,D159,protein_g_100g,4.0,https://i.fnri.dost.gov.ph/fct/library/report/3438,2026-09-16
FC000783,D159,carbs_g_100g,8.4,https://i.fnri.dost.gov.ph/fct/library/report/3438,2026-09-16
FC000783,D159,fat_g_100g,0.9,https://i.fnri.dost.gov.ph/fct/library/report/3438,2026-09-16
FC000783,D159,fiber_g_100g,4.2,https://i.fnri.dost.gov.ph/fct/library/report/3438,2026-09-16
FC000783,D159,sugar_g_100g,1.1,https://i.fnri.dost.gov.ph/fct/library/report/3438,2026-09-16
FC000783,D159,sodium_mg_100g,72,https://i.fnri.dost.gov.ph/fct/library/report/3438,2026-09-16
FC000783,D159,cholesterol_mg_100g,0,https://i.fnri.dost.gov.ph/fct/library/report/3438,2026-09-16
FC000784,D165,kcal_100g,60,https://i.fnri.dost.gov.ph/fct/library/report/3444,2026-09-16
FC000784,D165,protein_g_100g,5.8,https://i.fnri.dost.gov.ph/fct/library/report/3444,2026-09-16
FC000784,D165,carbs_g_100g,6.4,https://i.fnri.dost.gov.ph/fct/library/report/3444,2026-09-16
FC000784,D165,fat_g_100g,1.2,https://i.fnri.dost.gov.ph/fct/library/report/3444,2026-09-16
FC000784,D165,fiber_g_100g,-,https://i.fnri.dost.gov.ph/fct/library/report/3444,2026-09-16
FC000784,D165,sugar_g_100g,-,https://i.fnri.dost.gov.ph/fct/library/report/3444,2026-09-16
FC000784,D165,sodium_mg_100g,5,https://i.fnri.dost.gov.ph/fct/library/report/3444,2026-09-16
FC000784,D165,cholesterol_mg_100g,0,https://i.fnri.dost.gov.ph/fct/library/report/3444,2026-09-16
FC000785,D170,kcal_100g,28,https://i.fnri.dost.gov.ph/fct/library/report/3449,2026-09-16
FC000785,D170,protein_g_100g,0.9,https://i.fnri.dost.gov.ph/fct/library/report/3449,2026-09-16
FC000785,D170,carbs_g_100g,5.6,https://i.fnri.dost.gov.ph/fct/library/report/3449,2026-09-16
FC000785,D170,fat_g_100g,0.2,https://i.fnri.dost.gov.ph/fct/library/report/3449,2026-09-16
FC000785,D170,fiber_g_100g,2.0,https://i.fnri.dost.gov.ph/fct/library/report/3449,2026-09-16
FC000785,D170,sugar_g_100g,2.8,https://i.fnri.dost.gov.ph/fct/library/report/3449,2026-09-16
FC000785,D170,sodium_mg_100g,8,https://i.fnri.dost.gov.ph/fct/library/report/3449,2026-09-16
FC000785,D170,cholesterol_mg_100g,0,https://i.fnri.dost.gov.ph/fct/library/report/3449,2026-09-16
FC000786,D172,kcal_100g,36,https://i.fnri.dost.gov.ph/fct/library/report/3451,2026-09-16
FC000786,D172,protein_g_100g,0.5,https://i.fnri.dost.gov.ph/fct/library/report/3451,2026-09-16
FC000786,D172,carbs_g_100g,7.8,https://i.fnri.dost.gov.ph/fct/library/report/3451,2026-09-16
FC000786,D172,fat_g_100g,0.3,https://i.fnri.dost.gov.ph/fct/library/report/3451,2026-09-16
FC000786,D172,fiber_g_100g,2.5,https://i.fnri.dost.gov.ph/fct/library/report/3451,2026-09-16
FC000786,D172,sugar_g_100g,4.9,https://i.fnri.dost.gov.ph/fct/library/report/3451,2026-09-16
FC000786,D172,sodium_mg_100g,4,https://i.fnri.dost.gov.ph/fct/library/report/3451,2026-09-16
FC000786,D172,cholesterol_mg_100g,0,https://i.fnri.dost.gov.ph/fct/library/report/3451,2026-09-16
FC000787,D173,kcal_100g,29,https://i.fnri.dost.gov.ph/fct/library/report/3452,2026-09-16
FC000787,D173,protein_g_100g,2.7,https://i.fnri.dost.gov.ph/fct/library/report/3452,2026-09-16
FC000787,D173,carbs_g_100g,3.5,https://i.fnri.dost.gov.ph/fct/library/report/3452,2026-09-16
FC000787,D173,fat_g_100g,0.5,https://i.fnri.dost.gov.ph/fct/library/report/3452,2026-09-16
FC000787,D173,fiber_g_100g,2.4,https://i.fnri.dost.gov.ph/fct/library/report/3452,2026-09-16
FC000787,D173,sugar_g_100g,0.7,https://i.fnri.dost.gov.ph/fct/library/report/3452,2026-09-16
FC000787,D173,sodium_mg_100g,16,https://i.fnri.dost.gov.ph/fct/library/report/3452,2026-09-16
FC000787,D173,cholesterol_mg_100g,0,https://i.fnri.dost.gov.ph/fct/library/report/3452,2026-09-16
FC000788,D174,kcal_100g,23,https://i.fnri.dost.gov.ph/fct/library/report/3453,2026-09-16
FC000788,D174,protein_g_100g,0.8,https://i.fnri.dost.gov.ph/fct/library/report/3453,2026-09-16
FC000788,D174,carbs_g_100g,4.6,https://i.fnri.dost.gov.ph/fct/library/report/3453,2026-09-16
FC000788,D174,fat_g_100g,0.2,https://i.fnri.dost.gov.ph/fct/library/report/3453,2026-09-16
FC000788,D174,fiber_g_100g,1.8,https://i.fnri.dost.gov.ph/fct/library/report/3453,2026-09-16
FC000788,D174,sugar_g_100g,0.5,https://i.fnri.dost.gov.ph/fct/library/report/3453,2026-09-16
FC000788,D174,sodium_mg_100g,12,https://i.fnri.dost.gov.ph/fct/library/report/3453,2026-09-16
FC000788,D174,cholesterol_mg_100g,0,https://i.fnri.dost.gov.ph/fct/library/report/3453,2026-09-16
FC000789,D175,kcal_100g,149,https://i.fnri.dost.gov.ph/fct/library/report/3454,2026-09-16
FC000789,D175,protein_g_100g,8.2,https://i.fnri.dost.gov.ph/fct/library/report/3454,2026-09-16
FC000789,D175,carbs_g_100g,27.4,https://i.fnri.dost.gov.ph/fct/library/report/3454,2026-09-16
FC000789,D175,fat_g_100g,0.7,https://i.fnri.dost.gov.ph/fct/library/report/3454,2026-09-16
FC000789,D175,fiber_g_100g,9.0,https://i.fnri.dost.gov.ph/fct/library/report/3454,2026-09-16
FC000789,D175,sugar_g_100g,13.8,https://i.fnri.dost.gov.ph/fct/library/report/3454,2026-09-16
FC000789,D175,sodium_mg_100g,5,https://i.fnri.dost.gov.ph/fct/library/report/3454,2026-09-16
FC000789,D175,cholesterol_mg_100g,0,https://i.fnri.dost.gov.ph/fct/library/report/3454,2026-09-16
FC000790,D176,kcal_100g,84,https://i.fnri.dost.gov.ph/fct/library/report/3455,2026-09-16
FC000790,D176,protein_g_100g,5.6,https://i.fnri.dost.gov.ph/fct/library/report/3455,2026-09-16
FC000790,D176,carbs_g_100g,14.7,https://i.fnri.dost.gov.ph/fct/library/report/3455,2026-09-16
FC000790,D176,fat_g_100g,0.3,https://i.fnri.dost.gov.ph/fct/library/report/3455,2026-09-16
FC000790,D176,fiber_g_100g,5.5,https://i.fnri.dost.gov.ph/fct/library/report/3455,2026-09-16
FC000790,D176,sugar_g_100g,7.8,https://i.fnri.dost.gov.ph/fct/library/report/3455,2026-09-16
FC000790,D176,sodium_mg_100g,8,https://i.fnri.dost.gov.ph/fct/library/report/3455,2026-09-16
FC000790,D176,cholesterol_mg_100g,0,https://i.fnri.dost.gov.ph/fct/library/report/3455,2026-09-16
FC000791,D177,kcal_100g,143,https://i.fnri.dost.gov.ph/fct/library/report/3456,2026-09-16
FC000791,D177,protein_g_100g,8.2,https://i.fnri.dost.gov.ph/fct/library/report/3456,2026-09-16
FC000791,D177,carbs_g_100g,26.0,https://i.fnri.dost.gov.ph/fct/library/report/3456,2026-09-16
FC000791,D177,fat_g_100g,0.7,https://i.fnri.dost.gov.ph/fct/library/report/3456,2026-09-16
FC000791,D177,fiber_g_100g,6.3,https://i.fnri.dost.gov.ph/fct/library/report/3456,2026-09-16
FC000791,D177,sugar_g_100g,13.5,https://i.fnri.dost.gov.ph/fct/library/report/3456,2026-09-16
FC000791,D177,sodium_mg_100g,7,https://i.fnri.dost.gov.ph/fct/library/report/3456,2026-09-16
FC000791,D177,cholesterol_mg_100g,0,https://i.fnri.dost.gov.ph/fct/library/report/3456,2026-09-16
FC000792,D180,kcal_100g,31,https://i.fnri.dost.gov.ph/fct/library/report/3459,2026-09-16
FC000792,D180,protein_g_100g,2.3,https://i.fnri.dost.gov.ph/fct/library/report/3459,2026-09-16
FC000792,D180,carbs_g_100g,4.5,https://i.fnri.dost.gov.ph/fct/library/report/3459,2026-09-16
FC000792,D180,fat_g_100g,0.4,https://i.fnri.dost.gov.ph/fct/library/report/3459,2026-09-16
FC000792,D180,fiber_g_100g,3.2,https://i.fnri.dost.gov.ph/fct/library/report/3459,2026-09-16
FC000792,D180,sugar_g_100g,-,https://i.fnri.dost.gov.ph/fct/library/report/3459,2026-09-16
FC000792,D180,sodium_mg_100g,262,https://i.fnri.dost.gov.ph/fct/library/report/3459,2026-09-16
FC000792,D180,cholesterol_mg_100g,0,https://i.fnri.dost.gov.ph/fct/library/report/3459,2026-09-16
FC000793,D181,kcal_100g,26,https://i.fnri.dost.gov.ph/fct/library/report/3460,2026-09-16
FC000793,D181,protein_g_100g,1.3,https://i.fnri.dost.gov.ph/fct/library/report/3460,2026-09-16
FC000793,D181,carbs_g_100g,4.6,https://i.fnri.dost.gov.ph/fct/library/report/3460,2026-09-16
FC000793,D181,fat_g_100g,0.3,https://i.fnri.dost.gov.ph/fct/library/report/3460,2026-09-16
FC000793,D181,fiber_g_100g,2.5,https://i.fnri.dost.gov.ph/fct/library/report/3460,2026-09-16
FC000793,D181,sugar_g_100g,-,https://i.fnri.dost.gov.ph/fct/library/report/3460,2026-09-16
FC000793,D181,sodium_mg_100g,205,https://i.fnri.dost.gov.ph/fct/library/report/3460,2026-09-16
FC000793,D181,cholesterol_mg_100g,0,https://i.fnri.dost.gov.ph/fct/library/report/3460,2026-09-16
FC000794,D185,kcal_100g,33,https://i.fnri.dost.gov.ph/fct/library/report/3464,2026-09-16
FC000794,D185,protein_g_100g,1.7,https://i.fnri.dost.gov.ph/fct/library/report/3464,2026-09-16
FC000794,D185,carbs_g_100g,6.2,https://i.fnri.dost.gov.ph/fct/library/report/3464,2026-09-16
FC000794,D185,fat_g_100g,0.1,https://i.fnri.dost.gov.ph/fct/library/report/3464,2026-09-16
FC000794,D185,fiber_g_100g,2.1,https://i.fnri.dost.gov.ph/fct/library/report/3464,2026-09-16
FC000794,D185,sugar_g_100g,3.7,https://i.fnri.dost.gov.ph/fct/library/report/3464,2026-09-16
FC000794,D185,sodium_mg_100g,8,https://i.fnri.dost.gov.ph/fct/library/report/3464,2026-09-16
FC000794,D185,cholesterol_mg_100g,0,https://i.fnri.dost.gov.ph/fct/library/report/3464,2026-09-16
FC000795,D193,kcal_100g,252,https://i.fnri.dost.gov.ph/fct/library/report/3472,2026-09-16
FC000795,D193,protein_g_100g,23.7,https://i.fnri.dost.gov.ph/fct/library/report/3472,2026-09-16
FC000795,D193,carbs_g_100g,36.7,https://i.fnri.dost.gov.ph/fct/library/report/3472,2026-09-16
FC000795,D193,fat_g_100g,1.2,https://i.fnri.dost.gov.ph/fct/library/report/3472,2026-09-16
FC000795,D193,fiber_g_100g,1.4,https://i.fnri.dost.gov.ph/fct/library/report/3472,2026-09-16
FC000795,D193,sugar_g_100g,2.3,https://i.fnri.dost.gov.ph/fct/library/report/3472,2026-09-16
FC000795,D193,sodium_mg_100g,222,https://i.fnri.dost.gov.ph/fct/library/report/3472,2026-09-16
FC000795,D193,cholesterol_mg_100g,0,https://i.fnri.dost.gov.ph/fct/library/report/3472,2026-09-16
FC000796,D198,kcal_100g,14,https://i.fnri.dost.gov.ph/fct/library/report/3477,2026-09-16
FC000796,D198,protein_g_100g,1.2,https://i.fnri.dost.gov.ph/fct/library/report/3477,2026-09-16
FC000796,D198,carbs_g_100g,1.8,https://i.fnri.dost.gov.ph/fct/library/report/3477,2026-09-16
FC000796,D198,fat_g_100g,0.2,https://i.fnri.dost.gov.ph/fct/library/report/3477,2026-09-16
FC000796,D198,fiber_g_100g,-,https://i.fnri.dost.gov.ph/fct/library/report/3477,2026-09-16
FC000796,D198,sugar_g_100g,-,https://i.fnri.dost.gov.ph/fct/library/report/3477,2026-09-16
FC000796,D198,sodium_mg_100g,-,https://i.fnri.dost.gov.ph/fct/library/report/3477,2026-09-16
FC000796,D198,cholesterol_mg_100g,0,https://i.fnri.dost.gov.ph/fct/library/report/3477,2026-09-16
FC000797,D199,kcal_100g,31,https://i.fnri.dost.gov.ph/fct/library/report/3478,2026-09-16
FC000797,D199,protein_g_100g,1.0,https://i.fnri.dost.gov.ph/fct/library/report/3478,2026-09-16
FC000797,D199,carbs_g_100g,6.1,https://i.fnri.dost.gov.ph/fct/library/report/3478,2026-09-16
FC000797,D199,fat_g_100g,0.3,https://i.fnri.dost.gov.ph/fct/library/report/3478,2026-09-16
FC000797,D199,fiber_g_100g,2.1,https://i.fnri.dost.gov.ph/fct/library/report/3478,2026-09-16
FC000797,D199,sugar_g_100g,-,https://i.fnri.dost.gov.ph/fct/library/report/3478,2026-09-16
FC000797,D199,sodium_mg_100g,24,https://i.fnri.dost.gov.ph/fct/library/report/3478,2026-09-16
FC000797,D199,cholesterol_mg_100g,0,https://i.fnri.dost.gov.ph/fct/library/report/3478,2026-09-16
FC000798,D200,kcal_100g,28,https://i.fnri.dost.gov.ph/fct/library/report/3479,2026-09-16
FC000798,D200,protein_g_100g,1.0,https://i.fnri.dost.gov.ph/fct/library/report/3479,2026-09-16
FC000798,D200,carbs_g_100g,5.4,https://i.fnri.dost.gov.ph/fct/library/report/3479,2026-09-16
FC000798,D200,fat_g_100g,0.3,https://i.fnri.dost.gov.ph/fct/library/report/3479,2026-09-16
FC000798,D200,fiber_g_100g,1.9,https://i.fnri.dost.gov.ph/fct/library/report/3479,2026-09-16
FC000798,D200,sugar_g_100g,-,https://i.fnri.dost.gov.ph/fct/library/report/3479,2026-09-16
FC000798,D200,sodium_mg_100g,22,https://i.fnri.dost.gov.ph/fct/library/report/3479,2026-09-16
FC000798,D200,cholesterol_mg_100g,0,https://i.fnri.dost.gov.ph/fct/library/report/3479,2026-09-16
FC000799,D203,kcal_100g,59,https://i.fnri.dost.gov.ph/fct/library/report/3482,2026-09-16
FC000799,D203,protein_g_100g,4.5,https://i.fnri.dost.gov.ph/fct/library/report/3482,2026-09-16
FC000799,D203,carbs_g_100g,7.8,https://i.fnri.dost.gov.ph/fct/library/report/3482,2026-09-16
FC000799,D203,fat_g_100g,1.1,https://i.fnri.dost.gov.ph/fct/library/report/3482,2026-09-16
FC000799,D203,fiber_g_100g,5.1,https://i.fnri.dost.gov.ph/fct/library/report/3482,2026-09-16
FC000799,D203,sugar_g_100g,2.1,https://i.fnri.dost.gov.ph/fct/library/report/3482,2026-09-16
FC000799,D203,sodium_mg_100g,12,https://i.fnri.dost.gov.ph/fct/library/report/3482,2026-09-16
FC000799,D203,cholesterol_mg_100g,0,https://i.fnri.dost.gov.ph/fct/library/report/3482,2026-09-16
FC000800,D204,kcal_100g,34,https://i.fnri.dost.gov.ph/fct/library/report/3483,2026-09-16
FC000800,D204,protein_g_100g,3.3,https://i.fnri.dost.gov.ph/fct/library/report/3483,2026-09-16
FC000800,D204,carbs_g_100g,4.4,https://i.fnri.dost.gov.ph/fct/library/report/3483,2026-09-16
FC000800,D204,fat_g_100g,0.4,https://i.fnri.dost.gov.ph/fct/library/report/3483,2026-09-16
FC000800,D204,fiber_g_100g,3.2,https://i.fnri.dost.gov.ph/fct/library/report/3483,2026-09-16
FC000800,D204,sugar_g_100g,0.2,https://i.fnri.dost.gov.ph/fct/library/report/3483,2026-09-16
FC000800,D204,sodium_mg_100g,8,https://i.fnri.dost.gov.ph/fct/library/report/3483,2026-09-16
FC000800,D204,cholesterol_mg_100g,0,https://i.fnri.dost.gov.ph/fct/library/report/3483,2026-09-16
FC000801,D205,kcal_100g,18,https://i.fnri.dost.gov.ph/fct/library/report/3484,2026-09-16
FC000801,D205,protein_g_100g,0.6,https://i.fnri.dost.gov.ph/fct/library/report/3484,2026-09-16
FC000801,D205,carbs_g_100g,4.0,https://i.fnri.dost.gov.ph/fct/library/report/3484,2026-09-16
FC000801,D205,fat_g_100g,0.0,https://i.fnri.dost.gov.ph/fct/library/report/3484,2026-09-16
FC000801,D205,fiber_g_100g,0.3,https://i.fnri.dost.gov.ph/fct/library/report/3484,2026-09-16
FC000801,D205,sugar_g_100g,2.6,https://i.fnri.dost.gov.ph/fct/library/report/3484,2026-09-16
FC000801,D205,sodium_mg_100g,7,https://i.fnri.dost.gov.ph/fct/library/report/3484,2026-09-16
FC000801,D205,cholesterol_mg_100g,0,https://i.fnri.dost.gov.ph/fct/library/report/3484,2026-09-16
FC000802,D208,kcal_100g,31,https://i.fnri.dost.gov.ph/fct/library/report/3487,2026-09-16
FC000802,D208,protein_g_100g,1.9,https://i.fnri.dost.gov.ph/fct/library/report/3487,2026-09-16
FC000802,D208,carbs_g_100g,5.3,https://i.fnri.dost.gov.ph/fct/library/report/3487,2026-09-16
FC000802,D208,fat_g_100g,0.2,https://i.fnri.dost.gov.ph/fct/library/report/3487,2026-09-16
FC000802,D208,fiber_g_100g,2.2,https://i.fnri.dost.gov.ph/fct/library/report/3487,2026-09-16
FC000802,D208,sugar_g_100g,2.7,https://i.fnri.dost.gov.ph/fct/library/report/3487,2026-09-16
FC000802,D208,sodium_mg_100g,2,https://i.fnri.dost.gov.ph/fct/library/report/3487,2026-09-16
FC000802,D208,cholesterol_mg_100g,0,https://i.fnri.dost.gov.ph/fct/library/report/3487,2026-09-16
FC000803,D213,kcal_100g,151,https://i.fnri.dost.gov.ph/fct/library/report/3492,2026-09-16
FC000803,D213,protein_g_100g,13.1,https://i.fnri.dost.gov.ph/fct/library/report/3492,2026-09-16
FC000803,D213,carbs_g_100g,10.9,https://i.fnri.dost.gov.ph/fct/library/report/3492,2026-09-16
FC000803,D213,fat_g_100g,6.1,https://i.fnri.dost.gov.ph/fct/library/report/3492,2026-09-16
FC000803,D213,fiber_g_100g,4.1,https://i.fnri.dost.gov.ph/fct/library/report/3492,2026-09-16
FC000803,D213,sugar_g_100g,2.5,https://i.fnri.dost.gov.ph/fct/library/report/3492,2026-09-16
FC000803,D213,sodium_mg_100g,15,https://i.fnri.dost.gov.ph/fct/library/report/3492,2026-09-16
FC000803,D213,cholesterol_mg_100g,0,https://i.fnri.dost.gov.ph/fct/library/report/3492,2026-09-16
FC000804,D214,kcal_100g,144,https://i.fnri.dost.gov.ph/fct/library/report/3493,2026-09-16
FC000804,D214,protein_g_100g,12.4,https://i.fnri.dost.gov.ph/fct/library/report/3493,2026-09-16
FC000804,D214,carbs_g_100g,9.3,https://i.fnri.dost.gov.ph/fct/library/report/3493,2026-09-16
FC000804,D214,fat_g_100g,6.4,https://i.fnri.dost.gov.ph/fct/library/report/3493,2026-09-16
FC000804,D214,fiber_g_100g,4.0,https://i.fnri.dost.gov.ph/fct/library/report/3493,2026-09-16
FC000804,D214,sugar_g_100g,2.4,https://i.fnri.dost.gov.ph/fct/library/report/3493,2026-09-16
FC000804,D214,sodium_mg_100g,13,https://i.fnri.dost.gov.ph/fct/library/report/3493,2026-09-16
FC000804,D214,cholesterol_mg_100g,0,https://i.fnri.dost.gov.ph/fct/library/report/3493,2026-09-16
FC000805,D221,kcal_100g,37,https://i.fnri.dost.gov.ph/fct/library/report/3500,2026-09-16
FC000805,D221,protein_g_100g,4.0,https://i.fnri.dost.gov.ph/fct/library/report/3500,2026-09-16
FC000805,D221,carbs_g_100g,3.9,https://i.fnri.dost.gov.ph/fct/library/report/3500,2026-09-16
FC000805,D221,fat_g_100g,0.6,https://i.fnri.dost.gov.ph/fct/library/report/3500,2026-09-16
FC000805,D221,fiber_g_100g,-,https://i.fnri.dost.gov.ph/fct/library/report/3500,2026-09-16
FC000805,D221,sugar_g_100g,-,https://i.fnri.dost.gov.ph/fct/library/report/3500,2026-09-16
FC000805,D221,sodium_mg_100g,16,https://i.fnri.dost.gov.ph/fct/library/report/3500,2026-09-16
FC000805,D221,cholesterol_mg_100g,0,https://i.fnri.dost.gov.ph/fct/library/report/3500,2026-09-16
FC000806,D229,kcal_100g,21,https://i.fnri.dost.gov.ph/fct/library/report/3508,2026-09-16
FC000806,D229,protein_g_100g,0.6,https://i.fnri.dost.gov.ph/fct/library/report/3508,2026-09-16
FC000806,D229,carbs_g_100g,4.3,https://i.fnri.dost.gov.ph/fct/library/report/3508,2026-09-16
FC000806,D229,fat_g_100g,0.2,https://i.fnri.dost.gov.ph/fct/library/report/3508,2026-09-16
FC000806,D229,fiber_g_100g,0.8,https://i.fnri.dost.gov.ph/fct/library/report/3508,2026-09-16
FC000806,D229,sugar_g_100g,3.0,https://i.fnri.dost.gov.ph/fct/library/report/3508,2026-09-16
FC000806,D229,sodium_mg_100g,5,https://i.fnri.dost.gov.ph/fct/library/report/3508,2026-09-16
FC000806,D229,cholesterol_mg_100g,0,https://i.fnri.dost.gov.ph/fct/library/report/3508,2026-09-16
FC000807,D230,kcal_100g,44,https://i.fnri.dost.gov.ph/fct/library/report/3509,2026-09-16
FC000807,D230,protein_g_100g,4.2,https://i.fnri.dost.gov.ph/fct/library/report/3509,2026-09-16
FC000807,D230,carbs_g_100g,6.0,https://i.fnri.dost.gov.ph/fct/library/report/3509,2026-09-16
FC000807,D230,fat_g_100g,0.4,https://i.fnri.dost.gov.ph/fct/library/report/3509,2026-09-16
FC000807,D230,fiber_g_100g,2.3,https://i.fnri.dost.gov.ph/fct/library/report/3509,2026-09-16
FC000807,D230,sugar_g_100g,3.0,https://i.fnri.dost.gov.ph/fct/library/report/3509,2026-09-16
FC000807,D230,sodium_mg_100g,39,https://i.fnri.dost.gov.ph/fct/library/report/3509,2026-09-16
FC000807,D230,cholesterol_mg_100g,0,https://i.fnri.dost.gov.ph/fct/library/report/3509,2026-09-16
FC000808,D238,kcal_100g,119,https://i.fnri.dost.gov.ph/fct/library/report/3517,2026-09-16
FC000808,D238,protein_g_100g,9.2,https://i.fnri.dost.gov.ph/fct/library/report/3517,2026-09-16
FC000808,D238,carbs_g_100g,18.8,https://i.fnri.dost.gov.ph/fct/library/report/3517,2026-09-16
FC000808,D238,fat_g_100g,0.8,https://i.fnri.dost.gov.ph/fct/library/report/3517,2026-09-16
FC000808,D238,fiber_g_100g,3.6,https://i.fnri.dost.gov.ph/fct/library/report/3517,2026-09-16
FC000808,D238,sugar_g_100g,3.9,https://i.fnri.dost.gov.ph/fct/library/report/3517,2026-09-16
FC000808,D238,sodium_mg_100g,6,https://i.fnri.dost.gov.ph/fct/library/report/3517,2026-09-16
FC000808,D238,cholesterol_mg_100g,0,https://i.fnri.dost.gov.ph/fct/library/report/3517,2026-09-16
FC000809,D259,kcal_100g,64,https://i.fnri.dost.gov.ph/fct/library/report/3538,2026-09-16
FC000809,D259,protein_g_100g,2.3,https://i.fnri.dost.gov.ph/fct/library/report/3538,2026-09-16
FC000809,D259,carbs_g_100g,12.9,https://i.fnri.dost.gov.ph/fct/library/report/3538,2026-09-16
FC000809,D259,fat_g_100g,0.4,https://i.fnri.dost.gov.ph/fct/library/report/3538,2026-09-16
FC000809,D259,fiber_g_100g,0.8,https://i.fnri.dost.gov.ph/fct/library/report/3538,2026-09-16
FC000809,D259,sugar_g_100g,9.3,https://i.fnri.dost.gov.ph/fct/library/report/3538,2026-09-16
FC000809,D259,sodium_mg_100g,28,https://i.fnri.dost.gov.ph/fct/library/report/3538,2026-09-16
FC000809,D259,cholesterol_mg_100g,0,https://i.fnri.dost.gov.ph/fct/library/report/3538,2026-09-16
FC000810,D264,kcal_100g,176,https://i.fnri.dost.gov.ph/fct/library/report/3543,2026-09-16
FC000810,D264,protein_g_100g,2.3,https://i.fnri.dost.gov.ph/fct/library/report/3543,2026-09-16
FC000810,D264,carbs_g_100g,40.3,https://i.fnri.dost.gov.ph/fct/library/report/3543,2026-09-16
FC000810,D264,fat_g_100g,0.7,https://i.fnri.dost.gov.ph/fct/library/report/3543,2026-09-16
FC000810,D264,fiber_g_100g,5.0,https://i.fnri.dost.gov.ph/fct/library/report/3543,2026-09-16
FC000810,D264,sugar_g_100g,8.0,https://i.fnri.dost.gov.ph/fct/library/report/3543,2026-09-16
FC000810,D264,sodium_mg_100g,84,https://i.fnri.dost.gov.ph/fct/library/report/3543,2026-09-16
FC000810,D264,cholesterol_mg_100g,0,https://i.fnri.dost.gov.ph/fct/library/report/3543,2026-09-16
FC000811,D265,kcal_100g,246,https://i.fnri.dost.gov.ph/fct/library/report/3544,2026-09-16
FC000811,D265,protein_g_100g,2.7,https://i.fnri.dost.gov.ph/fct/library/report/3544,2026-09-16
FC000811,D265,carbs_g_100g,58.6,https://i.fnri.dost.gov.ph/fct/library/report/3544,2026-09-16
FC000811,D265,fat_g_100g,0.1,https://i.fnri.dost.gov.ph/fct/library/report/3544,2026-09-16
FC000811,D265,fiber_g_100g,-,https://i.fnri.dost.gov.ph/fct/library/report/3544,2026-09-16
FC000811,D265,sugar_g_100g,-,https://i.fnri.dost.gov.ph/fct/library/report/3544,2026-09-16
FC000811,D265,sodium_mg_100g,-,https://i.fnri.dost.gov.ph/fct/library/report/3544,2026-09-16
FC000811,D265,cholesterol_mg_100g,0,https://i.fnri.dost.gov.ph/fct/library/report/3544,2026-09-16
FC000812,D268,kcal_100g,26,https://i.fnri.dost.gov.ph/fct/library/report/3547,2026-09-16
FC000812,D268,protein_g_100g,1.0,https://i.fnri.dost.gov.ph/fct/library/report/3547,2026-09-16
FC000812,D268,carbs_g_100g,4.8,https://i.fnri.dost.gov.ph/fct/library/report/3547,2026-09-16
FC000812,D268,fat_g_100g,0.3,https://i.fnri.dost.gov.ph/fct/library/report/3547,2026-09-16
FC000812,D268,fiber_g_100g,0.7,https://i.fnri.dost.gov.ph/fct/library/report/3547,2026-09-16
FC000812,D268,sugar_g_100g,0.3,https://i.fnri.dost.gov.ph/fct/library/report/3547,2026-09-16
FC000812,D268,sodium_mg_100g,55,https://i.fnri.dost.gov.ph/fct/library/report/3547,2026-09-16
FC000812,D268,cholesterol_mg_100g,0,https://i.fnri.dost.gov.ph/fct/library/report/3547,2026-09-16
FC000813,D269,kcal_100g,20,https://i.fnri.dost.gov.ph/fct/library/report/3548,2026-09-16
FC000813,D269,protein_g_100g,0.4,https://i.fnri.dost.gov.ph/fct/library/report/3548,2026-09-16
FC000813,D269,carbs_g_100g,3.8,https://i.fnri.dost.gov.ph/fct/library/report/3548,2026-09-16
FC000813,D269,fat_g_100g,0.3,https://i.fnri.dost.gov.ph/fct/library/report/3548,2026-09-16
FC000813,D269,fiber_g_100g,3.6,https://i.fnri.dost.gov.ph/fct/library/report/3548,2026-09-16
FC000813,D269,sugar_g_100g,-,https://i.fnri.dost.gov.ph/fct/library/report/3548,2026-09-16
FC000813,D269,sodium_mg_100g,6,https://i.fnri.dost.gov.ph/fct/library/report/3548,2026-09-16
FC000813,D269,cholesterol_mg_100g,0,https://i.fnri.dost.gov.ph/fct/library/report/3548,2026-09-16
FC000814,D270,kcal_100g,13,https://i.fnri.dost.gov.ph/fct/library/report/3549,2026-09-16
FC000814,D270,protein_g_100g,0.1,https://i.fnri.dost.gov.ph/fct/library/report/3549,2026-09-16
FC000814,D270,carbs_g_100g,3.0,https://i.fnri.dost.gov.ph/fct/library/report/3549,2026-09-16
FC000814,D270,fat_g_100g,0.1,https://i.fnri.dost.gov.ph/fct/library/report/3549,2026-09-16
FC000814,D270,fiber_g_100g,0.9,https://i.fnri.dost.gov.ph/fct/library/report/3549,2026-09-16
FC000814,D270,sugar_g_100g,1.0,https://i.fnri.dost.gov.ph/fct/library/report/3549,2026-09-16
FC000814,D270,sodium_mg_100g,4,https://i.fnri.dost.gov.ph/fct/library/report/3549,2026-09-16
FC000814,D270,cholesterol_mg_100g,0,https://i.fnri.dost.gov.ph/fct/library/report/3549,2026-09-16
FC000815,D274,kcal_100g,30,https://i.fnri.dost.gov.ph/fct/library/report/3553,2026-09-16
FC000815,D274,protein_g_100g,1.6,https://i.fnri.dost.gov.ph/fct/library/report/3553,2026-09-16
FC000815,D274,carbs_g_100g,5.1,https://i.fnri.dost.gov.ph/fct/library/report/3553,2026-09-16
FC000815,D274,fat_g_100g,0.4,https://i.fnri.dost.gov.ph/fct/library/report/3553,2026-09-16
FC000815,D274,fiber_g_100g,2.2,https://i.fnri.dost.gov.ph/fct/library/report/3553,2026-09-16
FC000815,D274,sugar_g_100g,1.4,https://i.fnri.dost.gov.ph/fct/library/report/3553,2026-09-16
FC000815,D274,sodium_mg_100g,386,https://i.fnri.dost.gov.ph/fct/library/report/3553,2026-09-16
FC000815,D274,cholesterol_mg_100g,0,https://i.fnri.dost.gov.ph/fct/library/report/3553,2026-09-16
FC000816,D275,kcal_100g,18,https://i.fnri.dost.gov.ph/fct/library/report/3554,2026-09-16
FC000816,D275,protein_g_100g,1.1,https://i.fnri.dost.gov.ph/fct/library/report/3554,2026-09-16
FC000816,D275,carbs_g_100g,2.6,https://i.fnri.dost.gov.ph/fct/library/report/3554,2026-09-16
FC000816,D275,fat_g_100g,0.4,https://i.fnri.dost.gov.ph/fct/library/report/3554,2026-09-16
FC000816,D275,fiber_g_100g,1.1,https://i.fnri.dost.gov.ph/fct/library/report/3554,2026-09-16
FC000816,D275,sugar_g_100g,1.5,https://i.fnri.dost.gov.ph/fct/library/report/3554,2026-09-16
FC000816,D275,sodium_mg_100g,6,https://i.fnri.dost.gov.ph/fct/library/report/3554,2026-09-16
FC000816,D275,cholesterol_mg_100g,0,https://i.fnri.dost.gov.ph/fct/library/report/3554,2026-09-16
FC000817,D276,kcal_100g,357,https://i.fnri.dost.gov.ph/fct/library/report/3555,2026-09-16
FC000817,D276,protein_g_100g,17.1,https://i.fnri.dost.gov.ph/fct/library/report/3555,2026-09-16
FC000817,D276,carbs_g_100g,69.0,https://i.fnri.dost.gov.ph/fct/library/report/3555,2026-09-16
FC000817,D276,fat_g_100g,1.4,https://i.fnri.dost.gov.ph/fct/library/report/3555,2026-09-16
FC000817,D276,fiber_g_100g,25.9,https://i.fnri.dost.gov.ph/fct/library/report/3555,2026-09-16
FC000817,D276,sugar_g_100g,7.4,https://i.fnri.dost.gov.ph/fct/library/report/3555,2026-09-16
FC000817,D276,sodium_mg_100g,49,https://i.fnri.dost.gov.ph/fct/library/report/3555,2026-09-16
FC000817,D276,cholesterol_mg_100g,0,https://i.fnri.dost.gov.ph/fct/library/report/3555,2026-09-16
FC000818,D277,kcal_100g,325,https://i.fnri.dost.gov.ph/fct/library/report/3556,2026-09-16
FC000818,D277,protein_g_100g,8.4,https://i.fnri.dost.gov.ph/fct/library/report/3556,2026-09-16
FC000818,D277,carbs_g_100g,71.6,https://i.fnri.dost.gov.ph/fct/library/report/3556,2026-09-16
FC000818,D277,fat_g_100g,0.5,https://i.fnri.dost.gov.ph/fct/library/report/3556,2026-09-16
FC000818,D277,fiber_g_100g,29.5,https://i.fnri.dost.gov.ph/fct/library/report/3556,2026-09-16
FC000818,D277,sugar_g_100g,0.0,https://i.fnri.dost.gov.ph/fct/library/report/3556,2026-09-16
FC000818,D277,sodium_mg_100g,110,https://i.fnri.dost.gov.ph/fct/library/report/3556,2026-09-16
FC000818,D277,cholesterol_mg_100g,0,https://i.fnri.dost.gov.ph/fct/library/report/3556,2026-09-16
FC000819,D278,kcal_100g,37,https://i.fnri.dost.gov.ph/fct/library/report/3557,2026-09-16
FC000819,D278,protein_g_100g,2.9,https://i.fnri.dost.gov.ph/fct/library/report/3557,2026-09-16
FC000819,D278,carbs_g_100g,5.8,https://i.fnri.dost.gov.ph/fct/library/report/3557,2026-09-16
FC000819,D278,fat_g_100g,0.2,https://i.fnri.dost.gov.ph/fct/library/report/3557,2026-09-16
FC000819,D278,fiber_g_100g,3.9,https://i.fnri.dost.gov.ph/fct/library/report/3557,2026-09-16
FC000819,D278,sugar_g_100g,-,https://i.fnri.dost.gov.ph/fct/library/report/3557,2026-09-16
FC000819,D278,sodium_mg_100g,3959,https://i.fnri.dost.gov.ph/fct/library/report/3557,2026-09-16
FC000819,D278,cholesterol_mg_100g,0,https://i.fnri.dost.gov.ph/fct/library/report/3557,2026-09-16
FC000820,D280,kcal_100g,331,https://i.fnri.dost.gov.ph/fct/library/report/3559,2026-09-16
FC000820,D280,protein_g_100g,16.0,https://i.fnri.dost.gov.ph/fct/library/report/3559,2026-09-16
FC000820,D280,carbs_g_100g,64.6,https://i.fnri.dost.gov.ph/fct/library/report/3559,2026-09-16
FC000820,D280,fat_g_100g,0.9,https://i.fnri.dost.gov.ph/fct/library/report/3559,2026-09-16
FC000820,D280,fiber_g_100g,10.8,https://i.fnri.dost.gov.ph/fct/library/report/3559,2026-09-16
FC000820,D280,sugar_g_100g,2.1,https://i.fnri.dost.gov.ph/fct/library/report/3559,2026-09-16
FC000820,D280,sodium_mg_100g,12,https://i.fnri.dost.gov.ph/fct/library/report/3559,2026-09-16
FC000820,D280,cholesterol_mg_100g,0,https://i.fnri.dost.gov.ph/fct/library/report/3559,2026-09-16
FC000821,E018,kcal_100g,35,https://i.fnri.dost.gov.ph/fct/library/report/3600,2026-09-16
FC000821,E018,protein_g_100g,0.7,https://i.fnri.dost.gov.ph/fct/library/report/3600,2026-09-16
FC000821,E018,carbs_g_100g,6.3,https://i.fnri.dost.gov.ph/fct/library/report/3600,2026-09-16
FC000821,E018,fat_g_100g,0.8,https://i.fnri.dost.gov.ph/fct/library/report/3600,2026-09-16
FC000821,E018,fiber_g_100g,3.0,https://i.fnri.dost.gov.ph/fct/library/report/3600,2026-09-16
FC000821,E018,sugar_g_100g,2.6,https://i.fnri.dost.gov.ph/fct/library/report/3600,2026-09-16
FC000821,E018,sodium_mg_100g,1,https://i.fnri.dost.gov.ph/fct/library/report/3600,2026-09-16
FC000821,E018,cholesterol_mg_100g,0,https://i.fnri.dost.gov.ph/fct/library/report/3600,2026-09-16
FC000822,E019,kcal_100g,23,https://i.fnri.dost.gov.ph/fct/library/report/3601,2026-09-16
FC000822,E019,protein_g_100g,0.7,https://i.fnri.dost.gov.ph/fct/library/report/3601,2026-09-16
FC000822,E019,carbs_g_100g,4.5,https://i.fnri.dost.gov.ph/fct/library/report/3601,2026-09-16
FC000822,E019,fat_g_100g,0.2,https://i.fnri.dost.gov.ph/fct/library/report/3601,2026-09-16
FC000822,E019,fiber_g_100g,1.9,https://i.fnri.dost.gov.ph/fct/library/report/3601,2026-09-16
FC000822,E019,sugar_g_100g,2.6,https://i.fnri.dost.gov.ph/fct/library/report/3601,2026-09-16
FC000822,E019,sodium_mg_100g,4,https://i.fnri.dost.gov.ph/fct/library/report/3601,2026-09-16
FC000822,E019,cholesterol_mg_100g,0,https://i.fnri.dost.gov.ph/fct/library/report/3601,2026-09-16
FC000823,E020,kcal_100g,71,https://i.fnri.dost.gov.ph/fct/library/report/3602,2026-09-16
FC000823,E020,protein_g_100g,0.8,https://i.fnri.dost.gov.ph/fct/library/report/3602,2026-09-16
FC000823,E020,carbs_g_100g,16.0,https://i.fnri.dost.gov.ph/fct/library/report/3602,2026-09-16
FC000823,E020,fat_g_100g,0.4,https://i.fnri.dost.gov.ph/fct/library/report/3602,2026-09-16
FC000823,E020,fiber_g_100g,-,https://i.fnri.dost.gov.ph/fct/library/report/3602,2026-09-16
FC000823,E020,sugar_g_100g,-,https://i.fnri.dost.gov.ph/fct/library/report/3602,2026-09-16
FC000823,E020,sodium_mg_100g,7,https://i.fnri.dost.gov.ph/fct/library/report/3602,2026-09-16
FC000823,E020,cholesterol_mg_100g,0,https://i.fnri.dost.gov.ph/fct/library/report/3602,2026-09-16
FC000824,E024,kcal_100g,172,https://i.fnri.dost.gov.ph/fct/library/report/3606,2026-09-16
FC000824,E024,protein_g_100g,2.5,https://i.fnri.dost.gov.ph/fct/library/report/3606,2026-09-16
FC000824,E024,carbs_g_100g,39.1,https://i.fnri.dost.gov.ph/fct/library/report/3606,2026-09-16
FC000824,E024,fat_g_100g,0.6,https://i.fnri.dost.gov.ph/fct/library/report/3606,2026-09-16
FC000824,E024,fiber_g_100g,10.3,https://i.fnri.dost.gov.ph/fct/library/report/3606,2026-09-16
FC000824,E024,sugar_g_100g,26.5,https://i.fnri.dost.gov.ph/fct/library/report/3606,2026-09-16
FC000824,E024,sodium_mg_100g,10,https://i.fnri.dost.gov.ph/fct/library/report/3606,2026-09-16
FC000824,E024,cholesterol_mg_100g,0,https://i.fnri.dost.gov.ph/fct/library/report/3606,2026-09-16
FC000825,E025,kcal_100g,63,https://i.fnri.dost.gov.ph/fct/library/report/3607,2026-09-16
FC000825,E025,protein_g_100g,0.7,https://i.fnri.dost.gov.ph/fct/library/report/3607,2026-09-16
FC000825,E025,carbs_g_100g,13.8,https://i.fnri.dost.gov.ph/fct/library/report/3607,2026-09-16
FC000825,E025,fat_g_100g,0.6,https://i.fnri.dost.gov.ph/fct/library/report/3607,2026-09-16
FC000825,E025,fiber_g_100g,0.8,https://i.fnri.dost.gov.ph/fct/library/report/3607,2026-09-16
FC000825,E025,sugar_g_100g,7.5,https://i.fnri.dost.gov.ph/fct/library/report/3607,2026-09-16
FC000825,E025,sodium_mg_100g,3,https://i.fnri.dost.gov.ph/fct/library/report/3607,2026-09-16
FC000825,E025,cholesterol_mg_100g,0,https://i.fnri.dost.gov.ph/fct/library/report/3607,2026-09-16
FC000826,E028,kcal_100g,163,https://i.fnri.dost.gov.ph/fct/library/report/3610,2026-09-16
FC000826,E028,protein_g_100g,2.0,https://i.fnri.dost.gov.ph/fct/library/report/3610,2026-09-16
FC000826,E028,carbs_g_100g,36.1,https://i.fnri.dost.gov.ph/fct/library/report/3610,2026-09-16
FC000826,E028,fat_g_100g,1.2,https://i.fnri.dost.gov.ph/fct/library/report/3610,2026-09-16
FC000826,E028,fiber_g_100g,4.4,https://i.fnri.dost.gov.ph/fct/library/report/3610,2026-09-16
FC000826,E028,sugar_g_100g,25.1,https://i.fnri.dost.gov.ph/fct/library/report/3610,2026-09-16
FC000826,E028,sodium_mg_100g,28,https://i.fnri.dost.gov.ph/fct/library/report/3610,2026-09-16
FC000826,E028,cholesterol_mg_100g,0,https://i.fnri.dost.gov.ph/fct/library/report/3610,2026-09-16
FC000827,E035,kcal_100g,100,https://i.fnri.dost.gov.ph/fct/library/report/3617,2026-09-16
FC000827,E035,protein_g_100g,2.0,https://i.fnri.dost.gov.ph/fct/library/report/3617,2026-09-16
FC000827,E035,carbs_g_100g,21.6,https://i.fnri.dost.gov.ph/fct/library/report/3617,2026-09-16
FC000827,E035,fat_g_100g,0.6,https://i.fnri.dost.gov.ph/fct/library/report/3617,2026-09-16
FC000827,E035,fiber_g_100g,-,https://i.fnri.dost.gov.ph/fct/library/report/3617,2026-09-16
FC000827,E035,sugar_g_100g,-,https://i.fnri.dost.gov.ph/fct/library/report/3617,2026-09-16
FC000827,E035,sodium_mg_100g,-,https://i.fnri.dost.gov.ph/fct/library/report/3617,2026-09-16
FC000827,E035,cholesterol_mg_100g,0,https://i.fnri.dost.gov.ph/fct/library/report/3617,2026-09-16
FC000828,E036,kcal_100g,73,https://i.fnri.dost.gov.ph/fct/library/report/3618,2026-09-16
FC000828,E036,protein_g_100g,1.0,https://i.fnri.dost.gov.ph/fct/library/report/3618,2026-09-16
FC000828,E036,carbs_g_100g,16.4,https://i.fnri.dost.gov.ph/fct/library/report/3618,2026-09-16
FC000828,E036,fat_g_100g,0.4,https://i.fnri.dost.gov.ph/fct/library/report/3618,2026-09-16
FC000828,E036,fiber_g_100g,2.9,https://i.fnri.dost.gov.ph/fct/library/report/3618,2026-09-16
FC000828,E036,sugar_g_100g,-,https://i.fnri.dost.gov.ph/fct/library/report/3618,2026-09-16
FC000828,E036,sodium_mg_100g,4,https://i.fnri.dost.gov.ph/fct/library/report/3618,2026-09-16
FC000828,E036,cholesterol_mg_100g,0,https://i.fnri.dost.gov.ph/fct/library/report/3618,2026-09-16
FC000829,E037,kcal_100g,42,https://i.fnri.dost.gov.ph/fct/library/report/3619,2026-09-16
FC000829,E037,protein_g_100g,0.6,https://i.fnri.dost.gov.ph/fct/library/report/3619,2026-09-16
FC000829,E037,carbs_g_100g,7.0,https://i.fnri.dost.gov.ph/fct/library/report/3619,2026-09-16
FC000829,E037,fat_g_100g,1.3,https://i.fnri.dost.gov.ph/fct/library/report/3619,2026-09-16
FC000829,E037,fiber_g_100g,2.2,https://i.fnri.dost.gov.ph/fct/library/report/3619,2026-09-16
FC000829,E037,sugar_g_100g,1.3,https://i.fnri.dost.gov.ph/fct/library/report/3619,2026-09-16
FC000829,E037,sodium_mg_100g,2,https://i.fnri.dost.gov.ph/fct/library/report/3619,2026-09-16
FC000829,E037,cholesterol_mg_100g,0,https://i.fnri.dost.gov.ph/fct/library/report/3619,2026-09-16
FC000830,E040,kcal_100g,42,https://i.fnri.dost.gov.ph/fct/library/report/3622,2026-09-16
FC000830,E040,protein_g_100g,0.5,https://i.fnri.dost.gov.ph/fct/library/report/3622,2026-09-16
FC000830,E040,carbs_g_100g,6.3,https://i.fnri.dost.gov.ph/fct/library/report/3622,2026-09-16
FC000830,E040,fat_g_100g,1.6,https://i.fnri.dost.gov.ph/fct/library/report/3622,2026-09-16
FC000830,E040,fiber_g_100g,2.2,https://i.fnri.dost.gov.ph/fct/library/report/3622,2026-09-16
FC000830,E040,sugar_g_100g,2.0,https://i.fnri.dost.gov.ph/fct/library/report/3622,2026-09-16
FC000830,E040,sodium_mg_100g,2,https://i.fnri.dost.gov.ph/fct/library/report/3622,2026-09-16
FC000830,E040,cholesterol_mg_100g,0,https://i.fnri.dost.gov.ph/fct/library/report/3622,2026-09-16
FC000831,E042,kcal_100g,50,https://i.fnri.dost.gov.ph/fct/library/report/3624,2026-09-16
FC000831,E042,protein_g_100g,0.8,https://i.fnri.dost.gov.ph/fct/library/report/3624,2026-09-16
FC000831,E042,carbs_g_100g,6.3,https://i.fnri.dost.gov.ph/fct/library/report/3624,2026-09-16
FC000831,E042,fat_g_100g,2.4,https://i.fnri.dost.gov.ph/fct/library/report/3624,2026-09-16
FC000831,E042,fiber_g_100g,2.3,https://i.fnri.dost.gov.ph/fct/library/report/3624,2026-09-16
FC000831,E042,sugar_g_100g,1.4,https://i.fnri.dost.gov.ph/fct/library/report/3624,2026-09-16
FC000831,E042,sodium_mg_100g,2,https://i.fnri.dost.gov.ph/fct/library/report/3624,2026-09-16
FC000831,E042,cholesterol_mg_100g,0,https://i.fnri.dost.gov.ph/fct/library/report/3624,2026-09-16
FC000832,E071,kcal_100g,86,https://i.fnri.dost.gov.ph/fct/library/report/3653,2026-09-16
FC000832,E071,protein_g_100g,0.4,https://i.fnri.dost.gov.ph/fct/library/report/3653,2026-09-16
FC000832,E071,carbs_g_100g,19.7,https://i.fnri.dost.gov.ph/fct/library/report/3653,2026-09-16
FC000832,E071,fat_g_100g,0.6,https://i.fnri.dost.gov.ph/fct/library/report/3653,2026-09-16
FC000832,E071,fiber_g_100g,3.9,https://i.fnri.dost.gov.ph/fct/library/report/3653,2026-09-16
FC000832,E071,sugar_g_100g,13.4,https://i.fnri.dost.gov.ph/fct/library/report/3653,2026-09-16
FC000832,E071,sodium_mg_100g,1,https://i.fnri.dost.gov.ph/fct/library/report/3653,2026-09-16
FC000832,E071,cholesterol_mg_100g,0,https://i.fnri.dost.gov.ph/fct/library/report/3653,2026-09-16
FC000833,E074,kcal_100g,64,https://i.fnri.dost.gov.ph/fct/library/report/3656,2026-09-16
FC000833,E074,protein_g_100g,0.7,https://i.fnri.dost.gov.ph/fct/library/report/3656,2026-09-16
FC000833,E074,carbs_g_100g,14.5,https://i.fnri.dost.gov.ph/fct/library/report/3656,2026-09-16
FC000833,E074,fat_g_100g,0.4,https://i.fnri.dost.gov.ph/fct/library/report/3656,2026-09-16
FC000833,E074,fiber_g_100g,3.0,https://i.fnri.dost.gov.ph/fct/library/report/3656,2026-09-16
FC000833,E074,sugar_g_100g,10.2,https://i.fnri.dost.gov.ph/fct/library/report/3656,2026-09-16
FC000833,E074,sodium_mg_100g,6,https://i.fnri.dost.gov.ph/fct/library/report/3656,2026-09-16
FC000833,E074,cholesterol_mg_100g,0,https://i.fnri.dost.gov.ph/fct/library/report/3656,2026-09-16
FC000834,E079,kcal_100g,108,https://i.fnri.dost.gov.ph/fct/library/report/3661,2026-09-16
FC000834,E079,protein_g_100g,0.5,https://i.fnri.dost.gov.ph/fct/library/report/3661,2026-09-16
FC000834,E079,carbs_g_100g,24.5,https://i.fnri.dost.gov.ph/fct/library/report/3661,2026-09-16
FC000834,E079,fat_g_100g,0.9,https://i.fnri.dost.gov.ph/fct/library/report/3661,2026-09-16
FC000834,E079,fiber_g_100g,6.3,https://i.fnri.dost.gov.ph/fct/library/report/3661,2026-09-16
FC000834,E079,sugar_g_100g,16.3,https://i.fnri.dost.gov.ph/fct/library/report/3661,2026-09-16
FC000834,E079,sodium_mg_100g,5,https://i.fnri.dost.gov.ph/fct/library/report/3661,2026-09-16
FC000834,E079,cholesterol_mg_100g,0,https://i.fnri.dost.gov.ph/fct/library/report/3661,2026-09-16
FC000835,E080,kcal_100g,93,https://i.fnri.dost.gov.ph/fct/library/report/3662,2026-09-16
FC000835,E080,protein_g_100g,0.8,https://i.fnri.dost.gov.ph/fct/library/report/3662,2026-09-16
FC000835,E080,carbs_g_100g,21.2,https://i.fnri.dost.gov.ph/fct/library/report/3662,2026-09-16
FC000835,E080,fat_g_100g,0.5,https://i.fnri.dost.gov.ph/fct/library/report/3662,2026-09-16
FC000835,E080,fiber_g_100g,4.2,https://i.fnri.dost.gov.ph/fct/library/report/3662,2026-09-16
FC000835,E080,sugar_g_100g,14.6,https://i.fnri.dost.gov.ph/fct/library/report/3662,2026-09-16
FC000835,E080,sodium_mg_100g,1,https://i.fnri.dost.gov.ph/fct/library/report/3662,2026-09-16
FC000835,E080,cholesterol_mg_100g,0,https://i.fnri.dost.gov.ph/fct/library/report/3662,2026-09-16
FC000836,E084,kcal_100g,88,https://i.fnri.dost.gov.ph/fct/library/report/3666,2026-09-16
FC000836,E084,protein_g_100g,0.9,https://i.fnri.dost.gov.ph/fct/library/report/3666,2026-09-16
FC000836,E084,carbs_g_100g,20.6,https://i.fnri.dost.gov.ph/fct/library/report/3666,2026-09-16
FC000836,E084,fat_g_100g,0.2,https://i.fnri.dost.gov.ph/fct/library/report/3666,2026-09-16
FC000836,E084,fiber_g_100g,-,https://i.fnri.dost.gov.ph/fct/library/report/3666,2026-09-16
FC000836,E084,sugar_g_100g,-,https://i.fnri.dost.gov.ph/fct/library/report/3666,2026-09-16
FC000836,E084,sodium_mg_100g,2,https://i.fnri.dost.gov.ph/fct/library/report/3666,2026-09-16
FC000836,E084,cholesterol_mg_100g,0,https://i.fnri.dost.gov.ph/fct/library/report/3666,2026-09-16
FC000837,E087,kcal_100g,39,https://i.fnri.dost.gov.ph/fct/library/report/3669,2026-09-16
FC000837,E087,protein_g_100g,0.5,https://i.fnri.dost.gov.ph/fct/library/report/3669,2026-09-16
FC000837,E087,carbs_g_100g,7.7,https://i.fnri.dost.gov.ph/fct/library/report/3669,2026-09-16
FC000837,E087,fat_g_100g,0.7,https://i.fnri.dost.gov.ph/fct/library/report/3669,2026-09-16
FC000837,E087,fiber_g_100g,3.0,https://i.fnri.dost.gov.ph/fct/library/report/3669,2026-09-16
FC000837,E087,sugar_g_100g,4.3,https://i.fnri.dost.gov.ph/fct/library/report/3669,2026-09-16
FC000837,E087,sodium_mg_100g,2,https://i.fnri.dost.gov.ph/fct/library/report/3669,2026-09-16
FC000837,E087,cholesterol_mg_100g,0,https://i.fnri.dost.gov.ph/fct/library/report/3669,2026-09-16
FC000838,E090,kcal_100g,19,https://i.fnri.dost.gov.ph/fct/library/report/3672,2026-09-16
FC000838,E090,protein_g_100g,0.1,https://i.fnri.dost.gov.ph/fct/library/report/3672,2026-09-16
FC000838,E090,carbs_g_100g,4.3,https://i.fnri.dost.gov.ph/fct/library/report/3672,2026-09-16
FC000838,E090,fat_g_100g,0.2,https://i.fnri.dost.gov.ph/fct/library/report/3672,2026-09-16
FC000838,E090,fiber_g_100g,0.8,https://i.fnri.dost.gov.ph/fct/library/report/3672,2026-09-16
FC000838,E090,sugar_g_100g,0.6,https://i.fnri.dost.gov.ph/fct/library/report/3672,2026-09-16
FC000838,E090,sodium_mg_100g,2,https://i.fnri.dost.gov.ph/fct/library/report/3672,2026-09-16
FC000838,E090,cholesterol_mg_100g,0,https://i.fnri.dost.gov.ph/fct/library/report/3672,2026-09-16
FC000839,E091,kcal_100g,13,https://i.fnri.dost.gov.ph/fct/library/report/3673,2026-09-16
FC000839,E091,protein_g_100g,0.1,https://i.fnri.dost.gov.ph/fct/library/report/3673,2026-09-16
FC000839,E091,carbs_g_100g,2.8,https://i.fnri.dost.gov.ph/fct/library/report/3673,2026-09-16
FC000839,E091,fat_g_100g,0.2,https://i.fnri.dost.gov.ph/fct/library/report/3673,2026-09-16
FC000839,E091,fiber_g_100g,0.5,https://i.fnri.dost.gov.ph/fct/library/report/3673,2026-09-16
FC000839,E091,sugar_g_100g,0.4,https://i.fnri.dost.gov.ph/fct/library/report/3673,2026-09-16
FC000839,E091,sodium_mg_100g,1,https://i.fnri.dost.gov.ph/fct/library/report/3673,2026-09-16
FC000839,E091,cholesterol_mg_100g,0,https://i.fnri.dost.gov.ph/fct/library/report/3673,2026-09-16
FC000840,E096,kcal_100g,585,https://i.fnri.dost.gov.ph/fct/library/report/3678,2026-09-16
FC000840,E096,protein_g_100g,1.8,https://i.fnri.dost.gov.ph/fct/library/report/3678,2026-09-16
FC000840,E096,carbs_g_100g,51.8,https://i.fnri.dost.gov.ph/fct/library/report/3678,2026-09-16
FC000840,E096,fat_g_100g,41.2,https://i.fnri.dost.gov.ph/fct/library/report/3678,2026-09-16
FC000840,E096,fiber_g_100g,7.8,https://i.fnri.dost.gov.ph/fct/library/report/3678,2026-09-16
FC000840,E096,sugar_g_100g,36.0,https://i.fnri.dost.gov.ph/fct/library/report/3678,2026-09-16
FC000840,E096,sodium_mg_100g,-,https://i.fnri.dost.gov.ph/fct/library/report/3678,2026-09-16
FC000840,E096,cholesterol_mg_100g,0,https://i.fnri.dost.gov.ph/fct/library/report/3678,2026-09-16
FC000841,E097,kcal_100g,568,https://i.fnri.dost.gov.ph/fct/library/report/3679,2026-09-16
FC000841,E097,protein_g_100g,1.5,https://i.fnri.dost.gov.ph/fct/library/report/3679,2026-09-16
FC000841,E097,carbs_g_100g,61.6,https://i.fnri.dost.gov.ph/fct/library/report/3679,2026-09-16
FC000841,E097,fat_g_100g,35.1,https://i.fnri.dost.gov.ph/fct/library/report/3679,2026-09-16
FC000841,E097,fiber_g_100g,8.0,https://i.fnri.dost.gov.ph/fct/library/report/3679,2026-09-16
FC000841,E097,sugar_g_100g,36.7,https://i.fnri.dost.gov.ph/fct/library/report/3679,2026-09-16
FC000841,E097,sodium_mg_100g,6,https://i.fnri.dost.gov.ph/fct/library/report/3679,2026-09-16
FC000841,E097,cholesterol_mg_100g,0,https://i.fnri.dost.gov.ph/fct/library/report/3679,2026-09-16
FC000842,E099,kcal_100g,240,https://i.fnri.dost.gov.ph/fct/library/report/3681,2026-09-16
FC000842,E099,protein_g_100g,3.0,https://i.fnri.dost.gov.ph/fct/library/report/3681,2026-09-16
FC000842,E099,carbs_g_100g,48.1,https://i.fnri.dost.gov.ph/fct/library/report/3681,2026-09-16
FC000842,E099,fat_g_100g,3.9,https://i.fnri.dost.gov.ph/fct/library/report/3681,2026-09-16
FC000842,E099,fiber_g_100g,4.2,https://i.fnri.dost.gov.ph/fct/library/report/3681,2026-09-16
FC000842,E099,sugar_g_100g,25.0,https://i.fnri.dost.gov.ph/fct/library/report/3681,2026-09-16
FC000842,E099,sodium_mg_100g,190,https://i.fnri.dost.gov.ph/fct/library/report/3681,2026-09-16
FC000842,E099,cholesterol_mg_100g,0,https://i.fnri.dost.gov.ph/fct/library/report/3681,2026-09-16
FC000843,E100,kcal_100g,204,https://i.fnri.dost.gov.ph/fct/library/report/3682,2026-09-16
FC000843,E100,protein_g_100g,1.4,https://i.fnri.dost.gov.ph/fct/library/report/3682,2026-09-16
FC000843,E100,carbs_g_100g,41.4,https://i.fnri.dost.gov.ph/fct/library/report/3682,2026-09-16
FC000843,E100,fat_g_100g,3.6,https://i.fnri.dost.gov.ph/fct/library/report/3682,2026-09-16
FC000843,E100,fiber_g_100g,1.7,https://i.fnri.dost.gov.ph/fct/library/report/3682,2026-09-16
FC000843,E100,sugar_g_100g,32.0,https://i.fnri.dost.gov.ph/fct/library/report/3682,2026-09-16
FC000843,E100,sodium_mg_100g,140,https://i.fnri.dost.gov.ph/fct/library/report/3682,2026-09-16
FC000843,E100,cholesterol_mg_100g,0,https://i.fnri.dost.gov.ph/fct/library/report/3682,2026-09-16
FC000844,E103,kcal_100g,22,https://i.fnri.dost.gov.ph/fct/library/report/3685,2026-09-16
FC000844,E103,protein_g_100g,0.5,https://i.fnri.dost.gov.ph/fct/library/report/3685,2026-09-16
FC000844,E103,carbs_g_100g,4.7,https://i.fnri.dost.gov.ph/fct/library/report/3685,2026-09-16
FC000844,E103,fat_g_100g,0.1,https://i.fnri.dost.gov.ph/fct/library/report/3685,2026-09-16
FC000844,E103,fiber_g_100g,1.4,https://i.fnri.dost.gov.ph/fct/library/report/3685,2026-09-16
FC000844,E103,sugar_g_100g,2.0,https://i.fnri.dost.gov.ph/fct/library/report/3685,2026-09-16
FC000844,E103,sodium_mg_100g,2609,https://i.fnri.dost.gov.ph/fct/library/report/3685,2026-09-16
FC000844,E103,cholesterol_mg_100g,0,https://i.fnri.dost.gov.ph/fct/library/report/3685,2026-09-16
FC000845,E104,kcal_100g,106,https://i.fnri.dost.gov.ph/fct/library/report/3686,2026-09-16
FC000845,E104,protein_g_100g,0.2,https://i.fnri.dost.gov.ph/fct/library/report/3686,2026-09-16
FC000845,E104,carbs_g_100g,25.1,https://i.fnri.dost.gov.ph/fct/library/report/3686,2026-09-16
FC000845,E104,fat_g_100g,0.5,https://i.fnri.dost.gov.ph/fct/library/report/3686,2026-09-16
FC000845,E104,fiber_g_100g,1.7,https://i.fnri.dost.gov.ph/fct/library/report/3686,2026-09-16
FC000845,E104,sugar_g_100g,21.7,https://i.fnri.dost.gov.ph/fct/library/report/3686,2026-09-16
FC000845,E104,sodium_mg_100g,4,https://i.fnri.dost.gov.ph/fct/library/report/3686,2026-09-16
FC000845,E104,cholesterol_mg_100g,0,https://i.fnri.dost.gov.ph/fct/library/report/3686,2026-09-16
FC000846,E105,kcal_100g,346,https://i.fnri.dost.gov.ph/fct/library/report/3687,2026-09-16
FC000846,E105,protein_g_100g,1.7,https://i.fnri.dost.gov.ph/fct/library/report/3687,2026-09-16
FC000846,E105,carbs_g_100g,78.6,https://i.fnri.dost.gov.ph/fct/library/report/3687,2026-09-16
FC000846,E105,fat_g_100g,2.8,https://i.fnri.dost.gov.ph/fct/library/report/3687,2026-09-16
FC000846,E105,fiber_g_100g,8.5,https://i.fnri.dost.gov.ph/fct/library/report/3687,2026-09-16
FC000846,E105,sugar_g_100g,67.6,https://i.fnri.dost.gov.ph/fct/library/report/3687,2026-09-16
FC000846,E105,sodium_mg_100g,2,https://i.fnri.dost.gov.ph/fct/library/report/3687,2026-09-16
FC000846,E105,cholesterol_mg_100g,0,https://i.fnri.dost.gov.ph/fct/library/report/3687,2026-09-16
FC000847,E107,kcal_100g,103,https://i.fnri.dost.gov.ph/fct/library/report/3689,2026-09-16
FC000847,E107,protein_g_100g,0.2,https://i.fnri.dost.gov.ph/fct/library/report/3689,2026-09-16
FC000847,E107,carbs_g_100g,25.0,https://i.fnri.dost.gov.ph/fct/library/report/3689,2026-09-16
FC000847,E107,fat_g_100g,0.2,https://i.fnri.dost.gov.ph/fct/library/report/3689,2026-09-16
FC000847,E107,fiber_g_100g,1.3,https://i.fnri.dost.gov.ph/fct/library/report/3689,2026-09-16
FC000847,E107,sugar_g_100g,23.3,https://i.fnri.dost.gov.ph/fct/library/report/3689,2026-09-16
FC000847,E107,sodium_mg_100g,11,https://i.fnri.dost.gov.ph/fct/library/report/3689,2026-09-16
FC000847,E107,cholesterol_mg_100g,0,https://i.fnri.dost.gov.ph/fct/library/report/3689,2026-09-16
FC000848,E108,kcal_100g,333,https://i.fnri.dost.gov.ph/fct/library/report/3690,2026-09-16
FC000848,E108,protein_g_100g,1.1,https://i.fnri.dost.gov.ph/fct/library/report/3690,2026-09-16
FC000848,E108,carbs_g_100g,80.9,https://i.fnri.dost.gov.ph/fct/library/report/3690,2026-09-16
FC000848,E108,fat_g_100g,0.5,https://i.fnri.dost.gov.ph/fct/library/report/3690,2026-09-16
FC000848,E108,fiber_g_100g,6.2,https://i.fnri.dost.gov.ph/fct/library/report/3690,2026-09-16
FC000848,E108,sugar_g_100g,70.3,https://i.fnri.dost.gov.ph/fct/library/report/3690,2026-09-16
FC000848,E108,sodium_mg_100g,9,https://i.fnri.dost.gov.ph/fct/library/report/3690,2026-09-16
FC000848,E108,cholesterol_mg_100g,0,https://i.fnri.dost.gov.ph/fct/library/report/3690,2026-09-16
FC000849,E109,kcal_100g,365,https://i.fnri.dost.gov.ph/fct/library/report/3691,2026-09-16
FC000849,E109,protein_g_100g,1.6,https://i.fnri.dost.gov.ph/fct/library/report/3691,2026-09-16
FC000849,E109,carbs_g_100g,87.3,https://i.fnri.dost.gov.ph/fct/library/report/3691,2026-09-16
FC000849,E109,fat_g_100g,1.0,https://i.fnri.dost.gov.ph/fct/library/report/3691,2026-09-16
FC000849,E109,fiber_g_100g,5.4,https://i.fnri.dost.gov.ph/fct/library/report/3691,2026-09-16
FC000849,E109,sugar_g_100g,71.6,https://i.fnri.dost.gov.ph/fct/library/report/3691,2026-09-16
FC000849,E109,sodium_mg_100g,156,https://i.fnri.dost.gov.ph/fct/library/report/3691,2026-09-16
FC000849,E109,cholesterol_mg_100g,0,https://i.fnri.dost.gov.ph/fct/library/report/3691,2026-09-16
FC000850,E110,kcal_100g,73,https://i.fnri.dost.gov.ph/fct/library/report/3692,2026-09-16
FC000850,E110,protein_g_100g,0.4,https://i.fnri.dost.gov.ph/fct/library/report/3692,2026-09-16
FC000850,E110,carbs_g_100g,15.8,https://i.fnri.dost.gov.ph/fct/library/report/3692,2026-09-16
FC000850,E110,fat_g_100g,0.9,https://i.fnri.dost.gov.ph/fct/library/report/3692,2026-09-16
FC000850,E110,fiber_g_100g,1.1,https://i.fnri.dost.gov.ph/fct/library/report/3692,2026-09-16
FC000850,E110,sugar_g_100g,-,https://i.fnri.dost.gov.ph/fct/library/report/3692,2026-09-16
FC000850,E110,sodium_mg_100g,5,https://i.fnri.dost.gov.ph/fct/library/report/3692,2026-09-16
FC000850,E110,cholesterol_mg_100g,0,https://i.fnri.dost.gov.ph/fct/library/report/3692,2026-09-16
FC000851,E113,kcal_100g,87,https://i.fnri.dost.gov.ph/fct/library/report/3695,2026-09-16
FC000851,E113,protein_g_100g,0.5,https://i.fnri.dost.gov.ph/fct/library/report/3695,2026-09-16
FC000851,E113,carbs_g_100g,20.9,https://i.fnri.dost.gov.ph/fct/library/report/3695,2026-09-16
FC000851,E113,fat_g_100g,0.2,https://i.fnri.dost.gov.ph/fct/library/report/3695,2026-09-16
FC000851,E113,fiber_g_100g,1.0,https://i.fnri.dost.gov.ph/fct/library/report/3695,2026-09-16
FC000851,E113,sugar_g_100g,17.7,https://i.fnri.dost.gov.ph/fct/library/report/3695,2026-09-16
FC000851,E113,sodium_mg_100g,1,https://i.fnri.dost.gov.ph/fct/library/report/3695,2026-09-16
FC000851,E113,cholesterol_mg_100g,0,https://i.fnri.dost.gov.ph/fct/library/report/3695,2026-09-16
FC000852,E114,kcal_100g,119,https://i.fnri.dost.gov.ph/fct/library/report/3696,2026-09-16
FC000852,E114,protein_g_100g,0.4,https://i.fnri.dost.gov.ph/fct/library/report/3696,2026-09-16
FC000852,E114,carbs_g_100g,27.5,https://i.fnri.dost.gov.ph/fct/library/report/3696,2026-09-16
FC000852,E114,fat_g_100g,0.8,https://i.fnri.dost.gov.ph/fct/library/report/3696,2026-09-16
FC000852,E114,fiber_g_100g,1.1,https://i.fnri.dost.gov.ph/fct/library/report/3696,2026-09-16
FC000852,E114,sugar_g_100g,23.2,https://i.fnri.dost.gov.ph/fct/library/report/3696,2026-09-16
FC000852,E114,sodium_mg_100g,1,https://i.fnri.dost.gov.ph/fct/library/report/3696,2026-09-16
FC000852,E114,cholesterol_mg_100g,0,https://i.fnri.dost.gov.ph/fct/library/report/3696,2026-09-16
FC000853,E115,kcal_100g,278,https://i.fnri.dost.gov.ph/fct/library/report/3697,2026-09-16
FC000853,E115,protein_g_100g,2.5,https://i.fnri.dost.gov.ph/fct/library/report/3697,2026-09-16
FC000853,E115,carbs_g_100g,65.5,https://i.fnri.dost.gov.ph/fct/library/report/3697,2026-09-16
FC000853,E115,fat_g_100g,0.7,https://i.fnri.dost.gov.ph/fct/library/report/3697,2026-09-16
FC000853,E115,fiber_g_100g,7.3,https://i.fnri.dost.gov.ph/fct/library/report/3697,2026-09-16
FC000853,E115,sugar_g_100g,39.2,https://i.fnri.dost.gov.ph/fct/library/report/3697,2026-09-16
FC000853,E115,sodium_mg_100g,9,https://i.fnri.dost.gov.ph/fct/library/report/3697,2026-09-16
FC000853,E115,cholesterol_mg_100g,0,https://i.fnri.dost.gov.ph/fct/library/report/3697,2026-09-16
FC000854,E116,kcal_100g,340,https://i.fnri.dost.gov.ph/fct/library/report/3698,2026-09-16
FC000854,E116,protein_g_100g,3.5,https://i.fnri.dost.gov.ph/fct/library/report/3698,2026-09-16
FC000854,E116,carbs_g_100g,78.9,https://i.fnri.dost.gov.ph/fct/library/report/3698,2026-09-16
FC000854,E116,fat_g_100g,1.1,https://i.fnri.dost.gov.ph/fct/library/report/3698,2026-09-16
FC000854,E116,fiber_g_100g,4.0,https://i.fnri.dost.gov.ph/fct/library/report/3698,2026-09-16
FC000854,E116,sugar_g_100g,59.4,https://i.fnri.dost.gov.ph/fct/library/report/3698,2026-09-16
FC000854,E116,sodium_mg_100g,17,https://i.fnri.dost.gov.ph/fct/library/report/3698,2026-09-16
FC000854,E116,cholesterol_mg_100g,0,https://i.fnri.dost.gov.ph/fct/library/report/3698,2026-09-16
FC000855,E117,kcal_100g,66,https://i.fnri.dost.gov.ph/fct/library/report/3699,2026-09-16
FC000855,E117,protein_g_100g,1.0,https://i.fnri.dost.gov.ph/fct/library/report/3699,2026-09-16
FC000855,E117,carbs_g_100g,13.2,https://i.fnri.dost.gov.ph/fct/library/report/3699,2026-09-16
FC000855,E117,fat_g_100g,1.0,https://i.fnri.dost.gov.ph/fct/library/report/3699,2026-09-16
FC000855,E117,fiber_g_100g,2.0,https://i.fnri.dost.gov.ph/fct/library/report/3699,2026-09-16
FC000855,E117,sugar_g_100g,-,https://i.fnri.dost.gov.ph/fct/library/report/3699,2026-09-16
FC000855,E117,sodium_mg_100g,18,https://i.fnri.dost.gov.ph/fct/library/report/3699,2026-09-16
FC000855,E117,cholesterol_mg_100g,0,https://i.fnri.dost.gov.ph/fct/library/report/3699,2026-09-16
FC000856,F054,kcal_100g,100,https://i.fnri.dost.gov.ph/fct/library/report/3761,2026-09-16
FC000856,F054,protein_g_100g,18.6,https://i.fnri.dost.gov.ph/fct/library/report/3761,2026-09-16
FC000856,F054,carbs_g_100g,0.0,https://i.fnri.dost.gov.ph/fct/library/report/3761,2026-09-16
FC000856,F054,fat_g_100g,2.8,https://i.fnri.dost.gov.ph/fct/library/report/3761,2026-09-16
FC000856,F054,fiber_g_100g,0.0,https://i.fnri.dost.gov.ph/fct/library/report/3761,2026-09-16
FC000856,F054,sugar_g_100g,0.0,https://i.fnri.dost.gov.ph/fct/library/report/3761,2026-09-16
FC000856,F054,sodium_mg_100g,65,https://i.fnri.dost.gov.ph/fct/library/report/3761,2026-09-16
FC000856,F054,cholesterol_mg_100g,40,https://i.fnri.dost.gov.ph/fct/library/report/3761,2026-09-16
FC000857,F059,kcal_100g,90,https://i.fnri.dost.gov.ph/fct/library/report/3766,2026-09-16
FC000857,F059,protein_g_100g,20.6,https://i.fnri.dost.gov.ph/fct/library/report/3766,2026-09-16
FC000857,F059,carbs_g_100g,0.0,https://i.fnri.dost.gov.ph/fct/library/report/3766,2026-09-16
FC000857,F059,fat_g_100g,0.8,https://i.fnri.dost.gov.ph/fct/library/report/3766,2026-09-16
FC000857,F059,fiber_g_100g,0.0,https://i.fnri.dost.gov.ph/fct/library/report/3766,2026-09-16
FC000857,F059,sugar_g_100g,0.0,https://i.fnri.dost.gov.ph/fct/library/report/3766,2026-09-16
FC000857,F059,sodium_mg_100g,45,https://i.fnri.dost.gov.ph/fct/library/report/3766,2026-09-16
FC000857,F059,cholesterol_mg_100g,-,https://i.fnri.dost.gov.ph/fct/library/report/3766,2026-09-16
FC000858,F060,kcal_100g,100,https://i.fnri.dost.gov.ph/fct/library/report/3767,2026-09-16
FC000858,F060,protein_g_100g,22.4,https://i.fnri.dost.gov.ph/fct/library/report/3767,2026-09-16
FC000858,F060,carbs_g_100g,0.0,https://i.fnri.dost.gov.ph/fct/library/report/3767,2026-09-16
FC000858,F060,fat_g_100g,1.2,https://i.fnri.dost.gov.ph/fct/library/report/3767,2026-09-16
FC000858,F060,fiber_g_100g,0.0,https://i.fnri.dost.gov.ph/fct/library/report/3767,2026-09-16
FC000858,F060,sugar_g_100g,0.0,https://i.fnri.dost.gov.ph/fct/library/report/3767,2026-09-16
FC000858,F060,sodium_mg_100g,50,https://i.fnri.dost.gov.ph/fct/library/report/3767,2026-09-16
FC000858,F060,cholesterol_mg_100g,-,https://i.fnri.dost.gov.ph/fct/library/report/3767,2026-09-16
FC000859,F065,kcal_100g,94,https://i.fnri.dost.gov.ph/fct/library/report/3772,2026-09-16
FC000859,F065,protein_g_100g,20.4,https://i.fnri.dost.gov.ph/fct/library/report/3772,2026-09-16
FC000859,F065,carbs_g_100g,0.0,https://i.fnri.dost.gov.ph/fct/library/report/3772,2026-09-16
FC000859,F065,fat_g_100g,1.4,https://i.fnri.dost.gov.ph/fct/library/report/3772,2026-09-16
FC000859,F065,fiber_g_100g,0.0,https://i.fnri.dost.gov.ph/fct/library/report/3772,2026-09-16
FC000859,F065,sugar_g_100g,0.0,https://i.fnri.dost.gov.ph/fct/library/report/3772,2026-09-16
FC000859,F065,sodium_mg_100g,45,https://i.fnri.dost.gov.ph/fct/library/report/3772,2026-09-16
FC000859,F065,cholesterol_mg_100g,-,https://i.fnri.dost.gov.ph/fct/library/report/3772,2026-09-16
FC000860,F066,kcal_100g,100,https://i.fnri.dost.gov.ph/fct/library/report/3773,2026-09-16
FC000860,F066,protein_g_100g,21.4,https://i.fnri.dost.gov.ph/fct/library/report/3773,2026-09-16
FC000860,F066,carbs_g_100g,0.0,https://i.fnri.dost.gov.ph/fct/library/report/3773,2026-09-16
FC000860,F066,fat_g_100g,1.6,https://i.fnri.dost.gov.ph/fct/library/report/3773,2026-09-16
FC000860,F066,fiber_g_100g,0.0,https://i.fnri.dost.gov.ph/fct/library/report/3773,2026-09-16
FC000860,F066,sugar_g_100g,0.0,https://i.fnri.dost.gov.ph/fct/library/report/3773,2026-09-16
FC000860,F066,sodium_mg_100g,48,https://i.fnri.dost.gov.ph/fct/library/report/3773,2026-09-16
FC000860,F066,cholesterol_mg_100g,58,https://i.fnri.dost.gov.ph/fct/library/report/3773,2026-09-16
FC000861,F067,kcal_100g,85,https://i.fnri.dost.gov.ph/fct/library/report/3774,2026-09-16
FC000861,F067,protein_g_100g,19.3,https://i.fnri.dost.gov.ph/fct/library/report/3774,2026-09-16
FC000861,F067,carbs_g_100g,0.0,https://i.fnri.dost.gov.ph/fct/library/report/3774,2026-09-16
FC000861,F067,fat_g_100g,0.9,https://i.fnri.dost.gov.ph/fct/library/report/3774,2026-09-16
FC000861,F067,fiber_g_100g,0.0,https://i.fnri.dost.gov.ph/fct/library/report/3774,2026-09-16
FC000861,F067,sugar_g_100g,0.0,https://i.fnri.dost.gov.ph/fct/library/report/3774,2026-09-16
FC000861,F067,sodium_mg_100g,37,https://i.fnri.dost.gov.ph/fct/library/report/3774,2026-09-16
FC000861,F067,cholesterol_mg_100g,-,https://i.fnri.dost.gov.ph/fct/library/report/3774,2026-09-16
FC000862,F068,kcal_100g,102,https://i.fnri.dost.gov.ph/fct/library/report/3775,2026-09-16
FC000862,F068,protein_g_100g,20.2,https://i.fnri.dost.gov.ph/fct/library/report/3775,2026-09-16
FC000862,F068,carbs_g_100g,0.0,https://i.fnri.dost.gov.ph/fct/library/report/3775,2026-09-16
FC000862,F068,fat_g_100g,2.4,https://i.fnri.dost.gov.ph/fct/library/report/3775,2026-09-16
FC000862,F068,fiber_g_100g,0.0,https://i.fnri.dost.gov.ph/fct/library/report/3775,2026-09-16
FC000862,F068,sugar_g_100g,0.0,https://i.fnri.dost.gov.ph/fct/library/report/3775,2026-09-16
FC000862,F068,sodium_mg_100g,55,https://i.fnri.dost.gov.ph/fct/library/report/3775,2026-09-16
FC000862,F068,cholesterol_mg_100g,24,https://i.fnri.dost.gov.ph/fct/library/report/3775,2026-09-16
FC000863,F071,kcal_100g,119,https://i.fnri.dost.gov.ph/fct/library/report/3778,2026-09-16
FC000863,F071,protein_g_100g,21.8,https://i.fnri.dost.gov.ph/fct/library/report/3778,2026-09-16
FC000863,F071,carbs_g_100g,0.0,https://i.fnri.dost.gov.ph/fct/library/report/3778,2026-09-16
FC000863,F071,fat_g_100g,3.6,https://i.fnri.dost.gov.ph/fct/library/report/3778,2026-09-16
FC000863,F071,fiber_g_100g,0.0,https://i.fnri.dost.gov.ph/fct/library/report/3778,2026-09-16
FC000863,F071,sugar_g_100g,0.0,https://i.fnri.dost.gov.ph/fct/library/report/3778,2026-09-16
FC000863,F071,sodium_mg_100g,56,https://i.fnri.dost.gov.ph/fct/library/report/3778,2026-09-16
FC000863,F071,cholesterol_mg_100g,-,https://i.fnri.dost.gov.ph/fct/library/report/3778,2026-09-16
FC000864,F072,kcal_100g,147,https://i.fnri.dost.gov.ph/fct/library/report/3779,2026-09-16
FC000864,F072,protein_g_100g,26.9,https://i.fnri.dost.gov.ph/fct/library/report/3779,2026-09-16
FC000864,F072,carbs_g_100g,0.0,https://i.fnri.dost.gov.ph/fct/library/report/3779,2026-09-16
FC000864,F072,fat_g_100g,4.4,https://i.fnri.dost.gov.ph/fct/library/report/3779,2026-09-16
FC000864,F072,fiber_g_100g,0.0,https://i.fnri.dost.gov.ph/fct/library/report/3779,2026-09-16
FC000864,F072,sugar_g_100g,0.0,https://i.fnri.dost.gov.ph/fct/library/report/3779,2026-09-16
FC000864,F072,sodium_mg_100g,48,https://i.fnri.dost.gov.ph/fct/library/report/3779,2026-09-16
FC000864,F072,cholesterol_mg_100g,-,https://i.fnri.dost.gov.ph/fct/library/report/3779,2026-09-16
FC000865,F075,kcal_100g,96,https://i.fnri.dost.gov.ph/fct/library/report/3782,2026-09-16
FC000865,F075,protein_g_100g,20.4,https://i.fnri.dost.gov.ph/fct/library/report/3782,2026-09-16
FC000865,F075,carbs_g_100g,0.0,https://i.fnri.dost.gov.ph/fct/library/report/3782,2026-09-16
FC000865,F075,fat_g_100g,1.6,https://i.fnri.dost.gov.ph/fct/library/report/3782,2026-09-16
FC000865,F075,fiber_g_100g,0.0,https://i.fnri.dost.gov.ph/fct/library/report/3782,2026-09-16
FC000865,F075,sugar_g_100g,0.0,https://i.fnri.dost.gov.ph/fct/library/report/3782,2026-09-16
FC000865,F075,sodium_mg_100g,45,https://i.fnri.dost.gov.ph/fct/library/report/3782,2026-09-16
FC000865,F075,cholesterol_mg_100g,-,https://i.fnri.dost.gov.ph/fct/library/report/3782,2026-09-16
FC000866,F076,kcal_100g,82,https://i.fnri.dost.gov.ph/fct/library/report/3783,2026-09-16
FC000866,F076,protein_g_100g,17.7,https://i.fnri.dost.gov.ph/fct/library/report/3783,2026-09-16
FC000866,F076,carbs_g_100g,0.0,https://i.fnri.dost.gov.ph/fct/library/report/3783,2026-09-16
FC000866,F076,fat_g_100g,1.2,https://i.fnri.dost.gov.ph/fct/library/report/3783,2026-09-16
FC000866,F076,fiber_g_100g,0.0,https://i.fnri.dost.gov.ph/fct/library/report/3783,2026-09-16
FC000866,F076,sugar_g_100g,0.0,https://i.fnri.dost.gov.ph/fct/library/report/3783,2026-09-16
FC000866,F076,sodium_mg_100g,39,https://i.fnri.dost.gov.ph/fct/library/report/3783,2026-09-16
FC000866,F076,cholesterol_mg_100g,-,https://i.fnri.dost.gov.ph/fct/library/report/3783,2026-09-16
FC000867,F077,kcal_100g,149,https://i.fnri.dost.gov.ph/fct/library/report/3784,2026-09-16
FC000867,F077,protein_g_100g,16.6,https://i.fnri.dost.gov.ph/fct/library/report/3784,2026-09-16
FC000867,F077,carbs_g_100g,0.0,https://i.fnri.dost.gov.ph/fct/library/report/3784,2026-09-16
FC000867,F077,fat_g_100g,9.2,https://i.fnri.dost.gov.ph/fct/library/report/3784,2026-09-16
FC000867,F077,fiber_g_100g,0.0,https://i.fnri.dost.gov.ph/fct/library/report/3784,2026-09-16
FC000867,F077,sugar_g_100g,0.0,https://i.fnri.dost.gov.ph/fct/library/report/3784,2026-09-16
FC000867,F077,sodium_mg_100g,52,https://i.fnri.dost.gov.ph/fct/library/report/3784,2026-09-16
FC000867,F077,cholesterol_mg_100g,-,https://i.fnri.dost.gov.ph/fct/library/report/3784,2026-09-16
FC000868,F081,kcal_100g,72,https://i.fnri.dost.gov.ph/fct/library/report/3788,2026-09-16
FC000868,F081,protein_g_100g,17.0,https://i.fnri.dost.gov.ph/fct/library/report/3788,2026-09-16
FC000868,F081,carbs_g_100g,0.0,https://i.fnri.dost.gov.ph/fct/library/report/3788,2026-09-16
FC000868,F081,fat_g_100g,0.4,https://i.fnri.dost.gov.ph/fct/library/report/3788,2026-09-16
FC000868,F081,fiber_g_100g,0.0,https://i.fnri.dost.gov.ph/fct/library/report/3788,2026-09-16
FC000868,F081,sugar_g_100g,0.0,https://i.fnri.dost.gov.ph/fct/library/report/3788,2026-09-16
FC000868,F081,sodium_mg_100g,44,https://i.fnri.dost.gov.ph/fct/library/report/3788,2026-09-16
FC000868,F081,cholesterol_mg_100g,-,https://i.fnri.dost.gov.ph/fct/library/report/3788,2026-09-16
FC000869,F082,kcal_100g,129,https://i.fnri.dost.gov.ph/fct/library/report/3789,2026-09-16
FC000869,F082,protein_g_100g,22.1,https://i.fnri.dost.gov.ph/fct/library/report/3789,2026-09-16
FC000869,F082,carbs_g_100g,2.6,https://i.fnri.dost.gov.ph/fct/library/report/3789,2026-09-16
FC000869,F082,fat_g_100g,3.4,https://i.fnri.dost.gov.ph/fct/library/report/3789,2026-09-16
FC000869,F082,fiber_g_100g,0.0,https://i.fnri.dost.gov.ph/fct/library/report/3789,2026-09-16
FC000869,F082,sugar_g_100g,0.0,https://i.fnri.dost.gov.ph/fct/library/report/3789,2026-09-16
FC000869,F082,sodium_mg_100g,72,https://i.fnri.dost.gov.ph/fct/library/report/3789,2026-09-16
FC000869,F082,cholesterol_mg_100g,-,https://i.fnri.dost.gov.ph/fct/library/report/3789,2026-09-16
FC000870,F083,kcal_100g,95,https://i.fnri.dost.gov.ph/fct/library/report/3790,2026-09-16
FC000870,F083,protein_g_100g,22.3,https://i.fnri.dost.gov.ph/fct/library/report/3790,2026-09-16
FC000870,F083,carbs_g_100g,0.0,https://i.fnri.dost.gov.ph/fct/library/report/3790,2026-09-16
FC000870,F083,fat_g_100g,0.6,https://i.fnri.dost.gov.ph/fct/library/report/3790,2026-09-16
FC000870,F083,fiber_g_100g,0.0,https://i.fnri.dost.gov.ph/fct/library/report/3790,2026-09-16
FC000870,F083,sugar_g_100g,0.0,https://i.fnri.dost.gov.ph/fct/library/report/3790,2026-09-16
FC000870,F083,sodium_mg_100g,47,https://i.fnri.dost.gov.ph/fct/library/report/3790,2026-09-16
FC000870,F083,cholesterol_mg_100g,-,https://i.fnri.dost.gov.ph/fct/library/report/3790,2026-09-16
FC000871,F085,kcal_100g,121,https://i.fnri.dost.gov.ph/fct/library/report/3792,2026-09-16
FC000871,F085,protein_g_100g,23.3,https://i.fnri.dost.gov.ph/fct/library/report/3792,2026-09-16
FC000871,F085,carbs_g_100g,0.0,https://i.fnri.dost.gov.ph/fct/library/report/3792,2026-09-16
FC000871,F085,fat_g_100g,3.1,https://i.fnri.dost.gov.ph/fct/library/report/3792,2026-09-16
FC000871,F085,fiber_g_100g,0.0,https://i.fnri.dost.gov.ph/fct/library/report/3792,2026-09-16
FC000871,F085,sugar_g_100g,0.0,https://i.fnri.dost.gov.ph/fct/library/report/3792,2026-09-16
FC000871,F085,sodium_mg_100g,81,https://i.fnri.dost.gov.ph/fct/library/report/3792,2026-09-16
FC000871,F085,cholesterol_mg_100g,-,https://i.fnri.dost.gov.ph/fct/library/report/3792,2026-09-16
FC000872,F086,kcal_100g,90,https://i.fnri.dost.gov.ph/fct/library/report/3793,2026-09-16
FC000872,F086,protein_g_100g,19.9,https://i.fnri.dost.gov.ph/fct/library/report/3793,2026-09-16
FC000872,F086,carbs_g_100g,0.0,https://i.fnri.dost.gov.ph/fct/library/report/3793,2026-09-16
FC000872,F086,fat_g_100g,1.2,https://i.fnri.dost.gov.ph/fct/library/report/3793,2026-09-16
FC000872,F086,fiber_g_100g,0.0,https://i.fnri.dost.gov.ph/fct/library/report/3793,2026-09-16
FC000872,F086,sugar_g_100g,0.0,https://i.fnri.dost.gov.ph/fct/library/report/3793,2026-09-16
FC000872,F086,sodium_mg_100g,54,https://i.fnri.dost.gov.ph/fct/library/report/3793,2026-09-16
FC000872,F086,cholesterol_mg_100g,-,https://i.fnri.dost.gov.ph/fct/library/report/3793,2026-09-16
FC000873,F087,kcal_100g,89,https://i.fnri.dost.gov.ph/fct/library/report/3794,2026-09-16
FC000873,F087,protein_g_100g,19.8,https://i.fnri.dost.gov.ph/fct/library/report/3794,2026-09-16
FC000873,F087,carbs_g_100g,0.0,https://i.fnri.dost.gov.ph/fct/library/report/3794,2026-09-16
FC000873,F087,fat_g_100g,1.1,https://i.fnri.dost.gov.ph/fct/library/report/3794,2026-09-16
FC000873,F087,fiber_g_100g,0.0,https://i.fnri.dost.gov.ph/fct/library/report/3794,2026-09-16
FC000873,F087,sugar_g_100g,0.0,https://i.fnri.dost.gov.ph/fct/library/report/3794,2026-09-16
FC000873,F087,sodium_mg_100g,53,https://i.fnri.dost.gov.ph/fct/library/report/3794,2026-09-16
FC000873,F087,cholesterol_mg_100g,-,https://i.fnri.dost.gov.ph/fct/library/report/3794,2026-09-16
FC000874,F088,kcal_100g,90,https://i.fnri.dost.gov.ph/fct/library/report/3795,2026-09-16
FC000874,F088,protein_g_100g,17.4,https://i.fnri.dost.gov.ph/fct/library/report/3795,2026-09-16
FC000874,F088,carbs_g_100g,0.0,https://i.fnri.dost.gov.ph/fct/library/report/3795,2026-09-16
FC000874,F088,fat_g_100g,2.3,https://i.fnri.dost.gov.ph/fct/library/report/3795,2026-09-16
FC000874,F088,fiber_g_100g,0.0,https://i.fnri.dost.gov.ph/fct/library/report/3795,2026-09-16
FC000874,F088,sugar_g_100g,0.0,https://i.fnri.dost.gov.ph/fct/library/report/3795,2026-09-16
FC000874,F088,sodium_mg_100g,54,https://i.fnri.dost.gov.ph/fct/library/report/3795,2026-09-16
FC000874,F088,cholesterol_mg_100g,-,https://i.fnri.dost.gov.ph/fct/library/report/3795,2026-09-16
FC000875,F090,kcal_100g,237,https://i.fnri.dost.gov.ph/fct/library/report/3797,2026-09-16
FC000875,F090,protein_g_100g,25.3,https://i.fnri.dost.gov.ph/fct/library/report/3797,2026-09-16
FC000875,F090,carbs_g_100g,1.2,https://i.fnri.dost.gov.ph/fct/library/report/3797,2026-09-16
FC000875,F090,fat_g_100g,14.6,https://i.fnri.dost.gov.ph/fct/library/report/3797,2026-09-16
FC000875,F090,fiber_g_100g,-,https://i.fnri.dost.gov.ph/fct/library/report/3797,2026-09-16
FC000875,F090,sugar_g_100g,0.4,https://i.fnri.dost.gov.ph/fct/library/report/3797,2026-09-16
FC000875,F090,sodium_mg_100g,151,https://i.fnri.dost.gov.ph/fct/library/report/3797,2026-09-16
FC000875,F090,cholesterol_mg_100g,-,https://i.fnri.dost.gov.ph/fct/library/report/3797,2026-09-16
FC000876,F100,kcal_100g,155,https://i.fnri.dost.gov.ph/fct/library/report/3807,2026-09-16
FC000876,F100,protein_g_100g,13.0,https://i.fnri.dost.gov.ph/fct/library/report/3807,2026-09-16
FC000876,F100,carbs_g_100g,0.0,https://i.fnri.dost.gov.ph/fct/library/report/3807,2026-09-16
FC000876,F100,fat_g_100g,11.4,https://i.fnri.dost.gov.ph/fct/library/report/3807,2026-09-16
FC000876,F100,fiber_g_100g,-,https://i.fnri.dost.gov.ph/fct/library/report/3807,2026-09-16
FC000876,F100,sugar_g_100g,-,https://i.fnri.dost.gov.ph/fct/library/report/3807,2026-09-16
FC000876,F100,sodium_mg_100g,24,https://i.fnri.dost.gov.ph/fct/library/report/3807,2026-09-16
FC000876,F100,cholesterol_mg_100g,-,https://i.fnri.dost.gov.ph/fct/library/report/3807,2026-09-16
FC000877,F101,kcal_100g,210,https://i.fnri.dost.gov.ph/fct/library/report/3808,2026-09-16
FC000877,F101,protein_g_100g,28.2,https://i.fnri.dost.gov.ph/fct/library/report/3808,2026-09-16
FC000877,F101,carbs_g_100g,3.0,https://i.fnri.dost.gov.ph/fct/library/report/3808,2026-09-16
FC000877,F101,fat_g_100g,9.6,https://i.fnri.dost.gov.ph/fct/library/report/3808,2026-09-16
FC000877,F101,fiber_g_100g,0.0,https://i.fnri.dost.gov.ph/fct/library/report/3808,2026-09-16
FC000877,F101,sugar_g_100g,0.2,https://i.fnri.dost.gov.ph/fct/library/report/3808,2026-09-16
FC000877,F101,sodium_mg_100g,554,https://i.fnri.dost.gov.ph/fct/library/report/3808,2026-09-16
FC000877,F101,cholesterol_mg_100g,998,https://i.fnri.dost.gov.ph/fct/library/report/3808,2026-09-16
FC000878,F116,kcal_100g,191,https://i.fnri.dost.gov.ph/fct/library/report/3823,2026-09-16
FC000878,F116,protein_g_100g,22.6,https://i.fnri.dost.gov.ph/fct/library/report/3823,2026-09-16
FC000878,F116,carbs_g_100g,0.0,https://i.fnri.dost.gov.ph/fct/library/report/3823,2026-09-16
FC000878,F116,fat_g_100g,11.2,https://i.fnri.dost.gov.ph/fct/library/report/3823,2026-09-16
FC000878,F116,fiber_g_100g,0.0,https://i.fnri.dost.gov.ph/fct/library/report/3823,2026-09-16
FC000878,F116,sugar_g_100g,0.0,https://i.fnri.dost.gov.ph/fct/library/report/3823,2026-09-16
FC000878,F116,sodium_mg_100g,42,https://i.fnri.dost.gov.ph/fct/library/report/3823,2026-09-16
FC000878,F116,cholesterol_mg_100g,-,https://i.fnri.dost.gov.ph/fct/library/report/3823,2026-09-16
FC000879,F118,kcal_100g,157,https://i.fnri.dost.gov.ph/fct/library/report/3825,2026-09-16
FC000879,F118,protein_g_100g,22.8,https://i.fnri.dost.gov.ph/fct/library/report/3825,2026-09-16
FC000879,F118,carbs_g_100g,0.0,https://i.fnri.dost.gov.ph/fct/library/report/3825,2026-09-16
FC000879,F118,fat_g_100g,7.3,https://i.fnri.dost.gov.ph/fct/library/report/3825,2026-09-16
FC000879,F118,fiber_g_100g,0.0,https://i.fnri.dost.gov.ph/fct/library/report/3825,2026-09-16
FC000879,F118,sugar_g_100g,0.0,https://i.fnri.dost.gov.ph/fct/library/report/3825,2026-09-16
FC000879,F118,sodium_mg_100g,89,https://i.fnri.dost.gov.ph/fct/library/report/3825,2026-09-16
FC000879,F118,cholesterol_mg_100g,94,https://i.fnri.dost.gov.ph/fct/library/report/3825,2026-09-16
FC000880,F119,kcal_100g,108,https://i.fnri.dost.gov.ph/fct/library/report/3826,2026-09-16
FC000880,F119,protein_g_100g,22.1,https://i.fnri.dost.gov.ph/fct/library/report/3826,2026-09-16
FC000880,F119,carbs_g_100g,0.0,https://i.fnri.dost.gov.ph/fct/library/report/3826,2026-09-16
FC000880,F119,fat_g_100g,2.2,https://i.fnri.dost.gov.ph/fct/library/report/3826,2026-09-16
FC000880,F119,fiber_g_100g,0.0,https://i.fnri.dost.gov.ph/fct/library/report/3826,2026-09-16
FC000880,F119,sugar_g_100g,0.0,https://i.fnri.dost.gov.ph/fct/library/report/3826,2026-09-16
FC000880,F119,sodium_mg_100g,84,https://i.fnri.dost.gov.ph/fct/library/report/3826,2026-09-16
FC000880,F119,cholesterol_mg_100g,-,https://i.fnri.dost.gov.ph/fct/library/report/3826,2026-09-16
FC000881,F120,kcal_100g,116,https://i.fnri.dost.gov.ph/fct/library/report/3827,2026-09-16
FC000881,F120,protein_g_100g,15.6,https://i.fnri.dost.gov.ph/fct/library/report/3827,2026-09-16
FC000881,F120,carbs_g_100g,4.9,https://i.fnri.dost.gov.ph/fct/library/report/3827,2026-09-16
FC000881,F120,fat_g_100g,3.8,https://i.fnri.dost.gov.ph/fct/library/report/3827,2026-09-16
FC000881,F120,fiber_g_100g,0.0,https://i.fnri.dost.gov.ph/fct/library/report/3827,2026-09-16
FC000881,F120,sugar_g_100g,0.0,https://i.fnri.dost.gov.ph/fct/library/report/3827,2026-09-16
FC000881,F120,sodium_mg_100g,127,https://i.fnri.dost.gov.ph/fct/library/report/3827,2026-09-16
FC000881,F120,cholesterol_mg_100g,422,https://i.fnri.dost.gov.ph/fct/library/report/3827,2026-09-16
FC000882,F121,kcal_100g,171,https://i.fnri.dost.gov.ph/fct/library/report/3828,2026-09-16
FC000882,F121,protein_g_100g,20.5,https://i.fnri.dost.gov.ph/fct/library/report/3828,2026-09-16
FC000882,F121,carbs_g_100g,0.0,https://i.fnri.dost.gov.ph/fct/library/report/3828,2026-09-16
FC000882,F121,fat_g_100g,9.9,https://i.fnri.dost.gov.ph/fct/library/report/3828,2026-09-16
FC000882,F121,fiber_g_100g,0.0,https://i.fnri.dost.gov.ph/fct/library/report/3828,2026-09-16
FC000882,F121,sugar_g_100g,0.0,https://i.fnri.dost.gov.ph/fct/library/report/3828,2026-09-16
FC000882,F121,sodium_mg_100g,38,https://i.fnri.dost.gov.ph/fct/library/report/3828,2026-09-16
FC000882,F121,cholesterol_mg_100g,-,https://i.fnri.dost.gov.ph/fct/library/report/3828,2026-09-16
FC000883,F122,kcal_100g,144,https://i.fnri.dost.gov.ph/fct/library/report/3829,2026-09-16
FC000883,F122,protein_g_100g,24.4,https://i.fnri.dost.gov.ph/fct/library/report/3829,2026-09-16
FC000883,F122,carbs_g_100g,0.0,https://i.fnri.dost.gov.ph/fct/library/report/3829,2026-09-16
FC000883,F122,fat_g_100g,5.2,https://i.fnri.dost.gov.ph/fct/library/report/3829,2026-09-16
FC000883,F122,fiber_g_100g,0.0,https://i.fnri.dost.gov.ph/fct/library/report/3829,2026-09-16
FC000883,F122,sugar_g_100g,0.0,https://i.fnri.dost.gov.ph/fct/library/report/3829,2026-09-16
FC000883,F122,sodium_mg_100g,37,https://i.fnri.dost.gov.ph/fct/library/report/3829,2026-09-16
FC000883,F122,cholesterol_mg_100g,-,https://i.fnri.dost.gov.ph/fct/library/report/3829,2026-09-16
FC000884,F128,kcal_100g,149,https://i.fnri.dost.gov.ph/fct/library/report/3835,2026-09-16
FC000884,F128,protein_g_100g,16.6,https://i.fnri.dost.gov.ph/fct/library/report/3835,2026-09-16
FC000884,F128,carbs_g_100g,0.0,https://i.fnri.dost.gov.ph/fct/library/report/3835,2026-09-16
FC000884,F128,fat_g_100g,9.2,https://i.fnri.dost.gov.ph/fct/library/report/3835,2026-09-16
FC000884,F128,fiber_g_100g,0.0,https://i.fnri.dost.gov.ph/fct/library/report/3835,2026-09-16
FC000884,F128,sugar_g_100g,0.0,https://i.fnri.dost.gov.ph/fct/library/report/3835,2026-09-16
FC000884,F128,sodium_mg_100g,76,https://i.fnri.dost.gov.ph/fct/library/report/3835,2026-09-16
FC000884,F128,cholesterol_mg_100g,52,https://i.fnri.dost.gov.ph/fct/library/report/3835,2026-09-16
FC000885,F129,kcal_100g,135,https://i.fnri.dost.gov.ph/fct/library/report/3836,2026-09-16
FC000885,F129,protein_g_100g,19.9,https://i.fnri.dost.gov.ph/fct/library/report/3836,2026-09-16
FC000885,F129,carbs_g_100g,0.0,https://i.fnri.dost.gov.ph/fct/library/report/3836,2026-09-16
FC000885,F129,fat_g_100g,6.1,https://i.fnri.dost.gov.ph/fct/library/report/3836,2026-09-16
FC000885,F129,fiber_g_100g,0.0,https://i.fnri.dost.gov.ph/fct/library/report/3836,2026-09-16
FC000885,F129,sugar_g_100g,0.0,https://i.fnri.dost.gov.ph/fct/library/report/3836,2026-09-16
FC000885,F129,sodium_mg_100g,59,https://i.fnri.dost.gov.ph/fct/library/report/3836,2026-09-16
FC000885,F129,cholesterol_mg_100g,33,https://i.fnri.dost.gov.ph/fct/library/report/3836,2026-09-16
FC000886,F130,kcal_100g,124,https://i.fnri.dost.gov.ph/fct/library/report/3837,2026-09-16
FC000886,F130,protein_g_100g,20.6,https://i.fnri.dost.gov.ph/fct/library/report/3837,2026-09-16
FC000886,F130,carbs_g_100g,0.0,https://i.fnri.dost.gov.ph/fct/library/report/3837,2026-09-16
FC000886,F130,fat_g_100g,4.6,https://i.fnri.dost.gov.ph/fct/library/report/3837,2026-09-16
FC000886,F130,fiber_g_100g,0.0,https://i.fnri.dost.gov.ph/fct/library/report/3837,2026-09-16
FC000886,F130,sugar_g_100g,0.0,https://i.fnri.dost.gov.ph/fct/library/report/3837,2026-09-16
FC000886,F130,sodium_mg_100g,62,https://i.fnri.dost.gov.ph/fct/library/report/3837,2026-09-16
FC000886,F130,cholesterol_mg_100g,-,https://i.fnri.dost.gov.ph/fct/library/report/3837,2026-09-16
FC000887,F132,kcal_100g,123,https://i.fnri.dost.gov.ph/fct/library/report/3839,2026-09-16
FC000887,F132,protein_g_100g,20.2,https://i.fnri.dost.gov.ph/fct/library/report/3839,2026-09-16
FC000887,F132,carbs_g_100g,0.0,https://i.fnri.dost.gov.ph/fct/library/report/3839,2026-09-16
FC000887,F132,fat_g_100g,4.7,https://i.fnri.dost.gov.ph/fct/library/report/3839,2026-09-16
FC000887,F132,fiber_g_100g,0.0,https://i.fnri.dost.gov.ph/fct/library/report/3839,2026-09-16
FC000887,F132,sugar_g_100g,0.0,https://i.fnri.dost.gov.ph/fct/library/report/3839,2026-09-16
FC000887,F132,sodium_mg_100g,64,https://i.fnri.dost.gov.ph/fct/library/report/3839,2026-09-16
FC000887,F132,cholesterol_mg_100g,-,https://i.fnri.dost.gov.ph/fct/library/report/3839,2026-09-16
FC000888,F134,kcal_100g,141,https://i.fnri.dost.gov.ph/fct/library/report/3841,2026-09-16
FC000888,F134,protein_g_100g,18.9,https://i.fnri.dost.gov.ph/fct/library/report/3841,2026-09-16
FC000888,F134,carbs_g_100g,0.0,https://i.fnri.dost.gov.ph/fct/library/report/3841,2026-09-16
FC000888,F134,fat_g_100g,7.3,https://i.fnri.dost.gov.ph/fct/library/report/3841,2026-09-16
FC000888,F134,fiber_g_100g,0.0,https://i.fnri.dost.gov.ph/fct/library/report/3841,2026-09-16
FC000888,F134,sugar_g_100g,0.0,https://i.fnri.dost.gov.ph/fct/library/report/3841,2026-09-16
FC000888,F134,sodium_mg_100g,56,https://i.fnri.dost.gov.ph/fct/library/report/3841,2026-09-16
FC000888,F134,cholesterol_mg_100g,-,https://i.fnri.dost.gov.ph/fct/library/report/3841,2026-09-16
FC000889,F135,kcal_100g,157,https://i.fnri.dost.gov.ph/fct/library/report/3842,2026-09-16
FC000889,F135,protein_g_100g,16.9,https://i.fnri.dost.gov.ph/fct/library/report/3842,2026-09-16
FC000889,F135,carbs_g_100g,0.0,https://i.fnri.dost.gov.ph/fct/library/report/3842,2026-09-16
FC000889,F135,fat_g_100g,9.9,https://i.fnri.dost.gov.ph/fct/library/report/3842,2026-09-16
FC000889,F135,fiber_g_100g,0.0,https://i.fnri.dost.gov.ph/fct/library/report/3842,2026-09-16
FC000889,F135,sugar_g_100g,0.0,https://i.fnri.dost.gov.ph/fct/library/report/3842,2026-09-16
FC000889,F135,sodium_mg_100g,68,https://i.fnri.dost.gov.ph/fct/library/report/3842,2026-09-16
FC000889,F135,cholesterol_mg_100g,-,https://i.fnri.dost.gov.ph/fct/library/report/3842,2026-09-16
FC000890,F136,kcal_100g,129,https://i.fnri.dost.gov.ph/fct/library/report/3843,2026-09-16
FC000890,F136,protein_g_100g,19.2,https://i.fnri.dost.gov.ph/fct/library/report/3843,2026-09-16
FC000890,F136,carbs_g_100g,0.0,https://i.fnri.dost.gov.ph/fct/library/report/3843,2026-09-16
FC000890,F136,fat_g_100g,5.8,https://i.fnri.dost.gov.ph/fct/library/report/3843,2026-09-16
FC000890,F136,fiber_g_100g,0.0,https://i.fnri.dost.gov.ph/fct/library/report/3843,2026-09-16
FC000890,F136,sugar_g_100g,0.0,https://i.fnri.dost.gov.ph/fct/library/report/3843,2026-09-16
FC000890,F136,sodium_mg_100g,59,https://i.fnri.dost.gov.ph/fct/library/report/3843,2026-09-16
FC000890,F136,cholesterol_mg_100g,-,https://i.fnri.dost.gov.ph/fct/library/report/3843,2026-09-16
FC000891,F137,kcal_100g,134,https://i.fnri.dost.gov.ph/fct/library/report/3844,2026-09-16
FC000891,F137,protein_g_100g,16.1,https://i.fnri.dost.gov.ph/fct/library/report/3844,2026-09-16
FC000891,F137,carbs_g_100g,0.0,https://i.fnri.dost.gov.ph/fct/library/report/3844,2026-09-16
FC000891,F137,fat_g_100g,7.7,https://i.fnri.dost.gov.ph/fct/library/report/3844,2026-09-16
FC000891,F137,fiber_g_100g,0.0,https://i.fnri.dost.gov.ph/fct/library/report/3844,2026-09-16
FC000891,F137,sugar_g_100g,0.0,https://i.fnri.dost.gov.ph/fct/library/report/3844,2026-09-16
FC000891,F137,sodium_mg_100g,64,https://i.fnri.dost.gov.ph/fct/library/report/3844,2026-09-16
FC000891,F137,cholesterol_mg_100g,-,https://i.fnri.dost.gov.ph/fct/library/report/3844,2026-09-16
FC000892,F168,kcal_100g,81,https://i.fnri.dost.gov.ph/fct/library/report/3875,2026-09-16
FC000892,F168,protein_g_100g,9.6,https://i.fnri.dost.gov.ph/fct/library/report/3875,2026-09-16
FC000892,F168,carbs_g_100g,5.6,https://i.fnri.dost.gov.ph/fct/library/report/3875,2026-09-16
FC000892,F168,fat_g_100g,2.2,https://i.fnri.dost.gov.ph/fct/library/report/3875,2026-09-16
FC000892,F168,fiber_g_100g,0.0,https://i.fnri.dost.gov.ph/fct/library/report/3875,2026-09-16
FC000892,F168,sugar_g_100g,0.0,https://i.fnri.dost.gov.ph/fct/library/report/3875,2026-09-16
FC000892,F168,sodium_mg_100g,39,https://i.fnri.dost.gov.ph/fct/library/report/3875,2026-09-16
FC000892,F168,cholesterol_mg_100g,-,https://i.fnri.dost.gov.ph/fct/library/report/3875,2026-09-16
FC000893,F169,kcal_100g,71,https://i.fnri.dost.gov.ph/fct/library/report/3876,2026-09-16
FC000893,F169,protein_g_100g,12.6,https://i.fnri.dost.gov.ph/fct/library/report/3876,2026-09-16
FC000893,F169,carbs_g_100g,0.0,https://i.fnri.dost.gov.ph/fct/library/report/3876,2026-09-16
FC000893,F169,fat_g_100g,2.3,https://i.fnri.dost.gov.ph/fct/library/report/3876,2026-09-16
FC000893,F169,fiber_g_100g,0.0,https://i.fnri.dost.gov.ph/fct/library/report/3876,2026-09-16
FC000893,F169,sugar_g_100g,0.0,https://i.fnri.dost.gov.ph/fct/library/report/3876,2026-09-16
FC000893,F169,sodium_mg_100g,107,https://i.fnri.dost.gov.ph/fct/library/report/3876,2026-09-16
FC000893,F169,cholesterol_mg_100g,-,https://i.fnri.dost.gov.ph/fct/library/report/3876,2026-09-16
FC000894,F170,kcal_100g,318,https://i.fnri.dost.gov.ph/fct/library/report/3877,2026-09-16
FC000894,F170,protein_g_100g,20.6,https://i.fnri.dost.gov.ph/fct/library/report/3877,2026-09-16
FC000894,F170,carbs_g_100g,3.0,https://i.fnri.dost.gov.ph/fct/library/report/3877,2026-09-16
FC000894,F170,fat_g_100g,24.8,https://i.fnri.dost.gov.ph/fct/library/report/3877,2026-09-16
FC000894,F170,fiber_g_100g,0.0,https://i.fnri.dost.gov.ph/fct/library/report/3877,2026-09-16
FC000894,F170,sugar_g_100g,0.6,https://i.fnri.dost.gov.ph/fct/library/report/3877,2026-09-16
FC000894,F170,sodium_mg_100g,577,https://i.fnri.dost.gov.ph/fct/library/report/3877,2026-09-16
FC000894,F170,cholesterol_mg_100g,747,https://i.fnri.dost.gov.ph/fct/library/report/3877,2026-09-16
FC000895,F188,kcal_100g,241,https://i.fnri.dost.gov.ph/fct/library/report/3895,2026-09-16
FC000895,F188,protein_g_100g,14.8,https://i.fnri.dost.gov.ph/fct/library/report/3895,2026-09-16
FC000895,F188,carbs_g_100g,0.1,https://i.fnri.dost.gov.ph/fct/library/report/3895,2026-09-16
FC000895,F188,fat_g_100g,20.2,https://i.fnri.dost.gov.ph/fct/library/report/3895,2026-09-16
FC000895,F188,fiber_g_100g,0.0,https://i.fnri.dost.gov.ph/fct/library/report/3895,2026-09-16
FC000895,F188,sugar_g_100g,0.0,https://i.fnri.dost.gov.ph/fct/library/report/3895,2026-09-16
FC000895,F188,sodium_mg_100g,93,https://i.fnri.dost.gov.ph/fct/library/report/3895,2026-09-16
FC000895,F188,cholesterol_mg_100g,119,https://i.fnri.dost.gov.ph/fct/library/report/3895,2026-09-16
FC000896,F203,kcal_100g,154,https://i.fnri.dost.gov.ph/fct/library/report/3910,2026-09-16
FC000896,F203,protein_g_100g,21.1,https://i.fnri.dost.gov.ph/fct/library/report/3910,2026-09-16
FC000896,F203,carbs_g_100g,0.0,https://i.fnri.dost.gov.ph/fct/library/report/3910,2026-09-16
FC000896,F203,fat_g_100g,7.7,https://i.fnri.dost.gov.ph/fct/library/report/3910,2026-09-16
FC000896,F203,fiber_g_100g,0.0,https://i.fnri.dost.gov.ph/fct/library/report/3910,2026-09-16
FC000896,F203,sugar_g_100g,0.0,https://i.fnri.dost.gov.ph/fct/library/report/3910,2026-09-16
FC000896,F203,sodium_mg_100g,51,https://i.fnri.dost.gov.ph/fct/library/report/3910,2026-09-16
FC000896,F203,cholesterol_mg_100g,119,https://i.fnri.dost.gov.ph/fct/library/report/3910,2026-09-16
FC000897,F208,kcal_100g,100,https://i.fnri.dost.gov.ph/fct/library/report/3915,2026-09-16
FC000897,F208,protein_g_100g,24.1,https://i.fnri.dost.gov.ph/fct/library/report/3915,2026-09-16
FC000897,F208,carbs_g_100g,0.0,https://i.fnri.dost.gov.ph/fct/library/report/3915,2026-09-16
FC000897,F208,fat_g_100g,0.4,https://i.fnri.dost.gov.ph/fct/library/report/3915,2026-09-16
FC000897,F208,fiber_g_100g,0.0,https://i.fnri.dost.gov.ph/fct/library/report/3915,2026-09-16
FC000897,F208,sugar_g_100g,0.1,https://i.fnri.dost.gov.ph/fct/library/report/3915,2026-09-16
FC000897,F208,sodium_mg_100g,115,https://i.fnri.dost.gov.ph/fct/library/report/3915,2026-09-16
FC000897,F208,cholesterol_mg_100g,-,https://i.fnri.dost.gov.ph/fct/library/report/3915,2026-09-16
FC000898,F210,kcal_100g,100,https://i.fnri.dost.gov.ph/fct/library/report/3917,2026-09-16
FC000898,F210,protein_g_100g,20.3,https://i.fnri.dost.gov.ph/fct/library/report/3917,2026-09-16
FC000898,F210,carbs_g_100g,0.0,https://i.fnri.dost.gov.ph/fct/library/report/3917,2026-09-16
FC000898,F210,fat_g_100g,2.1,https://i.fnri.dost.gov.ph/fct/library/report/3917,2026-09-16
FC000898,F210,fiber_g_100g,0.0,https://i.fnri.dost.gov.ph/fct/library/report/3917,2026-09-16
FC000898,F210,sugar_g_100g,0.0,https://i.fnri.dost.gov.ph/fct/library/report/3917,2026-09-16
FC000898,F210,sodium_mg_100g,61,https://i.fnri.dost.gov.ph/fct/library/report/3917,2026-09-16
FC000898,F210,cholesterol_mg_100g,-,https://i.fnri.dost.gov.ph/fct/library/report/3917,2026-09-16
FC000899,F219,kcal_100g,220,https://i.fnri.dost.gov.ph/fct/library/report/3926,2026-09-16
FC000899,F219,protein_g_100g,51.7,https://i.fnri.dost.gov.ph/fct/library/report/3926,2026-09-16
FC000899,F219,carbs_g_100g,0.0,https://i.fnri.dost.gov.ph/fct/library/report/3926,2026-09-16
FC000899,F219,fat_g_100g,1.5,https://i.fnri.dost.gov.ph/fct/library/report/3926,2026-09-16
FC000899,F219,fiber_g_100g,0.0,https://i.fnri.dost.gov.ph/fct/library/report/3926,2026-09-16
FC000899,F219,sugar_g_100g,0.0,https://i.fnri.dost.gov.ph/fct/library/report/3926,2026-09-16
FC000899,F219,sodium_mg_100g,1895,https://i.fnri.dost.gov.ph/fct/library/report/3926,2026-09-16
FC000899,F219,cholesterol_mg_100g,-,https://i.fnri.dost.gov.ph/fct/library/report/3926,2026-09-16
FC000900,F220,kcal_100g,211,https://i.fnri.dost.gov.ph/fct/library/report/3927,2026-09-16
FC000900,F220,protein_g_100g,8.4,https://i.fnri.dost.gov.ph/fct/library/report/3927,2026-09-16
FC000900,F220,carbs_g_100g,9.8,https://i.fnri.dost.gov.ph/fct/library/report/3927,2026-09-16
FC000900,F220,fat_g_100g,15.4,https://i.fnri.dost.gov.ph/fct/library/report/3927,2026-09-16
FC000900,F220,fiber_g_100g,0.0,https://i.fnri.dost.gov.ph/fct/library/report/3927,2026-09-16
FC000900,F220,sugar_g_100g,0.0,https://i.fnri.dost.gov.ph/fct/library/report/3927,2026-09-16
FC000900,F220,sodium_mg_100g,407,https://i.fnri.dost.gov.ph/fct/library/report/3927,2026-09-16
FC000900,F220,cholesterol_mg_100g,460,https://i.fnri.dost.gov.ph/fct/library/report/3927,2026-09-16
FC000901,F221,kcal_100g,147,https://i.fnri.dost.gov.ph/fct/library/report/3928,2026-09-16
FC000901,F221,protein_g_100g,9.8,https://i.fnri.dost.gov.ph/fct/library/report/3928,2026-09-16
FC000901,F221,carbs_g_100g,16.1,https://i.fnri.dost.gov.ph/fct/library/report/3928,2026-09-16
FC000901,F221,fat_g_100g,4.8,https://i.fnri.dost.gov.ph/fct/library/report/3928,2026-09-16
FC000901,F221,fiber_g_100g,-,https://i.fnri.dost.gov.ph/fct/library/report/3928,2026-09-16
FC000901,F221,sugar_g_100g,-,https://i.fnri.dost.gov.ph/fct/library/report/3928,2026-09-16
FC000901,F221,sodium_mg_100g,-,https://i.fnri.dost.gov.ph/fct/library/report/3928,2026-09-16
FC000901,F221,cholesterol_mg_100g,23,https://i.fnri.dost.gov.ph/fct/library/report/3928,2026-09-16
FC000902,F224,kcal_100g,211,https://i.fnri.dost.gov.ph/fct/library/report/3931,2026-09-16
FC000902,F224,protein_g_100g,10.4,https://i.fnri.dost.gov.ph/fct/library/report/3931,2026-09-16
FC000902,F224,carbs_g_100g,9.6,https://i.fnri.dost.gov.ph/fct/library/report/3931,2026-09-16
FC000902,F224,fat_g_100g,14.5,https://i.fnri.dost.gov.ph/fct/library/report/3931,2026-09-16
FC000902,F224,fiber_g_100g,0.3,https://i.fnri.dost.gov.ph/fct/library/report/3931,2026-09-16
FC000902,F224,sugar_g_100g,0.4,https://i.fnri.dost.gov.ph/fct/library/report/3931,2026-09-16
FC000902,F224,sodium_mg_100g,624,https://i.fnri.dost.gov.ph/fct/library/report/3931,2026-09-16
FC000902,F224,cholesterol_mg_100g,46,https://i.fnri.dost.gov.ph/fct/library/report/3931,2026-09-16
FC000903,F225,kcal_100g,227,https://i.fnri.dost.gov.ph/fct/library/report/3932,2026-09-16
FC000903,F225,protein_g_100g,13.3,https://i.fnri.dost.gov.ph/fct/library/report/3932,2026-09-16
FC000903,F225,carbs_g_100g,3.1,https://i.fnri.dost.gov.ph/fct/library/report/3932,2026-09-16
FC000903,F225,fat_g_100g,17.9,https://i.fnri.dost.gov.ph/fct/library/report/3932,2026-09-16
FC000903,F225,fiber_g_100g,0.0,https://i.fnri.dost.gov.ph/fct/library/report/3932,2026-09-16
FC000903,F225,sugar_g_100g,1.8,https://i.fnri.dost.gov.ph/fct/library/report/3932,2026-09-16
FC000903,F225,sodium_mg_100g,689,https://i.fnri.dost.gov.ph/fct/library/report/3932,2026-09-16
FC000903,F225,cholesterol_mg_100g,114,https://i.fnri.dost.gov.ph/fct/library/report/3932,2026-09-16
FC000904,F229,kcal_100g,220,https://i.fnri.dost.gov.ph/fct/library/report/3936,2026-09-16
FC000904,F229,protein_g_100g,14.1,https://i.fnri.dost.gov.ph/fct/library/report/3936,2026-09-16
FC000904,F229,carbs_g_100g,4.6,https://i.fnri.dost.gov.ph/fct/library/report/3936,2026-09-16
FC000904,F229,fat_g_100g,16.1,https://i.fnri.dost.gov.ph/fct/library/report/3936,2026-09-16
FC000904,F229,fiber_g_100g,0.0,https://i.fnri.dost.gov.ph/fct/library/report/3936,2026-09-16
FC000904,F229,sugar_g_100g,0.0,https://i.fnri.dost.gov.ph/fct/library/report/3936,2026-09-16
FC000904,F229,sodium_mg_100g,1250,https://i.fnri.dost.gov.ph/fct/library/report/3936,2026-09-16
FC000904,F229,cholesterol_mg_100g,42,https://i.fnri.dost.gov.ph/fct/library/report/3936,2026-09-16
FC000905,F231,kcal_100g,117,https://i.fnri.dost.gov.ph/fct/library/report/3938,2026-09-16
FC000905,F231,protein_g_100g,10.7,https://i.fnri.dost.gov.ph/fct/library/report/3938,2026-09-16
FC000905,F231,carbs_g_100g,8.7,https://i.fnri.dost.gov.ph/fct/library/report/3938,2026-09-16
FC000905,F231,fat_g_100g,4.4,https://i.fnri.dost.gov.ph/fct/library/report/3938,2026-09-16
FC000905,F231,fiber_g_100g,1.2,https://i.fnri.dost.gov.ph/fct/library/report/3938,2026-09-16
FC000905,F231,sugar_g_100g,2.9,https://i.fnri.dost.gov.ph/fct/library/report/3938,2026-09-16
FC000905,F231,sodium_mg_100g,1208,https://i.fnri.dost.gov.ph/fct/library/report/3938,2026-09-16
FC000905,F231,cholesterol_mg_100g,35,https://i.fnri.dost.gov.ph/fct/library/report/3938,2026-09-16
FC000906,F233,kcal_100g,232,https://i.fnri.dost.gov.ph/fct/library/report/3940,2026-09-16
FC000906,F233,protein_g_100g,14.5,https://i.fnri.dost.gov.ph/fct/library/report/3940,2026-09-16
FC000906,F233,carbs_g_100g,4.0,https://i.fnri.dost.gov.ph/fct/library/report/3940,2026-09-16
FC000906,F233,fat_g_100g,17.5,https://i.fnri.dost.gov.ph/fct/library/report/3940,2026-09-16
FC000906,F233,fiber_g_100g,0.0,https://i.fnri.dost.gov.ph/fct/library/report/3940,2026-09-16
FC000906,F233,sugar_g_100g,0.0,https://i.fnri.dost.gov.ph/fct/library/report/3940,2026-09-16
FC000906,F233,sodium_mg_100g,600,https://i.fnri.dost.gov.ph/fct/library/report/3940,2026-09-16
FC000906,F233,cholesterol_mg_100g,159,https://i.fnri.dost.gov.ph/fct/library/report/3940,2026-09-16
FC000907,F234,kcal_100g,185,https://i.fnri.dost.gov.ph/fct/library/report/3941,2026-09-16
FC000907,F234,protein_g_100g,9.3,https://i.fnri.dost.gov.ph/fct/library/report/3941,2026-09-16
FC000907,F234,carbs_g_100g,14.9,https://i.fnri.dost.gov.ph/fct/library/report/3941,2026-09-16
FC000907,F234,fat_g_100g,9.8,https://i.fnri.dost.gov.ph/fct/library/report/3941,2026-09-16
FC000907,F234,fiber_g_100g,1.7,https://i.fnri.dost.gov.ph/fct/library/report/3941,2026-09-16
FC000907,F234,sugar_g_100g,3.2,https://i.fnri.dost.gov.ph/fct/library/report/3941,2026-09-16
FC000907,F234,sodium_mg_100g,699,https://i.fnri.dost.gov.ph/fct/library/report/3941,2026-09-16
FC000907,F234,cholesterol_mg_100g,93,https://i.fnri.dost.gov.ph/fct/library/report/3941,2026-09-16
FC000908,F237,kcal_100g,321,https://i.fnri.dost.gov.ph/fct/library/report/3944,2026-09-16
FC000908,F237,protein_g_100g,13.6,https://i.fnri.dost.gov.ph/fct/library/report/3944,2026-09-16
FC000908,F237,carbs_g_100g,2.3,https://i.fnri.dost.gov.ph/fct/library/report/3944,2026-09-16
FC000908,F237,fat_g_100g,28.6,https://i.fnri.dost.gov.ph/fct/library/report/3944,2026-09-16
FC000908,F237,fiber_g_100g,0.0,https://i.fnri.dost.gov.ph/fct/library/report/3944,2026-09-16
FC000908,F237,sugar_g_100g,0.0,https://i.fnri.dost.gov.ph/fct/library/report/3944,2026-09-16
FC000908,F237,sodium_mg_100g,1414,https://i.fnri.dost.gov.ph/fct/library/report/3944,2026-09-16
FC000908,F237,cholesterol_mg_100g,76,https://i.fnri.dost.gov.ph/fct/library/report/3944,2026-09-16
FC000909,F238,kcal_100g,296,https://i.fnri.dost.gov.ph/fct/library/report/3945,2026-09-16
FC000909,F238,protein_g_100g,10.7,https://i.fnri.dost.gov.ph/fct/library/report/3945,2026-09-16
FC000909,F238,carbs_g_100g,7.1,https://i.fnri.dost.gov.ph/fct/library/report/3945,2026-09-16
FC000909,F238,fat_g_100g,25.0,https://i.fnri.dost.gov.ph/fct/library/report/3945,2026-09-16
FC000909,F238,fiber_g_100g,0.0,https://i.fnri.dost.gov.ph/fct/library/report/3945,2026-09-16
FC000909,F238,sugar_g_100g,2.8,https://i.fnri.dost.gov.ph/fct/library/report/3945,2026-09-16
FC000909,F238,sodium_mg_100g,902,https://i.fnri.dost.gov.ph/fct/library/report/3945,2026-09-16
FC000909,F238,cholesterol_mg_100g,51,https://i.fnri.dost.gov.ph/fct/library/report/3945,2026-09-16
FC000910,F241,kcal_100g,373,https://i.fnri.dost.gov.ph/fct/library/report/3948,2026-09-16
FC000910,F241,protein_g_100g,37.8,https://i.fnri.dost.gov.ph/fct/library/report/3948,2026-09-16
FC000910,F241,carbs_g_100g,0.0,https://i.fnri.dost.gov.ph/fct/library/report/3948,2026-09-16
FC000910,F241,fat_g_100g,24.6,https://i.fnri.dost.gov.ph/fct/library/report/3948,2026-09-16
FC000910,F241,fiber_g_100g,0.0,https://i.fnri.dost.gov.ph/fct/library/report/3948,2026-09-16
FC000910,F241,sugar_g_100g,0.0,https://i.fnri.dost.gov.ph/fct/library/report/3948,2026-09-16
FC000910,F241,sodium_mg_100g,324,https://i.fnri.dost.gov.ph/fct/library/report/3948,2026-09-16
FC000910,F241,cholesterol_mg_100g,-,https://i.fnri.dost.gov.ph/fct/library/report/3948,2026-09-16
FC000911,G025,kcal_100g,62,https://i.fnri.dost.gov.ph/fct/library/report/4005,2026-09-16
FC000911,G025,protein_g_100g,9.0,https://i.fnri.dost.gov.ph/fct/library/report/4005,2026-09-16
FC000911,G025,carbs_g_100g,3.0,https://i.fnri.dost.gov.ph/fct/library/report/4005,2026-09-16
FC000911,G025,fat_g_100g,1.6,https://i.fnri.dost.gov.ph/fct/library/report/4005,2026-09-16
FC000911,G025,fiber_g_100g,0.0,https://i.fnri.dost.gov.ph/fct/library/report/4005,2026-09-16
FC000911,G025,sugar_g_100g,0.0,https://i.fnri.dost.gov.ph/fct/library/report/4005,2026-09-16
FC000911,G025,sodium_mg_100g,921,https://i.fnri.dost.gov.ph/fct/library/report/4005,2026-09-16
FC000911,G025,cholesterol_mg_100g,50,https://i.fnri.dost.gov.ph/fct/library/report/4005,2026-09-16
FC000912,G026,kcal_100g,59,https://i.fnri.dost.gov.ph/fct/library/report/4006,2026-09-16
FC000912,G026,protein_g_100g,12.2,https://i.fnri.dost.gov.ph/fct/library/report/4006,2026-09-16
FC000912,G026,carbs_g_100g,0.3,https://i.fnri.dost.gov.ph/fct/library/report/4006,2026-09-16
FC000912,G026,fat_g_100g,1.0,https://i.fnri.dost.gov.ph/fct/library/report/4006,2026-09-16
FC000912,G026,fiber_g_100g,0.0,https://i.fnri.dost.gov.ph/fct/library/report/4006,2026-09-16
FC000912,G026,sugar_g_100g,0.0,https://i.fnri.dost.gov.ph/fct/library/report/4006,2026-09-16
FC000912,G026,sodium_mg_100g,457,https://i.fnri.dost.gov.ph/fct/library/report/4006,2026-09-16
FC000912,G026,cholesterol_mg_100g,31,https://i.fnri.dost.gov.ph/fct/library/report/4006,2026-09-16
FC000913,G027,kcal_100g,43,https://i.fnri.dost.gov.ph/fct/library/report/4007,2026-09-16
FC000913,G027,protein_g_100g,5.1,https://i.fnri.dost.gov.ph/fct/library/report/4007,2026-09-16
FC000913,G027,carbs_g_100g,4.0,https://i.fnri.dost.gov.ph/fct/library/report/4007,2026-09-16
FC000913,G027,fat_g_100g,0.7,https://i.fnri.dost.gov.ph/fct/library/report/4007,2026-09-16
FC000913,G027,fiber_g_100g,0.0,https://i.fnri.dost.gov.ph/fct/library/report/4007,2026-09-16
FC000913,G027,sugar_g_100g,0.0,https://i.fnri.dost.gov.ph/fct/library/report/4007,2026-09-16
FC000913,G027,sodium_mg_100g,294,https://i.fnri.dost.gov.ph/fct/library/report/4007,2026-09-16
FC000913,G027,cholesterol_mg_100g,-,https://i.fnri.dost.gov.ph/fct/library/report/4007,2026-09-16
FC000914,G029,kcal_100g,41,https://i.fnri.dost.gov.ph/fct/library/report/4009,2026-09-16
FC000914,G029,protein_g_100g,8.0,https://i.fnri.dost.gov.ph/fct/library/report/4009,2026-09-16
FC000914,G029,carbs_g_100g,1.4,https://i.fnri.dost.gov.ph/fct/library/report/4009,2026-09-16
FC000914,G029,fat_g_100g,0.4,https://i.fnri.dost.gov.ph/fct/library/report/4009,2026-09-16
FC000914,G029,fiber_g_100g,0.0,https://i.fnri.dost.gov.ph/fct/library/report/4009,2026-09-16
FC000914,G029,sugar_g_100g,0.0,https://i.fnri.dost.gov.ph/fct/library/report/4009,2026-09-16
FC000914,G029,sodium_mg_100g,329,https://i.fnri.dost.gov.ph/fct/library/report/4009,2026-09-16
FC000914,G029,cholesterol_mg_100g,25,https://i.fnri.dost.gov.ph/fct/library/report/4009,2026-09-16
FC000915,G033,kcal_100g,138,https://i.fnri.dost.gov.ph/fct/library/report/4013,2026-09-16
FC000915,G033,protein_g_100g,12.8,https://i.fnri.dost.gov.ph/fct/library/report/4013,2026-09-16
FC000915,G033,carbs_g_100g,17.3,https://i.fnri.dost.gov.ph/fct/library/report/4013,2026-09-16
FC000915,G033,fat_g_100g,2.0,https://i.fnri.dost.gov.ph/fct/library/report/4013,2026-09-16
FC000915,G033,fiber_g_100g,0.0,https://i.fnri.dost.gov.ph/fct/library/report/4013,2026-09-16
FC000915,G033,sugar_g_100g,0.0,https://i.fnri.dost.gov.ph/fct/library/report/4013,2026-09-16
FC000915,G033,sodium_mg_100g,961,https://i.fnri.dost.gov.ph/fct/library/report/4013,2026-09-16
FC000915,G033,cholesterol_mg_100g,63,https://i.fnri.dost.gov.ph/fct/library/report/4013,2026-09-16
FC000916,G035,kcal_100g,71,https://i.fnri.dost.gov.ph/fct/library/report/4015,2026-09-16
FC000916,G035,protein_g_100g,17.4,https://i.fnri.dost.gov.ph/fct/library/report/4015,2026-09-16
FC000916,G035,carbs_g_100g,0.0,https://i.fnri.dost.gov.ph/fct/library/report/4015,2026-09-16
FC000916,G035,fat_g_100g,0.2,https://i.fnri.dost.gov.ph/fct/library/report/4015,2026-09-16
FC000916,G035,fiber_g_100g,0.0,https://i.fnri.dost.gov.ph/fct/library/report/4015,2026-09-16
FC000916,G035,sugar_g_100g,0.0,https://i.fnri.dost.gov.ph/fct/library/report/4015,2026-09-16
FC000916,G035,sodium_mg_100g,56,https://i.fnri.dost.gov.ph/fct/library/report/4015,2026-09-16
FC000916,G035,cholesterol_mg_100g,-,https://i.fnri.dost.gov.ph/fct/library/report/4015,2026-09-16
FC000917,G043,kcal_100g,87,https://i.fnri.dost.gov.ph/fct/library/report/4023,2026-09-16
FC000917,G043,protein_g_100g,19.4,https://i.fnri.dost.gov.ph/fct/library/report/4023,2026-09-16
FC000917,G043,carbs_g_100g,0.0,https://i.fnri.dost.gov.ph/fct/library/report/4023,2026-09-16
FC000917,G043,fat_g_100g,1.0,https://i.fnri.dost.gov.ph/fct/library/report/4023,2026-09-16
FC000917,G043,fiber_g_100g,0.0,https://i.fnri.dost.gov.ph/fct/library/report/4023,2026-09-16
FC000917,G043,sugar_g_100g,0.0,https://i.fnri.dost.gov.ph/fct/library/report/4023,2026-09-16
FC000917,G043,sodium_mg_100g,88,https://i.fnri.dost.gov.ph/fct/library/report/4023,2026-09-16
FC000917,G043,cholesterol_mg_100g,35,https://i.fnri.dost.gov.ph/fct/library/report/4023,2026-09-16
FC000918,G044,kcal_100g,85,https://i.fnri.dost.gov.ph/fct/library/report/4024,2026-09-16
FC000918,G044,protein_g_100g,17.7,https://i.fnri.dost.gov.ph/fct/library/report/4024,2026-09-16
FC000918,G044,carbs_g_100g,0.0,https://i.fnri.dost.gov.ph/fct/library/report/4024,2026-09-16
FC000918,G044,fat_g_100g,1.6,https://i.fnri.dost.gov.ph/fct/library/report/4024,2026-09-16
FC000918,G044,fiber_g_100g,0.0,https://i.fnri.dost.gov.ph/fct/library/report/4024,2026-09-16
FC000918,G044,sugar_g_100g,0.0,https://i.fnri.dost.gov.ph/fct/library/report/4024,2026-09-16
FC000918,G044,sodium_mg_100g,83,https://i.fnri.dost.gov.ph/fct/library/report/4024,2026-09-16
FC000918,G044,cholesterol_mg_100g,56,https://i.fnri.dost.gov.ph/fct/library/report/4024,2026-09-16
FC000919,G049,kcal_100g,72,https://i.fnri.dost.gov.ph/fct/library/report/4029,2026-09-16
FC000919,G049,protein_g_100g,17.5,https://i.fnri.dost.gov.ph/fct/library/report/4029,2026-09-16
FC000919,G049,carbs_g_100g,0.0,https://i.fnri.dost.gov.ph/fct/library/report/4029,2026-09-16
FC000919,G049,fat_g_100g,0.2,https://i.fnri.dost.gov.ph/fct/library/report/4029,2026-09-16
FC000919,G049,fiber_g_100g,0.0,https://i.fnri.dost.gov.ph/fct/library/report/4029,2026-09-16
FC000919,G049,sugar_g_100g,0.0,https://i.fnri.dost.gov.ph/fct/library/report/4029,2026-09-16
FC000919,G049,sodium_mg_100g,31,https://i.fnri.dost.gov.ph/fct/library/report/4029,2026-09-16
FC000919,G049,cholesterol_mg_100g,-,https://i.fnri.dost.gov.ph/fct/library/report/4029,2026-09-16
FC000920,G050,kcal_100g,139,https://i.fnri.dost.gov.ph/fct/library/report/4030,2026-09-16
FC000920,G050,protein_g_100g,19.2,https://i.fnri.dost.gov.ph/fct/library/report/4030,2026-09-16
FC000920,G050,carbs_g_100g,0.0,https://i.fnri.dost.gov.ph/fct/library/report/4030,2026-09-16
FC000920,G050,fat_g_100g,6.9,https://i.fnri.dost.gov.ph/fct/library/report/4030,2026-09-16
FC000920,G050,fiber_g_100g,0.0,https://i.fnri.dost.gov.ph/fct/library/report/4030,2026-09-16
FC000920,G050,sugar_g_100g,0.0,https://i.fnri.dost.gov.ph/fct/library/report/4030,2026-09-16
FC000920,G050,sodium_mg_100g,150,https://i.fnri.dost.gov.ph/fct/library/report/4030,2026-09-16
FC000920,G050,cholesterol_mg_100g,-,https://i.fnri.dost.gov.ph/fct/library/report/4030,2026-09-16
FC000921,G051,kcal_100g,123,https://i.fnri.dost.gov.ph/fct/library/report/4031,2026-09-16
FC000921,G051,protein_g_100g,17.3,https://i.fnri.dost.gov.ph/fct/library/report/4031,2026-09-16
FC000921,G051,carbs_g_100g,0.9,https://i.fnri.dost.gov.ph/fct/library/report/4031,2026-09-16
FC000921,G051,fat_g_100g,5.6,https://i.fnri.dost.gov.ph/fct/library/report/4031,2026-09-16
FC000921,G051,fiber_g_100g,0.0,https://i.fnri.dost.gov.ph/fct/library/report/4031,2026-09-16
FC000921,G051,sugar_g_100g,0.0,https://i.fnri.dost.gov.ph/fct/library/report/4031,2026-09-16
FC000921,G051,sodium_mg_100g,120,https://i.fnri.dost.gov.ph/fct/library/report/4031,2026-09-16
FC000921,G051,cholesterol_mg_100g,326,https://i.fnri.dost.gov.ph/fct/library/report/4031,2026-09-16
FC000922,G056,kcal_100g,86,https://i.fnri.dost.gov.ph/fct/library/report/4036,2026-09-16
FC000922,G056,protein_g_100g,21.0,https://i.fnri.dost.gov.ph/fct/library/report/4036,2026-09-16
FC000922,G056,carbs_g_100g,0.0,https://i.fnri.dost.gov.ph/fct/library/report/4036,2026-09-16
FC000922,G056,fat_g_100g,0.2,https://i.fnri.dost.gov.ph/fct/library/report/4036,2026-09-16
FC000922,G056,fiber_g_100g,0.0,https://i.fnri.dost.gov.ph/fct/library/report/4036,2026-09-16
FC000922,G056,sugar_g_100g,0.0,https://i.fnri.dost.gov.ph/fct/library/report/4036,2026-09-16
FC000922,G056,sodium_mg_100g,85,https://i.fnri.dost.gov.ph/fct/library/report/4036,2026-09-16
FC000922,G056,cholesterol_mg_100g,17,https://i.fnri.dost.gov.ph/fct/library/report/4036,2026-09-16
FC000923,G057,kcal_100g,115,https://i.fnri.dost.gov.ph/fct/library/report/4037,2026-09-16
FC000923,G057,protein_g_100g,26.6,https://i.fnri.dost.gov.ph/fct/library/report/4037,2026-09-16
FC000923,G057,carbs_g_100g,0.0,https://i.fnri.dost.gov.ph/fct/library/report/4037,2026-09-16
FC000923,G057,fat_g_100g,0.9,https://i.fnri.dost.gov.ph/fct/library/report/4037,2026-09-16
FC000923,G057,fiber_g_100g,0.0,https://i.fnri.dost.gov.ph/fct/library/report/4037,2026-09-16
FC000923,G057,sugar_g_100g,0.0,https://i.fnri.dost.gov.ph/fct/library/report/4037,2026-09-16
FC000923,G057,sodium_mg_100g,79,https://i.fnri.dost.gov.ph/fct/library/report/4037,2026-09-16
FC000923,G057,cholesterol_mg_100g,-,https://i.fnri.dost.gov.ph/fct/library/report/4037,2026-09-16
FC000924,G058,kcal_100g,78,https://i.fnri.dost.gov.ph/fct/library/report/4038,2026-09-16
FC000924,G058,protein_g_100g,18.6,https://i.fnri.dost.gov.ph/fct/library/report/4038,2026-09-16
FC000924,G058,carbs_g_100g,0.0,https://i.fnri.dost.gov.ph/fct/library/report/4038,2026-09-16
FC000924,G058,fat_g_100g,0.4,https://i.fnri.dost.gov.ph/fct/library/report/4038,2026-09-16
FC000924,G058,fiber_g_100g,0.0,https://i.fnri.dost.gov.ph/fct/library/report/4038,2026-09-16
FC000924,G058,sugar_g_100g,0.0,https://i.fnri.dost.gov.ph/fct/library/report/4038,2026-09-16
FC000924,G058,sodium_mg_100g,98,https://i.fnri.dost.gov.ph/fct/library/report/4038,2026-09-16
FC000924,G058,cholesterol_mg_100g,-,https://i.fnri.dost.gov.ph/fct/library/report/4038,2026-09-16
FC000925,G059,kcal_100g,87,https://i.fnri.dost.gov.ph/fct/library/report/4039,2026-09-16
FC000925,G059,protein_g_100g,18.7,https://i.fnri.dost.gov.ph/fct/library/report/4039,2026-09-16
FC000925,G059,carbs_g_100g,0.0,https://i.fnri.dost.gov.ph/fct/library/report/4039,2026-09-16
FC000925,G059,fat_g_100g,1.3,https://i.fnri.dost.gov.ph/fct/library/report/4039,2026-09-16
FC000925,G059,fiber_g_100g,0.0,https://i.fnri.dost.gov.ph/fct/library/report/4039,2026-09-16
FC000925,G059,sugar_g_100g,0.0,https://i.fnri.dost.gov.ph/fct/library/report/4039,2026-09-16
FC000925,G059,sodium_mg_100g,98,https://i.fnri.dost.gov.ph/fct/library/report/4039,2026-09-16
FC000925,G059,cholesterol_mg_100g,17,https://i.fnri.dost.gov.ph/fct/library/report/4039,2026-09-16
FC000926,G060,kcal_100g,81,https://i.fnri.dost.gov.ph/fct/library/report/4040,2026-09-16
FC000926,G060,protein_g_100g,19.7,https://i.fnri.dost.gov.ph/fct/library/report/4040,2026-09-16
FC000926,G060,carbs_g_100g,0.0,https://i.fnri.dost.gov.ph/fct/library/report/4040,2026-09-16
FC000926,G060,fat_g_100g,0.2,https://i.fnri.dost.gov.ph/fct/library/report/4040,2026-09-16
FC000926,G060,fiber_g_100g,0.0,https://i.fnri.dost.gov.ph/fct/library/report/4040,2026-09-16
FC000926,G060,sugar_g_100g,0.0,https://i.fnri.dost.gov.ph/fct/library/report/4040,2026-09-16
FC000926,G060,sodium_mg_100g,59,https://i.fnri.dost.gov.ph/fct/library/report/4040,2026-09-16
FC000926,G060,cholesterol_mg_100g,92,https://i.fnri.dost.gov.ph/fct/library/report/4040,2026-09-16
FC000927,G061,kcal_100g,89,https://i.fnri.dost.gov.ph/fct/library/report/4041,2026-09-16
FC000927,G061,protein_g_100g,16.8,https://i.fnri.dost.gov.ph/fct/library/report/4041,2026-09-16
FC000927,G061,carbs_g_100g,0.0,https://i.fnri.dost.gov.ph/fct/library/report/4041,2026-09-16
FC000927,G061,fat_g_100g,2.4,https://i.fnri.dost.gov.ph/fct/library/report/4041,2026-09-16
FC000927,G061,fiber_g_100g,0.0,https://i.fnri.dost.gov.ph/fct/library/report/4041,2026-09-16
FC000927,G061,sugar_g_100g,0.0,https://i.fnri.dost.gov.ph/fct/library/report/4041,2026-09-16
FC000927,G061,sodium_mg_100g,60,https://i.fnri.dost.gov.ph/fct/library/report/4041,2026-09-16
FC000927,G061,cholesterol_mg_100g,-,https://i.fnri.dost.gov.ph/fct/library/report/4041,2026-09-16
FC000928,G062,kcal_100g,91,https://i.fnri.dost.gov.ph/fct/library/report/4042,2026-09-16
FC000928,G062,protein_g_100g,16.9,https://i.fnri.dost.gov.ph/fct/library/report/4042,2026-09-16
FC000928,G062,carbs_g_100g,0.0,https://i.fnri.dost.gov.ph/fct/library/report/4042,2026-09-16
FC000928,G062,fat_g_100g,2.6,https://i.fnri.dost.gov.ph/fct/library/report/4042,2026-09-16
FC000928,G062,fiber_g_100g,0.0,https://i.fnri.dost.gov.ph/fct/library/report/4042,2026-09-16
FC000928,G062,sugar_g_100g,0.0,https://i.fnri.dost.gov.ph/fct/library/report/4042,2026-09-16
FC000928,G062,sodium_mg_100g,19,https://i.fnri.dost.gov.ph/fct/library/report/4042,2026-09-16
FC000928,G062,cholesterol_mg_100g,-,https://i.fnri.dost.gov.ph/fct/library/report/4042,2026-09-16
FC000929,G064,kcal_100g,80,https://i.fnri.dost.gov.ph/fct/library/report/4044,2026-09-16
FC000929,G064,protein_g_100g,19.1,https://i.fnri.dost.gov.ph/fct/library/report/4044,2026-09-16
FC000929,G064,carbs_g_100g,0.0,https://i.fnri.dost.gov.ph/fct/library/report/4044,2026-09-16
FC000929,G064,fat_g_100g,0.4,https://i.fnri.dost.gov.ph/fct/library/report/4044,2026-09-16
FC000929,G064,fiber_g_100g,0.0,https://i.fnri.dost.gov.ph/fct/library/report/4044,2026-09-16
FC000929,G064,sugar_g_100g,0.0,https://i.fnri.dost.gov.ph/fct/library/report/4044,2026-09-16
FC000929,G064,sodium_mg_100g,86,https://i.fnri.dost.gov.ph/fct/library/report/4044,2026-09-16
FC000929,G064,cholesterol_mg_100g,-,https://i.fnri.dost.gov.ph/fct/library/report/4044,2026-09-16
FC000930,G066,kcal_100g,96,https://i.fnri.dost.gov.ph/fct/library/report/4046,2026-09-16
FC000930,G066,protein_g_100g,21.4,https://i.fnri.dost.gov.ph/fct/library/report/4046,2026-09-16
FC000930,G066,carbs_g_100g,0.0,https://i.fnri.dost.gov.ph/fct/library/report/4046,2026-09-16
FC000930,G066,fat_g_100g,1.2,https://i.fnri.dost.gov.ph/fct/library/report/4046,2026-09-16
FC000930,G066,fiber_g_100g,0.0,https://i.fnri.dost.gov.ph/fct/library/report/4046,2026-09-16
FC000930,G066,sugar_g_100g,0.0,https://i.fnri.dost.gov.ph/fct/library/report/4046,2026-09-16
FC000930,G066,sodium_mg_100g,102,https://i.fnri.dost.gov.ph/fct/library/report/4046,2026-09-16
FC000930,G066,cholesterol_mg_100g,-,https://i.fnri.dost.gov.ph/fct/library/report/4046,2026-09-16
FC000931,G067,kcal_100g,96,https://i.fnri.dost.gov.ph/fct/library/report/4047,2026-09-16
FC000931,G067,protein_g_100g,22.2,https://i.fnri.dost.gov.ph/fct/library/report/4047,2026-09-16
FC000931,G067,carbs_g_100g,0.0,https://i.fnri.dost.gov.ph/fct/library/report/4047,2026-09-16
FC000931,G067,fat_g_100g,0.8,https://i.fnri.dost.gov.ph/fct/library/report/4047,2026-09-16
FC000931,G067,fiber_g_100g,0.0,https://i.fnri.dost.gov.ph/fct/library/report/4047,2026-09-16
FC000931,G067,sugar_g_100g,0.0,https://i.fnri.dost.gov.ph/fct/library/report/4047,2026-09-16
FC000931,G067,sodium_mg_100g,64,https://i.fnri.dost.gov.ph/fct/library/report/4047,2026-09-16
FC000931,G067,cholesterol_mg_100g,-,https://i.fnri.dost.gov.ph/fct/library/report/4047,2026-09-16
FC000932,G068,kcal_100g,91,https://i.fnri.dost.gov.ph/fct/library/report/4048,2026-09-16
FC000932,G068,protein_g_100g,19.7,https://i.fnri.dost.gov.ph/fct/library/report/4048,2026-09-16
FC000932,G068,carbs_g_100g,0.0,https://i.fnri.dost.gov.ph/fct/library/report/4048,2026-09-16
FC000932,G068,fat_g_100g,1.3,https://i.fnri.dost.gov.ph/fct/library/report/4048,2026-09-16
FC000932,G068,fiber_g_100g,0.0,https://i.fnri.dost.gov.ph/fct/library/report/4048,2026-09-16
FC000932,G068,sugar_g_100g,0.0,https://i.fnri.dost.gov.ph/fct/library/report/4048,2026-09-16
FC000932,G068,sodium_mg_100g,59,https://i.fnri.dost.gov.ph/fct/library/report/4048,2026-09-16
FC000932,G068,cholesterol_mg_100g,-,https://i.fnri.dost.gov.ph/fct/library/report/4048,2026-09-16
FC000933,G069,kcal_100g,75,https://i.fnri.dost.gov.ph/fct/library/report/4049,2026-09-16
FC000933,G069,protein_g_100g,18.2,https://i.fnri.dost.gov.ph/fct/library/report/4049,2026-09-16
FC000933,G069,carbs_g_100g,0.0,https://i.fnri.dost.gov.ph/fct/library/report/4049,2026-09-16
FC000933,G069,fat_g_100g,0.2,https://i.fnri.dost.gov.ph/fct/library/report/4049,2026-09-16
FC000933,G069,fiber_g_100g,0.0,https://i.fnri.dost.gov.ph/fct/library/report/4049,2026-09-16
FC000933,G069,sugar_g_100g,0.0,https://i.fnri.dost.gov.ph/fct/library/report/4049,2026-09-16
FC000933,G069,sodium_mg_100g,70,https://i.fnri.dost.gov.ph/fct/library/report/4049,2026-09-16
FC000933,G069,cholesterol_mg_100g,19,https://i.fnri.dost.gov.ph/fct/library/report/4049,2026-09-16
FC000934,G079,kcal_100g,116,https://i.fnri.dost.gov.ph/fct/library/report/4059,2026-09-16
FC000934,G079,protein_g_100g,24.4,https://i.fnri.dost.gov.ph/fct/library/report/4059,2026-09-16
FC000934,G079,carbs_g_100g,0.0,https://i.fnri.dost.gov.ph/fct/library/report/4059,2026-09-16
FC000934,G079,fat_g_100g,2.0,https://i.fnri.dost.gov.ph/fct/library/report/4059,2026-09-16
FC000934,G079,fiber_g_100g,0.0,https://i.fnri.dost.gov.ph/fct/library/report/4059,2026-09-16
FC000934,G079,sugar_g_100g,0.0,https://i.fnri.dost.gov.ph/fct/library/report/4059,2026-09-16
FC000934,G079,sodium_mg_100g,73,https://i.fnri.dost.gov.ph/fct/library/report/4059,2026-09-16
FC000934,G079,cholesterol_mg_100g,-,https://i.fnri.dost.gov.ph/fct/library/report/4059,2026-09-16
FC000935,G083,kcal_100g,113,https://i.fnri.dost.gov.ph/fct/library/report/4063,2026-09-16
FC000935,G083,protein_g_100g,19.3,https://i.fnri.dost.gov.ph/fct/library/report/4063,2026-09-16
FC000935,G083,carbs_g_100g,0.0,https://i.fnri.dost.gov.ph/fct/library/report/4063,2026-09-16
FC000935,G083,fat_g_100g,4.0,https://i.fnri.dost.gov.ph/fct/library/report/4063,2026-09-16
FC000935,G083,fiber_g_100g,0.0,https://i.fnri.dost.gov.ph/fct/library/report/4063,2026-09-16
FC000935,G083,sugar_g_100g,0.0,https://i.fnri.dost.gov.ph/fct/library/report/4063,2026-09-16
FC000935,G083,sodium_mg_100g,68,https://i.fnri.dost.gov.ph/fct/library/report/4063,2026-09-16
FC000935,G083,cholesterol_mg_100g,52,https://i.fnri.dost.gov.ph/fct/library/report/4063,2026-09-16
FC000936,G084,kcal_100g,89,https://i.fnri.dost.gov.ph/fct/library/report/4064,2026-09-16
FC000936,G084,protein_g_100g,20.0,https://i.fnri.dost.gov.ph/fct/library/report/4064,2026-09-16
FC000936,G084,carbs_g_100g,0.0,https://i.fnri.dost.gov.ph/fct/library/report/4064,2026-09-16
FC000936,G084,fat_g_100g,1.0,https://i.fnri.dost.gov.ph/fct/library/report/4064,2026-09-16
FC000936,G084,fiber_g_100g,0.0,https://i.fnri.dost.gov.ph/fct/library/report/4064,2026-09-16
FC000936,G084,sugar_g_100g,0.0,https://i.fnri.dost.gov.ph/fct/library/report/4064,2026-09-16
FC000936,G084,sodium_mg_100g,61,https://i.fnri.dost.gov.ph/fct/library/report/4064,2026-09-16
FC000936,G084,cholesterol_mg_100g,-,https://i.fnri.dost.gov.ph/fct/library/report/4064,2026-09-16
FC000937,G087,kcal_100g,90,https://i.fnri.dost.gov.ph/fct/library/report/4067,2026-09-16
FC000937,G087,protein_g_100g,19.0,https://i.fnri.dost.gov.ph/fct/library/report/4067,2026-09-16
FC000937,G087,carbs_g_100g,0.0,https://i.fnri.dost.gov.ph/fct/library/report/4067,2026-09-16
FC000937,G087,fat_g_100g,1.5,https://i.fnri.dost.gov.ph/fct/library/report/4067,2026-09-16
FC000937,G087,fiber_g_100g,0.0,https://i.fnri.dost.gov.ph/fct/library/report/4067,2026-09-16
FC000937,G087,sugar_g_100g,0.0,https://i.fnri.dost.gov.ph/fct/library/report/4067,2026-09-16
FC000937,G087,sodium_mg_100g,88,https://i.fnri.dost.gov.ph/fct/library/report/4067,2026-09-16
FC000937,G087,cholesterol_mg_100g,62,https://i.fnri.dost.gov.ph/fct/library/report/4067,2026-09-16
FC000938,G095,kcal_100g,80,https://i.fnri.dost.gov.ph/fct/library/report/4075,2026-09-16
FC000938,G095,protein_g_100g,18.9,https://i.fnri.dost.gov.ph/fct/library/report/4075,2026-09-16
FC000938,G095,carbs_g_100g,0.0,https://i.fnri.dost.gov.ph/fct/library/report/4075,2026-09-16
FC000938,G095,fat_g_100g,0.5,https://i.fnri.dost.gov.ph/fct/library/report/4075,2026-09-16
FC000938,G095,fiber_g_100g,0.0,https://i.fnri.dost.gov.ph/fct/library/report/4075,2026-09-16
FC000938,G095,sugar_g_100g,0.0,https://i.fnri.dost.gov.ph/fct/library/report/4075,2026-09-16
FC000938,G095,sodium_mg_100g,48,https://i.fnri.dost.gov.ph/fct/library/report/4075,2026-09-16
FC000938,G095,cholesterol_mg_100g,-,https://i.fnri.dost.gov.ph/fct/library/report/4075,2026-09-16
FC000939,G097,kcal_100g,77,https://i.fnri.dost.gov.ph/fct/library/report/4077,2026-09-16
FC000939,G097,protein_g_100g,19.0,https://i.fnri.dost.gov.ph/fct/library/report/4077,2026-09-16
FC000939,G097,carbs_g_100g,0.0,https://i.fnri.dost.gov.ph/fct/library/report/4077,2026-09-16
FC000939,G097,fat_g_100g,0.1,https://i.fnri.dost.gov.ph/fct/library/report/4077,2026-09-16
FC000939,G097,fiber_g_100g,0.0,https://i.fnri.dost.gov.ph/fct/library/report/4077,2026-09-16
FC000939,G097,sugar_g_100g,0.0,https://i.fnri.dost.gov.ph/fct/library/report/4077,2026-09-16
FC000939,G097,sodium_mg_100g,48,https://i.fnri.dost.gov.ph/fct/library/report/4077,2026-09-16
FC000939,G097,cholesterol_mg_100g,-,https://i.fnri.dost.gov.ph/fct/library/report/4077,2026-09-16
FC000940,G108,kcal_100g,23,https://i.fnri.dost.gov.ph/fct/library/report/4088,2026-09-16
FC000940,G108,protein_g_100g,5.1,https://i.fnri.dost.gov.ph/fct/library/report/4088,2026-09-16
FC000940,G108,carbs_g_100g,0.3,https://i.fnri.dost.gov.ph/fct/library/report/4088,2026-09-16
FC000940,G108,fat_g_100g,0.1,https://i.fnri.dost.gov.ph/fct/library/report/4088,2026-09-16
FC000940,G108,fiber_g_100g,0.0,https://i.fnri.dost.gov.ph/fct/library/report/4088,2026-09-16
FC000940,G108,sugar_g_100g,0.0,https://i.fnri.dost.gov.ph/fct/library/report/4088,2026-09-16
FC000940,G108,sodium_mg_100g,554,https://i.fnri.dost.gov.ph/fct/library/report/4088,2026-09-16
FC000940,G108,cholesterol_mg_100g,0,https://i.fnri.dost.gov.ph/fct/library/report/4088,2026-09-16
FC000941,G122,kcal_100g,89,https://i.fnri.dost.gov.ph/fct/library/report/4102,2026-09-16
FC000941,G122,protein_g_100g,19.8,https://i.fnri.dost.gov.ph/fct/library/report/4102,2026-09-16
FC000941,G122,carbs_g_100g,0.0,https://i.fnri.dost.gov.ph/fct/library/report/4102,2026-09-16
FC000941,G122,fat_g_100g,1.1,https://i.fnri.dost.gov.ph/fct/library/report/4102,2026-09-16
FC000941,G122,fiber_g_100g,0.0,https://i.fnri.dost.gov.ph/fct/library/report/4102,2026-09-16
FC000941,G122,sugar_g_100g,0.0,https://i.fnri.dost.gov.ph/fct/library/report/4102,2026-09-16
FC000941,G122,sodium_mg_100g,65,https://i.fnri.dost.gov.ph/fct/library/report/4102,2026-09-16
FC000941,G122,cholesterol_mg_100g,-,https://i.fnri.dost.gov.ph/fct/library/report/4102,2026-09-16
FC000942,G126,kcal_100g,91,https://i.fnri.dost.gov.ph/fct/library/report/4106,2026-09-16
FC000942,G126,protein_g_100g,18.2,https://i.fnri.dost.gov.ph/fct/library/report/4106,2026-09-16
FC000942,G126,carbs_g_100g,0.0,https://i.fnri.dost.gov.ph/fct/library/report/4106,2026-09-16
FC000942,G126,fat_g_100g,2.0,https://i.fnri.dost.gov.ph/fct/library/report/4106,2026-09-16
FC000942,G126,fiber_g_100g,0.0,https://i.fnri.dost.gov.ph/fct/library/report/4106,2026-09-16
FC000942,G126,sugar_g_100g,0.0,https://i.fnri.dost.gov.ph/fct/library/report/4106,2026-09-16
FC000942,G126,sodium_mg_100g,162,https://i.fnri.dost.gov.ph/fct/library/report/4106,2026-09-16
FC000942,G126,cholesterol_mg_100g,-,https://i.fnri.dost.gov.ph/fct/library/report/4106,2026-09-16
FC000943,G128,kcal_100g,94,https://i.fnri.dost.gov.ph/fct/library/report/4108,2026-09-16
FC000943,G128,protein_g_100g,9.4,https://i.fnri.dost.gov.ph/fct/library/report/4108,2026-09-16
FC000943,G128,carbs_g_100g,12.2,https://i.fnri.dost.gov.ph/fct/library/report/4108,2026-09-16
FC000943,G128,fat_g_100g,0.8,https://i.fnri.dost.gov.ph/fct/library/report/4108,2026-09-16
FC000943,G128,fiber_g_100g,0.0,https://i.fnri.dost.gov.ph/fct/library/report/4108,2026-09-16
FC000943,G128,sugar_g_100g,0.0,https://i.fnri.dost.gov.ph/fct/library/report/4108,2026-09-16
FC000943,G128,sodium_mg_100g,53,https://i.fnri.dost.gov.ph/fct/library/report/4108,2026-09-16
FC000943,G128,cholesterol_mg_100g,29,https://i.fnri.dost.gov.ph/fct/library/report/4108,2026-09-16
FC000944,G129,kcal_100g,74,https://i.fnri.dost.gov.ph/fct/library/report/4109,2026-09-16
FC000944,G129,protein_g_100g,12.8,https://i.fnri.dost.gov.ph/fct/library/report/4109,2026-09-16
FC000944,G129,carbs_g_100g,4.3,https://i.fnri.dost.gov.ph/fct/library/report/4109,2026-09-16
FC000944,G129,fat_g_100g,0.6,https://i.fnri.dost.gov.ph/fct/library/report/4109,2026-09-16
FC000944,G129,fiber_g_100g,0.0,https://i.fnri.dost.gov.ph/fct/library/report/4109,2026-09-16
FC000944,G129,sugar_g_100g,0.0,https://i.fnri.dost.gov.ph/fct/library/report/4109,2026-09-16
FC000944,G129,sodium_mg_100g,69,https://i.fnri.dost.gov.ph/fct/library/report/4109,2026-09-16
FC000944,G129,cholesterol_mg_100g,21,https://i.fnri.dost.gov.ph/fct/library/report/4109,2026-09-16
FC000945,G148,kcal_100g,89,https://i.fnri.dost.gov.ph/fct/library/report/4128,2026-09-16
FC000945,G148,protein_g_100g,21.1,https://i.fnri.dost.gov.ph/fct/library/report/4128,2026-09-16
FC000945,G148,carbs_g_100g,0.0,https://i.fnri.dost.gov.ph/fct/library/report/4128,2026-09-16
FC000945,G148,fat_g_100g,0.5,https://i.fnri.dost.gov.ph/fct/library/report/4128,2026-09-16
FC000945,G148,fiber_g_100g,0.0,https://i.fnri.dost.gov.ph/fct/library/report/4128,2026-09-16
FC000945,G148,sugar_g_100g,0.0,https://i.fnri.dost.gov.ph/fct/library/report/4128,2026-09-16
FC000945,G148,sodium_mg_100g,82,https://i.fnri.dost.gov.ph/fct/library/report/4128,2026-09-16
FC000945,G148,cholesterol_mg_100g,26,https://i.fnri.dost.gov.ph/fct/library/report/4128,2026-09-16
FC000946,G156,kcal_100g,218,https://i.fnri.dost.gov.ph/fct/library/report/4136,2026-09-16
FC000946,G156,protein_g_100g,51.8,https://i.fnri.dost.gov.ph/fct/library/report/4136,2026-09-16
FC000946,G156,carbs_g_100g,0.0,https://i.fnri.dost.gov.ph/fct/library/report/4136,2026-09-16
FC000946,G156,fat_g_100g,1.2,https://i.fnri.dost.gov.ph/fct/library/report/4136,2026-09-16
FC000946,G156,fiber_g_100g,0.0,https://i.fnri.dost.gov.ph/fct/library/report/4136,2026-09-16
FC000946,G156,sugar_g_100g,0.0,https://i.fnri.dost.gov.ph/fct/library/report/4136,2026-09-16
FC000946,G156,sodium_mg_100g,6050,https://i.fnri.dost.gov.ph/fct/library/report/4136,2026-09-16
FC000946,G156,cholesterol_mg_100g,77,https://i.fnri.dost.gov.ph/fct/library/report/4136,2026-09-16
FC000947,G184,kcal_100g,215,https://i.fnri.dost.gov.ph/fct/library/report/4164,2026-09-16
FC000947,G184,protein_g_100g,45.7,https://i.fnri.dost.gov.ph/fct/library/report/4164,2026-09-16
FC000947,G184,carbs_g_100g,0.0,https://i.fnri.dost.gov.ph/fct/library/report/4164,2026-09-16
FC000947,G184,fat_g_100g,3.6,https://i.fnri.dost.gov.ph/fct/library/report/4164,2026-09-16
FC000947,G184,fiber_g_100g,0.0,https://i.fnri.dost.gov.ph/fct/library/report/4164,2026-09-16
FC000947,G184,sugar_g_100g,0.0,https://i.fnri.dost.gov.ph/fct/library/report/4164,2026-09-16
FC000947,G184,sodium_mg_100g,-,https://i.fnri.dost.gov.ph/fct/library/report/4164,2026-09-16
FC000947,G184,cholesterol_mg_100g,-,https://i.fnri.dost.gov.ph/fct/library/report/4164,2026-09-16
FC000948,H022,kcal_100g,102,https://i.fnri.dost.gov.ph/fct/library/report/4234,2026-09-16
FC000948,H022,protein_g_100g,8.1,https://i.fnri.dost.gov.ph/fct/library/report/4234,2026-09-16
FC000948,H022,carbs_g_100g,1.8,https://i.fnri.dost.gov.ph/fct/library/report/4234,2026-09-16
FC000948,H022,fat_g_100g,6.9,https://i.fnri.dost.gov.ph/fct/library/report/4234,2026-09-16
FC000948,H022,fiber_g_100g,0.1,https://i.fnri.dost.gov.ph/fct/library/report/4234,2026-09-16
FC000948,H022,sugar_g_100g,0.2,https://i.fnri.dost.gov.ph/fct/library/report/4234,2026-09-16
FC000948,H022,sodium_mg_100g,852,https://i.fnri.dost.gov.ph/fct/library/report/4234,2026-09-16
FC000948,H022,cholesterol_mg_100g,-,https://i.fnri.dost.gov.ph/fct/library/report/4234,2026-09-16
FC000949,J013,kcal_100g,124,https://i.fnri.dost.gov.ph/fct/library/report/4247,2026-09-16
FC000949,J013,protein_g_100g,5.4,https://i.fnri.dost.gov.ph/fct/library/report/4247,2026-09-16
FC000949,J013,carbs_g_100g,4.3,https://i.fnri.dost.gov.ph/fct/library/report/4247,2026-09-16
FC000949,J013,fat_g_100g,9.5,https://i.fnri.dost.gov.ph/fct/library/report/4247,2026-09-16
FC000949,J013,fiber_g_100g,0.0,https://i.fnri.dost.gov.ph/fct/library/report/4247,2026-09-16
FC000949,J013,sugar_g_100g,-,https://i.fnri.dost.gov.ph/fct/library/report/4247,2026-09-16
FC000949,J013,sodium_mg_100g,56,https://i.fnri.dost.gov.ph/fct/library/report/4247,2026-09-16
FC000949,J013,cholesterol_mg_100g,26,https://i.fnri.dost.gov.ph/fct/library/report/4247,2026-09-16
FC000950,J017,kcal_100g,73,https://i.fnri.dost.gov.ph/fct/library/report/4251,2026-09-16
FC000950,J017,protein_g_100g,3.6,https://i.fnri.dost.gov.ph/fct/library/report/4251,2026-09-16
FC000950,J017,carbs_g_100g,5.3,https://i.fnri.dost.gov.ph/fct/library/report/4251,2026-09-16
FC000950,J017,fat_g_100g,4.1,https://i.fnri.dost.gov.ph/fct/library/report/4251,2026-09-16
FC000950,J017,fiber_g_100g,0.0,https://i.fnri.dost.gov.ph/fct/library/report/4251,2026-09-16
FC000950,J017,sugar_g_100g,5.1,https://i.fnri.dost.gov.ph/fct/library/report/4251,2026-09-16
FC000950,J017,sodium_mg_100g,52,https://i.fnri.dost.gov.ph/fct/library/report/4251,2026-09-16
FC000950,J017,cholesterol_mg_100g,2,https://i.fnri.dost.gov.ph/fct/library/report/4251,2026-09-16
FC000951,J026,kcal_100g,83,https://i.fnri.dost.gov.ph/fct/library/report/4260,2026-09-16
FC000951,J026,protein_g_100g,5.3,https://i.fnri.dost.gov.ph/fct/library/report/4260,2026-09-16
FC000951,J026,carbs_g_100g,5.4,https://i.fnri.dost.gov.ph/fct/library/report/4260,2026-09-16
FC000951,J026,fat_g_100g,4.5,https://i.fnri.dost.gov.ph/fct/library/report/4260,2026-09-16
FC000951,J026,fiber_g_100g,0.0,https://i.fnri.dost.gov.ph/fct/library/report/4260,2026-09-16
FC000951,J026,sugar_g_100g,4.9,https://i.fnri.dost.gov.ph/fct/library/report/4260,2026-09-16
FC000951,J026,sodium_mg_100g,35,https://i.fnri.dost.gov.ph/fct/library/report/4260,2026-09-16
FC000951,J026,cholesterol_mg_100g,12,https://i.fnri.dost.gov.ph/fct/library/report/4260,2026-09-16
FC000952,K011,kcal_100g,366,https://i.fnri.dost.gov.ph/fct/library/report/4271,2026-09-16
FC000952,K011,protein_g_100g,0.7,https://i.fnri.dost.gov.ph/fct/library/report/4271,2026-09-16
FC000952,K011,carbs_g_100g,24.7,https://i.fnri.dost.gov.ph/fct/library/report/4271,2026-09-16
FC000952,K011,fat_g_100g,29.4,https://i.fnri.dost.gov.ph/fct/library/report/4271,2026-09-16
FC000952,K011,fiber_g_100g,0.4,https://i.fnri.dost.gov.ph/fct/library/report/4271,2026-09-16
FC000952,K011,sugar_g_100g,14.6,https://i.fnri.dost.gov.ph/fct/library/report/4271,2026-09-16
FC000952,K011,sodium_mg_100g,965,https://i.fnri.dost.gov.ph/fct/library/report/4271,2026-09-16
FC000952,K011,cholesterol_mg_100g,66,https://i.fnri.dost.gov.ph/fct/library/report/4271,2026-09-16
FC000953,M013,kcal_100g,481,https://i.fnri.dost.gov.ph/fct/library/report/4284,2026-09-16
FC000953,M013,protein_g_100g,4.3,https://i.fnri.dost.gov.ph/fct/library/report/4284,2026-09-16
FC000953,M013,carbs_g_100g,75.1,https://i.fnri.dost.gov.ph/fct/library/report/4284,2026-09-16
FC000953,M013,fat_g_100g,18.2,https://i.fnri.dost.gov.ph/fct/library/report/4284,2026-09-16
FC000953,M013,fiber_g_100g,28.9,https://i.fnri.dost.gov.ph/fct/library/report/4284,2026-09-16
FC000953,M013,sugar_g_100g,0.9,https://i.fnri.dost.gov.ph/fct/library/report/4284,2026-09-16
FC000953,M013,sodium_mg_100g,268,https://i.fnri.dost.gov.ph/fct/library/report/4284,2026-09-16
FC000953,M013,cholesterol_mg_100g,-,https://i.fnri.dost.gov.ph/fct/library/report/4284,2026-09-16
FC000954,M014,kcal_100g,377,https://i.fnri.dost.gov.ph/fct/library/report/4285,2026-09-16
FC000954,M014,protein_g_100g,1.0,https://i.fnri.dost.gov.ph/fct/library/report/4285,2026-09-16
FC000954,M014,carbs_g_100g,89.2,https://i.fnri.dost.gov.ph/fct/library/report/4285,2026-09-16
FC000954,M014,fat_g_100g,1.8,https://i.fnri.dost.gov.ph/fct/library/report/4285,2026-09-16
FC000954,M014,fiber_g_100g,0.7,https://i.fnri.dost.gov.ph/fct/library/report/4285,2026-09-16
FC000954,M014,sugar_g_100g,76.3,https://i.fnri.dost.gov.ph/fct/library/report/4285,2026-09-16
FC000954,M014,sodium_mg_100g,142,https://i.fnri.dost.gov.ph/fct/library/report/4285,2026-09-16
FC000954,M014,cholesterol_mg_100g,0,https://i.fnri.dost.gov.ph/fct/library/report/4285,2026-09-16
FC000955,M016,kcal_100g,228,https://i.fnri.dost.gov.ph/fct/library/report/4287,2026-09-16
FC000955,M016,protein_g_100g,5.9,https://i.fnri.dost.gov.ph/fct/library/report/4287,2026-09-16
FC000955,M016,carbs_g_100g,41.4,https://i.fnri.dost.gov.ph/fct/library/report/4287,2026-09-16
FC000955,M016,fat_g_100g,4.3,https://i.fnri.dost.gov.ph/fct/library/report/4287,2026-09-16
FC000955,M016,fiber_g_100g,0.0,https://i.fnri.dost.gov.ph/fct/library/report/4287,2026-09-16
FC000955,M016,sugar_g_100g,38.1,https://i.fnri.dost.gov.ph/fct/library/report/4287,2026-09-16
FC000955,M016,sodium_mg_100g,87,https://i.fnri.dost.gov.ph/fct/library/report/4287,2026-09-16
FC000955,M016,cholesterol_mg_100g,57,https://i.fnri.dost.gov.ph/fct/library/report/4287,2026-09-16
FC000956,M019,kcal_100g,370,https://i.fnri.dost.gov.ph/fct/library/report/4290,2026-09-16
FC000956,M019,protein_g_100g,9.9,https://i.fnri.dost.gov.ph/fct/library/report/4290,2026-09-16
FC000956,M019,carbs_g_100g,79.5,https://i.fnri.dost.gov.ph/fct/library/report/4290,2026-09-16
FC000956,M019,fat_g_100g,1.4,https://i.fnri.dost.gov.ph/fct/library/report/4290,2026-09-16
FC000956,M019,fiber_g_100g,0.0,https://i.fnri.dost.gov.ph/fct/library/report/4290,2026-09-16
FC000956,M019,sugar_g_100g,62.1,https://i.fnri.dost.gov.ph/fct/library/report/4290,2026-09-16
FC000956,M019,sodium_mg_100g,173,https://i.fnri.dost.gov.ph/fct/library/report/4290,2026-09-16
FC000956,M019,cholesterol_mg_100g,4,https://i.fnri.dost.gov.ph/fct/library/report/4290,2026-09-16
FC000957,M020,kcal_100g,349,https://i.fnri.dost.gov.ph/fct/library/report/4291,2026-09-16
FC000957,M020,protein_g_100g,8.0,https://i.fnri.dost.gov.ph/fct/library/report/4291,2026-09-16
FC000957,M020,carbs_g_100g,75.9,https://i.fnri.dost.gov.ph/fct/library/report/4291,2026-09-16
FC000957,M020,fat_g_100g,1.5,https://i.fnri.dost.gov.ph/fct/library/report/4291,2026-09-16
FC000957,M020,fiber_g_100g,0.0,https://i.fnri.dost.gov.ph/fct/library/report/4291,2026-09-16
FC000957,M020,sugar_g_100g,58.6,https://i.fnri.dost.gov.ph/fct/library/report/4291,2026-09-16
FC000957,M020,sodium_mg_100g,163,https://i.fnri.dost.gov.ph/fct/library/report/4291,2026-09-16
FC000957,M020,cholesterol_mg_100g,4,https://i.fnri.dost.gov.ph/fct/library/report/4291,2026-09-16
FC000958,M021,kcal_100g,258,https://i.fnri.dost.gov.ph/fct/library/report/4292,2026-09-16
FC000958,M021,protein_g_100g,0.1,https://i.fnri.dost.gov.ph/fct/library/report/4292,2026-09-16
FC000958,M021,carbs_g_100g,64.1,https://i.fnri.dost.gov.ph/fct/library/report/4292,2026-09-16
FC000958,M021,fat_g_100g,0.1,https://i.fnri.dost.gov.ph/fct/library/report/4292,2026-09-16
FC000958,M021,fiber_g_100g,0.2,https://i.fnri.dost.gov.ph/fct/library/report/4292,2026-09-16
FC000958,M021,sugar_g_100g,63.8,https://i.fnri.dost.gov.ph/fct/library/report/4292,2026-09-16
FC000958,M021,sodium_mg_100g,5,https://i.fnri.dost.gov.ph/fct/library/report/4292,2026-09-16
FC000958,M021,cholesterol_mg_100g,0,https://i.fnri.dost.gov.ph/fct/library/report/4292,2026-09-16
FC000959,M022,kcal_100g,66,https://i.fnri.dost.gov.ph/fct/library/report/4293,2026-09-16
FC000959,M022,protein_g_100g,0.0,https://i.fnri.dost.gov.ph/fct/library/report/4293,2026-09-16
FC000959,M022,carbs_g_100g,16.5,https://i.fnri.dost.gov.ph/fct/library/report/4293,2026-09-16
FC000959,M022,fat_g_100g,0.0,https://i.fnri.dost.gov.ph/fct/library/report/4293,2026-09-16
FC000959,M022,fiber_g_100g,0.0,https://i.fnri.dost.gov.ph/fct/library/report/4293,2026-09-16
FC000959,M022,sugar_g_100g,11.7,https://i.fnri.dost.gov.ph/fct/library/report/4293,2026-09-16
FC000959,M022,sodium_mg_100g,6,https://i.fnri.dost.gov.ph/fct/library/report/4293,2026-09-16
FC000959,M022,cholesterol_mg_100g,-,https://i.fnri.dost.gov.ph/fct/library/report/4293,2026-09-16
FC000960,M023,kcal_100g,82,https://i.fnri.dost.gov.ph/fct/library/report/4294,2026-09-16
FC000960,M023,protein_g_100g,0.6,https://i.fnri.dost.gov.ph/fct/library/report/4294,2026-09-16
FC000960,M023,carbs_g_100g,19.5,https://i.fnri.dost.gov.ph/fct/library/report/4294,2026-09-16
FC000960,M023,fat_g_100g,0.2,https://i.fnri.dost.gov.ph/fct/library/report/4294,2026-09-16
FC000960,M023,fiber_g_100g,0.0,https://i.fnri.dost.gov.ph/fct/library/report/4294,2026-09-16
FC000960,M023,sugar_g_100g,14.4,https://i.fnri.dost.gov.ph/fct/library/report/4294,2026-09-16
FC000960,M023,sodium_mg_100g,7,https://i.fnri.dost.gov.ph/fct/library/report/4294,2026-09-16
FC000960,M023,cholesterol_mg_100g,0,https://i.fnri.dost.gov.ph/fct/library/report/4294,2026-09-16
FC000961,M025,kcal_100g,287,https://i.fnri.dost.gov.ph/fct/library/report/4296,2026-09-16
FC000961,M025,protein_g_100g,0.9,https://i.fnri.dost.gov.ph/fct/library/report/4296,2026-09-16
FC000961,M025,carbs_g_100g,70.5,https://i.fnri.dost.gov.ph/fct/library/report/4296,2026-09-16
FC000961,M025,fat_g_100g,0.2,https://i.fnri.dost.gov.ph/fct/library/report/4296,2026-09-16
FC000961,M025,fiber_g_100g,0.6,https://i.fnri.dost.gov.ph/fct/library/report/4296,2026-09-16
FC000961,M025,sugar_g_100g,50.4,https://i.fnri.dost.gov.ph/fct/library/report/4296,2026-09-16
FC000961,M025,sodium_mg_100g,10,https://i.fnri.dost.gov.ph/fct/library/report/4296,2026-09-16
FC000961,M025,cholesterol_mg_100g,0,https://i.fnri.dost.gov.ph/fct/library/report/4296,2026-09-16
FC000962,M026,kcal_100g,298,https://i.fnri.dost.gov.ph/fct/library/report/4297,2026-09-16
FC000962,M026,protein_g_100g,0.2,https://i.fnri.dost.gov.ph/fct/library/report/4297,2026-09-16
FC000962,M026,carbs_g_100g,71.7,https://i.fnri.dost.gov.ph/fct/library/report/4297,2026-09-16
FC000962,M026,fat_g_100g,1.1,https://i.fnri.dost.gov.ph/fct/library/report/4297,2026-09-16
FC000962,M026,fiber_g_100g,1.1,https://i.fnri.dost.gov.ph/fct/library/report/4297,2026-09-16
FC000962,M026,sugar_g_100g,51.1,https://i.fnri.dost.gov.ph/fct/library/report/4297,2026-09-16
FC000962,M026,sodium_mg_100g,9,https://i.fnri.dost.gov.ph/fct/library/report/4297,2026-09-16
FC000962,M026,cholesterol_mg_100g,0,https://i.fnri.dost.gov.ph/fct/library/report/4297,2026-09-16
FC000963,M027,kcal_100g,296,https://i.fnri.dost.gov.ph/fct/library/report/4298,2026-09-16
FC000963,M027,protein_g_100g,7.1,https://i.fnri.dost.gov.ph/fct/library/report/4298,2026-09-16
FC000963,M027,carbs_g_100g,66.1,https://i.fnri.dost.gov.ph/fct/library/report/4298,2026-09-16
FC000963,M027,fat_g_100g,0.4,https://i.fnri.dost.gov.ph/fct/library/report/4298,2026-09-16
FC000963,M027,fiber_g_100g,1.2,https://i.fnri.dost.gov.ph/fct/library/report/4298,2026-09-16
FC000963,M027,sugar_g_100g,52.7,https://i.fnri.dost.gov.ph/fct/library/report/4298,2026-09-16
FC000963,M027,sodium_mg_100g,35,https://i.fnri.dost.gov.ph/fct/library/report/4298,2026-09-16
FC000963,M027,cholesterol_mg_100g,0,https://i.fnri.dost.gov.ph/fct/library/report/4298,2026-09-16
FC000964,M028,kcal_100g,345,https://i.fnri.dost.gov.ph/fct/library/report/4299,2026-09-16
FC000964,M028,protein_g_100g,0.0,https://i.fnri.dost.gov.ph/fct/library/report/4299,2026-09-16
FC000964,M028,carbs_g_100g,84.5,https://i.fnri.dost.gov.ph/fct/library/report/4299,2026-09-16
FC000964,M028,fat_g_100g,0.8,https://i.fnri.dost.gov.ph/fct/library/report/4299,2026-09-16
FC000964,M028,fiber_g_100g,1.2,https://i.fnri.dost.gov.ph/fct/library/report/4299,2026-09-16
FC000964,M028,sugar_g_100g,62.4,https://i.fnri.dost.gov.ph/fct/library/report/4299,2026-09-16
FC000964,M028,sodium_mg_100g,37,https://i.fnri.dost.gov.ph/fct/library/report/4299,2026-09-16
FC000964,M028,cholesterol_mg_100g,0,https://i.fnri.dost.gov.ph/fct/library/report/4299,2026-09-16
FC000965,M031,kcal_100g,255,https://i.fnri.dost.gov.ph/fct/library/report/4302,2026-09-16
FC000965,M031,protein_g_100g,0.1,https://i.fnri.dost.gov.ph/fct/library/report/4302,2026-09-16
FC000965,M031,carbs_g_100g,61.4,https://i.fnri.dost.gov.ph/fct/library/report/4302,2026-09-16
FC000965,M031,fat_g_100g,1.0,https://i.fnri.dost.gov.ph/fct/library/report/4302,2026-09-16
FC000965,M031,fiber_g_100g,0.9,https://i.fnri.dost.gov.ph/fct/library/report/4302,2026-09-16
FC000965,M031,sugar_g_100g,45.7,https://i.fnri.dost.gov.ph/fct/library/report/4302,2026-09-16
FC000965,M031,sodium_mg_100g,27,https://i.fnri.dost.gov.ph/fct/library/report/4302,2026-09-16
FC000965,M031,cholesterol_mg_100g,0,https://i.fnri.dost.gov.ph/fct/library/report/4302,2026-09-16
FC000966,M035,kcal_100g,146,https://i.fnri.dost.gov.ph/fct/library/report/4306,2026-09-16
FC000966,M035,protein_g_100g,0.0,https://i.fnri.dost.gov.ph/fct/library/report/4306,2026-09-16
FC000966,M035,carbs_g_100g,36.1,https://i.fnri.dost.gov.ph/fct/library/report/4306,2026-09-16
FC000966,M035,fat_g_100g,0.2,https://i.fnri.dost.gov.ph/fct/library/report/4306,2026-09-16
FC000966,M035,fiber_g_100g,0.8,https://i.fnri.dost.gov.ph/fct/library/report/4306,2026-09-16
FC000966,M035,sugar_g_100g,33.5,https://i.fnri.dost.gov.ph/fct/library/report/4306,2026-09-16
FC000966,M035,sodium_mg_100g,4,https://i.fnri.dost.gov.ph/fct/library/report/4306,2026-09-16
FC000966,M035,cholesterol_mg_100g,0,https://i.fnri.dost.gov.ph/fct/library/report/4306,2026-09-16
FC000967,M037,kcal_100g,493,https://i.fnri.dost.gov.ph/fct/library/report/4308,2026-09-16
FC000967,M037,protein_g_100g,15.0,https://i.fnri.dost.gov.ph/fct/library/report/4308,2026-09-16
FC000967,M037,carbs_g_100g,53.9,https://i.fnri.dost.gov.ph/fct/library/report/4308,2026-09-16
FC000967,M037,fat_g_100g,24.2,https://i.fnri.dost.gov.ph/fct/library/report/4308,2026-09-16
FC000967,M037,fiber_g_100g,2.4,https://i.fnri.dost.gov.ph/fct/library/report/4308,2026-09-16
FC000967,M037,sugar_g_100g,49.0,https://i.fnri.dost.gov.ph/fct/library/report/4308,2026-09-16
FC000967,M037,sodium_mg_100g,424,https://i.fnri.dost.gov.ph/fct/library/report/4308,2026-09-16
FC000967,M037,cholesterol_mg_100g,15,https://i.fnri.dost.gov.ph/fct/library/report/4308,2026-09-16
FC000968,M040,kcal_100g,469,https://i.fnri.dost.gov.ph/fct/library/report/4311,2026-09-16
FC000968,M040,protein_g_100g,6.8,https://i.fnri.dost.gov.ph/fct/library/report/4311,2026-09-16
FC000968,M040,carbs_g_100g,73.6,https://i.fnri.dost.gov.ph/fct/library/report/4311,2026-09-16
FC000968,M040,fat_g_100g,16.4,https://i.fnri.dost.gov.ph/fct/library/report/4311,2026-09-16
FC000968,M040,fiber_g_100g,1.2,https://i.fnri.dost.gov.ph/fct/library/report/4311,2026-09-16
FC000968,M040,sugar_g_100g,46.2,https://i.fnri.dost.gov.ph/fct/library/report/4311,2026-09-16
FC000968,M040,sodium_mg_100g,194,https://i.fnri.dost.gov.ph/fct/library/report/4311,2026-09-16
FC000968,M040,cholesterol_mg_100g,65,https://i.fnri.dost.gov.ph/fct/library/report/4311,2026-09-16
FC000969,M042,kcal_100g,398,https://i.fnri.dost.gov.ph/fct/library/report/4313,2026-09-16
FC000969,M042,protein_g_100g,0.1,https://i.fnri.dost.gov.ph/fct/library/report/4313,2026-09-16
FC000969,M042,carbs_g_100g,98.7,https://i.fnri.dost.gov.ph/fct/library/report/4313,2026-09-16
FC000969,M042,fat_g_100g,0.3,https://i.fnri.dost.gov.ph/fct/library/report/4313,2026-09-16
FC000969,M042,fiber_g_100g,0.0,https://i.fnri.dost.gov.ph/fct/library/report/4313,2026-09-16
FC000969,M042,sugar_g_100g,97.6,https://i.fnri.dost.gov.ph/fct/library/report/4313,2026-09-16
FC000969,M042,sodium_mg_100g,15,https://i.fnri.dost.gov.ph/fct/library/report/4313,2026-09-16
FC000969,M042,cholesterol_mg_100g,0,https://i.fnri.dost.gov.ph/fct/library/report/4313,2026-09-16
FC000970,M043,kcal_100g,346,https://i.fnri.dost.gov.ph/fct/library/report/4314,2026-09-16
FC000970,M043,protein_g_100g,2.2,https://i.fnri.dost.gov.ph/fct/library/report/4314,2026-09-16
FC000970,M043,carbs_g_100g,83.9,https://i.fnri.dost.gov.ph/fct/library/report/4314,2026-09-16
FC000970,M043,fat_g_100g,0.2,https://i.fnri.dost.gov.ph/fct/library/report/4314,2026-09-16
FC000970,M043,fiber_g_100g,0.0,https://i.fnri.dost.gov.ph/fct/library/report/4314,2026-09-16
FC000970,M043,sugar_g_100g,-,https://i.fnri.dost.gov.ph/fct/library/report/4314,2026-09-16
FC000970,M043,sodium_mg_100g,102,https://i.fnri.dost.gov.ph/fct/library/report/4314,2026-09-16
FC000970,M043,cholesterol_mg_100g,0,https://i.fnri.dost.gov.ph/fct/library/report/4314,2026-09-16
FC000971,M044,kcal_100g,376,https://i.fnri.dost.gov.ph/fct/library/report/4315,2026-09-16
FC000971,M044,protein_g_100g,0.2,https://i.fnri.dost.gov.ph/fct/library/report/4315,2026-09-16
FC000971,M044,carbs_g_100g,92.8,https://i.fnri.dost.gov.ph/fct/library/report/4315,2026-09-16
FC000971,M044,fat_g_100g,0.4,https://i.fnri.dost.gov.ph/fct/library/report/4315,2026-09-16
FC000971,M044,fiber_g_100g,0.0,https://i.fnri.dost.gov.ph/fct/library/report/4315,2026-09-16
FC000971,M044,sugar_g_100g,92.5,https://i.fnri.dost.gov.ph/fct/library/report/4315,2026-09-16
FC000971,M044,sodium_mg_100g,27,https://i.fnri.dost.gov.ph/fct/library/report/4315,2026-09-16
FC000971,M044,cholesterol_mg_100g,0,https://i.fnri.dost.gov.ph/fct/library/report/4315,2026-09-16
FC000972,M045,kcal_100g,400,https://i.fnri.dost.gov.ph/fct/library/report/4316,2026-09-16
FC000972,M045,protein_g_100g,0.0,https://i.fnri.dost.gov.ph/fct/library/report/4316,2026-09-16
FC000972,M045,carbs_g_100g,100.0,https://i.fnri.dost.gov.ph/fct/library/report/4316,2026-09-16
FC000972,M045,fat_g_100g,0.0,https://i.fnri.dost.gov.ph/fct/library/report/4316,2026-09-16
FC000972,M045,fiber_g_100g,0.0,https://i.fnri.dost.gov.ph/fct/library/report/4316,2026-09-16
FC000972,M045,sugar_g_100g,98.0,https://i.fnri.dost.gov.ph/fct/library/report/4316,2026-09-16
FC000972,M045,sodium_mg_100g,2,https://i.fnri.dost.gov.ph/fct/library/report/4316,2026-09-16
FC000972,M045,cholesterol_mg_100g,0,https://i.fnri.dost.gov.ph/fct/library/report/4316,2026-09-16
FC000973,M046,kcal_100g,400,https://i.fnri.dost.gov.ph/fct/library/report/4317,2026-09-16
FC000973,M046,protein_g_100g,0.0,https://i.fnri.dost.gov.ph/fct/library/report/4317,2026-09-16
FC000973,M046,carbs_g_100g,99.9,https://i.fnri.dost.gov.ph/fct/library/report/4317,2026-09-16
FC000973,M046,fat_g_100g,0.0,https://i.fnri.dost.gov.ph/fct/library/report/4317,2026-09-16
FC000973,M046,fiber_g_100g,0.0,https://i.fnri.dost.gov.ph/fct/library/report/4317,2026-09-16
FC000973,M046,sugar_g_100g,99.7,https://i.fnri.dost.gov.ph/fct/library/report/4317,2026-09-16
FC000973,M046,sodium_mg_100g,1,https://i.fnri.dost.gov.ph/fct/library/report/4317,2026-09-16
FC000973,M046,cholesterol_mg_100g,0,https://i.fnri.dost.gov.ph/fct/library/report/4317,2026-09-16
FC000974,M048,kcal_100g,260,https://i.fnri.dost.gov.ph/fct/library/report/4319,2026-09-16
FC000974,M048,protein_g_100g,1.8,https://i.fnri.dost.gov.ph/fct/library/report/4319,2026-09-16
FC000974,M048,carbs_g_100g,62.4,https://i.fnri.dost.gov.ph/fct/library/report/4319,2026-09-16
FC000974,M048,fat_g_100g,0.4,https://i.fnri.dost.gov.ph/fct/library/report/4319,2026-09-16
FC000974,M048,fiber_g_100g,0.0,https://i.fnri.dost.gov.ph/fct/library/report/4319,2026-09-16
FC000974,M048,sugar_g_100g,-,https://i.fnri.dost.gov.ph/fct/library/report/4319,2026-09-16
FC000974,M048,sodium_mg_100g,33,https://i.fnri.dost.gov.ph/fct/library/report/4319,2026-09-16
FC000974,M048,cholesterol_mg_100g,0,https://i.fnri.dost.gov.ph/fct/library/report/4319,2026-09-16
FC000975,M049,kcal_100g,335,https://i.fnri.dost.gov.ph/fct/library/report/4320,2026-09-16
FC000975,M049,protein_g_100g,0.4,https://i.fnri.dost.gov.ph/fct/library/report/4320,2026-09-16
FC000975,M049,carbs_g_100g,81.7,https://i.fnri.dost.gov.ph/fct/library/report/4320,2026-09-16
FC000975,M049,fat_g_100g,0.7,https://i.fnri.dost.gov.ph/fct/library/report/4320,2026-09-16
FC000975,M049,fiber_g_100g,-,https://i.fnri.dost.gov.ph/fct/library/report/4320,2026-09-16
FC000975,M049,sugar_g_100g,80.7,https://i.fnri.dost.gov.ph/fct/library/report/4320,2026-09-16
FC000975,M049,sodium_mg_100g,98,https://i.fnri.dost.gov.ph/fct/library/report/4320,2026-09-16
FC000975,M049,cholesterol_mg_100g,0,https://i.fnri.dost.gov.ph/fct/library/report/4320,2026-09-16
FC000976,M051,kcal_100g,385,https://i.fnri.dost.gov.ph/fct/library/report/4322,2026-09-16
FC000976,M051,protein_g_100g,1.2,https://i.fnri.dost.gov.ph/fct/library/report/4322,2026-09-16
FC000976,M051,carbs_g_100g,94.8,https://i.fnri.dost.gov.ph/fct/library/report/4322,2026-09-16
FC000976,M051,fat_g_100g,0.1,https://i.fnri.dost.gov.ph/fct/library/report/4322,2026-09-16
FC000976,M051,fiber_g_100g,0.0,https://i.fnri.dost.gov.ph/fct/library/report/4322,2026-09-16
FC000976,M051,sugar_g_100g,94.1,https://i.fnri.dost.gov.ph/fct/library/report/4322,2026-09-16
FC000976,M051,sodium_mg_100g,112,https://i.fnri.dost.gov.ph/fct/library/report/4322,2026-09-16
FC000976,M051,cholesterol_mg_100g,0,https://i.fnri.dost.gov.ph/fct/library/report/4322,2026-09-16
FC000977,M052,kcal_100g,321,https://i.fnri.dost.gov.ph/fct/library/report/4323,2026-09-16
FC000977,M052,protein_g_100g,1.0,https://i.fnri.dost.gov.ph/fct/library/report/4323,2026-09-16
FC000977,M052,carbs_g_100g,79.1,https://i.fnri.dost.gov.ph/fct/library/report/4323,2026-09-16
FC000977,M052,fat_g_100g,0.1,https://i.fnri.dost.gov.ph/fct/library/report/4323,2026-09-16
FC000977,M052,fiber_g_100g,0.6,https://i.fnri.dost.gov.ph/fct/library/report/4323,2026-09-16
FC000977,M052,sugar_g_100g,67.6,https://i.fnri.dost.gov.ph/fct/library/report/4323,2026-09-16
FC000977,M052,sodium_mg_100g,126,https://i.fnri.dost.gov.ph/fct/library/report/4323,2026-09-16
FC000977,M052,cholesterol_mg_100g,0,https://i.fnri.dost.gov.ph/fct/library/report/4323,2026-09-16
FC000978,N001,kcal_100g,401,https://i.fnri.dost.gov.ph/fct/library/report/4324,2026-09-16
FC000978,N001,protein_g_100g,11.4,https://i.fnri.dost.gov.ph/fct/library/report/4324,2026-09-16
FC000978,N001,carbs_g_100g,68.5,https://i.fnri.dost.gov.ph/fct/library/report/4324,2026-09-16
FC000978,N001,fat_g_100g,9.0,https://i.fnri.dost.gov.ph/fct/library/report/4324,2026-09-16
FC000978,N001,fiber_g_100g,-,https://i.fnri.dost.gov.ph/fct/library/report/4324,2026-09-16
FC000978,N001,sugar_g_100g,42.6,https://i.fnri.dost.gov.ph/fct/library/report/4324,2026-09-16
FC000978,N001,sodium_mg_100g,21,https://i.fnri.dost.gov.ph/fct/library/report/4324,2026-09-16
FC000978,N001,cholesterol_mg_100g,0,https://i.fnri.dost.gov.ph/fct/library/report/4324,2026-09-16
FC000979,N002,kcal_100g,284,https://i.fnri.dost.gov.ph/fct/library/report/4325,2026-09-16
FC000979,N002,protein_g_100g,10.4,https://i.fnri.dost.gov.ph/fct/library/report/4325,2026-09-16
FC000979,N002,carbs_g_100g,13.0,https://i.fnri.dost.gov.ph/fct/library/report/4325,2026-09-16
FC000979,N002,fat_g_100g,21.2,https://i.fnri.dost.gov.ph/fct/library/report/4325,2026-09-16
FC000979,N002,fiber_g_100g,0.0,https://i.fnri.dost.gov.ph/fct/library/report/4325,2026-09-16
FC000979,N002,sugar_g_100g,-,https://i.fnri.dost.gov.ph/fct/library/report/4325,2026-09-16
FC000979,N002,sodium_mg_100g,24149,https://i.fnri.dost.gov.ph/fct/library/report/4325,2026-09-16
FC000979,N002,cholesterol_mg_100g,21,https://i.fnri.dost.gov.ph/fct/library/report/4325,2026-09-16
FC000980,N003,kcal_100g,306,https://i.fnri.dost.gov.ph/fct/library/report/4326,2026-09-16
FC000980,N003,protein_g_100g,15.3,https://i.fnri.dost.gov.ph/fct/library/report/4326,2026-09-16
FC000980,N003,carbs_g_100g,11.0,https://i.fnri.dost.gov.ph/fct/library/report/4326,2026-09-16
FC000980,N003,fat_g_100g,22.3,https://i.fnri.dost.gov.ph/fct/library/report/4326,2026-09-16
FC000980,N003,fiber_g_100g,0.0,https://i.fnri.dost.gov.ph/fct/library/report/4326,2026-09-16
FC000980,N003,sugar_g_100g,0.0,https://i.fnri.dost.gov.ph/fct/library/report/4326,2026-09-16
FC000980,N003,sodium_mg_100g,23606,https://i.fnri.dost.gov.ph/fct/library/report/4326,2026-09-16
FC000980,N003,cholesterol_mg_100g,62,https://i.fnri.dost.gov.ph/fct/library/report/4326,2026-09-16
FC000981,N006,kcal_100g,69,https://i.fnri.dost.gov.ph/fct/library/report/4329,2026-09-16
FC000981,N006,protein_g_100g,7.5,https://i.fnri.dost.gov.ph/fct/library/report/4329,2026-09-16
FC000981,N006,carbs_g_100g,8.9,https://i.fnri.dost.gov.ph/fct/library/report/4329,2026-09-16
FC000981,N006,fat_g_100g,0.4,https://i.fnri.dost.gov.ph/fct/library/report/4329,2026-09-16
FC000981,N006,fiber_g_100g,0.0,https://i.fnri.dost.gov.ph/fct/library/report/4329,2026-09-16
FC000981,N006,sugar_g_100g,0.6,https://i.fnri.dost.gov.ph/fct/library/report/4329,2026-09-16
FC000981,N006,sodium_mg_100g,2357,https://i.fnri.dost.gov.ph/fct/library/report/4329,2026-09-16
FC000981,N006,cholesterol_mg_100g,-,https://i.fnri.dost.gov.ph/fct/library/report/4329,2026-09-16
FC000982,N008,kcal_100g,162,https://i.fnri.dost.gov.ph/fct/library/report/4331,2026-09-16
FC000982,N008,protein_g_100g,8.1,https://i.fnri.dost.gov.ph/fct/library/report/4331,2026-09-16
FC000982,N008,carbs_g_100g,25.1,https://i.fnri.dost.gov.ph/fct/library/report/4331,2026-09-16
FC000982,N008,fat_g_100g,3.2,https://i.fnri.dost.gov.ph/fct/library/report/4331,2026-09-16
FC000982,N008,fiber_g_100g,0.0,https://i.fnri.dost.gov.ph/fct/library/report/4331,2026-09-16
FC000982,N008,sugar_g_100g,1.4,https://i.fnri.dost.gov.ph/fct/library/report/4331,2026-09-16
FC000982,N008,sodium_mg_100g,5261,https://i.fnri.dost.gov.ph/fct/library/report/4331,2026-09-16
FC000982,N008,cholesterol_mg_100g,165,https://i.fnri.dost.gov.ph/fct/library/report/4331,2026-09-16
FC000983,N009,kcal_100g,110,https://i.fnri.dost.gov.ph/fct/library/report/4332,2026-09-16
FC000983,N009,protein_g_100g,23.4,https://i.fnri.dost.gov.ph/fct/library/report/4332,2026-09-16
FC000983,N009,carbs_g_100g,0.0,https://i.fnri.dost.gov.ph/fct/library/report/4332,2026-09-16
FC000983,N009,fat_g_100g,1.8,https://i.fnri.dost.gov.ph/fct/library/report/4332,2026-09-16
FC000983,N009,fiber_g_100g,0.0,https://i.fnri.dost.gov.ph/fct/library/report/4332,2026-09-16
FC000983,N009,sugar_g_100g,0.0,https://i.fnri.dost.gov.ph/fct/library/report/4332,2026-09-16
FC000983,N009,sodium_mg_100g,3391,https://i.fnri.dost.gov.ph/fct/library/report/4332,2026-09-16
FC000983,N009,cholesterol_mg_100g,93,https://i.fnri.dost.gov.ph/fct/library/report/4332,2026-09-16
FC000984,N010,kcal_100g,54,https://i.fnri.dost.gov.ph/fct/library/report/4333,2026-09-16
FC000984,N010,protein_g_100g,9.6,https://i.fnri.dost.gov.ph/fct/library/report/4333,2026-09-16
FC000984,N010,carbs_g_100g,0.0,https://i.fnri.dost.gov.ph/fct/library/report/4333,2026-09-16
FC000984,N010,fat_g_100g,1.7,https://i.fnri.dost.gov.ph/fct/library/report/4333,2026-09-16
FC000984,N010,fiber_g_100g,0.0,https://i.fnri.dost.gov.ph/fct/library/report/4333,2026-09-16
FC000984,N010,sugar_g_100g,0.0,https://i.fnri.dost.gov.ph/fct/library/report/4333,2026-09-16
FC000984,N010,sodium_mg_100g,2592,https://i.fnri.dost.gov.ph/fct/library/report/4333,2026-09-16
FC000984,N010,cholesterol_mg_100g,88,https://i.fnri.dost.gov.ph/fct/library/report/4333,2026-09-16
FC000985,N014,kcal_100g,111,https://i.fnri.dost.gov.ph/fct/library/report/4337,2026-09-16
FC000985,N014,protein_g_100g,1.4,https://i.fnri.dost.gov.ph/fct/library/report/4337,2026-09-16
FC000985,N014,carbs_g_100g,23.1,https://i.fnri.dost.gov.ph/fct/library/report/4337,2026-09-16
FC000985,N014,fat_g_100g,1.4,https://i.fnri.dost.gov.ph/fct/library/report/4337,2026-09-16
FC000985,N014,fiber_g_100g,3.3,https://i.fnri.dost.gov.ph/fct/library/report/4337,2026-09-16
FC000985,N014,sugar_g_100g,-,https://i.fnri.dost.gov.ph/fct/library/report/4337,2026-09-16
FC000985,N014,sodium_mg_100g,10,https://i.fnri.dost.gov.ph/fct/library/report/4337,2026-09-16
FC000985,N014,cholesterol_mg_100g,0,https://i.fnri.dost.gov.ph/fct/library/report/4337,2026-09-16
FC000986,N015,kcal_100g,57,https://i.fnri.dost.gov.ph/fct/library/report/4338,2026-09-16
FC000986,N015,protein_g_100g,0.3,https://i.fnri.dost.gov.ph/fct/library/report/4338,2026-09-16
FC000986,N015,carbs_g_100g,13.2,https://i.fnri.dost.gov.ph/fct/library/report/4338,2026-09-16
FC000986,N015,fat_g_100g,0.3,https://i.fnri.dost.gov.ph/fct/library/report/4338,2026-09-16
FC000986,N015,fiber_g_100g,1.7,https://i.fnri.dost.gov.ph/fct/library/report/4338,2026-09-16
FC000986,N015,sugar_g_100g,-,https://i.fnri.dost.gov.ph/fct/library/report/4338,2026-09-16
FC000986,N015,sodium_mg_100g,5,https://i.fnri.dost.gov.ph/fct/library/report/4338,2026-09-16
FC000986,N015,cholesterol_mg_100g,0,https://i.fnri.dost.gov.ph/fct/library/report/4338,2026-09-16
FC000987,N016,kcal_100g,329,https://i.fnri.dost.gov.ph/fct/library/report/4339,2026-09-16
FC000987,N016,protein_g_100g,9.6,https://i.fnri.dost.gov.ph/fct/library/report/4339,2026-09-16
FC000987,N016,carbs_g_100g,69.6,https://i.fnri.dost.gov.ph/fct/library/report/4339,2026-09-16
FC000987,N016,fat_g_100g,1.3,https://i.fnri.dost.gov.ph/fct/library/report/4339,2026-09-16
FC000987,N016,fiber_g_100g,-,https://i.fnri.dost.gov.ph/fct/library/report/4339,2026-09-16
FC000987,N016,sugar_g_100g,-,https://i.fnri.dost.gov.ph/fct/library/report/4339,2026-09-16
FC000987,N016,sodium_mg_100g,-,https://i.fnri.dost.gov.ph/fct/library/report/4339,2026-09-16
FC000987,N016,cholesterol_mg_100g,0,https://i.fnri.dost.gov.ph/fct/library/report/4339,2026-09-16
FC000988,N017,kcal_100g,54,https://i.fnri.dost.gov.ph/fct/library/report/4340,2026-09-16
FC000988,N017,protein_g_100g,3.7,https://i.fnri.dost.gov.ph/fct/library/report/4340,2026-09-16
FC000988,N017,carbs_g_100g,5.8,https://i.fnri.dost.gov.ph/fct/library/report/4340,2026-09-16
FC000988,N017,fat_g_100g,1.8,https://i.fnri.dost.gov.ph/fct/library/report/4340,2026-09-16
FC000988,N017,fiber_g_100g,0.0,https://i.fnri.dost.gov.ph/fct/library/report/4340,2026-09-16
FC000988,N017,sugar_g_100g,0.6,https://i.fnri.dost.gov.ph/fct/library/report/4340,2026-09-16
FC000988,N017,sodium_mg_100g,2015,https://i.fnri.dost.gov.ph/fct/library/report/4340,2026-09-16
FC000988,N017,cholesterol_mg_100g,-,https://i.fnri.dost.gov.ph/fct/library/report/4340,2026-09-16
FC000989,N018,kcal_100g,340,https://i.fnri.dost.gov.ph/fct/library/report/4341,2026-09-16
FC000989,N018,protein_g_100g,16.2,https://i.fnri.dost.gov.ph/fct/library/report/4341,2026-09-16
FC000989,N018,carbs_g_100g,59.0,https://i.fnri.dost.gov.ph/fct/library/report/4341,2026-09-16
FC000989,N018,fat_g_100g,4.3,https://i.fnri.dost.gov.ph/fct/library/report/4341,2026-09-16
FC000989,N018,fiber_g_100g,3.8,https://i.fnri.dost.gov.ph/fct/library/report/4341,2026-09-16
FC000989,N018,sugar_g_100g,-,https://i.fnri.dost.gov.ph/fct/library/report/4341,2026-09-16
FC000989,N018,sodium_mg_100g,121,https://i.fnri.dost.gov.ph/fct/library/report/4341,2026-09-16
FC000989,N018,cholesterol_mg_100g,0,https://i.fnri.dost.gov.ph/fct/library/report/4341,2026-09-16
FC000990,N022,kcal_100g,57,https://i.fnri.dost.gov.ph/fct/library/report/4345,2026-09-16
FC000990,N022,protein_g_100g,12.0,https://i.fnri.dost.gov.ph/fct/library/report/4345,2026-09-16
FC000990,N022,carbs_g_100g,0.4,https://i.fnri.dost.gov.ph/fct/library/report/4345,2026-09-16
FC000990,N022,fat_g_100g,0.8,https://i.fnri.dost.gov.ph/fct/library/report/4345,2026-09-16
FC000990,N022,fiber_g_100g,1.4,https://i.fnri.dost.gov.ph/fct/library/report/4345,2026-09-16
FC000990,N022,sugar_g_100g,0.0,https://i.fnri.dost.gov.ph/fct/library/report/4345,2026-09-16
FC000990,N022,sodium_mg_100g,4697,https://i.fnri.dost.gov.ph/fct/library/report/4345,2026-09-16
FC000990,N022,cholesterol_mg_100g,-,https://i.fnri.dost.gov.ph/fct/library/report/4345,2026-09-16
FC000991,N028,kcal_100g,11,https://i.fnri.dost.gov.ph/fct/library/report/4351,2026-09-16
FC000991,N028,protein_g_100g,0.2,https://i.fnri.dost.gov.ph/fct/library/report/4351,2026-09-16
FC000991,N028,carbs_g_100g,2.6,https://i.fnri.dost.gov.ph/fct/library/report/4351,2026-09-16
FC000991,N028,fat_g_100g,0.0,https://i.fnri.dost.gov.ph/fct/library/report/4351,2026-09-16
FC000991,N028,fiber_g_100g,0.0,https://i.fnri.dost.gov.ph/fct/library/report/4351,2026-09-16
FC000991,N028,sugar_g_100g,0.0,https://i.fnri.dost.gov.ph/fct/library/report/4351,2026-09-16
FC000991,N028,sodium_mg_100g,1,https://i.fnri.dost.gov.ph/fct/library/report/4351,2026-09-16
FC000991,N028,cholesterol_mg_100g,0,https://i.fnri.dost.gov.ph/fct/library/report/4351,2026-09-16
FC000992,N029,kcal_100g,7,https://i.fnri.dost.gov.ph/fct/library/report/4352,2026-09-16
FC000992,N029,protein_g_100g,0.1,https://i.fnri.dost.gov.ph/fct/library/report/4352,2026-09-16
FC000992,N029,carbs_g_100g,1.3,https://i.fnri.dost.gov.ph/fct/library/report/4352,2026-09-16
FC000992,N029,fat_g_100g,0.1,https://i.fnri.dost.gov.ph/fct/library/report/4352,2026-09-16
FC000992,N029,fiber_g_100g,0.0,https://i.fnri.dost.gov.ph/fct/library/report/4352,2026-09-16
FC000992,N029,sugar_g_100g,0.0,https://i.fnri.dost.gov.ph/fct/library/report/4352,2026-09-16
FC000992,N029,sodium_mg_100g,1,https://i.fnri.dost.gov.ph/fct/library/report/4352,2026-09-16
FC000992,N029,cholesterol_mg_100g,0,https://i.fnri.dost.gov.ph/fct/library/report/4352,2026-09-16
FC000993,P001,kcal_100g,16,https://i.fnri.dost.gov.ph/fct/library/report/4355,2026-09-16
FC000993,P001,protein_g_100g,0.3,https://i.fnri.dost.gov.ph/fct/library/report/4355,2026-09-16
FC000993,P001,carbs_g_100g,3.6,https://i.fnri.dost.gov.ph/fct/library/report/4355,2026-09-16
FC000993,P001,fat_g_100g,0.0,https://i.fnri.dost.gov.ph/fct/library/report/4355,2026-09-16
FC000993,P001,fiber_g_100g,0.0,https://i.fnri.dost.gov.ph/fct/library/report/4355,2026-09-16
FC000993,P001,sugar_g_100g,0.0,https://i.fnri.dost.gov.ph/fct/library/report/4355,2026-09-16
FC000993,P001,sodium_mg_100g,2,https://i.fnri.dost.gov.ph/fct/library/report/4355,2026-09-16
FC000993,P001,cholesterol_mg_100g,0,https://i.fnri.dost.gov.ph/fct/library/report/4355,2026-09-16
FC000994,P002,kcal_100g,35,https://i.fnri.dost.gov.ph/fct/library/report/4356,2026-09-16
FC000994,P002,protein_g_100g,0.2,https://i.fnri.dost.gov.ph/fct/library/report/4356,2026-09-16
FC000994,P002,carbs_g_100g,7.9,https://i.fnri.dost.gov.ph/fct/library/report/4356,2026-09-16
FC000994,P002,fat_g_100g,0.3,https://i.fnri.dost.gov.ph/fct/library/report/4356,2026-09-16
FC000994,P002,fiber_g_100g,0.0,https://i.fnri.dost.gov.ph/fct/library/report/4356,2026-09-16
FC000994,P002,sugar_g_100g,0.5,https://i.fnri.dost.gov.ph/fct/library/report/4356,2026-09-16
FC000994,P002,sodium_mg_100g,3,https://i.fnri.dost.gov.ph/fct/library/report/4356,2026-09-16
FC000994,P002,cholesterol_mg_100g,0,https://i.fnri.dost.gov.ph/fct/library/report/4356,2026-09-16
FC000995,P003,kcal_100g,1,https://i.fnri.dost.gov.ph/fct/library/report/4357,2026-09-16
FC000995,P003,protein_g_100g,0.0,https://i.fnri.dost.gov.ph/fct/library/report/4357,2026-09-16
FC000995,P003,carbs_g_100g,0.2,https://i.fnri.dost.gov.ph/fct/library/report/4357,2026-09-16
FC000995,P003,fat_g_100g,0.0,https://i.fnri.dost.gov.ph/fct/library/report/4357,2026-09-16
FC000995,P003,fiber_g_100g,0.0,https://i.fnri.dost.gov.ph/fct/library/report/4357,2026-09-16
FC000995,P003,sugar_g_100g,0.0,https://i.fnri.dost.gov.ph/fct/library/report/4357,2026-09-16
FC000995,P003,sodium_mg_100g,0,https://i.fnri.dost.gov.ph/fct/library/report/4357,2026-09-16
FC000995,P003,cholesterol_mg_100g,0,https://i.fnri.dost.gov.ph/fct/library/report/4357,2026-09-16
FC000996,P004,kcal_100g,21,https://i.fnri.dost.gov.ph/fct/library/report/4358,2026-09-16
FC000996,P004,protein_g_100g,0.0,https://i.fnri.dost.gov.ph/fct/library/report/4358,2026-09-16
FC000996,P004,carbs_g_100g,5.0,https://i.fnri.dost.gov.ph/fct/library/report/4358,2026-09-16
FC000996,P004,fat_g_100g,0.1,https://i.fnri.dost.gov.ph/fct/library/report/4358,2026-09-16
FC000996,P004,fiber_g_100g,0.0,https://i.fnri.dost.gov.ph/fct/library/report/4358,2026-09-16
FC000996,P004,sugar_g_100g,0.3,https://i.fnri.dost.gov.ph/fct/library/report/4358,2026-09-16
FC000996,P004,sodium_mg_100g,2,https://i.fnri.dost.gov.ph/fct/library/report/4358,2026-09-16
FC000996,P004,cholesterol_mg_100g,0,https://i.fnri.dost.gov.ph/fct/library/report/4358,2026-09-16
FC000997,P005,kcal_100g,30,https://i.fnri.dost.gov.ph/fct/library/report/4359,2026-09-16
FC000997,P005,protein_g_100g,0.0,https://i.fnri.dost.gov.ph/fct/library/report/4359,2026-09-16
FC000997,P005,carbs_g_100g,7.4,https://i.fnri.dost.gov.ph/fct/library/report/4359,2026-09-16
FC000997,P005,fat_g_100g,0.0,https://i.fnri.dost.gov.ph/fct/library/report/4359,2026-09-16
FC000997,P005,fiber_g_100g,0.0,https://i.fnri.dost.gov.ph/fct/library/report/4359,2026-09-16
FC000997,P005,sugar_g_100g,0.4,https://i.fnri.dost.gov.ph/fct/library/report/4359,2026-09-16
FC000997,P005,sodium_mg_100g,3,https://i.fnri.dost.gov.ph/fct/library/report/4359,2026-09-16
FC000997,P005,cholesterol_mg_100g,0,https://i.fnri.dost.gov.ph/fct/library/report/4359,2026-09-16
FC000998,Q002,kcal_100g,80,https://i.fnri.dost.gov.ph/fct/library/report/4361,2026-09-16
FC000998,Q002,protein_g_100g,1.5,https://i.fnri.dost.gov.ph/fct/library/report/4361,2026-09-16
FC000998,Q002,carbs_g_100g,17.7,https://i.fnri.dost.gov.ph/fct/library/report/4361,2026-09-16
FC000998,Q002,fat_g_100g,0.3,https://i.fnri.dost.gov.ph/fct/library/report/4361,2026-09-16
FC000998,Q002,fiber_g_100g,1.9,https://i.fnri.dost.gov.ph/fct/library/report/4361,2026-09-16
FC000998,Q002,sugar_g_100g,10.9,https://i.fnri.dost.gov.ph/fct/library/report/4361,2026-09-16
FC000998,Q002,sodium_mg_100g,53,https://i.fnri.dost.gov.ph/fct/library/report/4361,2026-09-16
FC000998,Q002,cholesterol_mg_100g,0,https://i.fnri.dost.gov.ph/fct/library/report/4361,2026-09-16
FC000999,Q003,kcal_100g,394,https://i.fnri.dost.gov.ph/fct/library/report/4362,2026-09-16
FC000999,Q003,protein_g_100g,5.7,https://i.fnri.dost.gov.ph/fct/library/report/4362,2026-09-16
FC000999,Q003,carbs_g_100g,84.8,https://i.fnri.dost.gov.ph/fct/library/report/4362,2026-09-16
FC000999,Q003,fat_g_100g,3.6,https://i.fnri.dost.gov.ph/fct/library/report/4362,2026-09-16
FC000999,Q003,fiber_g_100g,4.8,https://i.fnri.dost.gov.ph/fct/library/report/4362,2026-09-16
FC000999,Q003,sugar_g_100g,66.7,https://i.fnri.dost.gov.ph/fct/library/report/4362,2026-09-16
FC000999,Q003,sodium_mg_100g,190,https://i.fnri.dost.gov.ph/fct/library/report/4362,2026-09-16
FC000999,Q003,cholesterol_mg_100g,1,https://i.fnri.dost.gov.ph/fct/library/report/4362,2026-09-16
FC001000,Q004,kcal_100g,78,https://i.fnri.dost.gov.ph/fct/library/report/4363,2026-09-16
FC001000,Q004,protein_g_100g,3.0,https://i.fnri.dost.gov.ph/fct/library/report/4363,2026-09-16
FC001000,Q004,carbs_g_100g,11.8,https://i.fnri.dost.gov.ph/fct/library/report/4363,2026-09-16
FC001000,Q004,fat_g_100g,2.1,https://i.fnri.dost.gov.ph/fct/library/report/4363,2026-09-16
FC001000,Q004,fiber_g_100g,0.3,https://i.fnri.dost.gov.ph/fct/library/report/4363,2026-09-16
FC001000,Q004,sugar_g_100g,10.9,https://i.fnri.dost.gov.ph/fct/library/report/4363,2026-09-16
FC001000,Q004,sodium_mg_100g,22,https://i.fnri.dost.gov.ph/fct/library/report/4363,2026-09-16
FC001000,Q004,cholesterol_mg_100g,7,https://i.fnri.dost.gov.ph/fct/library/report/4363,2026-09-16
FC001001,Q009,kcal_100g,465,https://i.fnri.dost.gov.ph/fct/library/report/4368,2026-09-16
FC001001,Q009,protein_g_100g,21.7,https://i.fnri.dost.gov.ph/fct/library/report/4368,2026-09-16
FC001001,Q009,carbs_g_100g,49.9,https://i.fnri.dost.gov.ph/fct/library/report/4368,2026-09-16
FC001001,Q009,fat_g_100g,19.8,https://i.fnri.dost.gov.ph/fct/library/report/4368,2026-09-16
FC001001,Q009,fiber_g_100g,9.6,https://i.fnri.dost.gov.ph/fct/library/report/4368,2026-09-16
FC001001,Q009,sugar_g_100g,28.7,https://i.fnri.dost.gov.ph/fct/library/report/4368,2026-09-16
FC001001,Q009,sodium_mg_100g,96,https://i.fnri.dost.gov.ph/fct/library/report/4368,2026-09-16
FC001001,Q009,cholesterol_mg_100g,0,https://i.fnri.dost.gov.ph/fct/library/report/4368,2026-09-16
FC001002,Q016,kcal_100g,239,https://i.fnri.dost.gov.ph/fct/library/report/4375,2026-09-16
FC001002,Q016,protein_g_100g,0.2,https://i.fnri.dost.gov.ph/fct/library/report/4375,2026-09-16
FC001002,Q016,carbs_g_100g,58.3,https://i.fnri.dost.gov.ph/fct/library/report/4375,2026-09-16
FC001002,Q016,fat_g_100g,0.6,https://i.fnri.dost.gov.ph/fct/library/report/4375,2026-09-16
FC001002,Q016,fiber_g_100g,0.3,https://i.fnri.dost.gov.ph/fct/library/report/4375,2026-09-16
FC001002,Q016,sugar_g_100g,39.8,https://i.fnri.dost.gov.ph/fct/library/report/4375,2026-09-16
FC001002,Q016,sodium_mg_100g,4,https://i.fnri.dost.gov.ph/fct/library/report/4375,2026-09-16
FC001002,Q016,cholesterol_mg_100g,0,https://i.fnri.dost.gov.ph/fct/library/report/4375,2026-09-16
FC001003,Q019,kcal_100g,109,https://i.fnri.dost.gov.ph/fct/library/report/4378,2026-09-16
FC001003,Q019,protein_g_100g,0.3,https://i.fnri.dost.gov.ph/fct/library/report/4378,2026-09-16
FC001003,Q019,carbs_g_100g,26.3,https://i.fnri.dost.gov.ph/fct/library/report/4378,2026-09-16
FC001003,Q019,fat_g_100g,0.3,https://i.fnri.dost.gov.ph/fct/library/report/4378,2026-09-16
FC001003,Q019,fiber_g_100g,1.3,https://i.fnri.dost.gov.ph/fct/library/report/4378,2026-09-16
FC001003,Q019,sugar_g_100g,21.6,https://i.fnri.dost.gov.ph/fct/library/report/4378,2026-09-16
FC001003,Q019,sodium_mg_100g,13,https://i.fnri.dost.gov.ph/fct/library/report/4378,2026-09-16
FC001003,Q019,cholesterol_mg_100g,0,https://i.fnri.dost.gov.ph/fct/library/report/4378,2026-09-16
FC001004,Q020,kcal_100g,75,https://i.fnri.dost.gov.ph/fct/library/report/4379,2026-09-16
FC001004,Q020,protein_g_100g,0.2,https://i.fnri.dost.gov.ph/fct/library/report/4379,2026-09-16
FC001004,Q020,carbs_g_100g,18.2,https://i.fnri.dost.gov.ph/fct/library/report/4379,2026-09-16
FC001004,Q020,fat_g_100g,0.2,https://i.fnri.dost.gov.ph/fct/library/report/4379,2026-09-16
FC001004,Q020,fiber_g_100g,0.4,https://i.fnri.dost.gov.ph/fct/library/report/4379,2026-09-16
FC001004,Q020,sugar_g_100g,17.4,https://i.fnri.dost.gov.ph/fct/library/report/4379,2026-09-16
FC001004,Q020,sodium_mg_100g,7,https://i.fnri.dost.gov.ph/fct/library/report/4379,2026-09-16
FC001004,Q020,cholesterol_mg_100g,0,https://i.fnri.dost.gov.ph/fct/library/report/4379,2026-09-16
FC001005,Q021,kcal_100g,244,https://i.fnri.dost.gov.ph/fct/library/report/4380,2026-09-16
FC001005,Q021,protein_g_100g,0.0,https://i.fnri.dost.gov.ph/fct/library/report/4380,2026-09-16
FC001005,Q021,carbs_g_100g,59.5,https://i.fnri.dost.gov.ph/fct/library/report/4380,2026-09-16
FC001005,Q021,fat_g_100g,0.7,https://i.fnri.dost.gov.ph/fct/library/report/4380,2026-09-16
FC001005,Q021,fiber_g_100g,0.9,https://i.fnri.dost.gov.ph/fct/library/report/4380,2026-09-16
FC001005,Q021,sugar_g_100g,41.0,https://i.fnri.dost.gov.ph/fct/library/report/4380,2026-09-16
FC001005,Q021,sodium_mg_100g,9,https://i.fnri.dost.gov.ph/fct/library/report/4380,2026-09-16
FC001005,Q021,cholesterol_mg_100g,0,https://i.fnri.dost.gov.ph/fct/library/report/4380,2026-09-16
FC001006,Q043,kcal_100g,65,https://i.fnri.dost.gov.ph/fct/library/report/4402,2026-09-16
FC001006,Q043,protein_g_100g,0.1,https://i.fnri.dost.gov.ph/fct/library/report/4402,2026-09-16
FC001006,Q043,carbs_g_100g,15.7,https://i.fnri.dost.gov.ph/fct/library/report/4402,2026-09-16
FC001006,Q043,fat_g_100g,0.2,https://i.fnri.dost.gov.ph/fct/library/report/4402,2026-09-16
FC001006,Q043,fiber_g_100g,0.3,https://i.fnri.dost.gov.ph/fct/library/report/4402,2026-09-16
FC001006,Q043,sugar_g_100g,13.2,https://i.fnri.dost.gov.ph/fct/library/report/4402,2026-09-16
FC001006,Q043,sodium_mg_100g,5,https://i.fnri.dost.gov.ph/fct/library/report/4402,2026-09-16
FC001006,Q043,cholesterol_mg_100g,0,https://i.fnri.dost.gov.ph/fct/library/report/4402,2026-09-16
FC001007,Q044,kcal_100g,150,https://i.fnri.dost.gov.ph/fct/library/report/4403,2026-09-16
FC001007,Q044,protein_g_100g,0.1,https://i.fnri.dost.gov.ph/fct/library/report/4403,2026-09-16
FC001007,Q044,carbs_g_100g,36.4,https://i.fnri.dost.gov.ph/fct/library/report/4403,2026-09-16
FC001007,Q044,fat_g_100g,0.4,https://i.fnri.dost.gov.ph/fct/library/report/4403,2026-09-16
FC001007,Q044,fiber_g_100g,1.6,https://i.fnri.dost.gov.ph/fct/library/report/4403,2026-09-16
FC001007,Q044,sugar_g_100g,6.8,https://i.fnri.dost.gov.ph/fct/library/report/4403,2026-09-16
FC001007,Q044,sodium_mg_100g,8,https://i.fnri.dost.gov.ph/fct/library/report/4403,2026-09-16
FC001007,Q044,cholesterol_mg_100g,0,https://i.fnri.dost.gov.ph/fct/library/report/4403,2026-09-16
FC001008,Q045,kcal_100g,56,https://i.fnri.dost.gov.ph/fct/library/report/4404,2026-09-16
FC001008,Q045,protein_g_100g,0.4,https://i.fnri.dost.gov.ph/fct/library/report/4404,2026-09-16
FC001008,Q045,carbs_g_100g,12.1,https://i.fnri.dost.gov.ph/fct/library/report/4404,2026-09-16
FC001008,Q045,fat_g_100g,0.7,https://i.fnri.dost.gov.ph/fct/library/report/4404,2026-09-16
FC001008,Q045,fiber_g_100g,1.1,https://i.fnri.dost.gov.ph/fct/library/report/4404,2026-09-16
FC001008,Q045,sugar_g_100g,9.3,https://i.fnri.dost.gov.ph/fct/library/report/4404,2026-09-16
FC001008,Q045,sodium_mg_100g,4,https://i.fnri.dost.gov.ph/fct/library/report/4404,2026-09-16
FC001008,Q045,cholesterol_mg_100g,0,https://i.fnri.dost.gov.ph/fct/library/report/4404,2026-09-16
FC001009,Q046,kcal_100g,46,https://i.fnri.dost.gov.ph/fct/library/report/4405,2026-09-16
FC001009,Q046,protein_g_100g,0.7,https://i.fnri.dost.gov.ph/fct/library/report/4405,2026-09-16
FC001009,Q046,carbs_g_100g,10.2,https://i.fnri.dost.gov.ph/fct/library/report/4405,2026-09-16
FC001009,Q046,fat_g_100g,0.3,https://i.fnri.dost.gov.ph/fct/library/report/4405,2026-09-16
FC001009,Q046,fiber_g_100g,0.3,https://i.fnri.dost.gov.ph/fct/library/report/4405,2026-09-16
FC001009,Q046,sugar_g_100g,8.2,https://i.fnri.dost.gov.ph/fct/library/report/4405,2026-09-16
FC001009,Q046,sodium_mg_100g,4,https://i.fnri.dost.gov.ph/fct/library/report/4405,2026-09-16
FC001009,Q046,cholesterol_mg_100g,0,https://i.fnri.dost.gov.ph/fct/library/report/4405,2026-09-16
FC001010,Q048,kcal_100g,62,https://i.fnri.dost.gov.ph/fct/library/report/4407,2026-09-16
FC001010,Q048,protein_g_100g,0.0,https://i.fnri.dost.gov.ph/fct/library/report/4407,2026-09-16
FC001010,Q048,carbs_g_100g,15.3,https://i.fnri.dost.gov.ph/fct/library/report/4407,2026-09-16
FC001010,Q048,fat_g_100g,0.1,https://i.fnri.dost.gov.ph/fct/library/report/4407,2026-09-16
FC001010,Q048,fiber_g_100g,0.2,https://i.fnri.dost.gov.ph/fct/library/report/4407,2026-09-16
FC001010,Q048,sugar_g_100g,11.4,https://i.fnri.dost.gov.ph/fct/library/report/4407,2026-09-16
FC001010,Q048,sodium_mg_100g,2,https://i.fnri.dost.gov.ph/fct/library/report/4407,2026-09-16
FC001010,Q048,cholesterol_mg_100g,0,https://i.fnri.dost.gov.ph/fct/library/report/4407,2026-09-16
FC001011,Q049,kcal_100g,50,https://i.fnri.dost.gov.ph/fct/library/report/4408,2026-09-16
FC001011,Q049,protein_g_100g,0.1,https://i.fnri.dost.gov.ph/fct/library/report/4408,2026-09-16
FC001011,Q049,carbs_g_100g,11.9,https://i.fnri.dost.gov.ph/fct/library/report/4408,2026-09-16
FC001011,Q049,fat_g_100g,0.2,https://i.fnri.dost.gov.ph/fct/library/report/4408,2026-09-16
FC001011,Q049,fiber_g_100g,0.6,https://i.fnri.dost.gov.ph/fct/library/report/4408,2026-09-16
FC001011,Q049,sugar_g_100g,10.1,https://i.fnri.dost.gov.ph/fct/library/report/4408,2026-09-16
FC001011,Q049,sodium_mg_100g,1,https://i.fnri.dost.gov.ph/fct/library/report/4408,2026-09-16
FC001011,Q049,cholesterol_mg_100g,0,https://i.fnri.dost.gov.ph/fct/library/report/4408,2026-09-16
FC001012,Q050,kcal_100g,25,https://i.fnri.dost.gov.ph/fct/library/report/4409,2026-09-16
FC001012,Q050,protein_g_100g,0.8,https://i.fnri.dost.gov.ph/fct/library/report/4409,2026-09-16
FC001012,Q050,carbs_g_100g,4.9,https://i.fnri.dost.gov.ph/fct/library/report/4409,2026-09-16
FC001012,Q050,fat_g_100g,0.2,https://i.fnri.dost.gov.ph/fct/library/report/4409,2026-09-16
FC001012,Q050,fiber_g_100g,0.5,https://i.fnri.dost.gov.ph/fct/library/report/4409,2026-09-16
FC001012,Q050,sugar_g_100g,3.7,https://i.fnri.dost.gov.ph/fct/library/report/4409,2026-09-16
FC001012,Q050,sodium_mg_100g,182,https://i.fnri.dost.gov.ph/fct/library/report/4409,2026-09-16
FC001012,Q050,cholesterol_mg_100g,0,https://i.fnri.dost.gov.ph/fct/library/report/4409,2026-09-16
FC001013,Q051,kcal_100g,51,https://i.fnri.dost.gov.ph/fct/library/report/4410,2026-09-16
FC001013,Q051,protein_g_100g,0.0,https://i.fnri.dost.gov.ph/fct/library/report/4410,2026-09-16
FC001013,Q051,carbs_g_100g,12.0,https://i.fnri.dost.gov.ph/fct/library/report/4410,2026-09-16
FC001013,Q051,fat_g_100g,0.3,https://i.fnri.dost.gov.ph/fct/library/report/4410,2026-09-16
FC001013,Q051,fiber_g_100g,0.0,https://i.fnri.dost.gov.ph/fct/library/report/4410,2026-09-16
FC001013,Q051,sugar_g_100g,11.8,https://i.fnri.dost.gov.ph/fct/library/report/4410,2026-09-16
FC001013,Q051,sodium_mg_100g,29,https://i.fnri.dost.gov.ph/fct/library/report/4410,2026-09-16
FC001013,Q051,cholesterol_mg_100g,0,https://i.fnri.dost.gov.ph/fct/library/report/4410,2026-09-16
FC001014,Q053,kcal_100g,41,https://i.fnri.dost.gov.ph/fct/library/report/4412,2026-09-16
FC001014,Q053,protein_g_100g,0.0,https://i.fnri.dost.gov.ph/fct/library/report/4412,2026-09-16
FC001014,Q053,carbs_g_100g,9.9,https://i.fnri.dost.gov.ph/fct/library/report/4412,2026-09-16
FC001014,Q053,fat_g_100g,0.1,https://i.fnri.dost.gov.ph/fct/library/report/4412,2026-09-16
FC001014,Q053,fiber_g_100g,0.0,https://i.fnri.dost.gov.ph/fct/library/report/4412,2026-09-16
FC001014,Q053,sugar_g_100g,9.4,https://i.fnri.dost.gov.ph/fct/library/report/4412,2026-09-16
FC001014,Q053,sodium_mg_100g,4,https://i.fnri.dost.gov.ph/fct/library/report/4412,2026-09-16
FC001014,Q053,cholesterol_mg_100g,0,https://i.fnri.dost.gov.ph/fct/library/report/4412,2026-09-16
FC001015,Q054,kcal_100g,46,https://i.fnri.dost.gov.ph/fct/library/report/4413,2026-09-16
FC001015,Q054,protein_g_100g,0.0,https://i.fnri.dost.gov.ph/fct/library/report/4413,2026-09-16
FC001015,Q054,carbs_g_100g,11.6,https://i.fnri.dost.gov.ph/fct/library/report/4413,2026-09-16
FC001015,Q054,fat_g_100g,0.0,https://i.fnri.dost.gov.ph/fct/library/report/4413,2026-09-16
FC001015,Q054,fiber_g_100g,0.0,https://i.fnri.dost.gov.ph/fct/library/report/4413,2026-09-16
FC001015,Q054,sugar_g_100g,9.7,https://i.fnri.dost.gov.ph/fct/library/report/4413,2026-09-16
FC001015,Q054,sodium_mg_100g,12,https://i.fnri.dost.gov.ph/fct/library/report/4413,2026-09-16
FC001015,Q054,cholesterol_mg_100g,0,https://i.fnri.dost.gov.ph/fct/library/report/4413,2026-09-16
FC001016,Q059,kcal_100g,51,https://i.fnri.dost.gov.ph/fct/library/report/4418,2026-09-16
FC001016,Q059,protein_g_100g,2.6,https://i.fnri.dost.gov.ph/fct/library/report/4418,2026-09-16
FC001016,Q059,carbs_g_100g,8.3,https://i.fnri.dost.gov.ph/fct/library/report/4418,2026-09-16
FC001016,Q059,fat_g_100g,0.8,https://i.fnri.dost.gov.ph/fct/library/report/4418,2026-09-16
FC001016,Q059,fiber_g_100g,0.6,https://i.fnri.dost.gov.ph/fct/library/report/4418,2026-09-16
FC001016,Q059,sugar_g_100g,4.0,https://i.fnri.dost.gov.ph/fct/library/report/4418,2026-09-16
FC001016,Q059,sodium_mg_100g,2,https://i.fnri.dost.gov.ph/fct/library/report/4418,2026-09-16
FC001016,Q059,cholesterol_mg_100g,0,https://i.fnri.dost.gov.ph/fct/library/report/4418,2026-09-16
FC001017,Q062,kcal_100g,1,https://i.fnri.dost.gov.ph/fct/library/report/5008,2026-09-16
FC001017,Q062,protein_g_100g,0.1,https://i.fnri.dost.gov.ph/fct/library/report/5008,2026-09-16
FC001017,Q062,carbs_g_100g,0.2,https://i.fnri.dost.gov.ph/fct/library/report/5008,2026-09-16
FC001017,Q062,fat_g_100g,0.0,https://i.fnri.dost.gov.ph/fct/library/report/5008,2026-09-16
FC001017,Q062,fiber_g_100g,0.0,https://i.fnri.dost.gov.ph/fct/library/report/5008,2026-09-16
FC001017,Q062,sugar_g_100g,0.0,https://i.fnri.dost.gov.ph/fct/library/report/5008,2026-09-16
FC001017,Q062,sodium_mg_100g,1,https://i.fnri.dost.gov.ph/fct/library/report/5008,2026-09-16
FC001017,Q062,cholesterol_mg_100g,0,https://i.fnri.dost.gov.ph/fct/library/report/5008,2026-09-16
FC001018,R001,kcal_100g,268,https://i.fnri.dost.gov.ph/fct/library/report/4421,2026-09-16
FC001018,R001,protein_g_100g,9.6,https://i.fnri.dost.gov.ph/fct/library/report/4421,2026-09-16
FC001018,R001,carbs_g_100g,39.3,https://i.fnri.dost.gov.ph/fct/library/report/4421,2026-09-16
FC001018,R001,fat_g_100g,8.0,https://i.fnri.dost.gov.ph/fct/library/report/4421,2026-09-16
FC001018,R001,fiber_g_100g,2.2,https://i.fnri.dost.gov.ph/fct/library/report/4421,2026-09-16
FC001018,R001,sugar_g_100g,4.7,https://i.fnri.dost.gov.ph/fct/library/report/4421,2026-09-16
FC001018,R001,sodium_mg_100g,697,https://i.fnri.dost.gov.ph/fct/library/report/4421,2026-09-16
FC001018,R001,cholesterol_mg_100g,29,https://i.fnri.dost.gov.ph/fct/library/report/4421,2026-09-16
FC001019,R006,kcal_100g,130,https://i.fnri.dost.gov.ph/fct/library/report/4426,2026-09-16
FC001019,R006,protein_g_100g,1.8,https://i.fnri.dost.gov.ph/fct/library/report/4426,2026-09-16
FC001019,R006,carbs_g_100g,24.0,https://i.fnri.dost.gov.ph/fct/library/report/4426,2026-09-16
FC001019,R006,fat_g_100g,3.0,https://i.fnri.dost.gov.ph/fct/library/report/4426,2026-09-16
FC001019,R006,fiber_g_100g,2.7,https://i.fnri.dost.gov.ph/fct/library/report/4426,2026-09-16
FC001019,R006,sugar_g_100g,8.9,https://i.fnri.dost.gov.ph/fct/library/report/4426,2026-09-16
FC001019,R006,sodium_mg_100g,9,https://i.fnri.dost.gov.ph/fct/library/report/4426,2026-09-16
FC001019,R006,cholesterol_mg_100g,0,https://i.fnri.dost.gov.ph/fct/library/report/4426,2026-09-16
FC001020,R007,kcal_100g,246,https://i.fnri.dost.gov.ph/fct/library/report/4427,2026-09-16
FC001020,R007,protein_g_100g,12.1,https://i.fnri.dost.gov.ph/fct/library/report/4427,2026-09-16
FC001020,R007,carbs_g_100g,30.5,https://i.fnri.dost.gov.ph/fct/library/report/4427,2026-09-16
FC001020,R007,fat_g_100g,8.4,https://i.fnri.dost.gov.ph/fct/library/report/4427,2026-09-16
FC001020,R007,fiber_g_100g,-,https://i.fnri.dost.gov.ph/fct/library/report/4427,2026-09-16
FC001020,R007,sugar_g_100g,-,https://i.fnri.dost.gov.ph/fct/library/report/4427,2026-09-16
FC001020,R007,sodium_mg_100g,481,https://i.fnri.dost.gov.ph/fct/library/report/4427,2026-09-16
FC001020,R007,cholesterol_mg_100g,16,https://i.fnri.dost.gov.ph/fct/library/report/4427,2026-09-16
FC001021,R008,kcal_100g,265,https://i.fnri.dost.gov.ph/fct/library/report/4428,2026-09-16
FC001021,R008,protein_g_100g,14.0,https://i.fnri.dost.gov.ph/fct/library/report/4428,2026-09-16
FC001021,R008,carbs_g_100g,30.1,https://i.fnri.dost.gov.ph/fct/library/report/4428,2026-09-16
FC001021,R008,fat_g_100g,9.9,https://i.fnri.dost.gov.ph/fct/library/report/4428,2026-09-16
FC001021,R008,fiber_g_100g,1.5,https://i.fnri.dost.gov.ph/fct/library/report/4428,2026-09-16
FC001021,R008,sugar_g_100g,4.4,https://i.fnri.dost.gov.ph/fct/library/report/4428,2026-09-16
FC001021,R008,sodium_mg_100g,300,https://i.fnri.dost.gov.ph/fct/library/report/4428,2026-09-16
FC001021,R008,cholesterol_mg_100g,27,https://i.fnri.dost.gov.ph/fct/library/report/4428,2026-09-16
FC001022,R009,kcal_100g,435,https://i.fnri.dost.gov.ph/fct/library/report/4429,2026-09-16
FC001022,R009,protein_g_100g,11.9,https://i.fnri.dost.gov.ph/fct/library/report/4429,2026-09-16
FC001022,R009,carbs_g_100g,41.1,https://i.fnri.dost.gov.ph/fct/library/report/4429,2026-09-16
FC001022,R009,fat_g_100g,24.8,https://i.fnri.dost.gov.ph/fct/library/report/4429,2026-09-16
FC001022,R009,fiber_g_100g,2.5,https://i.fnri.dost.gov.ph/fct/library/report/4429,2026-09-16
FC001022,R009,sugar_g_100g,2.3,https://i.fnri.dost.gov.ph/fct/library/report/4429,2026-09-16
FC001022,R009,sodium_mg_100g,555,https://i.fnri.dost.gov.ph/fct/library/report/4429,2026-09-16
FC001022,R009,cholesterol_mg_100g,35,https://i.fnri.dost.gov.ph/fct/library/report/4429,2026-09-16
FC001023,R010,kcal_100g,313,https://i.fnri.dost.gov.ph/fct/library/report/4430,2026-09-16
FC001023,R010,protein_g_100g,10.4,https://i.fnri.dost.gov.ph/fct/library/report/4430,2026-09-16
FC001023,R010,carbs_g_100g,44.4,https://i.fnri.dost.gov.ph/fct/library/report/4430,2026-09-16
FC001023,R010,fat_g_100g,10.4,https://i.fnri.dost.gov.ph/fct/library/report/4430,2026-09-16
FC001023,R010,fiber_g_100g,2.1,https://i.fnri.dost.gov.ph/fct/library/report/4430,2026-09-16
FC001023,R010,sugar_g_100g,2.0,https://i.fnri.dost.gov.ph/fct/library/report/4430,2026-09-16
FC001023,R010,sodium_mg_100g,470,https://i.fnri.dost.gov.ph/fct/library/report/4430,2026-09-16
FC001023,R010,cholesterol_mg_100g,15,https://i.fnri.dost.gov.ph/fct/library/report/4430,2026-09-16
FC001024,R014,kcal_100g,83,https://i.fnri.dost.gov.ph/fct/library/report/4434,2026-09-16
FC001024,R014,protein_g_100g,4.8,https://i.fnri.dost.gov.ph/fct/library/report/4434,2026-09-16
FC001024,R014,carbs_g_100g,13.8,https://i.fnri.dost.gov.ph/fct/library/report/4434,2026-09-16
FC001024,R014,fat_g_100g,1.0,https://i.fnri.dost.gov.ph/fct/library/report/4434,2026-09-16
FC001024,R014,fiber_g_100g,2.7,https://i.fnri.dost.gov.ph/fct/library/report/4434,2026-09-16
FC001024,R014,sugar_g_100g,2.9,https://i.fnri.dost.gov.ph/fct/library/report/4434,2026-09-16
FC001024,R014,sodium_mg_100g,277,https://i.fnri.dost.gov.ph/fct/library/report/4434,2026-09-16
FC001024,R014,cholesterol_mg_100g,2,https://i.fnri.dost.gov.ph/fct/library/report/4434,2026-09-16
FC001025,R015,kcal_100g,86,https://i.fnri.dost.gov.ph/fct/library/report/4435,2026-09-16
FC001025,R015,protein_g_100g,2.9,https://i.fnri.dost.gov.ph/fct/library/report/4435,2026-09-16
FC001025,R015,carbs_g_100g,14.8,https://i.fnri.dost.gov.ph/fct/library/report/4435,2026-09-16
FC001025,R015,fat_g_100g,1.7,https://i.fnri.dost.gov.ph/fct/library/report/4435,2026-09-16
FC001025,R015,fiber_g_100g,1.5,https://i.fnri.dost.gov.ph/fct/library/report/4435,2026-09-16
FC001025,R015,sugar_g_100g,3.1,https://i.fnri.dost.gov.ph/fct/library/report/4435,2026-09-16
FC001025,R015,sodium_mg_100g,276,https://i.fnri.dost.gov.ph/fct/library/report/4435,2026-09-16
FC001025,R015,cholesterol_mg_100g,6,https://i.fnri.dost.gov.ph/fct/library/report/4435,2026-09-16
FC001026,R020,kcal_100g,279,https://i.fnri.dost.gov.ph/fct/library/report/4440,2026-09-16
FC001026,R020,protein_g_100g,1.1,https://i.fnri.dost.gov.ph/fct/library/report/4440,2026-09-16
FC001026,R020,carbs_g_100g,67.9,https://i.fnri.dost.gov.ph/fct/library/report/4440,2026-09-16
FC001026,R020,fat_g_100g,0.3,https://i.fnri.dost.gov.ph/fct/library/report/4440,2026-09-16
FC001026,R020,fiber_g_100g,-,https://i.fnri.dost.gov.ph/fct/library/report/4440,2026-09-16
FC001026,R020,sugar_g_100g,10.7,https://i.fnri.dost.gov.ph/fct/library/report/4440,2026-09-16
FC001026,R020,sodium_mg_100g,306,https://i.fnri.dost.gov.ph/fct/library/report/4440,2026-09-16
FC001026,R020,cholesterol_mg_100g,1,https://i.fnri.dost.gov.ph/fct/library/report/4440,2026-09-16
FC001027,R021,kcal_100g,271,https://i.fnri.dost.gov.ph/fct/library/report/4441,2026-09-16
FC001027,R021,protein_g_100g,10.3,https://i.fnri.dost.gov.ph/fct/library/report/4441,2026-09-16
FC001027,R021,carbs_g_100g,44.4,https://i.fnri.dost.gov.ph/fct/library/report/4441,2026-09-16
FC001027,R021,fat_g_100g,5.8,https://i.fnri.dost.gov.ph/fct/library/report/4441,2026-09-16
FC001027,R021,fiber_g_100g,2.6,https://i.fnri.dost.gov.ph/fct/library/report/4441,2026-09-16
FC001027,R021,sugar_g_100g,4.1,https://i.fnri.dost.gov.ph/fct/library/report/4441,2026-09-16
FC001027,R021,sodium_mg_100g,518,https://i.fnri.dost.gov.ph/fct/library/report/4441,2026-09-16
FC001027,R021,cholesterol_mg_100g,7,https://i.fnri.dost.gov.ph/fct/library/report/4441,2026-09-16
FC001028,R022,kcal_100g,243,https://i.fnri.dost.gov.ph/fct/library/report/4442,2026-09-16
FC001028,R022,protein_g_100g,18.6,https://i.fnri.dost.gov.ph/fct/library/report/4442,2026-09-16
FC001028,R022,carbs_g_100g,0.0,https://i.fnri.dost.gov.ph/fct/library/report/4442,2026-09-16
FC001028,R022,fat_g_100g,18.7,https://i.fnri.dost.gov.ph/fct/library/report/4442,2026-09-16
FC001028,R022,fiber_g_100g,0.3,https://i.fnri.dost.gov.ph/fct/library/report/4442,2026-09-16
FC001028,R022,sugar_g_100g,0.0,https://i.fnri.dost.gov.ph/fct/library/report/4442,2026-09-16
FC001028,R022,sodium_mg_100g,536,https://i.fnri.dost.gov.ph/fct/library/report/4442,2026-09-16
FC001028,R022,cholesterol_mg_100g,-,https://i.fnri.dost.gov.ph/fct/library/report/4442,2026-09-16
FC001029,R023,kcal_100g,207,https://i.fnri.dost.gov.ph/fct/library/report/4443,2026-09-16
FC001029,R023,protein_g_100g,5.8,https://i.fnri.dost.gov.ph/fct/library/report/4443,2026-09-16
FC001029,R023,carbs_g_100g,40.1,https://i.fnri.dost.gov.ph/fct/library/report/4443,2026-09-16
FC001029,R023,fat_g_100g,2.6,https://i.fnri.dost.gov.ph/fct/library/report/4443,2026-09-16
FC001029,R023,fiber_g_100g,1.2,https://i.fnri.dost.gov.ph/fct/library/report/4443,2026-09-16
FC001029,R023,sugar_g_100g,0.7,https://i.fnri.dost.gov.ph/fct/library/report/4443,2026-09-16
FC001029,R023,sodium_mg_100g,454,https://i.fnri.dost.gov.ph/fct/library/report/4443,2026-09-16
FC001029,R023,cholesterol_mg_100g,69,https://i.fnri.dost.gov.ph/fct/library/report/4443,2026-09-16
FC001030,R024,kcal_100g,185,https://i.fnri.dost.gov.ph/fct/library/report/4444,2026-09-16
FC001030,R024,protein_g_100g,5.9,https://i.fnri.dost.gov.ph/fct/library/report/4444,2026-09-16
FC001030,R024,carbs_g_100g,40.0,https://i.fnri.dost.gov.ph/fct/library/report/4444,2026-09-16
FC001030,R024,fat_g_100g,0.2,https://i.fnri.dost.gov.ph/fct/library/report/4444,2026-09-16
FC001030,R024,fiber_g_100g,1.2,https://i.fnri.dost.gov.ph/fct/library/report/4444,2026-09-16
FC001030,R024,sugar_g_100g,0.7,https://i.fnri.dost.gov.ph/fct/library/report/4444,2026-09-16
FC001030,R024,sodium_mg_100g,288,https://i.fnri.dost.gov.ph/fct/library/report/4444,2026-09-16
FC001030,R024,cholesterol_mg_100g,40,https://i.fnri.dost.gov.ph/fct/library/report/4444,2026-09-16
FC001031,R025,kcal_100g,200,https://i.fnri.dost.gov.ph/fct/library/report/4445,2026-09-16
FC001031,R025,protein_g_100g,6.3,https://i.fnri.dost.gov.ph/fct/library/report/4445,2026-09-16
FC001031,R025,carbs_g_100g,43.2,https://i.fnri.dost.gov.ph/fct/library/report/4445,2026-09-16
FC001031,R025,fat_g_100g,0.2,https://i.fnri.dost.gov.ph/fct/library/report/4445,2026-09-16
FC001031,R025,fiber_g_100g,1.2,https://i.fnri.dost.gov.ph/fct/library/report/4445,2026-09-16
FC001031,R025,sugar_g_100g,0.7,https://i.fnri.dost.gov.ph/fct/library/report/4445,2026-09-16
FC001031,R025,sodium_mg_100g,304,https://i.fnri.dost.gov.ph/fct/library/report/4445,2026-09-16
FC001031,R025,cholesterol_mg_100g,61,https://i.fnri.dost.gov.ph/fct/library/report/4445,2026-09-16
FC001032,R028,kcal_100g,144,https://i.fnri.dost.gov.ph/fct/library/report/4448,2026-09-16
FC001032,R028,protein_g_100g,9.6,https://i.fnri.dost.gov.ph/fct/library/report/4448,2026-09-16
FC001032,R028,carbs_g_100g,9.9,https://i.fnri.dost.gov.ph/fct/library/report/4448,2026-09-16
FC001032,R028,fat_g_100g,7.3,https://i.fnri.dost.gov.ph/fct/library/report/4448,2026-09-16
FC001032,R028,fiber_g_100g,1.6,https://i.fnri.dost.gov.ph/fct/library/report/4448,2026-09-16
FC001032,R028,sugar_g_100g,1.8,https://i.fnri.dost.gov.ph/fct/library/report/4448,2026-09-16
FC001032,R028,sodium_mg_100g,303,https://i.fnri.dost.gov.ph/fct/library/report/4448,2026-09-16
FC001032,R028,cholesterol_mg_100g,-,https://i.fnri.dost.gov.ph/fct/library/report/4448,2026-09-16
FC001033,R029,kcal_100g,165,https://i.fnri.dost.gov.ph/fct/library/report/4449,2026-09-16
FC001033,R029,protein_g_100g,9.5,https://i.fnri.dost.gov.ph/fct/library/report/4449,2026-09-16
FC001033,R029,carbs_g_100g,6.6,https://i.fnri.dost.gov.ph/fct/library/report/4449,2026-09-16
FC001033,R029,fat_g_100g,11.2,https://i.fnri.dost.gov.ph/fct/library/report/4449,2026-09-16
FC001033,R029,fiber_g_100g,-,https://i.fnri.dost.gov.ph/fct/library/report/4449,2026-09-16
FC001033,R029,sugar_g_100g,0.5,https://i.fnri.dost.gov.ph/fct/library/report/4449,2026-09-16
FC001033,R029,sodium_mg_100g,169,https://i.fnri.dost.gov.ph/fct/library/report/4449,2026-09-16
FC001033,R029,cholesterol_mg_100g,-,https://i.fnri.dost.gov.ph/fct/library/report/4449,2026-09-16
FC001034,R032,kcal_100g,140,https://i.fnri.dost.gov.ph/fct/library/report/4452,2026-09-16
FC001034,R032,protein_g_100g,11.6,https://i.fnri.dost.gov.ph/fct/library/report/4452,2026-09-16
FC001034,R032,carbs_g_100g,3.8,https://i.fnri.dost.gov.ph/fct/library/report/4452,2026-09-16
FC001034,R032,fat_g_100g,8.7,https://i.fnri.dost.gov.ph/fct/library/report/4452,2026-09-16
FC001034,R032,fiber_g_100g,1.2,https://i.fnri.dost.gov.ph/fct/library/report/4452,2026-09-16
FC001034,R032,sugar_g_100g,1.5,https://i.fnri.dost.gov.ph/fct/library/report/4452,2026-09-16
FC001034,R032,sodium_mg_100g,329,https://i.fnri.dost.gov.ph/fct/library/report/4452,2026-09-16
FC001034,R032,cholesterol_mg_100g,-,https://i.fnri.dost.gov.ph/fct/library/report/4452,2026-09-16
FC001035,R033,kcal_100g,187,https://i.fnri.dost.gov.ph/fct/library/report/4453,2026-09-16
FC001035,R033,protein_g_100g,13.9,https://i.fnri.dost.gov.ph/fct/library/report/4453,2026-09-16
FC001035,R033,carbs_g_100g,14.9,https://i.fnri.dost.gov.ph/fct/library/report/4453,2026-09-16
FC001035,R033,fat_g_100g,8.0,https://i.fnri.dost.gov.ph/fct/library/report/4453,2026-09-16
FC001035,R033,fiber_g_100g,0.2,https://i.fnri.dost.gov.ph/fct/library/report/4453,2026-09-16
FC001035,R033,sugar_g_100g,2.1,https://i.fnri.dost.gov.ph/fct/library/report/4453,2026-09-16
FC001035,R033,sodium_mg_100g,388,https://i.fnri.dost.gov.ph/fct/library/report/4453,2026-09-16
FC001035,R033,cholesterol_mg_100g,-,https://i.fnri.dost.gov.ph/fct/library/report/4453,2026-09-16
FC001036,R034,kcal_100g,161,https://i.fnri.dost.gov.ph/fct/library/report/4454,2026-09-16
FC001036,R034,protein_g_100g,9.6,https://i.fnri.dost.gov.ph/fct/library/report/4454,2026-09-16
FC001036,R034,carbs_g_100g,4.0,https://i.fnri.dost.gov.ph/fct/library/report/4454,2026-09-16
FC001036,R034,fat_g_100g,11.8,https://i.fnri.dost.gov.ph/fct/library/report/4454,2026-09-16
FC001036,R034,fiber_g_100g,0.6,https://i.fnri.dost.gov.ph/fct/library/report/4454,2026-09-16
FC001036,R034,sugar_g_100g,0.8,https://i.fnri.dost.gov.ph/fct/library/report/4454,2026-09-16
FC001036,R034,sodium_mg_100g,331,https://i.fnri.dost.gov.ph/fct/library/report/4454,2026-09-16
FC001036,R034,cholesterol_mg_100g,-,https://i.fnri.dost.gov.ph/fct/library/report/4454,2026-09-16
FC001037,R035,kcal_100g,169,https://i.fnri.dost.gov.ph/fct/library/report/4455,2026-09-16
FC001037,R035,protein_g_100g,9.5,https://i.fnri.dost.gov.ph/fct/library/report/4455,2026-09-16
FC001037,R035,carbs_g_100g,7.1,https://i.fnri.dost.gov.ph/fct/library/report/4455,2026-09-16
FC001037,R035,fat_g_100g,11.4,https://i.fnri.dost.gov.ph/fct/library/report/4455,2026-09-16
FC001037,R035,fiber_g_100g,1.4,https://i.fnri.dost.gov.ph/fct/library/report/4455,2026-09-16
FC001037,R035,sugar_g_100g,2.7,https://i.fnri.dost.gov.ph/fct/library/report/4455,2026-09-16
FC001037,R035,sodium_mg_100g,606,https://i.fnri.dost.gov.ph/fct/library/report/4455,2026-09-16
FC001037,R035,cholesterol_mg_100g,27,https://i.fnri.dost.gov.ph/fct/library/report/4455,2026-09-16
FC001038,R040,kcal_100g,72,https://i.fnri.dost.gov.ph/fct/library/report/4460,2026-09-16
FC001038,R040,protein_g_100g,3.6,https://i.fnri.dost.gov.ph/fct/library/report/4460,2026-09-16
FC001038,R040,carbs_g_100g,8.3,https://i.fnri.dost.gov.ph/fct/library/report/4460,2026-09-16
FC001038,R040,fat_g_100g,2.7,https://i.fnri.dost.gov.ph/fct/library/report/4460,2026-09-16
FC001038,R040,fiber_g_100g,0.6,https://i.fnri.dost.gov.ph/fct/library/report/4460,2026-09-16
FC001038,R040,sugar_g_100g,0.9,https://i.fnri.dost.gov.ph/fct/library/report/4460,2026-09-16
FC001038,R040,sodium_mg_100g,359,https://i.fnri.dost.gov.ph/fct/library/report/4460,2026-09-16
FC001038,R040,cholesterol_mg_100g,12,https://i.fnri.dost.gov.ph/fct/library/report/4460,2026-09-16
FC001039,R042,kcal_100g,134,https://i.fnri.dost.gov.ph/fct/library/report/4462,2026-09-16
FC001039,R042,protein_g_100g,11.0,https://i.fnri.dost.gov.ph/fct/library/report/4462,2026-09-16
FC001039,R042,carbs_g_100g,2.8,https://i.fnri.dost.gov.ph/fct/library/report/4462,2026-09-16
FC001039,R042,fat_g_100g,8.7,https://i.fnri.dost.gov.ph/fct/library/report/4462,2026-09-16
FC001039,R042,fiber_g_100g,0.0,https://i.fnri.dost.gov.ph/fct/library/report/4462,2026-09-16
FC001039,R042,sugar_g_100g,0.0,https://i.fnri.dost.gov.ph/fct/library/report/4462,2026-09-16
FC001039,R042,sodium_mg_100g,199,https://i.fnri.dost.gov.ph/fct/library/report/4462,2026-09-16
FC001039,R042,cholesterol_mg_100g,-,https://i.fnri.dost.gov.ph/fct/library/report/4462,2026-09-16
FC001040,R052,kcal_100g,123,https://i.fnri.dost.gov.ph/fct/library/report/4472,2026-09-16
FC001040,R052,protein_g_100g,6.3,https://i.fnri.dost.gov.ph/fct/library/report/4472,2026-09-16
FC001040,R052,carbs_g_100g,6.3,https://i.fnri.dost.gov.ph/fct/library/report/4472,2026-09-16
FC001040,R052,fat_g_100g,8.1,https://i.fnri.dost.gov.ph/fct/library/report/4472,2026-09-16
FC001040,R052,fiber_g_100g,1.3,https://i.fnri.dost.gov.ph/fct/library/report/4472,2026-09-16
FC001040,R052,sugar_g_100g,2.1,https://i.fnri.dost.gov.ph/fct/library/report/4472,2026-09-16
FC001040,R052,sodium_mg_100g,248,https://i.fnri.dost.gov.ph/fct/library/report/4472,2026-09-16
FC001040,R052,cholesterol_mg_100g,-,https://i.fnri.dost.gov.ph/fct/library/report/4472,2026-09-16
FC001041,R054,kcal_100g,127,https://i.fnri.dost.gov.ph/fct/library/report/4474,2026-09-16
FC001041,R054,protein_g_100g,7.1,https://i.fnri.dost.gov.ph/fct/library/report/4474,2026-09-16
FC001041,R054,carbs_g_100g,14.0,https://i.fnri.dost.gov.ph/fct/library/report/4474,2026-09-16
FC001041,R054,fat_g_100g,4.7,https://i.fnri.dost.gov.ph/fct/library/report/4474,2026-09-16
FC001041,R054,fiber_g_100g,-,https://i.fnri.dost.gov.ph/fct/library/report/4474,2026-09-16
FC001041,R054,sugar_g_100g,-,https://i.fnri.dost.gov.ph/fct/library/report/4474,2026-09-16
FC001041,R054,sodium_mg_100g,-,https://i.fnri.dost.gov.ph/fct/library/report/4474,2026-09-16
FC001041,R054,cholesterol_mg_100g,-,https://i.fnri.dost.gov.ph/fct/library/report/4474,2026-09-16
FC001042,R057,kcal_100g,188,https://i.fnri.dost.gov.ph/fct/library/report/4477,2026-09-16
FC001042,R057,protein_g_100g,13.1,https://i.fnri.dost.gov.ph/fct/library/report/4477,2026-09-16
FC001042,R057,carbs_g_100g,6.6,https://i.fnri.dost.gov.ph/fct/library/report/4477,2026-09-16
FC001042,R057,fat_g_100g,12.1,https://i.fnri.dost.gov.ph/fct/library/report/4477,2026-09-16
FC001042,R057,fiber_g_100g,0.3,https://i.fnri.dost.gov.ph/fct/library/report/4477,2026-09-16
FC001042,R057,sugar_g_100g,1.3,https://i.fnri.dost.gov.ph/fct/library/report/4477,2026-09-16
FC001042,R057,sodium_mg_100g,294,https://i.fnri.dost.gov.ph/fct/library/report/4477,2026-09-16
FC001042,R057,cholesterol_mg_100g,-,https://i.fnri.dost.gov.ph/fct/library/report/4477,2026-09-16
FC001043,R058,kcal_100g,147,https://i.fnri.dost.gov.ph/fct/library/report/4478,2026-09-16
FC001043,R058,protein_g_100g,8.8,https://i.fnri.dost.gov.ph/fct/library/report/4478,2026-09-16
FC001043,R058,carbs_g_100g,4.6,https://i.fnri.dost.gov.ph/fct/library/report/4478,2026-09-16
FC001043,R058,fat_g_100g,10.4,https://i.fnri.dost.gov.ph/fct/library/report/4478,2026-09-16
FC001043,R058,fiber_g_100g,0.7,https://i.fnri.dost.gov.ph/fct/library/report/4478,2026-09-16
FC001043,R058,sugar_g_100g,0.9,https://i.fnri.dost.gov.ph/fct/library/report/4478,2026-09-16
FC001043,R058,sodium_mg_100g,262,https://i.fnri.dost.gov.ph/fct/library/report/4478,2026-09-16
FC001043,R058,cholesterol_mg_100g,-,https://i.fnri.dost.gov.ph/fct/library/report/4478,2026-09-16
FC001044,R060,kcal_100g,214,https://i.fnri.dost.gov.ph/fct/library/report/4480,2026-09-16
FC001044,R060,protein_g_100g,12.8,https://i.fnri.dost.gov.ph/fct/library/report/4480,2026-09-16
FC001044,R060,carbs_g_100g,6.4,https://i.fnri.dost.gov.ph/fct/library/report/4480,2026-09-16
FC001044,R060,fat_g_100g,15.2,https://i.fnri.dost.gov.ph/fct/library/report/4480,2026-09-16
FC001044,R060,fiber_g_100g,0.2,https://i.fnri.dost.gov.ph/fct/library/report/4480,2026-09-16
FC001044,R060,sugar_g_100g,4.3,https://i.fnri.dost.gov.ph/fct/library/report/4480,2026-09-16
FC001044,R060,sodium_mg_100g,326,https://i.fnri.dost.gov.ph/fct/library/report/4480,2026-09-16
FC001044,R060,cholesterol_mg_100g,-,https://i.fnri.dost.gov.ph/fct/library/report/4480,2026-09-16
FC001045,R062,kcal_100g,202,https://i.fnri.dost.gov.ph/fct/library/report/4482,2026-09-16
FC001045,R062,protein_g_100g,7.6,https://i.fnri.dost.gov.ph/fct/library/report/4482,2026-09-16
FC001045,R062,carbs_g_100g,40.3,https://i.fnri.dost.gov.ph/fct/library/report/4482,2026-09-16
FC001045,R062,fat_g_100g,1.2,https://i.fnri.dost.gov.ph/fct/library/report/4482,2026-09-16
FC001045,R062,fiber_g_100g,1.2,https://i.fnri.dost.gov.ph/fct/library/report/4482,2026-09-16
FC001045,R062,sugar_g_100g,0.7,https://i.fnri.dost.gov.ph/fct/library/report/4482,2026-09-16
FC001045,R062,sodium_mg_100g,279,https://i.fnri.dost.gov.ph/fct/library/report/4482,2026-09-16
FC001045,R062,cholesterol_mg_100g,51,https://i.fnri.dost.gov.ph/fct/library/report/4482,2026-09-16
FC001046,R063,kcal_100g,224,https://i.fnri.dost.gov.ph/fct/library/report/4483,2026-09-16
FC001046,R063,protein_g_100g,5.7,https://i.fnri.dost.gov.ph/fct/library/report/4483,2026-09-16
FC001046,R063,carbs_g_100g,39.6,https://i.fnri.dost.gov.ph/fct/library/report/4483,2026-09-16
FC001046,R063,fat_g_100g,4.8,https://i.fnri.dost.gov.ph/fct/library/report/4483,2026-09-16
FC001046,R063,fiber_g_100g,1.2,https://i.fnri.dost.gov.ph/fct/library/report/4483,2026-09-16
FC001046,R063,sugar_g_100g,0.7,https://i.fnri.dost.gov.ph/fct/library/report/4483,2026-09-16
FC001046,R063,sodium_mg_100g,277,https://i.fnri.dost.gov.ph/fct/library/report/4483,2026-09-16
FC001046,R063,cholesterol_mg_100g,49,https://i.fnri.dost.gov.ph/fct/library/report/4483,2026-09-16
FC001047,R072,kcal_100g,49,https://i.fnri.dost.gov.ph/fct/library/report/4492,2026-09-16
FC001047,R072,protein_g_100g,2.6,https://i.fnri.dost.gov.ph/fct/library/report/4492,2026-09-16
FC001047,R072,carbs_g_100g,6.0,https://i.fnri.dost.gov.ph/fct/library/report/4492,2026-09-16
FC001047,R072,fat_g_100g,1.6,https://i.fnri.dost.gov.ph/fct/library/report/4492,2026-09-16
FC001047,R072,fiber_g_100g,0.9,https://i.fnri.dost.gov.ph/fct/library/report/4492,2026-09-16
FC001047,R072,sugar_g_100g,0.4,https://i.fnri.dost.gov.ph/fct/library/report/4492,2026-09-16
FC001047,R072,sodium_mg_100g,351,https://i.fnri.dost.gov.ph/fct/library/report/4492,2026-09-16
FC001047,R072,cholesterol_mg_100g,7,https://i.fnri.dost.gov.ph/fct/library/report/4492,2026-09-16
