estimate_id,ingredient_food_id,ingredient_name,edible_grams,weight_status,kcal_100g,protein_g_100g,carbs_g_100g,fat_g_100g,fiber_g_100g,sugar_g_100g,sodium_mg_100g,cholesterol_mg_100g,nutrient_provenance_json
EST_WORLD_20260918_001_V1,FC000382,"Chicken, white meat, boiled",90,ASSUMED_REFERENCE_MIXTURE,173.0,32.9,0.0,4.6,0.0,0.0,81.0,,"{""carbs_g_100g"": {""label"": ""Verified"", ""source_name"": ""DOST-FNRI PhilFCT"", ""source_record_id"": ""F111"", ""source_url"": ""https://i.fnri.dost.gov.ph/fct/library/report/3818"", ""value_for_portion"": 0.0, ""value_per_100g"": 0.0}, ""cholesterol_mg_100g"": {""label"": ""Unknown"", ""source_name"": null, ""source_record_id"": null, ""source_url"": null, ""value_for_portion"": null, ""value_per_100g"": null}, ""fat_g_100g"": {""label"": ""Verified"", ""source_name"": ""DOST-FNRI PhilFCT"", ""source_record_id"": ""F111"", ""source_url"": ""https://i.fnri.dost.gov.ph/fct/library/report/3818"", ""value_for_portion"": 4.6, ""value_per_100g"": 4.6}, ""fiber_g_100g"": {""label"": ""Verified"", ""source_name"": ""DOST-FNRI PhilFCT"", ""source_record_id"": ""F111"", ""source_url"": ""https://i.fnri.dost.gov.ph/fct/library/report/3818"", ""value_for_portion"": 0.0, ""value_per_100g"": 0.0}, ""kcal_100g"": {""label"": ""Verified"", ""source_name"": ""DOST-FNRI PhilFCT"", ""source_record_id"": ""F111"", ""source_url"": ""https://i.fnri.dost.gov.ph/fct/library/report/3818"", ""value_for_portion"": 173.0, ""value_per_100g"": 173.0}, ""protein_g_100g"": {""label"": ""Verified"", ""source_name"": ""DOST-FNRI PhilFCT"", ""source_record_id"": ""F111"", ""source_url"": ""https://i.fnri.dost.gov.ph/fct/library/report/3818"", ""value_for_portion"": 32.9, ""value_per_100g"": 32.9}, ""sodium_mg_100g"": {""label"": ""Verified"", ""source_name"": ""DOST-FNRI PhilFCT"", ""source_record_id"": ""F111"", ""source_url"": ""https://i.fnri.dost.gov.ph/fct/library/report/3818"", ""value_for_portion"": 81.0, ""value_per_100g"": 81.0}, ""sugar_g_100g"": {""label"": ""Verified"", ""source_name"": ""DOST-FNRI PhilFCT"", ""source_record_id"": ""F111"", ""source_url"": ""https://i.fnri.dost.gov.ph/fct/library/report/3818"", ""value_for_portion"": 0.0, ""value_per_100g"": 0.0}}"
EST_WORLD_20260918_001_V1,FC000016,"Egg, chicken, whole, boiled",40,ASSUMED_REFERENCE_MIXTURE,166.0,14.0,0.6,12.0,0.0,0.4,136.0,460.0,"{""carbs_g_100g"": {""label"": ""Verified"", ""source_name"": ""DOST-FNRI PhilFCT"", ""source_record_id"": ""H004"", ""source_url"": ""https://i.fnri.dost.gov.ph/fct/library/report/4216"", ""value_for_portion"": 0.6, ""value_per_100g"": 0.6}, ""cholesterol_mg_100g"": {""label"": ""Verified"", ""source_name"": ""DOST-FNRI PhilFCT"", ""source_record_id"": ""H004"", ""source_url"": ""https://i.fnri.dost.gov.ph/fct/library/report/4216"", ""value_for_portion"": 460.0, ""value_per_100g"": 460.0}, ""fat_g_100g"": {""label"": ""Verified"", ""source_name"": ""DOST-FNRI PhilFCT"", ""source_record_id"": ""H004"", ""source_url"": ""https://i.fnri.dost.gov.ph/fct/library/report/4216"", ""value_for_portion"": 12.0, ""value_per_100g"": 12.0}, ""fiber_g_100g"": {""label"": ""Verified"", ""source_name"": ""DOST-FNRI PhilFCT"", ""source_record_id"": ""H004"", ""source_url"": ""https://i.fnri.dost.gov.ph/fct/library/report/4216"", ""value_for_portion"": 0.0, ""value_per_100g"": 0.0}, ""kcal_100g"": {""label"": ""Verified"", ""source_name"": ""DOST-FNRI PhilFCT"", ""source_record_id"": ""H004"", ""source_url"": ""https://i.fnri.dost.gov.ph/fct/library/report/4216"", ""value_for_portion"": 166.0, ""value_per_100g"": 166.0}, ""protein_g_100g"": {""label"": ""Verified"", ""source_name"": ""DOST-FNRI PhilFCT"", ""source_record_id"": ""H004"", ""source_url"": ""https://i.fnri.dost.gov.ph/fct/library/report/4216"", ""value_for_portion"": 14.0, ""value_per_100g"": 14.0}, ""sodium_mg_100g"": {""label"": ""Verified"", ""source_name"": ""DOST-FNRI PhilFCT"", ""source_record_id"": ""H004"", ""source_url"": ""https://i.fnri.dost.gov.ph/fct/library/report/4216"", ""value_for_portion"": 136.0, ""value_per_100g"": 136.0}, ""sugar_g_100g"": {""label"": ""Verified"", ""source_name"": ""DOST-FNRI PhilFCT"", ""source_record_id"": ""H004"", ""source_url"": ""https://i.fnri.dost.gov.ph/fct/library/report/4216"", ""value_for_portion"": 0.4, ""value_per_100g"": 0.4}}"
EST_WORLD_20260918_001_V1,FC000291,Lettuce lvs & petioles,60,ASSUMED_REFERENCE_MIXTURE,22.0,1.3,3.4,0.4,1.8,1.6,17.0,0.0,"{""carbs_g_100g"": {""label"": ""Verified"", ""source_name"": ""DOST-FNRI PhilFCT"", ""source_record_id"": ""D115"", ""source_url"": ""https://i.fnri.dost.gov.ph/fct/library/report/3394"", ""value_for_portion"": 3.4, ""value_per_100g"": 3.4}, ""cholesterol_mg_100g"": {""label"": ""Verified"", ""source_name"": ""DOST-FNRI PhilFCT"", ""source_record_id"": ""D115"", ""source_url"": ""https://i.fnri.dost.gov.ph/fct/library/report/3394"", ""value_for_portion"": 0.0, ""value_per_100g"": 0.0}, ""fat_g_100g"": {""label"": ""Verified"", ""source_name"": ""DOST-FNRI PhilFCT"", ""source_record_id"": ""D115"", ""source_url"": ""https://i.fnri.dost.gov.ph/fct/library/report/3394"", ""value_for_portion"": 0.4, ""value_per_100g"": 0.4}, ""fiber_g_100g"": {""label"": ""Verified"", ""source_name"": ""DOST-FNRI PhilFCT"", ""source_record_id"": ""D115"", ""source_url"": ""https://i.fnri.dost.gov.ph/fct/library/report/3394"", ""value_for_portion"": 1.8, ""value_per_100g"": 1.8}, ""kcal_100g"": {""label"": ""Verified"", ""source_name"": ""DOST-FNRI PhilFCT"", ""source_record_id"": ""D115"", ""source_url"": ""https://i.fnri.dost.gov.ph/fct/library/report/3394"", ""value_for_portion"": 22.0, ""value_per_100g"": 22.0}, ""protein_g_100g"": {""label"": ""Verified"", ""source_name"": ""DOST-FNRI PhilFCT"", ""source_record_id"": ""D115"", ""source_url"": ""https://i.fnri.dost.gov.ph/fct/library/report/3394"", ""value_for_portion"": 1.3, ""value_per_100g"": 1.3}, ""sodium_mg_100g"": {""label"": ""Verified"", ""source_name"": ""DOST-FNRI PhilFCT"", ""source_record_id"": ""D115"", ""source_url"": ""https://i.fnri.dost.gov.ph/fct/library/report/3394"", ""value_for_portion"": 17.0, ""value_per_100g"": 17.0}, ""sugar_g_100g"": {""label"": ""Verified"", ""source_name"": ""DOST-FNRI PhilFCT"", ""source_record_id"": ""D115"", ""source_url"": ""https://i.fnri.dost.gov.ph/fct/library/report/3394"", ""value_for_portion"": 1.6, ""value_per_100g"": 1.6}}"
EST_WORLD_20260918_001_V1,FC000061,Tomato,30,ASSUMED_REFERENCE_MIXTURE,25.0,0.8,5.2,0.1,0.3,3.7,11.0,0.0,"{""carbs_g_100g"": {""label"": ""Verified"", ""source_name"": ""DOST-FNRI PhilFCT"", ""source_record_id"": ""D257"", ""source_url"": ""https://i.fnri.dost.gov.ph/fct/library/report/3536"", ""value_for_portion"": 5.2, ""value_per_100g"": 5.2}, ""cholesterol_mg_100g"": {""label"": ""Verified"", ""source_name"": ""DOST-FNRI PhilFCT"", ""source_record_id"": ""D257"", ""source_url"": ""https://i.fnri.dost.gov.ph/fct/library/report/3536"", ""value_for_portion"": 0.0, ""value_per_100g"": 0.0}, ""fat_g_100g"": {""label"": ""Verified"", ""source_name"": ""DOST-FNRI PhilFCT"", ""source_record_id"": ""D257"", ""source_url"": ""https://i.fnri.dost.gov.ph/fct/library/report/3536"", ""value_for_portion"": 0.1, ""value_per_100g"": 0.1}, ""fiber_g_100g"": {""label"": ""Verified"", ""source_name"": ""DOST-FNRI PhilFCT"", ""source_record_id"": ""D257"", ""source_url"": ""https://i.fnri.dost.gov.ph/fct/library/report/3536"", ""value_for_portion"": 0.3, ""value_per_100g"": 0.3}, ""kcal_100g"": {""label"": ""Verified"", ""source_name"": ""DOST-FNRI PhilFCT"", ""source_record_id"": ""D257"", ""source_url"": ""https://i.fnri.dost.gov.ph/fct/library/report/3536"", ""value_for_portion"": 25.0, ""value_per_100g"": 25.0}, ""protein_g_100g"": {""label"": ""Verified"", ""source_name"": ""DOST-FNRI PhilFCT"", ""source_record_id"": ""D257"", ""source_url"": ""https://i.fnri.dost.gov.ph/fct/library/report/3536"", ""value_for_portion"": 0.8, ""value_per_100g"": 0.8}, ""sodium_mg_100g"": {""label"": ""Verified"", ""source_name"": ""DOST-FNRI PhilFCT"", ""source_record_id"": ""D257"", ""source_url"": ""https://i.fnri.dost.gov.ph/fct/library/report/3536"", ""value_for_portion"": 11.0, ""value_per_100g"": 11.0}, ""sugar_g_100g"": {""label"": ""Verified"", ""source_name"": ""DOST-FNRI PhilFCT"", ""source_record_id"": ""D257"", ""source_url"": ""https://i.fnri.dost.gov.ph/fct/library/report/3536"", ""value_for_portion"": 3.7, ""value_per_100g"": 3.7}}"
EST_WORLD_20260918_001_V1,FC000099,Soy sauce,12,ASSUMED_REFERENCE_MIXTURE,75.0,3.5,15.0,0.1,1.0,0.5,2041.0,0.0,"{""carbs_g_100g"": {""label"": ""Verified"", ""source_name"": ""DOST-FNRI PhilFCT"", ""source_record_id"": ""N023"", ""source_url"": ""https://i.fnri.dost.gov.ph/fct/library/report/4346"", ""value_for_portion"": 15.0, ""value_per_100g"": 15.0}, ""cholesterol_mg_100g"": {""label"": ""Verified"", ""source_name"": ""DOST-FNRI PhilFCT"", ""source_record_id"": ""N023"", ""source_url"": ""https://i.fnri.dost.gov.ph/fct/library/report/4346"", ""value_for_portion"": 0.0, ""value_per_100g"": 0.0}, ""fat_g_100g"": {""label"": ""Verified"", ""source_name"": ""DOST-FNRI PhilFCT"", ""source_record_id"": ""N023"", ""source_url"": ""https://i.fnri.dost.gov.ph/fct/library/report/4346"", ""value_for_portion"": 0.1, ""value_per_100g"": 0.1}, ""fiber_g_100g"": {""label"": ""Verified"", ""source_name"": ""DOST-FNRI PhilFCT"", ""source_record_id"": ""N023"", ""source_url"": ""https://i.fnri.dost.gov.ph/fct/library/report/4346"", ""value_for_portion"": 1.0, ""value_per_100g"": 1.0}, ""kcal_100g"": {""label"": ""Verified"", ""source_name"": ""DOST-FNRI PhilFCT"", ""source_record_id"": ""N023"", ""source_url"": ""https://i.fnri.dost.gov.ph/fct/library/report/4346"", ""value_for_portion"": 75.0, ""value_per_100g"": 75.0}, ""protein_g_100g"": {""label"": ""Verified"", ""source_name"": ""DOST-FNRI PhilFCT"", ""source_record_id"": ""N023"", ""source_url"": ""https://i.fnri.dost.gov.ph/fct/library/report/4346"", ""value_for_portion"": 3.5, ""value_per_100g"": 3.5}, ""sodium_mg_100g"": {""label"": ""Verified"", ""source_name"": ""DOST-FNRI PhilFCT"", ""source_record_id"": ""N023"", ""source_url"": ""https://i.fnri.dost.gov.ph/fct/library/report/4346"", ""value_for_portion"": 2041.0, ""value_per_100g"": 2041.0}, ""sugar_g_100g"": {""label"": ""Verified"", ""source_name"": ""DOST-FNRI PhilFCT"", ""source_record_id"": ""N023"", ""source_url"": ""https://i.fnri.dost.gov.ph/fct/library/report/4346"", ""value_for_portion"": 0.5, ""value_per_100g"": 0.5}}"
EST_WORLD_20260918_001_V1,FC000969,"Sugar, brown",8,ASSUMED_REFERENCE_MIXTURE,398.0,0.1,98.7,0.3,0.0,97.6,15.0,0.0,"{""carbs_g_100g"": {""label"": ""Verified"", ""source_name"": ""DOST-FNRI PhilFCT"", ""source_record_id"": ""M042"", ""source_url"": ""https://i.fnri.dost.gov.ph/fct/library/report/4313"", ""value_for_portion"": 98.7, ""value_per_100g"": 98.7}, ""cholesterol_mg_100g"": {""label"": ""Verified"", ""source_name"": ""DOST-FNRI PhilFCT"", ""source_record_id"": ""M042"", ""source_url"": ""https://i.fnri.dost.gov.ph/fct/library/report/4313"", ""value_for_portion"": 0.0, ""value_per_100g"": 0.0}, ""fat_g_100g"": {""label"": ""Verified"", ""source_name"": ""DOST-FNRI PhilFCT"", ""source_record_id"": ""M042"", ""source_url"": ""https://i.fnri.dost.gov.ph/fct/library/report/4313"", ""value_for_portion"": 0.3, ""value_per_100g"": 0.3}, ""fiber_g_100g"": {""label"": ""Verified"", ""source_name"": ""DOST-FNRI PhilFCT"", ""source_record_id"": ""M042"", ""source_url"": ""https://i.fnri.dost.gov.ph/fct/library/report/4313"", ""value_for_portion"": 0.0, ""value_per_100g"": 0.0}, ""kcal_100g"": {""label"": ""Verified"", ""source_name"": ""DOST-FNRI PhilFCT"", ""source_record_id"": ""M042"", ""source_url"": ""https://i.fnri.dost.gov.ph/fct/library/report/4313"", ""value_for_portion"": 398.0, ""value_per_100g"": 398.0}, ""protein_g_100g"": {""label"": ""Verified"", ""source_name"": ""DOST-FNRI PhilFCT"", ""source_record_id"": ""M042"", ""source_url"": ""https://i.fnri.dost.gov.ph/fct/library/report/4313"", ""value_for_portion"": 0.1, ""value_per_100g"": 0.1}, ""sodium_mg_100g"": {""label"": ""Verified"", ""source_name"": ""DOST-FNRI PhilFCT"", ""source_record_id"": ""M042"", ""source_url"": ""https://i.fnri.dost.gov.ph/fct/library/report/4313"", ""value_for_portion"": 15.0, ""value_per_100g"": 15.0}, ""sugar_g_100g"": {""label"": ""Verified"", ""source_name"": ""DOST-FNRI PhilFCT"", ""source_record_id"": ""M042"", ""source_url"": ""https://i.fnri.dost.gov.ph/fct/library/report/4313"", ""value_for_portion"": 97.6, ""value_per_100g"": 97.6}}"
EST_WORLD_20260918_001_V1,FC000642,"Oil, corn",5,ASSUMED_REFERENCE_MIXTURE,896.0,0.0,0.0,99.6,0.0,0.0,0.0,0.0,"{""carbs_g_100g"": {""label"": ""Verified"", ""source_name"": ""DOST-FNRI PhilFCT"", ""source_record_id"": ""K009"", ""source_url"": ""https://i.fnri.dost.gov.ph/fct/library/report/4269"", ""value_for_portion"": 0.0, ""value_per_100g"": 0.0}, ""cholesterol_mg_100g"": {""label"": ""Verified"", ""source_name"": ""DOST-FNRI PhilFCT"", ""source_record_id"": ""K009"", ""source_url"": ""https://i.fnri.dost.gov.ph/fct/library/report/4269"", ""value_for_portion"": 0.0, ""value_per_100g"": 0.0}, ""fat_g_100g"": {""label"": ""Verified"", ""source_name"": ""DOST-FNRI PhilFCT"", ""source_record_id"": ""K009"", ""source_url"": ""https://i.fnri.dost.gov.ph/fct/library/report/4269"", ""value_for_portion"": 99.6, ""value_per_100g"": 99.6}, ""fiber_g_100g"": {""label"": ""Verified"", ""source_name"": ""DOST-FNRI PhilFCT"", ""source_record_id"": ""K009"", ""source_url"": ""https://i.fnri.dost.gov.ph/fct/library/report/4269"", ""value_for_portion"": 0.0, ""value_per_100g"": 0.0}, ""kcal_100g"": {""label"": ""Verified"", ""source_name"": ""DOST-FNRI PhilFCT"", ""source_record_id"": ""K009"", ""source_url"": ""https://i.fnri.dost.gov.ph/fct/library/report/4269"", ""value_for_portion"": 896.0, ""value_per_100g"": 896.0}, ""protein_g_100g"": {""label"": ""Verified"", ""source_name"": ""DOST-FNRI PhilFCT"", ""source_record_id"": ""K009"", ""source_url"": ""https://i.fnri.dost.gov.ph/fct/library/report/4269"", ""value_for_portion"": 0.0, ""value_per_100g"": 0.0}, ""sodium_mg_100g"": {""label"": ""Verified"", ""source_name"": ""DOST-FNRI PhilFCT"", ""source_record_id"": ""K009"", ""source_url"": ""https://i.fnri.dost.gov.ph/fct/library/report/4269"", ""value_for_portion"": 0.0, ""value_per_100g"": 0.0}, ""sugar_g_100g"": {""label"": ""Verified"", ""source_name"": ""DOST-FNRI PhilFCT"", ""source_record_id"": ""K009"", ""source_url"": ""https://i.fnri.dost.gov.ph/fct/library/report/4269"", ""value_for_portion"": 0.0, ""value_per_100g"": 0.0}}"
EST_WORLD_20260918_002_V1,FC000016,"Egg, chicken, whole, boiled",70,ASSUMED_REFERENCE_MIXTURE,166.0,14.0,0.6,12.0,0.0,0.4,136.0,460.0,"{""carbs_g_100g"": {""label"": ""Verified"", ""source_name"": ""DOST-FNRI PhilFCT"", ""source_record_id"": ""H004"", ""source_url"": ""https://i.fnri.dost.gov.ph/fct/library/report/4216"", ""value_for_portion"": 0.6, ""value_per_100g"": 0.6}, ""cholesterol_mg_100g"": {""label"": ""Verified"", ""source_name"": ""DOST-FNRI PhilFCT"", ""source_record_id"": ""H004"", ""source_url"": ""https://i.fnri.dost.gov.ph/fct/library/report/4216"", ""value_for_portion"": 460.0, ""value_per_100g"": 460.0}, ""fat_g_100g"": {""label"": ""Verified"", ""source_name"": ""DOST-FNRI PhilFCT"", ""source_record_id"": ""H004"", ""source_url"": ""https://i.fnri.dost.gov.ph/fct/library/report/4216"", ""value_for_portion"": 12.0, ""value_per_100g"": 12.0}, ""fiber_g_100g"": {""label"": ""Verified"", ""source_name"": ""DOST-FNRI PhilFCT"", ""source_record_id"": ""H004"", ""source_url"": ""https://i.fnri.dost.gov.ph/fct/library/report/4216"", ""value_for_portion"": 0.0, ""value_per_100g"": 0.0}, ""kcal_100g"": {""label"": ""Verified"", ""source_name"": ""DOST-FNRI PhilFCT"", ""source_record_id"": ""H004"", ""source_url"": ""https://i.fnri.dost.gov.ph/fct/library/report/4216"", ""value_for_portion"": 166.0, ""value_per_100g"": 166.0}, ""protein_g_100g"": {""label"": ""Verified"", ""source_name"": ""DOST-FNRI PhilFCT"", ""source_record_id"": ""H004"", ""source_url"": ""https://i.fnri.dost.gov.ph/fct/library/report/4216"", ""value_for_portion"": 14.0, ""value_per_100g"": 14.0}, ""sodium_mg_100g"": {""label"": ""Verified"", ""source_name"": ""DOST-FNRI PhilFCT"", ""source_record_id"": ""H004"", ""source_url"": ""https://i.fnri.dost.gov.ph/fct/library/report/4216"", ""value_for_portion"": 136.0, ""value_per_100g"": 136.0}, ""sugar_g_100g"": {""label"": ""Verified"", ""source_name"": ""DOST-FNRI PhilFCT"", ""source_record_id"": ""H004"", ""source_url"": ""https://i.fnri.dost.gov.ph/fct/library/report/4216"", ""value_for_portion"": 0.4, ""value_per_100g"": 0.4}}"
EST_WORLD_20260918_002_V1,FC001237,"Beverages, water, tap, drinking",130,ASSUMED_REFERENCE_MIXTURE,0.0,0.0,0.0,0.0,0.0,0.0,4.0,0.0,"{""carbs_g_100g"": {""label"": ""Other source"", ""source_name"": ""USDA FoodData Central SR Legacy"", ""source_record_id"": ""USDA_FC001237_173647"", ""source_url"": ""https://fdc.nal.usda.gov/food-details/173647/nutrients"", ""value_for_portion"": 0.0, ""value_per_100g"": 0.0}, ""cholesterol_mg_100g"": {""label"": ""Other source"", ""source_name"": ""USDA FoodData Central SR Legacy"", ""source_record_id"": ""USDA_FC001237_173647"", ""source_url"": ""https://fdc.nal.usda.gov/food-details/173647/nutrients"", ""value_for_portion"": 0.0, ""value_per_100g"": 0.0}, ""fat_g_100g"": {""label"": ""Other source"", ""source_name"": ""USDA FoodData Central SR Legacy"", ""source_record_id"": ""USDA_FC001237_173647"", ""source_url"": ""https://fdc.nal.usda.gov/food-details/173647/nutrients"", ""value_for_portion"": 0.0, ""value_per_100g"": 0.0}, ""fiber_g_100g"": {""label"": ""Other source"", ""source_name"": ""USDA FoodData Central SR Legacy"", ""source_record_id"": ""USDA_FC001237_173647"", ""source_url"": ""https://fdc.nal.usda.gov/food-details/173647/nutrients"", ""value_for_portion"": 0.0, ""value_per_100g"": 0.0}, ""kcal_100g"": {""label"": ""Other source"", ""source_name"": ""USDA FoodData Central SR Legacy"", ""source_record_id"": ""USDA_FC001237_173647"", ""source_url"": ""https://fdc.nal.usda.gov/food-details/173647/nutrients"", ""value_for_portion"": 0.0, ""value_per_100g"": 0.0}, ""protein_g_100g"": {""label"": ""Other source"", ""source_name"": ""USDA FoodData Central SR Legacy"", ""source_record_id"": ""USDA_FC001237_173647"", ""source_url"": ""https://fdc.nal.usda.gov/food-details/173647/nutrients"", ""value_for_portion"": 0.0, ""value_per_100g"": 0.0}, ""sodium_mg_100g"": {""label"": ""Other source"", ""source_name"": ""USDA FoodData Central SR Legacy"", ""source_record_id"": ""USDA_FC001237_173647"", ""source_url"": ""https://fdc.nal.usda.gov/food-details/173647/nutrients"", ""value_for_portion"": 4.0, ""value_per_100g"": 4.0}, ""sugar_g_100g"": {""label"": ""Other source"", ""source_name"": ""USDA FoodData Central SR Legacy"", ""source_record_id"": ""USDA_FC001237_173647"", ""source_url"": ""https://fdc.nal.usda.gov/food-details/173647/nutrients"", ""value_for_portion"": 0.0, ""value_per_100g"": 0.0}}"
EST_WORLD_20260918_002_V1,FC000382,"Chicken, white meat, boiled",15,ASSUMED_REFERENCE_MIXTURE,173.0,32.9,0.0,4.6,0.0,0.0,81.0,,"{""carbs_g_100g"": {""label"": ""Verified"", ""source_name"": ""DOST-FNRI PhilFCT"", ""source_record_id"": ""F111"", ""source_url"": ""https://i.fnri.dost.gov.ph/fct/library/report/3818"", ""value_for_portion"": 0.0, ""value_per_100g"": 0.0}, ""cholesterol_mg_100g"": {""label"": ""Unknown"", ""source_name"": null, ""source_record_id"": null, ""source_url"": null, ""value_for_portion"": null, ""value_per_100g"": null}, ""fat_g_100g"": {""label"": ""Verified"", ""source_name"": ""DOST-FNRI PhilFCT"", ""source_record_id"": ""F111"", ""source_url"": ""https://i.fnri.dost.gov.ph/fct/library/report/3818"", ""value_for_portion"": 4.6, ""value_per_100g"": 4.6}, ""fiber_g_100g"": {""label"": ""Verified"", ""source_name"": ""DOST-FNRI PhilFCT"", ""source_record_id"": ""F111"", ""source_url"": ""https://i.fnri.dost.gov.ph/fct/library/report/3818"", ""value_for_portion"": 0.0, ""value_per_100g"": 0.0}, ""kcal_100g"": {""label"": ""Verified"", ""source_name"": ""DOST-FNRI PhilFCT"", ""source_record_id"": ""F111"", ""source_url"": ""https://i.fnri.dost.gov.ph/fct/library/report/3818"", ""value_for_portion"": 173.0, ""value_per_100g"": 173.0}, ""protein_g_100g"": {""label"": ""Verified"", ""source_name"": ""DOST-FNRI PhilFCT"", ""source_record_id"": ""F111"", ""source_url"": ""https://i.fnri.dost.gov.ph/fct/library/report/3818"", ""value_for_portion"": 32.9, ""value_per_100g"": 32.9}, ""sodium_mg_100g"": {""label"": ""Verified"", ""source_name"": ""DOST-FNRI PhilFCT"", ""source_record_id"": ""F111"", ""source_url"": ""https://i.fnri.dost.gov.ph/fct/library/report/3818"", ""value_for_portion"": 81.0, ""value_per_100g"": 81.0}, ""sugar_g_100g"": {""label"": ""Verified"", ""source_name"": ""DOST-FNRI PhilFCT"", ""source_record_id"": ""F111"", ""source_url"": ""https://i.fnri.dost.gov.ph/fct/library/report/3818"", ""value_for_portion"": 0.0, ""value_per_100g"": 0.0}}"
EST_WORLD_20260918_002_V1,FC000454,"Shrimp, banana prawn, boiled",10,ASSUMED_REFERENCE_MIXTURE,104.0,11.2,14.0,0.4,0.0,0.0,113.0,,"{""carbs_g_100g"": {""label"": ""Verified"", ""source_name"": ""DOST-FNRI PhilFCT"", ""source_record_id"": ""G114"", ""source_url"": ""https://i.fnri.dost.gov.ph/fct/library/report/4094"", ""value_for_portion"": 14.0, ""value_per_100g"": 14.0}, ""cholesterol_mg_100g"": {""label"": ""Unknown"", ""source_name"": null, ""source_record_id"": null, ""source_url"": null, ""value_for_portion"": null, ""value_per_100g"": null}, ""fat_g_100g"": {""label"": ""Verified"", ""source_name"": ""DOST-FNRI PhilFCT"", ""source_record_id"": ""G114"", ""source_url"": ""https://i.fnri.dost.gov.ph/fct/library/report/4094"", ""value_for_portion"": 0.4, ""value_per_100g"": 0.4}, ""fiber_g_100g"": {""label"": ""Verified"", ""source_name"": ""DOST-FNRI PhilFCT"", ""source_record_id"": ""G114"", ""source_url"": ""https://i.fnri.dost.gov.ph/fct/library/report/4094"", ""value_for_portion"": 0.0, ""value_per_100g"": 0.0}, ""kcal_100g"": {""label"": ""Verified"", ""source_name"": ""DOST-FNRI PhilFCT"", ""source_record_id"": ""G114"", ""source_url"": ""https://i.fnri.dost.gov.ph/fct/library/report/4094"", ""value_for_portion"": 104.0, ""value_per_100g"": 104.0}, ""protein_g_100g"": {""label"": ""Verified"", ""source_name"": ""DOST-FNRI PhilFCT"", ""source_record_id"": ""G114"", ""source_url"": ""https://i.fnri.dost.gov.ph/fct/library/report/4094"", ""value_for_portion"": 11.2, ""value_per_100g"": 11.2}, ""sodium_mg_100g"": {""label"": ""Verified"", ""source_name"": ""DOST-FNRI PhilFCT"", ""source_record_id"": ""G114"", ""source_url"": ""https://i.fnri.dost.gov.ph/fct/library/report/4094"", ""value_for_portion"": 113.0, ""value_per_100g"": 113.0}, ""sugar_g_100g"": {""label"": ""Verified"", ""source_name"": ""DOST-FNRI PhilFCT"", ""source_record_id"": ""G114"", ""source_url"": ""https://i.fnri.dost.gov.ph/fct/library/report/4094"", ""value_for_portion"": 0.0, ""value_per_100g"": 0.0}}"
EST_WORLD_20260918_002_V1,FC000099,Soy sauce,4,ASSUMED_REFERENCE_MIXTURE,75.0,3.5,15.0,0.1,1.0,0.5,2041.0,0.0,"{""carbs_g_100g"": {""label"": ""Verified"", ""source_name"": ""DOST-FNRI PhilFCT"", ""source_record_id"": ""N023"", ""source_url"": ""https://i.fnri.dost.gov.ph/fct/library/report/4346"", ""value_for_portion"": 15.0, ""value_per_100g"": 15.0}, ""cholesterol_mg_100g"": {""label"": ""Verified"", ""source_name"": ""DOST-FNRI PhilFCT"", ""source_record_id"": ""N023"", ""source_url"": ""https://i.fnri.dost.gov.ph/fct/library/report/4346"", ""value_for_portion"": 0.0, ""value_per_100g"": 0.0}, ""fat_g_100g"": {""label"": ""Verified"", ""source_name"": ""DOST-FNRI PhilFCT"", ""source_record_id"": ""N023"", ""source_url"": ""https://i.fnri.dost.gov.ph/fct/library/report/4346"", ""value_for_portion"": 0.1, ""value_per_100g"": 0.1}, ""fiber_g_100g"": {""label"": ""Verified"", ""source_name"": ""DOST-FNRI PhilFCT"", ""source_record_id"": ""N023"", ""source_url"": ""https://i.fnri.dost.gov.ph/fct/library/report/4346"", ""value_for_portion"": 1.0, ""value_per_100g"": 1.0}, ""kcal_100g"": {""label"": ""Verified"", ""source_name"": ""DOST-FNRI PhilFCT"", ""source_record_id"": ""N023"", ""source_url"": ""https://i.fnri.dost.gov.ph/fct/library/report/4346"", ""value_for_portion"": 75.0, ""value_per_100g"": 75.0}, ""protein_g_100g"": {""label"": ""Verified"", ""source_name"": ""DOST-FNRI PhilFCT"", ""source_record_id"": ""N023"", ""source_url"": ""https://i.fnri.dost.gov.ph/fct/library/report/4346"", ""value_for_portion"": 3.5, ""value_per_100g"": 3.5}, ""sodium_mg_100g"": {""label"": ""Verified"", ""source_name"": ""DOST-FNRI PhilFCT"", ""source_record_id"": ""N023"", ""source_url"": ""https://i.fnri.dost.gov.ph/fct/library/report/4346"", ""value_for_portion"": 2041.0, ""value_per_100g"": 2041.0}, ""sugar_g_100g"": {""label"": ""Verified"", ""source_name"": ""DOST-FNRI PhilFCT"", ""source_record_id"": ""N023"", ""source_url"": ""https://i.fnri.dost.gov.ph/fct/library/report/4346"", ""value_for_portion"": 0.5, ""value_per_100g"": 0.5}}"
EST_WORLD_20260918_003_V1,FC000384,"Pork belly, boiled",85,ASSUMED_REFERENCE_MIXTURE,444.0,13.0,0.0,43.6,0.0,0.0,89.0,48.0,"{""carbs_g_100g"": {""label"": ""Verified"", ""source_name"": ""DOST-FNRI PhilFCT"", ""source_record_id"": ""F151"", ""source_url"": ""https://i.fnri.dost.gov.ph/fct/library/report/3858"", ""value_for_portion"": 0.0, ""value_per_100g"": 0.0}, ""cholesterol_mg_100g"": {""label"": ""Verified"", ""source_name"": ""DOST-FNRI PhilFCT"", ""source_record_id"": ""F151"", ""source_url"": ""https://i.fnri.dost.gov.ph/fct/library/report/3858"", ""value_for_portion"": 48.0, ""value_per_100g"": 48.0}, ""fat_g_100g"": {""label"": ""Verified"", ""source_name"": ""DOST-FNRI PhilFCT"", ""source_record_id"": ""F151"", ""source_url"": ""https://i.fnri.dost.gov.ph/fct/library/report/3858"", ""value_for_portion"": 43.6, ""value_per_100g"": 43.6}, ""fiber_g_100g"": {""label"": ""Verified"", ""source_name"": ""DOST-FNRI PhilFCT"", ""source_record_id"": ""F151"", ""source_url"": ""https://i.fnri.dost.gov.ph/fct/library/report/3858"", ""value_for_portion"": 0.0, ""value_per_100g"": 0.0}, ""kcal_100g"": {""label"": ""Verified"", ""source_name"": ""DOST-FNRI PhilFCT"", ""source_record_id"": ""F151"", ""source_url"": ""https://i.fnri.dost.gov.ph/fct/library/report/3858"", ""value_for_portion"": 444.0, ""value_per_100g"": 444.0}, ""protein_g_100g"": {""label"": ""Verified"", ""source_name"": ""DOST-FNRI PhilFCT"", ""source_record_id"": ""F151"", ""source_url"": ""https://i.fnri.dost.gov.ph/fct/library/report/3858"", ""value_for_portion"": 13.0, ""value_per_100g"": 13.0}, ""sodium_mg_100g"": {""label"": ""Verified"", ""source_name"": ""DOST-FNRI PhilFCT"", ""source_record_id"": ""F151"", ""source_url"": ""https://i.fnri.dost.gov.ph/fct/library/report/3858"", ""value_for_portion"": 89.0, ""value_per_100g"": 89.0}, ""sugar_g_100g"": {""label"": ""Verified"", ""source_name"": ""DOST-FNRI PhilFCT"", ""source_record_id"": ""F151"", ""source_url"": ""https://i.fnri.dost.gov.ph/fct/library/report/3858"", ""value_for_portion"": 0.0, ""value_per_100g"": 0.0}}"
EST_WORLD_20260918_003_V1,FC000016,"Egg, chicken, whole, boiled",80,ASSUMED_REFERENCE_MIXTURE,166.0,14.0,0.6,12.0,0.0,0.4,136.0,460.0,"{""carbs_g_100g"": {""label"": ""Verified"", ""source_name"": ""DOST-FNRI PhilFCT"", ""source_record_id"": ""H004"", ""source_url"": ""https://i.fnri.dost.gov.ph/fct/library/report/4216"", ""value_for_portion"": 0.6, ""value_per_100g"": 0.6}, ""cholesterol_mg_100g"": {""label"": ""Verified"", ""source_name"": ""DOST-FNRI PhilFCT"", ""source_record_id"": ""H004"", ""source_url"": ""https://i.fnri.dost.gov.ph/fct/library/report/4216"", ""value_for_portion"": 460.0, ""value_per_100g"": 460.0}, ""fat_g_100g"": {""label"": ""Verified"", ""source_name"": ""DOST-FNRI PhilFCT"", ""source_record_id"": ""H004"", ""source_url"": ""https://i.fnri.dost.gov.ph/fct/library/report/4216"", ""value_for_portion"": 12.0, ""value_per_100g"": 12.0}, ""fiber_g_100g"": {""label"": ""Verified"", ""source_name"": ""DOST-FNRI PhilFCT"", ""source_record_id"": ""H004"", ""source_url"": ""https://i.fnri.dost.gov.ph/fct/library/report/4216"", ""value_for_portion"": 0.0, ""value_per_100g"": 0.0}, ""kcal_100g"": {""label"": ""Verified"", ""source_name"": ""DOST-FNRI PhilFCT"", ""source_record_id"": ""H004"", ""source_url"": ""https://i.fnri.dost.gov.ph/fct/library/report/4216"", ""value_for_portion"": 166.0, ""value_per_100g"": 166.0}, ""protein_g_100g"": {""label"": ""Verified"", ""source_name"": ""DOST-FNRI PhilFCT"", ""source_record_id"": ""H004"", ""source_url"": ""https://i.fnri.dost.gov.ph/fct/library/report/4216"", ""value_for_portion"": 14.0, ""value_per_100g"": 14.0}, ""sodium_mg_100g"": {""label"": ""Verified"", ""source_name"": ""DOST-FNRI PhilFCT"", ""source_record_id"": ""H004"", ""source_url"": ""https://i.fnri.dost.gov.ph/fct/library/report/4216"", ""value_for_portion"": 136.0, ""value_per_100g"": 136.0}, ""sugar_g_100g"": {""label"": ""Verified"", ""source_name"": ""DOST-FNRI PhilFCT"", ""source_record_id"": ""H004"", ""source_url"": ""https://i.fnri.dost.gov.ph/fct/library/report/4216"", ""value_for_portion"": 0.4, ""value_per_100g"": 0.4}}"
EST_WORLD_20260918_003_V1,FC000593,"Cheese, cheddar, pasteurized, processed",20,ASSUMED_REFERENCE_MIXTURE,322.0,21.7,7.8,22.7,0.0,0.3,1337.0,68.0,"{""carbs_g_100g"": {""label"": ""Verified"", ""source_name"": ""DOST-FNRI PhilFCT"", ""source_record_id"": ""J001"", ""source_url"": ""https://i.fnri.dost.gov.ph/fct/library/report/4235"", ""value_for_portion"": 7.8, ""value_per_100g"": 7.8}, ""cholesterol_mg_100g"": {""label"": ""Verified"", ""source_name"": ""DOST-FNRI PhilFCT"", ""source_record_id"": ""J001"", ""source_url"": ""https://i.fnri.dost.gov.ph/fct/library/report/4235"", ""value_for_portion"": 68.0, ""value_per_100g"": 68.0}, ""fat_g_100g"": {""label"": ""Verified"", ""source_name"": ""DOST-FNRI PhilFCT"", ""source_record_id"": ""J001"", ""source_url"": ""https://i.fnri.dost.gov.ph/fct/library/report/4235"", ""value_for_portion"": 22.7, ""value_per_100g"": 22.7}, ""fiber_g_100g"": {""label"": ""Verified"", ""source_name"": ""DOST-FNRI PhilFCT"", ""source_record_id"": ""J001"", ""source_url"": ""https://i.fnri.dost.gov.ph/fct/library/report/4235"", ""value_for_portion"": 0.0, ""value_per_100g"": 0.0}, ""kcal_100g"": {""label"": ""Verified"", ""source_name"": ""DOST-FNRI PhilFCT"", ""source_record_id"": ""J001"", ""source_url"": ""https://i.fnri.dost.gov.ph/fct/library/report/4235"", ""value_for_portion"": 322.0, ""value_per_100g"": 322.0}, ""protein_g_100g"": {""label"": ""Verified"", ""source_name"": ""DOST-FNRI PhilFCT"", ""source_record_id"": ""J001"", ""source_url"": ""https://i.fnri.dost.gov.ph/fct/library/report/4235"", ""value_for_portion"": 21.7, ""value_per_100g"": 21.7}, ""sodium_mg_100g"": {""label"": ""Verified"", ""source_name"": ""DOST-FNRI PhilFCT"", ""source_record_id"": ""J001"", ""source_url"": ""https://i.fnri.dost.gov.ph/fct/library/report/4235"", ""value_for_portion"": 1337.0, ""value_per_100g"": 1337.0}, ""sugar_g_100g"": {""label"": ""Verified"", ""source_name"": ""DOST-FNRI PhilFCT"", ""source_record_id"": ""J001"", ""source_url"": ""https://i.fnri.dost.gov.ph/fct/library/report/4235"", ""value_for_portion"": 0.3, ""value_per_100g"": 0.3}}"
EST_WORLD_20260918_003_V1,FC000641,Mayonnaise,12,ASSUMED_REFERENCE_MIXTURE,715.0,1.2,1.4,78.3,0.0,0.6,506.0,44.0,"{""carbs_g_100g"": {""label"": ""Verified"", ""source_name"": ""DOST-FNRI PhilFCT"", ""source_record_id"": ""K007"", ""source_url"": ""https://i.fnri.dost.gov.ph/fct/library/report/4267"", ""value_for_portion"": 1.4, ""value_per_100g"": 1.4}, ""cholesterol_mg_100g"": {""label"": ""Verified"", ""source_name"": ""DOST-FNRI PhilFCT"", ""source_record_id"": ""K007"", ""source_url"": ""https://i.fnri.dost.gov.ph/fct/library/report/4267"", ""value_for_portion"": 44.0, ""value_per_100g"": 44.0}, ""fat_g_100g"": {""label"": ""Verified"", ""source_name"": ""DOST-FNRI PhilFCT"", ""source_record_id"": ""K007"", ""source_url"": ""https://i.fnri.dost.gov.ph/fct/library/report/4267"", ""value_for_portion"": 78.3, ""value_per_100g"": 78.3}, ""fiber_g_100g"": {""label"": ""Verified"", ""source_name"": ""DOST-FNRI PhilFCT"", ""source_record_id"": ""K007"", ""source_url"": ""https://i.fnri.dost.gov.ph/fct/library/report/4267"", ""value_for_portion"": 0.0, ""value_per_100g"": 0.0}, ""kcal_100g"": {""label"": ""Verified"", ""source_name"": ""DOST-FNRI PhilFCT"", ""source_record_id"": ""K007"", ""source_url"": ""https://i.fnri.dost.gov.ph/fct/library/report/4267"", ""value_for_portion"": 715.0, ""value_per_100g"": 715.0}, ""protein_g_100g"": {""label"": ""Verified"", ""source_name"": ""DOST-FNRI PhilFCT"", ""source_record_id"": ""K007"", ""source_url"": ""https://i.fnri.dost.gov.ph/fct/library/report/4267"", ""value_for_portion"": 1.2, ""value_per_100g"": 1.2}, ""sodium_mg_100g"": {""label"": ""Verified"", ""source_name"": ""DOST-FNRI PhilFCT"", ""source_record_id"": ""K007"", ""source_url"": ""https://i.fnri.dost.gov.ph/fct/library/report/4267"", ""value_for_portion"": 506.0, ""value_per_100g"": 506.0}, ""sugar_g_100g"": {""label"": ""Verified"", ""source_name"": ""DOST-FNRI PhilFCT"", ""source_record_id"": ""K007"", ""source_url"": ""https://i.fnri.dost.gov.ph/fct/library/report/4267"", ""value_for_portion"": 0.6, ""value_per_100g"": 0.6}}"
EST_WORLD_20260918_003_V1,FC000099,Soy sauce,7,ASSUMED_REFERENCE_MIXTURE,75.0,3.5,15.0,0.1,1.0,0.5,2041.0,0.0,"{""carbs_g_100g"": {""label"": ""Verified"", ""source_name"": ""DOST-FNRI PhilFCT"", ""source_record_id"": ""N023"", ""source_url"": ""https://i.fnri.dost.gov.ph/fct/library/report/4346"", ""value_for_portion"": 15.0, ""value_per_100g"": 15.0}, ""cholesterol_mg_100g"": {""label"": ""Verified"", ""source_name"": ""DOST-FNRI PhilFCT"", ""source_record_id"": ""N023"", ""source_url"": ""https://i.fnri.dost.gov.ph/fct/library/report/4346"", ""value_for_portion"": 0.0, ""value_per_100g"": 0.0}, ""fat_g_100g"": {""label"": ""Verified"", ""source_name"": ""DOST-FNRI PhilFCT"", ""source_record_id"": ""N023"", ""source_url"": ""https://i.fnri.dost.gov.ph/fct/library/report/4346"", ""value_for_portion"": 0.1, ""value_per_100g"": 0.1}, ""fiber_g_100g"": {""label"": ""Verified"", ""source_name"": ""DOST-FNRI PhilFCT"", ""source_record_id"": ""N023"", ""source_url"": ""https://i.fnri.dost.gov.ph/fct/library/report/4346"", ""value_for_portion"": 1.0, ""value_per_100g"": 1.0}, ""kcal_100g"": {""label"": ""Verified"", ""source_name"": ""DOST-FNRI PhilFCT"", ""source_record_id"": ""N023"", ""source_url"": ""https://i.fnri.dost.gov.ph/fct/library/report/4346"", ""value_for_portion"": 75.0, ""value_per_100g"": 75.0}, ""protein_g_100g"": {""label"": ""Verified"", ""source_name"": ""DOST-FNRI PhilFCT"", ""source_record_id"": ""N023"", ""source_url"": ""https://i.fnri.dost.gov.ph/fct/library/report/4346"", ""value_for_portion"": 3.5, ""value_per_100g"": 3.5}, ""sodium_mg_100g"": {""label"": ""Verified"", ""source_name"": ""DOST-FNRI PhilFCT"", ""source_record_id"": ""N023"", ""source_url"": ""https://i.fnri.dost.gov.ph/fct/library/report/4346"", ""value_for_portion"": 2041.0, ""value_per_100g"": 2041.0}, ""sugar_g_100g"": {""label"": ""Verified"", ""source_name"": ""DOST-FNRI PhilFCT"", ""source_record_id"": ""N023"", ""source_url"": ""https://i.fnri.dost.gov.ph/fct/library/report/4346"", ""value_for_portion"": 0.5, ""value_per_100g"": 0.5}}"
EST_WORLD_20260918_003_V1,FC000969,"Sugar, brown",5,ASSUMED_REFERENCE_MIXTURE,398.0,0.1,98.7,0.3,0.0,97.6,15.0,0.0,"{""carbs_g_100g"": {""label"": ""Verified"", ""source_name"": ""DOST-FNRI PhilFCT"", ""source_record_id"": ""M042"", ""source_url"": ""https://i.fnri.dost.gov.ph/fct/library/report/4313"", ""value_for_portion"": 98.7, ""value_per_100g"": 98.7}, ""cholesterol_mg_100g"": {""label"": ""Verified"", ""source_name"": ""DOST-FNRI PhilFCT"", ""source_record_id"": ""M042"", ""source_url"": ""https://i.fnri.dost.gov.ph/fct/library/report/4313"", ""value_for_portion"": 0.0, ""value_per_100g"": 0.0}, ""fat_g_100g"": {""label"": ""Verified"", ""source_name"": ""DOST-FNRI PhilFCT"", ""source_record_id"": ""M042"", ""source_url"": ""https://i.fnri.dost.gov.ph/fct/library/report/4313"", ""value_for_portion"": 0.3, ""value_per_100g"": 0.3}, ""fiber_g_100g"": {""label"": ""Verified"", ""source_name"": ""DOST-FNRI PhilFCT"", ""source_record_id"": ""M042"", ""source_url"": ""https://i.fnri.dost.gov.ph/fct/library/report/4313"", ""value_for_portion"": 0.0, ""value_per_100g"": 0.0}, ""kcal_100g"": {""label"": ""Verified"", ""source_name"": ""DOST-FNRI PhilFCT"", ""source_record_id"": ""M042"", ""source_url"": ""https://i.fnri.dost.gov.ph/fct/library/report/4313"", ""value_for_portion"": 398.0, ""value_per_100g"": 398.0}, ""protein_g_100g"": {""label"": ""Verified"", ""source_name"": ""DOST-FNRI PhilFCT"", ""source_record_id"": ""M042"", ""source_url"": ""https://i.fnri.dost.gov.ph/fct/library/report/4313"", ""value_for_portion"": 0.1, ""value_per_100g"": 0.1}, ""sodium_mg_100g"": {""label"": ""Verified"", ""source_name"": ""DOST-FNRI PhilFCT"", ""source_record_id"": ""M042"", ""source_url"": ""https://i.fnri.dost.gov.ph/fct/library/report/4313"", ""value_for_portion"": 15.0, ""value_per_100g"": 15.0}, ""sugar_g_100g"": {""label"": ""Verified"", ""source_name"": ""DOST-FNRI PhilFCT"", ""source_record_id"": ""M042"", ""source_url"": ""https://i.fnri.dost.gov.ph/fct/library/report/4313"", ""value_for_portion"": 97.6, ""value_per_100g"": 97.6}}"
EST_WORLD_20260918_003_V1,FC000642,"Oil, corn",5,ASSUMED_REFERENCE_MIXTURE,896.0,0.0,0.0,99.6,0.0,0.0,0.0,0.0,"{""carbs_g_100g"": {""label"": ""Verified"", ""source_name"": ""DOST-FNRI PhilFCT"", ""source_record_id"": ""K009"", ""source_url"": ""https://i.fnri.dost.gov.ph/fct/library/report/4269"", ""value_for_portion"": 0.0, ""value_per_100g"": 0.0}, ""cholesterol_mg_100g"": {""label"": ""Verified"", ""source_name"": ""DOST-FNRI PhilFCT"", ""source_record_id"": ""K009"", ""source_url"": ""https://i.fnri.dost.gov.ph/fct/library/report/4269"", ""value_for_portion"": 0.0, ""value_per_100g"": 0.0}, ""fat_g_100g"": {""label"": ""Verified"", ""source_name"": ""DOST-FNRI PhilFCT"", ""source_record_id"": ""K009"", ""source_url"": ""https://i.fnri.dost.gov.ph/fct/library/report/4269"", ""value_for_portion"": 99.6, ""value_per_100g"": 99.6}, ""fiber_g_100g"": {""label"": ""Verified"", ""source_name"": ""DOST-FNRI PhilFCT"", ""source_record_id"": ""K009"", ""source_url"": ""https://i.fnri.dost.gov.ph/fct/library/report/4269"", ""value_for_portion"": 0.0, ""value_per_100g"": 0.0}, ""kcal_100g"": {""label"": ""Verified"", ""source_name"": ""DOST-FNRI PhilFCT"", ""source_record_id"": ""K009"", ""source_url"": ""https://i.fnri.dost.gov.ph/fct/library/report/4269"", ""value_for_portion"": 896.0, ""value_per_100g"": 896.0}, ""protein_g_100g"": {""label"": ""Verified"", ""source_name"": ""DOST-FNRI PhilFCT"", ""source_record_id"": ""K009"", ""source_url"": ""https://i.fnri.dost.gov.ph/fct/library/report/4269"", ""value_for_portion"": 0.0, ""value_per_100g"": 0.0}, ""sodium_mg_100g"": {""label"": ""Verified"", ""source_name"": ""DOST-FNRI PhilFCT"", ""source_record_id"": ""K009"", ""source_url"": ""https://i.fnri.dost.gov.ph/fct/library/report/4269"", ""value_for_portion"": 0.0, ""value_per_100g"": 0.0}, ""sugar_g_100g"": {""label"": ""Verified"", ""source_name"": ""DOST-FNRI PhilFCT"", ""source_record_id"": ""K009"", ""source_url"": ""https://i.fnri.dost.gov.ph/fct/library/report/4269"", ""value_for_portion"": 0.0, ""value_per_100g"": 0.0}}"
EST_WORLD_20260918_004_V1,FC000016,"Egg, chicken, whole, boiled",150,ASSUMED_REFERENCE_MIXTURE,166.0,14.0,0.6,12.0,0.0,0.4,136.0,460.0,"{""carbs_g_100g"": {""label"": ""Verified"", ""source_name"": ""DOST-FNRI PhilFCT"", ""source_record_id"": ""H004"", ""source_url"": ""https://i.fnri.dost.gov.ph/fct/library/report/4216"", ""value_for_portion"": 0.6, ""value_per_100g"": 0.6}, ""cholesterol_mg_100g"": {""label"": ""Verified"", ""source_name"": ""DOST-FNRI PhilFCT"", ""source_record_id"": ""H004"", ""source_url"": ""https://i.fnri.dost.gov.ph/fct/library/report/4216"", ""value_for_portion"": 460.0, ""value_per_100g"": 460.0}, ""fat_g_100g"": {""label"": ""Verified"", ""source_name"": ""DOST-FNRI PhilFCT"", ""source_record_id"": ""H004"", ""source_url"": ""https://i.fnri.dost.gov.ph/fct/library/report/4216"", ""value_for_portion"": 12.0, ""value_per_100g"": 12.0}, ""fiber_g_100g"": {""label"": ""Verified"", ""source_name"": ""DOST-FNRI PhilFCT"", ""source_record_id"": ""H004"", ""source_url"": ""https://i.fnri.dost.gov.ph/fct/library/report/4216"", ""value_for_portion"": 0.0, ""value_per_100g"": 0.0}, ""kcal_100g"": {""label"": ""Verified"", ""source_name"": ""DOST-FNRI PhilFCT"", ""source_record_id"": ""H004"", ""source_url"": ""https://i.fnri.dost.gov.ph/fct/library/report/4216"", ""value_for_portion"": 166.0, ""value_per_100g"": 166.0}, ""protein_g_100g"": {""label"": ""Verified"", ""source_name"": ""DOST-FNRI PhilFCT"", ""source_record_id"": ""H004"", ""source_url"": ""https://i.fnri.dost.gov.ph/fct/library/report/4216"", ""value_for_portion"": 14.0, ""value_per_100g"": 14.0}, ""sodium_mg_100g"": {""label"": ""Verified"", ""source_name"": ""DOST-FNRI PhilFCT"", ""source_record_id"": ""H004"", ""source_url"": ""https://i.fnri.dost.gov.ph/fct/library/report/4216"", ""value_for_portion"": 136.0, ""value_per_100g"": 136.0}, ""sugar_g_100g"": {""label"": ""Verified"", ""source_name"": ""DOST-FNRI PhilFCT"", ""source_record_id"": ""H004"", ""source_url"": ""https://i.fnri.dost.gov.ph/fct/library/report/4216"", ""value_for_portion"": 0.4, ""value_per_100g"": 0.4}}"
EST_WORLD_20260918_004_V1,FC000969,"Sugar, brown",12,ASSUMED_REFERENCE_MIXTURE,398.0,0.1,98.7,0.3,0.0,97.6,15.0,0.0,"{""carbs_g_100g"": {""label"": ""Verified"", ""source_name"": ""DOST-FNRI PhilFCT"", ""source_record_id"": ""M042"", ""source_url"": ""https://i.fnri.dost.gov.ph/fct/library/report/4313"", ""value_for_portion"": 98.7, ""value_per_100g"": 98.7}, ""cholesterol_mg_100g"": {""label"": ""Verified"", ""source_name"": ""DOST-FNRI PhilFCT"", ""source_record_id"": ""M042"", ""source_url"": ""https://i.fnri.dost.gov.ph/fct/library/report/4313"", ""value_for_portion"": 0.0, ""value_per_100g"": 0.0}, ""fat_g_100g"": {""label"": ""Verified"", ""source_name"": ""DOST-FNRI PhilFCT"", ""source_record_id"": ""M042"", ""source_url"": ""https://i.fnri.dost.gov.ph/fct/library/report/4313"", ""value_for_portion"": 0.3, ""value_per_100g"": 0.3}, ""fiber_g_100g"": {""label"": ""Verified"", ""source_name"": ""DOST-FNRI PhilFCT"", ""source_record_id"": ""M042"", ""source_url"": ""https://i.fnri.dost.gov.ph/fct/library/report/4313"", ""value_for_portion"": 0.0, ""value_per_100g"": 0.0}, ""kcal_100g"": {""label"": ""Verified"", ""source_name"": ""DOST-FNRI PhilFCT"", ""source_record_id"": ""M042"", ""source_url"": ""https://i.fnri.dost.gov.ph/fct/library/report/4313"", ""value_for_portion"": 398.0, ""value_per_100g"": 398.0}, ""protein_g_100g"": {""label"": ""Verified"", ""source_name"": ""DOST-FNRI PhilFCT"", ""source_record_id"": ""M042"", ""source_url"": ""https://i.fnri.dost.gov.ph/fct/library/report/4313"", ""value_for_portion"": 0.1, ""value_per_100g"": 0.1}, ""sodium_mg_100g"": {""label"": ""Verified"", ""source_name"": ""DOST-FNRI PhilFCT"", ""source_record_id"": ""M042"", ""source_url"": ""https://i.fnri.dost.gov.ph/fct/library/report/4313"", ""value_for_portion"": 15.0, ""value_per_100g"": 15.0}, ""sugar_g_100g"": {""label"": ""Verified"", ""source_name"": ""DOST-FNRI PhilFCT"", ""source_record_id"": ""M042"", ""source_url"": ""https://i.fnri.dost.gov.ph/fct/library/report/4313"", ""value_for_portion"": 97.6, ""value_per_100g"": 97.6}}"
EST_WORLD_20260918_004_V1,FC000099,Soy sauce,4,ASSUMED_REFERENCE_MIXTURE,75.0,3.5,15.0,0.1,1.0,0.5,2041.0,0.0,"{""carbs_g_100g"": {""label"": ""Verified"", ""source_name"": ""DOST-FNRI PhilFCT"", ""source_record_id"": ""N023"", ""source_url"": ""https://i.fnri.dost.gov.ph/fct/library/report/4346"", ""value_for_portion"": 15.0, ""value_per_100g"": 15.0}, ""cholesterol_mg_100g"": {""label"": ""Verified"", ""source_name"": ""DOST-FNRI PhilFCT"", ""source_record_id"": ""N023"", ""source_url"": ""https://i.fnri.dost.gov.ph/fct/library/report/4346"", ""value_for_portion"": 0.0, ""value_per_100g"": 0.0}, ""fat_g_100g"": {""label"": ""Verified"", ""source_name"": ""DOST-FNRI PhilFCT"", ""source_record_id"": ""N023"", ""source_url"": ""https://i.fnri.dost.gov.ph/fct/library/report/4346"", ""value_for_portion"": 0.1, ""value_per_100g"": 0.1}, ""fiber_g_100g"": {""label"": ""Verified"", ""source_name"": ""DOST-FNRI PhilFCT"", ""source_record_id"": ""N023"", ""source_url"": ""https://i.fnri.dost.gov.ph/fct/library/report/4346"", ""value_for_portion"": 1.0, ""value_per_100g"": 1.0}, ""kcal_100g"": {""label"": ""Verified"", ""source_name"": ""DOST-FNRI PhilFCT"", ""source_record_id"": ""N023"", ""source_url"": ""https://i.fnri.dost.gov.ph/fct/library/report/4346"", ""value_for_portion"": 75.0, ""value_per_100g"": 75.0}, ""protein_g_100g"": {""label"": ""Verified"", ""source_name"": ""DOST-FNRI PhilFCT"", ""source_record_id"": ""N023"", ""source_url"": ""https://i.fnri.dost.gov.ph/fct/library/report/4346"", ""value_for_portion"": 3.5, ""value_per_100g"": 3.5}, ""sodium_mg_100g"": {""label"": ""Verified"", ""source_name"": ""DOST-FNRI PhilFCT"", ""source_record_id"": ""N023"", ""source_url"": ""https://i.fnri.dost.gov.ph/fct/library/report/4346"", ""value_for_portion"": 2041.0, ""value_per_100g"": 2041.0}, ""sugar_g_100g"": {""label"": ""Verified"", ""source_name"": ""DOST-FNRI PhilFCT"", ""source_record_id"": ""N023"", ""source_url"": ""https://i.fnri.dost.gov.ph/fct/library/report/4346"", ""value_for_portion"": 0.5, ""value_per_100g"": 0.5}}"
EST_WORLD_20260918_004_V1,FC000642,"Oil, corn",5,ASSUMED_REFERENCE_MIXTURE,896.0,0.0,0.0,99.6,0.0,0.0,0.0,0.0,"{""carbs_g_100g"": {""label"": ""Verified"", ""source_name"": ""DOST-FNRI PhilFCT"", ""source_record_id"": ""K009"", ""source_url"": ""https://i.fnri.dost.gov.ph/fct/library/report/4269"", ""value_for_portion"": 0.0, ""value_per_100g"": 0.0}, ""cholesterol_mg_100g"": {""label"": ""Verified"", ""source_name"": ""DOST-FNRI PhilFCT"", ""source_record_id"": ""K009"", ""source_url"": ""https://i.fnri.dost.gov.ph/fct/library/report/4269"", ""value_for_portion"": 0.0, ""value_per_100g"": 0.0}, ""fat_g_100g"": {""label"": ""Verified"", ""source_name"": ""DOST-FNRI PhilFCT"", ""source_record_id"": ""K009"", ""source_url"": ""https://i.fnri.dost.gov.ph/fct/library/report/4269"", ""value_for_portion"": 99.6, ""value_per_100g"": 99.6}, ""fiber_g_100g"": {""label"": ""Verified"", ""source_name"": ""DOST-FNRI PhilFCT"", ""source_record_id"": ""K009"", ""source_url"": ""https://i.fnri.dost.gov.ph/fct/library/report/4269"", ""value_for_portion"": 0.0, ""value_per_100g"": 0.0}, ""kcal_100g"": {""label"": ""Verified"", ""source_name"": ""DOST-FNRI PhilFCT"", ""source_record_id"": ""K009"", ""source_url"": ""https://i.fnri.dost.gov.ph/fct/library/report/4269"", ""value_for_portion"": 896.0, ""value_per_100g"": 896.0}, ""protein_g_100g"": {""label"": ""Verified"", ""source_name"": ""DOST-FNRI PhilFCT"", ""source_record_id"": ""K009"", ""source_url"": ""https://i.fnri.dost.gov.ph/fct/library/report/4269"", ""value_for_portion"": 0.0, ""value_per_100g"": 0.0}, ""sodium_mg_100g"": {""label"": ""Verified"", ""source_name"": ""DOST-FNRI PhilFCT"", ""source_record_id"": ""K009"", ""source_url"": ""https://i.fnri.dost.gov.ph/fct/library/report/4269"", ""value_for_portion"": 0.0, ""value_per_100g"": 0.0}, ""sugar_g_100g"": {""label"": ""Verified"", ""source_name"": ""DOST-FNRI PhilFCT"", ""source_record_id"": ""K009"", ""source_url"": ""https://i.fnri.dost.gov.ph/fct/library/report/4269"", ""value_for_portion"": 0.0, ""value_per_100g"": 0.0}}"
EST_WORLD_20260918_004_V1,FC001237,"Beverages, water, tap, drinking",15,ASSUMED_REFERENCE_MIXTURE,0.0,0.0,0.0,0.0,0.0,0.0,4.0,0.0,"{""carbs_g_100g"": {""label"": ""Other source"", ""source_name"": ""USDA FoodData Central SR Legacy"", ""source_record_id"": ""USDA_FC001237_173647"", ""source_url"": ""https://fdc.nal.usda.gov/food-details/173647/nutrients"", ""value_for_portion"": 0.0, ""value_per_100g"": 0.0}, ""cholesterol_mg_100g"": {""label"": ""Other source"", ""source_name"": ""USDA FoodData Central SR Legacy"", ""source_record_id"": ""USDA_FC001237_173647"", ""source_url"": ""https://fdc.nal.usda.gov/food-details/173647/nutrients"", ""value_for_portion"": 0.0, ""value_per_100g"": 0.0}, ""fat_g_100g"": {""label"": ""Other source"", ""source_name"": ""USDA FoodData Central SR Legacy"", ""source_record_id"": ""USDA_FC001237_173647"", ""source_url"": ""https://fdc.nal.usda.gov/food-details/173647/nutrients"", ""value_for_portion"": 0.0, ""value_per_100g"": 0.0}, ""fiber_g_100g"": {""label"": ""Other source"", ""source_name"": ""USDA FoodData Central SR Legacy"", ""source_record_id"": ""USDA_FC001237_173647"", ""source_url"": ""https://fdc.nal.usda.gov/food-details/173647/nutrients"", ""value_for_portion"": 0.0, ""value_per_100g"": 0.0}, ""kcal_100g"": {""label"": ""Other source"", ""source_name"": ""USDA FoodData Central SR Legacy"", ""source_record_id"": ""USDA_FC001237_173647"", ""source_url"": ""https://fdc.nal.usda.gov/food-details/173647/nutrients"", ""value_for_portion"": 0.0, ""value_per_100g"": 0.0}, ""protein_g_100g"": {""label"": ""Other source"", ""source_name"": ""USDA FoodData Central SR Legacy"", ""source_record_id"": ""USDA_FC001237_173647"", ""source_url"": ""https://fdc.nal.usda.gov/food-details/173647/nutrients"", ""value_for_portion"": 0.0, ""value_per_100g"": 0.0}, ""sodium_mg_100g"": {""label"": ""Other source"", ""source_name"": ""USDA FoodData Central SR Legacy"", ""source_record_id"": ""USDA_FC001237_173647"", ""source_url"": ""https://fdc.nal.usda.gov/food-details/173647/nutrients"", ""value_for_portion"": 4.0, ""value_per_100g"": 4.0}, ""sugar_g_100g"": {""label"": ""Other source"", ""source_name"": ""USDA FoodData Central SR Legacy"", ""source_record_id"": ""USDA_FC001237_173647"", ""source_url"": ""https://fdc.nal.usda.gov/food-details/173647/nutrients"", ""value_for_portion"": 0.0, ""value_per_100g"": 0.0}}"
EST_WORLD_20260918_005_V1,FC002185,"Restaurant, Chinese, sweet and sour chicken",150,ASSUMED_REFERENCE_MIXTURE,250.0,10.1,23.86,12.65,1.0,11.47,246.0,27.0,"{""carbs_g_100g"": {""label"": ""Other source"", ""source_name"": ""USDA FoodData Central SR Legacy"", ""source_record_id"": ""USDA_FC002185_168081"", ""source_url"": ""https://fdc.nal.usda.gov/food-details/168081/nutrients"", ""value_for_portion"": 23.86, ""value_per_100g"": 23.86}, ""cholesterol_mg_100g"": {""label"": ""Other source"", ""source_name"": ""USDA FoodData Central SR Legacy"", ""source_record_id"": ""USDA_FC002185_168081"", ""source_url"": ""https://fdc.nal.usda.gov/food-details/168081/nutrients"", ""value_for_portion"": 27.0, ""value_per_100g"": 27.0}, ""fat_g_100g"": {""label"": ""Other source"", ""source_name"": ""USDA FoodData Central SR Legacy"", ""source_record_id"": ""USDA_FC002185_168081"", ""source_url"": ""https://fdc.nal.usda.gov/food-details/168081/nutrients"", ""value_for_portion"": 12.65, ""value_per_100g"": 12.65}, ""fiber_g_100g"": {""label"": ""Other source"", ""source_name"": ""USDA FoodData Central SR Legacy"", ""source_record_id"": ""USDA_FC002185_168081"", ""source_url"": ""https://fdc.nal.usda.gov/food-details/168081/nutrients"", ""value_for_portion"": 1.0, ""value_per_100g"": 1.0}, ""kcal_100g"": {""label"": ""Other source"", ""source_name"": ""USDA FoodData Central SR Legacy"", ""source_record_id"": ""USDA_FC002185_168081"", ""source_url"": ""https://fdc.nal.usda.gov/food-details/168081/nutrients"", ""value_for_portion"": 250.0, ""value_per_100g"": 250.0}, ""protein_g_100g"": {""label"": ""Other source"", ""source_name"": ""USDA FoodData Central SR Legacy"", ""source_record_id"": ""USDA_FC002185_168081"", ""source_url"": ""https://fdc.nal.usda.gov/food-details/168081/nutrients"", ""value_for_portion"": 10.1, ""value_per_100g"": 10.1}, ""sodium_mg_100g"": {""label"": ""Other source"", ""source_name"": ""USDA FoodData Central SR Legacy"", ""source_record_id"": ""USDA_FC002185_168081"", ""source_url"": ""https://fdc.nal.usda.gov/food-details/168081/nutrients"", ""value_for_portion"": 246.0, ""value_per_100g"": 246.0}, ""sugar_g_100g"": {""label"": ""Other source"", ""source_name"": ""USDA FoodData Central SR Legacy"", ""source_record_id"": ""USDA_FC002185_168081"", ""source_url"": ""https://fdc.nal.usda.gov/food-details/168081/nutrients"", ""value_for_portion"": 11.47, ""value_per_100g"": 11.47}}"
EST_WORLD_20260918_005_V1,FC000969,"Sugar, brown",8,ASSUMED_REFERENCE_MIXTURE,398.0,0.1,98.7,0.3,0.0,97.6,15.0,0.0,"{""carbs_g_100g"": {""label"": ""Verified"", ""source_name"": ""DOST-FNRI PhilFCT"", ""source_record_id"": ""M042"", ""source_url"": ""https://i.fnri.dost.gov.ph/fct/library/report/4313"", ""value_for_portion"": 98.7, ""value_per_100g"": 98.7}, ""cholesterol_mg_100g"": {""label"": ""Verified"", ""source_name"": ""DOST-FNRI PhilFCT"", ""source_record_id"": ""M042"", ""source_url"": ""https://i.fnri.dost.gov.ph/fct/library/report/4313"", ""value_for_portion"": 0.0, ""value_per_100g"": 0.0}, ""fat_g_100g"": {""label"": ""Verified"", ""source_name"": ""DOST-FNRI PhilFCT"", ""source_record_id"": ""M042"", ""source_url"": ""https://i.fnri.dost.gov.ph/fct/library/report/4313"", ""value_for_portion"": 0.3, ""value_per_100g"": 0.3}, ""fiber_g_100g"": {""label"": ""Verified"", ""source_name"": ""DOST-FNRI PhilFCT"", ""source_record_id"": ""M042"", ""source_url"": ""https://i.fnri.dost.gov.ph/fct/library/report/4313"", ""value_for_portion"": 0.0, ""value_per_100g"": 0.0}, ""kcal_100g"": {""label"": ""Verified"", ""source_name"": ""DOST-FNRI PhilFCT"", ""source_record_id"": ""M042"", ""source_url"": ""https://i.fnri.dost.gov.ph/fct/library/report/4313"", ""value_for_portion"": 398.0, ""value_per_100g"": 398.0}, ""protein_g_100g"": {""label"": ""Verified"", ""source_name"": ""DOST-FNRI PhilFCT"", ""source_record_id"": ""M042"", ""source_url"": ""https://i.fnri.dost.gov.ph/fct/library/report/4313"", ""value_for_portion"": 0.1, ""value_per_100g"": 0.1}, ""sodium_mg_100g"": {""label"": ""Verified"", ""source_name"": ""DOST-FNRI PhilFCT"", ""source_record_id"": ""M042"", ""source_url"": ""https://i.fnri.dost.gov.ph/fct/library/report/4313"", ""value_for_portion"": 15.0, ""value_per_100g"": 15.0}, ""sugar_g_100g"": {""label"": ""Verified"", ""source_name"": ""DOST-FNRI PhilFCT"", ""source_record_id"": ""M042"", ""source_url"": ""https://i.fnri.dost.gov.ph/fct/library/report/4313"", ""value_for_portion"": 97.6, ""value_per_100g"": 97.6}}"
EST_WORLD_20260918_005_V1,FC000299,"Pepper, chili fruit",1,ASSUMED_REFERENCE_MIXTURE,75.0,4.8,9.0,2.2,3.5,5.0,14.0,0.0,"{""carbs_g_100g"": {""label"": ""Verified"", ""source_name"": ""DOST-FNRI PhilFCT"", ""source_record_id"": ""D164"", ""source_url"": ""https://i.fnri.dost.gov.ph/fct/library/report/3443"", ""value_for_portion"": 9.0, ""value_per_100g"": 9.0}, ""cholesterol_mg_100g"": {""label"": ""Verified"", ""source_name"": ""DOST-FNRI PhilFCT"", ""source_record_id"": ""D164"", ""source_url"": ""https://i.fnri.dost.gov.ph/fct/library/report/3443"", ""value_for_portion"": 0.0, ""value_per_100g"": 0.0}, ""fat_g_100g"": {""label"": ""Verified"", ""source_name"": ""DOST-FNRI PhilFCT"", ""source_record_id"": ""D164"", ""source_url"": ""https://i.fnri.dost.gov.ph/fct/library/report/3443"", ""value_for_portion"": 2.2, ""value_per_100g"": 2.2}, ""fiber_g_100g"": {""label"": ""Verified"", ""source_name"": ""DOST-FNRI PhilFCT"", ""source_record_id"": ""D164"", ""source_url"": ""https://i.fnri.dost.gov.ph/fct/library/report/3443"", ""value_for_portion"": 3.5, ""value_per_100g"": 3.5}, ""kcal_100g"": {""label"": ""Verified"", ""source_name"": ""DOST-FNRI PhilFCT"", ""source_record_id"": ""D164"", ""source_url"": ""https://i.fnri.dost.gov.ph/fct/library/report/3443"", ""value_for_portion"": 75.0, ""value_per_100g"": 75.0}, ""protein_g_100g"": {""label"": ""Verified"", ""source_name"": ""DOST-FNRI PhilFCT"", ""source_record_id"": ""D164"", ""source_url"": ""https://i.fnri.dost.gov.ph/fct/library/report/3443"", ""value_for_portion"": 4.8, ""value_per_100g"": 4.8}, ""sodium_mg_100g"": {""label"": ""Verified"", ""source_name"": ""DOST-FNRI PhilFCT"", ""source_record_id"": ""D164"", ""source_url"": ""https://i.fnri.dost.gov.ph/fct/library/report/3443"", ""value_for_portion"": 14.0, ""value_per_100g"": 14.0}, ""sugar_g_100g"": {""label"": ""Verified"", ""source_name"": ""DOST-FNRI PhilFCT"", ""source_record_id"": ""D164"", ""source_url"": ""https://i.fnri.dost.gov.ph/fct/library/report/3443"", ""value_for_portion"": 5.0, ""value_per_100g"": 5.0}}"
EST_WORLD_20260918_006_V1,FC000382,"Chicken, white meat, boiled",120,ASSUMED_REFERENCE_MIXTURE,173.0,32.9,0.0,4.6,0.0,0.0,81.0,,"{""carbs_g_100g"": {""label"": ""Verified"", ""source_name"": ""DOST-FNRI PhilFCT"", ""source_record_id"": ""F111"", ""source_url"": ""https://i.fnri.dost.gov.ph/fct/library/report/3818"", ""value_for_portion"": 0.0, ""value_per_100g"": 0.0}, ""cholesterol_mg_100g"": {""label"": ""Unknown"", ""source_name"": null, ""source_record_id"": null, ""source_url"": null, ""value_for_portion"": null, ""value_per_100g"": null}, ""fat_g_100g"": {""label"": ""Verified"", ""source_name"": ""DOST-FNRI PhilFCT"", ""source_record_id"": ""F111"", ""source_url"": ""https://i.fnri.dost.gov.ph/fct/library/report/3818"", ""value_for_portion"": 4.6, ""value_per_100g"": 4.6}, ""fiber_g_100g"": {""label"": ""Verified"", ""source_name"": ""DOST-FNRI PhilFCT"", ""source_record_id"": ""F111"", ""source_url"": ""https://i.fnri.dost.gov.ph/fct/library/report/3818"", ""value_for_portion"": 0.0, ""value_per_100g"": 0.0}, ""kcal_100g"": {""label"": ""Verified"", ""source_name"": ""DOST-FNRI PhilFCT"", ""source_record_id"": ""F111"", ""source_url"": ""https://i.fnri.dost.gov.ph/fct/library/report/3818"", ""value_for_portion"": 173.0, ""value_per_100g"": 173.0}, ""protein_g_100g"": {""label"": ""Verified"", ""source_name"": ""DOST-FNRI PhilFCT"", ""source_record_id"": ""F111"", ""source_url"": ""https://i.fnri.dost.gov.ph/fct/library/report/3818"", ""value_for_portion"": 32.9, ""value_per_100g"": 32.9}, ""sodium_mg_100g"": {""label"": ""Verified"", ""source_name"": ""DOST-FNRI PhilFCT"", ""source_record_id"": ""F111"", ""source_url"": ""https://i.fnri.dost.gov.ph/fct/library/report/3818"", ""value_for_portion"": 81.0, ""value_per_100g"": 81.0}, ""sugar_g_100g"": {""label"": ""Verified"", ""source_name"": ""DOST-FNRI PhilFCT"", ""source_record_id"": ""F111"", ""source_url"": ""https://i.fnri.dost.gov.ph/fct/library/report/3818"", ""value_for_portion"": 0.0, ""value_per_100g"": 0.0}}"
EST_WORLD_20260918_006_V1,FC000022,"Peanut, roasted",20,ASSUMED_REFERENCE_MIXTURE,629.0,33.2,7.6,51.8,8.2,,6.0,0.0,"{""carbs_g_100g"": {""label"": ""Verified"", ""source_name"": ""DOST-FNRI PhilFCT"", ""source_record_id"": ""C038"", ""source_url"": ""https://i.fnri.dost.gov.ph/fct/library/report/3248"", ""value_for_portion"": 7.6, ""value_per_100g"": 7.6}, ""cholesterol_mg_100g"": {""label"": ""Verified"", ""source_name"": ""DOST-FNRI PhilFCT"", ""source_record_id"": ""C038"", ""source_url"": ""https://i.fnri.dost.gov.ph/fct/library/report/3248"", ""value_for_portion"": 0.0, ""value_per_100g"": 0.0}, ""fat_g_100g"": {""label"": ""Verified"", ""source_name"": ""DOST-FNRI PhilFCT"", ""source_record_id"": ""C038"", ""source_url"": ""https://i.fnri.dost.gov.ph/fct/library/report/3248"", ""value_for_portion"": 51.8, ""value_per_100g"": 51.8}, ""fiber_g_100g"": {""label"": ""Verified"", ""source_name"": ""DOST-FNRI PhilFCT"", ""source_record_id"": ""C038"", ""source_url"": ""https://i.fnri.dost.gov.ph/fct/library/report/3248"", ""value_for_portion"": 8.2, ""value_per_100g"": 8.2}, ""kcal_100g"": {""label"": ""Verified"", ""source_name"": ""DOST-FNRI PhilFCT"", ""source_record_id"": ""C038"", ""source_url"": ""https://i.fnri.dost.gov.ph/fct/library/report/3248"", ""value_for_portion"": 629.0, ""value_per_100g"": 629.0}, ""protein_g_100g"": {""label"": ""Verified"", ""source_name"": ""DOST-FNRI PhilFCT"", ""source_record_id"": ""C038"", ""source_url"": ""https://i.fnri.dost.gov.ph/fct/library/report/3248"", ""value_for_portion"": 33.2, ""value_per_100g"": 33.2}, ""sodium_mg_100g"": {""label"": ""Verified"", ""source_name"": ""DOST-FNRI PhilFCT"", ""source_record_id"": ""C038"", ""source_url"": ""https://i.fnri.dost.gov.ph/fct/library/report/3248"", ""value_for_portion"": 6.0, ""value_per_100g"": 6.0}, ""sugar_g_100g"": {""label"": ""Unknown"", ""source_name"": null, ""source_record_id"": null, ""source_url"": null, ""value_for_portion"": null, ""value_per_100g"": null}}"
EST_WORLD_20260918_006_V1,FC000338,"Pepper, sweet/bell, long, green, boiled",35,ASSUMED_REFERENCE_MIXTURE,32.0,0.9,6.4,0.3,1.2,3.1,2.0,0.0,"{""carbs_g_100g"": {""label"": ""Verified"", ""source_name"": ""DOST-FNRI PhilFCT"", ""source_record_id"": ""D168"", ""source_url"": ""https://i.fnri.dost.gov.ph/fct/library/report/3447"", ""value_for_portion"": 6.4, ""value_per_100g"": 6.4}, ""cholesterol_mg_100g"": {""label"": ""Verified"", ""source_name"": ""DOST-FNRI PhilFCT"", ""source_record_id"": ""D168"", ""source_url"": ""https://i.fnri.dost.gov.ph/fct/library/report/3447"", ""value_for_portion"": 0.0, ""value_per_100g"": 0.0}, ""fat_g_100g"": {""label"": ""Verified"", ""source_name"": ""DOST-FNRI PhilFCT"", ""source_record_id"": ""D168"", ""source_url"": ""https://i.fnri.dost.gov.ph/fct/library/report/3447"", ""value_for_portion"": 0.3, ""value_per_100g"": 0.3}, ""fiber_g_100g"": {""label"": ""Verified"", ""source_name"": ""DOST-FNRI PhilFCT"", ""source_record_id"": ""D168"", ""source_url"": ""https://i.fnri.dost.gov.ph/fct/library/report/3447"", ""value_for_portion"": 1.2, ""value_per_100g"": 1.2}, ""kcal_100g"": {""label"": ""Verified"", ""source_name"": ""DOST-FNRI PhilFCT"", ""source_record_id"": ""D168"", ""source_url"": ""https://i.fnri.dost.gov.ph/fct/library/report/3447"", ""value_for_portion"": 32.0, ""value_per_100g"": 32.0}, ""protein_g_100g"": {""label"": ""Verified"", ""source_name"": ""DOST-FNRI PhilFCT"", ""source_record_id"": ""D168"", ""source_url"": ""https://i.fnri.dost.gov.ph/fct/library/report/3447"", ""value_for_portion"": 0.9, ""value_per_100g"": 0.9}, ""sodium_mg_100g"": {""label"": ""Verified"", ""source_name"": ""DOST-FNRI PhilFCT"", ""source_record_id"": ""D168"", ""source_url"": ""https://i.fnri.dost.gov.ph/fct/library/report/3447"", ""value_for_portion"": 2.0, ""value_per_100g"": 2.0}, ""sugar_g_100g"": {""label"": ""Verified"", ""source_name"": ""DOST-FNRI PhilFCT"", ""source_record_id"": ""D168"", ""source_url"": ""https://i.fnri.dost.gov.ph/fct/library/report/3447"", ""value_for_portion"": 3.1, ""value_per_100g"": 3.1}}"
EST_WORLD_20260918_006_V1,FC000333,"Onion, Bombay bulb, boiled",20,ASSUMED_REFERENCE_MIXTURE,47.0,1.2,9.7,0.4,1.3,4.6,3.0,0.0,"{""carbs_g_100g"": {""label"": ""Verified"", ""source_name"": ""DOST-FNRI PhilFCT"", ""source_record_id"": ""D142"", ""source_url"": ""https://i.fnri.dost.gov.ph/fct/library/report/3421"", ""value_for_portion"": 9.7, ""value_per_100g"": 9.7}, ""cholesterol_mg_100g"": {""label"": ""Verified"", ""source_name"": ""DOST-FNRI PhilFCT"", ""source_record_id"": ""D142"", ""source_url"": ""https://i.fnri.dost.gov.ph/fct/library/report/3421"", ""value_for_portion"": 0.0, ""value_per_100g"": 0.0}, ""fat_g_100g"": {""label"": ""Verified"", ""source_name"": ""DOST-FNRI PhilFCT"", ""source_record_id"": ""D142"", ""source_url"": ""https://i.fnri.dost.gov.ph/fct/library/report/3421"", ""value_for_portion"": 0.4, ""value_per_100g"": 0.4}, ""fiber_g_100g"": {""label"": ""Verified"", ""source_name"": ""DOST-FNRI PhilFCT"", ""source_record_id"": ""D142"", ""source_url"": ""https://i.fnri.dost.gov.ph/fct/library/report/3421"", ""value_for_portion"": 1.3, ""value_per_100g"": 1.3}, ""kcal_100g"": {""label"": ""Verified"", ""source_name"": ""DOST-FNRI PhilFCT"", ""source_record_id"": ""D142"", ""source_url"": ""https://i.fnri.dost.gov.ph/fct/library/report/3421"", ""value_for_portion"": 47.0, ""value_per_100g"": 47.0}, ""protein_g_100g"": {""label"": ""Verified"", ""source_name"": ""DOST-FNRI PhilFCT"", ""source_record_id"": ""D142"", ""source_url"": ""https://i.fnri.dost.gov.ph/fct/library/report/3421"", ""value_for_portion"": 1.2, ""value_per_100g"": 1.2}, ""sodium_mg_100g"": {""label"": ""Verified"", ""source_name"": ""DOST-FNRI PhilFCT"", ""source_record_id"": ""D142"", ""source_url"": ""https://i.fnri.dost.gov.ph/fct/library/report/3421"", ""value_for_portion"": 3.0, ""value_per_100g"": 3.0}, ""sugar_g_100g"": {""label"": ""Verified"", ""source_name"": ""DOST-FNRI PhilFCT"", ""source_record_id"": ""D142"", ""source_url"": ""https://i.fnri.dost.gov.ph/fct/library/report/3421"", ""value_for_portion"": 4.6, ""value_per_100g"": 4.6}}"
EST_WORLD_20260918_006_V1,FC000099,Soy sauce,12,ASSUMED_REFERENCE_MIXTURE,75.0,3.5,15.0,0.1,1.0,0.5,2041.0,0.0,"{""carbs_g_100g"": {""label"": ""Verified"", ""source_name"": ""DOST-FNRI PhilFCT"", ""source_record_id"": ""N023"", ""source_url"": ""https://i.fnri.dost.gov.ph/fct/library/report/4346"", ""value_for_portion"": 15.0, ""value_per_100g"": 15.0}, ""cholesterol_mg_100g"": {""label"": ""Verified"", ""source_name"": ""DOST-FNRI PhilFCT"", ""source_record_id"": ""N023"", ""source_url"": ""https://i.fnri.dost.gov.ph/fct/library/report/4346"", ""value_for_portion"": 0.0, ""value_per_100g"": 0.0}, ""fat_g_100g"": {""label"": ""Verified"", ""source_name"": ""DOST-FNRI PhilFCT"", ""source_record_id"": ""N023"", ""source_url"": ""https://i.fnri.dost.gov.ph/fct/library/report/4346"", ""value_for_portion"": 0.1, ""value_per_100g"": 0.1}, ""fiber_g_100g"": {""label"": ""Verified"", ""source_name"": ""DOST-FNRI PhilFCT"", ""source_record_id"": ""N023"", ""source_url"": ""https://i.fnri.dost.gov.ph/fct/library/report/4346"", ""value_for_portion"": 1.0, ""value_per_100g"": 1.0}, ""kcal_100g"": {""label"": ""Verified"", ""source_name"": ""DOST-FNRI PhilFCT"", ""source_record_id"": ""N023"", ""source_url"": ""https://i.fnri.dost.gov.ph/fct/library/report/4346"", ""value_for_portion"": 75.0, ""value_per_100g"": 75.0}, ""protein_g_100g"": {""label"": ""Verified"", ""source_name"": ""DOST-FNRI PhilFCT"", ""source_record_id"": ""N023"", ""source_url"": ""https://i.fnri.dost.gov.ph/fct/library/report/4346"", ""value_for_portion"": 3.5, ""value_per_100g"": 3.5}, ""sodium_mg_100g"": {""label"": ""Verified"", ""source_name"": ""DOST-FNRI PhilFCT"", ""source_record_id"": ""N023"", ""source_url"": ""https://i.fnri.dost.gov.ph/fct/library/report/4346"", ""value_for_portion"": 2041.0, ""value_per_100g"": 2041.0}, ""sugar_g_100g"": {""label"": ""Verified"", ""source_name"": ""DOST-FNRI PhilFCT"", ""source_record_id"": ""N023"", ""source_url"": ""https://i.fnri.dost.gov.ph/fct/library/report/4346"", ""value_for_portion"": 0.5, ""value_per_100g"": 0.5}}"
EST_WORLD_20260918_006_V1,FC000299,"Pepper, chili fruit",3,ASSUMED_REFERENCE_MIXTURE,75.0,4.8,9.0,2.2,3.5,5.0,14.0,0.0,"{""carbs_g_100g"": {""label"": ""Verified"", ""source_name"": ""DOST-FNRI PhilFCT"", ""source_record_id"": ""D164"", ""source_url"": ""https://i.fnri.dost.gov.ph/fct/library/report/3443"", ""value_for_portion"": 9.0, ""value_per_100g"": 9.0}, ""cholesterol_mg_100g"": {""label"": ""Verified"", ""source_name"": ""DOST-FNRI PhilFCT"", ""source_record_id"": ""D164"", ""source_url"": ""https://i.fnri.dost.gov.ph/fct/library/report/3443"", ""value_for_portion"": 0.0, ""value_per_100g"": 0.0}, ""fat_g_100g"": {""label"": ""Verified"", ""source_name"": ""DOST-FNRI PhilFCT"", ""source_record_id"": ""D164"", ""source_url"": ""https://i.fnri.dost.gov.ph/fct/library/report/3443"", ""value_for_portion"": 2.2, ""value_per_100g"": 2.2}, ""fiber_g_100g"": {""label"": ""Verified"", ""source_name"": ""DOST-FNRI PhilFCT"", ""source_record_id"": ""D164"", ""source_url"": ""https://i.fnri.dost.gov.ph/fct/library/report/3443"", ""value_for_portion"": 3.5, ""value_per_100g"": 3.5}, ""kcal_100g"": {""label"": ""Verified"", ""source_name"": ""DOST-FNRI PhilFCT"", ""source_record_id"": ""D164"", ""source_url"": ""https://i.fnri.dost.gov.ph/fct/library/report/3443"", ""value_for_portion"": 75.0, ""value_per_100g"": 75.0}, ""protein_g_100g"": {""label"": ""Verified"", ""source_name"": ""DOST-FNRI PhilFCT"", ""source_record_id"": ""D164"", ""source_url"": ""https://i.fnri.dost.gov.ph/fct/library/report/3443"", ""value_for_portion"": 4.8, ""value_per_100g"": 4.8}, ""sodium_mg_100g"": {""label"": ""Verified"", ""source_name"": ""DOST-FNRI PhilFCT"", ""source_record_id"": ""D164"", ""source_url"": ""https://i.fnri.dost.gov.ph/fct/library/report/3443"", ""value_for_portion"": 14.0, ""value_per_100g"": 14.0}, ""sugar_g_100g"": {""label"": ""Verified"", ""source_name"": ""DOST-FNRI PhilFCT"", ""source_record_id"": ""D164"", ""source_url"": ""https://i.fnri.dost.gov.ph/fct/library/report/3443"", ""value_for_portion"": 5.0, ""value_per_100g"": 5.0}}"
EST_WORLD_20260918_006_V1,FC000642,"Oil, corn",10,ASSUMED_REFERENCE_MIXTURE,896.0,0.0,0.0,99.6,0.0,0.0,0.0,0.0,"{""carbs_g_100g"": {""label"": ""Verified"", ""source_name"": ""DOST-FNRI PhilFCT"", ""source_record_id"": ""K009"", ""source_url"": ""https://i.fnri.dost.gov.ph/fct/library/report/4269"", ""value_for_portion"": 0.0, ""value_per_100g"": 0.0}, ""cholesterol_mg_100g"": {""label"": ""Verified"", ""source_name"": ""DOST-FNRI PhilFCT"", ""source_record_id"": ""K009"", ""source_url"": ""https://i.fnri.dost.gov.ph/fct/library/report/4269"", ""value_for_portion"": 0.0, ""value_per_100g"": 0.0}, ""fat_g_100g"": {""label"": ""Verified"", ""source_name"": ""DOST-FNRI PhilFCT"", ""source_record_id"": ""K009"", ""source_url"": ""https://i.fnri.dost.gov.ph/fct/library/report/4269"", ""value_for_portion"": 99.6, ""value_per_100g"": 99.6}, ""fiber_g_100g"": {""label"": ""Verified"", ""source_name"": ""DOST-FNRI PhilFCT"", ""source_record_id"": ""K009"", ""source_url"": ""https://i.fnri.dost.gov.ph/fct/library/report/4269"", ""value_for_portion"": 0.0, ""value_per_100g"": 0.0}, ""kcal_100g"": {""label"": ""Verified"", ""source_name"": ""DOST-FNRI PhilFCT"", ""source_record_id"": ""K009"", ""source_url"": ""https://i.fnri.dost.gov.ph/fct/library/report/4269"", ""value_for_portion"": 896.0, ""value_per_100g"": 896.0}, ""protein_g_100g"": {""label"": ""Verified"", ""source_name"": ""DOST-FNRI PhilFCT"", ""source_record_id"": ""K009"", ""source_url"": ""https://i.fnri.dost.gov.ph/fct/library/report/4269"", ""value_for_portion"": 0.0, ""value_per_100g"": 0.0}, ""sodium_mg_100g"": {""label"": ""Verified"", ""source_name"": ""DOST-FNRI PhilFCT"", ""source_record_id"": ""K009"", ""source_url"": ""https://i.fnri.dost.gov.ph/fct/library/report/4269"", ""value_for_portion"": 0.0, ""value_per_100g"": 0.0}, ""sugar_g_100g"": {""label"": ""Verified"", ""source_name"": ""DOST-FNRI PhilFCT"", ""source_record_id"": ""K009"", ""source_url"": ""https://i.fnri.dost.gov.ph/fct/library/report/4269"", ""value_for_portion"": 0.0, ""value_per_100g"": 0.0}}"
EST_WORLD_20260918_006_V1,FC000969,"Sugar, brown",4,ASSUMED_REFERENCE_MIXTURE,398.0,0.1,98.7,0.3,0.0,97.6,15.0,0.0,"{""carbs_g_100g"": {""label"": ""Verified"", ""source_name"": ""DOST-FNRI PhilFCT"", ""source_record_id"": ""M042"", ""source_url"": ""https://i.fnri.dost.gov.ph/fct/library/report/4313"", ""value_for_portion"": 98.7, ""value_per_100g"": 98.7}, ""cholesterol_mg_100g"": {""label"": ""Verified"", ""source_name"": ""DOST-FNRI PhilFCT"", ""source_record_id"": ""M042"", ""source_url"": ""https://i.fnri.dost.gov.ph/fct/library/report/4313"", ""value_for_portion"": 0.0, ""value_per_100g"": 0.0}, ""fat_g_100g"": {""label"": ""Verified"", ""source_name"": ""DOST-FNRI PhilFCT"", ""source_record_id"": ""M042"", ""source_url"": ""https://i.fnri.dost.gov.ph/fct/library/report/4313"", ""value_for_portion"": 0.3, ""value_per_100g"": 0.3}, ""fiber_g_100g"": {""label"": ""Verified"", ""source_name"": ""DOST-FNRI PhilFCT"", ""source_record_id"": ""M042"", ""source_url"": ""https://i.fnri.dost.gov.ph/fct/library/report/4313"", ""value_for_portion"": 0.0, ""value_per_100g"": 0.0}, ""kcal_100g"": {""label"": ""Verified"", ""source_name"": ""DOST-FNRI PhilFCT"", ""source_record_id"": ""M042"", ""source_url"": ""https://i.fnri.dost.gov.ph/fct/library/report/4313"", ""value_for_portion"": 398.0, ""value_per_100g"": 398.0}, ""protein_g_100g"": {""label"": ""Verified"", ""source_name"": ""DOST-FNRI PhilFCT"", ""source_record_id"": ""M042"", ""source_url"": ""https://i.fnri.dost.gov.ph/fct/library/report/4313"", ""value_for_portion"": 0.1, ""value_per_100g"": 0.1}, ""sodium_mg_100g"": {""label"": ""Verified"", ""source_name"": ""DOST-FNRI PhilFCT"", ""source_record_id"": ""M042"", ""source_url"": ""https://i.fnri.dost.gov.ph/fct/library/report/4313"", ""value_for_portion"": 15.0, ""value_per_100g"": 15.0}, ""sugar_g_100g"": {""label"": ""Verified"", ""source_name"": ""DOST-FNRI PhilFCT"", ""source_record_id"": ""M042"", ""source_url"": ""https://i.fnri.dost.gov.ph/fct/library/report/4313"", ""value_for_portion"": 97.6, ""value_per_100g"": 97.6}}"
EST_WORLD_20260918_007_V1,FC000132,"Noodles, egg, cooked, enriched, with added salt",200,ASSUMED_REFERENCE_MIXTURE,138.0,4.54,25.16,2.07,1.2,0.4,165.0,29.0,"{""carbs_g_100g"": {""label"": ""Other source"", ""source_name"": ""USDA FoodData Central SR Legacy"", ""source_record_id"": ""USDA_FC000132_168919"", ""source_url"": ""https://fdc.nal.usda.gov/food-details/168919/nutrients"", ""value_for_portion"": 25.16, ""value_per_100g"": 25.16}, ""cholesterol_mg_100g"": {""label"": ""Other source"", ""source_name"": ""USDA FoodData Central SR Legacy"", ""source_record_id"": ""USDA_FC000132_168919"", ""source_url"": ""https://fdc.nal.usda.gov/food-details/168919/nutrients"", ""value_for_portion"": 29.0, ""value_per_100g"": 29.0}, ""fat_g_100g"": {""label"": ""Other source"", ""source_name"": ""USDA FoodData Central SR Legacy"", ""source_record_id"": ""USDA_FC000132_168919"", ""source_url"": ""https://fdc.nal.usda.gov/food-details/168919/nutrients"", ""value_for_portion"": 2.07, ""value_per_100g"": 2.07}, ""fiber_g_100g"": {""label"": ""Other source"", ""source_name"": ""USDA FoodData Central SR Legacy"", ""source_record_id"": ""USDA_FC000132_168919"", ""source_url"": ""https://fdc.nal.usda.gov/food-details/168919/nutrients"", ""value_for_portion"": 1.2, ""value_per_100g"": 1.2}, ""kcal_100g"": {""label"": ""Other source"", ""source_name"": ""USDA FoodData Central SR Legacy"", ""source_record_id"": ""USDA_FC000132_168919"", ""source_url"": ""https://fdc.nal.usda.gov/food-details/168919/nutrients"", ""value_for_portion"": 138.0, ""value_per_100g"": 138.0}, ""protein_g_100g"": {""label"": ""Other source"", ""source_name"": ""USDA FoodData Central SR Legacy"", ""source_record_id"": ""USDA_FC000132_168919"", ""source_url"": ""https://fdc.nal.usda.gov/food-details/168919/nutrients"", ""value_for_portion"": 4.54, ""value_per_100g"": 4.54}, ""sodium_mg_100g"": {""label"": ""Other source"", ""source_name"": ""USDA FoodData Central SR Legacy"", ""source_record_id"": ""USDA_FC000132_168919"", ""source_url"": ""https://fdc.nal.usda.gov/food-details/168919/nutrients"", ""value_for_portion"": 165.0, ""value_per_100g"": 165.0}, ""sugar_g_100g"": {""label"": ""Other source"", ""source_name"": ""USDA FoodData Central SR Legacy"", ""source_record_id"": ""USDA_FC000132_168919"", ""source_url"": ""https://fdc.nal.usda.gov/food-details/168919/nutrients"", ""value_for_portion"": 0.4, ""value_per_100g"": 0.4}}"
EST_WORLD_20260918_007_V1,FC000285,"Cabbage, green",35,ASSUMED_REFERENCE_MIXTURE,31.0,1.6,5.9,0.1,2.5,3.4,12.0,0.0,"{""carbs_g_100g"": {""label"": ""Verified"", ""source_name"": ""DOST-FNRI PhilFCT"", ""source_record_id"": ""D035"", ""source_url"": ""https://i.fnri.dost.gov.ph/fct/library/report/3314"", ""value_for_portion"": 5.9, ""value_per_100g"": 5.9}, ""cholesterol_mg_100g"": {""label"": ""Verified"", ""source_name"": ""DOST-FNRI PhilFCT"", ""source_record_id"": ""D035"", ""source_url"": ""https://i.fnri.dost.gov.ph/fct/library/report/3314"", ""value_for_portion"": 0.0, ""value_per_100g"": 0.0}, ""fat_g_100g"": {""label"": ""Verified"", ""source_name"": ""DOST-FNRI PhilFCT"", ""source_record_id"": ""D035"", ""source_url"": ""https://i.fnri.dost.gov.ph/fct/library/report/3314"", ""value_for_portion"": 0.1, ""value_per_100g"": 0.1}, ""fiber_g_100g"": {""label"": ""Verified"", ""source_name"": ""DOST-FNRI PhilFCT"", ""source_record_id"": ""D035"", ""source_url"": ""https://i.fnri.dost.gov.ph/fct/library/report/3314"", ""value_for_portion"": 2.5, ""value_per_100g"": 2.5}, ""kcal_100g"": {""label"": ""Verified"", ""source_name"": ""DOST-FNRI PhilFCT"", ""source_record_id"": ""D035"", ""source_url"": ""https://i.fnri.dost.gov.ph/fct/library/report/3314"", ""value_for_portion"": 31.0, ""value_per_100g"": 31.0}, ""protein_g_100g"": {""label"": ""Verified"", ""source_name"": ""DOST-FNRI PhilFCT"", ""source_record_id"": ""D035"", ""source_url"": ""https://i.fnri.dost.gov.ph/fct/library/report/3314"", ""value_for_portion"": 1.6, ""value_per_100g"": 1.6}, ""sodium_mg_100g"": {""label"": ""Verified"", ""source_name"": ""DOST-FNRI PhilFCT"", ""source_record_id"": ""D035"", ""source_url"": ""https://i.fnri.dost.gov.ph/fct/library/report/3314"", ""value_for_portion"": 12.0, ""value_per_100g"": 12.0}, ""sugar_g_100g"": {""label"": ""Verified"", ""source_name"": ""DOST-FNRI PhilFCT"", ""source_record_id"": ""D035"", ""source_url"": ""https://i.fnri.dost.gov.ph/fct/library/report/3314"", ""value_for_portion"": 3.4, ""value_per_100g"": 3.4}}"
EST_WORLD_20260918_007_V1,FC000333,"Onion, Bombay bulb, boiled",20,ASSUMED_REFERENCE_MIXTURE,47.0,1.2,9.7,0.4,1.3,4.6,3.0,0.0,"{""carbs_g_100g"": {""label"": ""Verified"", ""source_name"": ""DOST-FNRI PhilFCT"", ""source_record_id"": ""D142"", ""source_url"": ""https://i.fnri.dost.gov.ph/fct/library/report/3421"", ""value_for_portion"": 9.7, ""value_per_100g"": 9.7}, ""cholesterol_mg_100g"": {""label"": ""Verified"", ""source_name"": ""DOST-FNRI PhilFCT"", ""source_record_id"": ""D142"", ""source_url"": ""https://i.fnri.dost.gov.ph/fct/library/report/3421"", ""value_for_portion"": 0.0, ""value_per_100g"": 0.0}, ""fat_g_100g"": {""label"": ""Verified"", ""source_name"": ""DOST-FNRI PhilFCT"", ""source_record_id"": ""D142"", ""source_url"": ""https://i.fnri.dost.gov.ph/fct/library/report/3421"", ""value_for_portion"": 0.4, ""value_per_100g"": 0.4}, ""fiber_g_100g"": {""label"": ""Verified"", ""source_name"": ""DOST-FNRI PhilFCT"", ""source_record_id"": ""D142"", ""source_url"": ""https://i.fnri.dost.gov.ph/fct/library/report/3421"", ""value_for_portion"": 1.3, ""value_per_100g"": 1.3}, ""kcal_100g"": {""label"": ""Verified"", ""source_name"": ""DOST-FNRI PhilFCT"", ""source_record_id"": ""D142"", ""source_url"": ""https://i.fnri.dost.gov.ph/fct/library/report/3421"", ""value_for_portion"": 47.0, ""value_per_100g"": 47.0}, ""protein_g_100g"": {""label"": ""Verified"", ""source_name"": ""DOST-FNRI PhilFCT"", ""source_record_id"": ""D142"", ""source_url"": ""https://i.fnri.dost.gov.ph/fct/library/report/3421"", ""value_for_portion"": 1.2, ""value_per_100g"": 1.2}, ""sodium_mg_100g"": {""label"": ""Verified"", ""source_name"": ""DOST-FNRI PhilFCT"", ""source_record_id"": ""D142"", ""source_url"": ""https://i.fnri.dost.gov.ph/fct/library/report/3421"", ""value_for_portion"": 3.0, ""value_per_100g"": 3.0}, ""sugar_g_100g"": {""label"": ""Verified"", ""source_name"": ""DOST-FNRI PhilFCT"", ""source_record_id"": ""D142"", ""source_url"": ""https://i.fnri.dost.gov.ph/fct/library/report/3421"", ""value_for_portion"": 4.6, ""value_per_100g"": 4.6}}"
EST_WORLD_20260918_007_V1,FC000099,Soy sauce,12,ASSUMED_REFERENCE_MIXTURE,75.0,3.5,15.0,0.1,1.0,0.5,2041.0,0.0,"{""carbs_g_100g"": {""label"": ""Verified"", ""source_name"": ""DOST-FNRI PhilFCT"", ""source_record_id"": ""N023"", ""source_url"": ""https://i.fnri.dost.gov.ph/fct/library/report/4346"", ""value_for_portion"": 15.0, ""value_per_100g"": 15.0}, ""cholesterol_mg_100g"": {""label"": ""Verified"", ""source_name"": ""DOST-FNRI PhilFCT"", ""source_record_id"": ""N023"", ""source_url"": ""https://i.fnri.dost.gov.ph/fct/library/report/4346"", ""value_for_portion"": 0.0, ""value_per_100g"": 0.0}, ""fat_g_100g"": {""label"": ""Verified"", ""source_name"": ""DOST-FNRI PhilFCT"", ""source_record_id"": ""N023"", ""source_url"": ""https://i.fnri.dost.gov.ph/fct/library/report/4346"", ""value_for_portion"": 0.1, ""value_per_100g"": 0.1}, ""fiber_g_100g"": {""label"": ""Verified"", ""source_name"": ""DOST-FNRI PhilFCT"", ""source_record_id"": ""N023"", ""source_url"": ""https://i.fnri.dost.gov.ph/fct/library/report/4346"", ""value_for_portion"": 1.0, ""value_per_100g"": 1.0}, ""kcal_100g"": {""label"": ""Verified"", ""source_name"": ""DOST-FNRI PhilFCT"", ""source_record_id"": ""N023"", ""source_url"": ""https://i.fnri.dost.gov.ph/fct/library/report/4346"", ""value_for_portion"": 75.0, ""value_per_100g"": 75.0}, ""protein_g_100g"": {""label"": ""Verified"", ""source_name"": ""DOST-FNRI PhilFCT"", ""source_record_id"": ""N023"", ""source_url"": ""https://i.fnri.dost.gov.ph/fct/library/report/4346"", ""value_for_portion"": 3.5, ""value_per_100g"": 3.5}, ""sodium_mg_100g"": {""label"": ""Verified"", ""source_name"": ""DOST-FNRI PhilFCT"", ""source_record_id"": ""N023"", ""source_url"": ""https://i.fnri.dost.gov.ph/fct/library/report/4346"", ""value_for_portion"": 2041.0, ""value_per_100g"": 2041.0}, ""sugar_g_100g"": {""label"": ""Verified"", ""source_name"": ""DOST-FNRI PhilFCT"", ""source_record_id"": ""N023"", ""source_url"": ""https://i.fnri.dost.gov.ph/fct/library/report/4346"", ""value_for_portion"": 0.5, ""value_per_100g"": 0.5}}"
EST_WORLD_20260918_007_V1,FC000642,"Oil, corn",12,ASSUMED_REFERENCE_MIXTURE,896.0,0.0,0.0,99.6,0.0,0.0,0.0,0.0,"{""carbs_g_100g"": {""label"": ""Verified"", ""source_name"": ""DOST-FNRI PhilFCT"", ""source_record_id"": ""K009"", ""source_url"": ""https://i.fnri.dost.gov.ph/fct/library/report/4269"", ""value_for_portion"": 0.0, ""value_per_100g"": 0.0}, ""cholesterol_mg_100g"": {""label"": ""Verified"", ""source_name"": ""DOST-FNRI PhilFCT"", ""source_record_id"": ""K009"", ""source_url"": ""https://i.fnri.dost.gov.ph/fct/library/report/4269"", ""value_for_portion"": 0.0, ""value_per_100g"": 0.0}, ""fat_g_100g"": {""label"": ""Verified"", ""source_name"": ""DOST-FNRI PhilFCT"", ""source_record_id"": ""K009"", ""source_url"": ""https://i.fnri.dost.gov.ph/fct/library/report/4269"", ""value_for_portion"": 99.6, ""value_per_100g"": 99.6}, ""fiber_g_100g"": {""label"": ""Verified"", ""source_name"": ""DOST-FNRI PhilFCT"", ""source_record_id"": ""K009"", ""source_url"": ""https://i.fnri.dost.gov.ph/fct/library/report/4269"", ""value_for_portion"": 0.0, ""value_per_100g"": 0.0}, ""kcal_100g"": {""label"": ""Verified"", ""source_name"": ""DOST-FNRI PhilFCT"", ""source_record_id"": ""K009"", ""source_url"": ""https://i.fnri.dost.gov.ph/fct/library/report/4269"", ""value_for_portion"": 896.0, ""value_per_100g"": 896.0}, ""protein_g_100g"": {""label"": ""Verified"", ""source_name"": ""DOST-FNRI PhilFCT"", ""source_record_id"": ""K009"", ""source_url"": ""https://i.fnri.dost.gov.ph/fct/library/report/4269"", ""value_for_portion"": 0.0, ""value_per_100g"": 0.0}, ""sodium_mg_100g"": {""label"": ""Verified"", ""source_name"": ""DOST-FNRI PhilFCT"", ""source_record_id"": ""K009"", ""source_url"": ""https://i.fnri.dost.gov.ph/fct/library/report/4269"", ""value_for_portion"": 0.0, ""value_per_100g"": 0.0}, ""sugar_g_100g"": {""label"": ""Verified"", ""source_name"": ""DOST-FNRI PhilFCT"", ""source_record_id"": ""K009"", ""source_url"": ""https://i.fnri.dost.gov.ph/fct/library/report/4269"", ""value_for_portion"": 0.0, ""value_per_100g"": 0.0}}"
EST_WORLD_20260918_008_V1,FC000001,"Rice, well-milled, boiled",220,ASSUMED_REFERENCE_MIXTURE,129.0,2.1,29.7,0.2,0.4,0.1,3.0,0.0,"{""carbs_g_100g"": {""label"": ""Verified"", ""source_name"": ""DOST-FNRI PhilFCT"", ""source_record_id"": ""A020"", ""source_url"": ""https://i.fnri.dost.gov.ph/fct/library/report/2982"", ""value_for_portion"": 29.7, ""value_per_100g"": 29.7}, ""cholesterol_mg_100g"": {""label"": ""Verified"", ""source_name"": ""DOST-FNRI PhilFCT"", ""source_record_id"": ""A020"", ""source_url"": ""https://i.fnri.dost.gov.ph/fct/library/report/2982"", ""value_for_portion"": 0.0, ""value_per_100g"": 0.0}, ""fat_g_100g"": {""label"": ""Verified"", ""source_name"": ""DOST-FNRI PhilFCT"", ""source_record_id"": ""A020"", ""source_url"": ""https://i.fnri.dost.gov.ph/fct/library/report/2982"", ""value_for_portion"": 0.2, ""value_per_100g"": 0.2}, ""fiber_g_100g"": {""label"": ""Verified"", ""source_name"": ""DOST-FNRI PhilFCT"", ""source_record_id"": ""A020"", ""source_url"": ""https://i.fnri.dost.gov.ph/fct/library/report/2982"", ""value_for_portion"": 0.4, ""value_per_100g"": 0.4}, ""kcal_100g"": {""label"": ""Verified"", ""source_name"": ""DOST-FNRI PhilFCT"", ""source_record_id"": ""A020"", ""source_url"": ""https://i.fnri.dost.gov.ph/fct/library/report/2982"", ""value_for_portion"": 129.0, ""value_per_100g"": 129.0}, ""protein_g_100g"": {""label"": ""Verified"", ""source_name"": ""DOST-FNRI PhilFCT"", ""source_record_id"": ""A020"", ""source_url"": ""https://i.fnri.dost.gov.ph/fct/library/report/2982"", ""value_for_portion"": 2.1, ""value_per_100g"": 2.1}, ""sodium_mg_100g"": {""label"": ""Verified"", ""source_name"": ""DOST-FNRI PhilFCT"", ""source_record_id"": ""A020"", ""source_url"": ""https://i.fnri.dost.gov.ph/fct/library/report/2982"", ""value_for_portion"": 3.0, ""value_per_100g"": 3.0}, ""sugar_g_100g"": {""label"": ""Verified"", ""source_name"": ""DOST-FNRI PhilFCT"", ""source_record_id"": ""A020"", ""source_url"": ""https://i.fnri.dost.gov.ph/fct/library/report/2982"", ""value_for_portion"": 0.1, ""value_per_100g"": 0.1}}"
EST_WORLD_20260918_008_V1,FC000016,"Egg, chicken, whole, boiled",30,ASSUMED_REFERENCE_MIXTURE,166.0,14.0,0.6,12.0,0.0,0.4,136.0,460.0,"{""carbs_g_100g"": {""label"": ""Verified"", ""source_name"": ""DOST-FNRI PhilFCT"", ""source_record_id"": ""H004"", ""source_url"": ""https://i.fnri.dost.gov.ph/fct/library/report/4216"", ""value_for_portion"": 0.6, ""value_per_100g"": 0.6}, ""cholesterol_mg_100g"": {""label"": ""Verified"", ""source_name"": ""DOST-FNRI PhilFCT"", ""source_record_id"": ""H004"", ""source_url"": ""https://i.fnri.dost.gov.ph/fct/library/report/4216"", ""value_for_portion"": 460.0, ""value_per_100g"": 460.0}, ""fat_g_100g"": {""label"": ""Verified"", ""source_name"": ""DOST-FNRI PhilFCT"", ""source_record_id"": ""H004"", ""source_url"": ""https://i.fnri.dost.gov.ph/fct/library/report/4216"", ""value_for_portion"": 12.0, ""value_per_100g"": 12.0}, ""fiber_g_100g"": {""label"": ""Verified"", ""source_name"": ""DOST-FNRI PhilFCT"", ""source_record_id"": ""H004"", ""source_url"": ""https://i.fnri.dost.gov.ph/fct/library/report/4216"", ""value_for_portion"": 0.0, ""value_per_100g"": 0.0}, ""kcal_100g"": {""label"": ""Verified"", ""source_name"": ""DOST-FNRI PhilFCT"", ""source_record_id"": ""H004"", ""source_url"": ""https://i.fnri.dost.gov.ph/fct/library/report/4216"", ""value_for_portion"": 166.0, ""value_per_100g"": 166.0}, ""protein_g_100g"": {""label"": ""Verified"", ""source_name"": ""DOST-FNRI PhilFCT"", ""source_record_id"": ""H004"", ""source_url"": ""https://i.fnri.dost.gov.ph/fct/library/report/4216"", ""value_for_portion"": 14.0, ""value_per_100g"": 14.0}, ""sodium_mg_100g"": {""label"": ""Verified"", ""source_name"": ""DOST-FNRI PhilFCT"", ""source_record_id"": ""H004"", ""source_url"": ""https://i.fnri.dost.gov.ph/fct/library/report/4216"", ""value_for_portion"": 136.0, ""value_per_100g"": 136.0}, ""sugar_g_100g"": {""label"": ""Verified"", ""source_name"": ""DOST-FNRI PhilFCT"", ""source_record_id"": ""H004"", ""source_url"": ""https://i.fnri.dost.gov.ph/fct/library/report/4216"", ""value_for_portion"": 0.4, ""value_per_100g"": 0.4}}"
EST_WORLD_20260918_008_V1,FC000238,"Green pea, in brine, cnd",15,ASSUMED_REFERENCE_MIXTURE,118.0,6.9,20.1,1.1,8.1,4.9,449.0,0.0,"{""carbs_g_100g"": {""label"": ""Verified"", ""source_name"": ""DOST-FNRI PhilFCT"", ""source_record_id"": ""C055"", ""source_url"": ""https://i.fnri.dost.gov.ph/fct/library/report/3265"", ""value_for_portion"": 20.1, ""value_per_100g"": 20.1}, ""cholesterol_mg_100g"": {""label"": ""Verified"", ""source_name"": ""DOST-FNRI PhilFCT"", ""source_record_id"": ""C055"", ""source_url"": ""https://i.fnri.dost.gov.ph/fct/library/report/3265"", ""value_for_portion"": 0.0, ""value_per_100g"": 0.0}, ""fat_g_100g"": {""label"": ""Verified"", ""source_name"": ""DOST-FNRI PhilFCT"", ""source_record_id"": ""C055"", ""source_url"": ""https://i.fnri.dost.gov.ph/fct/library/report/3265"", ""value_for_portion"": 1.1, ""value_per_100g"": 1.1}, ""fiber_g_100g"": {""label"": ""Verified"", ""source_name"": ""DOST-FNRI PhilFCT"", ""source_record_id"": ""C055"", ""source_url"": ""https://i.fnri.dost.gov.ph/fct/library/report/3265"", ""value_for_portion"": 8.1, ""value_per_100g"": 8.1}, ""kcal_100g"": {""label"": ""Verified"", ""source_name"": ""DOST-FNRI PhilFCT"", ""source_record_id"": ""C055"", ""source_url"": ""https://i.fnri.dost.gov.ph/fct/library/report/3265"", ""value_for_portion"": 118.0, ""value_per_100g"": 118.0}, ""protein_g_100g"": {""label"": ""Verified"", ""source_name"": ""DOST-FNRI PhilFCT"", ""source_record_id"": ""C055"", ""source_url"": ""https://i.fnri.dost.gov.ph/fct/library/report/3265"", ""value_for_portion"": 6.9, ""value_per_100g"": 6.9}, ""sodium_mg_100g"": {""label"": ""Verified"", ""source_name"": ""DOST-FNRI PhilFCT"", ""source_record_id"": ""C055"", ""source_url"": ""https://i.fnri.dost.gov.ph/fct/library/report/3265"", ""value_for_portion"": 449.0, ""value_per_100g"": 449.0}, ""sugar_g_100g"": {""label"": ""Verified"", ""source_name"": ""DOST-FNRI PhilFCT"", ""source_record_id"": ""C055"", ""source_url"": ""https://i.fnri.dost.gov.ph/fct/library/report/3265"", ""value_for_portion"": 4.9, ""value_per_100g"": 4.9}}"
EST_WORLD_20260918_008_V1,FC000324,"Carrot, boiled",20,ASSUMED_REFERENCE_MIXTURE,42.0,1.1,8.6,0.4,3.3,3.8,64.0,0.0,"{""carbs_g_100g"": {""label"": ""Verified"", ""source_name"": ""DOST-FNRI PhilFCT"", ""source_record_id"": ""D040"", ""source_url"": ""https://i.fnri.dost.gov.ph/fct/library/report/3319"", ""value_for_portion"": 8.6, ""value_per_100g"": 8.6}, ""cholesterol_mg_100g"": {""label"": ""Verified"", ""source_name"": ""DOST-FNRI PhilFCT"", ""source_record_id"": ""D040"", ""source_url"": ""https://i.fnri.dost.gov.ph/fct/library/report/3319"", ""value_for_portion"": 0.0, ""value_per_100g"": 0.0}, ""fat_g_100g"": {""label"": ""Verified"", ""source_name"": ""DOST-FNRI PhilFCT"", ""source_record_id"": ""D040"", ""source_url"": ""https://i.fnri.dost.gov.ph/fct/library/report/3319"", ""value_for_portion"": 0.4, ""value_per_100g"": 0.4}, ""fiber_g_100g"": {""label"": ""Verified"", ""source_name"": ""DOST-FNRI PhilFCT"", ""source_record_id"": ""D040"", ""source_url"": ""https://i.fnri.dost.gov.ph/fct/library/report/3319"", ""value_for_portion"": 3.3, ""value_per_100g"": 3.3}, ""kcal_100g"": {""label"": ""Verified"", ""source_name"": ""DOST-FNRI PhilFCT"", ""source_record_id"": ""D040"", ""source_url"": ""https://i.fnri.dost.gov.ph/fct/library/report/3319"", ""value_for_portion"": 42.0, ""value_per_100g"": 42.0}, ""protein_g_100g"": {""label"": ""Verified"", ""source_name"": ""DOST-FNRI PhilFCT"", ""source_record_id"": ""D040"", ""source_url"": ""https://i.fnri.dost.gov.ph/fct/library/report/3319"", ""value_for_portion"": 1.1, ""value_per_100g"": 1.1}, ""sodium_mg_100g"": {""label"": ""Verified"", ""source_name"": ""DOST-FNRI PhilFCT"", ""source_record_id"": ""D040"", ""source_url"": ""https://i.fnri.dost.gov.ph/fct/library/report/3319"", ""value_for_portion"": 64.0, ""value_per_100g"": 64.0}, ""sugar_g_100g"": {""label"": ""Verified"", ""source_name"": ""DOST-FNRI PhilFCT"", ""source_record_id"": ""D040"", ""source_url"": ""https://i.fnri.dost.gov.ph/fct/library/report/3319"", ""value_for_portion"": 3.8, ""value_per_100g"": 3.8}}"
EST_WORLD_20260918_008_V1,FC000296,"Onion, spring",5,ASSUMED_REFERENCE_MIXTURE,41.0,1.8,7.2,0.5,2.6,2.3,30.0,0.0,"{""carbs_g_100g"": {""label"": ""Verified"", ""source_name"": ""DOST-FNRI PhilFCT"", ""source_record_id"": ""D147"", ""source_url"": ""https://i.fnri.dost.gov.ph/fct/library/report/3426"", ""value_for_portion"": 7.2, ""value_per_100g"": 7.2}, ""cholesterol_mg_100g"": {""label"": ""Verified"", ""source_name"": ""DOST-FNRI PhilFCT"", ""source_record_id"": ""D147"", ""source_url"": ""https://i.fnri.dost.gov.ph/fct/library/report/3426"", ""value_for_portion"": 0.0, ""value_per_100g"": 0.0}, ""fat_g_100g"": {""label"": ""Verified"", ""source_name"": ""DOST-FNRI PhilFCT"", ""source_record_id"": ""D147"", ""source_url"": ""https://i.fnri.dost.gov.ph/fct/library/report/3426"", ""value_for_portion"": 0.5, ""value_per_100g"": 0.5}, ""fiber_g_100g"": {""label"": ""Verified"", ""source_name"": ""DOST-FNRI PhilFCT"", ""source_record_id"": ""D147"", ""source_url"": ""https://i.fnri.dost.gov.ph/fct/library/report/3426"", ""value_for_portion"": 2.6, ""value_per_100g"": 2.6}, ""kcal_100g"": {""label"": ""Verified"", ""source_name"": ""DOST-FNRI PhilFCT"", ""source_record_id"": ""D147"", ""source_url"": ""https://i.fnri.dost.gov.ph/fct/library/report/3426"", ""value_for_portion"": 41.0, ""value_per_100g"": 41.0}, ""protein_g_100g"": {""label"": ""Verified"", ""source_name"": ""DOST-FNRI PhilFCT"", ""source_record_id"": ""D147"", ""source_url"": ""https://i.fnri.dost.gov.ph/fct/library/report/3426"", ""value_for_portion"": 1.8, ""value_per_100g"": 1.8}, ""sodium_mg_100g"": {""label"": ""Verified"", ""source_name"": ""DOST-FNRI PhilFCT"", ""source_record_id"": ""D147"", ""source_url"": ""https://i.fnri.dost.gov.ph/fct/library/report/3426"", ""value_for_portion"": 30.0, ""value_per_100g"": 30.0}, ""sugar_g_100g"": {""label"": ""Verified"", ""source_name"": ""DOST-FNRI PhilFCT"", ""source_record_id"": ""D147"", ""source_url"": ""https://i.fnri.dost.gov.ph/fct/library/report/3426"", ""value_for_portion"": 2.3, ""value_per_100g"": 2.3}}"
EST_WORLD_20260918_008_V1,FC000099,Soy sauce,12,ASSUMED_REFERENCE_MIXTURE,75.0,3.5,15.0,0.1,1.0,0.5,2041.0,0.0,"{""carbs_g_100g"": {""label"": ""Verified"", ""source_name"": ""DOST-FNRI PhilFCT"", ""source_record_id"": ""N023"", ""source_url"": ""https://i.fnri.dost.gov.ph/fct/library/report/4346"", ""value_for_portion"": 15.0, ""value_per_100g"": 15.0}, ""cholesterol_mg_100g"": {""label"": ""Verified"", ""source_name"": ""DOST-FNRI PhilFCT"", ""source_record_id"": ""N023"", ""source_url"": ""https://i.fnri.dost.gov.ph/fct/library/report/4346"", ""value_for_portion"": 0.0, ""value_per_100g"": 0.0}, ""fat_g_100g"": {""label"": ""Verified"", ""source_name"": ""DOST-FNRI PhilFCT"", ""source_record_id"": ""N023"", ""source_url"": ""https://i.fnri.dost.gov.ph/fct/library/report/4346"", ""value_for_portion"": 0.1, ""value_per_100g"": 0.1}, ""fiber_g_100g"": {""label"": ""Verified"", ""source_name"": ""DOST-FNRI PhilFCT"", ""source_record_id"": ""N023"", ""source_url"": ""https://i.fnri.dost.gov.ph/fct/library/report/4346"", ""value_for_portion"": 1.0, ""value_per_100g"": 1.0}, ""kcal_100g"": {""label"": ""Verified"", ""source_name"": ""DOST-FNRI PhilFCT"", ""source_record_id"": ""N023"", ""source_url"": ""https://i.fnri.dost.gov.ph/fct/library/report/4346"", ""value_for_portion"": 75.0, ""value_per_100g"": 75.0}, ""protein_g_100g"": {""label"": ""Verified"", ""source_name"": ""DOST-FNRI PhilFCT"", ""source_record_id"": ""N023"", ""source_url"": ""https://i.fnri.dost.gov.ph/fct/library/report/4346"", ""value_for_portion"": 3.5, ""value_per_100g"": 3.5}, ""sodium_mg_100g"": {""label"": ""Verified"", ""source_name"": ""DOST-FNRI PhilFCT"", ""source_record_id"": ""N023"", ""source_url"": ""https://i.fnri.dost.gov.ph/fct/library/report/4346"", ""value_for_portion"": 2041.0, ""value_per_100g"": 2041.0}, ""sugar_g_100g"": {""label"": ""Verified"", ""source_name"": ""DOST-FNRI PhilFCT"", ""source_record_id"": ""N023"", ""source_url"": ""https://i.fnri.dost.gov.ph/fct/library/report/4346"", ""value_for_portion"": 0.5, ""value_per_100g"": 0.5}}"
EST_WORLD_20260918_008_V1,FC000642,"Oil, corn",10,ASSUMED_REFERENCE_MIXTURE,896.0,0.0,0.0,99.6,0.0,0.0,0.0,0.0,"{""carbs_g_100g"": {""label"": ""Verified"", ""source_name"": ""DOST-FNRI PhilFCT"", ""source_record_id"": ""K009"", ""source_url"": ""https://i.fnri.dost.gov.ph/fct/library/report/4269"", ""value_for_portion"": 0.0, ""value_per_100g"": 0.0}, ""cholesterol_mg_100g"": {""label"": ""Verified"", ""source_name"": ""DOST-FNRI PhilFCT"", ""source_record_id"": ""K009"", ""source_url"": ""https://i.fnri.dost.gov.ph/fct/library/report/4269"", ""value_for_portion"": 0.0, ""value_per_100g"": 0.0}, ""fat_g_100g"": {""label"": ""Verified"", ""source_name"": ""DOST-FNRI PhilFCT"", ""source_record_id"": ""K009"", ""source_url"": ""https://i.fnri.dost.gov.ph/fct/library/report/4269"", ""value_for_portion"": 99.6, ""value_per_100g"": 99.6}, ""fiber_g_100g"": {""label"": ""Verified"", ""source_name"": ""DOST-FNRI PhilFCT"", ""source_record_id"": ""K009"", ""source_url"": ""https://i.fnri.dost.gov.ph/fct/library/report/4269"", ""value_for_portion"": 0.0, ""value_per_100g"": 0.0}, ""kcal_100g"": {""label"": ""Verified"", ""source_name"": ""DOST-FNRI PhilFCT"", ""source_record_id"": ""K009"", ""source_url"": ""https://i.fnri.dost.gov.ph/fct/library/report/4269"", ""value_for_portion"": 896.0, ""value_per_100g"": 896.0}, ""protein_g_100g"": {""label"": ""Verified"", ""source_name"": ""DOST-FNRI PhilFCT"", ""source_record_id"": ""K009"", ""source_url"": ""https://i.fnri.dost.gov.ph/fct/library/report/4269"", ""value_for_portion"": 0.0, ""value_per_100g"": 0.0}, ""sodium_mg_100g"": {""label"": ""Verified"", ""source_name"": ""DOST-FNRI PhilFCT"", ""source_record_id"": ""K009"", ""source_url"": ""https://i.fnri.dost.gov.ph/fct/library/report/4269"", ""value_for_portion"": 0.0, ""value_per_100g"": 0.0}, ""sugar_g_100g"": {""label"": ""Verified"", ""source_name"": ""DOST-FNRI PhilFCT"", ""source_record_id"": ""K009"", ""source_url"": ""https://i.fnri.dost.gov.ph/fct/library/report/4269"", ""value_for_portion"": 0.0, ""value_per_100g"": 0.0}}"
EST_WORLD_20260918_009_V1,FC000382,"Chicken, white meat, boiled",150,ASSUMED_REFERENCE_MIXTURE,173.0,32.9,0.0,4.6,0.0,0.0,81.0,,"{""carbs_g_100g"": {""label"": ""Verified"", ""source_name"": ""DOST-FNRI PhilFCT"", ""source_record_id"": ""F111"", ""source_url"": ""https://i.fnri.dost.gov.ph/fct/library/report/3818"", ""value_for_portion"": 0.0, ""value_per_100g"": 0.0}, ""cholesterol_mg_100g"": {""label"": ""Unknown"", ""source_name"": null, ""source_record_id"": null, ""source_url"": null, ""value_for_portion"": null, ""value_per_100g"": null}, ""fat_g_100g"": {""label"": ""Verified"", ""source_name"": ""DOST-FNRI PhilFCT"", ""source_record_id"": ""F111"", ""source_url"": ""https://i.fnri.dost.gov.ph/fct/library/report/3818"", ""value_for_portion"": 4.6, ""value_per_100g"": 4.6}, ""fiber_g_100g"": {""label"": ""Verified"", ""source_name"": ""DOST-FNRI PhilFCT"", ""source_record_id"": ""F111"", ""source_url"": ""https://i.fnri.dost.gov.ph/fct/library/report/3818"", ""value_for_portion"": 0.0, ""value_per_100g"": 0.0}, ""kcal_100g"": {""label"": ""Verified"", ""source_name"": ""DOST-FNRI PhilFCT"", ""source_record_id"": ""F111"", ""source_url"": ""https://i.fnri.dost.gov.ph/fct/library/report/3818"", ""value_for_portion"": 173.0, ""value_per_100g"": 173.0}, ""protein_g_100g"": {""label"": ""Verified"", ""source_name"": ""DOST-FNRI PhilFCT"", ""source_record_id"": ""F111"", ""source_url"": ""https://i.fnri.dost.gov.ph/fct/library/report/3818"", ""value_for_portion"": 32.9, ""value_per_100g"": 32.9}, ""sodium_mg_100g"": {""label"": ""Verified"", ""source_name"": ""DOST-FNRI PhilFCT"", ""source_record_id"": ""F111"", ""source_url"": ""https://i.fnri.dost.gov.ph/fct/library/report/3818"", ""value_for_portion"": 81.0, ""value_per_100g"": 81.0}, ""sugar_g_100g"": {""label"": ""Verified"", ""source_name"": ""DOST-FNRI PhilFCT"", ""source_record_id"": ""F111"", ""source_url"": ""https://i.fnri.dost.gov.ph/fct/library/report/3818"", ""value_for_portion"": 0.0, ""value_per_100g"": 0.0}}"
EST_WORLD_20260918_009_V1,FC000617,Tomato sauce,80,ASSUMED_REFERENCE_MIXTURE,45.0,0.9,10.0,0.2,2.1,4.9,658.0,0.0,"{""carbs_g_100g"": {""label"": ""Verified"", ""source_name"": ""DOST-FNRI PhilFCT"", ""source_record_id"": ""N025"", ""source_url"": ""https://i.fnri.dost.gov.ph/fct/library/report/4348"", ""value_for_portion"": 10.0, ""value_per_100g"": 10.0}, ""cholesterol_mg_100g"": {""label"": ""Verified"", ""source_name"": ""DOST-FNRI PhilFCT"", ""source_record_id"": ""N025"", ""source_url"": ""https://i.fnri.dost.gov.ph/fct/library/report/4348"", ""value_for_portion"": 0.0, ""value_per_100g"": 0.0}, ""fat_g_100g"": {""label"": ""Verified"", ""source_name"": ""DOST-FNRI PhilFCT"", ""source_record_id"": ""N025"", ""source_url"": ""https://i.fnri.dost.gov.ph/fct/library/report/4348"", ""value_for_portion"": 0.2, ""value_per_100g"": 0.2}, ""fiber_g_100g"": {""label"": ""Verified"", ""source_name"": ""DOST-FNRI PhilFCT"", ""source_record_id"": ""N025"", ""source_url"": ""https://i.fnri.dost.gov.ph/fct/library/report/4348"", ""value_for_portion"": 2.1, ""value_per_100g"": 2.1}, ""kcal_100g"": {""label"": ""Verified"", ""source_name"": ""DOST-FNRI PhilFCT"", ""source_record_id"": ""N025"", ""source_url"": ""https://i.fnri.dost.gov.ph/fct/library/report/4348"", ""value_for_portion"": 45.0, ""value_per_100g"": 45.0}, ""protein_g_100g"": {""label"": ""Verified"", ""source_name"": ""DOST-FNRI PhilFCT"", ""source_record_id"": ""N025"", ""source_url"": ""https://i.fnri.dost.gov.ph/fct/library/report/4348"", ""value_for_portion"": 0.9, ""value_per_100g"": 0.9}, ""sodium_mg_100g"": {""label"": ""Verified"", ""source_name"": ""DOST-FNRI PhilFCT"", ""source_record_id"": ""N025"", ""source_url"": ""https://i.fnri.dost.gov.ph/fct/library/report/4348"", ""value_for_portion"": 658.0, ""value_per_100g"": 658.0}, ""sugar_g_100g"": {""label"": ""Verified"", ""source_name"": ""DOST-FNRI PhilFCT"", ""source_record_id"": ""N025"", ""source_url"": ""https://i.fnri.dost.gov.ph/fct/library/report/4348"", ""value_for_portion"": 4.9, ""value_per_100g"": 4.9}}"
EST_WORLD_20260918_009_V1,FC000599,Cream,45,ASSUMED_REFERENCE_MIXTURE,241.0,2.3,4.2,23.9,0.0,3.0,39.0,,"{""carbs_g_100g"": {""label"": ""Verified"", ""source_name"": ""DOST-FNRI PhilFCT"", ""source_record_id"": ""J007"", ""source_url"": ""https://i.fnri.dost.gov.ph/fct/library/report/4241"", ""value_for_portion"": 4.2, ""value_per_100g"": 4.2}, ""cholesterol_mg_100g"": {""label"": ""Unknown"", ""source_name"": null, ""source_record_id"": null, ""source_url"": null, ""value_for_portion"": null, ""value_per_100g"": null}, ""fat_g_100g"": {""label"": ""Verified"", ""source_name"": ""DOST-FNRI PhilFCT"", ""source_record_id"": ""J007"", ""source_url"": ""https://i.fnri.dost.gov.ph/fct/library/report/4241"", ""value_for_portion"": 23.9, ""value_per_100g"": 23.9}, ""fiber_g_100g"": {""label"": ""Verified"", ""source_name"": ""DOST-FNRI PhilFCT"", ""source_record_id"": ""J007"", ""source_url"": ""https://i.fnri.dost.gov.ph/fct/library/report/4241"", ""value_for_portion"": 0.0, ""value_per_100g"": 0.0}, ""kcal_100g"": {""label"": ""Verified"", ""source_name"": ""DOST-FNRI PhilFCT"", ""source_record_id"": ""J007"", ""source_url"": ""https://i.fnri.dost.gov.ph/fct/library/report/4241"", ""value_for_portion"": 241.0, ""value_per_100g"": 241.0}, ""protein_g_100g"": {""label"": ""Verified"", ""source_name"": ""DOST-FNRI PhilFCT"", ""source_record_id"": ""J007"", ""source_url"": ""https://i.fnri.dost.gov.ph/fct/library/report/4241"", ""value_for_portion"": 2.3, ""value_per_100g"": 2.3}, ""sodium_mg_100g"": {""label"": ""Verified"", ""source_name"": ""DOST-FNRI PhilFCT"", ""source_record_id"": ""J007"", ""source_url"": ""https://i.fnri.dost.gov.ph/fct/library/report/4241"", ""value_for_portion"": 39.0, ""value_per_100g"": 39.0}, ""sugar_g_100g"": {""label"": ""Verified"", ""source_name"": ""DOST-FNRI PhilFCT"", ""source_record_id"": ""J007"", ""source_url"": ""https://i.fnri.dost.gov.ph/fct/library/report/4241"", ""value_for_portion"": 3.0, ""value_per_100g"": 3.0}}"
EST_WORLD_20260918_009_V1,FC000096,Butter,18,ASSUMED_REFERENCE_MIXTURE,772.0,0.5,0.0,85.5,0.0,0.0,550.0,227.0,"{""carbs_g_100g"": {""label"": ""Verified"", ""source_name"": ""DOST-FNRI PhilFCT"", ""source_record_id"": ""K001"", ""source_url"": ""https://i.fnri.dost.gov.ph/fct/library/report/4261"", ""value_for_portion"": 0.0, ""value_per_100g"": 0.0}, ""cholesterol_mg_100g"": {""label"": ""Verified"", ""source_name"": ""DOST-FNRI PhilFCT"", ""source_record_id"": ""K001"", ""source_url"": ""https://i.fnri.dost.gov.ph/fct/library/report/4261"", ""value_for_portion"": 227.0, ""value_per_100g"": 227.0}, ""fat_g_100g"": {""label"": ""Verified"", ""source_name"": ""DOST-FNRI PhilFCT"", ""source_record_id"": ""K001"", ""source_url"": ""https://i.fnri.dost.gov.ph/fct/library/report/4261"", ""value_for_portion"": 85.5, ""value_per_100g"": 85.5}, ""fiber_g_100g"": {""label"": ""Verified"", ""source_name"": ""DOST-FNRI PhilFCT"", ""source_record_id"": ""K001"", ""source_url"": ""https://i.fnri.dost.gov.ph/fct/library/report/4261"", ""value_for_portion"": 0.0, ""value_per_100g"": 0.0}, ""kcal_100g"": {""label"": ""Verified"", ""source_name"": ""DOST-FNRI PhilFCT"", ""source_record_id"": ""K001"", ""source_url"": ""https://i.fnri.dost.gov.ph/fct/library/report/4261"", ""value_for_portion"": 772.0, ""value_per_100g"": 772.0}, ""protein_g_100g"": {""label"": ""Verified"", ""source_name"": ""DOST-FNRI PhilFCT"", ""source_record_id"": ""K001"", ""source_url"": ""https://i.fnri.dost.gov.ph/fct/library/report/4261"", ""value_for_portion"": 0.5, ""value_per_100g"": 0.5}, ""sodium_mg_100g"": {""label"": ""Verified"", ""source_name"": ""DOST-FNRI PhilFCT"", ""source_record_id"": ""K001"", ""source_url"": ""https://i.fnri.dost.gov.ph/fct/library/report/4261"", ""value_for_portion"": 550.0, ""value_per_100g"": 550.0}, ""sugar_g_100g"": {""label"": ""Verified"", ""source_name"": ""DOST-FNRI PhilFCT"", ""source_record_id"": ""K001"", ""source_url"": ""https://i.fnri.dost.gov.ph/fct/library/report/4261"", ""value_for_portion"": 0.0, ""value_per_100g"": 0.0}}"
EST_WORLD_20260918_009_V1,FC000333,"Onion, Bombay bulb, boiled",20,ASSUMED_REFERENCE_MIXTURE,47.0,1.2,9.7,0.4,1.3,4.6,3.0,0.0,"{""carbs_g_100g"": {""label"": ""Verified"", ""source_name"": ""DOST-FNRI PhilFCT"", ""source_record_id"": ""D142"", ""source_url"": ""https://i.fnri.dost.gov.ph/fct/library/report/3421"", ""value_for_portion"": 9.7, ""value_per_100g"": 9.7}, ""cholesterol_mg_100g"": {""label"": ""Verified"", ""source_name"": ""DOST-FNRI PhilFCT"", ""source_record_id"": ""D142"", ""source_url"": ""https://i.fnri.dost.gov.ph/fct/library/report/3421"", ""value_for_portion"": 0.0, ""value_per_100g"": 0.0}, ""fat_g_100g"": {""label"": ""Verified"", ""source_name"": ""DOST-FNRI PhilFCT"", ""source_record_id"": ""D142"", ""source_url"": ""https://i.fnri.dost.gov.ph/fct/library/report/3421"", ""value_for_portion"": 0.4, ""value_per_100g"": 0.4}, ""fiber_g_100g"": {""label"": ""Verified"", ""source_name"": ""DOST-FNRI PhilFCT"", ""source_record_id"": ""D142"", ""source_url"": ""https://i.fnri.dost.gov.ph/fct/library/report/3421"", ""value_for_portion"": 1.3, ""value_per_100g"": 1.3}, ""kcal_100g"": {""label"": ""Verified"", ""source_name"": ""DOST-FNRI PhilFCT"", ""source_record_id"": ""D142"", ""source_url"": ""https://i.fnri.dost.gov.ph/fct/library/report/3421"", ""value_for_portion"": 47.0, ""value_per_100g"": 47.0}, ""protein_g_100g"": {""label"": ""Verified"", ""source_name"": ""DOST-FNRI PhilFCT"", ""source_record_id"": ""D142"", ""source_url"": ""https://i.fnri.dost.gov.ph/fct/library/report/3421"", ""value_for_portion"": 1.2, ""value_per_100g"": 1.2}, ""sodium_mg_100g"": {""label"": ""Verified"", ""source_name"": ""DOST-FNRI PhilFCT"", ""source_record_id"": ""D142"", ""source_url"": ""https://i.fnri.dost.gov.ph/fct/library/report/3421"", ""value_for_portion"": 3.0, ""value_per_100g"": 3.0}, ""sugar_g_100g"": {""label"": ""Verified"", ""source_name"": ""DOST-FNRI PhilFCT"", ""source_record_id"": ""D142"", ""source_url"": ""https://i.fnri.dost.gov.ph/fct/library/report/3421"", ""value_for_portion"": 4.6, ""value_per_100g"": 4.6}}"
EST_WORLD_20260918_009_V1,FC001783,"Spices, curry powder",4,ASSUMED_REFERENCE_MIXTURE,325.0,14.29,55.83,14.01,53.2,2.76,52.0,0.0,"{""carbs_g_100g"": {""label"": ""Other source"", ""source_name"": ""USDA FoodData Central SR Legacy"", ""source_record_id"": ""USDA_FC001783_170924"", ""source_url"": ""https://fdc.nal.usda.gov/food-details/170924/nutrients"", ""value_for_portion"": 55.83, ""value_per_100g"": 55.83}, ""cholesterol_mg_100g"": {""label"": ""Other source"", ""source_name"": ""USDA FoodData Central SR Legacy"", ""source_record_id"": ""USDA_FC001783_170924"", ""source_url"": ""https://fdc.nal.usda.gov/food-details/170924/nutrients"", ""value_for_portion"": 0.0, ""value_per_100g"": 0.0}, ""fat_g_100g"": {""label"": ""Other source"", ""source_name"": ""USDA FoodData Central SR Legacy"", ""source_record_id"": ""USDA_FC001783_170924"", ""source_url"": ""https://fdc.nal.usda.gov/food-details/170924/nutrients"", ""value_for_portion"": 14.01, ""value_per_100g"": 14.01}, ""fiber_g_100g"": {""label"": ""Other source"", ""source_name"": ""USDA FoodData Central SR Legacy"", ""source_record_id"": ""USDA_FC001783_170924"", ""source_url"": ""https://fdc.nal.usda.gov/food-details/170924/nutrients"", ""value_for_portion"": 53.2, ""value_per_100g"": 53.2}, ""kcal_100g"": {""label"": ""Other source"", ""source_name"": ""USDA FoodData Central SR Legacy"", ""source_record_id"": ""USDA_FC001783_170924"", ""source_url"": ""https://fdc.nal.usda.gov/food-details/170924/nutrients"", ""value_for_portion"": 325.0, ""value_per_100g"": 325.0}, ""protein_g_100g"": {""label"": ""Other source"", ""source_name"": ""USDA FoodData Central SR Legacy"", ""source_record_id"": ""USDA_FC001783_170924"", ""source_url"": ""https://fdc.nal.usda.gov/food-details/170924/nutrients"", ""value_for_portion"": 14.29, ""value_per_100g"": 14.29}, ""sodium_mg_100g"": {""label"": ""Other source"", ""source_name"": ""USDA FoodData Central SR Legacy"", ""source_record_id"": ""USDA_FC001783_170924"", ""source_url"": ""https://fdc.nal.usda.gov/food-details/170924/nutrients"", ""value_for_portion"": 52.0, ""value_per_100g"": 52.0}, ""sugar_g_100g"": {""label"": ""Other source"", ""source_name"": ""USDA FoodData Central SR Legacy"", ""source_record_id"": ""USDA_FC001783_170924"", ""source_url"": ""https://fdc.nal.usda.gov/food-details/170924/nutrients"", ""value_for_portion"": 2.76, ""value_per_100g"": 2.76}}"
EST_WORLD_20260918_009_V1,FC000612,"Salt, coarse",1,ASSUMED_REFERENCE_MIXTURE,0.0,0.0,0.0,0.0,0.0,0.0,34836.0,0.0,"{""carbs_g_100g"": {""label"": ""Verified"", ""source_name"": ""DOST-FNRI PhilFCT"", ""source_record_id"": ""N019"", ""source_url"": ""https://i.fnri.dost.gov.ph/fct/library/report/4342"", ""value_for_portion"": 0.0, ""value_per_100g"": 0.0}, ""cholesterol_mg_100g"": {""label"": ""Verified"", ""source_name"": ""DOST-FNRI PhilFCT"", ""source_record_id"": ""N019"", ""source_url"": ""https://i.fnri.dost.gov.ph/fct/library/report/4342"", ""value_for_portion"": 0.0, ""value_per_100g"": 0.0}, ""fat_g_100g"": {""label"": ""Verified"", ""source_name"": ""DOST-FNRI PhilFCT"", ""source_record_id"": ""N019"", ""source_url"": ""https://i.fnri.dost.gov.ph/fct/library/report/4342"", ""value_for_portion"": 0.0, ""value_per_100g"": 0.0}, ""fiber_g_100g"": {""label"": ""Verified"", ""source_name"": ""DOST-FNRI PhilFCT"", ""source_record_id"": ""N019"", ""source_url"": ""https://i.fnri.dost.gov.ph/fct/library/report/4342"", ""value_for_portion"": 0.0, ""value_per_100g"": 0.0}, ""kcal_100g"": {""label"": ""Verified"", ""source_name"": ""DOST-FNRI PhilFCT"", ""source_record_id"": ""N019"", ""source_url"": ""https://i.fnri.dost.gov.ph/fct/library/report/4342"", ""value_for_portion"": 0.0, ""value_per_100g"": 0.0}, ""protein_g_100g"": {""label"": ""Verified"", ""source_name"": ""DOST-FNRI PhilFCT"", ""source_record_id"": ""N019"", ""source_url"": ""https://i.fnri.dost.gov.ph/fct/library/report/4342"", ""value_for_portion"": 0.0, ""value_per_100g"": 0.0}, ""sodium_mg_100g"": {""label"": ""Verified"", ""source_name"": ""DOST-FNRI PhilFCT"", ""source_record_id"": ""N019"", ""source_url"": ""https://i.fnri.dost.gov.ph/fct/library/report/4342"", ""value_for_portion"": 34836.0, ""value_per_100g"": 34836.0}, ""sugar_g_100g"": {""label"": ""Verified"", ""source_name"": ""DOST-FNRI PhilFCT"", ""source_record_id"": ""N019"", ""source_url"": ""https://i.fnri.dost.gov.ph/fct/library/report/4342"", ""value_for_portion"": 0.0, ""value_per_100g"": 0.0}}"
EST_WORLD_20260918_010_V1,FC000001,"Rice, well-milled, boiled",220,ASSUMED_REFERENCE_MIXTURE,129.0,2.1,29.7,0.2,0.4,0.1,3.0,0.0,"{""carbs_g_100g"": {""label"": ""Verified"", ""source_name"": ""DOST-FNRI PhilFCT"", ""source_record_id"": ""A020"", ""source_url"": ""https://i.fnri.dost.gov.ph/fct/library/report/2982"", ""value_for_portion"": 29.7, ""value_per_100g"": 29.7}, ""cholesterol_mg_100g"": {""label"": ""Verified"", ""source_name"": ""DOST-FNRI PhilFCT"", ""source_record_id"": ""A020"", ""source_url"": ""https://i.fnri.dost.gov.ph/fct/library/report/2982"", ""value_for_portion"": 0.0, ""value_per_100g"": 0.0}, ""fat_g_100g"": {""label"": ""Verified"", ""source_name"": ""DOST-FNRI PhilFCT"", ""source_record_id"": ""A020"", ""source_url"": ""https://i.fnri.dost.gov.ph/fct/library/report/2982"", ""value_for_portion"": 0.2, ""value_per_100g"": 0.2}, ""fiber_g_100g"": {""label"": ""Verified"", ""source_name"": ""DOST-FNRI PhilFCT"", ""source_record_id"": ""A020"", ""source_url"": ""https://i.fnri.dost.gov.ph/fct/library/report/2982"", ""value_for_portion"": 0.4, ""value_per_100g"": 0.4}, ""kcal_100g"": {""label"": ""Verified"", ""source_name"": ""DOST-FNRI PhilFCT"", ""source_record_id"": ""A020"", ""source_url"": ""https://i.fnri.dost.gov.ph/fct/library/report/2982"", ""value_for_portion"": 129.0, ""value_per_100g"": 129.0}, ""protein_g_100g"": {""label"": ""Verified"", ""source_name"": ""DOST-FNRI PhilFCT"", ""source_record_id"": ""A020"", ""source_url"": ""https://i.fnri.dost.gov.ph/fct/library/report/2982"", ""value_for_portion"": 2.1, ""value_per_100g"": 2.1}, ""sodium_mg_100g"": {""label"": ""Verified"", ""source_name"": ""DOST-FNRI PhilFCT"", ""source_record_id"": ""A020"", ""source_url"": ""https://i.fnri.dost.gov.ph/fct/library/report/2982"", ""value_for_portion"": 3.0, ""value_per_100g"": 3.0}, ""sugar_g_100g"": {""label"": ""Verified"", ""source_name"": ""DOST-FNRI PhilFCT"", ""source_record_id"": ""A020"", ""source_url"": ""https://i.fnri.dost.gov.ph/fct/library/report/2982"", ""value_for_portion"": 0.1, ""value_per_100g"": 0.1}}"
EST_WORLD_20260918_010_V1,FC000382,"Chicken, white meat, boiled",120,ASSUMED_REFERENCE_MIXTURE,173.0,32.9,0.0,4.6,0.0,0.0,81.0,,"{""carbs_g_100g"": {""label"": ""Verified"", ""source_name"": ""DOST-FNRI PhilFCT"", ""source_record_id"": ""F111"", ""source_url"": ""https://i.fnri.dost.gov.ph/fct/library/report/3818"", ""value_for_portion"": 0.0, ""value_per_100g"": 0.0}, ""cholesterol_mg_100g"": {""label"": ""Unknown"", ""source_name"": null, ""source_record_id"": null, ""source_url"": null, ""value_for_portion"": null, ""value_per_100g"": null}, ""fat_g_100g"": {""label"": ""Verified"", ""source_name"": ""DOST-FNRI PhilFCT"", ""source_record_id"": ""F111"", ""source_url"": ""https://i.fnri.dost.gov.ph/fct/library/report/3818"", ""value_for_portion"": 4.6, ""value_per_100g"": 4.6}, ""fiber_g_100g"": {""label"": ""Verified"", ""source_name"": ""DOST-FNRI PhilFCT"", ""source_record_id"": ""F111"", ""source_url"": ""https://i.fnri.dost.gov.ph/fct/library/report/3818"", ""value_for_portion"": 0.0, ""value_per_100g"": 0.0}, ""kcal_100g"": {""label"": ""Verified"", ""source_name"": ""DOST-FNRI PhilFCT"", ""source_record_id"": ""F111"", ""source_url"": ""https://i.fnri.dost.gov.ph/fct/library/report/3818"", ""value_for_portion"": 173.0, ""value_per_100g"": 173.0}, ""protein_g_100g"": {""label"": ""Verified"", ""source_name"": ""DOST-FNRI PhilFCT"", ""source_record_id"": ""F111"", ""source_url"": ""https://i.fnri.dost.gov.ph/fct/library/report/3818"", ""value_for_portion"": 32.9, ""value_per_100g"": 32.9}, ""sodium_mg_100g"": {""label"": ""Verified"", ""source_name"": ""DOST-FNRI PhilFCT"", ""source_record_id"": ""F111"", ""source_url"": ""https://i.fnri.dost.gov.ph/fct/library/report/3818"", ""value_for_portion"": 81.0, ""value_per_100g"": 81.0}, ""sugar_g_100g"": {""label"": ""Verified"", ""source_name"": ""DOST-FNRI PhilFCT"", ""source_record_id"": ""F111"", ""source_url"": ""https://i.fnri.dost.gov.ph/fct/library/report/3818"", ""value_for_portion"": 0.0, ""value_per_100g"": 0.0}}"
EST_WORLD_20260918_010_V1,FC000333,"Onion, Bombay bulb, boiled",35,ASSUMED_REFERENCE_MIXTURE,47.0,1.2,9.7,0.4,1.3,4.6,3.0,0.0,"{""carbs_g_100g"": {""label"": ""Verified"", ""source_name"": ""DOST-FNRI PhilFCT"", ""source_record_id"": ""D142"", ""source_url"": ""https://i.fnri.dost.gov.ph/fct/library/report/3421"", ""value_for_portion"": 9.7, ""value_per_100g"": 9.7}, ""cholesterol_mg_100g"": {""label"": ""Verified"", ""source_name"": ""DOST-FNRI PhilFCT"", ""source_record_id"": ""D142"", ""source_url"": ""https://i.fnri.dost.gov.ph/fct/library/report/3421"", ""value_for_portion"": 0.0, ""value_per_100g"": 0.0}, ""fat_g_100g"": {""label"": ""Verified"", ""source_name"": ""DOST-FNRI PhilFCT"", ""source_record_id"": ""D142"", ""source_url"": ""https://i.fnri.dost.gov.ph/fct/library/report/3421"", ""value_for_portion"": 0.4, ""value_per_100g"": 0.4}, ""fiber_g_100g"": {""label"": ""Verified"", ""source_name"": ""DOST-FNRI PhilFCT"", ""source_record_id"": ""D142"", ""source_url"": ""https://i.fnri.dost.gov.ph/fct/library/report/3421"", ""value_for_portion"": 1.3, ""value_per_100g"": 1.3}, ""kcal_100g"": {""label"": ""Verified"", ""source_name"": ""DOST-FNRI PhilFCT"", ""source_record_id"": ""D142"", ""source_url"": ""https://i.fnri.dost.gov.ph/fct/library/report/3421"", ""value_for_portion"": 47.0, ""value_per_100g"": 47.0}, ""protein_g_100g"": {""label"": ""Verified"", ""source_name"": ""DOST-FNRI PhilFCT"", ""source_record_id"": ""D142"", ""source_url"": ""https://i.fnri.dost.gov.ph/fct/library/report/3421"", ""value_for_portion"": 1.2, ""value_per_100g"": 1.2}, ""sodium_mg_100g"": {""label"": ""Verified"", ""source_name"": ""DOST-FNRI PhilFCT"", ""source_record_id"": ""D142"", ""source_url"": ""https://i.fnri.dost.gov.ph/fct/library/report/3421"", ""value_for_portion"": 3.0, ""value_per_100g"": 3.0}, ""sugar_g_100g"": {""label"": ""Verified"", ""source_name"": ""DOST-FNRI PhilFCT"", ""source_record_id"": ""D142"", ""source_url"": ""https://i.fnri.dost.gov.ph/fct/library/report/3421"", ""value_for_portion"": 4.6, ""value_per_100g"": 4.6}}"
EST_WORLD_20260918_010_V1,FC000096,Butter,15,ASSUMED_REFERENCE_MIXTURE,772.0,0.5,0.0,85.5,0.0,0.0,550.0,227.0,"{""carbs_g_100g"": {""label"": ""Verified"", ""source_name"": ""DOST-FNRI PhilFCT"", ""source_record_id"": ""K001"", ""source_url"": ""https://i.fnri.dost.gov.ph/fct/library/report/4261"", ""value_for_portion"": 0.0, ""value_per_100g"": 0.0}, ""cholesterol_mg_100g"": {""label"": ""Verified"", ""source_name"": ""DOST-FNRI PhilFCT"", ""source_record_id"": ""K001"", ""source_url"": ""https://i.fnri.dost.gov.ph/fct/library/report/4261"", ""value_for_portion"": 227.0, ""value_per_100g"": 227.0}, ""fat_g_100g"": {""label"": ""Verified"", ""source_name"": ""DOST-FNRI PhilFCT"", ""source_record_id"": ""K001"", ""source_url"": ""https://i.fnri.dost.gov.ph/fct/library/report/4261"", ""value_for_portion"": 85.5, ""value_per_100g"": 85.5}, ""fiber_g_100g"": {""label"": ""Verified"", ""source_name"": ""DOST-FNRI PhilFCT"", ""source_record_id"": ""K001"", ""source_url"": ""https://i.fnri.dost.gov.ph/fct/library/report/4261"", ""value_for_portion"": 0.0, ""value_per_100g"": 0.0}, ""kcal_100g"": {""label"": ""Verified"", ""source_name"": ""DOST-FNRI PhilFCT"", ""source_record_id"": ""K001"", ""source_url"": ""https://i.fnri.dost.gov.ph/fct/library/report/4261"", ""value_for_portion"": 772.0, ""value_per_100g"": 772.0}, ""protein_g_100g"": {""label"": ""Verified"", ""source_name"": ""DOST-FNRI PhilFCT"", ""source_record_id"": ""K001"", ""source_url"": ""https://i.fnri.dost.gov.ph/fct/library/report/4261"", ""value_for_portion"": 0.5, ""value_per_100g"": 0.5}, ""sodium_mg_100g"": {""label"": ""Verified"", ""source_name"": ""DOST-FNRI PhilFCT"", ""source_record_id"": ""K001"", ""source_url"": ""https://i.fnri.dost.gov.ph/fct/library/report/4261"", ""value_for_portion"": 550.0, ""value_per_100g"": 550.0}, ""sugar_g_100g"": {""label"": ""Verified"", ""source_name"": ""DOST-FNRI PhilFCT"", ""source_record_id"": ""K001"", ""source_url"": ""https://i.fnri.dost.gov.ph/fct/library/report/4261"", ""value_for_portion"": 0.0, ""value_per_100g"": 0.0}}"
EST_WORLD_20260918_010_V1,FC001783,"Spices, curry powder",4,ASSUMED_REFERENCE_MIXTURE,325.0,14.29,55.83,14.01,53.2,2.76,52.0,0.0,"{""carbs_g_100g"": {""label"": ""Other source"", ""source_name"": ""USDA FoodData Central SR Legacy"", ""source_record_id"": ""USDA_FC001783_170924"", ""source_url"": ""https://fdc.nal.usda.gov/food-details/170924/nutrients"", ""value_for_portion"": 55.83, ""value_per_100g"": 55.83}, ""cholesterol_mg_100g"": {""label"": ""Other source"", ""source_name"": ""USDA FoodData Central SR Legacy"", ""source_record_id"": ""USDA_FC001783_170924"", ""source_url"": ""https://fdc.nal.usda.gov/food-details/170924/nutrients"", ""value_for_portion"": 0.0, ""value_per_100g"": 0.0}, ""fat_g_100g"": {""label"": ""Other source"", ""source_name"": ""USDA FoodData Central SR Legacy"", ""source_record_id"": ""USDA_FC001783_170924"", ""source_url"": ""https://fdc.nal.usda.gov/food-details/170924/nutrients"", ""value_for_portion"": 14.01, ""value_per_100g"": 14.01}, ""fiber_g_100g"": {""label"": ""Other source"", ""source_name"": ""USDA FoodData Central SR Legacy"", ""source_record_id"": ""USDA_FC001783_170924"", ""source_url"": ""https://fdc.nal.usda.gov/food-details/170924/nutrients"", ""value_for_portion"": 53.2, ""value_per_100g"": 53.2}, ""kcal_100g"": {""label"": ""Other source"", ""source_name"": ""USDA FoodData Central SR Legacy"", ""source_record_id"": ""USDA_FC001783_170924"", ""source_url"": ""https://fdc.nal.usda.gov/food-details/170924/nutrients"", ""value_for_portion"": 325.0, ""value_per_100g"": 325.0}, ""protein_g_100g"": {""label"": ""Other source"", ""source_name"": ""USDA FoodData Central SR Legacy"", ""source_record_id"": ""USDA_FC001783_170924"", ""source_url"": ""https://fdc.nal.usda.gov/food-details/170924/nutrients"", ""value_for_portion"": 14.29, ""value_per_100g"": 14.29}, ""sodium_mg_100g"": {""label"": ""Other source"", ""source_name"": ""USDA FoodData Central SR Legacy"", ""source_record_id"": ""USDA_FC001783_170924"", ""source_url"": ""https://fdc.nal.usda.gov/food-details/170924/nutrients"", ""value_for_portion"": 52.0, ""value_per_100g"": 52.0}, ""sugar_g_100g"": {""label"": ""Other source"", ""source_name"": ""USDA FoodData Central SR Legacy"", ""source_record_id"": ""USDA_FC001783_170924"", ""source_url"": ""https://fdc.nal.usda.gov/food-details/170924/nutrients"", ""value_for_portion"": 2.76, ""value_per_100g"": 2.76}}"
EST_WORLD_20260918_010_V1,FC000612,"Salt, coarse",1,ASSUMED_REFERENCE_MIXTURE,0.0,0.0,0.0,0.0,0.0,0.0,34836.0,0.0,"{""carbs_g_100g"": {""label"": ""Verified"", ""source_name"": ""DOST-FNRI PhilFCT"", ""source_record_id"": ""N019"", ""source_url"": ""https://i.fnri.dost.gov.ph/fct/library/report/4342"", ""value_for_portion"": 0.0, ""value_per_100g"": 0.0}, ""cholesterol_mg_100g"": {""label"": ""Verified"", ""source_name"": ""DOST-FNRI PhilFCT"", ""source_record_id"": ""N019"", ""source_url"": ""https://i.fnri.dost.gov.ph/fct/library/report/4342"", ""value_for_portion"": 0.0, ""value_per_100g"": 0.0}, ""fat_g_100g"": {""label"": ""Verified"", ""source_name"": ""DOST-FNRI PhilFCT"", ""source_record_id"": ""N019"", ""source_url"": ""https://i.fnri.dost.gov.ph/fct/library/report/4342"", ""value_for_portion"": 0.0, ""value_per_100g"": 0.0}, ""fiber_g_100g"": {""label"": ""Verified"", ""source_name"": ""DOST-FNRI PhilFCT"", ""source_record_id"": ""N019"", ""source_url"": ""https://i.fnri.dost.gov.ph/fct/library/report/4342"", ""value_for_portion"": 0.0, ""value_per_100g"": 0.0}, ""kcal_100g"": {""label"": ""Verified"", ""source_name"": ""DOST-FNRI PhilFCT"", ""source_record_id"": ""N019"", ""source_url"": ""https://i.fnri.dost.gov.ph/fct/library/report/4342"", ""value_for_portion"": 0.0, ""value_per_100g"": 0.0}, ""protein_g_100g"": {""label"": ""Verified"", ""source_name"": ""DOST-FNRI PhilFCT"", ""source_record_id"": ""N019"", ""source_url"": ""https://i.fnri.dost.gov.ph/fct/library/report/4342"", ""value_for_portion"": 0.0, ""value_per_100g"": 0.0}, ""sodium_mg_100g"": {""label"": ""Verified"", ""source_name"": ""DOST-FNRI PhilFCT"", ""source_record_id"": ""N019"", ""source_url"": ""https://i.fnri.dost.gov.ph/fct/library/report/4342"", ""value_for_portion"": 34836.0, ""value_per_100g"": 34836.0}, ""sugar_g_100g"": {""label"": ""Verified"", ""source_name"": ""DOST-FNRI PhilFCT"", ""source_record_id"": ""N019"", ""source_url"": ""https://i.fnri.dost.gov.ph/fct/library/report/4342"", ""value_for_portion"": 0.0, ""value_per_100g"": 0.0}}"
EST_WORLD_20260918_011_V1,FC000001,"Rice, well-milled, boiled",220,ASSUMED_REFERENCE_MIXTURE,129.0,2.1,29.7,0.2,0.4,0.1,3.0,0.0,"{""carbs_g_100g"": {""label"": ""Verified"", ""source_name"": ""DOST-FNRI PhilFCT"", ""source_record_id"": ""A020"", ""source_url"": ""https://i.fnri.dost.gov.ph/fct/library/report/2982"", ""value_for_portion"": 29.7, ""value_per_100g"": 29.7}, ""cholesterol_mg_100g"": {""label"": ""Verified"", ""source_name"": ""DOST-FNRI PhilFCT"", ""source_record_id"": ""A020"", ""source_url"": ""https://i.fnri.dost.gov.ph/fct/library/report/2982"", ""value_for_portion"": 0.0, ""value_per_100g"": 0.0}, ""fat_g_100g"": {""label"": ""Verified"", ""source_name"": ""DOST-FNRI PhilFCT"", ""source_record_id"": ""A020"", ""source_url"": ""https://i.fnri.dost.gov.ph/fct/library/report/2982"", ""value_for_portion"": 0.2, ""value_per_100g"": 0.2}, ""fiber_g_100g"": {""label"": ""Verified"", ""source_name"": ""DOST-FNRI PhilFCT"", ""source_record_id"": ""A020"", ""source_url"": ""https://i.fnri.dost.gov.ph/fct/library/report/2982"", ""value_for_portion"": 0.4, ""value_per_100g"": 0.4}, ""kcal_100g"": {""label"": ""Verified"", ""source_name"": ""DOST-FNRI PhilFCT"", ""source_record_id"": ""A020"", ""source_url"": ""https://i.fnri.dost.gov.ph/fct/library/report/2982"", ""value_for_portion"": 129.0, ""value_per_100g"": 129.0}, ""protein_g_100g"": {""label"": ""Verified"", ""source_name"": ""DOST-FNRI PhilFCT"", ""source_record_id"": ""A020"", ""source_url"": ""https://i.fnri.dost.gov.ph/fct/library/report/2982"", ""value_for_portion"": 2.1, ""value_per_100g"": 2.1}, ""sodium_mg_100g"": {""label"": ""Verified"", ""source_name"": ""DOST-FNRI PhilFCT"", ""source_record_id"": ""A020"", ""source_url"": ""https://i.fnri.dost.gov.ph/fct/library/report/2982"", ""value_for_portion"": 3.0, ""value_per_100g"": 3.0}, ""sugar_g_100g"": {""label"": ""Verified"", ""source_name"": ""DOST-FNRI PhilFCT"", ""source_record_id"": ""A020"", ""source_url"": ""https://i.fnri.dost.gov.ph/fct/library/report/2982"", ""value_for_portion"": 0.1, ""value_per_100g"": 0.1}}"
EST_WORLD_20260918_011_V1,FC000016,"Egg, chicken, whole, boiled",100,ASSUMED_REFERENCE_MIXTURE,166.0,14.0,0.6,12.0,0.0,0.4,136.0,460.0,"{""carbs_g_100g"": {""label"": ""Verified"", ""source_name"": ""DOST-FNRI PhilFCT"", ""source_record_id"": ""H004"", ""source_url"": ""https://i.fnri.dost.gov.ph/fct/library/report/4216"", ""value_for_portion"": 0.6, ""value_per_100g"": 0.6}, ""cholesterol_mg_100g"": {""label"": ""Verified"", ""source_name"": ""DOST-FNRI PhilFCT"", ""source_record_id"": ""H004"", ""source_url"": ""https://i.fnri.dost.gov.ph/fct/library/report/4216"", ""value_for_portion"": 460.0, ""value_per_100g"": 460.0}, ""fat_g_100g"": {""label"": ""Verified"", ""source_name"": ""DOST-FNRI PhilFCT"", ""source_record_id"": ""H004"", ""source_url"": ""https://i.fnri.dost.gov.ph/fct/library/report/4216"", ""value_for_portion"": 12.0, ""value_per_100g"": 12.0}, ""fiber_g_100g"": {""label"": ""Verified"", ""source_name"": ""DOST-FNRI PhilFCT"", ""source_record_id"": ""H004"", ""source_url"": ""https://i.fnri.dost.gov.ph/fct/library/report/4216"", ""value_for_portion"": 0.0, ""value_per_100g"": 0.0}, ""kcal_100g"": {""label"": ""Verified"", ""source_name"": ""DOST-FNRI PhilFCT"", ""source_record_id"": ""H004"", ""source_url"": ""https://i.fnri.dost.gov.ph/fct/library/report/4216"", ""value_for_portion"": 166.0, ""value_per_100g"": 166.0}, ""protein_g_100g"": {""label"": ""Verified"", ""source_name"": ""DOST-FNRI PhilFCT"", ""source_record_id"": ""H004"", ""source_url"": ""https://i.fnri.dost.gov.ph/fct/library/report/4216"", ""value_for_portion"": 14.0, ""value_per_100g"": 14.0}, ""sodium_mg_100g"": {""label"": ""Verified"", ""source_name"": ""DOST-FNRI PhilFCT"", ""source_record_id"": ""H004"", ""source_url"": ""https://i.fnri.dost.gov.ph/fct/library/report/4216"", ""value_for_portion"": 136.0, ""value_per_100g"": 136.0}, ""sugar_g_100g"": {""label"": ""Verified"", ""source_name"": ""DOST-FNRI PhilFCT"", ""source_record_id"": ""H004"", ""source_url"": ""https://i.fnri.dost.gov.ph/fct/library/report/4216"", ""value_for_portion"": 0.4, ""value_per_100g"": 0.4}}"
EST_WORLD_20260918_011_V1,FC000333,"Onion, Bombay bulb, boiled",35,ASSUMED_REFERENCE_MIXTURE,47.0,1.2,9.7,0.4,1.3,4.6,3.0,0.0,"{""carbs_g_100g"": {""label"": ""Verified"", ""source_name"": ""DOST-FNRI PhilFCT"", ""source_record_id"": ""D142"", ""source_url"": ""https://i.fnri.dost.gov.ph/fct/library/report/3421"", ""value_for_portion"": 9.7, ""value_per_100g"": 9.7}, ""cholesterol_mg_100g"": {""label"": ""Verified"", ""source_name"": ""DOST-FNRI PhilFCT"", ""source_record_id"": ""D142"", ""source_url"": ""https://i.fnri.dost.gov.ph/fct/library/report/3421"", ""value_for_portion"": 0.0, ""value_per_100g"": 0.0}, ""fat_g_100g"": {""label"": ""Verified"", ""source_name"": ""DOST-FNRI PhilFCT"", ""source_record_id"": ""D142"", ""source_url"": ""https://i.fnri.dost.gov.ph/fct/library/report/3421"", ""value_for_portion"": 0.4, ""value_per_100g"": 0.4}, ""fiber_g_100g"": {""label"": ""Verified"", ""source_name"": ""DOST-FNRI PhilFCT"", ""source_record_id"": ""D142"", ""source_url"": ""https://i.fnri.dost.gov.ph/fct/library/report/3421"", ""value_for_portion"": 1.3, ""value_per_100g"": 1.3}, ""kcal_100g"": {""label"": ""Verified"", ""source_name"": ""DOST-FNRI PhilFCT"", ""source_record_id"": ""D142"", ""source_url"": ""https://i.fnri.dost.gov.ph/fct/library/report/3421"", ""value_for_portion"": 47.0, ""value_per_100g"": 47.0}, ""protein_g_100g"": {""label"": ""Verified"", ""source_name"": ""DOST-FNRI PhilFCT"", ""source_record_id"": ""D142"", ""source_url"": ""https://i.fnri.dost.gov.ph/fct/library/report/3421"", ""value_for_portion"": 1.2, ""value_per_100g"": 1.2}, ""sodium_mg_100g"": {""label"": ""Verified"", ""source_name"": ""DOST-FNRI PhilFCT"", ""source_record_id"": ""D142"", ""source_url"": ""https://i.fnri.dost.gov.ph/fct/library/report/3421"", ""value_for_portion"": 3.0, ""value_per_100g"": 3.0}, ""sugar_g_100g"": {""label"": ""Verified"", ""source_name"": ""DOST-FNRI PhilFCT"", ""source_record_id"": ""D142"", ""source_url"": ""https://i.fnri.dost.gov.ph/fct/library/report/3421"", ""value_for_portion"": 4.6, ""value_per_100g"": 4.6}}"
EST_WORLD_20260918_011_V1,FC000096,Butter,14,ASSUMED_REFERENCE_MIXTURE,772.0,0.5,0.0,85.5,0.0,0.0,550.0,227.0,"{""carbs_g_100g"": {""label"": ""Verified"", ""source_name"": ""DOST-FNRI PhilFCT"", ""source_record_id"": ""K001"", ""source_url"": ""https://i.fnri.dost.gov.ph/fct/library/report/4261"", ""value_for_portion"": 0.0, ""value_per_100g"": 0.0}, ""cholesterol_mg_100g"": {""label"": ""Verified"", ""source_name"": ""DOST-FNRI PhilFCT"", ""source_record_id"": ""K001"", ""source_url"": ""https://i.fnri.dost.gov.ph/fct/library/report/4261"", ""value_for_portion"": 227.0, ""value_per_100g"": 227.0}, ""fat_g_100g"": {""label"": ""Verified"", ""source_name"": ""DOST-FNRI PhilFCT"", ""source_record_id"": ""K001"", ""source_url"": ""https://i.fnri.dost.gov.ph/fct/library/report/4261"", ""value_for_portion"": 85.5, ""value_per_100g"": 85.5}, ""fiber_g_100g"": {""label"": ""Verified"", ""source_name"": ""DOST-FNRI PhilFCT"", ""source_record_id"": ""K001"", ""source_url"": ""https://i.fnri.dost.gov.ph/fct/library/report/4261"", ""value_for_portion"": 0.0, ""value_per_100g"": 0.0}, ""kcal_100g"": {""label"": ""Verified"", ""source_name"": ""DOST-FNRI PhilFCT"", ""source_record_id"": ""K001"", ""source_url"": ""https://i.fnri.dost.gov.ph/fct/library/report/4261"", ""value_for_portion"": 772.0, ""value_per_100g"": 772.0}, ""protein_g_100g"": {""label"": ""Verified"", ""source_name"": ""DOST-FNRI PhilFCT"", ""source_record_id"": ""K001"", ""source_url"": ""https://i.fnri.dost.gov.ph/fct/library/report/4261"", ""value_for_portion"": 0.5, ""value_per_100g"": 0.5}, ""sodium_mg_100g"": {""label"": ""Verified"", ""source_name"": ""DOST-FNRI PhilFCT"", ""source_record_id"": ""K001"", ""source_url"": ""https://i.fnri.dost.gov.ph/fct/library/report/4261"", ""value_for_portion"": 550.0, ""value_per_100g"": 550.0}, ""sugar_g_100g"": {""label"": ""Verified"", ""source_name"": ""DOST-FNRI PhilFCT"", ""source_record_id"": ""K001"", ""source_url"": ""https://i.fnri.dost.gov.ph/fct/library/report/4261"", ""value_for_portion"": 0.0, ""value_per_100g"": 0.0}}"
EST_WORLD_20260918_011_V1,FC001783,"Spices, curry powder",4,ASSUMED_REFERENCE_MIXTURE,325.0,14.29,55.83,14.01,53.2,2.76,52.0,0.0,"{""carbs_g_100g"": {""label"": ""Other source"", ""source_name"": ""USDA FoodData Central SR Legacy"", ""source_record_id"": ""USDA_FC001783_170924"", ""source_url"": ""https://fdc.nal.usda.gov/food-details/170924/nutrients"", ""value_for_portion"": 55.83, ""value_per_100g"": 55.83}, ""cholesterol_mg_100g"": {""label"": ""Other source"", ""source_name"": ""USDA FoodData Central SR Legacy"", ""source_record_id"": ""USDA_FC001783_170924"", ""source_url"": ""https://fdc.nal.usda.gov/food-details/170924/nutrients"", ""value_for_portion"": 0.0, ""value_per_100g"": 0.0}, ""fat_g_100g"": {""label"": ""Other source"", ""source_name"": ""USDA FoodData Central SR Legacy"", ""source_record_id"": ""USDA_FC001783_170924"", ""source_url"": ""https://fdc.nal.usda.gov/food-details/170924/nutrients"", ""value_for_portion"": 14.01, ""value_per_100g"": 14.01}, ""fiber_g_100g"": {""label"": ""Other source"", ""source_name"": ""USDA FoodData Central SR Legacy"", ""source_record_id"": ""USDA_FC001783_170924"", ""source_url"": ""https://fdc.nal.usda.gov/food-details/170924/nutrients"", ""value_for_portion"": 53.2, ""value_per_100g"": 53.2}, ""kcal_100g"": {""label"": ""Other source"", ""source_name"": ""USDA FoodData Central SR Legacy"", ""source_record_id"": ""USDA_FC001783_170924"", ""source_url"": ""https://fdc.nal.usda.gov/food-details/170924/nutrients"", ""value_for_portion"": 325.0, ""value_per_100g"": 325.0}, ""protein_g_100g"": {""label"": ""Other source"", ""source_name"": ""USDA FoodData Central SR Legacy"", ""source_record_id"": ""USDA_FC001783_170924"", ""source_url"": ""https://fdc.nal.usda.gov/food-details/170924/nutrients"", ""value_for_portion"": 14.29, ""value_per_100g"": 14.29}, ""sodium_mg_100g"": {""label"": ""Other source"", ""source_name"": ""USDA FoodData Central SR Legacy"", ""source_record_id"": ""USDA_FC001783_170924"", ""source_url"": ""https://fdc.nal.usda.gov/food-details/170924/nutrients"", ""value_for_portion"": 52.0, ""value_per_100g"": 52.0}, ""sugar_g_100g"": {""label"": ""Other source"", ""source_name"": ""USDA FoodData Central SR Legacy"", ""source_record_id"": ""USDA_FC001783_170924"", ""source_url"": ""https://fdc.nal.usda.gov/food-details/170924/nutrients"", ""value_for_portion"": 2.76, ""value_per_100g"": 2.76}}"
EST_WORLD_20260918_011_V1,FC000612,"Salt, coarse",1,ASSUMED_REFERENCE_MIXTURE,0.0,0.0,0.0,0.0,0.0,0.0,34836.0,0.0,"{""carbs_g_100g"": {""label"": ""Verified"", ""source_name"": ""DOST-FNRI PhilFCT"", ""source_record_id"": ""N019"", ""source_url"": ""https://i.fnri.dost.gov.ph/fct/library/report/4342"", ""value_for_portion"": 0.0, ""value_per_100g"": 0.0}, ""cholesterol_mg_100g"": {""label"": ""Verified"", ""source_name"": ""DOST-FNRI PhilFCT"", ""source_record_id"": ""N019"", ""source_url"": ""https://i.fnri.dost.gov.ph/fct/library/report/4342"", ""value_for_portion"": 0.0, ""value_per_100g"": 0.0}, ""fat_g_100g"": {""label"": ""Verified"", ""source_name"": ""DOST-FNRI PhilFCT"", ""source_record_id"": ""N019"", ""source_url"": ""https://i.fnri.dost.gov.ph/fct/library/report/4342"", ""value_for_portion"": 0.0, ""value_per_100g"": 0.0}, ""fiber_g_100g"": {""label"": ""Verified"", ""source_name"": ""DOST-FNRI PhilFCT"", ""source_record_id"": ""N019"", ""source_url"": ""https://i.fnri.dost.gov.ph/fct/library/report/4342"", ""value_for_portion"": 0.0, ""value_per_100g"": 0.0}, ""kcal_100g"": {""label"": ""Verified"", ""source_name"": ""DOST-FNRI PhilFCT"", ""source_record_id"": ""N019"", ""source_url"": ""https://i.fnri.dost.gov.ph/fct/library/report/4342"", ""value_for_portion"": 0.0, ""value_per_100g"": 0.0}, ""protein_g_100g"": {""label"": ""Verified"", ""source_name"": ""DOST-FNRI PhilFCT"", ""source_record_id"": ""N019"", ""source_url"": ""https://i.fnri.dost.gov.ph/fct/library/report/4342"", ""value_for_portion"": 0.0, ""value_per_100g"": 0.0}, ""sodium_mg_100g"": {""label"": ""Verified"", ""source_name"": ""DOST-FNRI PhilFCT"", ""source_record_id"": ""N019"", ""source_url"": ""https://i.fnri.dost.gov.ph/fct/library/report/4342"", ""value_for_portion"": 34836.0, ""value_per_100g"": 34836.0}, ""sugar_g_100g"": {""label"": ""Verified"", ""source_name"": ""DOST-FNRI PhilFCT"", ""source_record_id"": ""N019"", ""source_url"": ""https://i.fnri.dost.gov.ph/fct/library/report/4342"", ""value_for_portion"": 0.0, ""value_per_100g"": 0.0}}"
EST_WORLD_20260918_012_V1,FC000454,"Shrimp, banana prawn, boiled",150,ASSUMED_REFERENCE_MIXTURE,104.0,11.2,14.0,0.4,0.0,0.0,113.0,,"{""carbs_g_100g"": {""label"": ""Verified"", ""source_name"": ""DOST-FNRI PhilFCT"", ""source_record_id"": ""G114"", ""source_url"": ""https://i.fnri.dost.gov.ph/fct/library/report/4094"", ""value_for_portion"": 14.0, ""value_per_100g"": 14.0}, ""cholesterol_mg_100g"": {""label"": ""Unknown"", ""source_name"": null, ""source_record_id"": null, ""source_url"": null, ""value_for_portion"": null, ""value_per_100g"": null}, ""fat_g_100g"": {""label"": ""Verified"", ""source_name"": ""DOST-FNRI PhilFCT"", ""source_record_id"": ""G114"", ""source_url"": ""https://i.fnri.dost.gov.ph/fct/library/report/4094"", ""value_for_portion"": 0.4, ""value_per_100g"": 0.4}, ""fiber_g_100g"": {""label"": ""Verified"", ""source_name"": ""DOST-FNRI PhilFCT"", ""source_record_id"": ""G114"", ""source_url"": ""https://i.fnri.dost.gov.ph/fct/library/report/4094"", ""value_for_portion"": 0.0, ""value_per_100g"": 0.0}, ""kcal_100g"": {""label"": ""Verified"", ""source_name"": ""DOST-FNRI PhilFCT"", ""source_record_id"": ""G114"", ""source_url"": ""https://i.fnri.dost.gov.ph/fct/library/report/4094"", ""value_for_portion"": 104.0, ""value_per_100g"": 104.0}, ""protein_g_100g"": {""label"": ""Verified"", ""source_name"": ""DOST-FNRI PhilFCT"", ""source_record_id"": ""G114"", ""source_url"": ""https://i.fnri.dost.gov.ph/fct/library/report/4094"", ""value_for_portion"": 11.2, ""value_per_100g"": 11.2}, ""sodium_mg_100g"": {""label"": ""Verified"", ""source_name"": ""DOST-FNRI PhilFCT"", ""source_record_id"": ""G114"", ""source_url"": ""https://i.fnri.dost.gov.ph/fct/library/report/4094"", ""value_for_portion"": 113.0, ""value_per_100g"": 113.0}, ""sugar_g_100g"": {""label"": ""Verified"", ""source_name"": ""DOST-FNRI PhilFCT"", ""source_record_id"": ""G114"", ""source_url"": ""https://i.fnri.dost.gov.ph/fct/library/report/4094"", ""value_for_portion"": 0.0, ""value_per_100g"": 0.0}}"
EST_WORLD_20260918_012_V1,FC000617,Tomato sauce,80,ASSUMED_REFERENCE_MIXTURE,45.0,0.9,10.0,0.2,2.1,4.9,658.0,0.0,"{""carbs_g_100g"": {""label"": ""Verified"", ""source_name"": ""DOST-FNRI PhilFCT"", ""source_record_id"": ""N025"", ""source_url"": ""https://i.fnri.dost.gov.ph/fct/library/report/4348"", ""value_for_portion"": 10.0, ""value_per_100g"": 10.0}, ""cholesterol_mg_100g"": {""label"": ""Verified"", ""source_name"": ""DOST-FNRI PhilFCT"", ""source_record_id"": ""N025"", ""source_url"": ""https://i.fnri.dost.gov.ph/fct/library/report/4348"", ""value_for_portion"": 0.0, ""value_per_100g"": 0.0}, ""fat_g_100g"": {""label"": ""Verified"", ""source_name"": ""DOST-FNRI PhilFCT"", ""source_record_id"": ""N025"", ""source_url"": ""https://i.fnri.dost.gov.ph/fct/library/report/4348"", ""value_for_portion"": 0.2, ""value_per_100g"": 0.2}, ""fiber_g_100g"": {""label"": ""Verified"", ""source_name"": ""DOST-FNRI PhilFCT"", ""source_record_id"": ""N025"", ""source_url"": ""https://i.fnri.dost.gov.ph/fct/library/report/4348"", ""value_for_portion"": 2.1, ""value_per_100g"": 2.1}, ""kcal_100g"": {""label"": ""Verified"", ""source_name"": ""DOST-FNRI PhilFCT"", ""source_record_id"": ""N025"", ""source_url"": ""https://i.fnri.dost.gov.ph/fct/library/report/4348"", ""value_for_portion"": 45.0, ""value_per_100g"": 45.0}, ""protein_g_100g"": {""label"": ""Verified"", ""source_name"": ""DOST-FNRI PhilFCT"", ""source_record_id"": ""N025"", ""source_url"": ""https://i.fnri.dost.gov.ph/fct/library/report/4348"", ""value_for_portion"": 0.9, ""value_per_100g"": 0.9}, ""sodium_mg_100g"": {""label"": ""Verified"", ""source_name"": ""DOST-FNRI PhilFCT"", ""source_record_id"": ""N025"", ""source_url"": ""https://i.fnri.dost.gov.ph/fct/library/report/4348"", ""value_for_portion"": 658.0, ""value_per_100g"": 658.0}, ""sugar_g_100g"": {""label"": ""Verified"", ""source_name"": ""DOST-FNRI PhilFCT"", ""source_record_id"": ""N025"", ""source_url"": ""https://i.fnri.dost.gov.ph/fct/library/report/4348"", ""value_for_portion"": 4.9, ""value_per_100g"": 4.9}}"
EST_WORLD_20260918_012_V1,FC000333,"Onion, Bombay bulb, boiled",40,ASSUMED_REFERENCE_MIXTURE,47.0,1.2,9.7,0.4,1.3,4.6,3.0,0.0,"{""carbs_g_100g"": {""label"": ""Verified"", ""source_name"": ""DOST-FNRI PhilFCT"", ""source_record_id"": ""D142"", ""source_url"": ""https://i.fnri.dost.gov.ph/fct/library/report/3421"", ""value_for_portion"": 9.7, ""value_per_100g"": 9.7}, ""cholesterol_mg_100g"": {""label"": ""Verified"", ""source_name"": ""DOST-FNRI PhilFCT"", ""source_record_id"": ""D142"", ""source_url"": ""https://i.fnri.dost.gov.ph/fct/library/report/3421"", ""value_for_portion"": 0.0, ""value_per_100g"": 0.0}, ""fat_g_100g"": {""label"": ""Verified"", ""source_name"": ""DOST-FNRI PhilFCT"", ""source_record_id"": ""D142"", ""source_url"": ""https://i.fnri.dost.gov.ph/fct/library/report/3421"", ""value_for_portion"": 0.4, ""value_per_100g"": 0.4}, ""fiber_g_100g"": {""label"": ""Verified"", ""source_name"": ""DOST-FNRI PhilFCT"", ""source_record_id"": ""D142"", ""source_url"": ""https://i.fnri.dost.gov.ph/fct/library/report/3421"", ""value_for_portion"": 1.3, ""value_per_100g"": 1.3}, ""kcal_100g"": {""label"": ""Verified"", ""source_name"": ""DOST-FNRI PhilFCT"", ""source_record_id"": ""D142"", ""source_url"": ""https://i.fnri.dost.gov.ph/fct/library/report/3421"", ""value_for_portion"": 47.0, ""value_per_100g"": 47.0}, ""protein_g_100g"": {""label"": ""Verified"", ""source_name"": ""DOST-FNRI PhilFCT"", ""source_record_id"": ""D142"", ""source_url"": ""https://i.fnri.dost.gov.ph/fct/library/report/3421"", ""value_for_portion"": 1.2, ""value_per_100g"": 1.2}, ""sodium_mg_100g"": {""label"": ""Verified"", ""source_name"": ""DOST-FNRI PhilFCT"", ""source_record_id"": ""D142"", ""source_url"": ""https://i.fnri.dost.gov.ph/fct/library/report/3421"", ""value_for_portion"": 3.0, ""value_per_100g"": 3.0}, ""sugar_g_100g"": {""label"": ""Verified"", ""source_name"": ""DOST-FNRI PhilFCT"", ""source_record_id"": ""D142"", ""source_url"": ""https://i.fnri.dost.gov.ph/fct/library/report/3421"", ""value_for_portion"": 4.6, ""value_per_100g"": 4.6}}"
EST_WORLD_20260918_012_V1,FC000599,Cream,25,ASSUMED_REFERENCE_MIXTURE,241.0,2.3,4.2,23.9,0.0,3.0,39.0,,"{""carbs_g_100g"": {""label"": ""Verified"", ""source_name"": ""DOST-FNRI PhilFCT"", ""source_record_id"": ""J007"", ""source_url"": ""https://i.fnri.dost.gov.ph/fct/library/report/4241"", ""value_for_portion"": 4.2, ""value_per_100g"": 4.2}, ""cholesterol_mg_100g"": {""label"": ""Unknown"", ""source_name"": null, ""source_record_id"": null, ""source_url"": null, ""value_for_portion"": null, ""value_per_100g"": null}, ""fat_g_100g"": {""label"": ""Verified"", ""source_name"": ""DOST-FNRI PhilFCT"", ""source_record_id"": ""J007"", ""source_url"": ""https://i.fnri.dost.gov.ph/fct/library/report/4241"", ""value_for_portion"": 23.9, ""value_per_100g"": 23.9}, ""fiber_g_100g"": {""label"": ""Verified"", ""source_name"": ""DOST-FNRI PhilFCT"", ""source_record_id"": ""J007"", ""source_url"": ""https://i.fnri.dost.gov.ph/fct/library/report/4241"", ""value_for_portion"": 0.0, ""value_per_100g"": 0.0}, ""kcal_100g"": {""label"": ""Verified"", ""source_name"": ""DOST-FNRI PhilFCT"", ""source_record_id"": ""J007"", ""source_url"": ""https://i.fnri.dost.gov.ph/fct/library/report/4241"", ""value_for_portion"": 241.0, ""value_per_100g"": 241.0}, ""protein_g_100g"": {""label"": ""Verified"", ""source_name"": ""DOST-FNRI PhilFCT"", ""source_record_id"": ""J007"", ""source_url"": ""https://i.fnri.dost.gov.ph/fct/library/report/4241"", ""value_for_portion"": 2.3, ""value_per_100g"": 2.3}, ""sodium_mg_100g"": {""label"": ""Verified"", ""source_name"": ""DOST-FNRI PhilFCT"", ""source_record_id"": ""J007"", ""source_url"": ""https://i.fnri.dost.gov.ph/fct/library/report/4241"", ""value_for_portion"": 39.0, ""value_per_100g"": 39.0}, ""sugar_g_100g"": {""label"": ""Verified"", ""source_name"": ""DOST-FNRI PhilFCT"", ""source_record_id"": ""J007"", ""source_url"": ""https://i.fnri.dost.gov.ph/fct/library/report/4241"", ""value_for_portion"": 3.0, ""value_per_100g"": 3.0}}"
EST_WORLD_20260918_012_V1,FC000642,"Oil, corn",12,ASSUMED_REFERENCE_MIXTURE,896.0,0.0,0.0,99.6,0.0,0.0,0.0,0.0,"{""carbs_g_100g"": {""label"": ""Verified"", ""source_name"": ""DOST-FNRI PhilFCT"", ""source_record_id"": ""K009"", ""source_url"": ""https://i.fnri.dost.gov.ph/fct/library/report/4269"", ""value_for_portion"": 0.0, ""value_per_100g"": 0.0}, ""cholesterol_mg_100g"": {""label"": ""Verified"", ""source_name"": ""DOST-FNRI PhilFCT"", ""source_record_id"": ""K009"", ""source_url"": ""https://i.fnri.dost.gov.ph/fct/library/report/4269"", ""value_for_portion"": 0.0, ""value_per_100g"": 0.0}, ""fat_g_100g"": {""label"": ""Verified"", ""source_name"": ""DOST-FNRI PhilFCT"", ""source_record_id"": ""K009"", ""source_url"": ""https://i.fnri.dost.gov.ph/fct/library/report/4269"", ""value_for_portion"": 99.6, ""value_per_100g"": 99.6}, ""fiber_g_100g"": {""label"": ""Verified"", ""source_name"": ""DOST-FNRI PhilFCT"", ""source_record_id"": ""K009"", ""source_url"": ""https://i.fnri.dost.gov.ph/fct/library/report/4269"", ""value_for_portion"": 0.0, ""value_per_100g"": 0.0}, ""kcal_100g"": {""label"": ""Verified"", ""source_name"": ""DOST-FNRI PhilFCT"", ""source_record_id"": ""K009"", ""source_url"": ""https://i.fnri.dost.gov.ph/fct/library/report/4269"", ""value_for_portion"": 896.0, ""value_per_100g"": 896.0}, ""protein_g_100g"": {""label"": ""Verified"", ""source_name"": ""DOST-FNRI PhilFCT"", ""source_record_id"": ""K009"", ""source_url"": ""https://i.fnri.dost.gov.ph/fct/library/report/4269"", ""value_for_portion"": 0.0, ""value_per_100g"": 0.0}, ""sodium_mg_100g"": {""label"": ""Verified"", ""source_name"": ""DOST-FNRI PhilFCT"", ""source_record_id"": ""K009"", ""source_url"": ""https://i.fnri.dost.gov.ph/fct/library/report/4269"", ""value_for_portion"": 0.0, ""value_per_100g"": 0.0}, ""sugar_g_100g"": {""label"": ""Verified"", ""source_name"": ""DOST-FNRI PhilFCT"", ""source_record_id"": ""K009"", ""source_url"": ""https://i.fnri.dost.gov.ph/fct/library/report/4269"", ""value_for_portion"": 0.0, ""value_per_100g"": 0.0}}"
EST_WORLD_20260918_012_V1,FC001783,"Spices, curry powder",4,ASSUMED_REFERENCE_MIXTURE,325.0,14.29,55.83,14.01,53.2,2.76,52.0,0.0,"{""carbs_g_100g"": {""label"": ""Other source"", ""source_name"": ""USDA FoodData Central SR Legacy"", ""source_record_id"": ""USDA_FC001783_170924"", ""source_url"": ""https://fdc.nal.usda.gov/food-details/170924/nutrients"", ""value_for_portion"": 55.83, ""value_per_100g"": 55.83}, ""cholesterol_mg_100g"": {""label"": ""Other source"", ""source_name"": ""USDA FoodData Central SR Legacy"", ""source_record_id"": ""USDA_FC001783_170924"", ""source_url"": ""https://fdc.nal.usda.gov/food-details/170924/nutrients"", ""value_for_portion"": 0.0, ""value_per_100g"": 0.0}, ""fat_g_100g"": {""label"": ""Other source"", ""source_name"": ""USDA FoodData Central SR Legacy"", ""source_record_id"": ""USDA_FC001783_170924"", ""source_url"": ""https://fdc.nal.usda.gov/food-details/170924/nutrients"", ""value_for_portion"": 14.01, ""value_per_100g"": 14.01}, ""fiber_g_100g"": {""label"": ""Other source"", ""source_name"": ""USDA FoodData Central SR Legacy"", ""source_record_id"": ""USDA_FC001783_170924"", ""source_url"": ""https://fdc.nal.usda.gov/food-details/170924/nutrients"", ""value_for_portion"": 53.2, ""value_per_100g"": 53.2}, ""kcal_100g"": {""label"": ""Other source"", ""source_name"": ""USDA FoodData Central SR Legacy"", ""source_record_id"": ""USDA_FC001783_170924"", ""source_url"": ""https://fdc.nal.usda.gov/food-details/170924/nutrients"", ""value_for_portion"": 325.0, ""value_per_100g"": 325.0}, ""protein_g_100g"": {""label"": ""Other source"", ""source_name"": ""USDA FoodData Central SR Legacy"", ""source_record_id"": ""USDA_FC001783_170924"", ""source_url"": ""https://fdc.nal.usda.gov/food-details/170924/nutrients"", ""value_for_portion"": 14.29, ""value_per_100g"": 14.29}, ""sodium_mg_100g"": {""label"": ""Other source"", ""source_name"": ""USDA FoodData Central SR Legacy"", ""source_record_id"": ""USDA_FC001783_170924"", ""source_url"": ""https://fdc.nal.usda.gov/food-details/170924/nutrients"", ""value_for_portion"": 52.0, ""value_per_100g"": 52.0}, ""sugar_g_100g"": {""label"": ""Other source"", ""source_name"": ""USDA FoodData Central SR Legacy"", ""source_record_id"": ""USDA_FC001783_170924"", ""source_url"": ""https://fdc.nal.usda.gov/food-details/170924/nutrients"", ""value_for_portion"": 2.76, ""value_per_100g"": 2.76}}"
EST_WORLD_20260918_012_V1,FC000612,"Salt, coarse",1,ASSUMED_REFERENCE_MIXTURE,0.0,0.0,0.0,0.0,0.0,0.0,34836.0,0.0,"{""carbs_g_100g"": {""label"": ""Verified"", ""source_name"": ""DOST-FNRI PhilFCT"", ""source_record_id"": ""N019"", ""source_url"": ""https://i.fnri.dost.gov.ph/fct/library/report/4342"", ""value_for_portion"": 0.0, ""value_per_100g"": 0.0}, ""cholesterol_mg_100g"": {""label"": ""Verified"", ""source_name"": ""DOST-FNRI PhilFCT"", ""source_record_id"": ""N019"", ""source_url"": ""https://i.fnri.dost.gov.ph/fct/library/report/4342"", ""value_for_portion"": 0.0, ""value_per_100g"": 0.0}, ""fat_g_100g"": {""label"": ""Verified"", ""source_name"": ""DOST-FNRI PhilFCT"", ""source_record_id"": ""N019"", ""source_url"": ""https://i.fnri.dost.gov.ph/fct/library/report/4342"", ""value_for_portion"": 0.0, ""value_per_100g"": 0.0}, ""fiber_g_100g"": {""label"": ""Verified"", ""source_name"": ""DOST-FNRI PhilFCT"", ""source_record_id"": ""N019"", ""source_url"": ""https://i.fnri.dost.gov.ph/fct/library/report/4342"", ""value_for_portion"": 0.0, ""value_per_100g"": 0.0}, ""kcal_100g"": {""label"": ""Verified"", ""source_name"": ""DOST-FNRI PhilFCT"", ""source_record_id"": ""N019"", ""source_url"": ""https://i.fnri.dost.gov.ph/fct/library/report/4342"", ""value_for_portion"": 0.0, ""value_per_100g"": 0.0}, ""protein_g_100g"": {""label"": ""Verified"", ""source_name"": ""DOST-FNRI PhilFCT"", ""source_record_id"": ""N019"", ""source_url"": ""https://i.fnri.dost.gov.ph/fct/library/report/4342"", ""value_for_portion"": 0.0, ""value_per_100g"": 0.0}, ""sodium_mg_100g"": {""label"": ""Verified"", ""source_name"": ""DOST-FNRI PhilFCT"", ""source_record_id"": ""N019"", ""source_url"": ""https://i.fnri.dost.gov.ph/fct/library/report/4342"", ""value_for_portion"": 34836.0, ""value_per_100g"": 34836.0}, ""sugar_g_100g"": {""label"": ""Verified"", ""source_name"": ""DOST-FNRI PhilFCT"", ""source_record_id"": ""N019"", ""source_url"": ""https://i.fnri.dost.gov.ph/fct/library/report/4342"", ""value_for_portion"": 0.0, ""value_per_100g"": 0.0}}"
EST_WORLD_20260918_013_V1,FC000001,"Rice, well-milled, boiled",220,ASSUMED_REFERENCE_MIXTURE,129.0,2.1,29.7,0.2,0.4,0.1,3.0,0.0,"{""carbs_g_100g"": {""label"": ""Verified"", ""source_name"": ""DOST-FNRI PhilFCT"", ""source_record_id"": ""A020"", ""source_url"": ""https://i.fnri.dost.gov.ph/fct/library/report/2982"", ""value_for_portion"": 29.7, ""value_per_100g"": 29.7}, ""cholesterol_mg_100g"": {""label"": ""Verified"", ""source_name"": ""DOST-FNRI PhilFCT"", ""source_record_id"": ""A020"", ""source_url"": ""https://i.fnri.dost.gov.ph/fct/library/report/2982"", ""value_for_portion"": 0.0, ""value_per_100g"": 0.0}, ""fat_g_100g"": {""label"": ""Verified"", ""source_name"": ""DOST-FNRI PhilFCT"", ""source_record_id"": ""A020"", ""source_url"": ""https://i.fnri.dost.gov.ph/fct/library/report/2982"", ""value_for_portion"": 0.2, ""value_per_100g"": 0.2}, ""fiber_g_100g"": {""label"": ""Verified"", ""source_name"": ""DOST-FNRI PhilFCT"", ""source_record_id"": ""A020"", ""source_url"": ""https://i.fnri.dost.gov.ph/fct/library/report/2982"", ""value_for_portion"": 0.4, ""value_per_100g"": 0.4}, ""kcal_100g"": {""label"": ""Verified"", ""source_name"": ""DOST-FNRI PhilFCT"", ""source_record_id"": ""A020"", ""source_url"": ""https://i.fnri.dost.gov.ph/fct/library/report/2982"", ""value_for_portion"": 129.0, ""value_per_100g"": 129.0}, ""protein_g_100g"": {""label"": ""Verified"", ""source_name"": ""DOST-FNRI PhilFCT"", ""source_record_id"": ""A020"", ""source_url"": ""https://i.fnri.dost.gov.ph/fct/library/report/2982"", ""value_for_portion"": 2.1, ""value_per_100g"": 2.1}, ""sodium_mg_100g"": {""label"": ""Verified"", ""source_name"": ""DOST-FNRI PhilFCT"", ""source_record_id"": ""A020"", ""source_url"": ""https://i.fnri.dost.gov.ph/fct/library/report/2982"", ""value_for_portion"": 3.0, ""value_per_100g"": 3.0}, ""sugar_g_100g"": {""label"": ""Verified"", ""source_name"": ""DOST-FNRI PhilFCT"", ""source_record_id"": ""A020"", ""source_url"": ""https://i.fnri.dost.gov.ph/fct/library/report/2982"", ""value_for_portion"": 0.1, ""value_per_100g"": 0.1}}"
EST_WORLD_20260918_013_V1,FC000137,"Beef, ground, 80% lean meat / 20% fat, crumbles, cooked, pan-browned",150,ASSUMED_REFERENCE_MIXTURE,272.0,27.0,0.0,17.36,0.0,0.0,91.0,89.0,"{""carbs_g_100g"": {""label"": ""Other source"", ""source_name"": ""USDA FoodData Central SR Legacy"", ""source_record_id"": ""USDA_FC000137_171799"", ""source_url"": ""https://fdc.nal.usda.gov/food-details/171799/nutrients"", ""value_for_portion"": 0.0, ""value_per_100g"": 0.0}, ""cholesterol_mg_100g"": {""label"": ""Other source"", ""source_name"": ""USDA FoodData Central SR Legacy"", ""source_record_id"": ""USDA_FC000137_171799"", ""source_url"": ""https://fdc.nal.usda.gov/food-details/171799/nutrients"", ""value_for_portion"": 89.0, ""value_per_100g"": 89.0}, ""fat_g_100g"": {""label"": ""Other source"", ""source_name"": ""USDA FoodData Central SR Legacy"", ""source_record_id"": ""USDA_FC000137_171799"", ""source_url"": ""https://fdc.nal.usda.gov/food-details/171799/nutrients"", ""value_for_portion"": 17.36, ""value_per_100g"": 17.36}, ""fiber_g_100g"": {""label"": ""Other source"", ""source_name"": ""USDA FoodData Central SR Legacy"", ""source_record_id"": ""USDA_FC000137_171799"", ""source_url"": ""https://fdc.nal.usda.gov/food-details/171799/nutrients"", ""value_for_portion"": 0.0, ""value_per_100g"": 0.0}, ""kcal_100g"": {""label"": ""Other source"", ""source_name"": ""USDA FoodData Central SR Legacy"", ""source_record_id"": ""USDA_FC000137_171799"", ""source_url"": ""https://fdc.nal.usda.gov/food-details/171799/nutrients"", ""value_for_portion"": 272.0, ""value_per_100g"": 272.0}, ""protein_g_100g"": {""label"": ""Other source"", ""source_name"": ""USDA FoodData Central SR Legacy"", ""source_record_id"": ""USDA_FC000137_171799"", ""source_url"": ""https://fdc.nal.usda.gov/food-details/171799/nutrients"", ""value_for_portion"": 27.0, ""value_per_100g"": 27.0}, ""sodium_mg_100g"": {""label"": ""Other source"", ""source_name"": ""USDA FoodData Central SR Legacy"", ""source_record_id"": ""USDA_FC000137_171799"", ""source_url"": ""https://fdc.nal.usda.gov/food-details/171799/nutrients"", ""value_for_portion"": 91.0, ""value_per_100g"": 91.0}, ""sugar_g_100g"": {""label"": ""Other source"", ""source_name"": ""USDA FoodData Central SR Legacy"", ""source_record_id"": ""USDA_FC000137_171799"", ""source_url"": ""https://fdc.nal.usda.gov/food-details/171799/nutrients"", ""value_for_portion"": 0.0, ""value_per_100g"": 0.0}}"
EST_WORLD_20260918_013_V1,FC000061,Tomato,45,ASSUMED_REFERENCE_MIXTURE,25.0,0.8,5.2,0.1,0.3,3.7,11.0,0.0,"{""carbs_g_100g"": {""label"": ""Verified"", ""source_name"": ""DOST-FNRI PhilFCT"", ""source_record_id"": ""D257"", ""source_url"": ""https://i.fnri.dost.gov.ph/fct/library/report/3536"", ""value_for_portion"": 5.2, ""value_per_100g"": 5.2}, ""cholesterol_mg_100g"": {""label"": ""Verified"", ""source_name"": ""DOST-FNRI PhilFCT"", ""source_record_id"": ""D257"", ""source_url"": ""https://i.fnri.dost.gov.ph/fct/library/report/3536"", ""value_for_portion"": 0.0, ""value_per_100g"": 0.0}, ""fat_g_100g"": {""label"": ""Verified"", ""source_name"": ""DOST-FNRI PhilFCT"", ""source_record_id"": ""D257"", ""source_url"": ""https://i.fnri.dost.gov.ph/fct/library/report/3536"", ""value_for_portion"": 0.1, ""value_per_100g"": 0.1}, ""fiber_g_100g"": {""label"": ""Verified"", ""source_name"": ""DOST-FNRI PhilFCT"", ""source_record_id"": ""D257"", ""source_url"": ""https://i.fnri.dost.gov.ph/fct/library/report/3536"", ""value_for_portion"": 0.3, ""value_per_100g"": 0.3}, ""kcal_100g"": {""label"": ""Verified"", ""source_name"": ""DOST-FNRI PhilFCT"", ""source_record_id"": ""D257"", ""source_url"": ""https://i.fnri.dost.gov.ph/fct/library/report/3536"", ""value_for_portion"": 25.0, ""value_per_100g"": 25.0}, ""protein_g_100g"": {""label"": ""Verified"", ""source_name"": ""DOST-FNRI PhilFCT"", ""source_record_id"": ""D257"", ""source_url"": ""https://i.fnri.dost.gov.ph/fct/library/report/3536"", ""value_for_portion"": 0.8, ""value_per_100g"": 0.8}, ""sodium_mg_100g"": {""label"": ""Verified"", ""source_name"": ""DOST-FNRI PhilFCT"", ""source_record_id"": ""D257"", ""source_url"": ""https://i.fnri.dost.gov.ph/fct/library/report/3536"", ""value_for_portion"": 11.0, ""value_per_100g"": 11.0}, ""sugar_g_100g"": {""label"": ""Verified"", ""source_name"": ""DOST-FNRI PhilFCT"", ""source_record_id"": ""D257"", ""source_url"": ""https://i.fnri.dost.gov.ph/fct/library/report/3536"", ""value_for_portion"": 3.7, ""value_per_100g"": 3.7}}"
EST_WORLD_20260918_013_V1,FC000333,"Onion, Bombay bulb, boiled",20,ASSUMED_REFERENCE_MIXTURE,47.0,1.2,9.7,0.4,1.3,4.6,3.0,0.0,"{""carbs_g_100g"": {""label"": ""Verified"", ""source_name"": ""DOST-FNRI PhilFCT"", ""source_record_id"": ""D142"", ""source_url"": ""https://i.fnri.dost.gov.ph/fct/library/report/3421"", ""value_for_portion"": 9.7, ""value_per_100g"": 9.7}, ""cholesterol_mg_100g"": {""label"": ""Verified"", ""source_name"": ""DOST-FNRI PhilFCT"", ""source_record_id"": ""D142"", ""source_url"": ""https://i.fnri.dost.gov.ph/fct/library/report/3421"", ""value_for_portion"": 0.0, ""value_per_100g"": 0.0}, ""fat_g_100g"": {""label"": ""Verified"", ""source_name"": ""DOST-FNRI PhilFCT"", ""source_record_id"": ""D142"", ""source_url"": ""https://i.fnri.dost.gov.ph/fct/library/report/3421"", ""value_for_portion"": 0.4, ""value_per_100g"": 0.4}, ""fiber_g_100g"": {""label"": ""Verified"", ""source_name"": ""DOST-FNRI PhilFCT"", ""source_record_id"": ""D142"", ""source_url"": ""https://i.fnri.dost.gov.ph/fct/library/report/3421"", ""value_for_portion"": 1.3, ""value_per_100g"": 1.3}, ""kcal_100g"": {""label"": ""Verified"", ""source_name"": ""DOST-FNRI PhilFCT"", ""source_record_id"": ""D142"", ""source_url"": ""https://i.fnri.dost.gov.ph/fct/library/report/3421"", ""value_for_portion"": 47.0, ""value_per_100g"": 47.0}, ""protein_g_100g"": {""label"": ""Verified"", ""source_name"": ""DOST-FNRI PhilFCT"", ""source_record_id"": ""D142"", ""source_url"": ""https://i.fnri.dost.gov.ph/fct/library/report/3421"", ""value_for_portion"": 1.2, ""value_per_100g"": 1.2}, ""sodium_mg_100g"": {""label"": ""Verified"", ""source_name"": ""DOST-FNRI PhilFCT"", ""source_record_id"": ""D142"", ""source_url"": ""https://i.fnri.dost.gov.ph/fct/library/report/3421"", ""value_for_portion"": 3.0, ""value_per_100g"": 3.0}, ""sugar_g_100g"": {""label"": ""Verified"", ""source_name"": ""DOST-FNRI PhilFCT"", ""source_record_id"": ""D142"", ""source_url"": ""https://i.fnri.dost.gov.ph/fct/library/report/3421"", ""value_for_portion"": 4.6, ""value_per_100g"": 4.6}}"
EST_WORLD_20260918_013_V1,FC000096,Butter,12,ASSUMED_REFERENCE_MIXTURE,772.0,0.5,0.0,85.5,0.0,0.0,550.0,227.0,"{""carbs_g_100g"": {""label"": ""Verified"", ""source_name"": ""DOST-FNRI PhilFCT"", ""source_record_id"": ""K001"", ""source_url"": ""https://i.fnri.dost.gov.ph/fct/library/report/4261"", ""value_for_portion"": 0.0, ""value_per_100g"": 0.0}, ""cholesterol_mg_100g"": {""label"": ""Verified"", ""source_name"": ""DOST-FNRI PhilFCT"", ""source_record_id"": ""K001"", ""source_url"": ""https://i.fnri.dost.gov.ph/fct/library/report/4261"", ""value_for_portion"": 227.0, ""value_per_100g"": 227.0}, ""fat_g_100g"": {""label"": ""Verified"", ""source_name"": ""DOST-FNRI PhilFCT"", ""source_record_id"": ""K001"", ""source_url"": ""https://i.fnri.dost.gov.ph/fct/library/report/4261"", ""value_for_portion"": 85.5, ""value_per_100g"": 85.5}, ""fiber_g_100g"": {""label"": ""Verified"", ""source_name"": ""DOST-FNRI PhilFCT"", ""source_record_id"": ""K001"", ""source_url"": ""https://i.fnri.dost.gov.ph/fct/library/report/4261"", ""value_for_portion"": 0.0, ""value_per_100g"": 0.0}, ""kcal_100g"": {""label"": ""Verified"", ""source_name"": ""DOST-FNRI PhilFCT"", ""source_record_id"": ""K001"", ""source_url"": ""https://i.fnri.dost.gov.ph/fct/library/report/4261"", ""value_for_portion"": 772.0, ""value_per_100g"": 772.0}, ""protein_g_100g"": {""label"": ""Verified"", ""source_name"": ""DOST-FNRI PhilFCT"", ""source_record_id"": ""K001"", ""source_url"": ""https://i.fnri.dost.gov.ph/fct/library/report/4261"", ""value_for_portion"": 0.5, ""value_per_100g"": 0.5}, ""sodium_mg_100g"": {""label"": ""Verified"", ""source_name"": ""DOST-FNRI PhilFCT"", ""source_record_id"": ""K001"", ""source_url"": ""https://i.fnri.dost.gov.ph/fct/library/report/4261"", ""value_for_portion"": 550.0, ""value_per_100g"": 550.0}, ""sugar_g_100g"": {""label"": ""Verified"", ""source_name"": ""DOST-FNRI PhilFCT"", ""source_record_id"": ""K001"", ""source_url"": ""https://i.fnri.dost.gov.ph/fct/library/report/4261"", ""value_for_portion"": 0.0, ""value_per_100g"": 0.0}}"
EST_WORLD_20260918_013_V1,FC000612,"Salt, coarse",1,ASSUMED_REFERENCE_MIXTURE,0.0,0.0,0.0,0.0,0.0,0.0,34836.0,0.0,"{""carbs_g_100g"": {""label"": ""Verified"", ""source_name"": ""DOST-FNRI PhilFCT"", ""source_record_id"": ""N019"", ""source_url"": ""https://i.fnri.dost.gov.ph/fct/library/report/4342"", ""value_for_portion"": 0.0, ""value_per_100g"": 0.0}, ""cholesterol_mg_100g"": {""label"": ""Verified"", ""source_name"": ""DOST-FNRI PhilFCT"", ""source_record_id"": ""N019"", ""source_url"": ""https://i.fnri.dost.gov.ph/fct/library/report/4342"", ""value_for_portion"": 0.0, ""value_per_100g"": 0.0}, ""fat_g_100g"": {""label"": ""Verified"", ""source_name"": ""DOST-FNRI PhilFCT"", ""source_record_id"": ""N019"", ""source_url"": ""https://i.fnri.dost.gov.ph/fct/library/report/4342"", ""value_for_portion"": 0.0, ""value_per_100g"": 0.0}, ""fiber_g_100g"": {""label"": ""Verified"", ""source_name"": ""DOST-FNRI PhilFCT"", ""source_record_id"": ""N019"", ""source_url"": ""https://i.fnri.dost.gov.ph/fct/library/report/4342"", ""value_for_portion"": 0.0, ""value_per_100g"": 0.0}, ""kcal_100g"": {""label"": ""Verified"", ""source_name"": ""DOST-FNRI PhilFCT"", ""source_record_id"": ""N019"", ""source_url"": ""https://i.fnri.dost.gov.ph/fct/library/report/4342"", ""value_for_portion"": 0.0, ""value_per_100g"": 0.0}, ""protein_g_100g"": {""label"": ""Verified"", ""source_name"": ""DOST-FNRI PhilFCT"", ""source_record_id"": ""N019"", ""source_url"": ""https://i.fnri.dost.gov.ph/fct/library/report/4342"", ""value_for_portion"": 0.0, ""value_per_100g"": 0.0}, ""sodium_mg_100g"": {""label"": ""Verified"", ""source_name"": ""DOST-FNRI PhilFCT"", ""source_record_id"": ""N019"", ""source_url"": ""https://i.fnri.dost.gov.ph/fct/library/report/4342"", ""value_for_portion"": 34836.0, ""value_per_100g"": 34836.0}, ""sugar_g_100g"": {""label"": ""Verified"", ""source_name"": ""DOST-FNRI PhilFCT"", ""source_record_id"": ""N019"", ""source_url"": ""https://i.fnri.dost.gov.ph/fct/library/report/4342"", ""value_for_portion"": 0.0, ""value_per_100g"": 0.0}}"
EST_WORLD_20260918_014_V1,FC000001,"Rice, well-milled, boiled",220,ASSUMED_REFERENCE_MIXTURE,129.0,2.1,29.7,0.2,0.4,0.1,3.0,0.0,"{""carbs_g_100g"": {""label"": ""Verified"", ""source_name"": ""DOST-FNRI PhilFCT"", ""source_record_id"": ""A020"", ""source_url"": ""https://i.fnri.dost.gov.ph/fct/library/report/2982"", ""value_for_portion"": 29.7, ""value_per_100g"": 29.7}, ""cholesterol_mg_100g"": {""label"": ""Verified"", ""source_name"": ""DOST-FNRI PhilFCT"", ""source_record_id"": ""A020"", ""source_url"": ""https://i.fnri.dost.gov.ph/fct/library/report/2982"", ""value_for_portion"": 0.0, ""value_per_100g"": 0.0}, ""fat_g_100g"": {""label"": ""Verified"", ""source_name"": ""DOST-FNRI PhilFCT"", ""source_record_id"": ""A020"", ""source_url"": ""https://i.fnri.dost.gov.ph/fct/library/report/2982"", ""value_for_portion"": 0.2, ""value_per_100g"": 0.2}, ""fiber_g_100g"": {""label"": ""Verified"", ""source_name"": ""DOST-FNRI PhilFCT"", ""source_record_id"": ""A020"", ""source_url"": ""https://i.fnri.dost.gov.ph/fct/library/report/2982"", ""value_for_portion"": 0.4, ""value_per_100g"": 0.4}, ""kcal_100g"": {""label"": ""Verified"", ""source_name"": ""DOST-FNRI PhilFCT"", ""source_record_id"": ""A020"", ""source_url"": ""https://i.fnri.dost.gov.ph/fct/library/report/2982"", ""value_for_portion"": 129.0, ""value_per_100g"": 129.0}, ""protein_g_100g"": {""label"": ""Verified"", ""source_name"": ""DOST-FNRI PhilFCT"", ""source_record_id"": ""A020"", ""source_url"": ""https://i.fnri.dost.gov.ph/fct/library/report/2982"", ""value_for_portion"": 2.1, ""value_per_100g"": 2.1}, ""sodium_mg_100g"": {""label"": ""Verified"", ""source_name"": ""DOST-FNRI PhilFCT"", ""source_record_id"": ""A020"", ""source_url"": ""https://i.fnri.dost.gov.ph/fct/library/report/2982"", ""value_for_portion"": 3.0, ""value_per_100g"": 3.0}, ""sugar_g_100g"": {""label"": ""Verified"", ""source_name"": ""DOST-FNRI PhilFCT"", ""source_record_id"": ""A020"", ""source_url"": ""https://i.fnri.dost.gov.ph/fct/library/report/2982"", ""value_for_portion"": 0.1, ""value_per_100g"": 0.1}}"
EST_WORLD_20260918_014_V1,FC000382,"Chicken, white meat, boiled",150,ASSUMED_REFERENCE_MIXTURE,173.0,32.9,0.0,4.6,0.0,0.0,81.0,,"{""carbs_g_100g"": {""label"": ""Verified"", ""source_name"": ""DOST-FNRI PhilFCT"", ""source_record_id"": ""F111"", ""source_url"": ""https://i.fnri.dost.gov.ph/fct/library/report/3818"", ""value_for_portion"": 0.0, ""value_per_100g"": 0.0}, ""cholesterol_mg_100g"": {""label"": ""Unknown"", ""source_name"": null, ""source_record_id"": null, ""source_url"": null, ""value_for_portion"": null, ""value_per_100g"": null}, ""fat_g_100g"": {""label"": ""Verified"", ""source_name"": ""DOST-FNRI PhilFCT"", ""source_record_id"": ""F111"", ""source_url"": ""https://i.fnri.dost.gov.ph/fct/library/report/3818"", ""value_for_portion"": 4.6, ""value_per_100g"": 4.6}, ""fiber_g_100g"": {""label"": ""Verified"", ""source_name"": ""DOST-FNRI PhilFCT"", ""source_record_id"": ""F111"", ""source_url"": ""https://i.fnri.dost.gov.ph/fct/library/report/3818"", ""value_for_portion"": 0.0, ""value_per_100g"": 0.0}, ""kcal_100g"": {""label"": ""Verified"", ""source_name"": ""DOST-FNRI PhilFCT"", ""source_record_id"": ""F111"", ""source_url"": ""https://i.fnri.dost.gov.ph/fct/library/report/3818"", ""value_for_portion"": 173.0, ""value_per_100g"": 173.0}, ""protein_g_100g"": {""label"": ""Verified"", ""source_name"": ""DOST-FNRI PhilFCT"", ""source_record_id"": ""F111"", ""source_url"": ""https://i.fnri.dost.gov.ph/fct/library/report/3818"", ""value_for_portion"": 32.9, ""value_per_100g"": 32.9}, ""sodium_mg_100g"": {""label"": ""Verified"", ""source_name"": ""DOST-FNRI PhilFCT"", ""source_record_id"": ""F111"", ""source_url"": ""https://i.fnri.dost.gov.ph/fct/library/report/3818"", ""value_for_portion"": 81.0, ""value_per_100g"": 81.0}, ""sugar_g_100g"": {""label"": ""Verified"", ""source_name"": ""DOST-FNRI PhilFCT"", ""source_record_id"": ""F111"", ""source_url"": ""https://i.fnri.dost.gov.ph/fct/library/report/3818"", ""value_for_portion"": 0.0, ""value_per_100g"": 0.0}}"
EST_WORLD_20260918_014_V1,FC000061,Tomato,45,ASSUMED_REFERENCE_MIXTURE,25.0,0.8,5.2,0.1,0.3,3.7,11.0,0.0,"{""carbs_g_100g"": {""label"": ""Verified"", ""source_name"": ""DOST-FNRI PhilFCT"", ""source_record_id"": ""D257"", ""source_url"": ""https://i.fnri.dost.gov.ph/fct/library/report/3536"", ""value_for_portion"": 5.2, ""value_per_100g"": 5.2}, ""cholesterol_mg_100g"": {""label"": ""Verified"", ""source_name"": ""DOST-FNRI PhilFCT"", ""source_record_id"": ""D257"", ""source_url"": ""https://i.fnri.dost.gov.ph/fct/library/report/3536"", ""value_for_portion"": 0.0, ""value_per_100g"": 0.0}, ""fat_g_100g"": {""label"": ""Verified"", ""source_name"": ""DOST-FNRI PhilFCT"", ""source_record_id"": ""D257"", ""source_url"": ""https://i.fnri.dost.gov.ph/fct/library/report/3536"", ""value_for_portion"": 0.1, ""value_per_100g"": 0.1}, ""fiber_g_100g"": {""label"": ""Verified"", ""source_name"": ""DOST-FNRI PhilFCT"", ""source_record_id"": ""D257"", ""source_url"": ""https://i.fnri.dost.gov.ph/fct/library/report/3536"", ""value_for_portion"": 0.3, ""value_per_100g"": 0.3}, ""kcal_100g"": {""label"": ""Verified"", ""source_name"": ""DOST-FNRI PhilFCT"", ""source_record_id"": ""D257"", ""source_url"": ""https://i.fnri.dost.gov.ph/fct/library/report/3536"", ""value_for_portion"": 25.0, ""value_per_100g"": 25.0}, ""protein_g_100g"": {""label"": ""Verified"", ""source_name"": ""DOST-FNRI PhilFCT"", ""source_record_id"": ""D257"", ""source_url"": ""https://i.fnri.dost.gov.ph/fct/library/report/3536"", ""value_for_portion"": 0.8, ""value_per_100g"": 0.8}, ""sodium_mg_100g"": {""label"": ""Verified"", ""source_name"": ""DOST-FNRI PhilFCT"", ""source_record_id"": ""D257"", ""source_url"": ""https://i.fnri.dost.gov.ph/fct/library/report/3536"", ""value_for_portion"": 11.0, ""value_per_100g"": 11.0}, ""sugar_g_100g"": {""label"": ""Verified"", ""source_name"": ""DOST-FNRI PhilFCT"", ""source_record_id"": ""D257"", ""source_url"": ""https://i.fnri.dost.gov.ph/fct/library/report/3536"", ""value_for_portion"": 3.7, ""value_per_100g"": 3.7}}"
EST_WORLD_20260918_014_V1,FC000333,"Onion, Bombay bulb, boiled",20,ASSUMED_REFERENCE_MIXTURE,47.0,1.2,9.7,0.4,1.3,4.6,3.0,0.0,"{""carbs_g_100g"": {""label"": ""Verified"", ""source_name"": ""DOST-FNRI PhilFCT"", ""source_record_id"": ""D142"", ""source_url"": ""https://i.fnri.dost.gov.ph/fct/library/report/3421"", ""value_for_portion"": 9.7, ""value_per_100g"": 9.7}, ""cholesterol_mg_100g"": {""label"": ""Verified"", ""source_name"": ""DOST-FNRI PhilFCT"", ""source_record_id"": ""D142"", ""source_url"": ""https://i.fnri.dost.gov.ph/fct/library/report/3421"", ""value_for_portion"": 0.0, ""value_per_100g"": 0.0}, ""fat_g_100g"": {""label"": ""Verified"", ""source_name"": ""DOST-FNRI PhilFCT"", ""source_record_id"": ""D142"", ""source_url"": ""https://i.fnri.dost.gov.ph/fct/library/report/3421"", ""value_for_portion"": 0.4, ""value_per_100g"": 0.4}, ""fiber_g_100g"": {""label"": ""Verified"", ""source_name"": ""DOST-FNRI PhilFCT"", ""source_record_id"": ""D142"", ""source_url"": ""https://i.fnri.dost.gov.ph/fct/library/report/3421"", ""value_for_portion"": 1.3, ""value_per_100g"": 1.3}, ""kcal_100g"": {""label"": ""Verified"", ""source_name"": ""DOST-FNRI PhilFCT"", ""source_record_id"": ""D142"", ""source_url"": ""https://i.fnri.dost.gov.ph/fct/library/report/3421"", ""value_for_portion"": 47.0, ""value_per_100g"": 47.0}, ""protein_g_100g"": {""label"": ""Verified"", ""source_name"": ""DOST-FNRI PhilFCT"", ""source_record_id"": ""D142"", ""source_url"": ""https://i.fnri.dost.gov.ph/fct/library/report/3421"", ""value_for_portion"": 1.2, ""value_per_100g"": 1.2}, ""sodium_mg_100g"": {""label"": ""Verified"", ""source_name"": ""DOST-FNRI PhilFCT"", ""source_record_id"": ""D142"", ""source_url"": ""https://i.fnri.dost.gov.ph/fct/library/report/3421"", ""value_for_portion"": 3.0, ""value_per_100g"": 3.0}, ""sugar_g_100g"": {""label"": ""Verified"", ""source_name"": ""DOST-FNRI PhilFCT"", ""source_record_id"": ""D142"", ""source_url"": ""https://i.fnri.dost.gov.ph/fct/library/report/3421"", ""value_for_portion"": 4.6, ""value_per_100g"": 4.6}}"
EST_WORLD_20260918_014_V1,FC000096,Butter,12,ASSUMED_REFERENCE_MIXTURE,772.0,0.5,0.0,85.5,0.0,0.0,550.0,227.0,"{""carbs_g_100g"": {""label"": ""Verified"", ""source_name"": ""DOST-FNRI PhilFCT"", ""source_record_id"": ""K001"", ""source_url"": ""https://i.fnri.dost.gov.ph/fct/library/report/4261"", ""value_for_portion"": 0.0, ""value_per_100g"": 0.0}, ""cholesterol_mg_100g"": {""label"": ""Verified"", ""source_name"": ""DOST-FNRI PhilFCT"", ""source_record_id"": ""K001"", ""source_url"": ""https://i.fnri.dost.gov.ph/fct/library/report/4261"", ""value_for_portion"": 227.0, ""value_per_100g"": 227.0}, ""fat_g_100g"": {""label"": ""Verified"", ""source_name"": ""DOST-FNRI PhilFCT"", ""source_record_id"": ""K001"", ""source_url"": ""https://i.fnri.dost.gov.ph/fct/library/report/4261"", ""value_for_portion"": 85.5, ""value_per_100g"": 85.5}, ""fiber_g_100g"": {""label"": ""Verified"", ""source_name"": ""DOST-FNRI PhilFCT"", ""source_record_id"": ""K001"", ""source_url"": ""https://i.fnri.dost.gov.ph/fct/library/report/4261"", ""value_for_portion"": 0.0, ""value_per_100g"": 0.0}, ""kcal_100g"": {""label"": ""Verified"", ""source_name"": ""DOST-FNRI PhilFCT"", ""source_record_id"": ""K001"", ""source_url"": ""https://i.fnri.dost.gov.ph/fct/library/report/4261"", ""value_for_portion"": 772.0, ""value_per_100g"": 772.0}, ""protein_g_100g"": {""label"": ""Verified"", ""source_name"": ""DOST-FNRI PhilFCT"", ""source_record_id"": ""K001"", ""source_url"": ""https://i.fnri.dost.gov.ph/fct/library/report/4261"", ""value_for_portion"": 0.5, ""value_per_100g"": 0.5}, ""sodium_mg_100g"": {""label"": ""Verified"", ""source_name"": ""DOST-FNRI PhilFCT"", ""source_record_id"": ""K001"", ""source_url"": ""https://i.fnri.dost.gov.ph/fct/library/report/4261"", ""value_for_portion"": 550.0, ""value_per_100g"": 550.0}, ""sugar_g_100g"": {""label"": ""Verified"", ""source_name"": ""DOST-FNRI PhilFCT"", ""source_record_id"": ""K001"", ""source_url"": ""https://i.fnri.dost.gov.ph/fct/library/report/4261"", ""value_for_portion"": 0.0, ""value_per_100g"": 0.0}}"
EST_WORLD_20260918_014_V1,FC000642,"Oil, corn",6,ASSUMED_REFERENCE_MIXTURE,896.0,0.0,0.0,99.6,0.0,0.0,0.0,0.0,"{""carbs_g_100g"": {""label"": ""Verified"", ""source_name"": ""DOST-FNRI PhilFCT"", ""source_record_id"": ""K009"", ""source_url"": ""https://i.fnri.dost.gov.ph/fct/library/report/4269"", ""value_for_portion"": 0.0, ""value_per_100g"": 0.0}, ""cholesterol_mg_100g"": {""label"": ""Verified"", ""source_name"": ""DOST-FNRI PhilFCT"", ""source_record_id"": ""K009"", ""source_url"": ""https://i.fnri.dost.gov.ph/fct/library/report/4269"", ""value_for_portion"": 0.0, ""value_per_100g"": 0.0}, ""fat_g_100g"": {""label"": ""Verified"", ""source_name"": ""DOST-FNRI PhilFCT"", ""source_record_id"": ""K009"", ""source_url"": ""https://i.fnri.dost.gov.ph/fct/library/report/4269"", ""value_for_portion"": 99.6, ""value_per_100g"": 99.6}, ""fiber_g_100g"": {""label"": ""Verified"", ""source_name"": ""DOST-FNRI PhilFCT"", ""source_record_id"": ""K009"", ""source_url"": ""https://i.fnri.dost.gov.ph/fct/library/report/4269"", ""value_for_portion"": 0.0, ""value_per_100g"": 0.0}, ""kcal_100g"": {""label"": ""Verified"", ""source_name"": ""DOST-FNRI PhilFCT"", ""source_record_id"": ""K009"", ""source_url"": ""https://i.fnri.dost.gov.ph/fct/library/report/4269"", ""value_for_portion"": 896.0, ""value_per_100g"": 896.0}, ""protein_g_100g"": {""label"": ""Verified"", ""source_name"": ""DOST-FNRI PhilFCT"", ""source_record_id"": ""K009"", ""source_url"": ""https://i.fnri.dost.gov.ph/fct/library/report/4269"", ""value_for_portion"": 0.0, ""value_per_100g"": 0.0}, ""sodium_mg_100g"": {""label"": ""Verified"", ""source_name"": ""DOST-FNRI PhilFCT"", ""source_record_id"": ""K009"", ""source_url"": ""https://i.fnri.dost.gov.ph/fct/library/report/4269"", ""value_for_portion"": 0.0, ""value_per_100g"": 0.0}, ""sugar_g_100g"": {""label"": ""Verified"", ""source_name"": ""DOST-FNRI PhilFCT"", ""source_record_id"": ""K009"", ""source_url"": ""https://i.fnri.dost.gov.ph/fct/library/report/4269"", ""value_for_portion"": 0.0, ""value_per_100g"": 0.0}}"
EST_WORLD_20260918_014_V1,FC000612,"Salt, coarse",1,ASSUMED_REFERENCE_MIXTURE,0.0,0.0,0.0,0.0,0.0,0.0,34836.0,0.0,"{""carbs_g_100g"": {""label"": ""Verified"", ""source_name"": ""DOST-FNRI PhilFCT"", ""source_record_id"": ""N019"", ""source_url"": ""https://i.fnri.dost.gov.ph/fct/library/report/4342"", ""value_for_portion"": 0.0, ""value_per_100g"": 0.0}, ""cholesterol_mg_100g"": {""label"": ""Verified"", ""source_name"": ""DOST-FNRI PhilFCT"", ""source_record_id"": ""N019"", ""source_url"": ""https://i.fnri.dost.gov.ph/fct/library/report/4342"", ""value_for_portion"": 0.0, ""value_per_100g"": 0.0}, ""fat_g_100g"": {""label"": ""Verified"", ""source_name"": ""DOST-FNRI PhilFCT"", ""source_record_id"": ""N019"", ""source_url"": ""https://i.fnri.dost.gov.ph/fct/library/report/4342"", ""value_for_portion"": 0.0, ""value_per_100g"": 0.0}, ""fiber_g_100g"": {""label"": ""Verified"", ""source_name"": ""DOST-FNRI PhilFCT"", ""source_record_id"": ""N019"", ""source_url"": ""https://i.fnri.dost.gov.ph/fct/library/report/4342"", ""value_for_portion"": 0.0, ""value_per_100g"": 0.0}, ""kcal_100g"": {""label"": ""Verified"", ""source_name"": ""DOST-FNRI PhilFCT"", ""source_record_id"": ""N019"", ""source_url"": ""https://i.fnri.dost.gov.ph/fct/library/report/4342"", ""value_for_portion"": 0.0, ""value_per_100g"": 0.0}, ""protein_g_100g"": {""label"": ""Verified"", ""source_name"": ""DOST-FNRI PhilFCT"", ""source_record_id"": ""N019"", ""source_url"": ""https://i.fnri.dost.gov.ph/fct/library/report/4342"", ""value_for_portion"": 0.0, ""value_per_100g"": 0.0}, ""sodium_mg_100g"": {""label"": ""Verified"", ""source_name"": ""DOST-FNRI PhilFCT"", ""source_record_id"": ""N019"", ""source_url"": ""https://i.fnri.dost.gov.ph/fct/library/report/4342"", ""value_for_portion"": 34836.0, ""value_per_100g"": 34836.0}, ""sugar_g_100g"": {""label"": ""Verified"", ""source_name"": ""DOST-FNRI PhilFCT"", ""source_record_id"": ""N019"", ""source_url"": ""https://i.fnri.dost.gov.ph/fct/library/report/4342"", ""value_for_portion"": 0.0, ""value_per_100g"": 0.0}}"
EST_WORLD_20260918_015_V1,FC001971,"Bread, pita, white, enriched",65,ASSUMED_REFERENCE_MIXTURE,275.0,9.1,55.7,1.2,2.2,1.3,536.0,0.0,"{""carbs_g_100g"": {""label"": ""Other source"", ""source_name"": ""USDA FoodData Central SR Legacy"", ""source_record_id"": ""USDA_FC001971_174915"", ""source_url"": ""https://fdc.nal.usda.gov/food-details/174915/nutrients"", ""value_for_portion"": 55.7, ""value_per_100g"": 55.7}, ""cholesterol_mg_100g"": {""label"": ""Other source"", ""source_name"": ""USDA FoodData Central SR Legacy"", ""source_record_id"": ""USDA_FC001971_174915"", ""source_url"": ""https://fdc.nal.usda.gov/food-details/174915/nutrients"", ""value_for_portion"": 0.0, ""value_per_100g"": 0.0}, ""fat_g_100g"": {""label"": ""Other source"", ""source_name"": ""USDA FoodData Central SR Legacy"", ""source_record_id"": ""USDA_FC001971_174915"", ""source_url"": ""https://fdc.nal.usda.gov/food-details/174915/nutrients"", ""value_for_portion"": 1.2, ""value_per_100g"": 1.2}, ""fiber_g_100g"": {""label"": ""Other source"", ""source_name"": ""USDA FoodData Central SR Legacy"", ""source_record_id"": ""USDA_FC001971_174915"", ""source_url"": ""https://fdc.nal.usda.gov/food-details/174915/nutrients"", ""value_for_portion"": 2.2, ""value_per_100g"": 2.2}, ""kcal_100g"": {""label"": ""Other source"", ""source_name"": ""USDA FoodData Central SR Legacy"", ""source_record_id"": ""USDA_FC001971_174915"", ""source_url"": ""https://fdc.nal.usda.gov/food-details/174915/nutrients"", ""value_for_portion"": 275.0, ""value_per_100g"": 275.0}, ""protein_g_100g"": {""label"": ""Other source"", ""source_name"": ""USDA FoodData Central SR Legacy"", ""source_record_id"": ""USDA_FC001971_174915"", ""source_url"": ""https://fdc.nal.usda.gov/food-details/174915/nutrients"", ""value_for_portion"": 9.1, ""value_per_100g"": 9.1}, ""sodium_mg_100g"": {""label"": ""Other source"", ""source_name"": ""USDA FoodData Central SR Legacy"", ""source_record_id"": ""USDA_FC001971_174915"", ""source_url"": ""https://fdc.nal.usda.gov/food-details/174915/nutrients"", ""value_for_portion"": 536.0, ""value_per_100g"": 536.0}, ""sugar_g_100g"": {""label"": ""Other source"", ""source_name"": ""USDA FoodData Central SR Legacy"", ""source_record_id"": ""USDA_FC001971_174915"", ""source_url"": ""https://fdc.nal.usda.gov/food-details/174915/nutrients"", ""value_for_portion"": 1.3, ""value_per_100g"": 1.3}}"
EST_WORLD_20260918_015_V1,FC000137,"Beef, ground, 80% lean meat / 20% fat, crumbles, cooked, pan-browned",100,ASSUMED_REFERENCE_MIXTURE,272.0,27.0,0.0,17.36,0.0,0.0,91.0,89.0,"{""carbs_g_100g"": {""label"": ""Other source"", ""source_name"": ""USDA FoodData Central SR Legacy"", ""source_record_id"": ""USDA_FC000137_171799"", ""source_url"": ""https://fdc.nal.usda.gov/food-details/171799/nutrients"", ""value_for_portion"": 0.0, ""value_per_100g"": 0.0}, ""cholesterol_mg_100g"": {""label"": ""Other source"", ""source_name"": ""USDA FoodData Central SR Legacy"", ""source_record_id"": ""USDA_FC000137_171799"", ""source_url"": ""https://fdc.nal.usda.gov/food-details/171799/nutrients"", ""value_for_portion"": 89.0, ""value_per_100g"": 89.0}, ""fat_g_100g"": {""label"": ""Other source"", ""source_name"": ""USDA FoodData Central SR Legacy"", ""source_record_id"": ""USDA_FC000137_171799"", ""source_url"": ""https://fdc.nal.usda.gov/food-details/171799/nutrients"", ""value_for_portion"": 17.36, ""value_per_100g"": 17.36}, ""fiber_g_100g"": {""label"": ""Other source"", ""source_name"": ""USDA FoodData Central SR Legacy"", ""source_record_id"": ""USDA_FC000137_171799"", ""source_url"": ""https://fdc.nal.usda.gov/food-details/171799/nutrients"", ""value_for_portion"": 0.0, ""value_per_100g"": 0.0}, ""kcal_100g"": {""label"": ""Other source"", ""source_name"": ""USDA FoodData Central SR Legacy"", ""source_record_id"": ""USDA_FC000137_171799"", ""source_url"": ""https://fdc.nal.usda.gov/food-details/171799/nutrients"", ""value_for_portion"": 272.0, ""value_per_100g"": 272.0}, ""protein_g_100g"": {""label"": ""Other source"", ""source_name"": ""USDA FoodData Central SR Legacy"", ""source_record_id"": ""USDA_FC000137_171799"", ""source_url"": ""https://fdc.nal.usda.gov/food-details/171799/nutrients"", ""value_for_portion"": 27.0, ""value_per_100g"": 27.0}, ""sodium_mg_100g"": {""label"": ""Other source"", ""source_name"": ""USDA FoodData Central SR Legacy"", ""source_record_id"": ""USDA_FC000137_171799"", ""source_url"": ""https://fdc.nal.usda.gov/food-details/171799/nutrients"", ""value_for_portion"": 91.0, ""value_per_100g"": 91.0}, ""sugar_g_100g"": {""label"": ""Other source"", ""source_name"": ""USDA FoodData Central SR Legacy"", ""source_record_id"": ""USDA_FC000137_171799"", ""source_url"": ""https://fdc.nal.usda.gov/food-details/171799/nutrients"", ""value_for_portion"": 0.0, ""value_per_100g"": 0.0}}"
EST_WORLD_20260918_015_V1,FC000061,Tomato,25,ASSUMED_REFERENCE_MIXTURE,25.0,0.8,5.2,0.1,0.3,3.7,11.0,0.0,"{""carbs_g_100g"": {""label"": ""Verified"", ""source_name"": ""DOST-FNRI PhilFCT"", ""source_record_id"": ""D257"", ""source_url"": ""https://i.fnri.dost.gov.ph/fct/library/report/3536"", ""value_for_portion"": 5.2, ""value_per_100g"": 5.2}, ""cholesterol_mg_100g"": {""label"": ""Verified"", ""source_name"": ""DOST-FNRI PhilFCT"", ""source_record_id"": ""D257"", ""source_url"": ""https://i.fnri.dost.gov.ph/fct/library/report/3536"", ""value_for_portion"": 0.0, ""value_per_100g"": 0.0}, ""fat_g_100g"": {""label"": ""Verified"", ""source_name"": ""DOST-FNRI PhilFCT"", ""source_record_id"": ""D257"", ""source_url"": ""https://i.fnri.dost.gov.ph/fct/library/report/3536"", ""value_for_portion"": 0.1, ""value_per_100g"": 0.1}, ""fiber_g_100g"": {""label"": ""Verified"", ""source_name"": ""DOST-FNRI PhilFCT"", ""source_record_id"": ""D257"", ""source_url"": ""https://i.fnri.dost.gov.ph/fct/library/report/3536"", ""value_for_portion"": 0.3, ""value_per_100g"": 0.3}, ""kcal_100g"": {""label"": ""Verified"", ""source_name"": ""DOST-FNRI PhilFCT"", ""source_record_id"": ""D257"", ""source_url"": ""https://i.fnri.dost.gov.ph/fct/library/report/3536"", ""value_for_portion"": 25.0, ""value_per_100g"": 25.0}, ""protein_g_100g"": {""label"": ""Verified"", ""source_name"": ""DOST-FNRI PhilFCT"", ""source_record_id"": ""D257"", ""source_url"": ""https://i.fnri.dost.gov.ph/fct/library/report/3536"", ""value_for_portion"": 0.8, ""value_per_100g"": 0.8}, ""sodium_mg_100g"": {""label"": ""Verified"", ""source_name"": ""DOST-FNRI PhilFCT"", ""source_record_id"": ""D257"", ""source_url"": ""https://i.fnri.dost.gov.ph/fct/library/report/3536"", ""value_for_portion"": 11.0, ""value_per_100g"": 11.0}, ""sugar_g_100g"": {""label"": ""Verified"", ""source_name"": ""DOST-FNRI PhilFCT"", ""source_record_id"": ""D257"", ""source_url"": ""https://i.fnri.dost.gov.ph/fct/library/report/3536"", ""value_for_portion"": 3.7, ""value_per_100g"": 3.7}}"
EST_WORLD_20260918_015_V1,FC000333,"Onion, Bombay bulb, boiled",15,ASSUMED_REFERENCE_MIXTURE,47.0,1.2,9.7,0.4,1.3,4.6,3.0,0.0,"{""carbs_g_100g"": {""label"": ""Verified"", ""source_name"": ""DOST-FNRI PhilFCT"", ""source_record_id"": ""D142"", ""source_url"": ""https://i.fnri.dost.gov.ph/fct/library/report/3421"", ""value_for_portion"": 9.7, ""value_per_100g"": 9.7}, ""cholesterol_mg_100g"": {""label"": ""Verified"", ""source_name"": ""DOST-FNRI PhilFCT"", ""source_record_id"": ""D142"", ""source_url"": ""https://i.fnri.dost.gov.ph/fct/library/report/3421"", ""value_for_portion"": 0.0, ""value_per_100g"": 0.0}, ""fat_g_100g"": {""label"": ""Verified"", ""source_name"": ""DOST-FNRI PhilFCT"", ""source_record_id"": ""D142"", ""source_url"": ""https://i.fnri.dost.gov.ph/fct/library/report/3421"", ""value_for_portion"": 0.4, ""value_per_100g"": 0.4}, ""fiber_g_100g"": {""label"": ""Verified"", ""source_name"": ""DOST-FNRI PhilFCT"", ""source_record_id"": ""D142"", ""source_url"": ""https://i.fnri.dost.gov.ph/fct/library/report/3421"", ""value_for_portion"": 1.3, ""value_per_100g"": 1.3}, ""kcal_100g"": {""label"": ""Verified"", ""source_name"": ""DOST-FNRI PhilFCT"", ""source_record_id"": ""D142"", ""source_url"": ""https://i.fnri.dost.gov.ph/fct/library/report/3421"", ""value_for_portion"": 47.0, ""value_per_100g"": 47.0}, ""protein_g_100g"": {""label"": ""Verified"", ""source_name"": ""DOST-FNRI PhilFCT"", ""source_record_id"": ""D142"", ""source_url"": ""https://i.fnri.dost.gov.ph/fct/library/report/3421"", ""value_for_portion"": 1.2, ""value_per_100g"": 1.2}, ""sodium_mg_100g"": {""label"": ""Verified"", ""source_name"": ""DOST-FNRI PhilFCT"", ""source_record_id"": ""D142"", ""source_url"": ""https://i.fnri.dost.gov.ph/fct/library/report/3421"", ""value_for_portion"": 3.0, ""value_per_100g"": 3.0}, ""sugar_g_100g"": {""label"": ""Verified"", ""source_name"": ""DOST-FNRI PhilFCT"", ""source_record_id"": ""D142"", ""source_url"": ""https://i.fnri.dost.gov.ph/fct/library/report/3421"", ""value_for_portion"": 4.6, ""value_per_100g"": 4.6}}"
EST_WORLD_20260918_015_V1,FC000641,Mayonnaise,18,ASSUMED_REFERENCE_MIXTURE,715.0,1.2,1.4,78.3,0.0,0.6,506.0,44.0,"{""carbs_g_100g"": {""label"": ""Verified"", ""source_name"": ""DOST-FNRI PhilFCT"", ""source_record_id"": ""K007"", ""source_url"": ""https://i.fnri.dost.gov.ph/fct/library/report/4267"", ""value_for_portion"": 1.4, ""value_per_100g"": 1.4}, ""cholesterol_mg_100g"": {""label"": ""Verified"", ""source_name"": ""DOST-FNRI PhilFCT"", ""source_record_id"": ""K007"", ""source_url"": ""https://i.fnri.dost.gov.ph/fct/library/report/4267"", ""value_for_portion"": 44.0, ""value_per_100g"": 44.0}, ""fat_g_100g"": {""label"": ""Verified"", ""source_name"": ""DOST-FNRI PhilFCT"", ""source_record_id"": ""K007"", ""source_url"": ""https://i.fnri.dost.gov.ph/fct/library/report/4267"", ""value_for_portion"": 78.3, ""value_per_100g"": 78.3}, ""fiber_g_100g"": {""label"": ""Verified"", ""source_name"": ""DOST-FNRI PhilFCT"", ""source_record_id"": ""K007"", ""source_url"": ""https://i.fnri.dost.gov.ph/fct/library/report/4267"", ""value_for_portion"": 0.0, ""value_per_100g"": 0.0}, ""kcal_100g"": {""label"": ""Verified"", ""source_name"": ""DOST-FNRI PhilFCT"", ""source_record_id"": ""K007"", ""source_url"": ""https://i.fnri.dost.gov.ph/fct/library/report/4267"", ""value_for_portion"": 715.0, ""value_per_100g"": 715.0}, ""protein_g_100g"": {""label"": ""Verified"", ""source_name"": ""DOST-FNRI PhilFCT"", ""source_record_id"": ""K007"", ""source_url"": ""https://i.fnri.dost.gov.ph/fct/library/report/4267"", ""value_for_portion"": 1.2, ""value_per_100g"": 1.2}, ""sodium_mg_100g"": {""label"": ""Verified"", ""source_name"": ""DOST-FNRI PhilFCT"", ""source_record_id"": ""K007"", ""source_url"": ""https://i.fnri.dost.gov.ph/fct/library/report/4267"", ""value_for_portion"": 506.0, ""value_per_100g"": 506.0}, ""sugar_g_100g"": {""label"": ""Verified"", ""source_name"": ""DOST-FNRI PhilFCT"", ""source_record_id"": ""K007"", ""source_url"": ""https://i.fnri.dost.gov.ph/fct/library/report/4267"", ""value_for_portion"": 0.6, ""value_per_100g"": 0.6}}"
EST_WORLD_20260918_015_V1,FC000070,Garlic bulb,3,ASSUMED_REFERENCE_MIXTURE,129.0,7.0,24.6,0.3,1.7,0.8,10.0,0.0,"{""carbs_g_100g"": {""label"": ""Verified"", ""source_name"": ""DOST-FNRI PhilFCT"", ""source_record_id"": ""D084"", ""source_url"": ""https://i.fnri.dost.gov.ph/fct/library/report/3363"", ""value_for_portion"": 24.6, ""value_per_100g"": 24.6}, ""cholesterol_mg_100g"": {""label"": ""Verified"", ""source_name"": ""DOST-FNRI PhilFCT"", ""source_record_id"": ""D084"", ""source_url"": ""https://i.fnri.dost.gov.ph/fct/library/report/3363"", ""value_for_portion"": 0.0, ""value_per_100g"": 0.0}, ""fat_g_100g"": {""label"": ""Verified"", ""source_name"": ""DOST-FNRI PhilFCT"", ""source_record_id"": ""D084"", ""source_url"": ""https://i.fnri.dost.gov.ph/fct/library/report/3363"", ""value_for_portion"": 0.3, ""value_per_100g"": 0.3}, ""fiber_g_100g"": {""label"": ""Verified"", ""source_name"": ""DOST-FNRI PhilFCT"", ""source_record_id"": ""D084"", ""source_url"": ""https://i.fnri.dost.gov.ph/fct/library/report/3363"", ""value_for_portion"": 1.7, ""value_per_100g"": 1.7}, ""kcal_100g"": {""label"": ""Verified"", ""source_name"": ""DOST-FNRI PhilFCT"", ""source_record_id"": ""D084"", ""source_url"": ""https://i.fnri.dost.gov.ph/fct/library/report/3363"", ""value_for_portion"": 129.0, ""value_per_100g"": 129.0}, ""protein_g_100g"": {""label"": ""Verified"", ""source_name"": ""DOST-FNRI PhilFCT"", ""source_record_id"": ""D084"", ""source_url"": ""https://i.fnri.dost.gov.ph/fct/library/report/3363"", ""value_for_portion"": 7.0, ""value_per_100g"": 7.0}, ""sodium_mg_100g"": {""label"": ""Verified"", ""source_name"": ""DOST-FNRI PhilFCT"", ""source_record_id"": ""D084"", ""source_url"": ""https://i.fnri.dost.gov.ph/fct/library/report/3363"", ""value_for_portion"": 10.0, ""value_per_100g"": 10.0}, ""sugar_g_100g"": {""label"": ""Verified"", ""source_name"": ""DOST-FNRI PhilFCT"", ""source_record_id"": ""D084"", ""source_url"": ""https://i.fnri.dost.gov.ph/fct/library/report/3363"", ""value_for_portion"": 0.8, ""value_per_100g"": 0.8}}"
EST_WORLD_20260918_016_V1,FC000382,"Chicken, white meat, boiled",150,ASSUMED_REFERENCE_MIXTURE,173.0,32.9,0.0,4.6,0.0,0.0,81.0,,"{""carbs_g_100g"": {""label"": ""Verified"", ""source_name"": ""DOST-FNRI PhilFCT"", ""source_record_id"": ""F111"", ""source_url"": ""https://i.fnri.dost.gov.ph/fct/library/report/3818"", ""value_for_portion"": 0.0, ""value_per_100g"": 0.0}, ""cholesterol_mg_100g"": {""label"": ""Unknown"", ""source_name"": null, ""source_record_id"": null, ""source_url"": null, ""value_for_portion"": null, ""value_per_100g"": null}, ""fat_g_100g"": {""label"": ""Verified"", ""source_name"": ""DOST-FNRI PhilFCT"", ""source_record_id"": ""F111"", ""source_url"": ""https://i.fnri.dost.gov.ph/fct/library/report/3818"", ""value_for_portion"": 4.6, ""value_per_100g"": 4.6}, ""fiber_g_100g"": {""label"": ""Verified"", ""source_name"": ""DOST-FNRI PhilFCT"", ""source_record_id"": ""F111"", ""source_url"": ""https://i.fnri.dost.gov.ph/fct/library/report/3818"", ""value_for_portion"": 0.0, ""value_per_100g"": 0.0}, ""kcal_100g"": {""label"": ""Verified"", ""source_name"": ""DOST-FNRI PhilFCT"", ""source_record_id"": ""F111"", ""source_url"": ""https://i.fnri.dost.gov.ph/fct/library/report/3818"", ""value_for_portion"": 173.0, ""value_per_100g"": 173.0}, ""protein_g_100g"": {""label"": ""Verified"", ""source_name"": ""DOST-FNRI PhilFCT"", ""source_record_id"": ""F111"", ""source_url"": ""https://i.fnri.dost.gov.ph/fct/library/report/3818"", ""value_for_portion"": 32.9, ""value_per_100g"": 32.9}, ""sodium_mg_100g"": {""label"": ""Verified"", ""source_name"": ""DOST-FNRI PhilFCT"", ""source_record_id"": ""F111"", ""source_url"": ""https://i.fnri.dost.gov.ph/fct/library/report/3818"", ""value_for_portion"": 81.0, ""value_per_100g"": 81.0}, ""sugar_g_100g"": {""label"": ""Verified"", ""source_name"": ""DOST-FNRI PhilFCT"", ""source_record_id"": ""F111"", ""source_url"": ""https://i.fnri.dost.gov.ph/fct/library/report/3818"", ""value_for_portion"": 0.0, ""value_per_100g"": 0.0}}"
EST_WORLD_20260918_016_V1,FC000642,"Oil, corn",10,ASSUMED_REFERENCE_MIXTURE,896.0,0.0,0.0,99.6,0.0,0.0,0.0,0.0,"{""carbs_g_100g"": {""label"": ""Verified"", ""source_name"": ""DOST-FNRI PhilFCT"", ""source_record_id"": ""K009"", ""source_url"": ""https://i.fnri.dost.gov.ph/fct/library/report/4269"", ""value_for_portion"": 0.0, ""value_per_100g"": 0.0}, ""cholesterol_mg_100g"": {""label"": ""Verified"", ""source_name"": ""DOST-FNRI PhilFCT"", ""source_record_id"": ""K009"", ""source_url"": ""https://i.fnri.dost.gov.ph/fct/library/report/4269"", ""value_for_portion"": 0.0, ""value_per_100g"": 0.0}, ""fat_g_100g"": {""label"": ""Verified"", ""source_name"": ""DOST-FNRI PhilFCT"", ""source_record_id"": ""K009"", ""source_url"": ""https://i.fnri.dost.gov.ph/fct/library/report/4269"", ""value_for_portion"": 99.6, ""value_per_100g"": 99.6}, ""fiber_g_100g"": {""label"": ""Verified"", ""source_name"": ""DOST-FNRI PhilFCT"", ""source_record_id"": ""K009"", ""source_url"": ""https://i.fnri.dost.gov.ph/fct/library/report/4269"", ""value_for_portion"": 0.0, ""value_per_100g"": 0.0}, ""kcal_100g"": {""label"": ""Verified"", ""source_name"": ""DOST-FNRI PhilFCT"", ""source_record_id"": ""K009"", ""source_url"": ""https://i.fnri.dost.gov.ph/fct/library/report/4269"", ""value_for_portion"": 896.0, ""value_per_100g"": 896.0}, ""protein_g_100g"": {""label"": ""Verified"", ""source_name"": ""DOST-FNRI PhilFCT"", ""source_record_id"": ""K009"", ""source_url"": ""https://i.fnri.dost.gov.ph/fct/library/report/4269"", ""value_for_portion"": 0.0, ""value_per_100g"": 0.0}, ""sodium_mg_100g"": {""label"": ""Verified"", ""source_name"": ""DOST-FNRI PhilFCT"", ""source_record_id"": ""K009"", ""source_url"": ""https://i.fnri.dost.gov.ph/fct/library/report/4269"", ""value_for_portion"": 0.0, ""value_per_100g"": 0.0}, ""sugar_g_100g"": {""label"": ""Verified"", ""source_name"": ""DOST-FNRI PhilFCT"", ""source_record_id"": ""K009"", ""source_url"": ""https://i.fnri.dost.gov.ph/fct/library/report/4269"", ""value_for_portion"": 0.0, ""value_per_100g"": 0.0}}"
EST_WORLD_20260918_016_V1,FC000333,"Onion, Bombay bulb, boiled",15,ASSUMED_REFERENCE_MIXTURE,47.0,1.2,9.7,0.4,1.3,4.6,3.0,0.0,"{""carbs_g_100g"": {""label"": ""Verified"", ""source_name"": ""DOST-FNRI PhilFCT"", ""source_record_id"": ""D142"", ""source_url"": ""https://i.fnri.dost.gov.ph/fct/library/report/3421"", ""value_for_portion"": 9.7, ""value_per_100g"": 9.7}, ""cholesterol_mg_100g"": {""label"": ""Verified"", ""source_name"": ""DOST-FNRI PhilFCT"", ""source_record_id"": ""D142"", ""source_url"": ""https://i.fnri.dost.gov.ph/fct/library/report/3421"", ""value_for_portion"": 0.0, ""value_per_100g"": 0.0}, ""fat_g_100g"": {""label"": ""Verified"", ""source_name"": ""DOST-FNRI PhilFCT"", ""source_record_id"": ""D142"", ""source_url"": ""https://i.fnri.dost.gov.ph/fct/library/report/3421"", ""value_for_portion"": 0.4, ""value_per_100g"": 0.4}, ""fiber_g_100g"": {""label"": ""Verified"", ""source_name"": ""DOST-FNRI PhilFCT"", ""source_record_id"": ""D142"", ""source_url"": ""https://i.fnri.dost.gov.ph/fct/library/report/3421"", ""value_for_portion"": 1.3, ""value_per_100g"": 1.3}, ""kcal_100g"": {""label"": ""Verified"", ""source_name"": ""DOST-FNRI PhilFCT"", ""source_record_id"": ""D142"", ""source_url"": ""https://i.fnri.dost.gov.ph/fct/library/report/3421"", ""value_for_portion"": 47.0, ""value_per_100g"": 47.0}, ""protein_g_100g"": {""label"": ""Verified"", ""source_name"": ""DOST-FNRI PhilFCT"", ""source_record_id"": ""D142"", ""source_url"": ""https://i.fnri.dost.gov.ph/fct/library/report/3421"", ""value_for_portion"": 1.2, ""value_per_100g"": 1.2}, ""sodium_mg_100g"": {""label"": ""Verified"", ""source_name"": ""DOST-FNRI PhilFCT"", ""source_record_id"": ""D142"", ""source_url"": ""https://i.fnri.dost.gov.ph/fct/library/report/3421"", ""value_for_portion"": 3.0, ""value_per_100g"": 3.0}, ""sugar_g_100g"": {""label"": ""Verified"", ""source_name"": ""DOST-FNRI PhilFCT"", ""source_record_id"": ""D142"", ""source_url"": ""https://i.fnri.dost.gov.ph/fct/library/report/3421"", ""value_for_portion"": 4.6, ""value_per_100g"": 4.6}}"
EST_WORLD_20260918_016_V1,FC000070,Garlic bulb,4,ASSUMED_REFERENCE_MIXTURE,129.0,7.0,24.6,0.3,1.7,0.8,10.0,0.0,"{""carbs_g_100g"": {""label"": ""Verified"", ""source_name"": ""DOST-FNRI PhilFCT"", ""source_record_id"": ""D084"", ""source_url"": ""https://i.fnri.dost.gov.ph/fct/library/report/3363"", ""value_for_portion"": 24.6, ""value_per_100g"": 24.6}, ""cholesterol_mg_100g"": {""label"": ""Verified"", ""source_name"": ""DOST-FNRI PhilFCT"", ""source_record_id"": ""D084"", ""source_url"": ""https://i.fnri.dost.gov.ph/fct/library/report/3363"", ""value_for_portion"": 0.0, ""value_per_100g"": 0.0}, ""fat_g_100g"": {""label"": ""Verified"", ""source_name"": ""DOST-FNRI PhilFCT"", ""source_record_id"": ""D084"", ""source_url"": ""https://i.fnri.dost.gov.ph/fct/library/report/3363"", ""value_for_portion"": 0.3, ""value_per_100g"": 0.3}, ""fiber_g_100g"": {""label"": ""Verified"", ""source_name"": ""DOST-FNRI PhilFCT"", ""source_record_id"": ""D084"", ""source_url"": ""https://i.fnri.dost.gov.ph/fct/library/report/3363"", ""value_for_portion"": 1.7, ""value_per_100g"": 1.7}, ""kcal_100g"": {""label"": ""Verified"", ""source_name"": ""DOST-FNRI PhilFCT"", ""source_record_id"": ""D084"", ""source_url"": ""https://i.fnri.dost.gov.ph/fct/library/report/3363"", ""value_for_portion"": 129.0, ""value_per_100g"": 129.0}, ""protein_g_100g"": {""label"": ""Verified"", ""source_name"": ""DOST-FNRI PhilFCT"", ""source_record_id"": ""D084"", ""source_url"": ""https://i.fnri.dost.gov.ph/fct/library/report/3363"", ""value_for_portion"": 7.0, ""value_per_100g"": 7.0}, ""sodium_mg_100g"": {""label"": ""Verified"", ""source_name"": ""DOST-FNRI PhilFCT"", ""source_record_id"": ""D084"", ""source_url"": ""https://i.fnri.dost.gov.ph/fct/library/report/3363"", ""value_for_portion"": 10.0, ""value_per_100g"": 10.0}, ""sugar_g_100g"": {""label"": ""Verified"", ""source_name"": ""DOST-FNRI PhilFCT"", ""source_record_id"": ""D084"", ""source_url"": ""https://i.fnri.dost.gov.ph/fct/library/report/3363"", ""value_for_portion"": 0.8, ""value_per_100g"": 0.8}}"
EST_WORLD_20260918_016_V1,FC000612,"Salt, coarse",1,ASSUMED_REFERENCE_MIXTURE,0.0,0.0,0.0,0.0,0.0,0.0,34836.0,0.0,"{""carbs_g_100g"": {""label"": ""Verified"", ""source_name"": ""DOST-FNRI PhilFCT"", ""source_record_id"": ""N019"", ""source_url"": ""https://i.fnri.dost.gov.ph/fct/library/report/4342"", ""value_for_portion"": 0.0, ""value_per_100g"": 0.0}, ""cholesterol_mg_100g"": {""label"": ""Verified"", ""source_name"": ""DOST-FNRI PhilFCT"", ""source_record_id"": ""N019"", ""source_url"": ""https://i.fnri.dost.gov.ph/fct/library/report/4342"", ""value_for_portion"": 0.0, ""value_per_100g"": 0.0}, ""fat_g_100g"": {""label"": ""Verified"", ""source_name"": ""DOST-FNRI PhilFCT"", ""source_record_id"": ""N019"", ""source_url"": ""https://i.fnri.dost.gov.ph/fct/library/report/4342"", ""value_for_portion"": 0.0, ""value_per_100g"": 0.0}, ""fiber_g_100g"": {""label"": ""Verified"", ""source_name"": ""DOST-FNRI PhilFCT"", ""source_record_id"": ""N019"", ""source_url"": ""https://i.fnri.dost.gov.ph/fct/library/report/4342"", ""value_for_portion"": 0.0, ""value_per_100g"": 0.0}, ""kcal_100g"": {""label"": ""Verified"", ""source_name"": ""DOST-FNRI PhilFCT"", ""source_record_id"": ""N019"", ""source_url"": ""https://i.fnri.dost.gov.ph/fct/library/report/4342"", ""value_for_portion"": 0.0, ""value_per_100g"": 0.0}, ""protein_g_100g"": {""label"": ""Verified"", ""source_name"": ""DOST-FNRI PhilFCT"", ""source_record_id"": ""N019"", ""source_url"": ""https://i.fnri.dost.gov.ph/fct/library/report/4342"", ""value_for_portion"": 0.0, ""value_per_100g"": 0.0}, ""sodium_mg_100g"": {""label"": ""Verified"", ""source_name"": ""DOST-FNRI PhilFCT"", ""source_record_id"": ""N019"", ""source_url"": ""https://i.fnri.dost.gov.ph/fct/library/report/4342"", ""value_for_portion"": 34836.0, ""value_per_100g"": 34836.0}, ""sugar_g_100g"": {""label"": ""Verified"", ""source_name"": ""DOST-FNRI PhilFCT"", ""source_record_id"": ""N019"", ""source_url"": ""https://i.fnri.dost.gov.ph/fct/library/report/4342"", ""value_for_portion"": 0.0, ""value_per_100g"": 0.0}}"
EST_WORLD_20260918_017_V1,FC000014,"Rice noodles, cooked",180,ASSUMED_REFERENCE_MIXTURE,115.0,0.5,26.9,0.6,1.1,0.0,4.0,0.0,"{""carbs_g_100g"": {""label"": ""Verified"", ""source_name"": ""DOST-FNRI PhilFCT"", ""source_record_id"": ""A138"", ""source_url"": ""https://i.fnri.dost.gov.ph/fct/library/report/3100"", ""value_for_portion"": 26.9, ""value_per_100g"": 26.9}, ""cholesterol_mg_100g"": {""label"": ""Verified"", ""source_name"": ""DOST-FNRI PhilFCT"", ""source_record_id"": ""A138"", ""source_url"": ""https://i.fnri.dost.gov.ph/fct/library/report/3100"", ""value_for_portion"": 0.0, ""value_per_100g"": 0.0}, ""fat_g_100g"": {""label"": ""Verified"", ""source_name"": ""DOST-FNRI PhilFCT"", ""source_record_id"": ""A138"", ""source_url"": ""https://i.fnri.dost.gov.ph/fct/library/report/3100"", ""value_for_portion"": 0.6, ""value_per_100g"": 0.6}, ""fiber_g_100g"": {""label"": ""Verified"", ""source_name"": ""DOST-FNRI PhilFCT"", ""source_record_id"": ""A138"", ""source_url"": ""https://i.fnri.dost.gov.ph/fct/library/report/3100"", ""value_for_portion"": 1.1, ""value_per_100g"": 1.1}, ""kcal_100g"": {""label"": ""Verified"", ""source_name"": ""DOST-FNRI PhilFCT"", ""source_record_id"": ""A138"", ""source_url"": ""https://i.fnri.dost.gov.ph/fct/library/report/3100"", ""value_for_portion"": 115.0, ""value_per_100g"": 115.0}, ""protein_g_100g"": {""label"": ""Verified"", ""source_name"": ""DOST-FNRI PhilFCT"", ""source_record_id"": ""A138"", ""source_url"": ""https://i.fnri.dost.gov.ph/fct/library/report/3100"", ""value_for_portion"": 0.5, ""value_per_100g"": 0.5}, ""sodium_mg_100g"": {""label"": ""Verified"", ""source_name"": ""DOST-FNRI PhilFCT"", ""source_record_id"": ""A138"", ""source_url"": ""https://i.fnri.dost.gov.ph/fct/library/report/3100"", ""value_for_portion"": 4.0, ""value_per_100g"": 4.0}, ""sugar_g_100g"": {""label"": ""Verified"", ""source_name"": ""DOST-FNRI PhilFCT"", ""source_record_id"": ""A138"", ""source_url"": ""https://i.fnri.dost.gov.ph/fct/library/report/3100"", ""value_for_portion"": 0.0, ""value_per_100g"": 0.0}}"
EST_WORLD_20260918_017_V1,FC000454,"Shrimp, banana prawn, boiled",45,ASSUMED_REFERENCE_MIXTURE,104.0,11.2,14.0,0.4,0.0,0.0,113.0,,"{""carbs_g_100g"": {""label"": ""Verified"", ""source_name"": ""DOST-FNRI PhilFCT"", ""source_record_id"": ""G114"", ""source_url"": ""https://i.fnri.dost.gov.ph/fct/library/report/4094"", ""value_for_portion"": 14.0, ""value_per_100g"": 14.0}, ""cholesterol_mg_100g"": {""label"": ""Unknown"", ""source_name"": null, ""source_record_id"": null, ""source_url"": null, ""value_for_portion"": null, ""value_per_100g"": null}, ""fat_g_100g"": {""label"": ""Verified"", ""source_name"": ""DOST-FNRI PhilFCT"", ""source_record_id"": ""G114"", ""source_url"": ""https://i.fnri.dost.gov.ph/fct/library/report/4094"", ""value_for_portion"": 0.4, ""value_per_100g"": 0.4}, ""fiber_g_100g"": {""label"": ""Verified"", ""source_name"": ""DOST-FNRI PhilFCT"", ""source_record_id"": ""G114"", ""source_url"": ""https://i.fnri.dost.gov.ph/fct/library/report/4094"", ""value_for_portion"": 0.0, ""value_per_100g"": 0.0}, ""kcal_100g"": {""label"": ""Verified"", ""source_name"": ""DOST-FNRI PhilFCT"", ""source_record_id"": ""G114"", ""source_url"": ""https://i.fnri.dost.gov.ph/fct/library/report/4094"", ""value_for_portion"": 104.0, ""value_per_100g"": 104.0}, ""protein_g_100g"": {""label"": ""Verified"", ""source_name"": ""DOST-FNRI PhilFCT"", ""source_record_id"": ""G114"", ""source_url"": ""https://i.fnri.dost.gov.ph/fct/library/report/4094"", ""value_for_portion"": 11.2, ""value_per_100g"": 11.2}, ""sodium_mg_100g"": {""label"": ""Verified"", ""source_name"": ""DOST-FNRI PhilFCT"", ""source_record_id"": ""G114"", ""source_url"": ""https://i.fnri.dost.gov.ph/fct/library/report/4094"", ""value_for_portion"": 113.0, ""value_per_100g"": 113.0}, ""sugar_g_100g"": {""label"": ""Verified"", ""source_name"": ""DOST-FNRI PhilFCT"", ""source_record_id"": ""G114"", ""source_url"": ""https://i.fnri.dost.gov.ph/fct/library/report/4094"", ""value_for_portion"": 0.0, ""value_per_100g"": 0.0}}"
EST_WORLD_20260918_017_V1,FC000456,"Squid, boiled",35,ASSUMED_REFERENCE_MIXTURE,80.0,17.4,0.0,1.2,0.0,0.0,40.0,,"{""carbs_g_100g"": {""label"": ""Verified"", ""source_name"": ""DOST-FNRI PhilFCT"", ""source_record_id"": ""G132"", ""source_url"": ""https://i.fnri.dost.gov.ph/fct/library/report/4112"", ""value_for_portion"": 0.0, ""value_per_100g"": 0.0}, ""cholesterol_mg_100g"": {""label"": ""Unknown"", ""source_name"": null, ""source_record_id"": null, ""source_url"": null, ""value_for_portion"": null, ""value_per_100g"": null}, ""fat_g_100g"": {""label"": ""Verified"", ""source_name"": ""DOST-FNRI PhilFCT"", ""source_record_id"": ""G132"", ""source_url"": ""https://i.fnri.dost.gov.ph/fct/library/report/4112"", ""value_for_portion"": 1.2, ""value_per_100g"": 1.2}, ""fiber_g_100g"": {""label"": ""Verified"", ""source_name"": ""DOST-FNRI PhilFCT"", ""source_record_id"": ""G132"", ""source_url"": ""https://i.fnri.dost.gov.ph/fct/library/report/4112"", ""value_for_portion"": 0.0, ""value_per_100g"": 0.0}, ""kcal_100g"": {""label"": ""Verified"", ""source_name"": ""DOST-FNRI PhilFCT"", ""source_record_id"": ""G132"", ""source_url"": ""https://i.fnri.dost.gov.ph/fct/library/report/4112"", ""value_for_portion"": 80.0, ""value_per_100g"": 80.0}, ""protein_g_100g"": {""label"": ""Verified"", ""source_name"": ""DOST-FNRI PhilFCT"", ""source_record_id"": ""G132"", ""source_url"": ""https://i.fnri.dost.gov.ph/fct/library/report/4112"", ""value_for_portion"": 17.4, ""value_per_100g"": 17.4}, ""sodium_mg_100g"": {""label"": ""Verified"", ""source_name"": ""DOST-FNRI PhilFCT"", ""source_record_id"": ""G132"", ""source_url"": ""https://i.fnri.dost.gov.ph/fct/library/report/4112"", ""value_for_portion"": 40.0, ""value_per_100g"": 40.0}, ""sugar_g_100g"": {""label"": ""Verified"", ""source_name"": ""DOST-FNRI PhilFCT"", ""source_record_id"": ""G132"", ""source_url"": ""https://i.fnri.dost.gov.ph/fct/library/report/4112"", ""value_for_portion"": 0.0, ""value_per_100g"": 0.0}}"
EST_WORLD_20260918_017_V1,FC000097,Coconut milk,100,ASSUMED_REFERENCE_MIXTURE,343.0,5.5,1.9,34.8,2.1,,18.0,0.0,"{""carbs_g_100g"": {""label"": ""Verified"", ""source_name"": ""DOST-FNRI PhilFCT"", ""source_record_id"": ""K002"", ""source_url"": ""https://i.fnri.dost.gov.ph/fct/library/report/4262"", ""value_for_portion"": 1.9, ""value_per_100g"": 1.9}, ""cholesterol_mg_100g"": {""label"": ""Verified"", ""source_name"": ""DOST-FNRI PhilFCT"", ""source_record_id"": ""K002"", ""source_url"": ""https://i.fnri.dost.gov.ph/fct/library/report/4262"", ""value_for_portion"": 0.0, ""value_per_100g"": 0.0}, ""fat_g_100g"": {""label"": ""Verified"", ""source_name"": ""DOST-FNRI PhilFCT"", ""source_record_id"": ""K002"", ""source_url"": ""https://i.fnri.dost.gov.ph/fct/library/report/4262"", ""value_for_portion"": 34.8, ""value_per_100g"": 34.8}, ""fiber_g_100g"": {""label"": ""Verified"", ""source_name"": ""DOST-FNRI PhilFCT"", ""source_record_id"": ""K002"", ""source_url"": ""https://i.fnri.dost.gov.ph/fct/library/report/4262"", ""value_for_portion"": 2.1, ""value_per_100g"": 2.1}, ""kcal_100g"": {""label"": ""Verified"", ""source_name"": ""DOST-FNRI PhilFCT"", ""source_record_id"": ""K002"", ""source_url"": ""https://i.fnri.dost.gov.ph/fct/library/report/4262"", ""value_for_portion"": 343.0, ""value_per_100g"": 343.0}, ""protein_g_100g"": {""label"": ""Verified"", ""source_name"": ""DOST-FNRI PhilFCT"", ""source_record_id"": ""K002"", ""source_url"": ""https://i.fnri.dost.gov.ph/fct/library/report/4262"", ""value_for_portion"": 5.5, ""value_per_100g"": 5.5}, ""sodium_mg_100g"": {""label"": ""Verified"", ""source_name"": ""DOST-FNRI PhilFCT"", ""source_record_id"": ""K002"", ""source_url"": ""https://i.fnri.dost.gov.ph/fct/library/report/4262"", ""value_for_portion"": 18.0, ""value_per_100g"": 18.0}, ""sugar_g_100g"": {""label"": ""Unknown"", ""source_name"": null, ""source_record_id"": null, ""source_url"": null, ""value_for_portion"": null, ""value_per_100g"": null}}"
EST_WORLD_20260918_017_V1,FC001237,"Beverages, water, tap, drinking",160,ASSUMED_REFERENCE_MIXTURE,0.0,0.0,0.0,0.0,0.0,0.0,4.0,0.0,"{""carbs_g_100g"": {""label"": ""Other source"", ""source_name"": ""USDA FoodData Central SR Legacy"", ""source_record_id"": ""USDA_FC001237_173647"", ""source_url"": ""https://fdc.nal.usda.gov/food-details/173647/nutrients"", ""value_for_portion"": 0.0, ""value_per_100g"": 0.0}, ""cholesterol_mg_100g"": {""label"": ""Other source"", ""source_name"": ""USDA FoodData Central SR Legacy"", ""source_record_id"": ""USDA_FC001237_173647"", ""source_url"": ""https://fdc.nal.usda.gov/food-details/173647/nutrients"", ""value_for_portion"": 0.0, ""value_per_100g"": 0.0}, ""fat_g_100g"": {""label"": ""Other source"", ""source_name"": ""USDA FoodData Central SR Legacy"", ""source_record_id"": ""USDA_FC001237_173647"", ""source_url"": ""https://fdc.nal.usda.gov/food-details/173647/nutrients"", ""value_for_portion"": 0.0, ""value_per_100g"": 0.0}, ""fiber_g_100g"": {""label"": ""Other source"", ""source_name"": ""USDA FoodData Central SR Legacy"", ""source_record_id"": ""USDA_FC001237_173647"", ""source_url"": ""https://fdc.nal.usda.gov/food-details/173647/nutrients"", ""value_for_portion"": 0.0, ""value_per_100g"": 0.0}, ""kcal_100g"": {""label"": ""Other source"", ""source_name"": ""USDA FoodData Central SR Legacy"", ""source_record_id"": ""USDA_FC001237_173647"", ""source_url"": ""https://fdc.nal.usda.gov/food-details/173647/nutrients"", ""value_for_portion"": 0.0, ""value_per_100g"": 0.0}, ""protein_g_100g"": {""label"": ""Other source"", ""source_name"": ""USDA FoodData Central SR Legacy"", ""source_record_id"": ""USDA_FC001237_173647"", ""source_url"": ""https://fdc.nal.usda.gov/food-details/173647/nutrients"", ""value_for_portion"": 0.0, ""value_per_100g"": 0.0}, ""sodium_mg_100g"": {""label"": ""Other source"", ""source_name"": ""USDA FoodData Central SR Legacy"", ""source_record_id"": ""USDA_FC001237_173647"", ""source_url"": ""https://fdc.nal.usda.gov/food-details/173647/nutrients"", ""value_for_portion"": 4.0, ""value_per_100g"": 4.0}, ""sugar_g_100g"": {""label"": ""Other source"", ""source_name"": ""USDA FoodData Central SR Legacy"", ""source_record_id"": ""USDA_FC001237_173647"", ""source_url"": ""https://fdc.nal.usda.gov/food-details/173647/nutrients"", ""value_for_portion"": 0.0, ""value_per_100g"": 0.0}}"
EST_WORLD_20260918_017_V1,FC001783,"Spices, curry powder",5,ASSUMED_REFERENCE_MIXTURE,325.0,14.29,55.83,14.01,53.2,2.76,52.0,0.0,"{""carbs_g_100g"": {""label"": ""Other source"", ""source_name"": ""USDA FoodData Central SR Legacy"", ""source_record_id"": ""USDA_FC001783_170924"", ""source_url"": ""https://fdc.nal.usda.gov/food-details/170924/nutrients"", ""value_for_portion"": 55.83, ""value_per_100g"": 55.83}, ""cholesterol_mg_100g"": {""label"": ""Other source"", ""source_name"": ""USDA FoodData Central SR Legacy"", ""source_record_id"": ""USDA_FC001783_170924"", ""source_url"": ""https://fdc.nal.usda.gov/food-details/170924/nutrients"", ""value_for_portion"": 0.0, ""value_per_100g"": 0.0}, ""fat_g_100g"": {""label"": ""Other source"", ""source_name"": ""USDA FoodData Central SR Legacy"", ""source_record_id"": ""USDA_FC001783_170924"", ""source_url"": ""https://fdc.nal.usda.gov/food-details/170924/nutrients"", ""value_for_portion"": 14.01, ""value_per_100g"": 14.01}, ""fiber_g_100g"": {""label"": ""Other source"", ""source_name"": ""USDA FoodData Central SR Legacy"", ""source_record_id"": ""USDA_FC001783_170924"", ""source_url"": ""https://fdc.nal.usda.gov/food-details/170924/nutrients"", ""value_for_portion"": 53.2, ""value_per_100g"": 53.2}, ""kcal_100g"": {""label"": ""Other source"", ""source_name"": ""USDA FoodData Central SR Legacy"", ""source_record_id"": ""USDA_FC001783_170924"", ""source_url"": ""https://fdc.nal.usda.gov/food-details/170924/nutrients"", ""value_for_portion"": 325.0, ""value_per_100g"": 325.0}, ""protein_g_100g"": {""label"": ""Other source"", ""source_name"": ""USDA FoodData Central SR Legacy"", ""source_record_id"": ""USDA_FC001783_170924"", ""source_url"": ""https://fdc.nal.usda.gov/food-details/170924/nutrients"", ""value_for_portion"": 14.29, ""value_per_100g"": 14.29}, ""sodium_mg_100g"": {""label"": ""Other source"", ""source_name"": ""USDA FoodData Central SR Legacy"", ""source_record_id"": ""USDA_FC001783_170924"", ""source_url"": ""https://fdc.nal.usda.gov/food-details/170924/nutrients"", ""value_for_portion"": 52.0, ""value_per_100g"": 52.0}, ""sugar_g_100g"": {""label"": ""Other source"", ""source_name"": ""USDA FoodData Central SR Legacy"", ""source_record_id"": ""USDA_FC001783_170924"", ""source_url"": ""https://fdc.nal.usda.gov/food-details/170924/nutrients"", ""value_for_portion"": 2.76, ""value_per_100g"": 2.76}}"
EST_WORLD_20260918_017_V1,FC000100,Fish sauce,10,ASSUMED_REFERENCE_MIXTURE,49.0,10.6,0.9,0.3,0.0,,5061.0,0.0,"{""carbs_g_100g"": {""label"": ""Verified"", ""source_name"": ""DOST-FNRI PhilFCT"", ""source_record_id"": ""N011"", ""source_url"": ""https://i.fnri.dost.gov.ph/fct/library/report/4334"", ""value_for_portion"": 0.9, ""value_per_100g"": 0.9}, ""cholesterol_mg_100g"": {""label"": ""Verified"", ""source_name"": ""DOST-FNRI PhilFCT"", ""source_record_id"": ""N011"", ""source_url"": ""https://i.fnri.dost.gov.ph/fct/library/report/4334"", ""value_for_portion"": 0.0, ""value_per_100g"": 0.0}, ""fat_g_100g"": {""label"": ""Verified"", ""source_name"": ""DOST-FNRI PhilFCT"", ""source_record_id"": ""N011"", ""source_url"": ""https://i.fnri.dost.gov.ph/fct/library/report/4334"", ""value_for_portion"": 0.3, ""value_per_100g"": 0.3}, ""fiber_g_100g"": {""label"": ""Verified"", ""source_name"": ""DOST-FNRI PhilFCT"", ""source_record_id"": ""N011"", ""source_url"": ""https://i.fnri.dost.gov.ph/fct/library/report/4334"", ""value_for_portion"": 0.0, ""value_per_100g"": 0.0}, ""kcal_100g"": {""label"": ""Verified"", ""source_name"": ""DOST-FNRI PhilFCT"", ""source_record_id"": ""N011"", ""source_url"": ""https://i.fnri.dost.gov.ph/fct/library/report/4334"", ""value_for_portion"": 49.0, ""value_per_100g"": 49.0}, ""protein_g_100g"": {""label"": ""Verified"", ""source_name"": ""DOST-FNRI PhilFCT"", ""source_record_id"": ""N011"", ""source_url"": ""https://i.fnri.dost.gov.ph/fct/library/report/4334"", ""value_for_portion"": 10.6, ""value_per_100g"": 10.6}, ""sodium_mg_100g"": {""label"": ""Verified"", ""source_name"": ""DOST-FNRI PhilFCT"", ""source_record_id"": ""N011"", ""source_url"": ""https://i.fnri.dost.gov.ph/fct/library/report/4334"", ""value_for_portion"": 5061.0, ""value_per_100g"": 5061.0}, ""sugar_g_100g"": {""label"": ""Unknown"", ""source_name"": null, ""source_record_id"": null, ""source_url"": null, ""value_for_portion"": null, ""value_per_100g"": null}}"
EST_WORLD_20260918_017_V1,FC000642,"Oil, corn",7,ASSUMED_REFERENCE_MIXTURE,896.0,0.0,0.0,99.6,0.0,0.0,0.0,0.0,"{""carbs_g_100g"": {""label"": ""Verified"", ""source_name"": ""DOST-FNRI PhilFCT"", ""source_record_id"": ""K009"", ""source_url"": ""https://i.fnri.dost.gov.ph/fct/library/report/4269"", ""value_for_portion"": 0.0, ""value_per_100g"": 0.0}, ""cholesterol_mg_100g"": {""label"": ""Verified"", ""source_name"": ""DOST-FNRI PhilFCT"", ""source_record_id"": ""K009"", ""source_url"": ""https://i.fnri.dost.gov.ph/fct/library/report/4269"", ""value_for_portion"": 0.0, ""value_per_100g"": 0.0}, ""fat_g_100g"": {""label"": ""Verified"", ""source_name"": ""DOST-FNRI PhilFCT"", ""source_record_id"": ""K009"", ""source_url"": ""https://i.fnri.dost.gov.ph/fct/library/report/4269"", ""value_for_portion"": 99.6, ""value_per_100g"": 99.6}, ""fiber_g_100g"": {""label"": ""Verified"", ""source_name"": ""DOST-FNRI PhilFCT"", ""source_record_id"": ""K009"", ""source_url"": ""https://i.fnri.dost.gov.ph/fct/library/report/4269"", ""value_for_portion"": 0.0, ""value_per_100g"": 0.0}, ""kcal_100g"": {""label"": ""Verified"", ""source_name"": ""DOST-FNRI PhilFCT"", ""source_record_id"": ""K009"", ""source_url"": ""https://i.fnri.dost.gov.ph/fct/library/report/4269"", ""value_for_portion"": 896.0, ""value_per_100g"": 896.0}, ""protein_g_100g"": {""label"": ""Verified"", ""source_name"": ""DOST-FNRI PhilFCT"", ""source_record_id"": ""K009"", ""source_url"": ""https://i.fnri.dost.gov.ph/fct/library/report/4269"", ""value_for_portion"": 0.0, ""value_per_100g"": 0.0}, ""sodium_mg_100g"": {""label"": ""Verified"", ""source_name"": ""DOST-FNRI PhilFCT"", ""source_record_id"": ""K009"", ""source_url"": ""https://i.fnri.dost.gov.ph/fct/library/report/4269"", ""value_for_portion"": 0.0, ""value_per_100g"": 0.0}, ""sugar_g_100g"": {""label"": ""Verified"", ""source_name"": ""DOST-FNRI PhilFCT"", ""source_record_id"": ""K009"", ""source_url"": ""https://i.fnri.dost.gov.ph/fct/library/report/4269"", ""value_for_portion"": 0.0, ""value_per_100g"": 0.0}}"
EST_WORLD_20260918_018_V1,FC000382,"Chicken, white meat, boiled",140,ASSUMED_REFERENCE_MIXTURE,173.0,32.9,0.0,4.6,0.0,0.0,81.0,,"{""carbs_g_100g"": {""label"": ""Verified"", ""source_name"": ""DOST-FNRI PhilFCT"", ""source_record_id"": ""F111"", ""source_url"": ""https://i.fnri.dost.gov.ph/fct/library/report/3818"", ""value_for_portion"": 0.0, ""value_per_100g"": 0.0}, ""cholesterol_mg_100g"": {""label"": ""Unknown"", ""source_name"": null, ""source_record_id"": null, ""source_url"": null, ""value_for_portion"": null, ""value_per_100g"": null}, ""fat_g_100g"": {""label"": ""Verified"", ""source_name"": ""DOST-FNRI PhilFCT"", ""source_record_id"": ""F111"", ""source_url"": ""https://i.fnri.dost.gov.ph/fct/library/report/3818"", ""value_for_portion"": 4.6, ""value_per_100g"": 4.6}, ""fiber_g_100g"": {""label"": ""Verified"", ""source_name"": ""DOST-FNRI PhilFCT"", ""source_record_id"": ""F111"", ""source_url"": ""https://i.fnri.dost.gov.ph/fct/library/report/3818"", ""value_for_portion"": 0.0, ""value_per_100g"": 0.0}, ""kcal_100g"": {""label"": ""Verified"", ""source_name"": ""DOST-FNRI PhilFCT"", ""source_record_id"": ""F111"", ""source_url"": ""https://i.fnri.dost.gov.ph/fct/library/report/3818"", ""value_for_portion"": 173.0, ""value_per_100g"": 173.0}, ""protein_g_100g"": {""label"": ""Verified"", ""source_name"": ""DOST-FNRI PhilFCT"", ""source_record_id"": ""F111"", ""source_url"": ""https://i.fnri.dost.gov.ph/fct/library/report/3818"", ""value_for_portion"": 32.9, ""value_per_100g"": 32.9}, ""sodium_mg_100g"": {""label"": ""Verified"", ""source_name"": ""DOST-FNRI PhilFCT"", ""source_record_id"": ""F111"", ""source_url"": ""https://i.fnri.dost.gov.ph/fct/library/report/3818"", ""value_for_portion"": 81.0, ""value_per_100g"": 81.0}, ""sugar_g_100g"": {""label"": ""Verified"", ""source_name"": ""DOST-FNRI PhilFCT"", ""source_record_id"": ""F111"", ""source_url"": ""https://i.fnri.dost.gov.ph/fct/library/report/3818"", ""value_for_portion"": 0.0, ""value_per_100g"": 0.0}}"
EST_WORLD_20260918_018_V1,FC000001,"Rice, well-milled, boiled",220,ASSUMED_REFERENCE_MIXTURE,129.0,2.1,29.7,0.2,0.4,0.1,3.0,0.0,"{""carbs_g_100g"": {""label"": ""Verified"", ""source_name"": ""DOST-FNRI PhilFCT"", ""source_record_id"": ""A020"", ""source_url"": ""https://i.fnri.dost.gov.ph/fct/library/report/2982"", ""value_for_portion"": 29.7, ""value_per_100g"": 29.7}, ""cholesterol_mg_100g"": {""label"": ""Verified"", ""source_name"": ""DOST-FNRI PhilFCT"", ""source_record_id"": ""A020"", ""source_url"": ""https://i.fnri.dost.gov.ph/fct/library/report/2982"", ""value_for_portion"": 0.0, ""value_per_100g"": 0.0}, ""fat_g_100g"": {""label"": ""Verified"", ""source_name"": ""DOST-FNRI PhilFCT"", ""source_record_id"": ""A020"", ""source_url"": ""https://i.fnri.dost.gov.ph/fct/library/report/2982"", ""value_for_portion"": 0.2, ""value_per_100g"": 0.2}, ""fiber_g_100g"": {""label"": ""Verified"", ""source_name"": ""DOST-FNRI PhilFCT"", ""source_record_id"": ""A020"", ""source_url"": ""https://i.fnri.dost.gov.ph/fct/library/report/2982"", ""value_for_portion"": 0.4, ""value_per_100g"": 0.4}, ""kcal_100g"": {""label"": ""Verified"", ""source_name"": ""DOST-FNRI PhilFCT"", ""source_record_id"": ""A020"", ""source_url"": ""https://i.fnri.dost.gov.ph/fct/library/report/2982"", ""value_for_portion"": 129.0, ""value_per_100g"": 129.0}, ""protein_g_100g"": {""label"": ""Verified"", ""source_name"": ""DOST-FNRI PhilFCT"", ""source_record_id"": ""A020"", ""source_url"": ""https://i.fnri.dost.gov.ph/fct/library/report/2982"", ""value_for_portion"": 2.1, ""value_per_100g"": 2.1}, ""sodium_mg_100g"": {""label"": ""Verified"", ""source_name"": ""DOST-FNRI PhilFCT"", ""source_record_id"": ""A020"", ""source_url"": ""https://i.fnri.dost.gov.ph/fct/library/report/2982"", ""value_for_portion"": 3.0, ""value_per_100g"": 3.0}, ""sugar_g_100g"": {""label"": ""Verified"", ""source_name"": ""DOST-FNRI PhilFCT"", ""source_record_id"": ""A020"", ""source_url"": ""https://i.fnri.dost.gov.ph/fct/library/report/2982"", ""value_for_portion"": 0.1, ""value_per_100g"": 0.1}}"
EST_WORLD_20260918_018_V1,FC000642,"Oil, corn",10,ASSUMED_REFERENCE_MIXTURE,896.0,0.0,0.0,99.6,0.0,0.0,0.0,0.0,"{""carbs_g_100g"": {""label"": ""Verified"", ""source_name"": ""DOST-FNRI PhilFCT"", ""source_record_id"": ""K009"", ""source_url"": ""https://i.fnri.dost.gov.ph/fct/library/report/4269"", ""value_for_portion"": 0.0, ""value_per_100g"": 0.0}, ""cholesterol_mg_100g"": {""label"": ""Verified"", ""source_name"": ""DOST-FNRI PhilFCT"", ""source_record_id"": ""K009"", ""source_url"": ""https://i.fnri.dost.gov.ph/fct/library/report/4269"", ""value_for_portion"": 0.0, ""value_per_100g"": 0.0}, ""fat_g_100g"": {""label"": ""Verified"", ""source_name"": ""DOST-FNRI PhilFCT"", ""source_record_id"": ""K009"", ""source_url"": ""https://i.fnri.dost.gov.ph/fct/library/report/4269"", ""value_for_portion"": 99.6, ""value_per_100g"": 99.6}, ""fiber_g_100g"": {""label"": ""Verified"", ""source_name"": ""DOST-FNRI PhilFCT"", ""source_record_id"": ""K009"", ""source_url"": ""https://i.fnri.dost.gov.ph/fct/library/report/4269"", ""value_for_portion"": 0.0, ""value_per_100g"": 0.0}, ""kcal_100g"": {""label"": ""Verified"", ""source_name"": ""DOST-FNRI PhilFCT"", ""source_record_id"": ""K009"", ""source_url"": ""https://i.fnri.dost.gov.ph/fct/library/report/4269"", ""value_for_portion"": 896.0, ""value_per_100g"": 896.0}, ""protein_g_100g"": {""label"": ""Verified"", ""source_name"": ""DOST-FNRI PhilFCT"", ""source_record_id"": ""K009"", ""source_url"": ""https://i.fnri.dost.gov.ph/fct/library/report/4269"", ""value_for_portion"": 0.0, ""value_per_100g"": 0.0}, ""sodium_mg_100g"": {""label"": ""Verified"", ""source_name"": ""DOST-FNRI PhilFCT"", ""source_record_id"": ""K009"", ""source_url"": ""https://i.fnri.dost.gov.ph/fct/library/report/4269"", ""value_for_portion"": 0.0, ""value_per_100g"": 0.0}, ""sugar_g_100g"": {""label"": ""Verified"", ""source_name"": ""DOST-FNRI PhilFCT"", ""source_record_id"": ""K009"", ""source_url"": ""https://i.fnri.dost.gov.ph/fct/library/report/4269"", ""value_for_portion"": 0.0, ""value_per_100g"": 0.0}}"
EST_WORLD_20260918_018_V1,FC000317,Ginger,5,ASSUMED_REFERENCE_MIXTURE,46.0,1.1,8.5,0.8,1.1,0.9,3.0,0.0,"{""carbs_g_100g"": {""label"": ""Verified"", ""source_name"": ""DOST-FNRI PhilFCT"", ""source_record_id"": ""D304"", ""source_url"": ""https://i.fnri.dost.gov.ph/fct/library/report/5005"", ""value_for_portion"": 8.5, ""value_per_100g"": 8.5}, ""cholesterol_mg_100g"": {""label"": ""Verified"", ""source_name"": ""DOST-FNRI PhilFCT"", ""source_record_id"": ""D304"", ""source_url"": ""https://i.fnri.dost.gov.ph/fct/library/report/5005"", ""value_for_portion"": 0.0, ""value_per_100g"": 0.0}, ""fat_g_100g"": {""label"": ""Verified"", ""source_name"": ""DOST-FNRI PhilFCT"", ""source_record_id"": ""D304"", ""source_url"": ""https://i.fnri.dost.gov.ph/fct/library/report/5005"", ""value_for_portion"": 0.8, ""value_per_100g"": 0.8}, ""fiber_g_100g"": {""label"": ""Verified"", ""source_name"": ""DOST-FNRI PhilFCT"", ""source_record_id"": ""D304"", ""source_url"": ""https://i.fnri.dost.gov.ph/fct/library/report/5005"", ""value_for_portion"": 1.1, ""value_per_100g"": 1.1}, ""kcal_100g"": {""label"": ""Verified"", ""source_name"": ""DOST-FNRI PhilFCT"", ""source_record_id"": ""D304"", ""source_url"": ""https://i.fnri.dost.gov.ph/fct/library/report/5005"", ""value_for_portion"": 46.0, ""value_per_100g"": 46.0}, ""protein_g_100g"": {""label"": ""Verified"", ""source_name"": ""DOST-FNRI PhilFCT"", ""source_record_id"": ""D304"", ""source_url"": ""https://i.fnri.dost.gov.ph/fct/library/report/5005"", ""value_for_portion"": 1.1, ""value_per_100g"": 1.1}, ""sodium_mg_100g"": {""label"": ""Verified"", ""source_name"": ""DOST-FNRI PhilFCT"", ""source_record_id"": ""D304"", ""source_url"": ""https://i.fnri.dost.gov.ph/fct/library/report/5005"", ""value_for_portion"": 3.0, ""value_per_100g"": 3.0}, ""sugar_g_100g"": {""label"": ""Verified"", ""source_name"": ""DOST-FNRI PhilFCT"", ""source_record_id"": ""D304"", ""source_url"": ""https://i.fnri.dost.gov.ph/fct/library/report/5005"", ""value_for_portion"": 0.9, ""value_per_100g"": 0.9}}"
EST_WORLD_20260918_018_V1,FC000070,Garlic bulb,4,ASSUMED_REFERENCE_MIXTURE,129.0,7.0,24.6,0.3,1.7,0.8,10.0,0.0,"{""carbs_g_100g"": {""label"": ""Verified"", ""source_name"": ""DOST-FNRI PhilFCT"", ""source_record_id"": ""D084"", ""source_url"": ""https://i.fnri.dost.gov.ph/fct/library/report/3363"", ""value_for_portion"": 24.6, ""value_per_100g"": 24.6}, ""cholesterol_mg_100g"": {""label"": ""Verified"", ""source_name"": ""DOST-FNRI PhilFCT"", ""source_record_id"": ""D084"", ""source_url"": ""https://i.fnri.dost.gov.ph/fct/library/report/3363"", ""value_for_portion"": 0.0, ""value_per_100g"": 0.0}, ""fat_g_100g"": {""label"": ""Verified"", ""source_name"": ""DOST-FNRI PhilFCT"", ""source_record_id"": ""D084"", ""source_url"": ""https://i.fnri.dost.gov.ph/fct/library/report/3363"", ""value_for_portion"": 0.3, ""value_per_100g"": 0.3}, ""fiber_g_100g"": {""label"": ""Verified"", ""source_name"": ""DOST-FNRI PhilFCT"", ""source_record_id"": ""D084"", ""source_url"": ""https://i.fnri.dost.gov.ph/fct/library/report/3363"", ""value_for_portion"": 1.7, ""value_per_100g"": 1.7}, ""kcal_100g"": {""label"": ""Verified"", ""source_name"": ""DOST-FNRI PhilFCT"", ""source_record_id"": ""D084"", ""source_url"": ""https://i.fnri.dost.gov.ph/fct/library/report/3363"", ""value_for_portion"": 129.0, ""value_per_100g"": 129.0}, ""protein_g_100g"": {""label"": ""Verified"", ""source_name"": ""DOST-FNRI PhilFCT"", ""source_record_id"": ""D084"", ""source_url"": ""https://i.fnri.dost.gov.ph/fct/library/report/3363"", ""value_for_portion"": 7.0, ""value_per_100g"": 7.0}, ""sodium_mg_100g"": {""label"": ""Verified"", ""source_name"": ""DOST-FNRI PhilFCT"", ""source_record_id"": ""D084"", ""source_url"": ""https://i.fnri.dost.gov.ph/fct/library/report/3363"", ""value_for_portion"": 10.0, ""value_per_100g"": 10.0}, ""sugar_g_100g"": {""label"": ""Verified"", ""source_name"": ""DOST-FNRI PhilFCT"", ""source_record_id"": ""D084"", ""source_url"": ""https://i.fnri.dost.gov.ph/fct/library/report/3363"", ""value_for_portion"": 0.8, ""value_per_100g"": 0.8}}"
EST_WORLD_20260918_018_V1,FC000612,"Salt, coarse",1,ASSUMED_REFERENCE_MIXTURE,0.0,0.0,0.0,0.0,0.0,0.0,34836.0,0.0,"{""carbs_g_100g"": {""label"": ""Verified"", ""source_name"": ""DOST-FNRI PhilFCT"", ""source_record_id"": ""N019"", ""source_url"": ""https://i.fnri.dost.gov.ph/fct/library/report/4342"", ""value_for_portion"": 0.0, ""value_per_100g"": 0.0}, ""cholesterol_mg_100g"": {""label"": ""Verified"", ""source_name"": ""DOST-FNRI PhilFCT"", ""source_record_id"": ""N019"", ""source_url"": ""https://i.fnri.dost.gov.ph/fct/library/report/4342"", ""value_for_portion"": 0.0, ""value_per_100g"": 0.0}, ""fat_g_100g"": {""label"": ""Verified"", ""source_name"": ""DOST-FNRI PhilFCT"", ""source_record_id"": ""N019"", ""source_url"": ""https://i.fnri.dost.gov.ph/fct/library/report/4342"", ""value_for_portion"": 0.0, ""value_per_100g"": 0.0}, ""fiber_g_100g"": {""label"": ""Verified"", ""source_name"": ""DOST-FNRI PhilFCT"", ""source_record_id"": ""N019"", ""source_url"": ""https://i.fnri.dost.gov.ph/fct/library/report/4342"", ""value_for_portion"": 0.0, ""value_per_100g"": 0.0}, ""kcal_100g"": {""label"": ""Verified"", ""source_name"": ""DOST-FNRI PhilFCT"", ""source_record_id"": ""N019"", ""source_url"": ""https://i.fnri.dost.gov.ph/fct/library/report/4342"", ""value_for_portion"": 0.0, ""value_per_100g"": 0.0}, ""protein_g_100g"": {""label"": ""Verified"", ""source_name"": ""DOST-FNRI PhilFCT"", ""source_record_id"": ""N019"", ""source_url"": ""https://i.fnri.dost.gov.ph/fct/library/report/4342"", ""value_for_portion"": 0.0, ""value_per_100g"": 0.0}, ""sodium_mg_100g"": {""label"": ""Verified"", ""source_name"": ""DOST-FNRI PhilFCT"", ""source_record_id"": ""N019"", ""source_url"": ""https://i.fnri.dost.gov.ph/fct/library/report/4342"", ""value_for_portion"": 34836.0, ""value_per_100g"": 34836.0}, ""sugar_g_100g"": {""label"": ""Verified"", ""source_name"": ""DOST-FNRI PhilFCT"", ""source_record_id"": ""N019"", ""source_url"": ""https://i.fnri.dost.gov.ph/fct/library/report/4342"", ""value_for_portion"": 0.0, ""value_per_100g"": 0.0}}"
EST_WORLD_20260918_019_V1,FC000382,"Chicken, white meat, boiled",140,ASSUMED_REFERENCE_MIXTURE,173.0,32.9,0.0,4.6,0.0,0.0,81.0,,"{""carbs_g_100g"": {""label"": ""Verified"", ""source_name"": ""DOST-FNRI PhilFCT"", ""source_record_id"": ""F111"", ""source_url"": ""https://i.fnri.dost.gov.ph/fct/library/report/3818"", ""value_for_portion"": 0.0, ""value_per_100g"": 0.0}, ""cholesterol_mg_100g"": {""label"": ""Unknown"", ""source_name"": null, ""source_record_id"": null, ""source_url"": null, ""value_for_portion"": null, ""value_per_100g"": null}, ""fat_g_100g"": {""label"": ""Verified"", ""source_name"": ""DOST-FNRI PhilFCT"", ""source_record_id"": ""F111"", ""source_url"": ""https://i.fnri.dost.gov.ph/fct/library/report/3818"", ""value_for_portion"": 4.6, ""value_per_100g"": 4.6}, ""fiber_g_100g"": {""label"": ""Verified"", ""source_name"": ""DOST-FNRI PhilFCT"", ""source_record_id"": ""F111"", ""source_url"": ""https://i.fnri.dost.gov.ph/fct/library/report/3818"", ""value_for_portion"": 0.0, ""value_per_100g"": 0.0}, ""kcal_100g"": {""label"": ""Verified"", ""source_name"": ""DOST-FNRI PhilFCT"", ""source_record_id"": ""F111"", ""source_url"": ""https://i.fnri.dost.gov.ph/fct/library/report/3818"", ""value_for_portion"": 173.0, ""value_per_100g"": 173.0}, ""protein_g_100g"": {""label"": ""Verified"", ""source_name"": ""DOST-FNRI PhilFCT"", ""source_record_id"": ""F111"", ""source_url"": ""https://i.fnri.dost.gov.ph/fct/library/report/3818"", ""value_for_portion"": 32.9, ""value_per_100g"": 32.9}, ""sodium_mg_100g"": {""label"": ""Verified"", ""source_name"": ""DOST-FNRI PhilFCT"", ""source_record_id"": ""F111"", ""source_url"": ""https://i.fnri.dost.gov.ph/fct/library/report/3818"", ""value_for_portion"": 81.0, ""value_per_100g"": 81.0}, ""sugar_g_100g"": {""label"": ""Verified"", ""source_name"": ""DOST-FNRI PhilFCT"", ""source_record_id"": ""F111"", ""source_url"": ""https://i.fnri.dost.gov.ph/fct/library/report/3818"", ""value_for_portion"": 0.0, ""value_per_100g"": 0.0}}"
EST_WORLD_20260918_019_V1,FC000199,"Potato, boiled",100,ASSUMED_REFERENCE_MIXTURE,63.0,1.7,13.7,0.1,1.3,0.6,4.0,0.0,"{""carbs_g_100g"": {""label"": ""Verified"", ""source_name"": ""DOST-FNRI PhilFCT"", ""source_record_id"": ""B008"", ""source_url"": ""https://i.fnri.dost.gov.ph/fct/library/report/3175"", ""value_for_portion"": 13.7, ""value_per_100g"": 13.7}, ""cholesterol_mg_100g"": {""label"": ""Verified"", ""source_name"": ""DOST-FNRI PhilFCT"", ""source_record_id"": ""B008"", ""source_url"": ""https://i.fnri.dost.gov.ph/fct/library/report/3175"", ""value_for_portion"": 0.0, ""value_per_100g"": 0.0}, ""fat_g_100g"": {""label"": ""Verified"", ""source_name"": ""DOST-FNRI PhilFCT"", ""source_record_id"": ""B008"", ""source_url"": ""https://i.fnri.dost.gov.ph/fct/library/report/3175"", ""value_for_portion"": 0.1, ""value_per_100g"": 0.1}, ""fiber_g_100g"": {""label"": ""Verified"", ""source_name"": ""DOST-FNRI PhilFCT"", ""source_record_id"": ""B008"", ""source_url"": ""https://i.fnri.dost.gov.ph/fct/library/report/3175"", ""value_for_portion"": 1.3, ""value_per_100g"": 1.3}, ""kcal_100g"": {""label"": ""Verified"", ""source_name"": ""DOST-FNRI PhilFCT"", ""source_record_id"": ""B008"", ""source_url"": ""https://i.fnri.dost.gov.ph/fct/library/report/3175"", ""value_for_portion"": 63.0, ""value_per_100g"": 63.0}, ""protein_g_100g"": {""label"": ""Verified"", ""source_name"": ""DOST-FNRI PhilFCT"", ""source_record_id"": ""B008"", ""source_url"": ""https://i.fnri.dost.gov.ph/fct/library/report/3175"", ""value_for_portion"": 1.7, ""value_per_100g"": 1.7}, ""sodium_mg_100g"": {""label"": ""Verified"", ""source_name"": ""DOST-FNRI PhilFCT"", ""source_record_id"": ""B008"", ""source_url"": ""https://i.fnri.dost.gov.ph/fct/library/report/3175"", ""value_for_portion"": 4.0, ""value_per_100g"": 4.0}, ""sugar_g_100g"": {""label"": ""Verified"", ""source_name"": ""DOST-FNRI PhilFCT"", ""source_record_id"": ""B008"", ""source_url"": ""https://i.fnri.dost.gov.ph/fct/library/report/3175"", ""value_for_portion"": 0.6, ""value_per_100g"": 0.6}}"
EST_WORLD_20260918_019_V1,FC000097,Coconut milk,100,ASSUMED_REFERENCE_MIXTURE,343.0,5.5,1.9,34.8,2.1,,18.0,0.0,"{""carbs_g_100g"": {""label"": ""Verified"", ""source_name"": ""DOST-FNRI PhilFCT"", ""source_record_id"": ""K002"", ""source_url"": ""https://i.fnri.dost.gov.ph/fct/library/report/4262"", ""value_for_portion"": 1.9, ""value_per_100g"": 1.9}, ""cholesterol_mg_100g"": {""label"": ""Verified"", ""source_name"": ""DOST-FNRI PhilFCT"", ""source_record_id"": ""K002"", ""source_url"": ""https://i.fnri.dost.gov.ph/fct/library/report/4262"", ""value_for_portion"": 0.0, ""value_per_100g"": 0.0}, ""fat_g_100g"": {""label"": ""Verified"", ""source_name"": ""DOST-FNRI PhilFCT"", ""source_record_id"": ""K002"", ""source_url"": ""https://i.fnri.dost.gov.ph/fct/library/report/4262"", ""value_for_portion"": 34.8, ""value_per_100g"": 34.8}, ""fiber_g_100g"": {""label"": ""Verified"", ""source_name"": ""DOST-FNRI PhilFCT"", ""source_record_id"": ""K002"", ""source_url"": ""https://i.fnri.dost.gov.ph/fct/library/report/4262"", ""value_for_portion"": 2.1, ""value_per_100g"": 2.1}, ""kcal_100g"": {""label"": ""Verified"", ""source_name"": ""DOST-FNRI PhilFCT"", ""source_record_id"": ""K002"", ""source_url"": ""https://i.fnri.dost.gov.ph/fct/library/report/4262"", ""value_for_portion"": 343.0, ""value_per_100g"": 343.0}, ""protein_g_100g"": {""label"": ""Verified"", ""source_name"": ""DOST-FNRI PhilFCT"", ""source_record_id"": ""K002"", ""source_url"": ""https://i.fnri.dost.gov.ph/fct/library/report/4262"", ""value_for_portion"": 5.5, ""value_per_100g"": 5.5}, ""sodium_mg_100g"": {""label"": ""Verified"", ""source_name"": ""DOST-FNRI PhilFCT"", ""source_record_id"": ""K002"", ""source_url"": ""https://i.fnri.dost.gov.ph/fct/library/report/4262"", ""value_for_portion"": 18.0, ""value_per_100g"": 18.0}, ""sugar_g_100g"": {""label"": ""Unknown"", ""source_name"": null, ""source_record_id"": null, ""source_url"": null, ""value_for_portion"": null, ""value_per_100g"": null}}"
EST_WORLD_20260918_019_V1,FC000333,"Onion, Bombay bulb, boiled",30,ASSUMED_REFERENCE_MIXTURE,47.0,1.2,9.7,0.4,1.3,4.6,3.0,0.0,"{""carbs_g_100g"": {""label"": ""Verified"", ""source_name"": ""DOST-FNRI PhilFCT"", ""source_record_id"": ""D142"", ""source_url"": ""https://i.fnri.dost.gov.ph/fct/library/report/3421"", ""value_for_portion"": 9.7, ""value_per_100g"": 9.7}, ""cholesterol_mg_100g"": {""label"": ""Verified"", ""source_name"": ""DOST-FNRI PhilFCT"", ""source_record_id"": ""D142"", ""source_url"": ""https://i.fnri.dost.gov.ph/fct/library/report/3421"", ""value_for_portion"": 0.0, ""value_per_100g"": 0.0}, ""fat_g_100g"": {""label"": ""Verified"", ""source_name"": ""DOST-FNRI PhilFCT"", ""source_record_id"": ""D142"", ""source_url"": ""https://i.fnri.dost.gov.ph/fct/library/report/3421"", ""value_for_portion"": 0.4, ""value_per_100g"": 0.4}, ""fiber_g_100g"": {""label"": ""Verified"", ""source_name"": ""DOST-FNRI PhilFCT"", ""source_record_id"": ""D142"", ""source_url"": ""https://i.fnri.dost.gov.ph/fct/library/report/3421"", ""value_for_portion"": 1.3, ""value_per_100g"": 1.3}, ""kcal_100g"": {""label"": ""Verified"", ""source_name"": ""DOST-FNRI PhilFCT"", ""source_record_id"": ""D142"", ""source_url"": ""https://i.fnri.dost.gov.ph/fct/library/report/3421"", ""value_for_portion"": 47.0, ""value_per_100g"": 47.0}, ""protein_g_100g"": {""label"": ""Verified"", ""source_name"": ""DOST-FNRI PhilFCT"", ""source_record_id"": ""D142"", ""source_url"": ""https://i.fnri.dost.gov.ph/fct/library/report/3421"", ""value_for_portion"": 1.2, ""value_per_100g"": 1.2}, ""sodium_mg_100g"": {""label"": ""Verified"", ""source_name"": ""DOST-FNRI PhilFCT"", ""source_record_id"": ""D142"", ""source_url"": ""https://i.fnri.dost.gov.ph/fct/library/report/3421"", ""value_for_portion"": 3.0, ""value_per_100g"": 3.0}, ""sugar_g_100g"": {""label"": ""Verified"", ""source_name"": ""DOST-FNRI PhilFCT"", ""source_record_id"": ""D142"", ""source_url"": ""https://i.fnri.dost.gov.ph/fct/library/report/3421"", ""value_for_portion"": 4.6, ""value_per_100g"": 4.6}}"
EST_WORLD_20260918_019_V1,FC001783,"Spices, curry powder",6,ASSUMED_REFERENCE_MIXTURE,325.0,14.29,55.83,14.01,53.2,2.76,52.0,0.0,"{""carbs_g_100g"": {""label"": ""Other source"", ""source_name"": ""USDA FoodData Central SR Legacy"", ""source_record_id"": ""USDA_FC001783_170924"", ""source_url"": ""https://fdc.nal.usda.gov/food-details/170924/nutrients"", ""value_for_portion"": 55.83, ""value_per_100g"": 55.83}, ""cholesterol_mg_100g"": {""label"": ""Other source"", ""source_name"": ""USDA FoodData Central SR Legacy"", ""source_record_id"": ""USDA_FC001783_170924"", ""source_url"": ""https://fdc.nal.usda.gov/food-details/170924/nutrients"", ""value_for_portion"": 0.0, ""value_per_100g"": 0.0}, ""fat_g_100g"": {""label"": ""Other source"", ""source_name"": ""USDA FoodData Central SR Legacy"", ""source_record_id"": ""USDA_FC001783_170924"", ""source_url"": ""https://fdc.nal.usda.gov/food-details/170924/nutrients"", ""value_for_portion"": 14.01, ""value_per_100g"": 14.01}, ""fiber_g_100g"": {""label"": ""Other source"", ""source_name"": ""USDA FoodData Central SR Legacy"", ""source_record_id"": ""USDA_FC001783_170924"", ""source_url"": ""https://fdc.nal.usda.gov/food-details/170924/nutrients"", ""value_for_portion"": 53.2, ""value_per_100g"": 53.2}, ""kcal_100g"": {""label"": ""Other source"", ""source_name"": ""USDA FoodData Central SR Legacy"", ""source_record_id"": ""USDA_FC001783_170924"", ""source_url"": ""https://fdc.nal.usda.gov/food-details/170924/nutrients"", ""value_for_portion"": 325.0, ""value_per_100g"": 325.0}, ""protein_g_100g"": {""label"": ""Other source"", ""source_name"": ""USDA FoodData Central SR Legacy"", ""source_record_id"": ""USDA_FC001783_170924"", ""source_url"": ""https://fdc.nal.usda.gov/food-details/170924/nutrients"", ""value_for_portion"": 14.29, ""value_per_100g"": 14.29}, ""sodium_mg_100g"": {""label"": ""Other source"", ""source_name"": ""USDA FoodData Central SR Legacy"", ""source_record_id"": ""USDA_FC001783_170924"", ""source_url"": ""https://fdc.nal.usda.gov/food-details/170924/nutrients"", ""value_for_portion"": 52.0, ""value_per_100g"": 52.0}, ""sugar_g_100g"": {""label"": ""Other source"", ""source_name"": ""USDA FoodData Central SR Legacy"", ""source_record_id"": ""USDA_FC001783_170924"", ""source_url"": ""https://fdc.nal.usda.gov/food-details/170924/nutrients"", ""value_for_portion"": 2.76, ""value_per_100g"": 2.76}}"
EST_WORLD_20260918_019_V1,FC000642,"Oil, corn",8,ASSUMED_REFERENCE_MIXTURE,896.0,0.0,0.0,99.6,0.0,0.0,0.0,0.0,"{""carbs_g_100g"": {""label"": ""Verified"", ""source_name"": ""DOST-FNRI PhilFCT"", ""source_record_id"": ""K009"", ""source_url"": ""https://i.fnri.dost.gov.ph/fct/library/report/4269"", ""value_for_portion"": 0.0, ""value_per_100g"": 0.0}, ""cholesterol_mg_100g"": {""label"": ""Verified"", ""source_name"": ""DOST-FNRI PhilFCT"", ""source_record_id"": ""K009"", ""source_url"": ""https://i.fnri.dost.gov.ph/fct/library/report/4269"", ""value_for_portion"": 0.0, ""value_per_100g"": 0.0}, ""fat_g_100g"": {""label"": ""Verified"", ""source_name"": ""DOST-FNRI PhilFCT"", ""source_record_id"": ""K009"", ""source_url"": ""https://i.fnri.dost.gov.ph/fct/library/report/4269"", ""value_for_portion"": 99.6, ""value_per_100g"": 99.6}, ""fiber_g_100g"": {""label"": ""Verified"", ""source_name"": ""DOST-FNRI PhilFCT"", ""source_record_id"": ""K009"", ""source_url"": ""https://i.fnri.dost.gov.ph/fct/library/report/4269"", ""value_for_portion"": 0.0, ""value_per_100g"": 0.0}, ""kcal_100g"": {""label"": ""Verified"", ""source_name"": ""DOST-FNRI PhilFCT"", ""source_record_id"": ""K009"", ""source_url"": ""https://i.fnri.dost.gov.ph/fct/library/report/4269"", ""value_for_portion"": 896.0, ""value_per_100g"": 896.0}, ""protein_g_100g"": {""label"": ""Verified"", ""source_name"": ""DOST-FNRI PhilFCT"", ""source_record_id"": ""K009"", ""source_url"": ""https://i.fnri.dost.gov.ph/fct/library/report/4269"", ""value_for_portion"": 0.0, ""value_per_100g"": 0.0}, ""sodium_mg_100g"": {""label"": ""Verified"", ""source_name"": ""DOST-FNRI PhilFCT"", ""source_record_id"": ""K009"", ""source_url"": ""https://i.fnri.dost.gov.ph/fct/library/report/4269"", ""value_for_portion"": 0.0, ""value_per_100g"": 0.0}, ""sugar_g_100g"": {""label"": ""Verified"", ""source_name"": ""DOST-FNRI PhilFCT"", ""source_record_id"": ""K009"", ""source_url"": ""https://i.fnri.dost.gov.ph/fct/library/report/4269"", ""value_for_portion"": 0.0, ""value_per_100g"": 0.0}}"
EST_WORLD_20260918_019_V1,FC000612,"Salt, coarse",1,ASSUMED_REFERENCE_MIXTURE,0.0,0.0,0.0,0.0,0.0,0.0,34836.0,0.0,"{""carbs_g_100g"": {""label"": ""Verified"", ""source_name"": ""DOST-FNRI PhilFCT"", ""source_record_id"": ""N019"", ""source_url"": ""https://i.fnri.dost.gov.ph/fct/library/report/4342"", ""value_for_portion"": 0.0, ""value_per_100g"": 0.0}, ""cholesterol_mg_100g"": {""label"": ""Verified"", ""source_name"": ""DOST-FNRI PhilFCT"", ""source_record_id"": ""N019"", ""source_url"": ""https://i.fnri.dost.gov.ph/fct/library/report/4342"", ""value_for_portion"": 0.0, ""value_per_100g"": 0.0}, ""fat_g_100g"": {""label"": ""Verified"", ""source_name"": ""DOST-FNRI PhilFCT"", ""source_record_id"": ""N019"", ""source_url"": ""https://i.fnri.dost.gov.ph/fct/library/report/4342"", ""value_for_portion"": 0.0, ""value_per_100g"": 0.0}, ""fiber_g_100g"": {""label"": ""Verified"", ""source_name"": ""DOST-FNRI PhilFCT"", ""source_record_id"": ""N019"", ""source_url"": ""https://i.fnri.dost.gov.ph/fct/library/report/4342"", ""value_for_portion"": 0.0, ""value_per_100g"": 0.0}, ""kcal_100g"": {""label"": ""Verified"", ""source_name"": ""DOST-FNRI PhilFCT"", ""source_record_id"": ""N019"", ""source_url"": ""https://i.fnri.dost.gov.ph/fct/library/report/4342"", ""value_for_portion"": 0.0, ""value_per_100g"": 0.0}, ""protein_g_100g"": {""label"": ""Verified"", ""source_name"": ""DOST-FNRI PhilFCT"", ""source_record_id"": ""N019"", ""source_url"": ""https://i.fnri.dost.gov.ph/fct/library/report/4342"", ""value_for_portion"": 0.0, ""value_per_100g"": 0.0}, ""sodium_mg_100g"": {""label"": ""Verified"", ""source_name"": ""DOST-FNRI PhilFCT"", ""source_record_id"": ""N019"", ""source_url"": ""https://i.fnri.dost.gov.ph/fct/library/report/4342"", ""value_for_portion"": 34836.0, ""value_per_100g"": 34836.0}, ""sugar_g_100g"": {""label"": ""Verified"", ""source_name"": ""DOST-FNRI PhilFCT"", ""source_record_id"": ""N019"", ""source_url"": ""https://i.fnri.dost.gov.ph/fct/library/report/4342"", ""value_for_portion"": 0.0, ""value_per_100g"": 0.0}}"
EST_WORLD_20260918_020_V1,FC000014,"Rice noodles, cooked",220,ASSUMED_REFERENCE_MIXTURE,115.0,0.5,26.9,0.6,1.1,0.0,4.0,0.0,"{""carbs_g_100g"": {""label"": ""Verified"", ""source_name"": ""DOST-FNRI PhilFCT"", ""source_record_id"": ""A138"", ""source_url"": ""https://i.fnri.dost.gov.ph/fct/library/report/3100"", ""value_for_portion"": 26.9, ""value_per_100g"": 26.9}, ""cholesterol_mg_100g"": {""label"": ""Verified"", ""source_name"": ""DOST-FNRI PhilFCT"", ""source_record_id"": ""A138"", ""source_url"": ""https://i.fnri.dost.gov.ph/fct/library/report/3100"", ""value_for_portion"": 0.0, ""value_per_100g"": 0.0}, ""fat_g_100g"": {""label"": ""Verified"", ""source_name"": ""DOST-FNRI PhilFCT"", ""source_record_id"": ""A138"", ""source_url"": ""https://i.fnri.dost.gov.ph/fct/library/report/3100"", ""value_for_portion"": 0.6, ""value_per_100g"": 0.6}, ""fiber_g_100g"": {""label"": ""Verified"", ""source_name"": ""DOST-FNRI PhilFCT"", ""source_record_id"": ""A138"", ""source_url"": ""https://i.fnri.dost.gov.ph/fct/library/report/3100"", ""value_for_portion"": 1.1, ""value_per_100g"": 1.1}, ""kcal_100g"": {""label"": ""Verified"", ""source_name"": ""DOST-FNRI PhilFCT"", ""source_record_id"": ""A138"", ""source_url"": ""https://i.fnri.dost.gov.ph/fct/library/report/3100"", ""value_for_portion"": 115.0, ""value_per_100g"": 115.0}, ""protein_g_100g"": {""label"": ""Verified"", ""source_name"": ""DOST-FNRI PhilFCT"", ""source_record_id"": ""A138"", ""source_url"": ""https://i.fnri.dost.gov.ph/fct/library/report/3100"", ""value_for_portion"": 0.5, ""value_per_100g"": 0.5}, ""sodium_mg_100g"": {""label"": ""Verified"", ""source_name"": ""DOST-FNRI PhilFCT"", ""source_record_id"": ""A138"", ""source_url"": ""https://i.fnri.dost.gov.ph/fct/library/report/3100"", ""value_for_portion"": 4.0, ""value_per_100g"": 4.0}, ""sugar_g_100g"": {""label"": ""Verified"", ""source_name"": ""DOST-FNRI PhilFCT"", ""source_record_id"": ""A138"", ""source_url"": ""https://i.fnri.dost.gov.ph/fct/library/report/3100"", ""value_for_portion"": 0.0, ""value_per_100g"": 0.0}}"
EST_WORLD_20260918_020_V1,FC000454,"Shrimp, banana prawn, boiled",40,ASSUMED_REFERENCE_MIXTURE,104.0,11.2,14.0,0.4,0.0,0.0,113.0,,"{""carbs_g_100g"": {""label"": ""Verified"", ""source_name"": ""DOST-FNRI PhilFCT"", ""source_record_id"": ""G114"", ""source_url"": ""https://i.fnri.dost.gov.ph/fct/library/report/4094"", ""value_for_portion"": 14.0, ""value_per_100g"": 14.0}, ""cholesterol_mg_100g"": {""label"": ""Unknown"", ""source_name"": null, ""source_record_id"": null, ""source_url"": null, ""value_for_portion"": null, ""value_per_100g"": null}, ""fat_g_100g"": {""label"": ""Verified"", ""source_name"": ""DOST-FNRI PhilFCT"", ""source_record_id"": ""G114"", ""source_url"": ""https://i.fnri.dost.gov.ph/fct/library/report/4094"", ""value_for_portion"": 0.4, ""value_per_100g"": 0.4}, ""fiber_g_100g"": {""label"": ""Verified"", ""source_name"": ""DOST-FNRI PhilFCT"", ""source_record_id"": ""G114"", ""source_url"": ""https://i.fnri.dost.gov.ph/fct/library/report/4094"", ""value_for_portion"": 0.0, ""value_per_100g"": 0.0}, ""kcal_100g"": {""label"": ""Verified"", ""source_name"": ""DOST-FNRI PhilFCT"", ""source_record_id"": ""G114"", ""source_url"": ""https://i.fnri.dost.gov.ph/fct/library/report/4094"", ""value_for_portion"": 104.0, ""value_per_100g"": 104.0}, ""protein_g_100g"": {""label"": ""Verified"", ""source_name"": ""DOST-FNRI PhilFCT"", ""source_record_id"": ""G114"", ""source_url"": ""https://i.fnri.dost.gov.ph/fct/library/report/4094"", ""value_for_portion"": 11.2, ""value_per_100g"": 11.2}, ""sodium_mg_100g"": {""label"": ""Verified"", ""source_name"": ""DOST-FNRI PhilFCT"", ""source_record_id"": ""G114"", ""source_url"": ""https://i.fnri.dost.gov.ph/fct/library/report/4094"", ""value_for_portion"": 113.0, ""value_per_100g"": 113.0}, ""sugar_g_100g"": {""label"": ""Verified"", ""source_name"": ""DOST-FNRI PhilFCT"", ""source_record_id"": ""G114"", ""source_url"": ""https://i.fnri.dost.gov.ph/fct/library/report/4094"", ""value_for_portion"": 0.0, ""value_per_100g"": 0.0}}"
EST_WORLD_20260918_020_V1,FC000016,"Egg, chicken, whole, boiled",50,ASSUMED_REFERENCE_MIXTURE,166.0,14.0,0.6,12.0,0.0,0.4,136.0,460.0,"{""carbs_g_100g"": {""label"": ""Verified"", ""source_name"": ""DOST-FNRI PhilFCT"", ""source_record_id"": ""H004"", ""source_url"": ""https://i.fnri.dost.gov.ph/fct/library/report/4216"", ""value_for_portion"": 0.6, ""value_per_100g"": 0.6}, ""cholesterol_mg_100g"": {""label"": ""Verified"", ""source_name"": ""DOST-FNRI PhilFCT"", ""source_record_id"": ""H004"", ""source_url"": ""https://i.fnri.dost.gov.ph/fct/library/report/4216"", ""value_for_portion"": 460.0, ""value_per_100g"": 460.0}, ""fat_g_100g"": {""label"": ""Verified"", ""source_name"": ""DOST-FNRI PhilFCT"", ""source_record_id"": ""H004"", ""source_url"": ""https://i.fnri.dost.gov.ph/fct/library/report/4216"", ""value_for_portion"": 12.0, ""value_per_100g"": 12.0}, ""fiber_g_100g"": {""label"": ""Verified"", ""source_name"": ""DOST-FNRI PhilFCT"", ""source_record_id"": ""H004"", ""source_url"": ""https://i.fnri.dost.gov.ph/fct/library/report/4216"", ""value_for_portion"": 0.0, ""value_per_100g"": 0.0}, ""kcal_100g"": {""label"": ""Verified"", ""source_name"": ""DOST-FNRI PhilFCT"", ""source_record_id"": ""H004"", ""source_url"": ""https://i.fnri.dost.gov.ph/fct/library/report/4216"", ""value_for_portion"": 166.0, ""value_per_100g"": 166.0}, ""protein_g_100g"": {""label"": ""Verified"", ""source_name"": ""DOST-FNRI PhilFCT"", ""source_record_id"": ""H004"", ""source_url"": ""https://i.fnri.dost.gov.ph/fct/library/report/4216"", ""value_for_portion"": 14.0, ""value_per_100g"": 14.0}, ""sodium_mg_100g"": {""label"": ""Verified"", ""source_name"": ""DOST-FNRI PhilFCT"", ""source_record_id"": ""H004"", ""source_url"": ""https://i.fnri.dost.gov.ph/fct/library/report/4216"", ""value_for_portion"": 136.0, ""value_per_100g"": 136.0}, ""sugar_g_100g"": {""label"": ""Verified"", ""source_name"": ""DOST-FNRI PhilFCT"", ""source_record_id"": ""H004"", ""source_url"": ""https://i.fnri.dost.gov.ph/fct/library/report/4216"", ""value_for_portion"": 0.4, ""value_per_100g"": 0.4}}"
EST_WORLD_20260918_020_V1,FC000099,Soy sauce,15,ASSUMED_REFERENCE_MIXTURE,75.0,3.5,15.0,0.1,1.0,0.5,2041.0,0.0,"{""carbs_g_100g"": {""label"": ""Verified"", ""source_name"": ""DOST-FNRI PhilFCT"", ""source_record_id"": ""N023"", ""source_url"": ""https://i.fnri.dost.gov.ph/fct/library/report/4346"", ""value_for_portion"": 15.0, ""value_per_100g"": 15.0}, ""cholesterol_mg_100g"": {""label"": ""Verified"", ""source_name"": ""DOST-FNRI PhilFCT"", ""source_record_id"": ""N023"", ""source_url"": ""https://i.fnri.dost.gov.ph/fct/library/report/4346"", ""value_for_portion"": 0.0, ""value_per_100g"": 0.0}, ""fat_g_100g"": {""label"": ""Verified"", ""source_name"": ""DOST-FNRI PhilFCT"", ""source_record_id"": ""N023"", ""source_url"": ""https://i.fnri.dost.gov.ph/fct/library/report/4346"", ""value_for_portion"": 0.1, ""value_per_100g"": 0.1}, ""fiber_g_100g"": {""label"": ""Verified"", ""source_name"": ""DOST-FNRI PhilFCT"", ""source_record_id"": ""N023"", ""source_url"": ""https://i.fnri.dost.gov.ph/fct/library/report/4346"", ""value_for_portion"": 1.0, ""value_per_100g"": 1.0}, ""kcal_100g"": {""label"": ""Verified"", ""source_name"": ""DOST-FNRI PhilFCT"", ""source_record_id"": ""N023"", ""source_url"": ""https://i.fnri.dost.gov.ph/fct/library/report/4346"", ""value_for_portion"": 75.0, ""value_per_100g"": 75.0}, ""protein_g_100g"": {""label"": ""Verified"", ""source_name"": ""DOST-FNRI PhilFCT"", ""source_record_id"": ""N023"", ""source_url"": ""https://i.fnri.dost.gov.ph/fct/library/report/4346"", ""value_for_portion"": 3.5, ""value_per_100g"": 3.5}, ""sodium_mg_100g"": {""label"": ""Verified"", ""source_name"": ""DOST-FNRI PhilFCT"", ""source_record_id"": ""N023"", ""source_url"": ""https://i.fnri.dost.gov.ph/fct/library/report/4346"", ""value_for_portion"": 2041.0, ""value_per_100g"": 2041.0}, ""sugar_g_100g"": {""label"": ""Verified"", ""source_name"": ""DOST-FNRI PhilFCT"", ""source_record_id"": ""N023"", ""source_url"": ""https://i.fnri.dost.gov.ph/fct/library/report/4346"", ""value_for_portion"": 0.5, ""value_per_100g"": 0.5}}"
EST_WORLD_20260918_020_V1,FC000642,"Oil, corn",15,ASSUMED_REFERENCE_MIXTURE,896.0,0.0,0.0,99.6,0.0,0.0,0.0,0.0,"{""carbs_g_100g"": {""label"": ""Verified"", ""source_name"": ""DOST-FNRI PhilFCT"", ""source_record_id"": ""K009"", ""source_url"": ""https://i.fnri.dost.gov.ph/fct/library/report/4269"", ""value_for_portion"": 0.0, ""value_per_100g"": 0.0}, ""cholesterol_mg_100g"": {""label"": ""Verified"", ""source_name"": ""DOST-FNRI PhilFCT"", ""source_record_id"": ""K009"", ""source_url"": ""https://i.fnri.dost.gov.ph/fct/library/report/4269"", ""value_for_portion"": 0.0, ""value_per_100g"": 0.0}, ""fat_g_100g"": {""label"": ""Verified"", ""source_name"": ""DOST-FNRI PhilFCT"", ""source_record_id"": ""K009"", ""source_url"": ""https://i.fnri.dost.gov.ph/fct/library/report/4269"", ""value_for_portion"": 99.6, ""value_per_100g"": 99.6}, ""fiber_g_100g"": {""label"": ""Verified"", ""source_name"": ""DOST-FNRI PhilFCT"", ""source_record_id"": ""K009"", ""source_url"": ""https://i.fnri.dost.gov.ph/fct/library/report/4269"", ""value_for_portion"": 0.0, ""value_per_100g"": 0.0}, ""kcal_100g"": {""label"": ""Verified"", ""source_name"": ""DOST-FNRI PhilFCT"", ""source_record_id"": ""K009"", ""source_url"": ""https://i.fnri.dost.gov.ph/fct/library/report/4269"", ""value_for_portion"": 896.0, ""value_per_100g"": 896.0}, ""protein_g_100g"": {""label"": ""Verified"", ""source_name"": ""DOST-FNRI PhilFCT"", ""source_record_id"": ""K009"", ""source_url"": ""https://i.fnri.dost.gov.ph/fct/library/report/4269"", ""value_for_portion"": 0.0, ""value_per_100g"": 0.0}, ""sodium_mg_100g"": {""label"": ""Verified"", ""source_name"": ""DOST-FNRI PhilFCT"", ""source_record_id"": ""K009"", ""source_url"": ""https://i.fnri.dost.gov.ph/fct/library/report/4269"", ""value_for_portion"": 0.0, ""value_per_100g"": 0.0}, ""sugar_g_100g"": {""label"": ""Verified"", ""source_name"": ""DOST-FNRI PhilFCT"", ""source_record_id"": ""K009"", ""source_url"": ""https://i.fnri.dost.gov.ph/fct/library/report/4269"", ""value_for_portion"": 0.0, ""value_per_100g"": 0.0}}"
EST_WORLD_20260918_020_V1,FC000296,"Onion, spring",8,ASSUMED_REFERENCE_MIXTURE,41.0,1.8,7.2,0.5,2.6,2.3,30.0,0.0,"{""carbs_g_100g"": {""label"": ""Verified"", ""source_name"": ""DOST-FNRI PhilFCT"", ""source_record_id"": ""D147"", ""source_url"": ""https://i.fnri.dost.gov.ph/fct/library/report/3426"", ""value_for_portion"": 7.2, ""value_per_100g"": 7.2}, ""cholesterol_mg_100g"": {""label"": ""Verified"", ""source_name"": ""DOST-FNRI PhilFCT"", ""source_record_id"": ""D147"", ""source_url"": ""https://i.fnri.dost.gov.ph/fct/library/report/3426"", ""value_for_portion"": 0.0, ""value_per_100g"": 0.0}, ""fat_g_100g"": {""label"": ""Verified"", ""source_name"": ""DOST-FNRI PhilFCT"", ""source_record_id"": ""D147"", ""source_url"": ""https://i.fnri.dost.gov.ph/fct/library/report/3426"", ""value_for_portion"": 0.5, ""value_per_100g"": 0.5}, ""fiber_g_100g"": {""label"": ""Verified"", ""source_name"": ""DOST-FNRI PhilFCT"", ""source_record_id"": ""D147"", ""source_url"": ""https://i.fnri.dost.gov.ph/fct/library/report/3426"", ""value_for_portion"": 2.6, ""value_per_100g"": 2.6}, ""kcal_100g"": {""label"": ""Verified"", ""source_name"": ""DOST-FNRI PhilFCT"", ""source_record_id"": ""D147"", ""source_url"": ""https://i.fnri.dost.gov.ph/fct/library/report/3426"", ""value_for_portion"": 41.0, ""value_per_100g"": 41.0}, ""protein_g_100g"": {""label"": ""Verified"", ""source_name"": ""DOST-FNRI PhilFCT"", ""source_record_id"": ""D147"", ""source_url"": ""https://i.fnri.dost.gov.ph/fct/library/report/3426"", ""value_for_portion"": 1.8, ""value_per_100g"": 1.8}, ""sodium_mg_100g"": {""label"": ""Verified"", ""source_name"": ""DOST-FNRI PhilFCT"", ""source_record_id"": ""D147"", ""source_url"": ""https://i.fnri.dost.gov.ph/fct/library/report/3426"", ""value_for_portion"": 30.0, ""value_per_100g"": 30.0}, ""sugar_g_100g"": {""label"": ""Verified"", ""source_name"": ""DOST-FNRI PhilFCT"", ""source_record_id"": ""D147"", ""source_url"": ""https://i.fnri.dost.gov.ph/fct/library/report/3426"", ""value_for_portion"": 2.3, ""value_per_100g"": 2.3}}"
EST_WORLD_20260918_021_V1,FC001995,"Rolls, hamburger or hotdog, plain",60,ASSUMED_REFERENCE_MIXTURE,279.0,9.77,50.12,3.91,1.8,7.28,494.0,0.0,"{""carbs_g_100g"": {""label"": ""Other source"", ""source_name"": ""USDA FoodData Central SR Legacy"", ""source_record_id"": ""USDA_FC001995_172796"", ""source_url"": ""https://fdc.nal.usda.gov/food-details/172796/nutrients"", ""value_for_portion"": 50.12, ""value_per_100g"": 50.12}, ""cholesterol_mg_100g"": {""label"": ""Other source"", ""source_name"": ""USDA FoodData Central SR Legacy"", ""source_record_id"": ""USDA_FC001995_172796"", ""source_url"": ""https://fdc.nal.usda.gov/food-details/172796/nutrients"", ""value_for_portion"": 0.0, ""value_per_100g"": 0.0}, ""fat_g_100g"": {""label"": ""Other source"", ""source_name"": ""USDA FoodData Central SR Legacy"", ""source_record_id"": ""USDA_FC001995_172796"", ""source_url"": ""https://fdc.nal.usda.gov/food-details/172796/nutrients"", ""value_for_portion"": 3.91, ""value_per_100g"": 3.91}, ""fiber_g_100g"": {""label"": ""Other source"", ""source_name"": ""USDA FoodData Central SR Legacy"", ""source_record_id"": ""USDA_FC001995_172796"", ""source_url"": ""https://fdc.nal.usda.gov/food-details/172796/nutrients"", ""value_for_portion"": 1.8, ""value_per_100g"": 1.8}, ""kcal_100g"": {""label"": ""Other source"", ""source_name"": ""USDA FoodData Central SR Legacy"", ""source_record_id"": ""USDA_FC001995_172796"", ""source_url"": ""https://fdc.nal.usda.gov/food-details/172796/nutrients"", ""value_for_portion"": 279.0, ""value_per_100g"": 279.0}, ""protein_g_100g"": {""label"": ""Other source"", ""source_name"": ""USDA FoodData Central SR Legacy"", ""source_record_id"": ""USDA_FC001995_172796"", ""source_url"": ""https://fdc.nal.usda.gov/food-details/172796/nutrients"", ""value_for_portion"": 9.77, ""value_per_100g"": 9.77}, ""sodium_mg_100g"": {""label"": ""Other source"", ""source_name"": ""USDA FoodData Central SR Legacy"", ""source_record_id"": ""USDA_FC001995_172796"", ""source_url"": ""https://fdc.nal.usda.gov/food-details/172796/nutrients"", ""value_for_portion"": 494.0, ""value_per_100g"": 494.0}, ""sugar_g_100g"": {""label"": ""Other source"", ""source_name"": ""USDA FoodData Central SR Legacy"", ""source_record_id"": ""USDA_FC001995_172796"", ""source_url"": ""https://fdc.nal.usda.gov/food-details/172796/nutrients"", ""value_for_portion"": 7.28, ""value_per_100g"": 7.28}}"
EST_WORLD_20260918_021_V1,FC000137,"Beef, ground, 80% lean meat / 20% fat, crumbles, cooked, pan-browned",90,ASSUMED_REFERENCE_MIXTURE,272.0,27.0,0.0,17.36,0.0,0.0,91.0,89.0,"{""carbs_g_100g"": {""label"": ""Other source"", ""source_name"": ""USDA FoodData Central SR Legacy"", ""source_record_id"": ""USDA_FC000137_171799"", ""source_url"": ""https://fdc.nal.usda.gov/food-details/171799/nutrients"", ""value_for_portion"": 0.0, ""value_per_100g"": 0.0}, ""cholesterol_mg_100g"": {""label"": ""Other source"", ""source_name"": ""USDA FoodData Central SR Legacy"", ""source_record_id"": ""USDA_FC000137_171799"", ""source_url"": ""https://fdc.nal.usda.gov/food-details/171799/nutrients"", ""value_for_portion"": 89.0, ""value_per_100g"": 89.0}, ""fat_g_100g"": {""label"": ""Other source"", ""source_name"": ""USDA FoodData Central SR Legacy"", ""source_record_id"": ""USDA_FC000137_171799"", ""source_url"": ""https://fdc.nal.usda.gov/food-details/171799/nutrients"", ""value_for_portion"": 17.36, ""value_per_100g"": 17.36}, ""fiber_g_100g"": {""label"": ""Other source"", ""source_name"": ""USDA FoodData Central SR Legacy"", ""source_record_id"": ""USDA_FC000137_171799"", ""source_url"": ""https://fdc.nal.usda.gov/food-details/171799/nutrients"", ""value_for_portion"": 0.0, ""value_per_100g"": 0.0}, ""kcal_100g"": {""label"": ""Other source"", ""source_name"": ""USDA FoodData Central SR Legacy"", ""source_record_id"": ""USDA_FC000137_171799"", ""source_url"": ""https://fdc.nal.usda.gov/food-details/171799/nutrients"", ""value_for_portion"": 272.0, ""value_per_100g"": 272.0}, ""protein_g_100g"": {""label"": ""Other source"", ""source_name"": ""USDA FoodData Central SR Legacy"", ""source_record_id"": ""USDA_FC000137_171799"", ""source_url"": ""https://fdc.nal.usda.gov/food-details/171799/nutrients"", ""value_for_portion"": 27.0, ""value_per_100g"": 27.0}, ""sodium_mg_100g"": {""label"": ""Other source"", ""source_name"": ""USDA FoodData Central SR Legacy"", ""source_record_id"": ""USDA_FC000137_171799"", ""source_url"": ""https://fdc.nal.usda.gov/food-details/171799/nutrients"", ""value_for_portion"": 91.0, ""value_per_100g"": 91.0}, ""sugar_g_100g"": {""label"": ""Other source"", ""source_name"": ""USDA FoodData Central SR Legacy"", ""source_record_id"": ""USDA_FC000137_171799"", ""source_url"": ""https://fdc.nal.usda.gov/food-details/171799/nutrients"", ""value_for_portion"": 0.0, ""value_per_100g"": 0.0}}"
EST_WORLD_20260918_021_V1,FC000593,"Cheese, cheddar, pasteurized, processed",20,ASSUMED_REFERENCE_MIXTURE,322.0,21.7,7.8,22.7,0.0,0.3,1337.0,68.0,"{""carbs_g_100g"": {""label"": ""Verified"", ""source_name"": ""DOST-FNRI PhilFCT"", ""source_record_id"": ""J001"", ""source_url"": ""https://i.fnri.dost.gov.ph/fct/library/report/4235"", ""value_for_portion"": 7.8, ""value_per_100g"": 7.8}, ""cholesterol_mg_100g"": {""label"": ""Verified"", ""source_name"": ""DOST-FNRI PhilFCT"", ""source_record_id"": ""J001"", ""source_url"": ""https://i.fnri.dost.gov.ph/fct/library/report/4235"", ""value_for_portion"": 68.0, ""value_per_100g"": 68.0}, ""fat_g_100g"": {""label"": ""Verified"", ""source_name"": ""DOST-FNRI PhilFCT"", ""source_record_id"": ""J001"", ""source_url"": ""https://i.fnri.dost.gov.ph/fct/library/report/4235"", ""value_for_portion"": 22.7, ""value_per_100g"": 22.7}, ""fiber_g_100g"": {""label"": ""Verified"", ""source_name"": ""DOST-FNRI PhilFCT"", ""source_record_id"": ""J001"", ""source_url"": ""https://i.fnri.dost.gov.ph/fct/library/report/4235"", ""value_for_portion"": 0.0, ""value_per_100g"": 0.0}, ""kcal_100g"": {""label"": ""Verified"", ""source_name"": ""DOST-FNRI PhilFCT"", ""source_record_id"": ""J001"", ""source_url"": ""https://i.fnri.dost.gov.ph/fct/library/report/4235"", ""value_for_portion"": 322.0, ""value_per_100g"": 322.0}, ""protein_g_100g"": {""label"": ""Verified"", ""source_name"": ""DOST-FNRI PhilFCT"", ""source_record_id"": ""J001"", ""source_url"": ""https://i.fnri.dost.gov.ph/fct/library/report/4235"", ""value_for_portion"": 21.7, ""value_per_100g"": 21.7}, ""sodium_mg_100g"": {""label"": ""Verified"", ""source_name"": ""DOST-FNRI PhilFCT"", ""source_record_id"": ""J001"", ""source_url"": ""https://i.fnri.dost.gov.ph/fct/library/report/4235"", ""value_for_portion"": 1337.0, ""value_per_100g"": 1337.0}, ""sugar_g_100g"": {""label"": ""Verified"", ""source_name"": ""DOST-FNRI PhilFCT"", ""source_record_id"": ""J001"", ""source_url"": ""https://i.fnri.dost.gov.ph/fct/library/report/4235"", ""value_for_portion"": 0.3, ""value_per_100g"": 0.3}}"
EST_WORLD_20260918_021_V1,FC000291,Lettuce lvs & petioles,10,ASSUMED_REFERENCE_MIXTURE,22.0,1.3,3.4,0.4,1.8,1.6,17.0,0.0,"{""carbs_g_100g"": {""label"": ""Verified"", ""source_name"": ""DOST-FNRI PhilFCT"", ""source_record_id"": ""D115"", ""source_url"": ""https://i.fnri.dost.gov.ph/fct/library/report/3394"", ""value_for_portion"": 3.4, ""value_per_100g"": 3.4}, ""cholesterol_mg_100g"": {""label"": ""Verified"", ""source_name"": ""DOST-FNRI PhilFCT"", ""source_record_id"": ""D115"", ""source_url"": ""https://i.fnri.dost.gov.ph/fct/library/report/3394"", ""value_for_portion"": 0.0, ""value_per_100g"": 0.0}, ""fat_g_100g"": {""label"": ""Verified"", ""source_name"": ""DOST-FNRI PhilFCT"", ""source_record_id"": ""D115"", ""source_url"": ""https://i.fnri.dost.gov.ph/fct/library/report/3394"", ""value_for_portion"": 0.4, ""value_per_100g"": 0.4}, ""fiber_g_100g"": {""label"": ""Verified"", ""source_name"": ""DOST-FNRI PhilFCT"", ""source_record_id"": ""D115"", ""source_url"": ""https://i.fnri.dost.gov.ph/fct/library/report/3394"", ""value_for_portion"": 1.8, ""value_per_100g"": 1.8}, ""kcal_100g"": {""label"": ""Verified"", ""source_name"": ""DOST-FNRI PhilFCT"", ""source_record_id"": ""D115"", ""source_url"": ""https://i.fnri.dost.gov.ph/fct/library/report/3394"", ""value_for_portion"": 22.0, ""value_per_100g"": 22.0}, ""protein_g_100g"": {""label"": ""Verified"", ""source_name"": ""DOST-FNRI PhilFCT"", ""source_record_id"": ""D115"", ""source_url"": ""https://i.fnri.dost.gov.ph/fct/library/report/3394"", ""value_for_portion"": 1.3, ""value_per_100g"": 1.3}, ""sodium_mg_100g"": {""label"": ""Verified"", ""source_name"": ""DOST-FNRI PhilFCT"", ""source_record_id"": ""D115"", ""source_url"": ""https://i.fnri.dost.gov.ph/fct/library/report/3394"", ""value_for_portion"": 17.0, ""value_per_100g"": 17.0}, ""sugar_g_100g"": {""label"": ""Verified"", ""source_name"": ""DOST-FNRI PhilFCT"", ""source_record_id"": ""D115"", ""source_url"": ""https://i.fnri.dost.gov.ph/fct/library/report/3394"", ""value_for_portion"": 1.6, ""value_per_100g"": 1.6}}"
EST_WORLD_20260918_021_V1,FC000061,Tomato,20,ASSUMED_REFERENCE_MIXTURE,25.0,0.8,5.2,0.1,0.3,3.7,11.0,0.0,"{""carbs_g_100g"": {""label"": ""Verified"", ""source_name"": ""DOST-FNRI PhilFCT"", ""source_record_id"": ""D257"", ""source_url"": ""https://i.fnri.dost.gov.ph/fct/library/report/3536"", ""value_for_portion"": 5.2, ""value_per_100g"": 5.2}, ""cholesterol_mg_100g"": {""label"": ""Verified"", ""source_name"": ""DOST-FNRI PhilFCT"", ""source_record_id"": ""D257"", ""source_url"": ""https://i.fnri.dost.gov.ph/fct/library/report/3536"", ""value_for_portion"": 0.0, ""value_per_100g"": 0.0}, ""fat_g_100g"": {""label"": ""Verified"", ""source_name"": ""DOST-FNRI PhilFCT"", ""source_record_id"": ""D257"", ""source_url"": ""https://i.fnri.dost.gov.ph/fct/library/report/3536"", ""value_for_portion"": 0.1, ""value_per_100g"": 0.1}, ""fiber_g_100g"": {""label"": ""Verified"", ""source_name"": ""DOST-FNRI PhilFCT"", ""source_record_id"": ""D257"", ""source_url"": ""https://i.fnri.dost.gov.ph/fct/library/report/3536"", ""value_for_portion"": 0.3, ""value_per_100g"": 0.3}, ""kcal_100g"": {""label"": ""Verified"", ""source_name"": ""DOST-FNRI PhilFCT"", ""source_record_id"": ""D257"", ""source_url"": ""https://i.fnri.dost.gov.ph/fct/library/report/3536"", ""value_for_portion"": 25.0, ""value_per_100g"": 25.0}, ""protein_g_100g"": {""label"": ""Verified"", ""source_name"": ""DOST-FNRI PhilFCT"", ""source_record_id"": ""D257"", ""source_url"": ""https://i.fnri.dost.gov.ph/fct/library/report/3536"", ""value_for_portion"": 0.8, ""value_per_100g"": 0.8}, ""sodium_mg_100g"": {""label"": ""Verified"", ""source_name"": ""DOST-FNRI PhilFCT"", ""source_record_id"": ""D257"", ""source_url"": ""https://i.fnri.dost.gov.ph/fct/library/report/3536"", ""value_for_portion"": 11.0, ""value_per_100g"": 11.0}, ""sugar_g_100g"": {""label"": ""Verified"", ""source_name"": ""DOST-FNRI PhilFCT"", ""source_record_id"": ""D257"", ""source_url"": ""https://i.fnri.dost.gov.ph/fct/library/report/3536"", ""value_for_portion"": 3.7, ""value_per_100g"": 3.7}}"
EST_WORLD_20260918_021_V1,FC000641,Mayonnaise,18,ASSUMED_REFERENCE_MIXTURE,715.0,1.2,1.4,78.3,0.0,0.6,506.0,44.0,"{""carbs_g_100g"": {""label"": ""Verified"", ""source_name"": ""DOST-FNRI PhilFCT"", ""source_record_id"": ""K007"", ""source_url"": ""https://i.fnri.dost.gov.ph/fct/library/report/4267"", ""value_for_portion"": 1.4, ""value_per_100g"": 1.4}, ""cholesterol_mg_100g"": {""label"": ""Verified"", ""source_name"": ""DOST-FNRI PhilFCT"", ""source_record_id"": ""K007"", ""source_url"": ""https://i.fnri.dost.gov.ph/fct/library/report/4267"", ""value_for_portion"": 44.0, ""value_per_100g"": 44.0}, ""fat_g_100g"": {""label"": ""Verified"", ""source_name"": ""DOST-FNRI PhilFCT"", ""source_record_id"": ""K007"", ""source_url"": ""https://i.fnri.dost.gov.ph/fct/library/report/4267"", ""value_for_portion"": 78.3, ""value_per_100g"": 78.3}, ""fiber_g_100g"": {""label"": ""Verified"", ""source_name"": ""DOST-FNRI PhilFCT"", ""source_record_id"": ""K007"", ""source_url"": ""https://i.fnri.dost.gov.ph/fct/library/report/4267"", ""value_for_portion"": 0.0, ""value_per_100g"": 0.0}, ""kcal_100g"": {""label"": ""Verified"", ""source_name"": ""DOST-FNRI PhilFCT"", ""source_record_id"": ""K007"", ""source_url"": ""https://i.fnri.dost.gov.ph/fct/library/report/4267"", ""value_for_portion"": 715.0, ""value_per_100g"": 715.0}, ""protein_g_100g"": {""label"": ""Verified"", ""source_name"": ""DOST-FNRI PhilFCT"", ""source_record_id"": ""K007"", ""source_url"": ""https://i.fnri.dost.gov.ph/fct/library/report/4267"", ""value_for_portion"": 1.2, ""value_per_100g"": 1.2}, ""sodium_mg_100g"": {""label"": ""Verified"", ""source_name"": ""DOST-FNRI PhilFCT"", ""source_record_id"": ""K007"", ""source_url"": ""https://i.fnri.dost.gov.ph/fct/library/report/4267"", ""value_for_portion"": 506.0, ""value_per_100g"": 506.0}, ""sugar_g_100g"": {""label"": ""Verified"", ""source_name"": ""DOST-FNRI PhilFCT"", ""source_record_id"": ""K007"", ""source_url"": ""https://i.fnri.dost.gov.ph/fct/library/report/4267"", ""value_for_portion"": 0.6, ""value_per_100g"": 0.6}}"
EST_WORLD_20260918_022_V1,FC001995,"Rolls, hamburger or hotdog, plain",60,ASSUMED_REFERENCE_MIXTURE,279.0,9.77,50.12,3.91,1.8,7.28,494.0,0.0,"{""carbs_g_100g"": {""label"": ""Other source"", ""source_name"": ""USDA FoodData Central SR Legacy"", ""source_record_id"": ""USDA_FC001995_172796"", ""source_url"": ""https://fdc.nal.usda.gov/food-details/172796/nutrients"", ""value_for_portion"": 50.12, ""value_per_100g"": 50.12}, ""cholesterol_mg_100g"": {""label"": ""Other source"", ""source_name"": ""USDA FoodData Central SR Legacy"", ""source_record_id"": ""USDA_FC001995_172796"", ""source_url"": ""https://fdc.nal.usda.gov/food-details/172796/nutrients"", ""value_for_portion"": 0.0, ""value_per_100g"": 0.0}, ""fat_g_100g"": {""label"": ""Other source"", ""source_name"": ""USDA FoodData Central SR Legacy"", ""source_record_id"": ""USDA_FC001995_172796"", ""source_url"": ""https://fdc.nal.usda.gov/food-details/172796/nutrients"", ""value_for_portion"": 3.91, ""value_per_100g"": 3.91}, ""fiber_g_100g"": {""label"": ""Other source"", ""source_name"": ""USDA FoodData Central SR Legacy"", ""source_record_id"": ""USDA_FC001995_172796"", ""source_url"": ""https://fdc.nal.usda.gov/food-details/172796/nutrients"", ""value_for_portion"": 1.8, ""value_per_100g"": 1.8}, ""kcal_100g"": {""label"": ""Other source"", ""source_name"": ""USDA FoodData Central SR Legacy"", ""source_record_id"": ""USDA_FC001995_172796"", ""source_url"": ""https://fdc.nal.usda.gov/food-details/172796/nutrients"", ""value_for_portion"": 279.0, ""value_per_100g"": 279.0}, ""protein_g_100g"": {""label"": ""Other source"", ""source_name"": ""USDA FoodData Central SR Legacy"", ""source_record_id"": ""USDA_FC001995_172796"", ""source_url"": ""https://fdc.nal.usda.gov/food-details/172796/nutrients"", ""value_for_portion"": 9.77, ""value_per_100g"": 9.77}, ""sodium_mg_100g"": {""label"": ""Other source"", ""source_name"": ""USDA FoodData Central SR Legacy"", ""source_record_id"": ""USDA_FC001995_172796"", ""source_url"": ""https://fdc.nal.usda.gov/food-details/172796/nutrients"", ""value_for_portion"": 494.0, ""value_per_100g"": 494.0}, ""sugar_g_100g"": {""label"": ""Other source"", ""source_name"": ""USDA FoodData Central SR Legacy"", ""source_record_id"": ""USDA_FC001995_172796"", ""source_url"": ""https://fdc.nal.usda.gov/food-details/172796/nutrients"", ""value_for_portion"": 7.28, ""value_per_100g"": 7.28}}"
EST_WORLD_20260918_022_V1,FC000137,"Beef, ground, 80% lean meat / 20% fat, crumbles, cooked, pan-browned",90,ASSUMED_REFERENCE_MIXTURE,272.0,27.0,0.0,17.36,0.0,0.0,91.0,89.0,"{""carbs_g_100g"": {""label"": ""Other source"", ""source_name"": ""USDA FoodData Central SR Legacy"", ""source_record_id"": ""USDA_FC000137_171799"", ""source_url"": ""https://fdc.nal.usda.gov/food-details/171799/nutrients"", ""value_for_portion"": 0.0, ""value_per_100g"": 0.0}, ""cholesterol_mg_100g"": {""label"": ""Other source"", ""source_name"": ""USDA FoodData Central SR Legacy"", ""source_record_id"": ""USDA_FC000137_171799"", ""source_url"": ""https://fdc.nal.usda.gov/food-details/171799/nutrients"", ""value_for_portion"": 89.0, ""value_per_100g"": 89.0}, ""fat_g_100g"": {""label"": ""Other source"", ""source_name"": ""USDA FoodData Central SR Legacy"", ""source_record_id"": ""USDA_FC000137_171799"", ""source_url"": ""https://fdc.nal.usda.gov/food-details/171799/nutrients"", ""value_for_portion"": 17.36, ""value_per_100g"": 17.36}, ""fiber_g_100g"": {""label"": ""Other source"", ""source_name"": ""USDA FoodData Central SR Legacy"", ""source_record_id"": ""USDA_FC000137_171799"", ""source_url"": ""https://fdc.nal.usda.gov/food-details/171799/nutrients"", ""value_for_portion"": 0.0, ""value_per_100g"": 0.0}, ""kcal_100g"": {""label"": ""Other source"", ""source_name"": ""USDA FoodData Central SR Legacy"", ""source_record_id"": ""USDA_FC000137_171799"", ""source_url"": ""https://fdc.nal.usda.gov/food-details/171799/nutrients"", ""value_for_portion"": 272.0, ""value_per_100g"": 272.0}, ""protein_g_100g"": {""label"": ""Other source"", ""source_name"": ""USDA FoodData Central SR Legacy"", ""source_record_id"": ""USDA_FC000137_171799"", ""source_url"": ""https://fdc.nal.usda.gov/food-details/171799/nutrients"", ""value_for_portion"": 27.0, ""value_per_100g"": 27.0}, ""sodium_mg_100g"": {""label"": ""Other source"", ""source_name"": ""USDA FoodData Central SR Legacy"", ""source_record_id"": ""USDA_FC000137_171799"", ""source_url"": ""https://fdc.nal.usda.gov/food-details/171799/nutrients"", ""value_for_portion"": 91.0, ""value_per_100g"": 91.0}, ""sugar_g_100g"": {""label"": ""Other source"", ""source_name"": ""USDA FoodData Central SR Legacy"", ""source_record_id"": ""USDA_FC000137_171799"", ""source_url"": ""https://fdc.nal.usda.gov/food-details/171799/nutrients"", ""value_for_portion"": 0.0, ""value_per_100g"": 0.0}}"
EST_WORLD_20260918_022_V1,FC000593,"Cheese, cheddar, pasteurized, processed",20,ASSUMED_REFERENCE_MIXTURE,322.0,21.7,7.8,22.7,0.0,0.3,1337.0,68.0,"{""carbs_g_100g"": {""label"": ""Verified"", ""source_name"": ""DOST-FNRI PhilFCT"", ""source_record_id"": ""J001"", ""source_url"": ""https://i.fnri.dost.gov.ph/fct/library/report/4235"", ""value_for_portion"": 7.8, ""value_per_100g"": 7.8}, ""cholesterol_mg_100g"": {""label"": ""Verified"", ""source_name"": ""DOST-FNRI PhilFCT"", ""source_record_id"": ""J001"", ""source_url"": ""https://i.fnri.dost.gov.ph/fct/library/report/4235"", ""value_for_portion"": 68.0, ""value_per_100g"": 68.0}, ""fat_g_100g"": {""label"": ""Verified"", ""source_name"": ""DOST-FNRI PhilFCT"", ""source_record_id"": ""J001"", ""source_url"": ""https://i.fnri.dost.gov.ph/fct/library/report/4235"", ""value_for_portion"": 22.7, ""value_per_100g"": 22.7}, ""fiber_g_100g"": {""label"": ""Verified"", ""source_name"": ""DOST-FNRI PhilFCT"", ""source_record_id"": ""J001"", ""source_url"": ""https://i.fnri.dost.gov.ph/fct/library/report/4235"", ""value_for_portion"": 0.0, ""value_per_100g"": 0.0}, ""kcal_100g"": {""label"": ""Verified"", ""source_name"": ""DOST-FNRI PhilFCT"", ""source_record_id"": ""J001"", ""source_url"": ""https://i.fnri.dost.gov.ph/fct/library/report/4235"", ""value_for_portion"": 322.0, ""value_per_100g"": 322.0}, ""protein_g_100g"": {""label"": ""Verified"", ""source_name"": ""DOST-FNRI PhilFCT"", ""source_record_id"": ""J001"", ""source_url"": ""https://i.fnri.dost.gov.ph/fct/library/report/4235"", ""value_for_portion"": 21.7, ""value_per_100g"": 21.7}, ""sodium_mg_100g"": {""label"": ""Verified"", ""source_name"": ""DOST-FNRI PhilFCT"", ""source_record_id"": ""J001"", ""source_url"": ""https://i.fnri.dost.gov.ph/fct/library/report/4235"", ""value_for_portion"": 1337.0, ""value_per_100g"": 1337.0}, ""sugar_g_100g"": {""label"": ""Verified"", ""source_name"": ""DOST-FNRI PhilFCT"", ""source_record_id"": ""J001"", ""source_url"": ""https://i.fnri.dost.gov.ph/fct/library/report/4235"", ""value_for_portion"": 0.3, ""value_per_100g"": 0.3}}"
EST_WORLD_20260918_022_V1,FC001355,"Pork, cured, bacon, cooked, baked",20,ASSUMED_REFERENCE_MIXTURE,548.0,35.73,1.35,43.27,0.0,0.0,2193.0,107.0,"{""carbs_g_100g"": {""label"": ""Other source"", ""source_name"": ""USDA FoodData Central SR Legacy"", ""source_record_id"": ""USDA_FC001355_167914"", ""source_url"": ""https://fdc.nal.usda.gov/food-details/167914/nutrients"", ""value_for_portion"": 1.35, ""value_per_100g"": 1.35}, ""cholesterol_mg_100g"": {""label"": ""Other source"", ""source_name"": ""USDA FoodData Central SR Legacy"", ""source_record_id"": ""USDA_FC001355_167914"", ""source_url"": ""https://fdc.nal.usda.gov/food-details/167914/nutrients"", ""value_for_portion"": 107.0, ""value_per_100g"": 107.0}, ""fat_g_100g"": {""label"": ""Other source"", ""source_name"": ""USDA FoodData Central SR Legacy"", ""source_record_id"": ""USDA_FC001355_167914"", ""source_url"": ""https://fdc.nal.usda.gov/food-details/167914/nutrients"", ""value_for_portion"": 43.27, ""value_per_100g"": 43.27}, ""fiber_g_100g"": {""label"": ""Other source"", ""source_name"": ""USDA FoodData Central SR Legacy"", ""source_record_id"": ""USDA_FC001355_167914"", ""source_url"": ""https://fdc.nal.usda.gov/food-details/167914/nutrients"", ""value_for_portion"": 0.0, ""value_per_100g"": 0.0}, ""kcal_100g"": {""label"": ""Other source"", ""source_name"": ""USDA FoodData Central SR Legacy"", ""source_record_id"": ""USDA_FC001355_167914"", ""source_url"": ""https://fdc.nal.usda.gov/food-details/167914/nutrients"", ""value_for_portion"": 548.0, ""value_per_100g"": 548.0}, ""protein_g_100g"": {""label"": ""Other source"", ""source_name"": ""USDA FoodData Central SR Legacy"", ""source_record_id"": ""USDA_FC001355_167914"", ""source_url"": ""https://fdc.nal.usda.gov/food-details/167914/nutrients"", ""value_for_portion"": 35.73, ""value_per_100g"": 35.73}, ""sodium_mg_100g"": {""label"": ""Other source"", ""source_name"": ""USDA FoodData Central SR Legacy"", ""source_record_id"": ""USDA_FC001355_167914"", ""source_url"": ""https://fdc.nal.usda.gov/food-details/167914/nutrients"", ""value_for_portion"": 2193.0, ""value_per_100g"": 2193.0}, ""sugar_g_100g"": {""label"": ""Other source"", ""source_name"": ""USDA FoodData Central SR Legacy"", ""source_record_id"": ""USDA_FC001355_167914"", ""source_url"": ""https://fdc.nal.usda.gov/food-details/167914/nutrients"", ""value_for_portion"": 0.0, ""value_per_100g"": 0.0}}"
EST_WORLD_20260918_022_V1,FC000299,"Pepper, chili fruit",8,ASSUMED_REFERENCE_MIXTURE,75.0,4.8,9.0,2.2,3.5,5.0,14.0,0.0,"{""carbs_g_100g"": {""label"": ""Verified"", ""source_name"": ""DOST-FNRI PhilFCT"", ""source_record_id"": ""D164"", ""source_url"": ""https://i.fnri.dost.gov.ph/fct/library/report/3443"", ""value_for_portion"": 9.0, ""value_per_100g"": 9.0}, ""cholesterol_mg_100g"": {""label"": ""Verified"", ""source_name"": ""DOST-FNRI PhilFCT"", ""source_record_id"": ""D164"", ""source_url"": ""https://i.fnri.dost.gov.ph/fct/library/report/3443"", ""value_for_portion"": 0.0, ""value_per_100g"": 0.0}, ""fat_g_100g"": {""label"": ""Verified"", ""source_name"": ""DOST-FNRI PhilFCT"", ""source_record_id"": ""D164"", ""source_url"": ""https://i.fnri.dost.gov.ph/fct/library/report/3443"", ""value_for_portion"": 2.2, ""value_per_100g"": 2.2}, ""fiber_g_100g"": {""label"": ""Verified"", ""source_name"": ""DOST-FNRI PhilFCT"", ""source_record_id"": ""D164"", ""source_url"": ""https://i.fnri.dost.gov.ph/fct/library/report/3443"", ""value_for_portion"": 3.5, ""value_per_100g"": 3.5}, ""kcal_100g"": {""label"": ""Verified"", ""source_name"": ""DOST-FNRI PhilFCT"", ""source_record_id"": ""D164"", ""source_url"": ""https://i.fnri.dost.gov.ph/fct/library/report/3443"", ""value_for_portion"": 75.0, ""value_per_100g"": 75.0}, ""protein_g_100g"": {""label"": ""Verified"", ""source_name"": ""DOST-FNRI PhilFCT"", ""source_record_id"": ""D164"", ""source_url"": ""https://i.fnri.dost.gov.ph/fct/library/report/3443"", ""value_for_portion"": 4.8, ""value_per_100g"": 4.8}, ""sodium_mg_100g"": {""label"": ""Verified"", ""source_name"": ""DOST-FNRI PhilFCT"", ""source_record_id"": ""D164"", ""source_url"": ""https://i.fnri.dost.gov.ph/fct/library/report/3443"", ""value_for_portion"": 14.0, ""value_per_100g"": 14.0}, ""sugar_g_100g"": {""label"": ""Verified"", ""source_name"": ""DOST-FNRI PhilFCT"", ""source_record_id"": ""D164"", ""source_url"": ""https://i.fnri.dost.gov.ph/fct/library/report/3443"", ""value_for_portion"": 5.0, ""value_per_100g"": 5.0}}"
EST_WORLD_20260918_022_V1,FC000641,Mayonnaise,18,ASSUMED_REFERENCE_MIXTURE,715.0,1.2,1.4,78.3,0.0,0.6,506.0,44.0,"{""carbs_g_100g"": {""label"": ""Verified"", ""source_name"": ""DOST-FNRI PhilFCT"", ""source_record_id"": ""K007"", ""source_url"": ""https://i.fnri.dost.gov.ph/fct/library/report/4267"", ""value_for_portion"": 1.4, ""value_per_100g"": 1.4}, ""cholesterol_mg_100g"": {""label"": ""Verified"", ""source_name"": ""DOST-FNRI PhilFCT"", ""source_record_id"": ""K007"", ""source_url"": ""https://i.fnri.dost.gov.ph/fct/library/report/4267"", ""value_for_portion"": 44.0, ""value_per_100g"": 44.0}, ""fat_g_100g"": {""label"": ""Verified"", ""source_name"": ""DOST-FNRI PhilFCT"", ""source_record_id"": ""K007"", ""source_url"": ""https://i.fnri.dost.gov.ph/fct/library/report/4267"", ""value_for_portion"": 78.3, ""value_per_100g"": 78.3}, ""fiber_g_100g"": {""label"": ""Verified"", ""source_name"": ""DOST-FNRI PhilFCT"", ""source_record_id"": ""K007"", ""source_url"": ""https://i.fnri.dost.gov.ph/fct/library/report/4267"", ""value_for_portion"": 0.0, ""value_per_100g"": 0.0}, ""kcal_100g"": {""label"": ""Verified"", ""source_name"": ""DOST-FNRI PhilFCT"", ""source_record_id"": ""K007"", ""source_url"": ""https://i.fnri.dost.gov.ph/fct/library/report/4267"", ""value_for_portion"": 715.0, ""value_per_100g"": 715.0}, ""protein_g_100g"": {""label"": ""Verified"", ""source_name"": ""DOST-FNRI PhilFCT"", ""source_record_id"": ""K007"", ""source_url"": ""https://i.fnri.dost.gov.ph/fct/library/report/4267"", ""value_for_portion"": 1.2, ""value_per_100g"": 1.2}, ""sodium_mg_100g"": {""label"": ""Verified"", ""source_name"": ""DOST-FNRI PhilFCT"", ""source_record_id"": ""K007"", ""source_url"": ""https://i.fnri.dost.gov.ph/fct/library/report/4267"", ""value_for_portion"": 506.0, ""value_per_100g"": 506.0}, ""sugar_g_100g"": {""label"": ""Verified"", ""source_name"": ""DOST-FNRI PhilFCT"", ""source_record_id"": ""K007"", ""source_url"": ""https://i.fnri.dost.gov.ph/fct/library/report/4267"", ""value_for_portion"": 0.6, ""value_per_100g"": 0.6}}"
EST_WORLD_20260918_023_V1,FC001995,"Rolls, hamburger or hotdog, plain",60,ASSUMED_REFERENCE_MIXTURE,279.0,9.77,50.12,3.91,1.8,7.28,494.0,0.0,"{""carbs_g_100g"": {""label"": ""Other source"", ""source_name"": ""USDA FoodData Central SR Legacy"", ""source_record_id"": ""USDA_FC001995_172796"", ""source_url"": ""https://fdc.nal.usda.gov/food-details/172796/nutrients"", ""value_for_portion"": 50.12, ""value_per_100g"": 50.12}, ""cholesterol_mg_100g"": {""label"": ""Other source"", ""source_name"": ""USDA FoodData Central SR Legacy"", ""source_record_id"": ""USDA_FC001995_172796"", ""source_url"": ""https://fdc.nal.usda.gov/food-details/172796/nutrients"", ""value_for_portion"": 0.0, ""value_per_100g"": 0.0}, ""fat_g_100g"": {""label"": ""Other source"", ""source_name"": ""USDA FoodData Central SR Legacy"", ""source_record_id"": ""USDA_FC001995_172796"", ""source_url"": ""https://fdc.nal.usda.gov/food-details/172796/nutrients"", ""value_for_portion"": 3.91, ""value_per_100g"": 3.91}, ""fiber_g_100g"": {""label"": ""Other source"", ""source_name"": ""USDA FoodData Central SR Legacy"", ""source_record_id"": ""USDA_FC001995_172796"", ""source_url"": ""https://fdc.nal.usda.gov/food-details/172796/nutrients"", ""value_for_portion"": 1.8, ""value_per_100g"": 1.8}, ""kcal_100g"": {""label"": ""Other source"", ""source_name"": ""USDA FoodData Central SR Legacy"", ""source_record_id"": ""USDA_FC001995_172796"", ""source_url"": ""https://fdc.nal.usda.gov/food-details/172796/nutrients"", ""value_for_portion"": 279.0, ""value_per_100g"": 279.0}, ""protein_g_100g"": {""label"": ""Other source"", ""source_name"": ""USDA FoodData Central SR Legacy"", ""source_record_id"": ""USDA_FC001995_172796"", ""source_url"": ""https://fdc.nal.usda.gov/food-details/172796/nutrients"", ""value_for_portion"": 9.77, ""value_per_100g"": 9.77}, ""sodium_mg_100g"": {""label"": ""Other source"", ""source_name"": ""USDA FoodData Central SR Legacy"", ""source_record_id"": ""USDA_FC001995_172796"", ""source_url"": ""https://fdc.nal.usda.gov/food-details/172796/nutrients"", ""value_for_portion"": 494.0, ""value_per_100g"": 494.0}, ""sugar_g_100g"": {""label"": ""Other source"", ""source_name"": ""USDA FoodData Central SR Legacy"", ""source_record_id"": ""USDA_FC001995_172796"", ""source_url"": ""https://fdc.nal.usda.gov/food-details/172796/nutrients"", ""value_for_portion"": 7.28, ""value_per_100g"": 7.28}}"
EST_WORLD_20260918_023_V1,FC000137,"Beef, ground, 80% lean meat / 20% fat, crumbles, cooked, pan-browned",90,ASSUMED_REFERENCE_MIXTURE,272.0,27.0,0.0,17.36,0.0,0.0,91.0,89.0,"{""carbs_g_100g"": {""label"": ""Other source"", ""source_name"": ""USDA FoodData Central SR Legacy"", ""source_record_id"": ""USDA_FC000137_171799"", ""source_url"": ""https://fdc.nal.usda.gov/food-details/171799/nutrients"", ""value_for_portion"": 0.0, ""value_per_100g"": 0.0}, ""cholesterol_mg_100g"": {""label"": ""Other source"", ""source_name"": ""USDA FoodData Central SR Legacy"", ""source_record_id"": ""USDA_FC000137_171799"", ""source_url"": ""https://fdc.nal.usda.gov/food-details/171799/nutrients"", ""value_for_portion"": 89.0, ""value_per_100g"": 89.0}, ""fat_g_100g"": {""label"": ""Other source"", ""source_name"": ""USDA FoodData Central SR Legacy"", ""source_record_id"": ""USDA_FC000137_171799"", ""source_url"": ""https://fdc.nal.usda.gov/food-details/171799/nutrients"", ""value_for_portion"": 17.36, ""value_per_100g"": 17.36}, ""fiber_g_100g"": {""label"": ""Other source"", ""source_name"": ""USDA FoodData Central SR Legacy"", ""source_record_id"": ""USDA_FC000137_171799"", ""source_url"": ""https://fdc.nal.usda.gov/food-details/171799/nutrients"", ""value_for_portion"": 0.0, ""value_per_100g"": 0.0}, ""kcal_100g"": {""label"": ""Other source"", ""source_name"": ""USDA FoodData Central SR Legacy"", ""source_record_id"": ""USDA_FC000137_171799"", ""source_url"": ""https://fdc.nal.usda.gov/food-details/171799/nutrients"", ""value_for_portion"": 272.0, ""value_per_100g"": 272.0}, ""protein_g_100g"": {""label"": ""Other source"", ""source_name"": ""USDA FoodData Central SR Legacy"", ""source_record_id"": ""USDA_FC000137_171799"", ""source_url"": ""https://fdc.nal.usda.gov/food-details/171799/nutrients"", ""value_for_portion"": 27.0, ""value_per_100g"": 27.0}, ""sodium_mg_100g"": {""label"": ""Other source"", ""source_name"": ""USDA FoodData Central SR Legacy"", ""source_record_id"": ""USDA_FC000137_171799"", ""source_url"": ""https://fdc.nal.usda.gov/food-details/171799/nutrients"", ""value_for_portion"": 91.0, ""value_per_100g"": 91.0}, ""sugar_g_100g"": {""label"": ""Other source"", ""source_name"": ""USDA FoodData Central SR Legacy"", ""source_record_id"": ""USDA_FC000137_171799"", ""source_url"": ""https://fdc.nal.usda.gov/food-details/171799/nutrients"", ""value_for_portion"": 0.0, ""value_per_100g"": 0.0}}"
EST_WORLD_20260918_023_V1,FC000291,Lettuce lvs & petioles,10,ASSUMED_REFERENCE_MIXTURE,22.0,1.3,3.4,0.4,1.8,1.6,17.0,0.0,"{""carbs_g_100g"": {""label"": ""Verified"", ""source_name"": ""DOST-FNRI PhilFCT"", ""source_record_id"": ""D115"", ""source_url"": ""https://i.fnri.dost.gov.ph/fct/library/report/3394"", ""value_for_portion"": 3.4, ""value_per_100g"": 3.4}, ""cholesterol_mg_100g"": {""label"": ""Verified"", ""source_name"": ""DOST-FNRI PhilFCT"", ""source_record_id"": ""D115"", ""source_url"": ""https://i.fnri.dost.gov.ph/fct/library/report/3394"", ""value_for_portion"": 0.0, ""value_per_100g"": 0.0}, ""fat_g_100g"": {""label"": ""Verified"", ""source_name"": ""DOST-FNRI PhilFCT"", ""source_record_id"": ""D115"", ""source_url"": ""https://i.fnri.dost.gov.ph/fct/library/report/3394"", ""value_for_portion"": 0.4, ""value_per_100g"": 0.4}, ""fiber_g_100g"": {""label"": ""Verified"", ""source_name"": ""DOST-FNRI PhilFCT"", ""source_record_id"": ""D115"", ""source_url"": ""https://i.fnri.dost.gov.ph/fct/library/report/3394"", ""value_for_portion"": 1.8, ""value_per_100g"": 1.8}, ""kcal_100g"": {""label"": ""Verified"", ""source_name"": ""DOST-FNRI PhilFCT"", ""source_record_id"": ""D115"", ""source_url"": ""https://i.fnri.dost.gov.ph/fct/library/report/3394"", ""value_for_portion"": 22.0, ""value_per_100g"": 22.0}, ""protein_g_100g"": {""label"": ""Verified"", ""source_name"": ""DOST-FNRI PhilFCT"", ""source_record_id"": ""D115"", ""source_url"": ""https://i.fnri.dost.gov.ph/fct/library/report/3394"", ""value_for_portion"": 1.3, ""value_per_100g"": 1.3}, ""sodium_mg_100g"": {""label"": ""Verified"", ""source_name"": ""DOST-FNRI PhilFCT"", ""source_record_id"": ""D115"", ""source_url"": ""https://i.fnri.dost.gov.ph/fct/library/report/3394"", ""value_for_portion"": 17.0, ""value_per_100g"": 17.0}, ""sugar_g_100g"": {""label"": ""Verified"", ""source_name"": ""DOST-FNRI PhilFCT"", ""source_record_id"": ""D115"", ""source_url"": ""https://i.fnri.dost.gov.ph/fct/library/report/3394"", ""value_for_portion"": 1.6, ""value_per_100g"": 1.6}}"
EST_WORLD_20260918_023_V1,FC000061,Tomato,20,ASSUMED_REFERENCE_MIXTURE,25.0,0.8,5.2,0.1,0.3,3.7,11.0,0.0,"{""carbs_g_100g"": {""label"": ""Verified"", ""source_name"": ""DOST-FNRI PhilFCT"", ""source_record_id"": ""D257"", ""source_url"": ""https://i.fnri.dost.gov.ph/fct/library/report/3536"", ""value_for_portion"": 5.2, ""value_per_100g"": 5.2}, ""cholesterol_mg_100g"": {""label"": ""Verified"", ""source_name"": ""DOST-FNRI PhilFCT"", ""source_record_id"": ""D257"", ""source_url"": ""https://i.fnri.dost.gov.ph/fct/library/report/3536"", ""value_for_portion"": 0.0, ""value_per_100g"": 0.0}, ""fat_g_100g"": {""label"": ""Verified"", ""source_name"": ""DOST-FNRI PhilFCT"", ""source_record_id"": ""D257"", ""source_url"": ""https://i.fnri.dost.gov.ph/fct/library/report/3536"", ""value_for_portion"": 0.1, ""value_per_100g"": 0.1}, ""fiber_g_100g"": {""label"": ""Verified"", ""source_name"": ""DOST-FNRI PhilFCT"", ""source_record_id"": ""D257"", ""source_url"": ""https://i.fnri.dost.gov.ph/fct/library/report/3536"", ""value_for_portion"": 0.3, ""value_per_100g"": 0.3}, ""kcal_100g"": {""label"": ""Verified"", ""source_name"": ""DOST-FNRI PhilFCT"", ""source_record_id"": ""D257"", ""source_url"": ""https://i.fnri.dost.gov.ph/fct/library/report/3536"", ""value_for_portion"": 25.0, ""value_per_100g"": 25.0}, ""protein_g_100g"": {""label"": ""Verified"", ""source_name"": ""DOST-FNRI PhilFCT"", ""source_record_id"": ""D257"", ""source_url"": ""https://i.fnri.dost.gov.ph/fct/library/report/3536"", ""value_for_portion"": 0.8, ""value_per_100g"": 0.8}, ""sodium_mg_100g"": {""label"": ""Verified"", ""source_name"": ""DOST-FNRI PhilFCT"", ""source_record_id"": ""D257"", ""source_url"": ""https://i.fnri.dost.gov.ph/fct/library/report/3536"", ""value_for_portion"": 11.0, ""value_per_100g"": 11.0}, ""sugar_g_100g"": {""label"": ""Verified"", ""source_name"": ""DOST-FNRI PhilFCT"", ""source_record_id"": ""D257"", ""source_url"": ""https://i.fnri.dost.gov.ph/fct/library/report/3536"", ""value_for_portion"": 3.7, ""value_per_100g"": 3.7}}"
EST_WORLD_20260918_024_V1,FC001995,"Rolls, hamburger or hotdog, plain",60,ASSUMED_REFERENCE_MIXTURE,279.0,9.77,50.12,3.91,1.8,7.28,494.0,0.0,"{""carbs_g_100g"": {""label"": ""Other source"", ""source_name"": ""USDA FoodData Central SR Legacy"", ""source_record_id"": ""USDA_FC001995_172796"", ""source_url"": ""https://fdc.nal.usda.gov/food-details/172796/nutrients"", ""value_for_portion"": 50.12, ""value_per_100g"": 50.12}, ""cholesterol_mg_100g"": {""label"": ""Other source"", ""source_name"": ""USDA FoodData Central SR Legacy"", ""source_record_id"": ""USDA_FC001995_172796"", ""source_url"": ""https://fdc.nal.usda.gov/food-details/172796/nutrients"", ""value_for_portion"": 0.0, ""value_per_100g"": 0.0}, ""fat_g_100g"": {""label"": ""Other source"", ""source_name"": ""USDA FoodData Central SR Legacy"", ""source_record_id"": ""USDA_FC001995_172796"", ""source_url"": ""https://fdc.nal.usda.gov/food-details/172796/nutrients"", ""value_for_portion"": 3.91, ""value_per_100g"": 3.91}, ""fiber_g_100g"": {""label"": ""Other source"", ""source_name"": ""USDA FoodData Central SR Legacy"", ""source_record_id"": ""USDA_FC001995_172796"", ""source_url"": ""https://fdc.nal.usda.gov/food-details/172796/nutrients"", ""value_for_portion"": 1.8, ""value_per_100g"": 1.8}, ""kcal_100g"": {""label"": ""Other source"", ""source_name"": ""USDA FoodData Central SR Legacy"", ""source_record_id"": ""USDA_FC001995_172796"", ""source_url"": ""https://fdc.nal.usda.gov/food-details/172796/nutrients"", ""value_for_portion"": 279.0, ""value_per_100g"": 279.0}, ""protein_g_100g"": {""label"": ""Other source"", ""source_name"": ""USDA FoodData Central SR Legacy"", ""source_record_id"": ""USDA_FC001995_172796"", ""source_url"": ""https://fdc.nal.usda.gov/food-details/172796/nutrients"", ""value_for_portion"": 9.77, ""value_per_100g"": 9.77}, ""sodium_mg_100g"": {""label"": ""Other source"", ""source_name"": ""USDA FoodData Central SR Legacy"", ""source_record_id"": ""USDA_FC001995_172796"", ""source_url"": ""https://fdc.nal.usda.gov/food-details/172796/nutrients"", ""value_for_portion"": 494.0, ""value_per_100g"": 494.0}, ""sugar_g_100g"": {""label"": ""Other source"", ""source_name"": ""USDA FoodData Central SR Legacy"", ""source_record_id"": ""USDA_FC001995_172796"", ""source_url"": ""https://fdc.nal.usda.gov/food-details/172796/nutrients"", ""value_for_portion"": 7.28, ""value_per_100g"": 7.28}}"
EST_WORLD_20260918_024_V1,FC000593,"Cheese, cheddar, pasteurized, processed",40,ASSUMED_REFERENCE_MIXTURE,322.0,21.7,7.8,22.7,0.0,0.3,1337.0,68.0,"{""carbs_g_100g"": {""label"": ""Verified"", ""source_name"": ""DOST-FNRI PhilFCT"", ""source_record_id"": ""J001"", ""source_url"": ""https://i.fnri.dost.gov.ph/fct/library/report/4235"", ""value_for_portion"": 7.8, ""value_per_100g"": 7.8}, ""cholesterol_mg_100g"": {""label"": ""Verified"", ""source_name"": ""DOST-FNRI PhilFCT"", ""source_record_id"": ""J001"", ""source_url"": ""https://i.fnri.dost.gov.ph/fct/library/report/4235"", ""value_for_portion"": 68.0, ""value_per_100g"": 68.0}, ""fat_g_100g"": {""label"": ""Verified"", ""source_name"": ""DOST-FNRI PhilFCT"", ""source_record_id"": ""J001"", ""source_url"": ""https://i.fnri.dost.gov.ph/fct/library/report/4235"", ""value_for_portion"": 22.7, ""value_per_100g"": 22.7}, ""fiber_g_100g"": {""label"": ""Verified"", ""source_name"": ""DOST-FNRI PhilFCT"", ""source_record_id"": ""J001"", ""source_url"": ""https://i.fnri.dost.gov.ph/fct/library/report/4235"", ""value_for_portion"": 0.0, ""value_per_100g"": 0.0}, ""kcal_100g"": {""label"": ""Verified"", ""source_name"": ""DOST-FNRI PhilFCT"", ""source_record_id"": ""J001"", ""source_url"": ""https://i.fnri.dost.gov.ph/fct/library/report/4235"", ""value_for_portion"": 322.0, ""value_per_100g"": 322.0}, ""protein_g_100g"": {""label"": ""Verified"", ""source_name"": ""DOST-FNRI PhilFCT"", ""source_record_id"": ""J001"", ""source_url"": ""https://i.fnri.dost.gov.ph/fct/library/report/4235"", ""value_for_portion"": 21.7, ""value_per_100g"": 21.7}, ""sodium_mg_100g"": {""label"": ""Verified"", ""source_name"": ""DOST-FNRI PhilFCT"", ""source_record_id"": ""J001"", ""source_url"": ""https://i.fnri.dost.gov.ph/fct/library/report/4235"", ""value_for_portion"": 1337.0, ""value_per_100g"": 1337.0}, ""sugar_g_100g"": {""label"": ""Verified"", ""source_name"": ""DOST-FNRI PhilFCT"", ""source_record_id"": ""J001"", ""source_url"": ""https://i.fnri.dost.gov.ph/fct/library/report/4235"", ""value_for_portion"": 0.3, ""value_per_100g"": 0.3}}"
EST_WORLD_20260918_024_V1,FC000096,Butter,12,ASSUMED_REFERENCE_MIXTURE,772.0,0.5,0.0,85.5,0.0,0.0,550.0,227.0,"{""carbs_g_100g"": {""label"": ""Verified"", ""source_name"": ""DOST-FNRI PhilFCT"", ""source_record_id"": ""K001"", ""source_url"": ""https://i.fnri.dost.gov.ph/fct/library/report/4261"", ""value_for_portion"": 0.0, ""value_per_100g"": 0.0}, ""cholesterol_mg_100g"": {""label"": ""Verified"", ""source_name"": ""DOST-FNRI PhilFCT"", ""source_record_id"": ""K001"", ""source_url"": ""https://i.fnri.dost.gov.ph/fct/library/report/4261"", ""value_for_portion"": 227.0, ""value_per_100g"": 227.0}, ""fat_g_100g"": {""label"": ""Verified"", ""source_name"": ""DOST-FNRI PhilFCT"", ""source_record_id"": ""K001"", ""source_url"": ""https://i.fnri.dost.gov.ph/fct/library/report/4261"", ""value_for_portion"": 85.5, ""value_per_100g"": 85.5}, ""fiber_g_100g"": {""label"": ""Verified"", ""source_name"": ""DOST-FNRI PhilFCT"", ""source_record_id"": ""K001"", ""source_url"": ""https://i.fnri.dost.gov.ph/fct/library/report/4261"", ""value_for_portion"": 0.0, ""value_per_100g"": 0.0}, ""kcal_100g"": {""label"": ""Verified"", ""source_name"": ""DOST-FNRI PhilFCT"", ""source_record_id"": ""K001"", ""source_url"": ""https://i.fnri.dost.gov.ph/fct/library/report/4261"", ""value_for_portion"": 772.0, ""value_per_100g"": 772.0}, ""protein_g_100g"": {""label"": ""Verified"", ""source_name"": ""DOST-FNRI PhilFCT"", ""source_record_id"": ""K001"", ""source_url"": ""https://i.fnri.dost.gov.ph/fct/library/report/4261"", ""value_for_portion"": 0.5, ""value_per_100g"": 0.5}, ""sodium_mg_100g"": {""label"": ""Verified"", ""source_name"": ""DOST-FNRI PhilFCT"", ""source_record_id"": ""K001"", ""source_url"": ""https://i.fnri.dost.gov.ph/fct/library/report/4261"", ""value_for_portion"": 550.0, ""value_per_100g"": 550.0}, ""sugar_g_100g"": {""label"": ""Verified"", ""source_name"": ""DOST-FNRI PhilFCT"", ""source_record_id"": ""K001"", ""source_url"": ""https://i.fnri.dost.gov.ph/fct/library/report/4261"", ""value_for_portion"": 0.0, ""value_per_100g"": 0.0}}"
EST_WORLD_20260918_025_V1,FC000001,"Rice, well-milled, boiled",200,ASSUMED_REFERENCE_MIXTURE,129.0,2.1,29.7,0.2,0.4,0.1,3.0,0.0,"{""carbs_g_100g"": {""label"": ""Verified"", ""source_name"": ""DOST-FNRI PhilFCT"", ""source_record_id"": ""A020"", ""source_url"": ""https://i.fnri.dost.gov.ph/fct/library/report/2982"", ""value_for_portion"": 29.7, ""value_per_100g"": 29.7}, ""cholesterol_mg_100g"": {""label"": ""Verified"", ""source_name"": ""DOST-FNRI PhilFCT"", ""source_record_id"": ""A020"", ""source_url"": ""https://i.fnri.dost.gov.ph/fct/library/report/2982"", ""value_for_portion"": 0.0, ""value_per_100g"": 0.0}, ""fat_g_100g"": {""label"": ""Verified"", ""source_name"": ""DOST-FNRI PhilFCT"", ""source_record_id"": ""A020"", ""source_url"": ""https://i.fnri.dost.gov.ph/fct/library/report/2982"", ""value_for_portion"": 0.2, ""value_per_100g"": 0.2}, ""fiber_g_100g"": {""label"": ""Verified"", ""source_name"": ""DOST-FNRI PhilFCT"", ""source_record_id"": ""A020"", ""source_url"": ""https://i.fnri.dost.gov.ph/fct/library/report/2982"", ""value_for_portion"": 0.4, ""value_per_100g"": 0.4}, ""kcal_100g"": {""label"": ""Verified"", ""source_name"": ""DOST-FNRI PhilFCT"", ""source_record_id"": ""A020"", ""source_url"": ""https://i.fnri.dost.gov.ph/fct/library/report/2982"", ""value_for_portion"": 129.0, ""value_per_100g"": 129.0}, ""protein_g_100g"": {""label"": ""Verified"", ""source_name"": ""DOST-FNRI PhilFCT"", ""source_record_id"": ""A020"", ""source_url"": ""https://i.fnri.dost.gov.ph/fct/library/report/2982"", ""value_for_portion"": 2.1, ""value_per_100g"": 2.1}, ""sodium_mg_100g"": {""label"": ""Verified"", ""source_name"": ""DOST-FNRI PhilFCT"", ""source_record_id"": ""A020"", ""source_url"": ""https://i.fnri.dost.gov.ph/fct/library/report/2982"", ""value_for_portion"": 3.0, ""value_per_100g"": 3.0}, ""sugar_g_100g"": {""label"": ""Verified"", ""source_name"": ""DOST-FNRI PhilFCT"", ""source_record_id"": ""A020"", ""source_url"": ""https://i.fnri.dost.gov.ph/fct/library/report/2982"", ""value_for_portion"": 0.1, ""value_per_100g"": 0.1}}"
EST_WORLD_20260918_025_V1,FC000382,"Chicken, white meat, boiled",100,ASSUMED_REFERENCE_MIXTURE,173.0,32.9,0.0,4.6,0.0,0.0,81.0,,"{""carbs_g_100g"": {""label"": ""Verified"", ""source_name"": ""DOST-FNRI PhilFCT"", ""source_record_id"": ""F111"", ""source_url"": ""https://i.fnri.dost.gov.ph/fct/library/report/3818"", ""value_for_portion"": 0.0, ""value_per_100g"": 0.0}, ""cholesterol_mg_100g"": {""label"": ""Unknown"", ""source_name"": null, ""source_record_id"": null, ""source_url"": null, ""value_for_portion"": null, ""value_per_100g"": null}, ""fat_g_100g"": {""label"": ""Verified"", ""source_name"": ""DOST-FNRI PhilFCT"", ""source_record_id"": ""F111"", ""source_url"": ""https://i.fnri.dost.gov.ph/fct/library/report/3818"", ""value_for_portion"": 4.6, ""value_per_100g"": 4.6}, ""fiber_g_100g"": {""label"": ""Verified"", ""source_name"": ""DOST-FNRI PhilFCT"", ""source_record_id"": ""F111"", ""source_url"": ""https://i.fnri.dost.gov.ph/fct/library/report/3818"", ""value_for_portion"": 0.0, ""value_per_100g"": 0.0}, ""kcal_100g"": {""label"": ""Verified"", ""source_name"": ""DOST-FNRI PhilFCT"", ""source_record_id"": ""F111"", ""source_url"": ""https://i.fnri.dost.gov.ph/fct/library/report/3818"", ""value_for_portion"": 173.0, ""value_per_100g"": 173.0}, ""protein_g_100g"": {""label"": ""Verified"", ""source_name"": ""DOST-FNRI PhilFCT"", ""source_record_id"": ""F111"", ""source_url"": ""https://i.fnri.dost.gov.ph/fct/library/report/3818"", ""value_for_portion"": 32.9, ""value_per_100g"": 32.9}, ""sodium_mg_100g"": {""label"": ""Verified"", ""source_name"": ""DOST-FNRI PhilFCT"", ""source_record_id"": ""F111"", ""source_url"": ""https://i.fnri.dost.gov.ph/fct/library/report/3818"", ""value_for_portion"": 81.0, ""value_per_100g"": 81.0}, ""sugar_g_100g"": {""label"": ""Verified"", ""source_name"": ""DOST-FNRI PhilFCT"", ""source_record_id"": ""F111"", ""source_url"": ""https://i.fnri.dost.gov.ph/fct/library/report/3818"", ""value_for_portion"": 0.0, ""value_per_100g"": 0.0}}"
EST_WORLD_20260918_025_V1,FC000016,"Egg, chicken, whole, boiled",60,ASSUMED_REFERENCE_MIXTURE,166.0,14.0,0.6,12.0,0.0,0.4,136.0,460.0,"{""carbs_g_100g"": {""label"": ""Verified"", ""source_name"": ""DOST-FNRI PhilFCT"", ""source_record_id"": ""H004"", ""source_url"": ""https://i.fnri.dost.gov.ph/fct/library/report/4216"", ""value_for_portion"": 0.6, ""value_per_100g"": 0.6}, ""cholesterol_mg_100g"": {""label"": ""Verified"", ""source_name"": ""DOST-FNRI PhilFCT"", ""source_record_id"": ""H004"", ""source_url"": ""https://i.fnri.dost.gov.ph/fct/library/report/4216"", ""value_for_portion"": 460.0, ""value_per_100g"": 460.0}, ""fat_g_100g"": {""label"": ""Verified"", ""source_name"": ""DOST-FNRI PhilFCT"", ""source_record_id"": ""H004"", ""source_url"": ""https://i.fnri.dost.gov.ph/fct/library/report/4216"", ""value_for_portion"": 12.0, ""value_per_100g"": 12.0}, ""fiber_g_100g"": {""label"": ""Verified"", ""source_name"": ""DOST-FNRI PhilFCT"", ""source_record_id"": ""H004"", ""source_url"": ""https://i.fnri.dost.gov.ph/fct/library/report/4216"", ""value_for_portion"": 0.0, ""value_per_100g"": 0.0}, ""kcal_100g"": {""label"": ""Verified"", ""source_name"": ""DOST-FNRI PhilFCT"", ""source_record_id"": ""H004"", ""source_url"": ""https://i.fnri.dost.gov.ph/fct/library/report/4216"", ""value_for_portion"": 166.0, ""value_per_100g"": 166.0}, ""protein_g_100g"": {""label"": ""Verified"", ""source_name"": ""DOST-FNRI PhilFCT"", ""source_record_id"": ""H004"", ""source_url"": ""https://i.fnri.dost.gov.ph/fct/library/report/4216"", ""value_for_portion"": 14.0, ""value_per_100g"": 14.0}, ""sodium_mg_100g"": {""label"": ""Verified"", ""source_name"": ""DOST-FNRI PhilFCT"", ""source_record_id"": ""H004"", ""source_url"": ""https://i.fnri.dost.gov.ph/fct/library/report/4216"", ""value_for_portion"": 136.0, ""value_per_100g"": 136.0}, ""sugar_g_100g"": {""label"": ""Verified"", ""source_name"": ""DOST-FNRI PhilFCT"", ""source_record_id"": ""H004"", ""source_url"": ""https://i.fnri.dost.gov.ph/fct/library/report/4216"", ""value_for_portion"": 0.4, ""value_per_100g"": 0.4}}"
EST_WORLD_20260918_025_V1,FC000333,"Onion, Bombay bulb, boiled",35,ASSUMED_REFERENCE_MIXTURE,47.0,1.2,9.7,0.4,1.3,4.6,3.0,0.0,"{""carbs_g_100g"": {""label"": ""Verified"", ""source_name"": ""DOST-FNRI PhilFCT"", ""source_record_id"": ""D142"", ""source_url"": ""https://i.fnri.dost.gov.ph/fct/library/report/3421"", ""value_for_portion"": 9.7, ""value_per_100g"": 9.7}, ""cholesterol_mg_100g"": {""label"": ""Verified"", ""source_name"": ""DOST-FNRI PhilFCT"", ""source_record_id"": ""D142"", ""source_url"": ""https://i.fnri.dost.gov.ph/fct/library/report/3421"", ""value_for_portion"": 0.0, ""value_per_100g"": 0.0}, ""fat_g_100g"": {""label"": ""Verified"", ""source_name"": ""DOST-FNRI PhilFCT"", ""source_record_id"": ""D142"", ""source_url"": ""https://i.fnri.dost.gov.ph/fct/library/report/3421"", ""value_for_portion"": 0.4, ""value_per_100g"": 0.4}, ""fiber_g_100g"": {""label"": ""Verified"", ""source_name"": ""DOST-FNRI PhilFCT"", ""source_record_id"": ""D142"", ""source_url"": ""https://i.fnri.dost.gov.ph/fct/library/report/3421"", ""value_for_portion"": 1.3, ""value_per_100g"": 1.3}, ""kcal_100g"": {""label"": ""Verified"", ""source_name"": ""DOST-FNRI PhilFCT"", ""source_record_id"": ""D142"", ""source_url"": ""https://i.fnri.dost.gov.ph/fct/library/report/3421"", ""value_for_portion"": 47.0, ""value_per_100g"": 47.0}, ""protein_g_100g"": {""label"": ""Verified"", ""source_name"": ""DOST-FNRI PhilFCT"", ""source_record_id"": ""D142"", ""source_url"": ""https://i.fnri.dost.gov.ph/fct/library/report/3421"", ""value_for_portion"": 1.2, ""value_per_100g"": 1.2}, ""sodium_mg_100g"": {""label"": ""Verified"", ""source_name"": ""DOST-FNRI PhilFCT"", ""source_record_id"": ""D142"", ""source_url"": ""https://i.fnri.dost.gov.ph/fct/library/report/3421"", ""value_for_portion"": 3.0, ""value_per_100g"": 3.0}, ""sugar_g_100g"": {""label"": ""Verified"", ""source_name"": ""DOST-FNRI PhilFCT"", ""source_record_id"": ""D142"", ""source_url"": ""https://i.fnri.dost.gov.ph/fct/library/report/3421"", ""value_for_portion"": 4.6, ""value_per_100g"": 4.6}}"
EST_WORLD_20260918_025_V1,FC000099,Soy sauce,12,ASSUMED_REFERENCE_MIXTURE,75.0,3.5,15.0,0.1,1.0,0.5,2041.0,0.0,"{""carbs_g_100g"": {""label"": ""Verified"", ""source_name"": ""DOST-FNRI PhilFCT"", ""source_record_id"": ""N023"", ""source_url"": ""https://i.fnri.dost.gov.ph/fct/library/report/4346"", ""value_for_portion"": 15.0, ""value_per_100g"": 15.0}, ""cholesterol_mg_100g"": {""label"": ""Verified"", ""source_name"": ""DOST-FNRI PhilFCT"", ""source_record_id"": ""N023"", ""source_url"": ""https://i.fnri.dost.gov.ph/fct/library/report/4346"", ""value_for_portion"": 0.0, ""value_per_100g"": 0.0}, ""fat_g_100g"": {""label"": ""Verified"", ""source_name"": ""DOST-FNRI PhilFCT"", ""source_record_id"": ""N023"", ""source_url"": ""https://i.fnri.dost.gov.ph/fct/library/report/4346"", ""value_for_portion"": 0.1, ""value_per_100g"": 0.1}, ""fiber_g_100g"": {""label"": ""Verified"", ""source_name"": ""DOST-FNRI PhilFCT"", ""source_record_id"": ""N023"", ""source_url"": ""https://i.fnri.dost.gov.ph/fct/library/report/4346"", ""value_for_portion"": 1.0, ""value_per_100g"": 1.0}, ""kcal_100g"": {""label"": ""Verified"", ""source_name"": ""DOST-FNRI PhilFCT"", ""source_record_id"": ""N023"", ""source_url"": ""https://i.fnri.dost.gov.ph/fct/library/report/4346"", ""value_for_portion"": 75.0, ""value_per_100g"": 75.0}, ""protein_g_100g"": {""label"": ""Verified"", ""source_name"": ""DOST-FNRI PhilFCT"", ""source_record_id"": ""N023"", ""source_url"": ""https://i.fnri.dost.gov.ph/fct/library/report/4346"", ""value_for_portion"": 3.5, ""value_per_100g"": 3.5}, ""sodium_mg_100g"": {""label"": ""Verified"", ""source_name"": ""DOST-FNRI PhilFCT"", ""source_record_id"": ""N023"", ""source_url"": ""https://i.fnri.dost.gov.ph/fct/library/report/4346"", ""value_for_portion"": 2041.0, ""value_per_100g"": 2041.0}, ""sugar_g_100g"": {""label"": ""Verified"", ""source_name"": ""DOST-FNRI PhilFCT"", ""source_record_id"": ""N023"", ""source_url"": ""https://i.fnri.dost.gov.ph/fct/library/report/4346"", ""value_for_portion"": 0.5, ""value_per_100g"": 0.5}}"
EST_WORLD_20260918_025_V1,FC000969,"Sugar, brown",8,ASSUMED_REFERENCE_MIXTURE,398.0,0.1,98.7,0.3,0.0,97.6,15.0,0.0,"{""carbs_g_100g"": {""label"": ""Verified"", ""source_name"": ""DOST-FNRI PhilFCT"", ""source_record_id"": ""M042"", ""source_url"": ""https://i.fnri.dost.gov.ph/fct/library/report/4313"", ""value_for_portion"": 98.7, ""value_per_100g"": 98.7}, ""cholesterol_mg_100g"": {""label"": ""Verified"", ""source_name"": ""DOST-FNRI PhilFCT"", ""source_record_id"": ""M042"", ""source_url"": ""https://i.fnri.dost.gov.ph/fct/library/report/4313"", ""value_for_portion"": 0.0, ""value_per_100g"": 0.0}, ""fat_g_100g"": {""label"": ""Verified"", ""source_name"": ""DOST-FNRI PhilFCT"", ""source_record_id"": ""M042"", ""source_url"": ""https://i.fnri.dost.gov.ph/fct/library/report/4313"", ""value_for_portion"": 0.3, ""value_per_100g"": 0.3}, ""fiber_g_100g"": {""label"": ""Verified"", ""source_name"": ""DOST-FNRI PhilFCT"", ""source_record_id"": ""M042"", ""source_url"": ""https://i.fnri.dost.gov.ph/fct/library/report/4313"", ""value_for_portion"": 0.0, ""value_per_100g"": 0.0}, ""kcal_100g"": {""label"": ""Verified"", ""source_name"": ""DOST-FNRI PhilFCT"", ""source_record_id"": ""M042"", ""source_url"": ""https://i.fnri.dost.gov.ph/fct/library/report/4313"", ""value_for_portion"": 398.0, ""value_per_100g"": 398.0}, ""protein_g_100g"": {""label"": ""Verified"", ""source_name"": ""DOST-FNRI PhilFCT"", ""source_record_id"": ""M042"", ""source_url"": ""https://i.fnri.dost.gov.ph/fct/library/report/4313"", ""value_for_portion"": 0.1, ""value_per_100g"": 0.1}, ""sodium_mg_100g"": {""label"": ""Verified"", ""source_name"": ""DOST-FNRI PhilFCT"", ""source_record_id"": ""M042"", ""source_url"": ""https://i.fnri.dost.gov.ph/fct/library/report/4313"", ""value_for_portion"": 15.0, ""value_per_100g"": 15.0}, ""sugar_g_100g"": {""label"": ""Verified"", ""source_name"": ""DOST-FNRI PhilFCT"", ""source_record_id"": ""M042"", ""source_url"": ""https://i.fnri.dost.gov.ph/fct/library/report/4313"", ""value_for_portion"": 97.6, ""value_per_100g"": 97.6}}"
EST_WORLD_20260918_025_V1,FC001237,"Beverages, water, tap, drinking",45,ASSUMED_REFERENCE_MIXTURE,0.0,0.0,0.0,0.0,0.0,0.0,4.0,0.0,"{""carbs_g_100g"": {""label"": ""Other source"", ""source_name"": ""USDA FoodData Central SR Legacy"", ""source_record_id"": ""USDA_FC001237_173647"", ""source_url"": ""https://fdc.nal.usda.gov/food-details/173647/nutrients"", ""value_for_portion"": 0.0, ""value_per_100g"": 0.0}, ""cholesterol_mg_100g"": {""label"": ""Other source"", ""source_name"": ""USDA FoodData Central SR Legacy"", ""source_record_id"": ""USDA_FC001237_173647"", ""source_url"": ""https://fdc.nal.usda.gov/food-details/173647/nutrients"", ""value_for_portion"": 0.0, ""value_per_100g"": 0.0}, ""fat_g_100g"": {""label"": ""Other source"", ""source_name"": ""USDA FoodData Central SR Legacy"", ""source_record_id"": ""USDA_FC001237_173647"", ""source_url"": ""https://fdc.nal.usda.gov/food-details/173647/nutrients"", ""value_for_portion"": 0.0, ""value_per_100g"": 0.0}, ""fiber_g_100g"": {""label"": ""Other source"", ""source_name"": ""USDA FoodData Central SR Legacy"", ""source_record_id"": ""USDA_FC001237_173647"", ""source_url"": ""https://fdc.nal.usda.gov/food-details/173647/nutrients"", ""value_for_portion"": 0.0, ""value_per_100g"": 0.0}, ""kcal_100g"": {""label"": ""Other source"", ""source_name"": ""USDA FoodData Central SR Legacy"", ""source_record_id"": ""USDA_FC001237_173647"", ""source_url"": ""https://fdc.nal.usda.gov/food-details/173647/nutrients"", ""value_for_portion"": 0.0, ""value_per_100g"": 0.0}, ""protein_g_100g"": {""label"": ""Other source"", ""source_name"": ""USDA FoodData Central SR Legacy"", ""source_record_id"": ""USDA_FC001237_173647"", ""source_url"": ""https://fdc.nal.usda.gov/food-details/173647/nutrients"", ""value_for_portion"": 0.0, ""value_per_100g"": 0.0}, ""sodium_mg_100g"": {""label"": ""Other source"", ""source_name"": ""USDA FoodData Central SR Legacy"", ""source_record_id"": ""USDA_FC001237_173647"", ""source_url"": ""https://fdc.nal.usda.gov/food-details/173647/nutrients"", ""value_for_portion"": 4.0, ""value_per_100g"": 4.0}, ""sugar_g_100g"": {""label"": ""Other source"", ""source_name"": ""USDA FoodData Central SR Legacy"", ""source_record_id"": ""USDA_FC001237_173647"", ""source_url"": ""https://fdc.nal.usda.gov/food-details/173647/nutrients"", ""value_for_portion"": 0.0, ""value_per_100g"": 0.0}}"
EST_WORLD_20260918_026_V1,FC000001,"Rice, well-milled, boiled",200,ASSUMED_REFERENCE_MIXTURE,129.0,2.1,29.7,0.2,0.4,0.1,3.0,0.0,"{""carbs_g_100g"": {""label"": ""Verified"", ""source_name"": ""DOST-FNRI PhilFCT"", ""source_record_id"": ""A020"", ""source_url"": ""https://i.fnri.dost.gov.ph/fct/library/report/2982"", ""value_for_portion"": 29.7, ""value_per_100g"": 29.7}, ""cholesterol_mg_100g"": {""label"": ""Verified"", ""source_name"": ""DOST-FNRI PhilFCT"", ""source_record_id"": ""A020"", ""source_url"": ""https://i.fnri.dost.gov.ph/fct/library/report/2982"", ""value_for_portion"": 0.0, ""value_per_100g"": 0.0}, ""fat_g_100g"": {""label"": ""Verified"", ""source_name"": ""DOST-FNRI PhilFCT"", ""source_record_id"": ""A020"", ""source_url"": ""https://i.fnri.dost.gov.ph/fct/library/report/2982"", ""value_for_portion"": 0.2, ""value_per_100g"": 0.2}, ""fiber_g_100g"": {""label"": ""Verified"", ""source_name"": ""DOST-FNRI PhilFCT"", ""source_record_id"": ""A020"", ""source_url"": ""https://i.fnri.dost.gov.ph/fct/library/report/2982"", ""value_for_portion"": 0.4, ""value_per_100g"": 0.4}, ""kcal_100g"": {""label"": ""Verified"", ""source_name"": ""DOST-FNRI PhilFCT"", ""source_record_id"": ""A020"", ""source_url"": ""https://i.fnri.dost.gov.ph/fct/library/report/2982"", ""value_for_portion"": 129.0, ""value_per_100g"": 129.0}, ""protein_g_100g"": {""label"": ""Verified"", ""source_name"": ""DOST-FNRI PhilFCT"", ""source_record_id"": ""A020"", ""source_url"": ""https://i.fnri.dost.gov.ph/fct/library/report/2982"", ""value_for_portion"": 2.1, ""value_per_100g"": 2.1}, ""sodium_mg_100g"": {""label"": ""Verified"", ""source_name"": ""DOST-FNRI PhilFCT"", ""source_record_id"": ""A020"", ""source_url"": ""https://i.fnri.dost.gov.ph/fct/library/report/2982"", ""value_for_portion"": 3.0, ""value_per_100g"": 3.0}, ""sugar_g_100g"": {""label"": ""Verified"", ""source_name"": ""DOST-FNRI PhilFCT"", ""source_record_id"": ""A020"", ""source_url"": ""https://i.fnri.dost.gov.ph/fct/library/report/2982"", ""value_for_portion"": 0.1, ""value_per_100g"": 0.1}}"
EST_WORLD_20260918_026_V1,FC000137,"Beef, ground, 80% lean meat / 20% fat, crumbles, cooked, pan-browned",100,ASSUMED_REFERENCE_MIXTURE,272.0,27.0,0.0,17.36,0.0,0.0,91.0,89.0,"{""carbs_g_100g"": {""label"": ""Other source"", ""source_name"": ""USDA FoodData Central SR Legacy"", ""source_record_id"": ""USDA_FC000137_171799"", ""source_url"": ""https://fdc.nal.usda.gov/food-details/171799/nutrients"", ""value_for_portion"": 0.0, ""value_per_100g"": 0.0}, ""cholesterol_mg_100g"": {""label"": ""Other source"", ""source_name"": ""USDA FoodData Central SR Legacy"", ""source_record_id"": ""USDA_FC000137_171799"", ""source_url"": ""https://fdc.nal.usda.gov/food-details/171799/nutrients"", ""value_for_portion"": 89.0, ""value_per_100g"": 89.0}, ""fat_g_100g"": {""label"": ""Other source"", ""source_name"": ""USDA FoodData Central SR Legacy"", ""source_record_id"": ""USDA_FC000137_171799"", ""source_url"": ""https://fdc.nal.usda.gov/food-details/171799/nutrients"", ""value_for_portion"": 17.36, ""value_per_100g"": 17.36}, ""fiber_g_100g"": {""label"": ""Other source"", ""source_name"": ""USDA FoodData Central SR Legacy"", ""source_record_id"": ""USDA_FC000137_171799"", ""source_url"": ""https://fdc.nal.usda.gov/food-details/171799/nutrients"", ""value_for_portion"": 0.0, ""value_per_100g"": 0.0}, ""kcal_100g"": {""label"": ""Other source"", ""source_name"": ""USDA FoodData Central SR Legacy"", ""source_record_id"": ""USDA_FC000137_171799"", ""source_url"": ""https://fdc.nal.usda.gov/food-details/171799/nutrients"", ""value_for_portion"": 272.0, ""value_per_100g"": 272.0}, ""protein_g_100g"": {""label"": ""Other source"", ""source_name"": ""USDA FoodData Central SR Legacy"", ""source_record_id"": ""USDA_FC000137_171799"", ""source_url"": ""https://fdc.nal.usda.gov/food-details/171799/nutrients"", ""value_for_portion"": 27.0, ""value_per_100g"": 27.0}, ""sodium_mg_100g"": {""label"": ""Other source"", ""source_name"": ""USDA FoodData Central SR Legacy"", ""source_record_id"": ""USDA_FC000137_171799"", ""source_url"": ""https://fdc.nal.usda.gov/food-details/171799/nutrients"", ""value_for_portion"": 91.0, ""value_per_100g"": 91.0}, ""sugar_g_100g"": {""label"": ""Other source"", ""source_name"": ""USDA FoodData Central SR Legacy"", ""source_record_id"": ""USDA_FC000137_171799"", ""source_url"": ""https://fdc.nal.usda.gov/food-details/171799/nutrients"", ""value_for_portion"": 0.0, ""value_per_100g"": 0.0}}"
EST_WORLD_20260918_026_V1,FC000333,"Onion, Bombay bulb, boiled",50,ASSUMED_REFERENCE_MIXTURE,47.0,1.2,9.7,0.4,1.3,4.6,3.0,0.0,"{""carbs_g_100g"": {""label"": ""Verified"", ""source_name"": ""DOST-FNRI PhilFCT"", ""source_record_id"": ""D142"", ""source_url"": ""https://i.fnri.dost.gov.ph/fct/library/report/3421"", ""value_for_portion"": 9.7, ""value_per_100g"": 9.7}, ""cholesterol_mg_100g"": {""label"": ""Verified"", ""source_name"": ""DOST-FNRI PhilFCT"", ""source_record_id"": ""D142"", ""source_url"": ""https://i.fnri.dost.gov.ph/fct/library/report/3421"", ""value_for_portion"": 0.0, ""value_per_100g"": 0.0}, ""fat_g_100g"": {""label"": ""Verified"", ""source_name"": ""DOST-FNRI PhilFCT"", ""source_record_id"": ""D142"", ""source_url"": ""https://i.fnri.dost.gov.ph/fct/library/report/3421"", ""value_for_portion"": 0.4, ""value_per_100g"": 0.4}, ""fiber_g_100g"": {""label"": ""Verified"", ""source_name"": ""DOST-FNRI PhilFCT"", ""source_record_id"": ""D142"", ""source_url"": ""https://i.fnri.dost.gov.ph/fct/library/report/3421"", ""value_for_portion"": 1.3, ""value_per_100g"": 1.3}, ""kcal_100g"": {""label"": ""Verified"", ""source_name"": ""DOST-FNRI PhilFCT"", ""source_record_id"": ""D142"", ""source_url"": ""https://i.fnri.dost.gov.ph/fct/library/report/3421"", ""value_for_portion"": 47.0, ""value_per_100g"": 47.0}, ""protein_g_100g"": {""label"": ""Verified"", ""source_name"": ""DOST-FNRI PhilFCT"", ""source_record_id"": ""D142"", ""source_url"": ""https://i.fnri.dost.gov.ph/fct/library/report/3421"", ""value_for_portion"": 1.2, ""value_per_100g"": 1.2}, ""sodium_mg_100g"": {""label"": ""Verified"", ""source_name"": ""DOST-FNRI PhilFCT"", ""source_record_id"": ""D142"", ""source_url"": ""https://i.fnri.dost.gov.ph/fct/library/report/3421"", ""value_for_portion"": 3.0, ""value_per_100g"": 3.0}, ""sugar_g_100g"": {""label"": ""Verified"", ""source_name"": ""DOST-FNRI PhilFCT"", ""source_record_id"": ""D142"", ""source_url"": ""https://i.fnri.dost.gov.ph/fct/library/report/3421"", ""value_for_portion"": 4.6, ""value_per_100g"": 4.6}}"
EST_WORLD_20260918_026_V1,FC000099,Soy sauce,12,ASSUMED_REFERENCE_MIXTURE,75.0,3.5,15.0,0.1,1.0,0.5,2041.0,0.0,"{""carbs_g_100g"": {""label"": ""Verified"", ""source_name"": ""DOST-FNRI PhilFCT"", ""source_record_id"": ""N023"", ""source_url"": ""https://i.fnri.dost.gov.ph/fct/library/report/4346"", ""value_for_portion"": 15.0, ""value_per_100g"": 15.0}, ""cholesterol_mg_100g"": {""label"": ""Verified"", ""source_name"": ""DOST-FNRI PhilFCT"", ""source_record_id"": ""N023"", ""source_url"": ""https://i.fnri.dost.gov.ph/fct/library/report/4346"", ""value_for_portion"": 0.0, ""value_per_100g"": 0.0}, ""fat_g_100g"": {""label"": ""Verified"", ""source_name"": ""DOST-FNRI PhilFCT"", ""source_record_id"": ""N023"", ""source_url"": ""https://i.fnri.dost.gov.ph/fct/library/report/4346"", ""value_for_portion"": 0.1, ""value_per_100g"": 0.1}, ""fiber_g_100g"": {""label"": ""Verified"", ""source_name"": ""DOST-FNRI PhilFCT"", ""source_record_id"": ""N023"", ""source_url"": ""https://i.fnri.dost.gov.ph/fct/library/report/4346"", ""value_for_portion"": 1.0, ""value_per_100g"": 1.0}, ""kcal_100g"": {""label"": ""Verified"", ""source_name"": ""DOST-FNRI PhilFCT"", ""source_record_id"": ""N023"", ""source_url"": ""https://i.fnri.dost.gov.ph/fct/library/report/4346"", ""value_for_portion"": 75.0, ""value_per_100g"": 75.0}, ""protein_g_100g"": {""label"": ""Verified"", ""source_name"": ""DOST-FNRI PhilFCT"", ""source_record_id"": ""N023"", ""source_url"": ""https://i.fnri.dost.gov.ph/fct/library/report/4346"", ""value_for_portion"": 3.5, ""value_per_100g"": 3.5}, ""sodium_mg_100g"": {""label"": ""Verified"", ""source_name"": ""DOST-FNRI PhilFCT"", ""source_record_id"": ""N023"", ""source_url"": ""https://i.fnri.dost.gov.ph/fct/library/report/4346"", ""value_for_portion"": 2041.0, ""value_per_100g"": 2041.0}, ""sugar_g_100g"": {""label"": ""Verified"", ""source_name"": ""DOST-FNRI PhilFCT"", ""source_record_id"": ""N023"", ""source_url"": ""https://i.fnri.dost.gov.ph/fct/library/report/4346"", ""value_for_portion"": 0.5, ""value_per_100g"": 0.5}}"
EST_WORLD_20260918_026_V1,FC000969,"Sugar, brown",8,ASSUMED_REFERENCE_MIXTURE,398.0,0.1,98.7,0.3,0.0,97.6,15.0,0.0,"{""carbs_g_100g"": {""label"": ""Verified"", ""source_name"": ""DOST-FNRI PhilFCT"", ""source_record_id"": ""M042"", ""source_url"": ""https://i.fnri.dost.gov.ph/fct/library/report/4313"", ""value_for_portion"": 98.7, ""value_per_100g"": 98.7}, ""cholesterol_mg_100g"": {""label"": ""Verified"", ""source_name"": ""DOST-FNRI PhilFCT"", ""source_record_id"": ""M042"", ""source_url"": ""https://i.fnri.dost.gov.ph/fct/library/report/4313"", ""value_for_portion"": 0.0, ""value_per_100g"": 0.0}, ""fat_g_100g"": {""label"": ""Verified"", ""source_name"": ""DOST-FNRI PhilFCT"", ""source_record_id"": ""M042"", ""source_url"": ""https://i.fnri.dost.gov.ph/fct/library/report/4313"", ""value_for_portion"": 0.3, ""value_per_100g"": 0.3}, ""fiber_g_100g"": {""label"": ""Verified"", ""source_name"": ""DOST-FNRI PhilFCT"", ""source_record_id"": ""M042"", ""source_url"": ""https://i.fnri.dost.gov.ph/fct/library/report/4313"", ""value_for_portion"": 0.0, ""value_per_100g"": 0.0}, ""kcal_100g"": {""label"": ""Verified"", ""source_name"": ""DOST-FNRI PhilFCT"", ""source_record_id"": ""M042"", ""source_url"": ""https://i.fnri.dost.gov.ph/fct/library/report/4313"", ""value_for_portion"": 398.0, ""value_per_100g"": 398.0}, ""protein_g_100g"": {""label"": ""Verified"", ""source_name"": ""DOST-FNRI PhilFCT"", ""source_record_id"": ""M042"", ""source_url"": ""https://i.fnri.dost.gov.ph/fct/library/report/4313"", ""value_for_portion"": 0.1, ""value_per_100g"": 0.1}, ""sodium_mg_100g"": {""label"": ""Verified"", ""source_name"": ""DOST-FNRI PhilFCT"", ""source_record_id"": ""M042"", ""source_url"": ""https://i.fnri.dost.gov.ph/fct/library/report/4313"", ""value_for_portion"": 15.0, ""value_per_100g"": 15.0}, ""sugar_g_100g"": {""label"": ""Verified"", ""source_name"": ""DOST-FNRI PhilFCT"", ""source_record_id"": ""M042"", ""source_url"": ""https://i.fnri.dost.gov.ph/fct/library/report/4313"", ""value_for_portion"": 97.6, ""value_per_100g"": 97.6}}"
EST_WORLD_20260918_026_V1,FC001237,"Beverages, water, tap, drinking",40,ASSUMED_REFERENCE_MIXTURE,0.0,0.0,0.0,0.0,0.0,0.0,4.0,0.0,"{""carbs_g_100g"": {""label"": ""Other source"", ""source_name"": ""USDA FoodData Central SR Legacy"", ""source_record_id"": ""USDA_FC001237_173647"", ""source_url"": ""https://fdc.nal.usda.gov/food-details/173647/nutrients"", ""value_for_portion"": 0.0, ""value_per_100g"": 0.0}, ""cholesterol_mg_100g"": {""label"": ""Other source"", ""source_name"": ""USDA FoodData Central SR Legacy"", ""source_record_id"": ""USDA_FC001237_173647"", ""source_url"": ""https://fdc.nal.usda.gov/food-details/173647/nutrients"", ""value_for_portion"": 0.0, ""value_per_100g"": 0.0}, ""fat_g_100g"": {""label"": ""Other source"", ""source_name"": ""USDA FoodData Central SR Legacy"", ""source_record_id"": ""USDA_FC001237_173647"", ""source_url"": ""https://fdc.nal.usda.gov/food-details/173647/nutrients"", ""value_for_portion"": 0.0, ""value_per_100g"": 0.0}, ""fiber_g_100g"": {""label"": ""Other source"", ""source_name"": ""USDA FoodData Central SR Legacy"", ""source_record_id"": ""USDA_FC001237_173647"", ""source_url"": ""https://fdc.nal.usda.gov/food-details/173647/nutrients"", ""value_for_portion"": 0.0, ""value_per_100g"": 0.0}, ""kcal_100g"": {""label"": ""Other source"", ""source_name"": ""USDA FoodData Central SR Legacy"", ""source_record_id"": ""USDA_FC001237_173647"", ""source_url"": ""https://fdc.nal.usda.gov/food-details/173647/nutrients"", ""value_for_portion"": 0.0, ""value_per_100g"": 0.0}, ""protein_g_100g"": {""label"": ""Other source"", ""source_name"": ""USDA FoodData Central SR Legacy"", ""source_record_id"": ""USDA_FC001237_173647"", ""source_url"": ""https://fdc.nal.usda.gov/food-details/173647/nutrients"", ""value_for_portion"": 0.0, ""value_per_100g"": 0.0}, ""sodium_mg_100g"": {""label"": ""Other source"", ""source_name"": ""USDA FoodData Central SR Legacy"", ""source_record_id"": ""USDA_FC001237_173647"", ""source_url"": ""https://fdc.nal.usda.gov/food-details/173647/nutrients"", ""value_for_portion"": 4.0, ""value_per_100g"": 4.0}, ""sugar_g_100g"": {""label"": ""Other source"", ""source_name"": ""USDA FoodData Central SR Legacy"", ""source_record_id"": ""USDA_FC001237_173647"", ""source_url"": ""https://fdc.nal.usda.gov/food-details/173647/nutrients"", ""value_for_portion"": 0.0, ""value_per_100g"": 0.0}}"
EST_WORLD_20260918_027_V1,FC000019,"Soybean cheese, hard curd",220,ASSUMED_REFERENCE_MIXTURE,123.0,12.9,2.0,7.0,0.5,0.8,114.0,0.0,"{""carbs_g_100g"": {""label"": ""Verified"", ""source_name"": ""DOST-FNRI PhilFCT"", ""source_record_id"": ""C064"", ""source_url"": ""https://i.fnri.dost.gov.ph/fct/library/report/3274"", ""value_for_portion"": 2.0, ""value_per_100g"": 2.0}, ""cholesterol_mg_100g"": {""label"": ""Verified"", ""source_name"": ""DOST-FNRI PhilFCT"", ""source_record_id"": ""C064"", ""source_url"": ""https://i.fnri.dost.gov.ph/fct/library/report/3274"", ""value_for_portion"": 0.0, ""value_per_100g"": 0.0}, ""fat_g_100g"": {""label"": ""Verified"", ""source_name"": ""DOST-FNRI PhilFCT"", ""source_record_id"": ""C064"", ""source_url"": ""https://i.fnri.dost.gov.ph/fct/library/report/3274"", ""value_for_portion"": 7.0, ""value_per_100g"": 7.0}, ""fiber_g_100g"": {""label"": ""Verified"", ""source_name"": ""DOST-FNRI PhilFCT"", ""source_record_id"": ""C064"", ""source_url"": ""https://i.fnri.dost.gov.ph/fct/library/report/3274"", ""value_for_portion"": 0.5, ""value_per_100g"": 0.5}, ""kcal_100g"": {""label"": ""Verified"", ""source_name"": ""DOST-FNRI PhilFCT"", ""source_record_id"": ""C064"", ""source_url"": ""https://i.fnri.dost.gov.ph/fct/library/report/3274"", ""value_for_portion"": 123.0, ""value_per_100g"": 123.0}, ""protein_g_100g"": {""label"": ""Verified"", ""source_name"": ""DOST-FNRI PhilFCT"", ""source_record_id"": ""C064"", ""source_url"": ""https://i.fnri.dost.gov.ph/fct/library/report/3274"", ""value_for_portion"": 12.9, ""value_per_100g"": 12.9}, ""sodium_mg_100g"": {""label"": ""Verified"", ""source_name"": ""DOST-FNRI PhilFCT"", ""source_record_id"": ""C064"", ""source_url"": ""https://i.fnri.dost.gov.ph/fct/library/report/3274"", ""value_for_portion"": 114.0, ""value_per_100g"": 114.0}, ""sugar_g_100g"": {""label"": ""Verified"", ""source_name"": ""DOST-FNRI PhilFCT"", ""source_record_id"": ""C064"", ""source_url"": ""https://i.fnri.dost.gov.ph/fct/library/report/3274"", ""value_for_portion"": 0.8, ""value_per_100g"": 0.8}}"
EST_WORLD_20260918_027_V1,FC000139,"Pork, fresh, ground, cooked",70,ASSUMED_REFERENCE_MIXTURE,297.0,25.69,0.0,20.77,0.0,0.0,73.0,94.0,"{""carbs_g_100g"": {""label"": ""Other source"", ""source_name"": ""USDA FoodData Central SR Legacy"", ""source_record_id"": ""USDA_FC000139_167903"", ""source_url"": ""https://fdc.nal.usda.gov/food-details/167903/nutrients"", ""value_for_portion"": 0.0, ""value_per_100g"": 0.0}, ""cholesterol_mg_100g"": {""label"": ""Other source"", ""source_name"": ""USDA FoodData Central SR Legacy"", ""source_record_id"": ""USDA_FC000139_167903"", ""source_url"": ""https://fdc.nal.usda.gov/food-details/167903/nutrients"", ""value_for_portion"": 94.0, ""value_per_100g"": 94.0}, ""fat_g_100g"": {""label"": ""Other source"", ""source_name"": ""USDA FoodData Central SR Legacy"", ""source_record_id"": ""USDA_FC000139_167903"", ""source_url"": ""https://fdc.nal.usda.gov/food-details/167903/nutrients"", ""value_for_portion"": 20.77, ""value_per_100g"": 20.77}, ""fiber_g_100g"": {""label"": ""Other source"", ""source_name"": ""USDA FoodData Central SR Legacy"", ""source_record_id"": ""USDA_FC000139_167903"", ""source_url"": ""https://fdc.nal.usda.gov/food-details/167903/nutrients"", ""value_for_portion"": 0.0, ""value_per_100g"": 0.0}, ""kcal_100g"": {""label"": ""Other source"", ""source_name"": ""USDA FoodData Central SR Legacy"", ""source_record_id"": ""USDA_FC000139_167903"", ""source_url"": ""https://fdc.nal.usda.gov/food-details/167903/nutrients"", ""value_for_portion"": 297.0, ""value_per_100g"": 297.0}, ""protein_g_100g"": {""label"": ""Other source"", ""source_name"": ""USDA FoodData Central SR Legacy"", ""source_record_id"": ""USDA_FC000139_167903"", ""source_url"": ""https://fdc.nal.usda.gov/food-details/167903/nutrients"", ""value_for_portion"": 25.69, ""value_per_100g"": 25.69}, ""sodium_mg_100g"": {""label"": ""Other source"", ""source_name"": ""USDA FoodData Central SR Legacy"", ""source_record_id"": ""USDA_FC000139_167903"", ""source_url"": ""https://fdc.nal.usda.gov/food-details/167903/nutrients"", ""value_for_portion"": 73.0, ""value_per_100g"": 73.0}, ""sugar_g_100g"": {""label"": ""Other source"", ""source_name"": ""USDA FoodData Central SR Legacy"", ""source_record_id"": ""USDA_FC000139_167903"", ""source_url"": ""https://fdc.nal.usda.gov/food-details/167903/nutrients"", ""value_for_portion"": 0.0, ""value_per_100g"": 0.0}}"
EST_WORLD_20260918_027_V1,FC000244,"Soybean paste, miso",18,ASSUMED_REFERENCE_MIXTURE,144.0,13.0,15.2,3.5,3.2,3.7,1673.0,0.0,"{""carbs_g_100g"": {""label"": ""Verified"", ""source_name"": ""DOST-FNRI PhilFCT"", ""source_record_id"": ""C067"", ""source_url"": ""https://i.fnri.dost.gov.ph/fct/library/report/3277"", ""value_for_portion"": 15.2, ""value_per_100g"": 15.2}, ""cholesterol_mg_100g"": {""label"": ""Verified"", ""source_name"": ""DOST-FNRI PhilFCT"", ""source_record_id"": ""C067"", ""source_url"": ""https://i.fnri.dost.gov.ph/fct/library/report/3277"", ""value_for_portion"": 0.0, ""value_per_100g"": 0.0}, ""fat_g_100g"": {""label"": ""Verified"", ""source_name"": ""DOST-FNRI PhilFCT"", ""source_record_id"": ""C067"", ""source_url"": ""https://i.fnri.dost.gov.ph/fct/library/report/3277"", ""value_for_portion"": 3.5, ""value_per_100g"": 3.5}, ""fiber_g_100g"": {""label"": ""Verified"", ""source_name"": ""DOST-FNRI PhilFCT"", ""source_record_id"": ""C067"", ""source_url"": ""https://i.fnri.dost.gov.ph/fct/library/report/3277"", ""value_for_portion"": 3.2, ""value_per_100g"": 3.2}, ""kcal_100g"": {""label"": ""Verified"", ""source_name"": ""DOST-FNRI PhilFCT"", ""source_record_id"": ""C067"", ""source_url"": ""https://i.fnri.dost.gov.ph/fct/library/report/3277"", ""value_for_portion"": 144.0, ""value_per_100g"": 144.0}, ""protein_g_100g"": {""label"": ""Verified"", ""source_name"": ""DOST-FNRI PhilFCT"", ""source_record_id"": ""C067"", ""source_url"": ""https://i.fnri.dost.gov.ph/fct/library/report/3277"", ""value_for_portion"": 13.0, ""value_per_100g"": 13.0}, ""sodium_mg_100g"": {""label"": ""Verified"", ""source_name"": ""DOST-FNRI PhilFCT"", ""source_record_id"": ""C067"", ""source_url"": ""https://i.fnri.dost.gov.ph/fct/library/report/3277"", ""value_for_portion"": 1673.0, ""value_per_100g"": 1673.0}, ""sugar_g_100g"": {""label"": ""Verified"", ""source_name"": ""DOST-FNRI PhilFCT"", ""source_record_id"": ""C067"", ""source_url"": ""https://i.fnri.dost.gov.ph/fct/library/report/3277"", ""value_for_portion"": 3.7, ""value_per_100g"": 3.7}}"
EST_WORLD_20260918_027_V1,FC000299,"Pepper, chili fruit",5,ASSUMED_REFERENCE_MIXTURE,75.0,4.8,9.0,2.2,3.5,5.0,14.0,0.0,"{""carbs_g_100g"": {""label"": ""Verified"", ""source_name"": ""DOST-FNRI PhilFCT"", ""source_record_id"": ""D164"", ""source_url"": ""https://i.fnri.dost.gov.ph/fct/library/report/3443"", ""value_for_portion"": 9.0, ""value_per_100g"": 9.0}, ""cholesterol_mg_100g"": {""label"": ""Verified"", ""source_name"": ""DOST-FNRI PhilFCT"", ""source_record_id"": ""D164"", ""source_url"": ""https://i.fnri.dost.gov.ph/fct/library/report/3443"", ""value_for_portion"": 0.0, ""value_per_100g"": 0.0}, ""fat_g_100g"": {""label"": ""Verified"", ""source_name"": ""DOST-FNRI PhilFCT"", ""source_record_id"": ""D164"", ""source_url"": ""https://i.fnri.dost.gov.ph/fct/library/report/3443"", ""value_for_portion"": 2.2, ""value_per_100g"": 2.2}, ""fiber_g_100g"": {""label"": ""Verified"", ""source_name"": ""DOST-FNRI PhilFCT"", ""source_record_id"": ""D164"", ""source_url"": ""https://i.fnri.dost.gov.ph/fct/library/report/3443"", ""value_for_portion"": 3.5, ""value_per_100g"": 3.5}, ""kcal_100g"": {""label"": ""Verified"", ""source_name"": ""DOST-FNRI PhilFCT"", ""source_record_id"": ""D164"", ""source_url"": ""https://i.fnri.dost.gov.ph/fct/library/report/3443"", ""value_for_portion"": 75.0, ""value_per_100g"": 75.0}, ""protein_g_100g"": {""label"": ""Verified"", ""source_name"": ""DOST-FNRI PhilFCT"", ""source_record_id"": ""D164"", ""source_url"": ""https://i.fnri.dost.gov.ph/fct/library/report/3443"", ""value_for_portion"": 4.8, ""value_per_100g"": 4.8}, ""sodium_mg_100g"": {""label"": ""Verified"", ""source_name"": ""DOST-FNRI PhilFCT"", ""source_record_id"": ""D164"", ""source_url"": ""https://i.fnri.dost.gov.ph/fct/library/report/3443"", ""value_for_portion"": 14.0, ""value_per_100g"": 14.0}, ""sugar_g_100g"": {""label"": ""Verified"", ""source_name"": ""DOST-FNRI PhilFCT"", ""source_record_id"": ""D164"", ""source_url"": ""https://i.fnri.dost.gov.ph/fct/library/report/3443"", ""value_for_portion"": 5.0, ""value_per_100g"": 5.0}}"
EST_WORLD_20260918_027_V1,FC000642,"Oil, corn",18,ASSUMED_REFERENCE_MIXTURE,896.0,0.0,0.0,99.6,0.0,0.0,0.0,0.0,"{""carbs_g_100g"": {""label"": ""Verified"", ""source_name"": ""DOST-FNRI PhilFCT"", ""source_record_id"": ""K009"", ""source_url"": ""https://i.fnri.dost.gov.ph/fct/library/report/4269"", ""value_for_portion"": 0.0, ""value_per_100g"": 0.0}, ""cholesterol_mg_100g"": {""label"": ""Verified"", ""source_name"": ""DOST-FNRI PhilFCT"", ""source_record_id"": ""K009"", ""source_url"": ""https://i.fnri.dost.gov.ph/fct/library/report/4269"", ""value_for_portion"": 0.0, ""value_per_100g"": 0.0}, ""fat_g_100g"": {""label"": ""Verified"", ""source_name"": ""DOST-FNRI PhilFCT"", ""source_record_id"": ""K009"", ""source_url"": ""https://i.fnri.dost.gov.ph/fct/library/report/4269"", ""value_for_portion"": 99.6, ""value_per_100g"": 99.6}, ""fiber_g_100g"": {""label"": ""Verified"", ""source_name"": ""DOST-FNRI PhilFCT"", ""source_record_id"": ""K009"", ""source_url"": ""https://i.fnri.dost.gov.ph/fct/library/report/4269"", ""value_for_portion"": 0.0, ""value_per_100g"": 0.0}, ""kcal_100g"": {""label"": ""Verified"", ""source_name"": ""DOST-FNRI PhilFCT"", ""source_record_id"": ""K009"", ""source_url"": ""https://i.fnri.dost.gov.ph/fct/library/report/4269"", ""value_for_portion"": 896.0, ""value_per_100g"": 896.0}, ""protein_g_100g"": {""label"": ""Verified"", ""source_name"": ""DOST-FNRI PhilFCT"", ""source_record_id"": ""K009"", ""source_url"": ""https://i.fnri.dost.gov.ph/fct/library/report/4269"", ""value_for_portion"": 0.0, ""value_per_100g"": 0.0}, ""sodium_mg_100g"": {""label"": ""Verified"", ""source_name"": ""DOST-FNRI PhilFCT"", ""source_record_id"": ""K009"", ""source_url"": ""https://i.fnri.dost.gov.ph/fct/library/report/4269"", ""value_for_portion"": 0.0, ""value_per_100g"": 0.0}, ""sugar_g_100g"": {""label"": ""Verified"", ""source_name"": ""DOST-FNRI PhilFCT"", ""source_record_id"": ""K009"", ""source_url"": ""https://i.fnri.dost.gov.ph/fct/library/report/4269"", ""value_for_portion"": 0.0, ""value_per_100g"": 0.0}}"
EST_WORLD_20260918_027_V1,FC000070,Garlic bulb,5,ASSUMED_REFERENCE_MIXTURE,129.0,7.0,24.6,0.3,1.7,0.8,10.0,0.0,"{""carbs_g_100g"": {""label"": ""Verified"", ""source_name"": ""DOST-FNRI PhilFCT"", ""source_record_id"": ""D084"", ""source_url"": ""https://i.fnri.dost.gov.ph/fct/library/report/3363"", ""value_for_portion"": 24.6, ""value_per_100g"": 24.6}, ""cholesterol_mg_100g"": {""label"": ""Verified"", ""source_name"": ""DOST-FNRI PhilFCT"", ""source_record_id"": ""D084"", ""source_url"": ""https://i.fnri.dost.gov.ph/fct/library/report/3363"", ""value_for_portion"": 0.0, ""value_per_100g"": 0.0}, ""fat_g_100g"": {""label"": ""Verified"", ""source_name"": ""DOST-FNRI PhilFCT"", ""source_record_id"": ""D084"", ""source_url"": ""https://i.fnri.dost.gov.ph/fct/library/report/3363"", ""value_for_portion"": 0.3, ""value_per_100g"": 0.3}, ""fiber_g_100g"": {""label"": ""Verified"", ""source_name"": ""DOST-FNRI PhilFCT"", ""source_record_id"": ""D084"", ""source_url"": ""https://i.fnri.dost.gov.ph/fct/library/report/3363"", ""value_for_portion"": 1.7, ""value_per_100g"": 1.7}, ""kcal_100g"": {""label"": ""Verified"", ""source_name"": ""DOST-FNRI PhilFCT"", ""source_record_id"": ""D084"", ""source_url"": ""https://i.fnri.dost.gov.ph/fct/library/report/3363"", ""value_for_portion"": 129.0, ""value_per_100g"": 129.0}, ""protein_g_100g"": {""label"": ""Verified"", ""source_name"": ""DOST-FNRI PhilFCT"", ""source_record_id"": ""D084"", ""source_url"": ""https://i.fnri.dost.gov.ph/fct/library/report/3363"", ""value_for_portion"": 7.0, ""value_per_100g"": 7.0}, ""sodium_mg_100g"": {""label"": ""Verified"", ""source_name"": ""DOST-FNRI PhilFCT"", ""source_record_id"": ""D084"", ""source_url"": ""https://i.fnri.dost.gov.ph/fct/library/report/3363"", ""value_for_portion"": 10.0, ""value_per_100g"": 10.0}, ""sugar_g_100g"": {""label"": ""Verified"", ""source_name"": ""DOST-FNRI PhilFCT"", ""source_record_id"": ""D084"", ""source_url"": ""https://i.fnri.dost.gov.ph/fct/library/report/3363"", ""value_for_portion"": 0.8, ""value_per_100g"": 0.8}}"
EST_WORLD_20260918_027_V1,FC000317,Ginger,5,ASSUMED_REFERENCE_MIXTURE,46.0,1.1,8.5,0.8,1.1,0.9,3.0,0.0,"{""carbs_g_100g"": {""label"": ""Verified"", ""source_name"": ""DOST-FNRI PhilFCT"", ""source_record_id"": ""D304"", ""source_url"": ""https://i.fnri.dost.gov.ph/fct/library/report/5005"", ""value_for_portion"": 8.5, ""value_per_100g"": 8.5}, ""cholesterol_mg_100g"": {""label"": ""Verified"", ""source_name"": ""DOST-FNRI PhilFCT"", ""source_record_id"": ""D304"", ""source_url"": ""https://i.fnri.dost.gov.ph/fct/library/report/5005"", ""value_for_portion"": 0.0, ""value_per_100g"": 0.0}, ""fat_g_100g"": {""label"": ""Verified"", ""source_name"": ""DOST-FNRI PhilFCT"", ""source_record_id"": ""D304"", ""source_url"": ""https://i.fnri.dost.gov.ph/fct/library/report/5005"", ""value_for_portion"": 0.8, ""value_per_100g"": 0.8}, ""fiber_g_100g"": {""label"": ""Verified"", ""source_name"": ""DOST-FNRI PhilFCT"", ""source_record_id"": ""D304"", ""source_url"": ""https://i.fnri.dost.gov.ph/fct/library/report/5005"", ""value_for_portion"": 1.1, ""value_per_100g"": 1.1}, ""kcal_100g"": {""label"": ""Verified"", ""source_name"": ""DOST-FNRI PhilFCT"", ""source_record_id"": ""D304"", ""source_url"": ""https://i.fnri.dost.gov.ph/fct/library/report/5005"", ""value_for_portion"": 46.0, ""value_per_100g"": 46.0}, ""protein_g_100g"": {""label"": ""Verified"", ""source_name"": ""DOST-FNRI PhilFCT"", ""source_record_id"": ""D304"", ""source_url"": ""https://i.fnri.dost.gov.ph/fct/library/report/5005"", ""value_for_portion"": 1.1, ""value_per_100g"": 1.1}, ""sodium_mg_100g"": {""label"": ""Verified"", ""source_name"": ""DOST-FNRI PhilFCT"", ""source_record_id"": ""D304"", ""source_url"": ""https://i.fnri.dost.gov.ph/fct/library/report/5005"", ""value_for_portion"": 3.0, ""value_per_100g"": 3.0}, ""sugar_g_100g"": {""label"": ""Verified"", ""source_name"": ""DOST-FNRI PhilFCT"", ""source_record_id"": ""D304"", ""source_url"": ""https://i.fnri.dost.gov.ph/fct/library/report/5005"", ""value_for_portion"": 0.9, ""value_per_100g"": 0.9}}"
EST_WORLD_20260918_027_V1,FC001237,"Beverages, water, tap, drinking",80,ASSUMED_REFERENCE_MIXTURE,0.0,0.0,0.0,0.0,0.0,0.0,4.0,0.0,"{""carbs_g_100g"": {""label"": ""Other source"", ""source_name"": ""USDA FoodData Central SR Legacy"", ""source_record_id"": ""USDA_FC001237_173647"", ""source_url"": ""https://fdc.nal.usda.gov/food-details/173647/nutrients"", ""value_for_portion"": 0.0, ""value_per_100g"": 0.0}, ""cholesterol_mg_100g"": {""label"": ""Other source"", ""source_name"": ""USDA FoodData Central SR Legacy"", ""source_record_id"": ""USDA_FC001237_173647"", ""source_url"": ""https://fdc.nal.usda.gov/food-details/173647/nutrients"", ""value_for_portion"": 0.0, ""value_per_100g"": 0.0}, ""fat_g_100g"": {""label"": ""Other source"", ""source_name"": ""USDA FoodData Central SR Legacy"", ""source_record_id"": ""USDA_FC001237_173647"", ""source_url"": ""https://fdc.nal.usda.gov/food-details/173647/nutrients"", ""value_for_portion"": 0.0, ""value_per_100g"": 0.0}, ""fiber_g_100g"": {""label"": ""Other source"", ""source_name"": ""USDA FoodData Central SR Legacy"", ""source_record_id"": ""USDA_FC001237_173647"", ""source_url"": ""https://fdc.nal.usda.gov/food-details/173647/nutrients"", ""value_for_portion"": 0.0, ""value_per_100g"": 0.0}, ""kcal_100g"": {""label"": ""Other source"", ""source_name"": ""USDA FoodData Central SR Legacy"", ""source_record_id"": ""USDA_FC001237_173647"", ""source_url"": ""https://fdc.nal.usda.gov/food-details/173647/nutrients"", ""value_for_portion"": 0.0, ""value_per_100g"": 0.0}, ""protein_g_100g"": {""label"": ""Other source"", ""source_name"": ""USDA FoodData Central SR Legacy"", ""source_record_id"": ""USDA_FC001237_173647"", ""source_url"": ""https://fdc.nal.usda.gov/food-details/173647/nutrients"", ""value_for_portion"": 0.0, ""value_per_100g"": 0.0}, ""sodium_mg_100g"": {""label"": ""Other source"", ""source_name"": ""USDA FoodData Central SR Legacy"", ""source_record_id"": ""USDA_FC001237_173647"", ""source_url"": ""https://fdc.nal.usda.gov/food-details/173647/nutrients"", ""value_for_portion"": 4.0, ""value_per_100g"": 4.0}, ""sugar_g_100g"": {""label"": ""Other source"", ""source_name"": ""USDA FoodData Central SR Legacy"", ""source_record_id"": ""USDA_FC001237_173647"", ""source_url"": ""https://fdc.nal.usda.gov/food-details/173647/nutrients"", ""value_for_portion"": 0.0, ""value_per_100g"": 0.0}}"
EST_WORLD_20260918_027_V1,FC000099,Soy sauce,8,ASSUMED_REFERENCE_MIXTURE,75.0,3.5,15.0,0.1,1.0,0.5,2041.0,0.0,"{""carbs_g_100g"": {""label"": ""Verified"", ""source_name"": ""DOST-FNRI PhilFCT"", ""source_record_id"": ""N023"", ""source_url"": ""https://i.fnri.dost.gov.ph/fct/library/report/4346"", ""value_for_portion"": 15.0, ""value_per_100g"": 15.0}, ""cholesterol_mg_100g"": {""label"": ""Verified"", ""source_name"": ""DOST-FNRI PhilFCT"", ""source_record_id"": ""N023"", ""source_url"": ""https://i.fnri.dost.gov.ph/fct/library/report/4346"", ""value_for_portion"": 0.0, ""value_per_100g"": 0.0}, ""fat_g_100g"": {""label"": ""Verified"", ""source_name"": ""DOST-FNRI PhilFCT"", ""source_record_id"": ""N023"", ""source_url"": ""https://i.fnri.dost.gov.ph/fct/library/report/4346"", ""value_for_portion"": 0.1, ""value_per_100g"": 0.1}, ""fiber_g_100g"": {""label"": ""Verified"", ""source_name"": ""DOST-FNRI PhilFCT"", ""source_record_id"": ""N023"", ""source_url"": ""https://i.fnri.dost.gov.ph/fct/library/report/4346"", ""value_for_portion"": 1.0, ""value_per_100g"": 1.0}, ""kcal_100g"": {""label"": ""Verified"", ""source_name"": ""DOST-FNRI PhilFCT"", ""source_record_id"": ""N023"", ""source_url"": ""https://i.fnri.dost.gov.ph/fct/library/report/4346"", ""value_for_portion"": 75.0, ""value_per_100g"": 75.0}, ""protein_g_100g"": {""label"": ""Verified"", ""source_name"": ""DOST-FNRI PhilFCT"", ""source_record_id"": ""N023"", ""source_url"": ""https://i.fnri.dost.gov.ph/fct/library/report/4346"", ""value_for_portion"": 3.5, ""value_per_100g"": 3.5}, ""sodium_mg_100g"": {""label"": ""Verified"", ""source_name"": ""DOST-FNRI PhilFCT"", ""source_record_id"": ""N023"", ""source_url"": ""https://i.fnri.dost.gov.ph/fct/library/report/4346"", ""value_for_portion"": 2041.0, ""value_per_100g"": 2041.0}, ""sugar_g_100g"": {""label"": ""Verified"", ""source_name"": ""DOST-FNRI PhilFCT"", ""source_record_id"": ""N023"", ""source_url"": ""https://i.fnri.dost.gov.ph/fct/library/report/4346"", ""value_for_portion"": 0.5, ""value_per_100g"": 0.5}}"
EST_WORLD_20260918_028_V1,FC000001,"Rice, well-milled, boiled",220,ASSUMED_REFERENCE_MIXTURE,129.0,2.1,29.7,0.2,0.4,0.1,3.0,0.0,"{""carbs_g_100g"": {""label"": ""Verified"", ""source_name"": ""DOST-FNRI PhilFCT"", ""source_record_id"": ""A020"", ""source_url"": ""https://i.fnri.dost.gov.ph/fct/library/report/2982"", ""value_for_portion"": 29.7, ""value_per_100g"": 29.7}, ""cholesterol_mg_100g"": {""label"": ""Verified"", ""source_name"": ""DOST-FNRI PhilFCT"", ""source_record_id"": ""A020"", ""source_url"": ""https://i.fnri.dost.gov.ph/fct/library/report/2982"", ""value_for_portion"": 0.0, ""value_per_100g"": 0.0}, ""fat_g_100g"": {""label"": ""Verified"", ""source_name"": ""DOST-FNRI PhilFCT"", ""source_record_id"": ""A020"", ""source_url"": ""https://i.fnri.dost.gov.ph/fct/library/report/2982"", ""value_for_portion"": 0.2, ""value_per_100g"": 0.2}, ""fiber_g_100g"": {""label"": ""Verified"", ""source_name"": ""DOST-FNRI PhilFCT"", ""source_record_id"": ""A020"", ""source_url"": ""https://i.fnri.dost.gov.ph/fct/library/report/2982"", ""value_for_portion"": 0.4, ""value_per_100g"": 0.4}, ""kcal_100g"": {""label"": ""Verified"", ""source_name"": ""DOST-FNRI PhilFCT"", ""source_record_id"": ""A020"", ""source_url"": ""https://i.fnri.dost.gov.ph/fct/library/report/2982"", ""value_for_portion"": 129.0, ""value_per_100g"": 129.0}, ""protein_g_100g"": {""label"": ""Verified"", ""source_name"": ""DOST-FNRI PhilFCT"", ""source_record_id"": ""A020"", ""source_url"": ""https://i.fnri.dost.gov.ph/fct/library/report/2982"", ""value_for_portion"": 2.1, ""value_per_100g"": 2.1}, ""sodium_mg_100g"": {""label"": ""Verified"", ""source_name"": ""DOST-FNRI PhilFCT"", ""source_record_id"": ""A020"", ""source_url"": ""https://i.fnri.dost.gov.ph/fct/library/report/2982"", ""value_for_portion"": 3.0, ""value_per_100g"": 3.0}, ""sugar_g_100g"": {""label"": ""Verified"", ""source_name"": ""DOST-FNRI PhilFCT"", ""source_record_id"": ""A020"", ""source_url"": ""https://i.fnri.dost.gov.ph/fct/library/report/2982"", ""value_for_portion"": 0.1, ""value_per_100g"": 0.1}}"
EST_WORLD_20260918_028_V1,FC000454,"Shrimp, banana prawn, boiled",70,ASSUMED_REFERENCE_MIXTURE,104.0,11.2,14.0,0.4,0.0,0.0,113.0,,"{""carbs_g_100g"": {""label"": ""Verified"", ""source_name"": ""DOST-FNRI PhilFCT"", ""source_record_id"": ""G114"", ""source_url"": ""https://i.fnri.dost.gov.ph/fct/library/report/4094"", ""value_for_portion"": 14.0, ""value_per_100g"": 14.0}, ""cholesterol_mg_100g"": {""label"": ""Unknown"", ""source_name"": null, ""source_record_id"": null, ""source_url"": null, ""value_for_portion"": null, ""value_per_100g"": null}, ""fat_g_100g"": {""label"": ""Verified"", ""source_name"": ""DOST-FNRI PhilFCT"", ""source_record_id"": ""G114"", ""source_url"": ""https://i.fnri.dost.gov.ph/fct/library/report/4094"", ""value_for_portion"": 0.4, ""value_per_100g"": 0.4}, ""fiber_g_100g"": {""label"": ""Verified"", ""source_name"": ""DOST-FNRI PhilFCT"", ""source_record_id"": ""G114"", ""source_url"": ""https://i.fnri.dost.gov.ph/fct/library/report/4094"", ""value_for_portion"": 0.0, ""value_per_100g"": 0.0}, ""kcal_100g"": {""label"": ""Verified"", ""source_name"": ""DOST-FNRI PhilFCT"", ""source_record_id"": ""G114"", ""source_url"": ""https://i.fnri.dost.gov.ph/fct/library/report/4094"", ""value_for_portion"": 104.0, ""value_per_100g"": 104.0}, ""protein_g_100g"": {""label"": ""Verified"", ""source_name"": ""DOST-FNRI PhilFCT"", ""source_record_id"": ""G114"", ""source_url"": ""https://i.fnri.dost.gov.ph/fct/library/report/4094"", ""value_for_portion"": 11.2, ""value_per_100g"": 11.2}, ""sodium_mg_100g"": {""label"": ""Verified"", ""source_name"": ""DOST-FNRI PhilFCT"", ""source_record_id"": ""G114"", ""source_url"": ""https://i.fnri.dost.gov.ph/fct/library/report/4094"", ""value_for_portion"": 113.0, ""value_per_100g"": 113.0}, ""sugar_g_100g"": {""label"": ""Verified"", ""source_name"": ""DOST-FNRI PhilFCT"", ""source_record_id"": ""G114"", ""source_url"": ""https://i.fnri.dost.gov.ph/fct/library/report/4094"", ""value_for_portion"": 0.0, ""value_per_100g"": 0.0}}"
EST_WORLD_20260918_028_V1,FC000016,"Egg, chicken, whole, boiled",50,ASSUMED_REFERENCE_MIXTURE,166.0,14.0,0.6,12.0,0.0,0.4,136.0,460.0,"{""carbs_g_100g"": {""label"": ""Verified"", ""source_name"": ""DOST-FNRI PhilFCT"", ""source_record_id"": ""H004"", ""source_url"": ""https://i.fnri.dost.gov.ph/fct/library/report/4216"", ""value_for_portion"": 0.6, ""value_per_100g"": 0.6}, ""cholesterol_mg_100g"": {""label"": ""Verified"", ""source_name"": ""DOST-FNRI PhilFCT"", ""source_record_id"": ""H004"", ""source_url"": ""https://i.fnri.dost.gov.ph/fct/library/report/4216"", ""value_for_portion"": 460.0, ""value_per_100g"": 460.0}, ""fat_g_100g"": {""label"": ""Verified"", ""source_name"": ""DOST-FNRI PhilFCT"", ""source_record_id"": ""H004"", ""source_url"": ""https://i.fnri.dost.gov.ph/fct/library/report/4216"", ""value_for_portion"": 12.0, ""value_per_100g"": 12.0}, ""fiber_g_100g"": {""label"": ""Verified"", ""source_name"": ""DOST-FNRI PhilFCT"", ""source_record_id"": ""H004"", ""source_url"": ""https://i.fnri.dost.gov.ph/fct/library/report/4216"", ""value_for_portion"": 0.0, ""value_per_100g"": 0.0}, ""kcal_100g"": {""label"": ""Verified"", ""source_name"": ""DOST-FNRI PhilFCT"", ""source_record_id"": ""H004"", ""source_url"": ""https://i.fnri.dost.gov.ph/fct/library/report/4216"", ""value_for_portion"": 166.0, ""value_per_100g"": 166.0}, ""protein_g_100g"": {""label"": ""Verified"", ""source_name"": ""DOST-FNRI PhilFCT"", ""source_record_id"": ""H004"", ""source_url"": ""https://i.fnri.dost.gov.ph/fct/library/report/4216"", ""value_for_portion"": 14.0, ""value_per_100g"": 14.0}, ""sodium_mg_100g"": {""label"": ""Verified"", ""source_name"": ""DOST-FNRI PhilFCT"", ""source_record_id"": ""H004"", ""source_url"": ""https://i.fnri.dost.gov.ph/fct/library/report/4216"", ""value_for_portion"": 136.0, ""value_per_100g"": 136.0}, ""sugar_g_100g"": {""label"": ""Verified"", ""source_name"": ""DOST-FNRI PhilFCT"", ""source_record_id"": ""H004"", ""source_url"": ""https://i.fnri.dost.gov.ph/fct/library/report/4216"", ""value_for_portion"": 0.4, ""value_per_100g"": 0.4}}"
EST_WORLD_20260918_028_V1,FC000238,"Green pea, in brine, cnd",20,ASSUMED_REFERENCE_MIXTURE,118.0,6.9,20.1,1.1,8.1,4.9,449.0,0.0,"{""carbs_g_100g"": {""label"": ""Verified"", ""source_name"": ""DOST-FNRI PhilFCT"", ""source_record_id"": ""C055"", ""source_url"": ""https://i.fnri.dost.gov.ph/fct/library/report/3265"", ""value_for_portion"": 20.1, ""value_per_100g"": 20.1}, ""cholesterol_mg_100g"": {""label"": ""Verified"", ""source_name"": ""DOST-FNRI PhilFCT"", ""source_record_id"": ""C055"", ""source_url"": ""https://i.fnri.dost.gov.ph/fct/library/report/3265"", ""value_for_portion"": 0.0, ""value_per_100g"": 0.0}, ""fat_g_100g"": {""label"": ""Verified"", ""source_name"": ""DOST-FNRI PhilFCT"", ""source_record_id"": ""C055"", ""source_url"": ""https://i.fnri.dost.gov.ph/fct/library/report/3265"", ""value_for_portion"": 1.1, ""value_per_100g"": 1.1}, ""fiber_g_100g"": {""label"": ""Verified"", ""source_name"": ""DOST-FNRI PhilFCT"", ""source_record_id"": ""C055"", ""source_url"": ""https://i.fnri.dost.gov.ph/fct/library/report/3265"", ""value_for_portion"": 8.1, ""value_per_100g"": 8.1}, ""kcal_100g"": {""label"": ""Verified"", ""source_name"": ""DOST-FNRI PhilFCT"", ""source_record_id"": ""C055"", ""source_url"": ""https://i.fnri.dost.gov.ph/fct/library/report/3265"", ""value_for_portion"": 118.0, ""value_per_100g"": 118.0}, ""protein_g_100g"": {""label"": ""Verified"", ""source_name"": ""DOST-FNRI PhilFCT"", ""source_record_id"": ""C055"", ""source_url"": ""https://i.fnri.dost.gov.ph/fct/library/report/3265"", ""value_for_portion"": 6.9, ""value_per_100g"": 6.9}, ""sodium_mg_100g"": {""label"": ""Verified"", ""source_name"": ""DOST-FNRI PhilFCT"", ""source_record_id"": ""C055"", ""source_url"": ""https://i.fnri.dost.gov.ph/fct/library/report/3265"", ""value_for_portion"": 449.0, ""value_per_100g"": 449.0}, ""sugar_g_100g"": {""label"": ""Verified"", ""source_name"": ""DOST-FNRI PhilFCT"", ""source_record_id"": ""C055"", ""source_url"": ""https://i.fnri.dost.gov.ph/fct/library/report/3265"", ""value_for_portion"": 4.9, ""value_per_100g"": 4.9}}"
EST_WORLD_20260918_028_V1,FC000099,Soy sauce,12,ASSUMED_REFERENCE_MIXTURE,75.0,3.5,15.0,0.1,1.0,0.5,2041.0,0.0,"{""carbs_g_100g"": {""label"": ""Verified"", ""source_name"": ""DOST-FNRI PhilFCT"", ""source_record_id"": ""N023"", ""source_url"": ""https://i.fnri.dost.gov.ph/fct/library/report/4346"", ""value_for_portion"": 15.0, ""value_per_100g"": 15.0}, ""cholesterol_mg_100g"": {""label"": ""Verified"", ""source_name"": ""DOST-FNRI PhilFCT"", ""source_record_id"": ""N023"", ""source_url"": ""https://i.fnri.dost.gov.ph/fct/library/report/4346"", ""value_for_portion"": 0.0, ""value_per_100g"": 0.0}, ""fat_g_100g"": {""label"": ""Verified"", ""source_name"": ""DOST-FNRI PhilFCT"", ""source_record_id"": ""N023"", ""source_url"": ""https://i.fnri.dost.gov.ph/fct/library/report/4346"", ""value_for_portion"": 0.1, ""value_per_100g"": 0.1}, ""fiber_g_100g"": {""label"": ""Verified"", ""source_name"": ""DOST-FNRI PhilFCT"", ""source_record_id"": ""N023"", ""source_url"": ""https://i.fnri.dost.gov.ph/fct/library/report/4346"", ""value_for_portion"": 1.0, ""value_per_100g"": 1.0}, ""kcal_100g"": {""label"": ""Verified"", ""source_name"": ""DOST-FNRI PhilFCT"", ""source_record_id"": ""N023"", ""source_url"": ""https://i.fnri.dost.gov.ph/fct/library/report/4346"", ""value_for_portion"": 75.0, ""value_per_100g"": 75.0}, ""protein_g_100g"": {""label"": ""Verified"", ""source_name"": ""DOST-FNRI PhilFCT"", ""source_record_id"": ""N023"", ""source_url"": ""https://i.fnri.dost.gov.ph/fct/library/report/4346"", ""value_for_portion"": 3.5, ""value_per_100g"": 3.5}, ""sodium_mg_100g"": {""label"": ""Verified"", ""source_name"": ""DOST-FNRI PhilFCT"", ""source_record_id"": ""N023"", ""source_url"": ""https://i.fnri.dost.gov.ph/fct/library/report/4346"", ""value_for_portion"": 2041.0, ""value_per_100g"": 2041.0}, ""sugar_g_100g"": {""label"": ""Verified"", ""source_name"": ""DOST-FNRI PhilFCT"", ""source_record_id"": ""N023"", ""source_url"": ""https://i.fnri.dost.gov.ph/fct/library/report/4346"", ""value_for_portion"": 0.5, ""value_per_100g"": 0.5}}"
EST_WORLD_20260918_028_V1,FC000642,"Oil, corn",12,ASSUMED_REFERENCE_MIXTURE,896.0,0.0,0.0,99.6,0.0,0.0,0.0,0.0,"{""carbs_g_100g"": {""label"": ""Verified"", ""source_name"": ""DOST-FNRI PhilFCT"", ""source_record_id"": ""K009"", ""source_url"": ""https://i.fnri.dost.gov.ph/fct/library/report/4269"", ""value_for_portion"": 0.0, ""value_per_100g"": 0.0}, ""cholesterol_mg_100g"": {""label"": ""Verified"", ""source_name"": ""DOST-FNRI PhilFCT"", ""source_record_id"": ""K009"", ""source_url"": ""https://i.fnri.dost.gov.ph/fct/library/report/4269"", ""value_for_portion"": 0.0, ""value_per_100g"": 0.0}, ""fat_g_100g"": {""label"": ""Verified"", ""source_name"": ""DOST-FNRI PhilFCT"", ""source_record_id"": ""K009"", ""source_url"": ""https://i.fnri.dost.gov.ph/fct/library/report/4269"", ""value_for_portion"": 99.6, ""value_per_100g"": 99.6}, ""fiber_g_100g"": {""label"": ""Verified"", ""source_name"": ""DOST-FNRI PhilFCT"", ""source_record_id"": ""K009"", ""source_url"": ""https://i.fnri.dost.gov.ph/fct/library/report/4269"", ""value_for_portion"": 0.0, ""value_per_100g"": 0.0}, ""kcal_100g"": {""label"": ""Verified"", ""source_name"": ""DOST-FNRI PhilFCT"", ""source_record_id"": ""K009"", ""source_url"": ""https://i.fnri.dost.gov.ph/fct/library/report/4269"", ""value_for_portion"": 896.0, ""value_per_100g"": 896.0}, ""protein_g_100g"": {""label"": ""Verified"", ""source_name"": ""DOST-FNRI PhilFCT"", ""source_record_id"": ""K009"", ""source_url"": ""https://i.fnri.dost.gov.ph/fct/library/report/4269"", ""value_for_portion"": 0.0, ""value_per_100g"": 0.0}, ""sodium_mg_100g"": {""label"": ""Verified"", ""source_name"": ""DOST-FNRI PhilFCT"", ""source_record_id"": ""K009"", ""source_url"": ""https://i.fnri.dost.gov.ph/fct/library/report/4269"", ""value_for_portion"": 0.0, ""value_per_100g"": 0.0}, ""sugar_g_100g"": {""label"": ""Verified"", ""source_name"": ""DOST-FNRI PhilFCT"", ""source_record_id"": ""K009"", ""source_url"": ""https://i.fnri.dost.gov.ph/fct/library/report/4269"", ""value_for_portion"": 0.0, ""value_per_100g"": 0.0}}"
EST_WORLD_20260918_028_V1,FC000296,"Onion, spring",5,ASSUMED_REFERENCE_MIXTURE,41.0,1.8,7.2,0.5,2.6,2.3,30.0,0.0,"{""carbs_g_100g"": {""label"": ""Verified"", ""source_name"": ""DOST-FNRI PhilFCT"", ""source_record_id"": ""D147"", ""source_url"": ""https://i.fnri.dost.gov.ph/fct/library/report/3426"", ""value_for_portion"": 7.2, ""value_per_100g"": 7.2}, ""cholesterol_mg_100g"": {""label"": ""Verified"", ""source_name"": ""DOST-FNRI PhilFCT"", ""source_record_id"": ""D147"", ""source_url"": ""https://i.fnri.dost.gov.ph/fct/library/report/3426"", ""value_for_portion"": 0.0, ""value_per_100g"": 0.0}, ""fat_g_100g"": {""label"": ""Verified"", ""source_name"": ""DOST-FNRI PhilFCT"", ""source_record_id"": ""D147"", ""source_url"": ""https://i.fnri.dost.gov.ph/fct/library/report/3426"", ""value_for_portion"": 0.5, ""value_per_100g"": 0.5}, ""fiber_g_100g"": {""label"": ""Verified"", ""source_name"": ""DOST-FNRI PhilFCT"", ""source_record_id"": ""D147"", ""source_url"": ""https://i.fnri.dost.gov.ph/fct/library/report/3426"", ""value_for_portion"": 2.6, ""value_per_100g"": 2.6}, ""kcal_100g"": {""label"": ""Verified"", ""source_name"": ""DOST-FNRI PhilFCT"", ""source_record_id"": ""D147"", ""source_url"": ""https://i.fnri.dost.gov.ph/fct/library/report/3426"", ""value_for_portion"": 41.0, ""value_per_100g"": 41.0}, ""protein_g_100g"": {""label"": ""Verified"", ""source_name"": ""DOST-FNRI PhilFCT"", ""source_record_id"": ""D147"", ""source_url"": ""https://i.fnri.dost.gov.ph/fct/library/report/3426"", ""value_for_portion"": 1.8, ""value_per_100g"": 1.8}, ""sodium_mg_100g"": {""label"": ""Verified"", ""source_name"": ""DOST-FNRI PhilFCT"", ""source_record_id"": ""D147"", ""source_url"": ""https://i.fnri.dost.gov.ph/fct/library/report/3426"", ""value_for_portion"": 30.0, ""value_per_100g"": 30.0}, ""sugar_g_100g"": {""label"": ""Verified"", ""source_name"": ""DOST-FNRI PhilFCT"", ""source_record_id"": ""D147"", ""source_url"": ""https://i.fnri.dost.gov.ph/fct/library/report/3426"", ""value_for_portion"": 2.3, ""value_per_100g"": 2.3}}"
EST_WORLD_20260918_029_V1,FC000224,"Chickpea, dried, boiled",220,ASSUMED_REFERENCE_MIXTURE,198.0,5.7,39.2,2.0,9.1,5.8,8.0,0.0,"{""carbs_g_100g"": {""label"": ""Verified"", ""source_name"": ""DOST-FNRI PhilFCT"", ""source_record_id"": ""C005"", ""source_url"": ""https://i.fnri.dost.gov.ph/fct/library/report/3215"", ""value_for_portion"": 39.2, ""value_per_100g"": 39.2}, ""cholesterol_mg_100g"": {""label"": ""Verified"", ""source_name"": ""DOST-FNRI PhilFCT"", ""source_record_id"": ""C005"", ""source_url"": ""https://i.fnri.dost.gov.ph/fct/library/report/3215"", ""value_for_portion"": 0.0, ""value_per_100g"": 0.0}, ""fat_g_100g"": {""label"": ""Verified"", ""source_name"": ""DOST-FNRI PhilFCT"", ""source_record_id"": ""C005"", ""source_url"": ""https://i.fnri.dost.gov.ph/fct/library/report/3215"", ""value_for_portion"": 2.0, ""value_per_100g"": 2.0}, ""fiber_g_100g"": {""label"": ""Verified"", ""source_name"": ""DOST-FNRI PhilFCT"", ""source_record_id"": ""C005"", ""source_url"": ""https://i.fnri.dost.gov.ph/fct/library/report/3215"", ""value_for_portion"": 9.1, ""value_per_100g"": 9.1}, ""kcal_100g"": {""label"": ""Verified"", ""source_name"": ""DOST-FNRI PhilFCT"", ""source_record_id"": ""C005"", ""source_url"": ""https://i.fnri.dost.gov.ph/fct/library/report/3215"", ""value_for_portion"": 198.0, ""value_per_100g"": 198.0}, ""protein_g_100g"": {""label"": ""Verified"", ""source_name"": ""DOST-FNRI PhilFCT"", ""source_record_id"": ""C005"", ""source_url"": ""https://i.fnri.dost.gov.ph/fct/library/report/3215"", ""value_for_portion"": 5.7, ""value_per_100g"": 5.7}, ""sodium_mg_100g"": {""label"": ""Verified"", ""source_name"": ""DOST-FNRI PhilFCT"", ""source_record_id"": ""C005"", ""source_url"": ""https://i.fnri.dost.gov.ph/fct/library/report/3215"", ""value_for_portion"": 8.0, ""value_per_100g"": 8.0}, ""sugar_g_100g"": {""label"": ""Verified"", ""source_name"": ""DOST-FNRI PhilFCT"", ""source_record_id"": ""C005"", ""source_url"": ""https://i.fnri.dost.gov.ph/fct/library/report/3215"", ""value_for_portion"": 5.8, ""value_per_100g"": 5.8}}"
EST_WORLD_20260918_029_V1,FC000061,Tomato,80,ASSUMED_REFERENCE_MIXTURE,25.0,0.8,5.2,0.1,0.3,3.7,11.0,0.0,"{""carbs_g_100g"": {""label"": ""Verified"", ""source_name"": ""DOST-FNRI PhilFCT"", ""source_record_id"": ""D257"", ""source_url"": ""https://i.fnri.dost.gov.ph/fct/library/report/3536"", ""value_for_portion"": 5.2, ""value_per_100g"": 5.2}, ""cholesterol_mg_100g"": {""label"": ""Verified"", ""source_name"": ""DOST-FNRI PhilFCT"", ""source_record_id"": ""D257"", ""source_url"": ""https://i.fnri.dost.gov.ph/fct/library/report/3536"", ""value_for_portion"": 0.0, ""value_per_100g"": 0.0}, ""fat_g_100g"": {""label"": ""Verified"", ""source_name"": ""DOST-FNRI PhilFCT"", ""source_record_id"": ""D257"", ""source_url"": ""https://i.fnri.dost.gov.ph/fct/library/report/3536"", ""value_for_portion"": 0.1, ""value_per_100g"": 0.1}, ""fiber_g_100g"": {""label"": ""Verified"", ""source_name"": ""DOST-FNRI PhilFCT"", ""source_record_id"": ""D257"", ""source_url"": ""https://i.fnri.dost.gov.ph/fct/library/report/3536"", ""value_for_portion"": 0.3, ""value_per_100g"": 0.3}, ""kcal_100g"": {""label"": ""Verified"", ""source_name"": ""DOST-FNRI PhilFCT"", ""source_record_id"": ""D257"", ""source_url"": ""https://i.fnri.dost.gov.ph/fct/library/report/3536"", ""value_for_portion"": 25.0, ""value_per_100g"": 25.0}, ""protein_g_100g"": {""label"": ""Verified"", ""source_name"": ""DOST-FNRI PhilFCT"", ""source_record_id"": ""D257"", ""source_url"": ""https://i.fnri.dost.gov.ph/fct/library/report/3536"", ""value_for_portion"": 0.8, ""value_per_100g"": 0.8}, ""sodium_mg_100g"": {""label"": ""Verified"", ""source_name"": ""DOST-FNRI PhilFCT"", ""source_record_id"": ""D257"", ""source_url"": ""https://i.fnri.dost.gov.ph/fct/library/report/3536"", ""value_for_portion"": 11.0, ""value_per_100g"": 11.0}, ""sugar_g_100g"": {""label"": ""Verified"", ""source_name"": ""DOST-FNRI PhilFCT"", ""source_record_id"": ""D257"", ""source_url"": ""https://i.fnri.dost.gov.ph/fct/library/report/3536"", ""value_for_portion"": 3.7, ""value_per_100g"": 3.7}}"
EST_WORLD_20260918_029_V1,FC000333,"Onion, Bombay bulb, boiled",45,ASSUMED_REFERENCE_MIXTURE,47.0,1.2,9.7,0.4,1.3,4.6,3.0,0.0,"{""carbs_g_100g"": {""label"": ""Verified"", ""source_name"": ""DOST-FNRI PhilFCT"", ""source_record_id"": ""D142"", ""source_url"": ""https://i.fnri.dost.gov.ph/fct/library/report/3421"", ""value_for_portion"": 9.7, ""value_per_100g"": 9.7}, ""cholesterol_mg_100g"": {""label"": ""Verified"", ""source_name"": ""DOST-FNRI PhilFCT"", ""source_record_id"": ""D142"", ""source_url"": ""https://i.fnri.dost.gov.ph/fct/library/report/3421"", ""value_for_portion"": 0.0, ""value_per_100g"": 0.0}, ""fat_g_100g"": {""label"": ""Verified"", ""source_name"": ""DOST-FNRI PhilFCT"", ""source_record_id"": ""D142"", ""source_url"": ""https://i.fnri.dost.gov.ph/fct/library/report/3421"", ""value_for_portion"": 0.4, ""value_per_100g"": 0.4}, ""fiber_g_100g"": {""label"": ""Verified"", ""source_name"": ""DOST-FNRI PhilFCT"", ""source_record_id"": ""D142"", ""source_url"": ""https://i.fnri.dost.gov.ph/fct/library/report/3421"", ""value_for_portion"": 1.3, ""value_per_100g"": 1.3}, ""kcal_100g"": {""label"": ""Verified"", ""source_name"": ""DOST-FNRI PhilFCT"", ""source_record_id"": ""D142"", ""source_url"": ""https://i.fnri.dost.gov.ph/fct/library/report/3421"", ""value_for_portion"": 47.0, ""value_per_100g"": 47.0}, ""protein_g_100g"": {""label"": ""Verified"", ""source_name"": ""DOST-FNRI PhilFCT"", ""source_record_id"": ""D142"", ""source_url"": ""https://i.fnri.dost.gov.ph/fct/library/report/3421"", ""value_for_portion"": 1.2, ""value_per_100g"": 1.2}, ""sodium_mg_100g"": {""label"": ""Verified"", ""source_name"": ""DOST-FNRI PhilFCT"", ""source_record_id"": ""D142"", ""source_url"": ""https://i.fnri.dost.gov.ph/fct/library/report/3421"", ""value_for_portion"": 3.0, ""value_per_100g"": 3.0}, ""sugar_g_100g"": {""label"": ""Verified"", ""source_name"": ""DOST-FNRI PhilFCT"", ""source_record_id"": ""D142"", ""source_url"": ""https://i.fnri.dost.gov.ph/fct/library/report/3421"", ""value_for_portion"": 4.6, ""value_per_100g"": 4.6}}"
EST_WORLD_20260918_029_V1,FC000642,"Oil, corn",12,ASSUMED_REFERENCE_MIXTURE,896.0,0.0,0.0,99.6,0.0,0.0,0.0,0.0,"{""carbs_g_100g"": {""label"": ""Verified"", ""source_name"": ""DOST-FNRI PhilFCT"", ""source_record_id"": ""K009"", ""source_url"": ""https://i.fnri.dost.gov.ph/fct/library/report/4269"", ""value_for_portion"": 0.0, ""value_per_100g"": 0.0}, ""cholesterol_mg_100g"": {""label"": ""Verified"", ""source_name"": ""DOST-FNRI PhilFCT"", ""source_record_id"": ""K009"", ""source_url"": ""https://i.fnri.dost.gov.ph/fct/library/report/4269"", ""value_for_portion"": 0.0, ""value_per_100g"": 0.0}, ""fat_g_100g"": {""label"": ""Verified"", ""source_name"": ""DOST-FNRI PhilFCT"", ""source_record_id"": ""K009"", ""source_url"": ""https://i.fnri.dost.gov.ph/fct/library/report/4269"", ""value_for_portion"": 99.6, ""value_per_100g"": 99.6}, ""fiber_g_100g"": {""label"": ""Verified"", ""source_name"": ""DOST-FNRI PhilFCT"", ""source_record_id"": ""K009"", ""source_url"": ""https://i.fnri.dost.gov.ph/fct/library/report/4269"", ""value_for_portion"": 0.0, ""value_per_100g"": 0.0}, ""kcal_100g"": {""label"": ""Verified"", ""source_name"": ""DOST-FNRI PhilFCT"", ""source_record_id"": ""K009"", ""source_url"": ""https://i.fnri.dost.gov.ph/fct/library/report/4269"", ""value_for_portion"": 896.0, ""value_per_100g"": 896.0}, ""protein_g_100g"": {""label"": ""Verified"", ""source_name"": ""DOST-FNRI PhilFCT"", ""source_record_id"": ""K009"", ""source_url"": ""https://i.fnri.dost.gov.ph/fct/library/report/4269"", ""value_for_portion"": 0.0, ""value_per_100g"": 0.0}, ""sodium_mg_100g"": {""label"": ""Verified"", ""source_name"": ""DOST-FNRI PhilFCT"", ""source_record_id"": ""K009"", ""source_url"": ""https://i.fnri.dost.gov.ph/fct/library/report/4269"", ""value_for_portion"": 0.0, ""value_per_100g"": 0.0}, ""sugar_g_100g"": {""label"": ""Verified"", ""source_name"": ""DOST-FNRI PhilFCT"", ""source_record_id"": ""K009"", ""source_url"": ""https://i.fnri.dost.gov.ph/fct/library/report/4269"", ""value_for_portion"": 0.0, ""value_per_100g"": 0.0}}"
EST_WORLD_20260918_029_V1,FC001783,"Spices, curry powder",5,ASSUMED_REFERENCE_MIXTURE,325.0,14.29,55.83,14.01,53.2,2.76,52.0,0.0,"{""carbs_g_100g"": {""label"": ""Other source"", ""source_name"": ""USDA FoodData Central SR Legacy"", ""source_record_id"": ""USDA_FC001783_170924"", ""source_url"": ""https://fdc.nal.usda.gov/food-details/170924/nutrients"", ""value_for_portion"": 55.83, ""value_per_100g"": 55.83}, ""cholesterol_mg_100g"": {""label"": ""Other source"", ""source_name"": ""USDA FoodData Central SR Legacy"", ""source_record_id"": ""USDA_FC001783_170924"", ""source_url"": ""https://fdc.nal.usda.gov/food-details/170924/nutrients"", ""value_for_portion"": 0.0, ""value_per_100g"": 0.0}, ""fat_g_100g"": {""label"": ""Other source"", ""source_name"": ""USDA FoodData Central SR Legacy"", ""source_record_id"": ""USDA_FC001783_170924"", ""source_url"": ""https://fdc.nal.usda.gov/food-details/170924/nutrients"", ""value_for_portion"": 14.01, ""value_per_100g"": 14.01}, ""fiber_g_100g"": {""label"": ""Other source"", ""source_name"": ""USDA FoodData Central SR Legacy"", ""source_record_id"": ""USDA_FC001783_170924"", ""source_url"": ""https://fdc.nal.usda.gov/food-details/170924/nutrients"", ""value_for_portion"": 53.2, ""value_per_100g"": 53.2}, ""kcal_100g"": {""label"": ""Other source"", ""source_name"": ""USDA FoodData Central SR Legacy"", ""source_record_id"": ""USDA_FC001783_170924"", ""source_url"": ""https://fdc.nal.usda.gov/food-details/170924/nutrients"", ""value_for_portion"": 325.0, ""value_per_100g"": 325.0}, ""protein_g_100g"": {""label"": ""Other source"", ""source_name"": ""USDA FoodData Central SR Legacy"", ""source_record_id"": ""USDA_FC001783_170924"", ""source_url"": ""https://fdc.nal.usda.gov/food-details/170924/nutrients"", ""value_for_portion"": 14.29, ""value_per_100g"": 14.29}, ""sodium_mg_100g"": {""label"": ""Other source"", ""source_name"": ""USDA FoodData Central SR Legacy"", ""source_record_id"": ""USDA_FC001783_170924"", ""source_url"": ""https://fdc.nal.usda.gov/food-details/170924/nutrients"", ""value_for_portion"": 52.0, ""value_per_100g"": 52.0}, ""sugar_g_100g"": {""label"": ""Other source"", ""source_name"": ""USDA FoodData Central SR Legacy"", ""source_record_id"": ""USDA_FC001783_170924"", ""source_url"": ""https://fdc.nal.usda.gov/food-details/170924/nutrients"", ""value_for_portion"": 2.76, ""value_per_100g"": 2.76}}"
EST_WORLD_20260918_029_V1,FC000070,Garlic bulb,5,ASSUMED_REFERENCE_MIXTURE,129.0,7.0,24.6,0.3,1.7,0.8,10.0,0.0,"{""carbs_g_100g"": {""label"": ""Verified"", ""source_name"": ""DOST-FNRI PhilFCT"", ""source_record_id"": ""D084"", ""source_url"": ""https://i.fnri.dost.gov.ph/fct/library/report/3363"", ""value_for_portion"": 24.6, ""value_per_100g"": 24.6}, ""cholesterol_mg_100g"": {""label"": ""Verified"", ""source_name"": ""DOST-FNRI PhilFCT"", ""source_record_id"": ""D084"", ""source_url"": ""https://i.fnri.dost.gov.ph/fct/library/report/3363"", ""value_for_portion"": 0.0, ""value_per_100g"": 0.0}, ""fat_g_100g"": {""label"": ""Verified"", ""source_name"": ""DOST-FNRI PhilFCT"", ""source_record_id"": ""D084"", ""source_url"": ""https://i.fnri.dost.gov.ph/fct/library/report/3363"", ""value_for_portion"": 0.3, ""value_per_100g"": 0.3}, ""fiber_g_100g"": {""label"": ""Verified"", ""source_name"": ""DOST-FNRI PhilFCT"", ""source_record_id"": ""D084"", ""source_url"": ""https://i.fnri.dost.gov.ph/fct/library/report/3363"", ""value_for_portion"": 1.7, ""value_per_100g"": 1.7}, ""kcal_100g"": {""label"": ""Verified"", ""source_name"": ""DOST-FNRI PhilFCT"", ""source_record_id"": ""D084"", ""source_url"": ""https://i.fnri.dost.gov.ph/fct/library/report/3363"", ""value_for_portion"": 129.0, ""value_per_100g"": 129.0}, ""protein_g_100g"": {""label"": ""Verified"", ""source_name"": ""DOST-FNRI PhilFCT"", ""source_record_id"": ""D084"", ""source_url"": ""https://i.fnri.dost.gov.ph/fct/library/report/3363"", ""value_for_portion"": 7.0, ""value_per_100g"": 7.0}, ""sodium_mg_100g"": {""label"": ""Verified"", ""source_name"": ""DOST-FNRI PhilFCT"", ""source_record_id"": ""D084"", ""source_url"": ""https://i.fnri.dost.gov.ph/fct/library/report/3363"", ""value_for_portion"": 10.0, ""value_per_100g"": 10.0}, ""sugar_g_100g"": {""label"": ""Verified"", ""source_name"": ""DOST-FNRI PhilFCT"", ""source_record_id"": ""D084"", ""source_url"": ""https://i.fnri.dost.gov.ph/fct/library/report/3363"", ""value_for_portion"": 0.8, ""value_per_100g"": 0.8}}"
EST_WORLD_20260918_029_V1,FC001237,"Beverages, water, tap, drinking",65,ASSUMED_REFERENCE_MIXTURE,0.0,0.0,0.0,0.0,0.0,0.0,4.0,0.0,"{""carbs_g_100g"": {""label"": ""Other source"", ""source_name"": ""USDA FoodData Central SR Legacy"", ""source_record_id"": ""USDA_FC001237_173647"", ""source_url"": ""https://fdc.nal.usda.gov/food-details/173647/nutrients"", ""value_for_portion"": 0.0, ""value_per_100g"": 0.0}, ""cholesterol_mg_100g"": {""label"": ""Other source"", ""source_name"": ""USDA FoodData Central SR Legacy"", ""source_record_id"": ""USDA_FC001237_173647"", ""source_url"": ""https://fdc.nal.usda.gov/food-details/173647/nutrients"", ""value_for_portion"": 0.0, ""value_per_100g"": 0.0}, ""fat_g_100g"": {""label"": ""Other source"", ""source_name"": ""USDA FoodData Central SR Legacy"", ""source_record_id"": ""USDA_FC001237_173647"", ""source_url"": ""https://fdc.nal.usda.gov/food-details/173647/nutrients"", ""value_for_portion"": 0.0, ""value_per_100g"": 0.0}, ""fiber_g_100g"": {""label"": ""Other source"", ""source_name"": ""USDA FoodData Central SR Legacy"", ""source_record_id"": ""USDA_FC001237_173647"", ""source_url"": ""https://fdc.nal.usda.gov/food-details/173647/nutrients"", ""value_for_portion"": 0.0, ""value_per_100g"": 0.0}, ""kcal_100g"": {""label"": ""Other source"", ""source_name"": ""USDA FoodData Central SR Legacy"", ""source_record_id"": ""USDA_FC001237_173647"", ""source_url"": ""https://fdc.nal.usda.gov/food-details/173647/nutrients"", ""value_for_portion"": 0.0, ""value_per_100g"": 0.0}, ""protein_g_100g"": {""label"": ""Other source"", ""source_name"": ""USDA FoodData Central SR Legacy"", ""source_record_id"": ""USDA_FC001237_173647"", ""source_url"": ""https://fdc.nal.usda.gov/food-details/173647/nutrients"", ""value_for_portion"": 0.0, ""value_per_100g"": 0.0}, ""sodium_mg_100g"": {""label"": ""Other source"", ""source_name"": ""USDA FoodData Central SR Legacy"", ""source_record_id"": ""USDA_FC001237_173647"", ""source_url"": ""https://fdc.nal.usda.gov/food-details/173647/nutrients"", ""value_for_portion"": 4.0, ""value_per_100g"": 4.0}, ""sugar_g_100g"": {""label"": ""Other source"", ""source_name"": ""USDA FoodData Central SR Legacy"", ""source_record_id"": ""USDA_FC001237_173647"", ""source_url"": ""https://fdc.nal.usda.gov/food-details/173647/nutrients"", ""value_for_portion"": 0.0, ""value_per_100g"": 0.0}}"
EST_WORLD_20260918_029_V1,FC000612,"Salt, coarse",1,ASSUMED_REFERENCE_MIXTURE,0.0,0.0,0.0,0.0,0.0,0.0,34836.0,0.0,"{""carbs_g_100g"": {""label"": ""Verified"", ""source_name"": ""DOST-FNRI PhilFCT"", ""source_record_id"": ""N019"", ""source_url"": ""https://i.fnri.dost.gov.ph/fct/library/report/4342"", ""value_for_portion"": 0.0, ""value_per_100g"": 0.0}, ""cholesterol_mg_100g"": {""label"": ""Verified"", ""source_name"": ""DOST-FNRI PhilFCT"", ""source_record_id"": ""N019"", ""source_url"": ""https://i.fnri.dost.gov.ph/fct/library/report/4342"", ""value_for_portion"": 0.0, ""value_per_100g"": 0.0}, ""fat_g_100g"": {""label"": ""Verified"", ""source_name"": ""DOST-FNRI PhilFCT"", ""source_record_id"": ""N019"", ""source_url"": ""https://i.fnri.dost.gov.ph/fct/library/report/4342"", ""value_for_portion"": 0.0, ""value_per_100g"": 0.0}, ""fiber_g_100g"": {""label"": ""Verified"", ""source_name"": ""DOST-FNRI PhilFCT"", ""source_record_id"": ""N019"", ""source_url"": ""https://i.fnri.dost.gov.ph/fct/library/report/4342"", ""value_for_portion"": 0.0, ""value_per_100g"": 0.0}, ""kcal_100g"": {""label"": ""Verified"", ""source_name"": ""DOST-FNRI PhilFCT"", ""source_record_id"": ""N019"", ""source_url"": ""https://i.fnri.dost.gov.ph/fct/library/report/4342"", ""value_for_portion"": 0.0, ""value_per_100g"": 0.0}, ""protein_g_100g"": {""label"": ""Verified"", ""source_name"": ""DOST-FNRI PhilFCT"", ""source_record_id"": ""N019"", ""source_url"": ""https://i.fnri.dost.gov.ph/fct/library/report/4342"", ""value_for_portion"": 0.0, ""value_per_100g"": 0.0}, ""sodium_mg_100g"": {""label"": ""Verified"", ""source_name"": ""DOST-FNRI PhilFCT"", ""source_record_id"": ""N019"", ""source_url"": ""https://i.fnri.dost.gov.ph/fct/library/report/4342"", ""value_for_portion"": 34836.0, ""value_per_100g"": 34836.0}, ""sugar_g_100g"": {""label"": ""Verified"", ""source_name"": ""DOST-FNRI PhilFCT"", ""source_record_id"": ""N019"", ""source_url"": ""https://i.fnri.dost.gov.ph/fct/library/report/4342"", ""value_for_portion"": 0.0, ""value_per_100g"": 0.0}}"
EST_WORLD_20260918_030_V1,FC000001,"Rice, well-milled, boiled",240,ASSUMED_REFERENCE_MIXTURE,129.0,2.1,29.7,0.2,0.4,0.1,3.0,0.0,"{""carbs_g_100g"": {""label"": ""Verified"", ""source_name"": ""DOST-FNRI PhilFCT"", ""source_record_id"": ""A020"", ""source_url"": ""https://i.fnri.dost.gov.ph/fct/library/report/2982"", ""value_for_portion"": 29.7, ""value_per_100g"": 29.7}, ""cholesterol_mg_100g"": {""label"": ""Verified"", ""source_name"": ""DOST-FNRI PhilFCT"", ""source_record_id"": ""A020"", ""source_url"": ""https://i.fnri.dost.gov.ph/fct/library/report/2982"", ""value_for_portion"": 0.0, ""value_per_100g"": 0.0}, ""fat_g_100g"": {""label"": ""Verified"", ""source_name"": ""DOST-FNRI PhilFCT"", ""source_record_id"": ""A020"", ""source_url"": ""https://i.fnri.dost.gov.ph/fct/library/report/2982"", ""value_for_portion"": 0.2, ""value_per_100g"": 0.2}, ""fiber_g_100g"": {""label"": ""Verified"", ""source_name"": ""DOST-FNRI PhilFCT"", ""source_record_id"": ""A020"", ""source_url"": ""https://i.fnri.dost.gov.ph/fct/library/report/2982"", ""value_for_portion"": 0.4, ""value_per_100g"": 0.4}, ""kcal_100g"": {""label"": ""Verified"", ""source_name"": ""DOST-FNRI PhilFCT"", ""source_record_id"": ""A020"", ""source_url"": ""https://i.fnri.dost.gov.ph/fct/library/report/2982"", ""value_for_portion"": 129.0, ""value_per_100g"": 129.0}, ""protein_g_100g"": {""label"": ""Verified"", ""source_name"": ""DOST-FNRI PhilFCT"", ""source_record_id"": ""A020"", ""source_url"": ""https://i.fnri.dost.gov.ph/fct/library/report/2982"", ""value_for_portion"": 2.1, ""value_per_100g"": 2.1}, ""sodium_mg_100g"": {""label"": ""Verified"", ""source_name"": ""DOST-FNRI PhilFCT"", ""source_record_id"": ""A020"", ""source_url"": ""https://i.fnri.dost.gov.ph/fct/library/report/2982"", ""value_for_portion"": 3.0, ""value_per_100g"": 3.0}, ""sugar_g_100g"": {""label"": ""Verified"", ""source_name"": ""DOST-FNRI PhilFCT"", ""source_record_id"": ""A020"", ""source_url"": ""https://i.fnri.dost.gov.ph/fct/library/report/2982"", ""value_for_portion"": 0.1, ""value_per_100g"": 0.1}}"
EST_WORLD_20260918_030_V1,FC000382,"Chicken, white meat, boiled",130,ASSUMED_REFERENCE_MIXTURE,173.0,32.9,0.0,4.6,0.0,0.0,81.0,,"{""carbs_g_100g"": {""label"": ""Verified"", ""source_name"": ""DOST-FNRI PhilFCT"", ""source_record_id"": ""F111"", ""source_url"": ""https://i.fnri.dost.gov.ph/fct/library/report/3818"", ""value_for_portion"": 0.0, ""value_per_100g"": 0.0}, ""cholesterol_mg_100g"": {""label"": ""Unknown"", ""source_name"": null, ""source_record_id"": null, ""source_url"": null, ""value_for_portion"": null, ""value_per_100g"": null}, ""fat_g_100g"": {""label"": ""Verified"", ""source_name"": ""DOST-FNRI PhilFCT"", ""source_record_id"": ""F111"", ""source_url"": ""https://i.fnri.dost.gov.ph/fct/library/report/3818"", ""value_for_portion"": 4.6, ""value_per_100g"": 4.6}, ""fiber_g_100g"": {""label"": ""Verified"", ""source_name"": ""DOST-FNRI PhilFCT"", ""source_record_id"": ""F111"", ""source_url"": ""https://i.fnri.dost.gov.ph/fct/library/report/3818"", ""value_for_portion"": 0.0, ""value_per_100g"": 0.0}, ""kcal_100g"": {""label"": ""Verified"", ""source_name"": ""DOST-FNRI PhilFCT"", ""source_record_id"": ""F111"", ""source_url"": ""https://i.fnri.dost.gov.ph/fct/library/report/3818"", ""value_for_portion"": 173.0, ""value_per_100g"": 173.0}, ""protein_g_100g"": {""label"": ""Verified"", ""source_name"": ""DOST-FNRI PhilFCT"", ""source_record_id"": ""F111"", ""source_url"": ""https://i.fnri.dost.gov.ph/fct/library/report/3818"", ""value_for_portion"": 32.9, ""value_per_100g"": 32.9}, ""sodium_mg_100g"": {""label"": ""Verified"", ""source_name"": ""DOST-FNRI PhilFCT"", ""source_record_id"": ""F111"", ""source_url"": ""https://i.fnri.dost.gov.ph/fct/library/report/3818"", ""value_for_portion"": 81.0, ""value_per_100g"": 81.0}, ""sugar_g_100g"": {""label"": ""Verified"", ""source_name"": ""DOST-FNRI PhilFCT"", ""source_record_id"": ""F111"", ""source_url"": ""https://i.fnri.dost.gov.ph/fct/library/report/3818"", ""value_for_portion"": 0.0, ""value_per_100g"": 0.0}}"
EST_WORLD_20260918_030_V1,FC000333,"Onion, Bombay bulb, boiled",45,ASSUMED_REFERENCE_MIXTURE,47.0,1.2,9.7,0.4,1.3,4.6,3.0,0.0,"{""carbs_g_100g"": {""label"": ""Verified"", ""source_name"": ""DOST-FNRI PhilFCT"", ""source_record_id"": ""D142"", ""source_url"": ""https://i.fnri.dost.gov.ph/fct/library/report/3421"", ""value_for_portion"": 9.7, ""value_per_100g"": 9.7}, ""cholesterol_mg_100g"": {""label"": ""Verified"", ""source_name"": ""DOST-FNRI PhilFCT"", ""source_record_id"": ""D142"", ""source_url"": ""https://i.fnri.dost.gov.ph/fct/library/report/3421"", ""value_for_portion"": 0.0, ""value_per_100g"": 0.0}, ""fat_g_100g"": {""label"": ""Verified"", ""source_name"": ""DOST-FNRI PhilFCT"", ""source_record_id"": ""D142"", ""source_url"": ""https://i.fnri.dost.gov.ph/fct/library/report/3421"", ""value_for_portion"": 0.4, ""value_per_100g"": 0.4}, ""fiber_g_100g"": {""label"": ""Verified"", ""source_name"": ""DOST-FNRI PhilFCT"", ""source_record_id"": ""D142"", ""source_url"": ""https://i.fnri.dost.gov.ph/fct/library/report/3421"", ""value_for_portion"": 1.3, ""value_per_100g"": 1.3}, ""kcal_100g"": {""label"": ""Verified"", ""source_name"": ""DOST-FNRI PhilFCT"", ""source_record_id"": ""D142"", ""source_url"": ""https://i.fnri.dost.gov.ph/fct/library/report/3421"", ""value_for_portion"": 47.0, ""value_per_100g"": 47.0}, ""protein_g_100g"": {""label"": ""Verified"", ""source_name"": ""DOST-FNRI PhilFCT"", ""source_record_id"": ""D142"", ""source_url"": ""https://i.fnri.dost.gov.ph/fct/library/report/3421"", ""value_for_portion"": 1.2, ""value_per_100g"": 1.2}, ""sodium_mg_100g"": {""label"": ""Verified"", ""source_name"": ""DOST-FNRI PhilFCT"", ""source_record_id"": ""D142"", ""source_url"": ""https://i.fnri.dost.gov.ph/fct/library/report/3421"", ""value_for_portion"": 3.0, ""value_per_100g"": 3.0}, ""sugar_g_100g"": {""label"": ""Verified"", ""source_name"": ""DOST-FNRI PhilFCT"", ""source_record_id"": ""D142"", ""source_url"": ""https://i.fnri.dost.gov.ph/fct/library/report/3421"", ""value_for_portion"": 4.6, ""value_per_100g"": 4.6}}"
EST_WORLD_20260918_030_V1,FC000061,Tomato,30,ASSUMED_REFERENCE_MIXTURE,25.0,0.8,5.2,0.1,0.3,3.7,11.0,0.0,"{""carbs_g_100g"": {""label"": ""Verified"", ""source_name"": ""DOST-FNRI PhilFCT"", ""source_record_id"": ""D257"", ""source_url"": ""https://i.fnri.dost.gov.ph/fct/library/report/3536"", ""value_for_portion"": 5.2, ""value_per_100g"": 5.2}, ""cholesterol_mg_100g"": {""label"": ""Verified"", ""source_name"": ""DOST-FNRI PhilFCT"", ""source_record_id"": ""D257"", ""source_url"": ""https://i.fnri.dost.gov.ph/fct/library/report/3536"", ""value_for_portion"": 0.0, ""value_per_100g"": 0.0}, ""fat_g_100g"": {""label"": ""Verified"", ""source_name"": ""DOST-FNRI PhilFCT"", ""source_record_id"": ""D257"", ""source_url"": ""https://i.fnri.dost.gov.ph/fct/library/report/3536"", ""value_for_portion"": 0.1, ""value_per_100g"": 0.1}, ""fiber_g_100g"": {""label"": ""Verified"", ""source_name"": ""DOST-FNRI PhilFCT"", ""source_record_id"": ""D257"", ""source_url"": ""https://i.fnri.dost.gov.ph/fct/library/report/3536"", ""value_for_portion"": 0.3, ""value_per_100g"": 0.3}, ""kcal_100g"": {""label"": ""Verified"", ""source_name"": ""DOST-FNRI PhilFCT"", ""source_record_id"": ""D257"", ""source_url"": ""https://i.fnri.dost.gov.ph/fct/library/report/3536"", ""value_for_portion"": 25.0, ""value_per_100g"": 25.0}, ""protein_g_100g"": {""label"": ""Verified"", ""source_name"": ""DOST-FNRI PhilFCT"", ""source_record_id"": ""D257"", ""source_url"": ""https://i.fnri.dost.gov.ph/fct/library/report/3536"", ""value_for_portion"": 0.8, ""value_per_100g"": 0.8}, ""sodium_mg_100g"": {""label"": ""Verified"", ""source_name"": ""DOST-FNRI PhilFCT"", ""source_record_id"": ""D257"", ""source_url"": ""https://i.fnri.dost.gov.ph/fct/library/report/3536"", ""value_for_portion"": 11.0, ""value_per_100g"": 11.0}, ""sugar_g_100g"": {""label"": ""Verified"", ""source_name"": ""DOST-FNRI PhilFCT"", ""source_record_id"": ""D257"", ""source_url"": ""https://i.fnri.dost.gov.ph/fct/library/report/3536"", ""value_for_portion"": 3.7, ""value_per_100g"": 3.7}}"
EST_WORLD_20260918_030_V1,FC000096,Butter,15,ASSUMED_REFERENCE_MIXTURE,772.0,0.5,0.0,85.5,0.0,0.0,550.0,227.0,"{""carbs_g_100g"": {""label"": ""Verified"", ""source_name"": ""DOST-FNRI PhilFCT"", ""source_record_id"": ""K001"", ""source_url"": ""https://i.fnri.dost.gov.ph/fct/library/report/4261"", ""value_for_portion"": 0.0, ""value_per_100g"": 0.0}, ""cholesterol_mg_100g"": {""label"": ""Verified"", ""source_name"": ""DOST-FNRI PhilFCT"", ""source_record_id"": ""K001"", ""source_url"": ""https://i.fnri.dost.gov.ph/fct/library/report/4261"", ""value_for_portion"": 227.0, ""value_per_100g"": 227.0}, ""fat_g_100g"": {""label"": ""Verified"", ""source_name"": ""DOST-FNRI PhilFCT"", ""source_record_id"": ""K001"", ""source_url"": ""https://i.fnri.dost.gov.ph/fct/library/report/4261"", ""value_for_portion"": 85.5, ""value_per_100g"": 85.5}, ""fiber_g_100g"": {""label"": ""Verified"", ""source_name"": ""DOST-FNRI PhilFCT"", ""source_record_id"": ""K001"", ""source_url"": ""https://i.fnri.dost.gov.ph/fct/library/report/4261"", ""value_for_portion"": 0.0, ""value_per_100g"": 0.0}, ""kcal_100g"": {""label"": ""Verified"", ""source_name"": ""DOST-FNRI PhilFCT"", ""source_record_id"": ""K001"", ""source_url"": ""https://i.fnri.dost.gov.ph/fct/library/report/4261"", ""value_for_portion"": 772.0, ""value_per_100g"": 772.0}, ""protein_g_100g"": {""label"": ""Verified"", ""source_name"": ""DOST-FNRI PhilFCT"", ""source_record_id"": ""K001"", ""source_url"": ""https://i.fnri.dost.gov.ph/fct/library/report/4261"", ""value_for_portion"": 0.5, ""value_per_100g"": 0.5}, ""sodium_mg_100g"": {""label"": ""Verified"", ""source_name"": ""DOST-FNRI PhilFCT"", ""source_record_id"": ""K001"", ""source_url"": ""https://i.fnri.dost.gov.ph/fct/library/report/4261"", ""value_for_portion"": 550.0, ""value_per_100g"": 550.0}, ""sugar_g_100g"": {""label"": ""Verified"", ""source_name"": ""DOST-FNRI PhilFCT"", ""source_record_id"": ""K001"", ""source_url"": ""https://i.fnri.dost.gov.ph/fct/library/report/4261"", ""value_for_portion"": 0.0, ""value_per_100g"": 0.0}}"
EST_WORLD_20260918_030_V1,FC001783,"Spices, curry powder",5,ASSUMED_REFERENCE_MIXTURE,325.0,14.29,55.83,14.01,53.2,2.76,52.0,0.0,"{""carbs_g_100g"": {""label"": ""Other source"", ""source_name"": ""USDA FoodData Central SR Legacy"", ""source_record_id"": ""USDA_FC001783_170924"", ""source_url"": ""https://fdc.nal.usda.gov/food-details/170924/nutrients"", ""value_for_portion"": 55.83, ""value_per_100g"": 55.83}, ""cholesterol_mg_100g"": {""label"": ""Other source"", ""source_name"": ""USDA FoodData Central SR Legacy"", ""source_record_id"": ""USDA_FC001783_170924"", ""source_url"": ""https://fdc.nal.usda.gov/food-details/170924/nutrients"", ""value_for_portion"": 0.0, ""value_per_100g"": 0.0}, ""fat_g_100g"": {""label"": ""Other source"", ""source_name"": ""USDA FoodData Central SR Legacy"", ""source_record_id"": ""USDA_FC001783_170924"", ""source_url"": ""https://fdc.nal.usda.gov/food-details/170924/nutrients"", ""value_for_portion"": 14.01, ""value_per_100g"": 14.01}, ""fiber_g_100g"": {""label"": ""Other source"", ""source_name"": ""USDA FoodData Central SR Legacy"", ""source_record_id"": ""USDA_FC001783_170924"", ""source_url"": ""https://fdc.nal.usda.gov/food-details/170924/nutrients"", ""value_for_portion"": 53.2, ""value_per_100g"": 53.2}, ""kcal_100g"": {""label"": ""Other source"", ""source_name"": ""USDA FoodData Central SR Legacy"", ""source_record_id"": ""USDA_FC001783_170924"", ""source_url"": ""https://fdc.nal.usda.gov/food-details/170924/nutrients"", ""value_for_portion"": 325.0, ""value_per_100g"": 325.0}, ""protein_g_100g"": {""label"": ""Other source"", ""source_name"": ""USDA FoodData Central SR Legacy"", ""source_record_id"": ""USDA_FC001783_170924"", ""source_url"": ""https://fdc.nal.usda.gov/food-details/170924/nutrients"", ""value_for_portion"": 14.29, ""value_per_100g"": 14.29}, ""sodium_mg_100g"": {""label"": ""Other source"", ""source_name"": ""USDA FoodData Central SR Legacy"", ""source_record_id"": ""USDA_FC001783_170924"", ""source_url"": ""https://fdc.nal.usda.gov/food-details/170924/nutrients"", ""value_for_portion"": 52.0, ""value_per_100g"": 52.0}, ""sugar_g_100g"": {""label"": ""Other source"", ""source_name"": ""USDA FoodData Central SR Legacy"", ""source_record_id"": ""USDA_FC001783_170924"", ""source_url"": ""https://fdc.nal.usda.gov/food-details/170924/nutrients"", ""value_for_portion"": 2.76, ""value_per_100g"": 2.76}}"
EST_WORLD_20260918_030_V1,FC000612,"Salt, coarse",1,ASSUMED_REFERENCE_MIXTURE,0.0,0.0,0.0,0.0,0.0,0.0,34836.0,0.0,"{""carbs_g_100g"": {""label"": ""Verified"", ""source_name"": ""DOST-FNRI PhilFCT"", ""source_record_id"": ""N019"", ""source_url"": ""https://i.fnri.dost.gov.ph/fct/library/report/4342"", ""value_for_portion"": 0.0, ""value_per_100g"": 0.0}, ""cholesterol_mg_100g"": {""label"": ""Verified"", ""source_name"": ""DOST-FNRI PhilFCT"", ""source_record_id"": ""N019"", ""source_url"": ""https://i.fnri.dost.gov.ph/fct/library/report/4342"", ""value_for_portion"": 0.0, ""value_per_100g"": 0.0}, ""fat_g_100g"": {""label"": ""Verified"", ""source_name"": ""DOST-FNRI PhilFCT"", ""source_record_id"": ""N019"", ""source_url"": ""https://i.fnri.dost.gov.ph/fct/library/report/4342"", ""value_for_portion"": 0.0, ""value_per_100g"": 0.0}, ""fiber_g_100g"": {""label"": ""Verified"", ""source_name"": ""DOST-FNRI PhilFCT"", ""source_record_id"": ""N019"", ""source_url"": ""https://i.fnri.dost.gov.ph/fct/library/report/4342"", ""value_for_portion"": 0.0, ""value_per_100g"": 0.0}, ""kcal_100g"": {""label"": ""Verified"", ""source_name"": ""DOST-FNRI PhilFCT"", ""source_record_id"": ""N019"", ""source_url"": ""https://i.fnri.dost.gov.ph/fct/library/report/4342"", ""value_for_portion"": 0.0, ""value_per_100g"": 0.0}, ""protein_g_100g"": {""label"": ""Verified"", ""source_name"": ""DOST-FNRI PhilFCT"", ""source_record_id"": ""N019"", ""source_url"": ""https://i.fnri.dost.gov.ph/fct/library/report/4342"", ""value_for_portion"": 0.0, ""value_per_100g"": 0.0}, ""sodium_mg_100g"": {""label"": ""Verified"", ""source_name"": ""DOST-FNRI PhilFCT"", ""source_record_id"": ""N019"", ""source_url"": ""https://i.fnri.dost.gov.ph/fct/library/report/4342"", ""value_for_portion"": 34836.0, ""value_per_100g"": 34836.0}, ""sugar_g_100g"": {""label"": ""Verified"", ""source_name"": ""DOST-FNRI PhilFCT"", ""source_record_id"": ""N019"", ""source_url"": ""https://i.fnri.dost.gov.ph/fct/library/report/4342"", ""value_for_portion"": 0.0, ""value_per_100g"": 0.0}}"
EST_WORLD_20260918_031_V1,FC000382,"Chicken, white meat, boiled",180,ASSUMED_REFERENCE_MIXTURE,173.0,32.9,0.0,4.6,0.0,0.0,81.0,,"{""carbs_g_100g"": {""label"": ""Verified"", ""source_name"": ""DOST-FNRI PhilFCT"", ""source_record_id"": ""F111"", ""source_url"": ""https://i.fnri.dost.gov.ph/fct/library/report/3818"", ""value_for_portion"": 0.0, ""value_per_100g"": 0.0}, ""cholesterol_mg_100g"": {""label"": ""Unknown"", ""source_name"": null, ""source_record_id"": null, ""source_url"": null, ""value_for_portion"": null, ""value_per_100g"": null}, ""fat_g_100g"": {""label"": ""Verified"", ""source_name"": ""DOST-FNRI PhilFCT"", ""source_record_id"": ""F111"", ""source_url"": ""https://i.fnri.dost.gov.ph/fct/library/report/3818"", ""value_for_portion"": 4.6, ""value_per_100g"": 4.6}, ""fiber_g_100g"": {""label"": ""Verified"", ""source_name"": ""DOST-FNRI PhilFCT"", ""source_record_id"": ""F111"", ""source_url"": ""https://i.fnri.dost.gov.ph/fct/library/report/3818"", ""value_for_portion"": 0.0, ""value_per_100g"": 0.0}, ""kcal_100g"": {""label"": ""Verified"", ""source_name"": ""DOST-FNRI PhilFCT"", ""source_record_id"": ""F111"", ""source_url"": ""https://i.fnri.dost.gov.ph/fct/library/report/3818"", ""value_for_portion"": 173.0, ""value_per_100g"": 173.0}, ""protein_g_100g"": {""label"": ""Verified"", ""source_name"": ""DOST-FNRI PhilFCT"", ""source_record_id"": ""F111"", ""source_url"": ""https://i.fnri.dost.gov.ph/fct/library/report/3818"", ""value_for_portion"": 32.9, ""value_per_100g"": 32.9}, ""sodium_mg_100g"": {""label"": ""Verified"", ""source_name"": ""DOST-FNRI PhilFCT"", ""source_record_id"": ""F111"", ""source_url"": ""https://i.fnri.dost.gov.ph/fct/library/report/3818"", ""value_for_portion"": 81.0, ""value_per_100g"": 81.0}, ""sugar_g_100g"": {""label"": ""Verified"", ""source_name"": ""DOST-FNRI PhilFCT"", ""source_record_id"": ""F111"", ""source_url"": ""https://i.fnri.dost.gov.ph/fct/library/report/3818"", ""value_for_portion"": 0.0, ""value_per_100g"": 0.0}}"
EST_WORLD_20260918_031_V1,FC000642,"Oil, corn",12,ASSUMED_REFERENCE_MIXTURE,896.0,0.0,0.0,99.6,0.0,0.0,0.0,0.0,"{""carbs_g_100g"": {""label"": ""Verified"", ""source_name"": ""DOST-FNRI PhilFCT"", ""source_record_id"": ""K009"", ""source_url"": ""https://i.fnri.dost.gov.ph/fct/library/report/4269"", ""value_for_portion"": 0.0, ""value_per_100g"": 0.0}, ""cholesterol_mg_100g"": {""label"": ""Verified"", ""source_name"": ""DOST-FNRI PhilFCT"", ""source_record_id"": ""K009"", ""source_url"": ""https://i.fnri.dost.gov.ph/fct/library/report/4269"", ""value_for_portion"": 0.0, ""value_per_100g"": 0.0}, ""fat_g_100g"": {""label"": ""Verified"", ""source_name"": ""DOST-FNRI PhilFCT"", ""source_record_id"": ""K009"", ""source_url"": ""https://i.fnri.dost.gov.ph/fct/library/report/4269"", ""value_for_portion"": 99.6, ""value_per_100g"": 99.6}, ""fiber_g_100g"": {""label"": ""Verified"", ""source_name"": ""DOST-FNRI PhilFCT"", ""source_record_id"": ""K009"", ""source_url"": ""https://i.fnri.dost.gov.ph/fct/library/report/4269"", ""value_for_portion"": 0.0, ""value_per_100g"": 0.0}, ""kcal_100g"": {""label"": ""Verified"", ""source_name"": ""DOST-FNRI PhilFCT"", ""source_record_id"": ""K009"", ""source_url"": ""https://i.fnri.dost.gov.ph/fct/library/report/4269"", ""value_for_portion"": 896.0, ""value_per_100g"": 896.0}, ""protein_g_100g"": {""label"": ""Verified"", ""source_name"": ""DOST-FNRI PhilFCT"", ""source_record_id"": ""K009"", ""source_url"": ""https://i.fnri.dost.gov.ph/fct/library/report/4269"", ""value_for_portion"": 0.0, ""value_per_100g"": 0.0}, ""sodium_mg_100g"": {""label"": ""Verified"", ""source_name"": ""DOST-FNRI PhilFCT"", ""source_record_id"": ""K009"", ""source_url"": ""https://i.fnri.dost.gov.ph/fct/library/report/4269"", ""value_for_portion"": 0.0, ""value_per_100g"": 0.0}, ""sugar_g_100g"": {""label"": ""Verified"", ""source_name"": ""DOST-FNRI PhilFCT"", ""source_record_id"": ""K009"", ""source_url"": ""https://i.fnri.dost.gov.ph/fct/library/report/4269"", ""value_for_portion"": 0.0, ""value_per_100g"": 0.0}}"
EST_WORLD_20260918_031_V1,FC000070,Garlic bulb,5,ASSUMED_REFERENCE_MIXTURE,129.0,7.0,24.6,0.3,1.7,0.8,10.0,0.0,"{""carbs_g_100g"": {""label"": ""Verified"", ""source_name"": ""DOST-FNRI PhilFCT"", ""source_record_id"": ""D084"", ""source_url"": ""https://i.fnri.dost.gov.ph/fct/library/report/3363"", ""value_for_portion"": 24.6, ""value_per_100g"": 24.6}, ""cholesterol_mg_100g"": {""label"": ""Verified"", ""source_name"": ""DOST-FNRI PhilFCT"", ""source_record_id"": ""D084"", ""source_url"": ""https://i.fnri.dost.gov.ph/fct/library/report/3363"", ""value_for_portion"": 0.0, ""value_per_100g"": 0.0}, ""fat_g_100g"": {""label"": ""Verified"", ""source_name"": ""DOST-FNRI PhilFCT"", ""source_record_id"": ""D084"", ""source_url"": ""https://i.fnri.dost.gov.ph/fct/library/report/3363"", ""value_for_portion"": 0.3, ""value_per_100g"": 0.3}, ""fiber_g_100g"": {""label"": ""Verified"", ""source_name"": ""DOST-FNRI PhilFCT"", ""source_record_id"": ""D084"", ""source_url"": ""https://i.fnri.dost.gov.ph/fct/library/report/3363"", ""value_for_portion"": 1.7, ""value_per_100g"": 1.7}, ""kcal_100g"": {""label"": ""Verified"", ""source_name"": ""DOST-FNRI PhilFCT"", ""source_record_id"": ""D084"", ""source_url"": ""https://i.fnri.dost.gov.ph/fct/library/report/3363"", ""value_for_portion"": 129.0, ""value_per_100g"": 129.0}, ""protein_g_100g"": {""label"": ""Verified"", ""source_name"": ""DOST-FNRI PhilFCT"", ""source_record_id"": ""D084"", ""source_url"": ""https://i.fnri.dost.gov.ph/fct/library/report/3363"", ""value_for_portion"": 7.0, ""value_per_100g"": 7.0}, ""sodium_mg_100g"": {""label"": ""Verified"", ""source_name"": ""DOST-FNRI PhilFCT"", ""source_record_id"": ""D084"", ""source_url"": ""https://i.fnri.dost.gov.ph/fct/library/report/3363"", ""value_for_portion"": 10.0, ""value_per_100g"": 10.0}, ""sugar_g_100g"": {""label"": ""Verified"", ""source_name"": ""DOST-FNRI PhilFCT"", ""source_record_id"": ""D084"", ""source_url"": ""https://i.fnri.dost.gov.ph/fct/library/report/3363"", ""value_for_portion"": 0.8, ""value_per_100g"": 0.8}}"
EST_WORLD_20260918_031_V1,FC001783,"Spices, curry powder",3,ASSUMED_REFERENCE_MIXTURE,325.0,14.29,55.83,14.01,53.2,2.76,52.0,0.0,"{""carbs_g_100g"": {""label"": ""Other source"", ""source_name"": ""USDA FoodData Central SR Legacy"", ""source_record_id"": ""USDA_FC001783_170924"", ""source_url"": ""https://fdc.nal.usda.gov/food-details/170924/nutrients"", ""value_for_portion"": 55.83, ""value_per_100g"": 55.83}, ""cholesterol_mg_100g"": {""label"": ""Other source"", ""source_name"": ""USDA FoodData Central SR Legacy"", ""source_record_id"": ""USDA_FC001783_170924"", ""source_url"": ""https://fdc.nal.usda.gov/food-details/170924/nutrients"", ""value_for_portion"": 0.0, ""value_per_100g"": 0.0}, ""fat_g_100g"": {""label"": ""Other source"", ""source_name"": ""USDA FoodData Central SR Legacy"", ""source_record_id"": ""USDA_FC001783_170924"", ""source_url"": ""https://fdc.nal.usda.gov/food-details/170924/nutrients"", ""value_for_portion"": 14.01, ""value_per_100g"": 14.01}, ""fiber_g_100g"": {""label"": ""Other source"", ""source_name"": ""USDA FoodData Central SR Legacy"", ""source_record_id"": ""USDA_FC001783_170924"", ""source_url"": ""https://fdc.nal.usda.gov/food-details/170924/nutrients"", ""value_for_portion"": 53.2, ""value_per_100g"": 53.2}, ""kcal_100g"": {""label"": ""Other source"", ""source_name"": ""USDA FoodData Central SR Legacy"", ""source_record_id"": ""USDA_FC001783_170924"", ""source_url"": ""https://fdc.nal.usda.gov/food-details/170924/nutrients"", ""value_for_portion"": 325.0, ""value_per_100g"": 325.0}, ""protein_g_100g"": {""label"": ""Other source"", ""source_name"": ""USDA FoodData Central SR Legacy"", ""source_record_id"": ""USDA_FC001783_170924"", ""source_url"": ""https://fdc.nal.usda.gov/food-details/170924/nutrients"", ""value_for_portion"": 14.29, ""value_per_100g"": 14.29}, ""sodium_mg_100g"": {""label"": ""Other source"", ""source_name"": ""USDA FoodData Central SR Legacy"", ""source_record_id"": ""USDA_FC001783_170924"", ""source_url"": ""https://fdc.nal.usda.gov/food-details/170924/nutrients"", ""value_for_portion"": 52.0, ""value_per_100g"": 52.0}, ""sugar_g_100g"": {""label"": ""Other source"", ""source_name"": ""USDA FoodData Central SR Legacy"", ""source_record_id"": ""USDA_FC001783_170924"", ""source_url"": ""https://fdc.nal.usda.gov/food-details/170924/nutrients"", ""value_for_portion"": 2.76, ""value_per_100g"": 2.76}}"
EST_WORLD_20260918_031_V1,FC000612,"Salt, coarse",1,ASSUMED_REFERENCE_MIXTURE,0.0,0.0,0.0,0.0,0.0,0.0,34836.0,0.0,"{""carbs_g_100g"": {""label"": ""Verified"", ""source_name"": ""DOST-FNRI PhilFCT"", ""source_record_id"": ""N019"", ""source_url"": ""https://i.fnri.dost.gov.ph/fct/library/report/4342"", ""value_for_portion"": 0.0, ""value_per_100g"": 0.0}, ""cholesterol_mg_100g"": {""label"": ""Verified"", ""source_name"": ""DOST-FNRI PhilFCT"", ""source_record_id"": ""N019"", ""source_url"": ""https://i.fnri.dost.gov.ph/fct/library/report/4342"", ""value_for_portion"": 0.0, ""value_per_100g"": 0.0}, ""fat_g_100g"": {""label"": ""Verified"", ""source_name"": ""DOST-FNRI PhilFCT"", ""source_record_id"": ""N019"", ""source_url"": ""https://i.fnri.dost.gov.ph/fct/library/report/4342"", ""value_for_portion"": 0.0, ""value_per_100g"": 0.0}, ""fiber_g_100g"": {""label"": ""Verified"", ""source_name"": ""DOST-FNRI PhilFCT"", ""source_record_id"": ""N019"", ""source_url"": ""https://i.fnri.dost.gov.ph/fct/library/report/4342"", ""value_for_portion"": 0.0, ""value_per_100g"": 0.0}, ""kcal_100g"": {""label"": ""Verified"", ""source_name"": ""DOST-FNRI PhilFCT"", ""source_record_id"": ""N019"", ""source_url"": ""https://i.fnri.dost.gov.ph/fct/library/report/4342"", ""value_for_portion"": 0.0, ""value_per_100g"": 0.0}, ""protein_g_100g"": {""label"": ""Verified"", ""source_name"": ""DOST-FNRI PhilFCT"", ""source_record_id"": ""N019"", ""source_url"": ""https://i.fnri.dost.gov.ph/fct/library/report/4342"", ""value_for_portion"": 0.0, ""value_per_100g"": 0.0}, ""sodium_mg_100g"": {""label"": ""Verified"", ""source_name"": ""DOST-FNRI PhilFCT"", ""source_record_id"": ""N019"", ""source_url"": ""https://i.fnri.dost.gov.ph/fct/library/report/4342"", ""value_for_portion"": 34836.0, ""value_per_100g"": 34836.0}, ""sugar_g_100g"": {""label"": ""Verified"", ""source_name"": ""DOST-FNRI PhilFCT"", ""source_record_id"": ""N019"", ""source_url"": ""https://i.fnri.dost.gov.ph/fct/library/report/4342"", ""value_for_portion"": 0.0, ""value_per_100g"": 0.0}}"
EST_WORLD_20260918_032_V1,FC000382,"Chicken, white meat, boiled",180,ASSUMED_REFERENCE_MIXTURE,173.0,32.9,0.0,4.6,0.0,0.0,81.0,,"{""carbs_g_100g"": {""label"": ""Verified"", ""source_name"": ""DOST-FNRI PhilFCT"", ""source_record_id"": ""F111"", ""source_url"": ""https://i.fnri.dost.gov.ph/fct/library/report/3818"", ""value_for_portion"": 0.0, ""value_per_100g"": 0.0}, ""cholesterol_mg_100g"": {""label"": ""Unknown"", ""source_name"": null, ""source_record_id"": null, ""source_url"": null, ""value_for_portion"": null, ""value_per_100g"": null}, ""fat_g_100g"": {""label"": ""Verified"", ""source_name"": ""DOST-FNRI PhilFCT"", ""source_record_id"": ""F111"", ""source_url"": ""https://i.fnri.dost.gov.ph/fct/library/report/3818"", ""value_for_portion"": 4.6, ""value_per_100g"": 4.6}, ""fiber_g_100g"": {""label"": ""Verified"", ""source_name"": ""DOST-FNRI PhilFCT"", ""source_record_id"": ""F111"", ""source_url"": ""https://i.fnri.dost.gov.ph/fct/library/report/3818"", ""value_for_portion"": 0.0, ""value_per_100g"": 0.0}, ""kcal_100g"": {""label"": ""Verified"", ""source_name"": ""DOST-FNRI PhilFCT"", ""source_record_id"": ""F111"", ""source_url"": ""https://i.fnri.dost.gov.ph/fct/library/report/3818"", ""value_for_portion"": 173.0, ""value_per_100g"": 173.0}, ""protein_g_100g"": {""label"": ""Verified"", ""source_name"": ""DOST-FNRI PhilFCT"", ""source_record_id"": ""F111"", ""source_url"": ""https://i.fnri.dost.gov.ph/fct/library/report/3818"", ""value_for_portion"": 32.9, ""value_per_100g"": 32.9}, ""sodium_mg_100g"": {""label"": ""Verified"", ""source_name"": ""DOST-FNRI PhilFCT"", ""source_record_id"": ""F111"", ""source_url"": ""https://i.fnri.dost.gov.ph/fct/library/report/3818"", ""value_for_portion"": 81.0, ""value_per_100g"": 81.0}, ""sugar_g_100g"": {""label"": ""Verified"", ""source_name"": ""DOST-FNRI PhilFCT"", ""source_record_id"": ""F111"", ""source_url"": ""https://i.fnri.dost.gov.ph/fct/library/report/3818"", ""value_for_portion"": 0.0, ""value_per_100g"": 0.0}}"
EST_WORLD_20260918_032_V1,FC000333,"Onion, Bombay bulb, boiled",30,ASSUMED_REFERENCE_MIXTURE,47.0,1.2,9.7,0.4,1.3,4.6,3.0,0.0,"{""carbs_g_100g"": {""label"": ""Verified"", ""source_name"": ""DOST-FNRI PhilFCT"", ""source_record_id"": ""D142"", ""source_url"": ""https://i.fnri.dost.gov.ph/fct/library/report/3421"", ""value_for_portion"": 9.7, ""value_per_100g"": 9.7}, ""cholesterol_mg_100g"": {""label"": ""Verified"", ""source_name"": ""DOST-FNRI PhilFCT"", ""source_record_id"": ""D142"", ""source_url"": ""https://i.fnri.dost.gov.ph/fct/library/report/3421"", ""value_for_portion"": 0.0, ""value_per_100g"": 0.0}, ""fat_g_100g"": {""label"": ""Verified"", ""source_name"": ""DOST-FNRI PhilFCT"", ""source_record_id"": ""D142"", ""source_url"": ""https://i.fnri.dost.gov.ph/fct/library/report/3421"", ""value_for_portion"": 0.4, ""value_per_100g"": 0.4}, ""fiber_g_100g"": {""label"": ""Verified"", ""source_name"": ""DOST-FNRI PhilFCT"", ""source_record_id"": ""D142"", ""source_url"": ""https://i.fnri.dost.gov.ph/fct/library/report/3421"", ""value_for_portion"": 1.3, ""value_per_100g"": 1.3}, ""kcal_100g"": {""label"": ""Verified"", ""source_name"": ""DOST-FNRI PhilFCT"", ""source_record_id"": ""D142"", ""source_url"": ""https://i.fnri.dost.gov.ph/fct/library/report/3421"", ""value_for_portion"": 47.0, ""value_per_100g"": 47.0}, ""protein_g_100g"": {""label"": ""Verified"", ""source_name"": ""DOST-FNRI PhilFCT"", ""source_record_id"": ""D142"", ""source_url"": ""https://i.fnri.dost.gov.ph/fct/library/report/3421"", ""value_for_portion"": 1.2, ""value_per_100g"": 1.2}, ""sodium_mg_100g"": {""label"": ""Verified"", ""source_name"": ""DOST-FNRI PhilFCT"", ""source_record_id"": ""D142"", ""source_url"": ""https://i.fnri.dost.gov.ph/fct/library/report/3421"", ""value_for_portion"": 3.0, ""value_per_100g"": 3.0}, ""sugar_g_100g"": {""label"": ""Verified"", ""source_name"": ""DOST-FNRI PhilFCT"", ""source_record_id"": ""D142"", ""source_url"": ""https://i.fnri.dost.gov.ph/fct/library/report/3421"", ""value_for_portion"": 4.6, ""value_per_100g"": 4.6}}"
EST_WORLD_20260918_032_V1,FC000070,Garlic bulb,5,ASSUMED_REFERENCE_MIXTURE,129.0,7.0,24.6,0.3,1.7,0.8,10.0,0.0,"{""carbs_g_100g"": {""label"": ""Verified"", ""source_name"": ""DOST-FNRI PhilFCT"", ""source_record_id"": ""D084"", ""source_url"": ""https://i.fnri.dost.gov.ph/fct/library/report/3363"", ""value_for_portion"": 24.6, ""value_per_100g"": 24.6}, ""cholesterol_mg_100g"": {""label"": ""Verified"", ""source_name"": ""DOST-FNRI PhilFCT"", ""source_record_id"": ""D084"", ""source_url"": ""https://i.fnri.dost.gov.ph/fct/library/report/3363"", ""value_for_portion"": 0.0, ""value_per_100g"": 0.0}, ""fat_g_100g"": {""label"": ""Verified"", ""source_name"": ""DOST-FNRI PhilFCT"", ""source_record_id"": ""D084"", ""source_url"": ""https://i.fnri.dost.gov.ph/fct/library/report/3363"", ""value_for_portion"": 0.3, ""value_per_100g"": 0.3}, ""fiber_g_100g"": {""label"": ""Verified"", ""source_name"": ""DOST-FNRI PhilFCT"", ""source_record_id"": ""D084"", ""source_url"": ""https://i.fnri.dost.gov.ph/fct/library/report/3363"", ""value_for_portion"": 1.7, ""value_per_100g"": 1.7}, ""kcal_100g"": {""label"": ""Verified"", ""source_name"": ""DOST-FNRI PhilFCT"", ""source_record_id"": ""D084"", ""source_url"": ""https://i.fnri.dost.gov.ph/fct/library/report/3363"", ""value_for_portion"": 129.0, ""value_per_100g"": 129.0}, ""protein_g_100g"": {""label"": ""Verified"", ""source_name"": ""DOST-FNRI PhilFCT"", ""source_record_id"": ""D084"", ""source_url"": ""https://i.fnri.dost.gov.ph/fct/library/report/3363"", ""value_for_portion"": 7.0, ""value_per_100g"": 7.0}, ""sodium_mg_100g"": {""label"": ""Verified"", ""source_name"": ""DOST-FNRI PhilFCT"", ""source_record_id"": ""D084"", ""source_url"": ""https://i.fnri.dost.gov.ph/fct/library/report/3363"", ""value_for_portion"": 10.0, ""value_per_100g"": 10.0}, ""sugar_g_100g"": {""label"": ""Verified"", ""source_name"": ""DOST-FNRI PhilFCT"", ""source_record_id"": ""D084"", ""source_url"": ""https://i.fnri.dost.gov.ph/fct/library/report/3363"", ""value_for_portion"": 0.8, ""value_per_100g"": 0.8}}"
EST_WORLD_20260918_032_V1,FC000642,"Oil, corn",10,ASSUMED_REFERENCE_MIXTURE,896.0,0.0,0.0,99.6,0.0,0.0,0.0,0.0,"{""carbs_g_100g"": {""label"": ""Verified"", ""source_name"": ""DOST-FNRI PhilFCT"", ""source_record_id"": ""K009"", ""source_url"": ""https://i.fnri.dost.gov.ph/fct/library/report/4269"", ""value_for_portion"": 0.0, ""value_per_100g"": 0.0}, ""cholesterol_mg_100g"": {""label"": ""Verified"", ""source_name"": ""DOST-FNRI PhilFCT"", ""source_record_id"": ""K009"", ""source_url"": ""https://i.fnri.dost.gov.ph/fct/library/report/4269"", ""value_for_portion"": 0.0, ""value_per_100g"": 0.0}, ""fat_g_100g"": {""label"": ""Verified"", ""source_name"": ""DOST-FNRI PhilFCT"", ""source_record_id"": ""K009"", ""source_url"": ""https://i.fnri.dost.gov.ph/fct/library/report/4269"", ""value_for_portion"": 99.6, ""value_per_100g"": 99.6}, ""fiber_g_100g"": {""label"": ""Verified"", ""source_name"": ""DOST-FNRI PhilFCT"", ""source_record_id"": ""K009"", ""source_url"": ""https://i.fnri.dost.gov.ph/fct/library/report/4269"", ""value_for_portion"": 0.0, ""value_per_100g"": 0.0}, ""kcal_100g"": {""label"": ""Verified"", ""source_name"": ""DOST-FNRI PhilFCT"", ""source_record_id"": ""K009"", ""source_url"": ""https://i.fnri.dost.gov.ph/fct/library/report/4269"", ""value_for_portion"": 896.0, ""value_per_100g"": 896.0}, ""protein_g_100g"": {""label"": ""Verified"", ""source_name"": ""DOST-FNRI PhilFCT"", ""source_record_id"": ""K009"", ""source_url"": ""https://i.fnri.dost.gov.ph/fct/library/report/4269"", ""value_for_portion"": 0.0, ""value_per_100g"": 0.0}, ""sodium_mg_100g"": {""label"": ""Verified"", ""source_name"": ""DOST-FNRI PhilFCT"", ""source_record_id"": ""K009"", ""source_url"": ""https://i.fnri.dost.gov.ph/fct/library/report/4269"", ""value_for_portion"": 0.0, ""value_per_100g"": 0.0}, ""sugar_g_100g"": {""label"": ""Verified"", ""source_name"": ""DOST-FNRI PhilFCT"", ""source_record_id"": ""K009"", ""source_url"": ""https://i.fnri.dost.gov.ph/fct/library/report/4269"", ""value_for_portion"": 0.0, ""value_per_100g"": 0.0}}"
EST_WORLD_20260918_032_V1,FC001783,"Spices, curry powder",3,ASSUMED_REFERENCE_MIXTURE,325.0,14.29,55.83,14.01,53.2,2.76,52.0,0.0,"{""carbs_g_100g"": {""label"": ""Other source"", ""source_name"": ""USDA FoodData Central SR Legacy"", ""source_record_id"": ""USDA_FC001783_170924"", ""source_url"": ""https://fdc.nal.usda.gov/food-details/170924/nutrients"", ""value_for_portion"": 55.83, ""value_per_100g"": 55.83}, ""cholesterol_mg_100g"": {""label"": ""Other source"", ""source_name"": ""USDA FoodData Central SR Legacy"", ""source_record_id"": ""USDA_FC001783_170924"", ""source_url"": ""https://fdc.nal.usda.gov/food-details/170924/nutrients"", ""value_for_portion"": 0.0, ""value_per_100g"": 0.0}, ""fat_g_100g"": {""label"": ""Other source"", ""source_name"": ""USDA FoodData Central SR Legacy"", ""source_record_id"": ""USDA_FC001783_170924"", ""source_url"": ""https://fdc.nal.usda.gov/food-details/170924/nutrients"", ""value_for_portion"": 14.01, ""value_per_100g"": 14.01}, ""fiber_g_100g"": {""label"": ""Other source"", ""source_name"": ""USDA FoodData Central SR Legacy"", ""source_record_id"": ""USDA_FC001783_170924"", ""source_url"": ""https://fdc.nal.usda.gov/food-details/170924/nutrients"", ""value_for_portion"": 53.2, ""value_per_100g"": 53.2}, ""kcal_100g"": {""label"": ""Other source"", ""source_name"": ""USDA FoodData Central SR Legacy"", ""source_record_id"": ""USDA_FC001783_170924"", ""source_url"": ""https://fdc.nal.usda.gov/food-details/170924/nutrients"", ""value_for_portion"": 325.0, ""value_per_100g"": 325.0}, ""protein_g_100g"": {""label"": ""Other source"", ""source_name"": ""USDA FoodData Central SR Legacy"", ""source_record_id"": ""USDA_FC001783_170924"", ""source_url"": ""https://fdc.nal.usda.gov/food-details/170924/nutrients"", ""value_for_portion"": 14.29, ""value_per_100g"": 14.29}, ""sodium_mg_100g"": {""label"": ""Other source"", ""source_name"": ""USDA FoodData Central SR Legacy"", ""source_record_id"": ""USDA_FC001783_170924"", ""source_url"": ""https://fdc.nal.usda.gov/food-details/170924/nutrients"", ""value_for_portion"": 52.0, ""value_per_100g"": 52.0}, ""sugar_g_100g"": {""label"": ""Other source"", ""source_name"": ""USDA FoodData Central SR Legacy"", ""source_record_id"": ""USDA_FC001783_170924"", ""source_url"": ""https://fdc.nal.usda.gov/food-details/170924/nutrients"", ""value_for_portion"": 2.76, ""value_per_100g"": 2.76}}"
EST_WORLD_20260918_032_V1,FC000612,"Salt, coarse",1,ASSUMED_REFERENCE_MIXTURE,0.0,0.0,0.0,0.0,0.0,0.0,34836.0,0.0,"{""carbs_g_100g"": {""label"": ""Verified"", ""source_name"": ""DOST-FNRI PhilFCT"", ""source_record_id"": ""N019"", ""source_url"": ""https://i.fnri.dost.gov.ph/fct/library/report/4342"", ""value_for_portion"": 0.0, ""value_per_100g"": 0.0}, ""cholesterol_mg_100g"": {""label"": ""Verified"", ""source_name"": ""DOST-FNRI PhilFCT"", ""source_record_id"": ""N019"", ""source_url"": ""https://i.fnri.dost.gov.ph/fct/library/report/4342"", ""value_for_portion"": 0.0, ""value_per_100g"": 0.0}, ""fat_g_100g"": {""label"": ""Verified"", ""source_name"": ""DOST-FNRI PhilFCT"", ""source_record_id"": ""N019"", ""source_url"": ""https://i.fnri.dost.gov.ph/fct/library/report/4342"", ""value_for_portion"": 0.0, ""value_per_100g"": 0.0}, ""fiber_g_100g"": {""label"": ""Verified"", ""source_name"": ""DOST-FNRI PhilFCT"", ""source_record_id"": ""N019"", ""source_url"": ""https://i.fnri.dost.gov.ph/fct/library/report/4342"", ""value_for_portion"": 0.0, ""value_per_100g"": 0.0}, ""kcal_100g"": {""label"": ""Verified"", ""source_name"": ""DOST-FNRI PhilFCT"", ""source_record_id"": ""N019"", ""source_url"": ""https://i.fnri.dost.gov.ph/fct/library/report/4342"", ""value_for_portion"": 0.0, ""value_per_100g"": 0.0}, ""protein_g_100g"": {""label"": ""Verified"", ""source_name"": ""DOST-FNRI PhilFCT"", ""source_record_id"": ""N019"", ""source_url"": ""https://i.fnri.dost.gov.ph/fct/library/report/4342"", ""value_for_portion"": 0.0, ""value_per_100g"": 0.0}, ""sodium_mg_100g"": {""label"": ""Verified"", ""source_name"": ""DOST-FNRI PhilFCT"", ""source_record_id"": ""N019"", ""source_url"": ""https://i.fnri.dost.gov.ph/fct/library/report/4342"", ""value_for_portion"": 34836.0, ""value_per_100g"": 34836.0}, ""sugar_g_100g"": {""label"": ""Verified"", ""source_name"": ""DOST-FNRI PhilFCT"", ""source_record_id"": ""N019"", ""source_url"": ""https://i.fnri.dost.gov.ph/fct/library/report/4342"", ""value_for_portion"": 0.0, ""value_per_100g"": 0.0}}"
EST_WORLD_20260918_033_V1,FC000001,"Rice, well-milled, boiled",220,ASSUMED_REFERENCE_MIXTURE,129.0,2.1,29.7,0.2,0.4,0.1,3.0,0.0,"{""carbs_g_100g"": {""label"": ""Verified"", ""source_name"": ""DOST-FNRI PhilFCT"", ""source_record_id"": ""A020"", ""source_url"": ""https://i.fnri.dost.gov.ph/fct/library/report/2982"", ""value_for_portion"": 29.7, ""value_per_100g"": 29.7}, ""cholesterol_mg_100g"": {""label"": ""Verified"", ""source_name"": ""DOST-FNRI PhilFCT"", ""source_record_id"": ""A020"", ""source_url"": ""https://i.fnri.dost.gov.ph/fct/library/report/2982"", ""value_for_portion"": 0.0, ""value_per_100g"": 0.0}, ""fat_g_100g"": {""label"": ""Verified"", ""source_name"": ""DOST-FNRI PhilFCT"", ""source_record_id"": ""A020"", ""source_url"": ""https://i.fnri.dost.gov.ph/fct/library/report/2982"", ""value_for_portion"": 0.2, ""value_per_100g"": 0.2}, ""fiber_g_100g"": {""label"": ""Verified"", ""source_name"": ""DOST-FNRI PhilFCT"", ""source_record_id"": ""A020"", ""source_url"": ""https://i.fnri.dost.gov.ph/fct/library/report/2982"", ""value_for_portion"": 0.4, ""value_per_100g"": 0.4}, ""kcal_100g"": {""label"": ""Verified"", ""source_name"": ""DOST-FNRI PhilFCT"", ""source_record_id"": ""A020"", ""source_url"": ""https://i.fnri.dost.gov.ph/fct/library/report/2982"", ""value_for_portion"": 129.0, ""value_per_100g"": 129.0}, ""protein_g_100g"": {""label"": ""Verified"", ""source_name"": ""DOST-FNRI PhilFCT"", ""source_record_id"": ""A020"", ""source_url"": ""https://i.fnri.dost.gov.ph/fct/library/report/2982"", ""value_for_portion"": 2.1, ""value_per_100g"": 2.1}, ""sodium_mg_100g"": {""label"": ""Verified"", ""source_name"": ""DOST-FNRI PhilFCT"", ""source_record_id"": ""A020"", ""source_url"": ""https://i.fnri.dost.gov.ph/fct/library/report/2982"", ""value_for_portion"": 3.0, ""value_per_100g"": 3.0}, ""sugar_g_100g"": {""label"": ""Verified"", ""source_name"": ""DOST-FNRI PhilFCT"", ""source_record_id"": ""A020"", ""source_url"": ""https://i.fnri.dost.gov.ph/fct/library/report/2982"", ""value_for_portion"": 0.1, ""value_per_100g"": 0.1}}"
EST_WORLD_20260918_033_V1,FC000382,"Chicken, white meat, boiled",130,ASSUMED_REFERENCE_MIXTURE,173.0,32.9,0.0,4.6,0.0,0.0,81.0,,"{""carbs_g_100g"": {""label"": ""Verified"", ""source_name"": ""DOST-FNRI PhilFCT"", ""source_record_id"": ""F111"", ""source_url"": ""https://i.fnri.dost.gov.ph/fct/library/report/3818"", ""value_for_portion"": 0.0, ""value_per_100g"": 0.0}, ""cholesterol_mg_100g"": {""label"": ""Unknown"", ""source_name"": null, ""source_record_id"": null, ""source_url"": null, ""value_for_portion"": null, ""value_per_100g"": null}, ""fat_g_100g"": {""label"": ""Verified"", ""source_name"": ""DOST-FNRI PhilFCT"", ""source_record_id"": ""F111"", ""source_url"": ""https://i.fnri.dost.gov.ph/fct/library/report/3818"", ""value_for_portion"": 4.6, ""value_per_100g"": 4.6}, ""fiber_g_100g"": {""label"": ""Verified"", ""source_name"": ""DOST-FNRI PhilFCT"", ""source_record_id"": ""F111"", ""source_url"": ""https://i.fnri.dost.gov.ph/fct/library/report/3818"", ""value_for_portion"": 0.0, ""value_per_100g"": 0.0}, ""kcal_100g"": {""label"": ""Verified"", ""source_name"": ""DOST-FNRI PhilFCT"", ""source_record_id"": ""F111"", ""source_url"": ""https://i.fnri.dost.gov.ph/fct/library/report/3818"", ""value_for_portion"": 173.0, ""value_per_100g"": 173.0}, ""protein_g_100g"": {""label"": ""Verified"", ""source_name"": ""DOST-FNRI PhilFCT"", ""source_record_id"": ""F111"", ""source_url"": ""https://i.fnri.dost.gov.ph/fct/library/report/3818"", ""value_for_portion"": 32.9, ""value_per_100g"": 32.9}, ""sodium_mg_100g"": {""label"": ""Verified"", ""source_name"": ""DOST-FNRI PhilFCT"", ""source_record_id"": ""F111"", ""source_url"": ""https://i.fnri.dost.gov.ph/fct/library/report/3818"", ""value_for_portion"": 81.0, ""value_per_100g"": 81.0}, ""sugar_g_100g"": {""label"": ""Verified"", ""source_name"": ""DOST-FNRI PhilFCT"", ""source_record_id"": ""F111"", ""source_url"": ""https://i.fnri.dost.gov.ph/fct/library/report/3818"", ""value_for_portion"": 0.0, ""value_per_100g"": 0.0}}"
EST_WORLD_20260918_033_V1,FC000642,"Oil, corn",12,ASSUMED_REFERENCE_MIXTURE,896.0,0.0,0.0,99.6,0.0,0.0,0.0,0.0,"{""carbs_g_100g"": {""label"": ""Verified"", ""source_name"": ""DOST-FNRI PhilFCT"", ""source_record_id"": ""K009"", ""source_url"": ""https://i.fnri.dost.gov.ph/fct/library/report/4269"", ""value_for_portion"": 0.0, ""value_per_100g"": 0.0}, ""cholesterol_mg_100g"": {""label"": ""Verified"", ""source_name"": ""DOST-FNRI PhilFCT"", ""source_record_id"": ""K009"", ""source_url"": ""https://i.fnri.dost.gov.ph/fct/library/report/4269"", ""value_for_portion"": 0.0, ""value_per_100g"": 0.0}, ""fat_g_100g"": {""label"": ""Verified"", ""source_name"": ""DOST-FNRI PhilFCT"", ""source_record_id"": ""K009"", ""source_url"": ""https://i.fnri.dost.gov.ph/fct/library/report/4269"", ""value_for_portion"": 99.6, ""value_per_100g"": 99.6}, ""fiber_g_100g"": {""label"": ""Verified"", ""source_name"": ""DOST-FNRI PhilFCT"", ""source_record_id"": ""K009"", ""source_url"": ""https://i.fnri.dost.gov.ph/fct/library/report/4269"", ""value_for_portion"": 0.0, ""value_per_100g"": 0.0}, ""kcal_100g"": {""label"": ""Verified"", ""source_name"": ""DOST-FNRI PhilFCT"", ""source_record_id"": ""K009"", ""source_url"": ""https://i.fnri.dost.gov.ph/fct/library/report/4269"", ""value_for_portion"": 896.0, ""value_per_100g"": 896.0}, ""protein_g_100g"": {""label"": ""Verified"", ""source_name"": ""DOST-FNRI PhilFCT"", ""source_record_id"": ""K009"", ""source_url"": ""https://i.fnri.dost.gov.ph/fct/library/report/4269"", ""value_for_portion"": 0.0, ""value_per_100g"": 0.0}, ""sodium_mg_100g"": {""label"": ""Verified"", ""source_name"": ""DOST-FNRI PhilFCT"", ""source_record_id"": ""K009"", ""source_url"": ""https://i.fnri.dost.gov.ph/fct/library/report/4269"", ""value_for_portion"": 0.0, ""value_per_100g"": 0.0}, ""sugar_g_100g"": {""label"": ""Verified"", ""source_name"": ""DOST-FNRI PhilFCT"", ""source_record_id"": ""K009"", ""source_url"": ""https://i.fnri.dost.gov.ph/fct/library/report/4269"", ""value_for_portion"": 0.0, ""value_per_100g"": 0.0}}"
EST_WORLD_20260918_033_V1,FC000317,Ginger,6,ASSUMED_REFERENCE_MIXTURE,46.0,1.1,8.5,0.8,1.1,0.9,3.0,0.0,"{""carbs_g_100g"": {""label"": ""Verified"", ""source_name"": ""DOST-FNRI PhilFCT"", ""source_record_id"": ""D304"", ""source_url"": ""https://i.fnri.dost.gov.ph/fct/library/report/5005"", ""value_for_portion"": 8.5, ""value_per_100g"": 8.5}, ""cholesterol_mg_100g"": {""label"": ""Verified"", ""source_name"": ""DOST-FNRI PhilFCT"", ""source_record_id"": ""D304"", ""source_url"": ""https://i.fnri.dost.gov.ph/fct/library/report/5005"", ""value_for_portion"": 0.0, ""value_per_100g"": 0.0}, ""fat_g_100g"": {""label"": ""Verified"", ""source_name"": ""DOST-FNRI PhilFCT"", ""source_record_id"": ""D304"", ""source_url"": ""https://i.fnri.dost.gov.ph/fct/library/report/5005"", ""value_for_portion"": 0.8, ""value_per_100g"": 0.8}, ""fiber_g_100g"": {""label"": ""Verified"", ""source_name"": ""DOST-FNRI PhilFCT"", ""source_record_id"": ""D304"", ""source_url"": ""https://i.fnri.dost.gov.ph/fct/library/report/5005"", ""value_for_portion"": 1.1, ""value_per_100g"": 1.1}, ""kcal_100g"": {""label"": ""Verified"", ""source_name"": ""DOST-FNRI PhilFCT"", ""source_record_id"": ""D304"", ""source_url"": ""https://i.fnri.dost.gov.ph/fct/library/report/5005"", ""value_for_portion"": 46.0, ""value_per_100g"": 46.0}, ""protein_g_100g"": {""label"": ""Verified"", ""source_name"": ""DOST-FNRI PhilFCT"", ""source_record_id"": ""D304"", ""source_url"": ""https://i.fnri.dost.gov.ph/fct/library/report/5005"", ""value_for_portion"": 1.1, ""value_per_100g"": 1.1}, ""sodium_mg_100g"": {""label"": ""Verified"", ""source_name"": ""DOST-FNRI PhilFCT"", ""source_record_id"": ""D304"", ""source_url"": ""https://i.fnri.dost.gov.ph/fct/library/report/5005"", ""value_for_portion"": 3.0, ""value_per_100g"": 3.0}, ""sugar_g_100g"": {""label"": ""Verified"", ""source_name"": ""DOST-FNRI PhilFCT"", ""source_record_id"": ""D304"", ""source_url"": ""https://i.fnri.dost.gov.ph/fct/library/report/5005"", ""value_for_portion"": 0.9, ""value_per_100g"": 0.9}}"
EST_WORLD_20260918_033_V1,FC000070,Garlic bulb,5,ASSUMED_REFERENCE_MIXTURE,129.0,7.0,24.6,0.3,1.7,0.8,10.0,0.0,"{""carbs_g_100g"": {""label"": ""Verified"", ""source_name"": ""DOST-FNRI PhilFCT"", ""source_record_id"": ""D084"", ""source_url"": ""https://i.fnri.dost.gov.ph/fct/library/report/3363"", ""value_for_portion"": 24.6, ""value_per_100g"": 24.6}, ""cholesterol_mg_100g"": {""label"": ""Verified"", ""source_name"": ""DOST-FNRI PhilFCT"", ""source_record_id"": ""D084"", ""source_url"": ""https://i.fnri.dost.gov.ph/fct/library/report/3363"", ""value_for_portion"": 0.0, ""value_per_100g"": 0.0}, ""fat_g_100g"": {""label"": ""Verified"", ""source_name"": ""DOST-FNRI PhilFCT"", ""source_record_id"": ""D084"", ""source_url"": ""https://i.fnri.dost.gov.ph/fct/library/report/3363"", ""value_for_portion"": 0.3, ""value_per_100g"": 0.3}, ""fiber_g_100g"": {""label"": ""Verified"", ""source_name"": ""DOST-FNRI PhilFCT"", ""source_record_id"": ""D084"", ""source_url"": ""https://i.fnri.dost.gov.ph/fct/library/report/3363"", ""value_for_portion"": 1.7, ""value_per_100g"": 1.7}, ""kcal_100g"": {""label"": ""Verified"", ""source_name"": ""DOST-FNRI PhilFCT"", ""source_record_id"": ""D084"", ""source_url"": ""https://i.fnri.dost.gov.ph/fct/library/report/3363"", ""value_for_portion"": 129.0, ""value_per_100g"": 129.0}, ""protein_g_100g"": {""label"": ""Verified"", ""source_name"": ""DOST-FNRI PhilFCT"", ""source_record_id"": ""D084"", ""source_url"": ""https://i.fnri.dost.gov.ph/fct/library/report/3363"", ""value_for_portion"": 7.0, ""value_per_100g"": 7.0}, ""sodium_mg_100g"": {""label"": ""Verified"", ""source_name"": ""DOST-FNRI PhilFCT"", ""source_record_id"": ""D084"", ""source_url"": ""https://i.fnri.dost.gov.ph/fct/library/report/3363"", ""value_for_portion"": 10.0, ""value_per_100g"": 10.0}, ""sugar_g_100g"": {""label"": ""Verified"", ""source_name"": ""DOST-FNRI PhilFCT"", ""source_record_id"": ""D084"", ""source_url"": ""https://i.fnri.dost.gov.ph/fct/library/report/3363"", ""value_for_portion"": 0.8, ""value_per_100g"": 0.8}}"
EST_WORLD_20260918_033_V1,FC000612,"Salt, coarse",1,ASSUMED_REFERENCE_MIXTURE,0.0,0.0,0.0,0.0,0.0,0.0,34836.0,0.0,"{""carbs_g_100g"": {""label"": ""Verified"", ""source_name"": ""DOST-FNRI PhilFCT"", ""source_record_id"": ""N019"", ""source_url"": ""https://i.fnri.dost.gov.ph/fct/library/report/4342"", ""value_for_portion"": 0.0, ""value_per_100g"": 0.0}, ""cholesterol_mg_100g"": {""label"": ""Verified"", ""source_name"": ""DOST-FNRI PhilFCT"", ""source_record_id"": ""N019"", ""source_url"": ""https://i.fnri.dost.gov.ph/fct/library/report/4342"", ""value_for_portion"": 0.0, ""value_per_100g"": 0.0}, ""fat_g_100g"": {""label"": ""Verified"", ""source_name"": ""DOST-FNRI PhilFCT"", ""source_record_id"": ""N019"", ""source_url"": ""https://i.fnri.dost.gov.ph/fct/library/report/4342"", ""value_for_portion"": 0.0, ""value_per_100g"": 0.0}, ""fiber_g_100g"": {""label"": ""Verified"", ""source_name"": ""DOST-FNRI PhilFCT"", ""source_record_id"": ""N019"", ""source_url"": ""https://i.fnri.dost.gov.ph/fct/library/report/4342"", ""value_for_portion"": 0.0, ""value_per_100g"": 0.0}, ""kcal_100g"": {""label"": ""Verified"", ""source_name"": ""DOST-FNRI PhilFCT"", ""source_record_id"": ""N019"", ""source_url"": ""https://i.fnri.dost.gov.ph/fct/library/report/4342"", ""value_for_portion"": 0.0, ""value_per_100g"": 0.0}, ""protein_g_100g"": {""label"": ""Verified"", ""source_name"": ""DOST-FNRI PhilFCT"", ""source_record_id"": ""N019"", ""source_url"": ""https://i.fnri.dost.gov.ph/fct/library/report/4342"", ""value_for_portion"": 0.0, ""value_per_100g"": 0.0}, ""sodium_mg_100g"": {""label"": ""Verified"", ""source_name"": ""DOST-FNRI PhilFCT"", ""source_record_id"": ""N019"", ""source_url"": ""https://i.fnri.dost.gov.ph/fct/library/report/4342"", ""value_for_portion"": 34836.0, ""value_per_100g"": 34836.0}, ""sugar_g_100g"": {""label"": ""Verified"", ""source_name"": ""DOST-FNRI PhilFCT"", ""source_record_id"": ""N019"", ""source_url"": ""https://i.fnri.dost.gov.ph/fct/library/report/4342"", ""value_for_portion"": 0.0, ""value_per_100g"": 0.0}}"
EST_WORLD_20260918_034_V1,FC000132,"Noodles, egg, cooked, enriched, with added salt",180,ASSUMED_REFERENCE_MIXTURE,138.0,4.54,25.16,2.07,1.2,0.4,165.0,29.0,"{""carbs_g_100g"": {""label"": ""Other source"", ""source_name"": ""USDA FoodData Central SR Legacy"", ""source_record_id"": ""USDA_FC000132_168919"", ""source_url"": ""https://fdc.nal.usda.gov/food-details/168919/nutrients"", ""value_for_portion"": 25.16, ""value_per_100g"": 25.16}, ""cholesterol_mg_100g"": {""label"": ""Other source"", ""source_name"": ""USDA FoodData Central SR Legacy"", ""source_record_id"": ""USDA_FC000132_168919"", ""source_url"": ""https://fdc.nal.usda.gov/food-details/168919/nutrients"", ""value_for_portion"": 29.0, ""value_per_100g"": 29.0}, ""fat_g_100g"": {""label"": ""Other source"", ""source_name"": ""USDA FoodData Central SR Legacy"", ""source_record_id"": ""USDA_FC000132_168919"", ""source_url"": ""https://fdc.nal.usda.gov/food-details/168919/nutrients"", ""value_for_portion"": 2.07, ""value_per_100g"": 2.07}, ""fiber_g_100g"": {""label"": ""Other source"", ""source_name"": ""USDA FoodData Central SR Legacy"", ""source_record_id"": ""USDA_FC000132_168919"", ""source_url"": ""https://fdc.nal.usda.gov/food-details/168919/nutrients"", ""value_for_portion"": 1.2, ""value_per_100g"": 1.2}, ""kcal_100g"": {""label"": ""Other source"", ""source_name"": ""USDA FoodData Central SR Legacy"", ""source_record_id"": ""USDA_FC000132_168919"", ""source_url"": ""https://fdc.nal.usda.gov/food-details/168919/nutrients"", ""value_for_portion"": 138.0, ""value_per_100g"": 138.0}, ""protein_g_100g"": {""label"": ""Other source"", ""source_name"": ""USDA FoodData Central SR Legacy"", ""source_record_id"": ""USDA_FC000132_168919"", ""source_url"": ""https://fdc.nal.usda.gov/food-details/168919/nutrients"", ""value_for_portion"": 4.54, ""value_per_100g"": 4.54}, ""sodium_mg_100g"": {""label"": ""Other source"", ""source_name"": ""USDA FoodData Central SR Legacy"", ""source_record_id"": ""USDA_FC000132_168919"", ""source_url"": ""https://fdc.nal.usda.gov/food-details/168919/nutrients"", ""value_for_portion"": 165.0, ""value_per_100g"": 165.0}, ""sugar_g_100g"": {""label"": ""Other source"", ""source_name"": ""USDA FoodData Central SR Legacy"", ""source_record_id"": ""USDA_FC000132_168919"", ""source_url"": ""https://fdc.nal.usda.gov/food-details/168919/nutrients"", ""value_for_portion"": 0.4, ""value_per_100g"": 0.4}}"
EST_WORLD_20260918_034_V1,FC000454,"Shrimp, banana prawn, boiled",60,ASSUMED_REFERENCE_MIXTURE,104.0,11.2,14.0,0.4,0.0,0.0,113.0,,"{""carbs_g_100g"": {""label"": ""Verified"", ""source_name"": ""DOST-FNRI PhilFCT"", ""source_record_id"": ""G114"", ""source_url"": ""https://i.fnri.dost.gov.ph/fct/library/report/4094"", ""value_for_portion"": 14.0, ""value_per_100g"": 14.0}, ""cholesterol_mg_100g"": {""label"": ""Unknown"", ""source_name"": null, ""source_record_id"": null, ""source_url"": null, ""value_for_portion"": null, ""value_per_100g"": null}, ""fat_g_100g"": {""label"": ""Verified"", ""source_name"": ""DOST-FNRI PhilFCT"", ""source_record_id"": ""G114"", ""source_url"": ""https://i.fnri.dost.gov.ph/fct/library/report/4094"", ""value_for_portion"": 0.4, ""value_per_100g"": 0.4}, ""fiber_g_100g"": {""label"": ""Verified"", ""source_name"": ""DOST-FNRI PhilFCT"", ""source_record_id"": ""G114"", ""source_url"": ""https://i.fnri.dost.gov.ph/fct/library/report/4094"", ""value_for_portion"": 0.0, ""value_per_100g"": 0.0}, ""kcal_100g"": {""label"": ""Verified"", ""source_name"": ""DOST-FNRI PhilFCT"", ""source_record_id"": ""G114"", ""source_url"": ""https://i.fnri.dost.gov.ph/fct/library/report/4094"", ""value_for_portion"": 104.0, ""value_per_100g"": 104.0}, ""protein_g_100g"": {""label"": ""Verified"", ""source_name"": ""DOST-FNRI PhilFCT"", ""source_record_id"": ""G114"", ""source_url"": ""https://i.fnri.dost.gov.ph/fct/library/report/4094"", ""value_for_portion"": 11.2, ""value_per_100g"": 11.2}, ""sodium_mg_100g"": {""label"": ""Verified"", ""source_name"": ""DOST-FNRI PhilFCT"", ""source_record_id"": ""G114"", ""source_url"": ""https://i.fnri.dost.gov.ph/fct/library/report/4094"", ""value_for_portion"": 113.0, ""value_per_100g"": 113.0}, ""sugar_g_100g"": {""label"": ""Verified"", ""source_name"": ""DOST-FNRI PhilFCT"", ""source_record_id"": ""G114"", ""source_url"": ""https://i.fnri.dost.gov.ph/fct/library/report/4094"", ""value_for_portion"": 0.0, ""value_per_100g"": 0.0}}"
EST_WORLD_20260918_034_V1,FC000097,Coconut milk,120,ASSUMED_REFERENCE_MIXTURE,343.0,5.5,1.9,34.8,2.1,,18.0,0.0,"{""carbs_g_100g"": {""label"": ""Verified"", ""source_name"": ""DOST-FNRI PhilFCT"", ""source_record_id"": ""K002"", ""source_url"": ""https://i.fnri.dost.gov.ph/fct/library/report/4262"", ""value_for_portion"": 1.9, ""value_per_100g"": 1.9}, ""cholesterol_mg_100g"": {""label"": ""Verified"", ""source_name"": ""DOST-FNRI PhilFCT"", ""source_record_id"": ""K002"", ""source_url"": ""https://i.fnri.dost.gov.ph/fct/library/report/4262"", ""value_for_portion"": 0.0, ""value_per_100g"": 0.0}, ""fat_g_100g"": {""label"": ""Verified"", ""source_name"": ""DOST-FNRI PhilFCT"", ""source_record_id"": ""K002"", ""source_url"": ""https://i.fnri.dost.gov.ph/fct/library/report/4262"", ""value_for_portion"": 34.8, ""value_per_100g"": 34.8}, ""fiber_g_100g"": {""label"": ""Verified"", ""source_name"": ""DOST-FNRI PhilFCT"", ""source_record_id"": ""K002"", ""source_url"": ""https://i.fnri.dost.gov.ph/fct/library/report/4262"", ""value_for_portion"": 2.1, ""value_per_100g"": 2.1}, ""kcal_100g"": {""label"": ""Verified"", ""source_name"": ""DOST-FNRI PhilFCT"", ""source_record_id"": ""K002"", ""source_url"": ""https://i.fnri.dost.gov.ph/fct/library/report/4262"", ""value_for_portion"": 343.0, ""value_per_100g"": 343.0}, ""protein_g_100g"": {""label"": ""Verified"", ""source_name"": ""DOST-FNRI PhilFCT"", ""source_record_id"": ""K002"", ""source_url"": ""https://i.fnri.dost.gov.ph/fct/library/report/4262"", ""value_for_portion"": 5.5, ""value_per_100g"": 5.5}, ""sodium_mg_100g"": {""label"": ""Verified"", ""source_name"": ""DOST-FNRI PhilFCT"", ""source_record_id"": ""K002"", ""source_url"": ""https://i.fnri.dost.gov.ph/fct/library/report/4262"", ""value_for_portion"": 18.0, ""value_per_100g"": 18.0}, ""sugar_g_100g"": {""label"": ""Unknown"", ""source_name"": null, ""source_record_id"": null, ""source_url"": null, ""value_for_portion"": null, ""value_per_100g"": null}}"
EST_WORLD_20260918_034_V1,FC001237,"Beverages, water, tap, drinking",180,ASSUMED_REFERENCE_MIXTURE,0.0,0.0,0.0,0.0,0.0,0.0,4.0,0.0,"{""carbs_g_100g"": {""label"": ""Other source"", ""source_name"": ""USDA FoodData Central SR Legacy"", ""source_record_id"": ""USDA_FC001237_173647"", ""source_url"": ""https://fdc.nal.usda.gov/food-details/173647/nutrients"", ""value_for_portion"": 0.0, ""value_per_100g"": 0.0}, ""cholesterol_mg_100g"": {""label"": ""Other source"", ""source_name"": ""USDA FoodData Central SR Legacy"", ""source_record_id"": ""USDA_FC001237_173647"", ""source_url"": ""https://fdc.nal.usda.gov/food-details/173647/nutrients"", ""value_for_portion"": 0.0, ""value_per_100g"": 0.0}, ""fat_g_100g"": {""label"": ""Other source"", ""source_name"": ""USDA FoodData Central SR Legacy"", ""source_record_id"": ""USDA_FC001237_173647"", ""source_url"": ""https://fdc.nal.usda.gov/food-details/173647/nutrients"", ""value_for_portion"": 0.0, ""value_per_100g"": 0.0}, ""fiber_g_100g"": {""label"": ""Other source"", ""source_name"": ""USDA FoodData Central SR Legacy"", ""source_record_id"": ""USDA_FC001237_173647"", ""source_url"": ""https://fdc.nal.usda.gov/food-details/173647/nutrients"", ""value_for_portion"": 0.0, ""value_per_100g"": 0.0}, ""kcal_100g"": {""label"": ""Other source"", ""source_name"": ""USDA FoodData Central SR Legacy"", ""source_record_id"": ""USDA_FC001237_173647"", ""source_url"": ""https://fdc.nal.usda.gov/food-details/173647/nutrients"", ""value_for_portion"": 0.0, ""value_per_100g"": 0.0}, ""protein_g_100g"": {""label"": ""Other source"", ""source_name"": ""USDA FoodData Central SR Legacy"", ""source_record_id"": ""USDA_FC001237_173647"", ""source_url"": ""https://fdc.nal.usda.gov/food-details/173647/nutrients"", ""value_for_portion"": 0.0, ""value_per_100g"": 0.0}, ""sodium_mg_100g"": {""label"": ""Other source"", ""source_name"": ""USDA FoodData Central SR Legacy"", ""source_record_id"": ""USDA_FC001237_173647"", ""source_url"": ""https://fdc.nal.usda.gov/food-details/173647/nutrients"", ""value_for_portion"": 4.0, ""value_per_100g"": 4.0}, ""sugar_g_100g"": {""label"": ""Other source"", ""source_name"": ""USDA FoodData Central SR Legacy"", ""source_record_id"": ""USDA_FC001237_173647"", ""source_url"": ""https://fdc.nal.usda.gov/food-details/173647/nutrients"", ""value_for_portion"": 0.0, ""value_per_100g"": 0.0}}"
EST_WORLD_20260918_034_V1,FC001783,"Spices, curry powder",5,ASSUMED_REFERENCE_MIXTURE,325.0,14.29,55.83,14.01,53.2,2.76,52.0,0.0,"{""carbs_g_100g"": {""label"": ""Other source"", ""source_name"": ""USDA FoodData Central SR Legacy"", ""source_record_id"": ""USDA_FC001783_170924"", ""source_url"": ""https://fdc.nal.usda.gov/food-details/170924/nutrients"", ""value_for_portion"": 55.83, ""value_per_100g"": 55.83}, ""cholesterol_mg_100g"": {""label"": ""Other source"", ""source_name"": ""USDA FoodData Central SR Legacy"", ""source_record_id"": ""USDA_FC001783_170924"", ""source_url"": ""https://fdc.nal.usda.gov/food-details/170924/nutrients"", ""value_for_portion"": 0.0, ""value_per_100g"": 0.0}, ""fat_g_100g"": {""label"": ""Other source"", ""source_name"": ""USDA FoodData Central SR Legacy"", ""source_record_id"": ""USDA_FC001783_170924"", ""source_url"": ""https://fdc.nal.usda.gov/food-details/170924/nutrients"", ""value_for_portion"": 14.01, ""value_per_100g"": 14.01}, ""fiber_g_100g"": {""label"": ""Other source"", ""source_name"": ""USDA FoodData Central SR Legacy"", ""source_record_id"": ""USDA_FC001783_170924"", ""source_url"": ""https://fdc.nal.usda.gov/food-details/170924/nutrients"", ""value_for_portion"": 53.2, ""value_per_100g"": 53.2}, ""kcal_100g"": {""label"": ""Other source"", ""source_name"": ""USDA FoodData Central SR Legacy"", ""source_record_id"": ""USDA_FC001783_170924"", ""source_url"": ""https://fdc.nal.usda.gov/food-details/170924/nutrients"", ""value_for_portion"": 325.0, ""value_per_100g"": 325.0}, ""protein_g_100g"": {""label"": ""Other source"", ""source_name"": ""USDA FoodData Central SR Legacy"", ""source_record_id"": ""USDA_FC001783_170924"", ""source_url"": ""https://fdc.nal.usda.gov/food-details/170924/nutrients"", ""value_for_portion"": 14.29, ""value_per_100g"": 14.29}, ""sodium_mg_100g"": {""label"": ""Other source"", ""source_name"": ""USDA FoodData Central SR Legacy"", ""source_record_id"": ""USDA_FC001783_170924"", ""source_url"": ""https://fdc.nal.usda.gov/food-details/170924/nutrients"", ""value_for_portion"": 52.0, ""value_per_100g"": 52.0}, ""sugar_g_100g"": {""label"": ""Other source"", ""source_name"": ""USDA FoodData Central SR Legacy"", ""source_record_id"": ""USDA_FC001783_170924"", ""source_url"": ""https://fdc.nal.usda.gov/food-details/170924/nutrients"", ""value_for_portion"": 2.76, ""value_per_100g"": 2.76}}"
EST_WORLD_20260918_034_V1,FC000100,Fish sauce,10,ASSUMED_REFERENCE_MIXTURE,49.0,10.6,0.9,0.3,0.0,,5061.0,0.0,"{""carbs_g_100g"": {""label"": ""Verified"", ""source_name"": ""DOST-FNRI PhilFCT"", ""source_record_id"": ""N011"", ""source_url"": ""https://i.fnri.dost.gov.ph/fct/library/report/4334"", ""value_for_portion"": 0.9, ""value_per_100g"": 0.9}, ""cholesterol_mg_100g"": {""label"": ""Verified"", ""source_name"": ""DOST-FNRI PhilFCT"", ""source_record_id"": ""N011"", ""source_url"": ""https://i.fnri.dost.gov.ph/fct/library/report/4334"", ""value_for_portion"": 0.0, ""value_per_100g"": 0.0}, ""fat_g_100g"": {""label"": ""Verified"", ""source_name"": ""DOST-FNRI PhilFCT"", ""source_record_id"": ""N011"", ""source_url"": ""https://i.fnri.dost.gov.ph/fct/library/report/4334"", ""value_for_portion"": 0.3, ""value_per_100g"": 0.3}, ""fiber_g_100g"": {""label"": ""Verified"", ""source_name"": ""DOST-FNRI PhilFCT"", ""source_record_id"": ""N011"", ""source_url"": ""https://i.fnri.dost.gov.ph/fct/library/report/4334"", ""value_for_portion"": 0.0, ""value_per_100g"": 0.0}, ""kcal_100g"": {""label"": ""Verified"", ""source_name"": ""DOST-FNRI PhilFCT"", ""source_record_id"": ""N011"", ""source_url"": ""https://i.fnri.dost.gov.ph/fct/library/report/4334"", ""value_for_portion"": 49.0, ""value_per_100g"": 49.0}, ""protein_g_100g"": {""label"": ""Verified"", ""source_name"": ""DOST-FNRI PhilFCT"", ""source_record_id"": ""N011"", ""source_url"": ""https://i.fnri.dost.gov.ph/fct/library/report/4334"", ""value_for_portion"": 10.6, ""value_per_100g"": 10.6}, ""sodium_mg_100g"": {""label"": ""Verified"", ""source_name"": ""DOST-FNRI PhilFCT"", ""source_record_id"": ""N011"", ""source_url"": ""https://i.fnri.dost.gov.ph/fct/library/report/4334"", ""value_for_portion"": 5061.0, ""value_per_100g"": 5061.0}, ""sugar_g_100g"": {""label"": ""Unknown"", ""source_name"": null, ""source_record_id"": null, ""source_url"": null, ""value_for_portion"": null, ""value_per_100g"": null}}"
EST_WORLD_20260918_034_V1,FC000642,"Oil, corn",7,ASSUMED_REFERENCE_MIXTURE,896.0,0.0,0.0,99.6,0.0,0.0,0.0,0.0,"{""carbs_g_100g"": {""label"": ""Verified"", ""source_name"": ""DOST-FNRI PhilFCT"", ""source_record_id"": ""K009"", ""source_url"": ""https://i.fnri.dost.gov.ph/fct/library/report/4269"", ""value_for_portion"": 0.0, ""value_per_100g"": 0.0}, ""cholesterol_mg_100g"": {""label"": ""Verified"", ""source_name"": ""DOST-FNRI PhilFCT"", ""source_record_id"": ""K009"", ""source_url"": ""https://i.fnri.dost.gov.ph/fct/library/report/4269"", ""value_for_portion"": 0.0, ""value_per_100g"": 0.0}, ""fat_g_100g"": {""label"": ""Verified"", ""source_name"": ""DOST-FNRI PhilFCT"", ""source_record_id"": ""K009"", ""source_url"": ""https://i.fnri.dost.gov.ph/fct/library/report/4269"", ""value_for_portion"": 99.6, ""value_per_100g"": 99.6}, ""fiber_g_100g"": {""label"": ""Verified"", ""source_name"": ""DOST-FNRI PhilFCT"", ""source_record_id"": ""K009"", ""source_url"": ""https://i.fnri.dost.gov.ph/fct/library/report/4269"", ""value_for_portion"": 0.0, ""value_per_100g"": 0.0}, ""kcal_100g"": {""label"": ""Verified"", ""source_name"": ""DOST-FNRI PhilFCT"", ""source_record_id"": ""K009"", ""source_url"": ""https://i.fnri.dost.gov.ph/fct/library/report/4269"", ""value_for_portion"": 896.0, ""value_per_100g"": 896.0}, ""protein_g_100g"": {""label"": ""Verified"", ""source_name"": ""DOST-FNRI PhilFCT"", ""source_record_id"": ""K009"", ""source_url"": ""https://i.fnri.dost.gov.ph/fct/library/report/4269"", ""value_for_portion"": 0.0, ""value_per_100g"": 0.0}, ""sodium_mg_100g"": {""label"": ""Verified"", ""source_name"": ""DOST-FNRI PhilFCT"", ""source_record_id"": ""K009"", ""source_url"": ""https://i.fnri.dost.gov.ph/fct/library/report/4269"", ""value_for_portion"": 0.0, ""value_per_100g"": 0.0}, ""sugar_g_100g"": {""label"": ""Verified"", ""source_name"": ""DOST-FNRI PhilFCT"", ""source_record_id"": ""K009"", ""source_url"": ""https://i.fnri.dost.gov.ph/fct/library/report/4269"", ""value_for_portion"": 0.0, ""value_per_100g"": 0.0}}"
